Log file open, 11/23/25 12:14:52
LogWindows: Failed to load 'aqProf.dll' (GetLastError=126)
LogWindows: File 'aqProf.dll' does not exist
LogWindows: Failed to load 'VtuneApi.dll' (GetLastError=126)
LogWindows: File 'VtuneApi.dll' does not exist
LogWindows: Failed to load 'VtuneApi32e.dll' (GetLastError=126)
LogWindows: File 'VtuneApi32e.dll' does not exist
LogConsoleResponse: Display: Failed to find resolution value strings in scalability ini. Falling back to default.
LogConsoleResponse: Display: Failed to find resolution value strings in scalability ini. Falling back to default.
LogInit: Display: Running engine for game: ColunaDoendoSamurai
LogPlatformFile: Not using cached read wrapper
LogTaskGraph: Started task graph with 5 named threads and 23 total threads with 3 sets of task threads.
LogStats: Stats thread started at 2.079184
LogICUInternationalization: ICU TimeZone Detection - Raw Offset: -3:00, Platform Override: ''
LogInit: Display: Loading text-based GConfig....
LogPluginManager: Mounting plugin MeshPainting
LogPluginManager: Mounting plugin XGEController
LogPluginManager: Mounting plugin Paper2D
LogPluginManager: Mounting plugin AISupport
LogPluginManager: Mounting plugin EnvironmentQueryEditor
LogPluginManager: Mounting plugin GameplayCameras
LogPluginManager: Mounting plugin LightPropagationVolume
LogPluginManager: Mounting plugin CameraShakePreviewer
LogPluginManager: Mounting plugin LiveLink
LogPluginManager: Mounting plugin OodleData
LogPluginManager: Mounting plugin AnimationSharing
LogPluginManager: Mounting plugin OodleNetwork
LogPluginManager: Mounting plugin CodeLiteSourceCodeAccess
LogPluginManager: Mounting plugin CLionSourceCodeAccess
LogPluginManager: Mounting plugin KDevelopSourceCodeAccess
LogPluginManager: Mounting plugin GitSourceControl
LogPluginManager: Mounting plugin NullSourceCodeAccess
LogPluginManager: Mounting plugin PerforceSourceControl
LogPluginManager: Mounting plugin PixWinPlugin
LogPluginManager: Mounting plugin PlasticSourceControl
LogPluginManager: Mounting plugin PluginUtils
LogPluginManager: Mounting plugin PropertyAccessNode
LogPluginManager: Mounting plugin RiderSourceCodeAccess
LogPluginManager: Mounting plugin SubversionSourceControl
LogPluginManager: Mounting plugin TextureFormatOodle
LogPluginManager: Mounting plugin UObjectPlugin
LogPluginManager: Mounting plugin VisualStudioCodeSourceCodeAccess
LogPluginManager: Mounting plugin VisualStudioSourceCodeAccess
LogPluginManager: Mounting plugin XCodeSourceCodeAccess
LogPluginManager: Mounting plugin DatasmithContent
LogPluginManager: Mounting plugin VariantManagerContent
LogPluginManager: Mounting plugin AssetManagerEditor
LogPluginManager: Mounting plugin AlembicImporter
LogPluginManager: Mounting plugin AutomationUtils
LogPluginManager: Mounting plugin BackChannel
LogPluginManager: Mounting plugin ChaosCloth
LogPluginManager: Mounting plugin CryptoKeys
LogPluginManager: Mounting plugin ChaosClothEditor
LogPluginManager: Mounting plugin ChaosEditor
LogPluginManager: Mounting plugin ChaosSolverPlugin
LogPluginManager: Mounting plugin CurveEditorTools
LogPluginManager: Mounting plugin ChaosNiagara
LogPluginManager: Mounting plugin DataValidation
LogPluginManager: Mounting plugin CharacterAI
LogPluginManager: Mounting plugin FacialAnimation
LogPluginManager: Mounting plugin GameplayTagsEditor
LogPluginManager: Mounting plugin GeometryMode
LogPluginManager: Mounting plugin MacGraphicsSwitching
LogPluginManager: Mounting plugin MaterialAnalyzer
LogPluginManager: Mounting plugin GeometryCache
LogPluginManager: Mounting plugin MobileLauncherProfileWizard
LogPluginManager: Mounting plugin PluginBrowser
LogPluginManager: Mounting plugin GeometryCollectionPlugin
LogPluginManager: Mounting plugin SpeedTreeImporter
LogPluginManager: Mounting plugin GeometryProcessing
LogPluginManager: Mounting plugin Niagara
LogPluginManager: Mounting plugin MotoSynth
LogPluginManager: Mounting plugin OpenImageDenoise
LogPluginManager: Mounting plugin PlanarCut
LogPluginManager: Mounting plugin PlatformCrypto
LogPluginManager: Mounting plugin ProxyLODPlugin
LogPluginManager: Mounting plugin PythonScriptPlugin
LogPluginManager: Mounting plugin SkeletalReduction
LogPluginManager: Mounting plugin LuminPlatformFeatures
LogPluginManager: Mounting plugin MagicLeap
LogPluginManager: Mounting plugin MagicLeapLightEstimation
LogPluginManager: Mounting plugin MagicLeapMedia
LogPluginManager: Mounting plugin MagicLeapPassableWorld
LogPluginManager: Mounting plugin MLSDK
LogPluginManager: Mounting plugin AndroidMedia
LogPluginManager: Mounting plugin AvfMedia
LogPluginManager: Mounting plugin ImgMedia
LogPluginManager: Mounting plugin MediaCompositing
LogPluginManager: Mounting plugin MediaPlayerEditor
LogPluginManager: Mounting plugin WmfMedia
LogPluginManager: Mounting plugin WebMMedia
LogPluginManager: Mounting plugin TcpMessaging
LogPluginManager: Mounting plugin UdpMessaging
LogPluginManager: Mounting plugin ActorSequence
LogPluginManager: Mounting plugin MatineeToLevelSequence
LogPluginManager: Mounting plugin LevelSequenceEditor
LogPluginManager: Mounting plugin TemplateSequence
LogPluginManager: Mounting plugin OnlineSubsystem
LogPluginManager: Mounting plugin OnlineSubsystemNull
LogPluginManager: Mounting plugin OnlineSubsystemUtils
LogPluginManager: Mounting plugin LauncherChunkInstaller
LogPluginManager: Mounting plugin ActorLayerUtilities
LogPluginManager: Mounting plugin AndroidDeviceProfileSelector
LogPluginManager: Mounting plugin AndroidMoviePlayer
LogPluginManager: Mounting plugin ScreenshotTools
LogPluginManager: Mounting plugin AndroidPermission
LogPluginManager: Mounting plugin AppleImageUtils
LogPluginManager: Mounting plugin AppleMoviePlayer
LogPluginManager: Mounting plugin ArchVisCharacter
LogPluginManager: Mounting plugin AssetTags
LogPluginManager: Mounting plugin AudioSynesthesia
LogPluginManager: Mounting plugin AudioCapture
LogPluginManager: Mounting plugin CableComponent
LogPluginManager: Mounting plugin ChunkDownloader
LogPluginManager: Mounting plugin CustomMeshComponent
LogPluginManager: Mounting plugin ExampleDeviceProfileSelector
LogPluginManager: Mounting plugin EditableMesh
LogPluginManager: Mounting plugin GoogleCloudMessaging
LogPluginManager: Mounting plugin GooglePAD
LogPluginManager: Mounting plugin IOSDeviceProfileSelector
LogPluginManager: Mounting plugin LinuxDeviceProfileSelector
LogPluginManager: Mounting plugin LocationServicesBPLibrary
LogPluginManager: Mounting plugin MobilePatchingUtils
LogPluginManager: Mounting plugin OpenXREyeTracker
LogPluginManager: Mounting plugin OpenXR
LogPluginManager: Mounting plugin OpenXRHandTracking
LogPluginManager: Mounting plugin PhysXVehicles
LogPluginManager: Mounting plugin PostSplashScreen
LogPluginManager: Mounting plugin ProceduralMeshComponent
LogPluginManager: Mounting plugin PropertyAccessEditor
LogPluginManager: Mounting plugin RuntimePhysXCooking
LogPluginManager: Mounting plugin SignificanceManager
LogPluginManager: Mounting plugin SoundFields
LogPluginManager: Mounting plugin Synthesis
LogPluginManager: Mounting plugin WebMMoviePlayer
LogPluginManager: Mounting plugin WindowsMoviePlayer
LogPluginManager: Mounting plugin Takes
LogPluginManager: Mounting plugin ContentBrowserAssetDataSource
LogPluginManager: Mounting plugin ContentBrowserClassDataSource
LogPluginManager: Mounting plugin ContentBrowserFileDataSource
LogPluginManager: Mounting plugin OnlineSubsystemGooglePlay
LogPluginManager: Mounting plugin OnlineSubsystemIOS
LogPluginManager: Mounting plugin OculusVR
LogPluginManager: Mounting plugin SteamVR
PixWinPlugin: PIX capture plugin failed to initialize! Check that the process is launched from PIX.
LogInit: Using libcurl 7.55.1-DEV
LogInit:  - built for x86_64-pc-win32
LogInit:  - supports SSL with OpenSSL/1.1.1
LogInit:  - supports HTTP deflate (compression) using libz 1.2.8
LogInit:  - other features:
LogInit:      CURL_VERSION_SSL
LogInit:      CURL_VERSION_LIBZ
LogInit:      CURL_VERSION_IPV6
LogInit:      CURL_VERSION_ASYNCHDNS
LogInit:      CURL_VERSION_LARGEFILE
LogInit:      CURL_VERSION_IDN
LogInit:  CurlRequestOptions (configurable via config and command line):
LogInit:  - bVerifyPeer = true  - Libcurl will verify peer certificate
LogInit:  - bUseHttpProxy = false  - Libcurl will NOT use HTTP proxy
LogInit:  - bDontReuseConnections = false  - Libcurl will reuse connections
LogInit:  - MaxHostConnections = 16  - Libcurl will limit the number of connections to a host
LogInit:  - LocalHostAddr = Default
LogInit:  - BufferSize = 65536
LogOnline: OSS: Creating online subsystem instance for: NULL
LogInit: WinSock: version 1.1 (2.2), MaxSocks=32767, MaxUdp=65467
LogOnline: OSS: TryLoadSubsystemAndSetDefault: Loaded subsystem for module [NULL]
LogOculusPluginWrapper: OculusPlugin initialized successfully
LogHMD: Failed initializing OVRPlugin 1.59.0
LogInit: Build: ++UE4+Release-4.27-CL-18319896
LogInit: Engine Version: 4.27.2-18319896+++UE4+Release-4.27
LogInit: Compatible Engine Version: 4.27.0-17155196+++UE4+Release-4.27
LogInit: Net CL: 17155196
LogInit: OS: Windows 10 (Release 2009) (), CPU: AMD Ryzen 7 3750H with Radeon Vega Mobile Gfx  , GPU: AMD Radeon(TM) RX Vega 10 Graphics 
LogInit: Compiled (64-bit): Nov 30 2021 07:12:08
LogInit: Compiled with Visual C++: 19.24.28315.00
LogInit: Build Configuration: Development
LogInit: Branch Name: ++UE4+Release-4.27
LogInit: Command Line: 
LogInit: Base Directory: C:/Genshin/UE_4.27/Engine/Binaries/Win64/
LogInit: Allocator: TBB
LogInit: Installed Engine Build: 1
LogDevObjectVersion: Number of dev versions registered: 29
LogDevObjectVersion:   Dev-Blueprints (B0D832E4-1F89-4F0D-ACCF-7EB736FD4AA2): 10
LogDevObjectVersion:   Dev-Build (E1C64328-A22C-4D53-A36C-8E866417BD8C): 0
LogDevObjectVersion:   Dev-Core (375EC13C-06E4-48FB-B500-84F0262A717E): 4
LogDevObjectVersion:   Dev-Editor (E4B068ED-F494-42E9-A231-DA0B2E46BB41): 40
LogDevObjectVersion:   Dev-Framework (CFFC743F-43B0-4480-9391-14DF171D2073): 37
LogDevObjectVersion:   Dev-Mobile (B02B49B5-BB20-44E9-A304-32B752E40360): 3
LogDevObjectVersion:   Dev-Networking (A4E4105C-59A1-49B5-A7C5-40C4547EDFEE): 0
LogDevObjectVersion:   Dev-Online (39C831C9-5AE6-47DC-9A44-9C173E1C8E7C): 0
LogDevObjectVersion:   Dev-Physics (78F01B33-EBEA-4F98-B9B4-84EACCB95AA2): 14
LogDevObjectVersion:   Dev-Platform (6631380F-2D4D-43E0-8009-CF276956A95A): 0
LogDevObjectVersion:   Dev-Rendering (12F88B9F-8875-4AFC-A67C-D90C383ABD29): 45
LogDevObjectVersion:   Dev-Sequencer (7B5AE74C-D270-4C10-A958-57980B212A5A): 13
LogDevObjectVersion:   Dev-VR (D7296918-1DD6-4BDD-9DE2-64A83CC13884): 3
LogDevObjectVersion:   Dev-LoadTimes (C2A15278-BFE7-4AFE-6C17-90FF531DF755): 1
LogDevObjectVersion:   Private-Geometry (6EACA3D4-40EC-4CC1-B786-8BED09428FC5): 3
LogDevObjectVersion:   Dev-AnimPhys (29E575DD-E0A3-4627-9D10-D276232CDCEA): 17
LogDevObjectVersion:   Dev-Anim (AF43A65D-7FD3-4947-9873-3E8ED9C1BB05): 15
LogDevObjectVersion:   Dev-ReflectionCapture (6B266CEC-1EC7-4B8F-A30B-E4D90942FC07): 1
LogDevObjectVersion:   Dev-Automation (0DF73D61-A23F-47EA-B727-89E90C41499A): 1
LogDevObjectVersion:   FortniteMain (601D1886-AC64-4F84-AA16-D3DE0DEAC7D6): 47
LogDevObjectVersion:   FortniteRelease (E7086368-6B23-4C58-8439-1B7016265E91): 1
LogDevObjectVersion:   Dev-Enterprise (9DFFBCD6-494F-0158-E221-12823C92A888): 10
LogDevObjectVersion:   Dev-Niagara (F2AED0AC-9AFE-416F-8664-AA7FFA26D6FC): 1
LogDevObjectVersion:   Dev-Destruction (174F1F0B-B4C6-45A5-B13F-2EE8D0FB917D): 10
LogDevObjectVersion:   Dev-Physics-Ext (35F94A83-E258-406C-A318-09F59610247C): 41
LogDevObjectVersion:   Dev-PhysicsMaterial-Chaos (B68FC16E-8B1B-42E2-B453-215C058844FE): 1
LogDevObjectVersion:   Dev-CineCamera (B2E18506-4273-CFC2-A54E-F4BB758BBA07): 1
LogDevObjectVersion:   Dev-VirtualProduction (64F58936-FD1B-42BA-BA96-7289D5D0FA4E): 1
LogDevObjectVersion:   Dev-MediaFramework (6F0ED827-A609-4895-9C91-998D90180EA4): 2
LogInit: Presizing for max 25165824 objects, including 0 objects not considered by GC, pre-allocating 0 bytes for permanent pool.
LogConfig: Applying CVar settings from Section [/Script/Engine.StreamingSettings] File [E:/Unreal/Fumec_DevGames/Saved/Config/Windows/Engine.ini]
LogConfig: Setting CVar [[s.MinBulkDataSizeForAsyncLoading:131072]]
LogConfig: Setting CVar [[s.AsyncLoadingThreadEnabled:0]]
LogConfig: Setting CVar [[s.EventDrivenLoaderEnabled:1]]
LogConfig: Setting CVar [[s.WarnIfTimeLimitExceeded:0]]
LogConfig: Setting CVar [[s.TimeLimitExceededMultiplier:1.5]]
LogConfig: Setting CVar [[s.TimeLimitExceededMinTime:0.005]]
LogConfig: Setting CVar [[s.UseBackgroundLevelStreaming:1]]
LogConfig: Setting CVar [[s.PriorityAsyncLoadingExtraTime:15.0]]
LogConfig: Setting CVar [[s.LevelStreamingActorsUpdateTimeLimit:5.0]]
LogConfig: Setting CVar [[s.PriorityLevelStreamingActorsUpdateExtraTime:5.0]]
LogConfig: Setting CVar [[s.LevelStreamingComponentsRegistrationGranularity:10]]
LogConfig: Setting CVar [[s.UnregisterComponentsTimeLimit:1.0]]
LogConfig: Setting CVar [[s.LevelStreamingComponentsUnregistrationGranularity:5]]
LogConfig: Setting CVar [[s.FlushStreamingOnExit:1]]
LogInit: Object subsystem initialized
LogConfig: Setting CVar [[con.DebugEarlyDefault:1]]
LogConfig: Setting CVar [[r.setres:1280x720]]
[2025.11.23-15.14.53:862][  0]LogConfig: Setting CVar [[r.VSync:0]]
[2025.11.23-15.14.53:862][  0]LogConfig: Setting CVar [[r.RHICmdBypass:0]]
[2025.11.23-15.14.53:862][  0]LogConfig: Applying CVar settings from Section [/Script/Engine.RendererSettings] File [E:/Unreal/Fumec_DevGames/Saved/Config/Windows/Engine.ini]
[2025.11.23-15.14.53:862][  0]LogConfig: Setting CVar [[r.GPUCrashDebugging:0]]
[2025.11.23-15.14.53:862][  0]LogConfig: Setting CVar [[r.Mobile.DisableVertexFog:1]]
[2025.11.23-15.14.53:862][  0]LogConfig: Setting CVar [[r.Shadow.CSM.MaxMobileCascades:2]]
[2025.11.23-15.14.53:862][  0]LogConfig: Setting CVar [[r.MobileMSAA:1]]
[2025.11.23-15.14.53:862][  0]LogConfig: Setting CVar [[r.Mobile.AllowDitheredLODTransition:0]]
[2025.11.23-15.14.53:862][  0]LogConfig: Setting CVar [[r.Mobile.AllowSoftwareOcclusion:0]]
[2025.11.23-15.14.53:862][  0]LogConfig: Setting CVar [[r.Mobile.VirtualTextures:0]]
[2025.11.23-15.14.53:862][  0]LogConfig: Setting CVar [[r.DiscardUnusedQuality:0]]
[2025.11.23-15.14.53:862][  0]LogConfig: Setting CVar [[r.AllowOcclusionQueries:1]]
[2025.11.23-15.14.53:862][  0]LogConfig: Setting CVar [[r.MinScreenRadiusForLights:0.030000]]
[2025.11.23-15.14.53:862][  0]LogConfig: Setting CVar [[r.MinScreenRadiusForDepthPrepass:0.030000]]
[2025.11.23-15.14.53:862][  0]LogConfig: Setting CVar [[r.MinScreenRadiusForCSMDepth:0.010000]]
[2025.11.23-15.14.53:862][  0]LogConfig: Setting CVar [[r.PrecomputedVisibilityWarning:0]]
[2025.11.23-15.14.53:862][  0]LogConfig: Setting CVar [[r.TextureStreaming:1]]
[2025.11.23-15.14.53:862][  0]LogConfig: Setting CVar [[Compat.UseDXT5NormalMaps:0]]
[2025.11.23-15.14.53:862][  0]LogConfig: Setting CVar [[r.VirtualTextures:0]]
[2025.11.23-15.14.53:862][  0]LogConfig: Setting CVar [[r.VT.EnableAutoImport:1]]
[2025.11.23-15.14.53:862][  0]LogConfig: Setting CVar [[r.VirtualTexturedLightmaps:0]]
[2025.11.23-15.14.53:862][  0]LogConfig: Setting CVar [[r.VT.TileSize:128]]
[2025.11.23-15.14.53:862][  0]LogConfig: Setting CVar [[r.VT.TileBorderSize:4]]
[2025.11.23-15.14.53:862][  0]LogConfig: Setting CVar [[r.vt.FeedbackFactor:16]]
[2025.11.23-15.14.53:862][  0]LogConfig: Setting CVar [[r.VT.EnableCompressZlib:1]]
[2025.11.23-15.14.53:862][  0]LogConfig: Setting CVar [[r.VT.EnableCompressCrunch:0]]
[2025.11.23-15.14.53:862][  0]LogConfig: Setting CVar [[r.ClearCoatNormal:0]]
[2025.11.23-15.14.53:862][  0]LogConfig: Setting CVar [[r.ReflectionCaptureResolution:128]]
[2025.11.23-15.14.53:862][  0]LogConfig: Setting CVar [[r.Mobile.ReflectionCaptureCompression:0]]
[2025.11.23-15.14.53:862][  0]LogConfig: Setting CVar [[r.ReflectionEnvironmentLightmapMixBasedOnRoughness:1]]
[2025.11.23-15.14.53:862][  0]LogConfig: Setting CVar [[r.ForwardShading:0]]
[2025.11.23-15.14.53:862][  0]LogConfig: Setting CVar [[r.VertexFoggingForOpaque:1]]
[2025.11.23-15.14.53:862][  0]LogConfig: Setting CVar [[r.AllowStaticLighting:1]]
[2025.11.23-15.14.53:862][  0]LogConfig: Setting CVar [[r.NormalMapsForStaticLighting:0]]
[2025.11.23-15.14.53:862][  0]LogConfig: Setting CVar [[r.GenerateMeshDistanceFields:0]]
[2025.11.23-15.14.53:862][  0]LogConfig: Setting CVar [[r.DistanceFieldBuild.EightBit:0]]
[2025.11.23-15.14.53:862][  0]LogConfig: Setting CVar [[r.GenerateLandscapeGIData:0]]
[2025.11.23-15.14.53:862][  0]LogConfig: Setting CVar [[r.DistanceFieldBuild.Compress:0]]
[2025.11.23-15.14.53:862][  0]LogConfig: Setting CVar [[r.TessellationAdaptivePixelsPerTriangle:48.000000]]
[2025.11.23-15.14.53:862][  0]LogConfig: Setting CVar [[r.SeparateTranslucency:1]]
[2025.11.23-15.14.53:862][  0]LogConfig: Setting CVar [[r.TranslucentSortPolicy:0]]
[2025.11.23-15.14.53:862][  0]LogConfig: Setting CVar [[vr.VRS.HMDFixedFoveationLevel:0]]
[2025.11.23-15.14.53:862][  0]LogConfig: Setting CVar [[r.CustomDepth:1]]
[2025.11.23-15.14.53:862][  0]LogConfig: Setting CVar [[r.CustomDepthTemporalAAJitter:1]]
[2025.11.23-15.14.53:862][  0]LogConfig: Setting CVar [[r.PostProcessing.PropagateAlpha:0]]
[2025.11.23-15.14.53:862][  0]LogConfig: Setting CVar [[r.DefaultFeature.Bloom:1]]
[2025.11.23-15.14.53:862][  0]LogConfig: Setting CVar [[r.DefaultFeature.AmbientOcclusion:1]]
[2025.11.23-15.14.53:862][  0]LogConfig: Setting CVar [[r.DefaultFeature.AmbientOcclusionStaticFraction:1]]
[2025.11.23-15.14.53:862][  0]LogConfig: Setting CVar [[r.DefaultFeature.AutoExposure:0]]
[2025.11.23-15.14.53:862][  0]LogConfig: Setting CVar [[r.DefaultFeature.AutoExposure.Method:0]]
[2025.11.23-15.14.53:862][  0]LogConfig: Setting CVar [[r.DefaultFeature.AutoExposure.Bias:1.000000]]
[2025.11.23-15.14.53:862][  0]LogConfig: Setting CVar [[r.DefaultFeature.AutoExposure.ExtendDefaultLuminanceRange:0]]
[2025.11.23-15.14.53:862][  0]LogConfig: Setting CVar [[r.UsePreExposure:1]]
[2025.11.23-15.14.53:862][  0]LogConfig: Setting CVar [[r.EyeAdaptation.EditorOnly:0]]
[2025.11.23-15.14.53:862][  0]LogConfig: Setting CVar [[r.DefaultFeature.MotionBlur:0]]
[2025.11.23-15.14.53:862][  0]LogConfig: Setting CVar [[r.DefaultFeature.LensFlare:0]]
[2025.11.23-15.14.53:862][  0]LogConfig: Setting CVar [[r.TemporalAA.Upsampling:0]]
[2025.11.23-15.14.53:862][  0]LogConfig: Setting CVar [[r.SSGI.Enable:0]]
[2025.11.23-15.14.53:862][  0]LogConfig: Setting CVar [[r.DefaultFeature.AntiAliasing:0]]
[2025.11.23-15.14.53:862][  0]LogConfig: Setting CVar [[r.DefaultFeature.LightUnits:1]]
[2025.11.23-15.14.53:862][  0]LogConfig: Setting CVar [[r.DefaultBackBufferPixelFormat:4]]
[2025.11.23-15.14.53:862][  0]LogConfig: Setting CVar [[r.Shadow.UnbuiltPreviewInGame:1]]
[2025.11.23-15.14.53:862][  0]LogConfig: Setting CVar [[r.StencilForLODDither:0]]
[2025.11.23-15.14.53:862][  0]LogConfig: Setting CVar [[r.EarlyZPass:3]]
[2025.11.23-15.14.53:862][  0]LogConfig: Setting CVar [[r.EarlyZPassOnlyMaterialMasking:0]]
[2025.11.23-15.14.53:862][  0]LogConfig: Setting CVar [[r.DBuffer:1]]
[2025.11.23-15.14.53:862][  0]LogConfig: Setting CVar [[r.ClearSceneMethod:1]]
[2025.11.23-15.14.53:862][  0]LogConfig: Setting CVar [[r.BasePassOutputsVelocity:0]]
[2025.11.23-15.14.53:862][  0]LogConfig: Setting CVar [[r.VertexDeformationOutputsVelocity:0]]
[2025.11.23-15.14.53:862][  0]LogConfig: Setting CVar [[r.SelectiveBasePassOutputs:0]]
[2025.11.23-15.14.53:862][  0]LogConfig: Setting CVar [[fx.GPUSimulationTextureSizeX:1024]]
[2025.11.23-15.14.53:862][  0]LogConfig: Setting CVar [[fx.GPUSimulationTextureSizeY:1024]]
[2025.11.23-15.14.53:862][  0]LogConfig: Setting CVar [[r.AllowGlobalClipPlane:0]]
[2025.11.23-15.14.53:862][  0]LogConfig: Setting CVar [[r.GBufferFormat:1]]
[2025.11.23-15.14.53:862][  0]LogConfig: Setting CVar [[r.MorphTarget.Mode:1]]
[2025.11.23-15.14.53:862][  0]LogConfig: Setting CVar [[vr.InstancedStereo:0]]
[2025.11.23-15.14.53:863][  0]LogConfig: Setting CVar [[r.MobileHDR:1]]
[2025.11.23-15.14.53:863][  0]LogConfig: Setting CVar [[vr.MobileMultiView:0]]
[2025.11.23-15.14.53:863][  0]LogConfig: Setting CVar [[r.Mobile.UseHWsRGBEncoding:0]]
[2025.11.23-15.14.53:863][  0]LogConfig: Setting CVar [[vr.RoundRobinOcclusion:0]]
[2025.11.23-15.14.53:863][  0]LogConfig: Setting CVar [[vr.ODSCapture:0]]
[2025.11.23-15.14.53:863][  0]LogConfig: Setting CVar [[r.MeshStreaming:0]]
[2025.11.23-15.14.53:863][  0]LogConfig: Setting CVar [[r.WireframeCullThreshold:5.000000]]
[2025.11.23-15.14.53:863][  0]LogConfig: Setting CVar [[r.RayTracing:0]]
[2025.11.23-15.14.53:863][  0]LogConfig: Setting CVar [[r.RayTracing.UseTextureLod:0]]
[2025.11.23-15.14.53:863][  0]LogConfig: Setting CVar [[r.SupportStationarySkylight:1]]
[2025.11.23-15.14.53:863][  0]LogConfig: Setting CVar [[r.SupportLowQualityLightmaps:1]]
[2025.11.23-15.14.53:863][  0]LogConfig: Setting CVar [[r.SupportPointLightWholeSceneShadows:1]]
[2025.11.23-15.14.53:863][  0]LogConfig: Setting CVar [[r.SupportAtmosphericFog:1]]
[2025.11.23-15.14.53:863][  0]LogConfig: Setting CVar [[r.SupportSkyAtmosphere:1]]
[2025.11.23-15.14.53:863][  0]LogConfig: Setting CVar [[r.SupportSkyAtmosphereAffectsHeightFog:0]]
[2025.11.23-15.14.53:863][  0]LogConfig: Setting CVar [[r.SkinCache.CompileShaders:0]]
[2025.11.23-15.14.53:863][  0]LogConfig: Setting CVar [[r.SkinCache.DefaultBehavior:1]]
[2025.11.23-15.14.53:863][  0]LogConfig: Setting CVar [[r.SkinCache.SceneMemoryLimitInMB:128.000000]]
[2025.11.23-15.14.53:863][  0]LogConfig: Setting CVar [[r.Mobile.EnableStaticAndCSMShadowReceivers:1]]
[2025.11.23-15.14.53:863][  0]LogConfig: Setting CVar [[r.Mobile.EnableMovableLightCSMShaderCulling:1]]
[2025.11.23-15.14.53:863][  0]LogConfig: Setting CVar [[r.Mobile.AllowDistanceFieldShadows:1]]
[2025.11.23-15.14.53:863][  0]LogConfig: Setting CVar [[r.Mobile.AllowMovableDirectionalLights:1]]
[2025.11.23-15.14.53:863][  0]LogConfig: Setting CVar [[r.MobileNumDynamicPointLights:4]]
[2025.11.23-15.14.53:863][  0]LogConfig: Setting CVar [[r.MobileDynamicPointLightsUseStaticBranch:1]]
[2025.11.23-15.14.53:863][  0]LogConfig: Setting CVar [[r.Mobile.EnableMovableSpotlights:0]]
[2025.11.23-15.14.53:863][  0]LogConfig: Setting CVar [[r.Mobile.EnableMovableSpotlightsShadow:0]]
[2025.11.23-15.14.53:863][  0]LogConfig: Setting CVar [[r.GPUSkin.Support16BitBoneIndex:0]]
[2025.11.23-15.14.53:863][  0]LogConfig: Setting CVar [[r.GPUSkin.Limit2BoneInfluences:0]]
[2025.11.23-15.14.53:863][  0]LogConfig: Setting CVar [[r.SupportDepthOnlyIndexBuffers:1]]
[2025.11.23-15.14.53:863][  0]LogConfig: Setting CVar [[r.SupportReversedIndexBuffers:1]]
[2025.11.23-15.14.53:863][  0]LogConfig: Setting CVar [[r.LightPropagationVolume:0]]
[2025.11.23-15.14.53:863][  0]LogConfig: Setting CVar [[r.Mobile.AmbientOcclusion:0]]
[2025.11.23-15.14.53:863][  0]LogConfig: Setting CVar [[r.GPUSkin.UnlimitedBoneInfluences:0]]
[2025.11.23-15.14.53:863][  0]LogConfig: Setting CVar [[r.GPUSkin.UnlimitedBoneInfluencesThreshold:8]]
[2025.11.23-15.14.53:863][  0]LogConfig: Setting CVar [[r.Mobile.PlanarReflectionMode:0]]
[2025.11.23-15.14.53:863][  0]LogConfig: Setting CVar [[r.Mobile.SupportsGen4TAA:0]]
[2025.11.23-15.14.53:863][  0]LogConfig: Applying CVar settings from Section [/Script/Engine.RendererOverrideSettings] File [E:/Unreal/Fumec_DevGames/Saved/Config/Windows/Engine.ini]
[2025.11.23-15.14.53:863][  0]LogConfig: Applying CVar settings from Section [/Script/Engine.StreamingSettings] File [E:/Unreal/Fumec_DevGames/Saved/Config/Windows/Engine.ini]
[2025.11.23-15.14.53:863][  0]LogConfig: Setting CVar [[s.MinBulkDataSizeForAsyncLoading:131072]]
[2025.11.23-15.14.53:863][  0]LogConfig: Setting CVar [[s.AsyncLoadingThreadEnabled:0]]
[2025.11.23-15.14.53:863][  0]LogConfig: Setting CVar [[s.EventDrivenLoaderEnabled:1]]
[2025.11.23-15.14.53:863][  0]LogConfig: Setting CVar [[s.WarnIfTimeLimitExceeded:0]]
[2025.11.23-15.14.53:863][  0]LogConfig: Setting CVar [[s.TimeLimitExceededMultiplier:1.5]]
[2025.11.23-15.14.53:863][  0]LogConfig: Setting CVar [[s.TimeLimitExceededMinTime:0.005]]
[2025.11.23-15.14.53:863][  0]LogConfig: Setting CVar [[s.UseBackgroundLevelStreaming:1]]
[2025.11.23-15.14.53:863][  0]LogConfig: Setting CVar [[s.PriorityAsyncLoadingExtraTime:15.0]]
[2025.11.23-15.14.53:863][  0]LogConfig: Setting CVar [[s.LevelStreamingActorsUpdateTimeLimit:5.0]]
[2025.11.23-15.14.53:863][  0]LogConfig: Setting CVar [[s.PriorityLevelStreamingActorsUpdateExtraTime:5.0]]
[2025.11.23-15.14.53:863][  0]LogConfig: Setting CVar [[s.LevelStreamingComponentsRegistrationGranularity:10]]
[2025.11.23-15.14.53:863][  0]LogConfig: Setting CVar [[s.UnregisterComponentsTimeLimit:1.0]]
[2025.11.23-15.14.53:863][  0]LogConfig: Setting CVar [[s.LevelStreamingComponentsUnregistrationGranularity:5]]
[2025.11.23-15.14.53:863][  0]LogConfig: Setting CVar [[s.FlushStreamingOnExit:1]]
[2025.11.23-15.14.53:863][  0]LogConfig: Applying CVar settings from Section [/Script/Engine.GarbageCollectionSettings] File [E:/Unreal/Fumec_DevGames/Saved/Config/Windows/Engine.ini]
[2025.11.23-15.14.53:863][  0]LogConfig: Setting CVar [[gc.MaxObjectsNotConsideredByGC:1]]
[2025.11.23-15.14.53:863][  0]LogConfig: Setting CVar [[gc.SizeOfPermanentObjectPool:0]]
[2025.11.23-15.14.53:863][  0]LogConfig: Setting CVar [[gc.FlushStreamingOnGC:0]]
[2025.11.23-15.14.53:863][  0]LogConfig: Setting CVar [[gc.NumRetriesBeforeForcingGC:10]]
[2025.11.23-15.14.53:863][  0]LogConfig: Setting CVar [[gc.AllowParallelGC:1]]
[2025.11.23-15.14.53:863][  0]LogConfig: Setting CVar [[gc.TimeBetweenPurgingPendingKillObjects:61.1]]
[2025.11.23-15.14.53:863][  0]LogConfig: Setting CVar [[gc.MaxObjectsInEditor:25165824]]
[2025.11.23-15.14.53:863][  0]LogConfig: Setting CVar [[gc.IncrementalBeginDestroyEnabled:1]]
[2025.11.23-15.14.53:863][  0]LogConfig: Setting CVar [[gc.CreateGCClusters:1]]
[2025.11.23-15.14.53:863][  0]LogConfig: Setting CVar [[gc.MinGCClusterSize:5]]
[2025.11.23-15.14.53:863][  0]LogConfig: Setting CVar [[gc.ActorClusteringEnabled:0]]
[2025.11.23-15.14.53:863][  0]LogConfig: Setting CVar [[gc.BlueprintClusteringEnabled:0]]
[2025.11.23-15.14.53:863][  0]LogConfig: Setting CVar [[gc.UseDisregardForGCOnDedicatedServers:0]]
[2025.11.23-15.14.53:863][  0]LogConfig: Setting CVar [[gc.MultithreadedDestructionEnabled:1]]
[2025.11.23-15.14.53:863][  0]LogConfig: Applying CVar settings from Section [/Script/Engine.NetworkSettings] File [E:/Unreal/Fumec_DevGames/Saved/Config/Windows/Engine.ini]
[2025.11.23-15.14.53:863][  0]LogConfig: Applying CVar settings from Section [/Script/UnrealEd.CookerSettings] File [E:/Unreal/Fumec_DevGames/Saved/Config/Windows/Engine.ini]
[2025.11.23-15.14.53:871][  0]LogConfig: Applying CVar settings from Section [ViewDistanceQuality@3] File [E:/Unreal/Fumec_DevGames/Saved/Config/Windows/Scalability.ini]
[2025.11.23-15.14.53:871][  0]LogConfig: Setting CVar [[r.SkeletalMeshLODBias:0]]
[2025.11.23-15.14.53:871][  0]LogConfig: Setting CVar [[r.ViewDistanceScale:1.0]]
[2025.11.23-15.14.53:871][  0]LogConfig: Applying CVar settings from Section [AntiAliasingQuality@3] File [E:/Unreal/Fumec_DevGames/Saved/Config/Windows/Scalability.ini]
[2025.11.23-15.14.53:871][  0]LogConfig: Setting CVar [[r.PostProcessAAQuality:4]]
[2025.11.23-15.14.53:871][  0]LogConfig: Applying CVar settings from Section [ShadowQuality@3] File [E:/Unreal/Fumec_DevGames/Saved/Config/Windows/Scalability.ini]
[2025.11.23-15.14.53:871][  0]LogConfig: Setting CVar [[r.LightFunctionQuality:1]]
[2025.11.23-15.14.53:871][  0]LogConfig: Setting CVar [[r.ShadowQuality:5]]
[2025.11.23-15.14.53:871][  0]LogConfig: Setting CVar [[r.Shadow.CSM.MaxCascades:10]]
[2025.11.23-15.14.53:871][  0]LogConfig: Setting CVar [[r.Shadow.MaxResolution:2048]]
[2025.11.23-15.14.53:871][  0]LogConfig: Setting CVar [[r.Shadow.MaxCSMResolution:2048]]
[2025.11.23-15.14.53:871][  0]LogConfig: Setting CVar [[r.Shadow.RadiusThreshold:0.01]]
[2025.11.23-15.14.53:871][  0]LogConfig: Setting CVar [[r.Shadow.DistanceScale:1.0]]
[2025.11.23-15.14.53:871][  0]LogConfig: Setting CVar [[r.Shadow.CSM.TransitionScale:1.0]]
[2025.11.23-15.14.53:871][  0]LogConfig: Setting CVar [[r.Shadow.PreShadowResolutionFactor:1.0]]
[2025.11.23-15.14.53:871][  0]LogConfig: Setting CVar [[r.DistanceFieldShadowing:1]]
[2025.11.23-15.14.53:871][  0]LogConfig: Setting CVar [[r.DistanceFieldAO:1]]
[2025.11.23-15.14.53:871][  0]LogConfig: Setting CVar [[r.AOQuality:2]]
[2025.11.23-15.14.53:871][  0]LogConfig: Setting CVar [[r.VolumetricFog:1]]
[2025.11.23-15.14.53:871][  0]LogConfig: Setting CVar [[r.VolumetricFog.GridPixelSize:8]]
[2025.11.23-15.14.53:871][  0]LogConfig: Setting CVar [[r.VolumetricFog.GridSizeZ:128]]
[2025.11.23-15.14.53:871][  0]LogConfig: Setting CVar [[r.VolumetricFog.HistoryMissSupersampleCount:4]]
[2025.11.23-15.14.53:871][  0]LogConfig: Setting CVar [[r.LightMaxDrawDistanceScale:1]]
[2025.11.23-15.14.53:871][  0]LogConfig: Setting CVar [[r.CapsuleShadows:1]]
[2025.11.23-15.14.53:871][  0]LogConfig: Applying CVar settings from Section [PostProcessQuality@3] File [E:/Unreal/Fumec_DevGames/Saved/Config/Windows/Scalability.ini]
[2025.11.23-15.14.53:871][  0]LogConfig: Setting CVar [[r.MotionBlurQuality:4]]
[2025.11.23-15.14.53:871][  0]LogConfig: Setting CVar [[r.AmbientOcclusionMipLevelFactor:0.4]]
[2025.11.23-15.14.53:871][  0]LogConfig: Setting CVar [[r.AmbientOcclusionMaxQuality:100]]
[2025.11.23-15.14.53:871][  0]LogConfig: Setting CVar [[r.AmbientOcclusionLevels:-1]]
[2025.11.23-15.14.53:871][  0]LogConfig: Setting CVar [[r.AmbientOcclusionRadiusScale:1.0]]
[2025.11.23-15.14.53:871][  0]LogConfig: Setting CVar [[r.DepthOfFieldQuality:2]]
[2025.11.23-15.14.53:871][  0]LogConfig: Setting CVar [[r.RenderTargetPoolMin:400]]
[2025.11.23-15.14.53:871][  0]LogConfig: Setting CVar [[r.LensFlareQuality:2]]
[2025.11.23-15.14.53:871][  0]LogConfig: Setting CVar [[r.SceneColorFringeQuality:1]]
[2025.11.23-15.14.53:871][  0]LogConfig: Setting CVar [[r.EyeAdaptationQuality:2]]
[2025.11.23-15.14.53:871][  0]LogConfig: Setting CVar [[r.BloomQuality:5]]
[2025.11.23-15.14.53:871][  0]LogConfig: Setting CVar [[r.FastBlurThreshold:100]]
[2025.11.23-15.14.53:871][  0]LogConfig: Setting CVar [[r.Upscale.Quality:3]]
[2025.11.23-15.14.53:871][  0]LogConfig: Setting CVar [[r.Tonemapper.GrainQuantization:1]]
[2025.11.23-15.14.53:871][  0]LogConfig: Setting CVar [[r.LightShaftQuality:1]]
[2025.11.23-15.14.53:871][  0]LogConfig: Setting CVar [[r.Filter.SizeScale:1]]
[2025.11.23-15.14.53:871][  0]LogConfig: Setting CVar [[r.Tonemapper.Quality:5]]
[2025.11.23-15.14.53:871][  0]LogConfig: Setting CVar [[r.DOF.Gather.AccumulatorQuality:1        ; higher gathering accumulator quality]]
[2025.11.23-15.14.53:871][  0]LogConfig: Setting CVar [[r.DOF.Gather.PostfilterMethod:1          ; Median3x3 postfilering method]]
[2025.11.23-15.14.53:871][  0]LogConfig: Setting CVar [[r.DOF.Gather.EnableBokehSettings:0       ; no bokeh simulation when gathering]]
[2025.11.23-15.14.53:871][  0]LogConfig: Setting CVar [[r.DOF.Gather.RingCount:4                 ; medium number of samples when gathering]]
[2025.11.23-15.14.53:871][  0]LogConfig: Setting CVar [[r.DOF.Scatter.ForegroundCompositing:1    ; additive foreground scattering]]
[2025.11.23-15.14.53:871][  0]LogConfig: Setting CVar [[r.DOF.Scatter.BackgroundCompositing:2    ; additive background scattering]]
[2025.11.23-15.14.53:871][  0]LogConfig: Setting CVar [[r.DOF.Scatter.EnableBokehSettings:1      ; bokeh simulation when scattering]]
[2025.11.23-15.14.53:871][  0]LogConfig: Setting CVar [[r.DOF.Scatter.MaxSpriteRatio:0.1         ; only a maximum of 10% of scattered bokeh]]
[2025.11.23-15.14.53:871][  0]LogConfig: Setting CVar [[r.DOF.Recombine.Quality:1                ; cheap slight out of focus]]
[2025.11.23-15.14.53:871][  0]LogConfig: Setting CVar [[r.DOF.Recombine.EnableBokehSettings:0    ; no bokeh simulation on slight out of focus]]
[2025.11.23-15.14.53:871][  0]LogConfig: Setting CVar [[r.DOF.TemporalAAQuality:1                ; more stable temporal accumulation]]
[2025.11.23-15.14.53:871][  0]LogConfig: Setting CVar [[r.DOF.Kernel.MaxForegroundRadius:0.025]]
[2025.11.23-15.14.53:871][  0]LogConfig: Setting CVar [[r.DOF.Kernel.MaxBackgroundRadius:0.025]]
[2025.11.23-15.14.53:871][  0]LogConfig: Applying CVar settings from Section [TextureQuality@3] File [E:/Unreal/Fumec_DevGames/Saved/Config/Windows/Scalability.ini]
[2025.11.23-15.14.53:871][  0]LogConfig: Setting CVar [[r.Streaming.MipBias:0]]
[2025.11.23-15.14.53:871][  0]LogConfig: Setting CVar [[r.Streaming.AmortizeCPUToGPUCopy:0]]
[2025.11.23-15.14.53:871][  0]LogConfig: Setting CVar [[r.Streaming.MaxNumTexturesToStreamPerFrame:0]]
[2025.11.23-15.14.53:871][  0]LogConfig: Setting CVar [[r.Streaming.Boost:1]]
[2025.11.23-15.14.53:871][  0]LogConfig: Setting CVar [[r.MaxAnisotropy:8]]
[2025.11.23-15.14.53:871][  0]LogConfig: Setting CVar [[r.VT.MaxAnisotropy:8]]
[2025.11.23-15.14.53:871][  0]LogConfig: Setting CVar [[r.Streaming.LimitPoolSizeToVRAM:0]]
[2025.11.23-15.14.53:871][  0]LogConfig: Setting CVar [[r.Streaming.PoolSize:1000]]
[2025.11.23-15.14.53:871][  0]LogConfig: Setting CVar [[r.Streaming.MaxEffectiveScreenSize:0]]
[2025.11.23-15.14.53:871][  0]LogConfig: Applying CVar settings from Section [EffectsQuality@3] File [E:/Unreal/Fumec_DevGames/Saved/Config/Windows/Scalability.ini]
[2025.11.23-15.14.53:871][  0]LogConfig: Setting CVar [[r.TranslucencyLightingVolumeDim:64]]
[2025.11.23-15.14.53:871][  0]LogConfig: Setting CVar [[r.RefractionQuality:2]]
[2025.11.23-15.14.53:871][  0]LogConfig: Setting CVar [[r.SSR.Quality:3]]
[2025.11.23-15.14.53:871][  0]LogConfig: Setting CVar [[r.SSR.HalfResSceneColor:0]]
[2025.11.23-15.14.53:871][  0]LogConfig: Setting CVar [[r.SceneColorFormat:4]]
[2025.11.23-15.14.53:871][  0]LogConfig: Setting CVar [[r.DetailMode:2]]
[2025.11.23-15.14.53:872][  0]LogConfig: Setting CVar [[r.TranslucencyVolumeBlur:1]]
[2025.11.23-15.14.53:872][  0]LogConfig: Setting CVar [[r.MaterialQualityLevel:1 ; High quality]]
[2025.11.23-15.14.53:872][  0]LogConfig: Setting CVar [[r.AnisotropicMaterials:1]]
[2025.11.23-15.14.53:872][  0]LogConfig: Setting CVar [[r.SSS.Scale:1]]
[2025.11.23-15.14.53:872][  0]LogConfig: Setting CVar [[r.SSS.SampleSet:2]]
[2025.11.23-15.14.53:872][  0]LogConfig: Setting CVar [[r.SSS.Quality:1]]
[2025.11.23-15.14.53:872][  0]LogConfig: Setting CVar [[r.SSS.HalfRes:0]]
[2025.11.23-15.14.53:872][  0]LogConfig: Setting CVar [[r.SSGI.Quality:3]]
[2025.11.23-15.14.53:872][  0]LogConfig: Setting CVar [[r.EmitterSpawnRateScale:1.0]]
[2025.11.23-15.14.53:872][  0]LogConfig: Setting CVar [[r.ParticleLightQuality:2]]
[2025.11.23-15.14.53:872][  0]LogConfig: Setting CVar [[r.SkyAtmosphere.AerialPerspectiveLUT.FastApplyOnOpaque:1 ; Always have FastSkyLUT 1 in this case to avoid wrong sky]]
[2025.11.23-15.14.53:872][  0]LogConfig: Setting CVar [[r.SkyAtmosphere.AerialPerspectiveLUT.SampleCountMaxPerSlice:4]]
[2025.11.23-15.14.53:872][  0]LogConfig: Setting CVar [[r.SkyAtmosphere.AerialPerspectiveLUT.DepthResolution:16.0]]
[2025.11.23-15.14.53:872][  0]LogConfig: Setting CVar [[r.SkyAtmosphere.FastSkyLUT:1]]
[2025.11.23-15.14.53:872][  0]LogConfig: Setting CVar [[r.SkyAtmosphere.FastSkyLUT.SampleCountMin:4.0]]
[2025.11.23-15.14.53:872][  0]LogConfig: Setting CVar [[r.SkyAtmosphere.FastSkyLUT.SampleCountMax:128.0]]
[2025.11.23-15.14.53:872][  0]LogConfig: Setting CVar [[r.SkyAtmosphere.SampleCountMin:4.0]]
[2025.11.23-15.14.53:872][  0]LogConfig: Setting CVar [[r.SkyAtmosphere.SampleCountMax:128.0]]
[2025.11.23-15.14.53:872][  0]LogConfig: Setting CVar [[r.SkyAtmosphere.TransmittanceLUT.UseSmallFormat:0]]
[2025.11.23-15.14.53:872][  0]LogConfig: Setting CVar [[r.SkyAtmosphere.TransmittanceLUT.SampleCount:10.0]]
[2025.11.23-15.14.53:872][  0]LogConfig: Setting CVar [[r.SkyAtmosphere.MultiScatteringLUT.SampleCount:15.0]]
[2025.11.23-15.14.53:872][  0]LogConfig: Setting CVar [[r.SkyLight.RealTimeReflectionCapture:1]]
[2025.11.23-15.14.53:872][  0]LogConfig: Applying CVar settings from Section [FoliageQuality@3] File [E:/Unreal/Fumec_DevGames/Saved/Config/Windows/Scalability.ini]
[2025.11.23-15.14.53:872][  0]LogConfig: Setting CVar [[foliage.DensityScale:1.0]]
[2025.11.23-15.14.53:872][  0]LogConfig: Setting CVar [[grass.DensityScale:1.0]]
[2025.11.23-15.14.53:872][  0]LogConfig: Applying CVar settings from Section [ShadingQuality@3] File [E:/Unreal/Fumec_DevGames/Saved/Config/Windows/Scalability.ini]
[2025.11.23-15.14.53:872][  0]LogConfig: Setting CVar [[r.HairStrands.SkyLighting.IntegrationType:2]]
[2025.11.23-15.14.53:872][  0]LogConfig: Setting CVar [[r.HairStrands.SkyAO.SampleCount:4]]
[2025.11.23-15.14.53:872][  0]LogConfig: Setting CVar [[r.HairStrands.Visibility.MSAA.SamplePerPixel:4]]
[2025.11.23-15.14.53:872][  0]LogInit: Selected Device Profile: [Windows]
[2025.11.23-15.14.53:872][  0]LogInit: Applying CVar settings loaded from the selected device profile: [Windows]
[2025.11.23-15.14.53:872][  0]LogHAL: Display: Platform has ~ 14 GB [14968041472 / 17179869184 / 14], which maps to Larger [LargestMinGB=32, LargerMinGB=12, DefaultMinGB=8, SmallerMinGB=6, SmallestMinGB=0)
[2025.11.23-15.14.53:872][  0]LogInit: Going up to parent DeviceProfile []
[2025.11.23-15.14.53:872][  0]LogConfig: Applying CVar settings from Section [ViewDistanceQuality@3] File [E:/Unreal/Fumec_DevGames/Saved/Config/Windows/Scalability.ini]
[2025.11.23-15.14.53:872][  0]LogConfig: Setting CVar [[r.SkeletalMeshLODBias:0]]
[2025.11.23-15.14.53:872][  0]LogConfig: Setting CVar [[r.ViewDistanceScale:1.0]]
[2025.11.23-15.14.53:872][  0]LogConfig: Applying CVar settings from Section [AntiAliasingQuality@3] File [E:/Unreal/Fumec_DevGames/Saved/Config/Windows/Scalability.ini]
[2025.11.23-15.14.53:872][  0]LogConfig: Setting CVar [[r.PostProcessAAQuality:4]]
[2025.11.23-15.14.53:872][  0]LogConfig: Applying CVar settings from Section [ShadowQuality@3] File [E:/Unreal/Fumec_DevGames/Saved/Config/Windows/Scalability.ini]
[2025.11.23-15.14.53:872][  0]LogConfig: Setting CVar [[r.LightFunctionQuality:1]]
[2025.11.23-15.14.53:872][  0]LogConfig: Setting CVar [[r.ShadowQuality:5]]
[2025.11.23-15.14.53:872][  0]LogConfig: Setting CVar [[r.Shadow.CSM.MaxCascades:10]]
[2025.11.23-15.14.53:872][  0]LogConfig: Setting CVar [[r.Shadow.MaxResolution:2048]]
[2025.11.23-15.14.53:872][  0]LogConfig: Setting CVar [[r.Shadow.MaxCSMResolution:2048]]
[2025.11.23-15.14.53:872][  0]LogConfig: Setting CVar [[r.Shadow.RadiusThreshold:0.01]]
[2025.11.23-15.14.53:872][  0]LogConfig: Setting CVar [[r.Shadow.DistanceScale:1.0]]
[2025.11.23-15.14.53:872][  0]LogConfig: Setting CVar [[r.Shadow.CSM.TransitionScale:1.0]]
[2025.11.23-15.14.53:872][  0]LogConfig: Setting CVar [[r.Shadow.PreShadowResolutionFactor:1.0]]
[2025.11.23-15.14.53:872][  0]LogConfig: Setting CVar [[r.DistanceFieldShadowing:1]]
[2025.11.23-15.14.53:872][  0]LogConfig: Setting CVar [[r.DistanceFieldAO:1]]
[2025.11.23-15.14.53:872][  0]LogConfig: Setting CVar [[r.AOQuality:2]]
[2025.11.23-15.14.53:872][  0]LogConfig: Setting CVar [[r.VolumetricFog:1]]
[2025.11.23-15.14.53:872][  0]LogConfig: Setting CVar [[r.VolumetricFog.GridPixelSize:8]]
[2025.11.23-15.14.53:872][  0]LogConfig: Setting CVar [[r.VolumetricFog.GridSizeZ:128]]
[2025.11.23-15.14.53:872][  0]LogConfig: Setting CVar [[r.VolumetricFog.HistoryMissSupersampleCount:4]]
[2025.11.23-15.14.53:872][  0]LogConfig: Setting CVar [[r.LightMaxDrawDistanceScale:1]]
[2025.11.23-15.14.53:872][  0]LogConfig: Setting CVar [[r.CapsuleShadows:1]]
[2025.11.23-15.14.53:872][  0]LogConfig: Applying CVar settings from Section [PostProcessQuality@3] File [E:/Unreal/Fumec_DevGames/Saved/Config/Windows/Scalability.ini]
[2025.11.23-15.14.53:872][  0]LogConfig: Setting CVar [[r.MotionBlurQuality:4]]
[2025.11.23-15.14.53:872][  0]LogConfig: Setting CVar [[r.AmbientOcclusionMipLevelFactor:0.4]]
[2025.11.23-15.14.53:872][  0]LogConfig: Setting CVar [[r.AmbientOcclusionMaxQuality:100]]
[2025.11.23-15.14.53:872][  0]LogConfig: Setting CVar [[r.AmbientOcclusionLevels:-1]]
[2025.11.23-15.14.53:872][  0]LogConfig: Setting CVar [[r.AmbientOcclusionRadiusScale:1.0]]
[2025.11.23-15.14.53:872][  0]LogConfig: Setting CVar [[r.DepthOfFieldQuality:2]]
[2025.11.23-15.14.53:872][  0]LogConfig: Setting CVar [[r.RenderTargetPoolMin:400]]
[2025.11.23-15.14.53:872][  0]LogConfig: Setting CVar [[r.LensFlareQuality:2]]
[2025.11.23-15.14.53:872][  0]LogConfig: Setting CVar [[r.SceneColorFringeQuality:1]]
[2025.11.23-15.14.53:872][  0]LogConfig: Setting CVar [[r.EyeAdaptationQuality:2]]
[2025.11.23-15.14.53:872][  0]LogConfig: Setting CVar [[r.BloomQuality:5]]
[2025.11.23-15.14.53:872][  0]LogConfig: Setting CVar [[r.FastBlurThreshold:100]]
[2025.11.23-15.14.53:872][  0]LogConfig: Setting CVar [[r.Upscale.Quality:3]]
[2025.11.23-15.14.53:872][  0]LogConfig: Setting CVar [[r.Tonemapper.GrainQuantization:1]]
[2025.11.23-15.14.53:872][  0]LogConfig: Setting CVar [[r.LightShaftQuality:1]]
[2025.11.23-15.14.53:872][  0]LogConfig: Setting CVar [[r.Filter.SizeScale:1]]
[2025.11.23-15.14.53:872][  0]LogConfig: Setting CVar [[r.Tonemapper.Quality:5]]
[2025.11.23-15.14.53:872][  0]LogConfig: Setting CVar [[r.DOF.Gather.AccumulatorQuality:1        ; higher gathering accumulator quality]]
[2025.11.23-15.14.53:872][  0]LogConfig: Setting CVar [[r.DOF.Gather.PostfilterMethod:1          ; Median3x3 postfilering method]]
[2025.11.23-15.14.53:873][  0]LogConfig: Setting CVar [[r.DOF.Gather.EnableBokehSettings:0       ; no bokeh simulation when gathering]]
[2025.11.23-15.14.53:873][  0]LogConfig: Setting CVar [[r.DOF.Gather.RingCount:4                 ; medium number of samples when gathering]]
[2025.11.23-15.14.53:873][  0]LogConfig: Setting CVar [[r.DOF.Scatter.ForegroundCompositing:1    ; additive foreground scattering]]
[2025.11.23-15.14.53:873][  0]LogConfig: Setting CVar [[r.DOF.Scatter.BackgroundCompositing:2    ; additive background scattering]]
[2025.11.23-15.14.53:873][  0]LogConfig: Setting CVar [[r.DOF.Scatter.EnableBokehSettings:1      ; bokeh simulation when scattering]]
[2025.11.23-15.14.53:873][  0]LogConfig: Setting CVar [[r.DOF.Scatter.MaxSpriteRatio:0.1         ; only a maximum of 10% of scattered bokeh]]
[2025.11.23-15.14.53:873][  0]LogConfig: Setting CVar [[r.DOF.Recombine.Quality:1                ; cheap slight out of focus]]
[2025.11.23-15.14.53:873][  0]LogConfig: Setting CVar [[r.DOF.Recombine.EnableBokehSettings:0    ; no bokeh simulation on slight out of focus]]
[2025.11.23-15.14.53:873][  0]LogConfig: Setting CVar [[r.DOF.TemporalAAQuality:1                ; more stable temporal accumulation]]
[2025.11.23-15.14.53:873][  0]LogConfig: Setting CVar [[r.DOF.Kernel.MaxForegroundRadius:0.025]]
[2025.11.23-15.14.53:873][  0]LogConfig: Setting CVar [[r.DOF.Kernel.MaxBackgroundRadius:0.025]]
[2025.11.23-15.14.53:873][  0]LogConfig: Applying CVar settings from Section [TextureQuality@3] File [E:/Unreal/Fumec_DevGames/Saved/Config/Windows/Scalability.ini]
[2025.11.23-15.14.53:873][  0]LogConfig: Setting CVar [[r.Streaming.MipBias:0]]
[2025.11.23-15.14.53:873][  0]LogConfig: Setting CVar [[r.Streaming.AmortizeCPUToGPUCopy:0]]
[2025.11.23-15.14.53:873][  0]LogConfig: Setting CVar [[r.Streaming.MaxNumTexturesToStreamPerFrame:0]]
[2025.11.23-15.14.53:873][  0]LogConfig: Setting CVar [[r.Streaming.Boost:1]]
[2025.11.23-15.14.53:873][  0]LogConfig: Setting CVar [[r.MaxAnisotropy:8]]
[2025.11.23-15.14.53:873][  0]LogConfig: Setting CVar [[r.VT.MaxAnisotropy:8]]
[2025.11.23-15.14.53:873][  0]LogConfig: Setting CVar [[r.Streaming.LimitPoolSizeToVRAM:0]]
[2025.11.23-15.14.53:873][  0]LogConfig: Setting CVar [[r.Streaming.PoolSize:1000]]
[2025.11.23-15.14.53:873][  0]LogConfig: Setting CVar [[r.Streaming.MaxEffectiveScreenSize:0]]
[2025.11.23-15.14.53:873][  0]LogConfig: Applying CVar settings from Section [EffectsQuality@3] File [E:/Unreal/Fumec_DevGames/Saved/Config/Windows/Scalability.ini]
[2025.11.23-15.14.53:873][  0]LogConfig: Setting CVar [[r.TranslucencyLightingVolumeDim:64]]
[2025.11.23-15.14.53:873][  0]LogConfig: Setting CVar [[r.RefractionQuality:2]]
[2025.11.23-15.14.53:873][  0]LogConfig: Setting CVar [[r.SSR.Quality:3]]
[2025.11.23-15.14.53:873][  0]LogConfig: Setting CVar [[r.SSR.HalfResSceneColor:0]]
[2025.11.23-15.14.53:873][  0]LogConfig: Setting CVar [[r.SceneColorFormat:4]]
[2025.11.23-15.14.53:873][  0]LogConfig: Setting CVar [[r.DetailMode:2]]
[2025.11.23-15.14.53:873][  0]LogConfig: Setting CVar [[r.TranslucencyVolumeBlur:1]]
[2025.11.23-15.14.53:873][  0]LogConfig: Setting CVar [[r.MaterialQualityLevel:1 ; High quality]]
[2025.11.23-15.14.53:873][  0]LogConfig: Setting CVar [[r.AnisotropicMaterials:1]]
[2025.11.23-15.14.53:873][  0]LogConfig: Setting CVar [[r.SSS.Scale:1]]
[2025.11.23-15.14.53:873][  0]LogConfig: Setting CVar [[r.SSS.SampleSet:2]]
[2025.11.23-15.14.53:873][  0]LogConfig: Setting CVar [[r.SSS.Quality:1]]
[2025.11.23-15.14.53:873][  0]LogConfig: Setting CVar [[r.SSS.HalfRes:0]]
[2025.11.23-15.14.53:873][  0]LogConfig: Setting CVar [[r.SSGI.Quality:3]]
[2025.11.23-15.14.53:873][  0]LogConfig: Setting CVar [[r.EmitterSpawnRateScale:1.0]]
[2025.11.23-15.14.53:873][  0]LogConfig: Setting CVar [[r.ParticleLightQuality:2]]
[2025.11.23-15.14.53:873][  0]LogConfig: Setting CVar [[r.SkyAtmosphere.AerialPerspectiveLUT.FastApplyOnOpaque:1 ; Always have FastSkyLUT 1 in this case to avoid wrong sky]]
[2025.11.23-15.14.53:873][  0]LogConfig: Setting CVar [[r.SkyAtmosphere.AerialPerspectiveLUT.SampleCountMaxPerSlice:4]]
[2025.11.23-15.14.53:873][  0]LogConfig: Setting CVar [[r.SkyAtmosphere.AerialPerspectiveLUT.DepthResolution:16.0]]
[2025.11.23-15.14.53:873][  0]LogConfig: Setting CVar [[r.SkyAtmosphere.FastSkyLUT:1]]
[2025.11.23-15.14.53:873][  0]LogConfig: Setting CVar [[r.SkyAtmosphere.FastSkyLUT.SampleCountMin:4.0]]
[2025.11.23-15.14.53:873][  0]LogConfig: Setting CVar [[r.SkyAtmosphere.FastSkyLUT.SampleCountMax:128.0]]
[2025.11.23-15.14.53:874][  0]LogConfig: Setting CVar [[r.SkyAtmosphere.SampleCountMin:4.0]]
[2025.11.23-15.14.53:874][  0]LogConfig: Setting CVar [[r.SkyAtmosphere.SampleCountMax:128.0]]
[2025.11.23-15.14.53:874][  0]LogConfig: Setting CVar [[r.SkyAtmosphere.TransmittanceLUT.UseSmallFormat:0]]
[2025.11.23-15.14.53:874][  0]LogConfig: Setting CVar [[r.SkyAtmosphere.TransmittanceLUT.SampleCount:10.0]]
[2025.11.23-15.14.53:874][  0]LogConfig: Setting CVar [[r.SkyAtmosphere.MultiScatteringLUT.SampleCount:15.0]]
[2025.11.23-15.14.53:874][  0]LogConfig: Setting CVar [[r.SkyLight.RealTimeReflectionCapture:1]]
[2025.11.23-15.14.53:874][  0]LogConfig: Applying CVar settings from Section [FoliageQuality@3] File [E:/Unreal/Fumec_DevGames/Saved/Config/Windows/Scalability.ini]
[2025.11.23-15.14.53:874][  0]LogConfig: Setting CVar [[foliage.DensityScale:1.0]]
[2025.11.23-15.14.53:874][  0]LogConfig: Setting CVar [[grass.DensityScale:1.0]]
[2025.11.23-15.14.53:874][  0]LogConfig: Applying CVar settings from Section [ShadingQuality@3] File [E:/Unreal/Fumec_DevGames/Saved/Config/Windows/Scalability.ini]
[2025.11.23-15.14.53:874][  0]LogConfig: Setting CVar [[r.HairStrands.SkyLighting.IntegrationType:2]]
[2025.11.23-15.14.53:874][  0]LogConfig: Setting CVar [[r.HairStrands.SkyAO.SampleCount:4]]
[2025.11.23-15.14.53:874][  0]LogConfig: Setting CVar [[r.HairStrands.Visibility.MSAA.SamplePerPixel:4]]
[2025.11.23-15.14.53:874][  0]LogConfig: Applying CVar settings from Section [Startup] File [../../../Engine/Config/ConsoleVariables.ini]
[2025.11.23-15.14.53:874][  0]LogConfig: Setting CVar [[net.UseAdaptiveNetUpdateFrequency:0]]
[2025.11.23-15.14.53:874][  0]LogConfig: Setting CVar [[p.chaos.AllowCreatePhysxBodies:1]]
[2025.11.23-15.14.53:874][  0]LogConfig: Setting CVar [[fx.SkipVectorVMBackendOptimizations:1]]
[2025.11.23-15.14.53:874][  0]LogConfig: Applying CVar settings from Section [ConsoleVariables] File [E:/Unreal/Fumec_DevGames/Saved/Config/Windows/Engine.ini]
[2025.11.23-15.14.53:874][  0]LogConfig: Applying CVar settings from Section [ConsoleVariables] File [E:/Unreal/Fumec_DevGames/Saved/Config/Windows/Editor.ini]
[2025.11.23-15.14.53:874][  0]LogInit: Computer: LUCY
[2025.11.23-15.14.53:874][  0]LogInit: User: Gabriel
[2025.11.23-15.14.53:874][  0]LogInit: CPU Page size=4096, Cores=4
[2025.11.23-15.14.53:874][  0]LogInit: High frequency timer resolution =10.000000 MHz
[2025.11.23-15.14.53:874][  0]LogMemory: Memory total: Physical=13.9GB (14GB approx)
[2025.11.23-15.14.53:874][  0]LogMemory: Platform Memory Stats for Windows
[2025.11.23-15.14.53:874][  0]LogMemory: Process Physical Memory: 147.36 MB used, 147.36 MB peak
[2025.11.23-15.14.53:874][  0]LogMemory: Process Virtual Memory: 129.03 MB used, 129.03 MB peak
[2025.11.23-15.14.53:874][  0]LogMemory: Physical Memory: 6760.28 MB used,  7514.36 MB free, 14274.64 MB total
[2025.11.23-15.14.53:874][  0]LogMemory: Virtual Memory: 134205696.00 MB used,  12029.34 MB free, 134217728.00 MB total
[2025.11.23-15.14.53:883][  0]LogWindows: WindowsPlatformFeatures enabled
[2025.11.23-15.14.53:955][  0]LogInit: Physics initialised using underlying interface: PhysX
[2025.11.23-15.14.53:957][  0]LogInit: Overriding language with editor language configuration option (en).
[2025.11.23-15.14.53:957][  0]LogInit: Overriding language with editor locale configuration option (en).
[2025.11.23-15.14.54:218][  0]LogInit: Setting process to per monitor DPI aware
[2025.11.23-15.14.54:231][  0]LogWindowsTextInputMethodSystem: Display: IME system deactivated.
[2025.11.23-15.14.54:251][  0]LogSlate: New Slate User Created.  User Index 0, Is Virtual User: 0
[2025.11.23-15.14.54:251][  0]LogSlate: Slate User Registered.  User Index 0, Is Virtual User: 0
[2025.11.23-15.14.54:418][  0]LogD3D11RHI: Loaded GFSDK_Aftermath_Lib.x64.dll
[2025.11.23-15.14.54:518][  0]LogHMD: Failed to initialize OpenVR with code 110
[2025.11.23-15.14.54:518][  0]LogD3D11RHI: D3D11 min allowed feature level: 11_0
[2025.11.23-15.14.54:518][  0]LogD3D11RHI: D3D11 max allowed feature level: 11_0
[2025.11.23-15.14.54:518][  0]LogD3D11RHI: D3D11 adapters:
[2025.11.23-15.14.54:740][  0]LogD3D11RHI:    0. 'NVIDIA GeForce GTX 1650' (Feature Level 11_0)
[2025.11.23-15.14.54:740][  0]LogD3D11RHI:       3938/0/7137 MB DedicatedVideo/DedicatedSystem/SharedSystem, Outputs:2, VendorId:0x10de
[2025.11.23-15.14.54:791][  0]LogD3D11RHI:    1. 'AMD Radeon(TM) RX Vega 10 Graphics' (Feature Level 11_0)
[2025.11.23-15.14.54:791][  0]LogD3D11RHI:       2034/0/7137 MB DedicatedVideo/DedicatedSystem/SharedSystem, Outputs:0, VendorId:0x1002
[2025.11.23-15.14.54:795][  0]LogD3D11RHI:    2. 'Microsoft Basic Render Driver' (Feature Level 11_0)
[2025.11.23-15.14.54:795][  0]LogD3D11RHI:       0/0/7137 MB DedicatedVideo/DedicatedSystem/SharedSystem, Outputs:0, VendorId:0x1414
[2025.11.23-15.14.54:828][  0]LogD3D11RHI:    3. 'AMD Radeon(TM) RX Vega 10 Graphics' (Feature Level 11_0)
[2025.11.23-15.14.54:828][  0]LogD3D11RHI:       2034/0/7137 MB DedicatedVideo/DedicatedSystem/SharedSystem, Outputs:0, VendorId:0x1002
[2025.11.23-15.14.54:862][  0]LogD3D11RHI:    4. 'AMD Radeon(TM) RX Vega 10 Graphics' (Feature Level 11_0)
[2025.11.23-15.14.54:862][  0]LogD3D11RHI:       2034/0/7137 MB DedicatedVideo/DedicatedSystem/SharedSystem, Outputs:0, VendorId:0x1002
[2025.11.23-15.14.54:896][  0]LogD3D11RHI:    5. 'AMD Radeon(TM) RX Vega 10 Graphics' (Feature Level 11_0)
[2025.11.23-15.14.54:896][  0]LogD3D11RHI:       2034/0/7137 MB DedicatedVideo/DedicatedSystem/SharedSystem, Outputs:0, VendorId:0x1002
[2025.11.23-15.14.54:931][  0]LogD3D11RHI:    6. 'AMD Radeon(TM) RX Vega 10 Graphics' (Feature Level 11_0)
[2025.11.23-15.14.54:931][  0]LogD3D11RHI:       2034/0/7137 MB DedicatedVideo/DedicatedSystem/SharedSystem, Outputs:0, VendorId:0x1002
[2025.11.23-15.14.54:931][  0]LogD3D11RHI: Chosen D3D11 Adapter:
[2025.11.23-15.14.54:931][  0]LogD3D11RHI:     Description : NVIDIA GeForce GTX 1650
[2025.11.23-15.14.54:931][  0]LogD3D11RHI:     VendorId    : 10de
[2025.11.23-15.14.54:931][  0]LogD3D11RHI:     DeviceId    : 1f91
[2025.11.23-15.14.54:931][  0]LogD3D11RHI:     SubSysId    : 142a1025
[2025.11.23-15.14.54:931][  0]LogD3D11RHI:     Revision    : 00a1
[2025.11.23-15.14.54:931][  0]LogD3D11RHI:     DedicatedVideoMemory : 4129292288 bytes
[2025.11.23-15.14.54:931][  0]LogD3D11RHI:     DedicatedSystemMemory : 0 bytes
[2025.11.23-15.14.54:931][  0]LogD3D11RHI:     SharedSystemMemory : 7484020736 bytes
[2025.11.23-15.14.54:931][  0]LogD3D11RHI:     AdapterLuid : 0 68703
[2025.11.23-15.14.54:939][  0]LogD3D11RHI: Creating new Direct3DDevice
[2025.11.23-15.14.54:939][  0]LogD3D11RHI:     GPU DeviceId: 0x1f91 (for the marketing name, search the web for "GPU Device Id")
[2025.11.23-15.14.54:939][  0]LogWindows: EnumDisplayDevices:
[2025.11.23-15.14.54:940][  0]LogWindows:    0. 'AMD Radeon(TM) RX Vega 10 Graphics ' (P:1 D:1)
[2025.11.23-15.14.54:940][  0]LogWindows:    1. 'AMD Radeon(TM) RX Vega 10 Graphics ' (P:0 D:1)
[2025.11.23-15.14.54:941][  0]LogWindows:    2. 'AMD Radeon(TM) RX Vega 10 Graphics ' (P:0 D:0)
[2025.11.23-15.14.54:941][  0]LogWindows:    3. 'AMD Radeon(TM) RX Vega 10 Graphics ' (P:0 D:0)
[2025.11.23-15.14.54:941][  0]LogWindows:    4. 'MS Idd Device' (P:0 D:0)
[2025.11.23-15.14.54:942][  0]LogWindows:    5. 'Parsec Virtual Display Adapter' (P:0 D:0)
[2025.11.23-15.14.54:942][  0]LogWindows:    6. 'Parsec Virtual Display Adapter' (P:0 D:0)
[2025.11.23-15.14.54:942][  0]LogWindows:    7. 'Parsec Virtual Display Adapter' (P:0 D:0)
[2025.11.23-15.14.54:942][  0]LogWindows:    8. 'Parsec Virtual Display Adapter' (P:0 D:0)
[2025.11.23-15.14.54:942][  0]LogWindows:    9. 'Parsec Virtual Display Adapter' (P:0 D:0)
[2025.11.23-15.14.54:942][  0]LogWindows:    10. 'Parsec Virtual Display Adapter' (P:0 D:0)
[2025.11.23-15.14.54:942][  0]LogWindows:    11. 'Parsec Virtual Display Adapter' (P:0 D:0)
[2025.11.23-15.14.54:944][  0]LogWindows:    12. 'Parsec Virtual Display Adapter' (P:0 D:0)
[2025.11.23-15.14.54:944][  0]LogWindows:    13. 'Parsec Virtual Display Adapter' (P:0 D:0)
[2025.11.23-15.14.54:944][  0]LogWindows:    14. 'Parsec Virtual Display Adapter' (P:0 D:0)
[2025.11.23-15.14.54:944][  0]LogWindows:    15. 'Parsec Virtual Display Adapter' (P:0 D:0)
[2025.11.23-15.14.54:944][  0]LogWindows:    16. 'Parsec Virtual Display Adapter' (P:0 D:0)
[2025.11.23-15.14.54:945][  0]LogWindows:    17. 'Parsec Virtual Display Adapter' (P:0 D:0)
[2025.11.23-15.14.54:945][  0]LogWindows:    18. 'Parsec Virtual Display Adapter' (P:0 D:0)
[2025.11.23-15.14.54:945][  0]LogWindows:    19. 'Parsec Virtual Display Adapter' (P:0 D:0)
[2025.11.23-15.14.54:945][  0]LogWindows:    20. 'Parsec Virtual Display Adapter' (P:0 D:0)
[2025.11.23-15.14.54:946][  0]LogWindows:    21. 'MS Idd Device' (P:0 D:0)
[2025.11.23-15.14.54:946][  0]LogWindows:    22. 'MS Idd Device' (P:0 D:0)
[2025.11.23-15.14.54:946][  0]LogWindows: DebugString: PrimaryIsNotTheChoosenAdapter PrimaryIsNotTheChoosenAdapter PrimaryIsNotTheChoosenAdapter PrimaryIsNotTheChoosenAdapter GetVideoDriverDetailsInvalid PrimaryIsNotTheChoosenAdapter GetVideoDriverDetailsInvalid PrimaryIsNotTheChoosenAdapter GetVideoDriverDetailsInvalid PrimaryIsNotTheChoosenAdapter GetVideoDriverDetailsInvalid PrimaryIsNotTheChoosenAdapter GetVideoDriverDetailsInvalid PrimaryIsNotTheChoosenAdapter GetVideoDriverDetailsInvalid PrimaryIsNotTheChoosenAdapter GetVideoDriverDetailsInvalid PrimaryIsNotTheChoosenAdapter GetVideoDriverDetailsInvalid PrimaryIsNotTheChoosenAdapter GetVideoDriverDetailsInvalid PrimaryIsNotTheChoosenAdapter GetVideoDriverDetailsInvalid PrimaryIsNotTheChoosenAdapter GetVideoDriverDetailsInvalid PrimaryIsNotTheChoosenAdapter GetVideoDriverDetailsInvalid PrimaryIsNotTheChoosenAdapter GetVideoDriverDetailsInvalid PrimaryIsNotTheChoosenAdapter GetVideoDriverDetailsInvalid PrimaryIsNotTheChoosenAdapter GetVideoDriverDetailsInvalid PrimaryIsNotTheChoosenAdapter GetVideoDriverDetailsInvalid PrimaryIsNotTheChoosenAdapter GetVideoDriverDetailsInvalid PrimaryIsNotTheChoosenAdapter GetVideoDriverDetailsInvalid PrimaryIsNotTheChoosenAdapter GetVideoDriverDetailsInvalid PrimaryIsNotTheChoosenAdapter FoundDriverCount:0 
[2025.11.23-15.14.54:946][  0]LogD3D11RHI:     Adapter Name: NVIDIA GeForce GTX 1650
[2025.11.23-15.14.54:946][  0]LogD3D11RHI:   Driver Version: Unknown (internal:Unknown, unified:Unknown)
[2025.11.23-15.14.54:946][  0]LogD3D11RHI:      Driver Date: Unknown
[2025.11.23-15.14.54:946][  0]LogRHI: Texture pool is 2756 MB (70% of 3938 MB)
[2025.11.23-15.14.54:946][  0]LogD3D11RHI: Creating D3DDevice using adapter:
[2025.11.23-15.14.54:946][  0]LogD3D11RHI:     Description : NVIDIA GeForce GTX 1650
[2025.11.23-15.14.54:946][  0]LogD3D11RHI:     VendorId    : 10de
[2025.11.23-15.14.54:946][  0]LogD3D11RHI:     DeviceId    : 1f91
[2025.11.23-15.14.54:946][  0]LogD3D11RHI:     SubSysId    : 142a1025
[2025.11.23-15.14.54:946][  0]LogD3D11RHI:     Revision    : 00a1
[2025.11.23-15.14.54:946][  0]LogD3D11RHI:     DedicatedVideoMemory : 4129292288 bytes
[2025.11.23-15.14.54:946][  0]LogD3D11RHI:     DedicatedSystemMemory : 0 bytes
[2025.11.23-15.14.54:946][  0]LogD3D11RHI:     SharedSystemMemory : 7484020736 bytes
[2025.11.23-15.14.54:946][  0]LogD3D11RHI:     AdapterLuid : 0 68703
[2025.11.23-15.14.55:117][  0]LogD3D11RHI: RHI has support for 64 bit atomics
[2025.11.23-15.14.55:119][  0]LogD3D11RHI: Async texture creation enabled
[2025.11.23-15.14.55:119][  0]LogD3D11RHI: Array index from any shader is supported
[2025.11.23-15.14.55:166][  0]LogD3D11RHI: GPU Timing Frequency: 1000.000000 (Debug: 2 1)
[2025.11.23-15.14.55:209][  0]LogRHI: GeForceNow SDK initialized: 1
[2025.11.23-15.14.55:588][  0]LogTargetPlatformManager: Display: Loaded TargetPlatform 'AllDesktop'
[2025.11.23-15.14.55:617][  0]LogTargetPlatformManager: Display: Loaded TargetPlatform 'Android'
[2025.11.23-15.14.55:617][  0]LogTargetPlatformManager: Display: Loaded TargetPlatform 'Android_ASTC'
[2025.11.23-15.14.55:617][  0]LogTargetPlatformManager: Display: Loaded TargetPlatform 'Android_DXT'
[2025.11.23-15.14.55:617][  0]LogTargetPlatformManager: Display: Loaded TargetPlatform 'Android_ETC2'
[2025.11.23-15.14.55:617][  0]LogTargetPlatformManager: Display: Loaded TargetPlatform 'AndroidClient'
[2025.11.23-15.14.55:617][  0]LogTargetPlatformManager: Display: Loaded TargetPlatform 'Android_ASTCClient'
[2025.11.23-15.14.55:617][  0]LogTargetPlatformManager: Display: Loaded TargetPlatform 'Android_DXTClient'
[2025.11.23-15.14.55:617][  0]LogTargetPlatformManager: Display: Loaded TargetPlatform 'Android_ETC2Client'
[2025.11.23-15.14.55:617][  0]LogTargetPlatformManager: Display: Loaded TargetPlatform 'Android_Multi'
[2025.11.23-15.14.55:617][  0]LogTargetPlatformManager: Display: Loaded TargetPlatform 'Android_MultiClient'
[2025.11.23-15.14.55:643][  0]LogTargetPlatformManager: Display: Loaded TargetPlatform 'IOSClient'
[2025.11.23-15.14.55:643][  0]LogTargetPlatformManager: Display: Loaded TargetPlatform 'IOS'
[2025.11.23-15.14.55:657][  0]LogTargetPlatformManager: Display: Loaded TargetPlatform 'Linux'
[2025.11.23-15.14.55:665][  0]LogTargetPlatformManager: Display: Loaded TargetPlatform 'LinuxNoEditor'
[2025.11.23-15.14.55:671][  0]LogTargetPlatformManager: Display: Loaded TargetPlatform 'LinuxClient'
[2025.11.23-15.14.55:678][  0]LogTargetPlatformManager: Display: Loaded TargetPlatform 'LinuxServer'
[2025.11.23-15.14.55:690][  0]LogTargetPlatformManager: Display: Loaded TargetPlatform 'LinuxAArch64NoEditor'
[2025.11.23-15.14.55:699][  0]LogTargetPlatformManager: Display: Loaded TargetPlatform 'LinuxAArch64Client'
[2025.11.23-15.14.55:705][  0]LogTargetPlatformManager: Display: Loaded TargetPlatform 'LinuxAArch64Server'
[2025.11.23-15.14.55:739][  0]LogTargetPlatformManager: Display: Loaded TargetPlatform 'Lumin'
[2025.11.23-15.14.55:739][  0]LogTargetPlatformManager: Display: Loaded TargetPlatform 'LuminClient'
[2025.11.23-15.14.55:752][  0]LogTargetPlatformManager: Display: Loaded TargetPlatform 'MacNoEditor'
[2025.11.23-15.14.55:758][  0]LogTargetPlatformManager: Display: Loaded TargetPlatform 'Mac'
[2025.11.23-15.14.55:765][  0]LogTargetPlatformManager: Display: Loaded TargetPlatform 'MacClient'
[2025.11.23-15.14.55:772][  0]LogTargetPlatformManager: Display: Loaded TargetPlatform 'MacServer'
[2025.11.23-15.14.55:785][  0]LogTargetPlatformManager: Display: Loaded TargetPlatform 'TVOSClient'
[2025.11.23-15.14.55:785][  0]LogTargetPlatformManager: Display: Loaded TargetPlatform 'TVOS'
[2025.11.23-15.14.55:799][  0]LogTargetPlatformManager: Display: Loaded TargetPlatform 'WindowsNoEditor'
[2025.11.23-15.14.55:807][  0]LogTargetPlatformManager: Display: Loaded TargetPlatform 'Windows'
[2025.11.23-15.14.55:815][  0]LogTargetPlatformManager: Display: Loaded TargetPlatform 'WindowsClient'
[2025.11.23-15.14.55:822][  0]LogTargetPlatformManager: Display: Loaded TargetPlatform 'WindowsServer'
[2025.11.23-15.14.55:822][  0]LogTargetPlatformManager: Display: Building Assets For Windows
[2025.11.23-15.14.55:834][  0]LogAudioDebug: Display: Lib vorbis DLL was dynamically loaded.
[2025.11.23-15.14.55:888][  0]LogTextureFormatOodle: Display: Oodle Texture 2.9.0 init RDO Off
[2025.11.23-15.14.55:942][  0]LogRendererCore: Ray tracing is disabled. Reason: r.RayTracing=0.
[2025.11.23-15.14.55:943][  0]LogShaderCompilers: Guid format shader working directory is 23 characters bigger than the processId version (E:/Unreal/Fumec_DevGames/Intermediate/Shaders/WorkingDirectory/18616/).
[2025.11.23-15.14.55:943][  0]LogShaderCompilers: Cleaned the shader compiler working directory 'C:/Users/Gabriel/AppData/Local/Temp/UnrealShaderWorkingDir/4BC6DEE1426000ED0379708DD8E9963C/'.
[2025.11.23-15.14.55:943][  0]LogXGEController: Cannot use XGE Controller as Incredibuild is not installed on this machine.
[2025.11.23-15.14.55:943][  0]LogShaderCompilers: Cannot use XGE Shader Compiler as Incredibuild is not installed on this machine.
[2025.11.23-15.14.55:943][  0]LogShaderCompilers: Display: Using Local Shader Compiler.
[2025.11.23-15.14.56:799][  0]LogDerivedDataCache: Display: Max Cache Size: 512 MB
[2025.11.23-15.14.56:866][  0]LogDerivedDataCache: Loaded boot cache 0.07s 94MB C:/Users/Gabriel/AppData/Local/UnrealEngine/4.27/DerivedDataCache/Boot.ddc.
[2025.11.23-15.14.56:867][  0]LogDerivedDataCache: Display: Loaded Boot cache: C:/Users/Gabriel/AppData/Local/UnrealEngine/4.27/DerivedDataCache/Boot.ddc
[2025.11.23-15.14.56:892][  0]LogDerivedDataCache: FDerivedDataBackendGraph:  Pak pak cache file E:/Unreal/Fumec_DevGames/DerivedDataCache/DDC.ddp not found, will not use a pak cache.
[2025.11.23-15.14.56:892][  0]LogDerivedDataCache: Unable to find inner node Pak for hierarchical cache Hierarchy.
[2025.11.23-15.14.56:892][  0]LogDerivedDataCache: FDerivedDataBackendGraph:  CompressedPak pak cache file E:/Unreal/Fumec_DevGames/DerivedDataCache/Compressed.ddp not found, will not use a pak cache.
[2025.11.23-15.14.56:892][  0]LogDerivedDataCache: Unable to find inner node CompressedPak for hierarchical cache Hierarchy.
[2025.11.23-15.14.56:913][  0]LogDerivedDataCache: Display: Pak cache opened for reading ../../../Engine/DerivedDataCache/Compressed.ddp.
[2025.11.23-15.14.56:913][  0]LogDerivedDataCache: FDerivedDataBackendGraph:  EnterprisePak pak cache file ../../../Enterprise/DerivedDataCache/Compressed.ddp not found, will not use a pak cache.
[2025.11.23-15.14.56:913][  0]LogDerivedDataCache: Unable to find inner node EnterprisePak for hierarchical cache Hierarchy.
[2025.11.23-15.14.56:928][  0]LogDerivedDataCache: Speed tests for C:/Users/Gabriel/AppData/Local/UnrealEngine/Common/DerivedDataCache took 0.01 seconds
[2025.11.23-15.14.56:928][  0]LogDerivedDataCache: Display: Performance to C:/Users/Gabriel/AppData/Local/UnrealEngine/Common/DerivedDataCache: Latency=0.03ms. RandomReadSpeed=925.80MBs, RandomWriteSpeed=73.29MBs. Assigned SpeedClass 'Local'
[2025.11.23-15.14.56:942][  0]LogDerivedDataCache: Using Local data cache path C:/Users/Gabriel/AppData/Local/UnrealEngine/Common/DerivedDataCache: Writable
[2025.11.23-15.14.56:942][  0]LogDerivedDataCache: Shared data cache path not found in *engine.ini, will not use an Shared cache.
[2025.11.23-15.14.56:942][  0]LogDerivedDataCache: Unable to find inner node Shared for hierarchical cache Hierarchy.
[2025.11.23-15.14.56:997][  0]LogSlate: Using FreeType 2.10.0
[2025.11.23-15.14.56:997][  0]LogSlate: SlateFontServices - WITH_FREETYPE: 1, WITH_HARFBUZZ: 1
[2025.11.23-15.14.57:035][  0]LogAssetRegistry: FAssetRegistry took 0.0051 seconds to start up
[2025.11.23-15.14.57:386][  0]LogInit: Selected Device Profile: [Windows]
[2025.11.23-15.14.57:386][  0]LogInit: Active device profile: [0000022E9EBB7900][0000022E9CE7C580 49] Windows
[2025.11.23-15.14.57:386][  0]LogInit: Profiles: [0000022E9EBB7900][0000022E9CE7C580 49] Windows, [0000022E9EBFCB00][0000022E9CE8C700 49] WindowsNoEditor, [0000022E9EBB4B00][0000022E9CE80840 49] WindowsServer, [0000022E9EBFF700][0000022E9F6B2980 49] WindowsClient, [0000022E9EBB7700][0000022E9F6B6AC0 49] IOS, [0000022E9EBFC100][0000022E9F6BEC40 49] iPadAir, [0000022E9EBB4500][0000022E9F6C2DC0 49] iPadAir2, [0000022E9EB38C00][0000022E9F6CB080 49] IPadPro, [0000022E9EB38D00][0000022E9F6C70C0 49] iPadAir3, [0000022E9EBB7500][0000022E9F6CF240 49] iPadAir4, [0000022E9EB3BE00][0000022E9F6D33C0 49] iPadMini2, [0000022E9EBB4400][0000022E9F6D7540 49] iPadMini3, [0000022E9EB39700][0000022E9F6DB6C0 49] iPadMini4, [0000022E9EBB7400][0000022E9F6DF840 49] iPadMini5, [0000022E9EBFF000][0000022E9F6E7B00 49] iPhone6, [0000022E9EBFEF00][0000022E9F6E3B40 49] iPodTouch6, [0000022E9EB3B500][0000022E9F6EE280 49] iPhone7, [0000022E9EB3B400][0000022E9F6EA2C0 49] iPodTouch7, [0000022E9EBFFA00][0000022E9F6F2440 49] iPhone5S, [0000022E9EB38A00][0000022E9F6F65C0 49] iPhone6Plus, [0000022E9EBFE600][0000022E9F6FA740 49] iPhone6S, [0000022E9EB3AC00][0000022E9F6FE8C0 49] iPhone6SPlus, [0000022E9EBFC500][0000022E9F6BAA00 49] iPhone7Plus, [0000022E9EB39200][0000022E9F702B40 49] iPhoneSE, [0000022E9EBFE200][0000022E9F706C80 49] iPhone8, [0000022E9EB3A800][0000022E9F70ADC0 49] iPhone8Plus, [0000022E9EBFC600][0000022E9F712F40 49] iPhoneX, [0000022E9EB39400][0000022E9F7170C0 49] iPhoneXS, [0000022E9EBFDF00][0000022E9F71B240 49] iPhoneXSMax, [0000022E9EB3A500][0000022E9F71F3C0 49] iPhoneXR, [0000022E9EBFCE00][0000022E9F723540 49] iPhone11, [0000022E9EB38300][0000022E9F7276C0 49] iPhone11Pro, [0000022E9EBFDC00][0000022E9F72B840 49] iPhone11ProMax, [0000022E9EB3BA00][0000022E9F72F9C0 49] iPhoneSE2, [0000022E9EBFED00][0000022E9F733B40 49] iPhone12Mini, [0000022E9EB39A00][0000022E9F736140 49] iPhone12, [0000022E9EBFF200][0000022E9F73A2C0 49] iPhone12Pro, [0000022E9EB38800][0000022E9F73E440 49] iPhone12ProMax, [0000022E9EBFE800][0000022E9F7425C0 49] iPadPro105, [0000022E9EB39C00][0000022E9F746740 49] iPadPro129, [0000022E9EBFC700][0000022E9F74A8C0 49] iPadPro97, [0000022E9EB3A100][0000022E9F74EA40 49] iPadPro2_129, [0000022E9EBFD600][0000022E9F70EB80 49] iPad5, [0000022E9EB39E00][0000022E9F752CC0 49] iPad6, [0000022E9EBFD900][0000022E9F756E00 49] iPad7, [0000022E9EB39F00][0000022E9F75AF40 49] iPad8, [0000022E9EBFFC00][0000022E9F7630C0 49] iPadPro11, [0000022E9EB3A400][0000022E9F767240 49] iPadPro2_11, [0000022E9EBFC400][0000022E9F76B3C0 49] iPadPro3_129, [0000022E9EB38900][0000022E9F76F540 49] iPadPro4_129, [0000022E9EBFE900][0000022E9F7736C0 49] AppleTV, [0000022E9EB3B100][0000022E9F777840 49] AppleTV4K, [0000022E9EBFF400][0000022E9F77B9C0 49] TVOS, [0000022E9EB38700][0000022E9F77FB40 49] Mac, [0000022E9EBFD800][0000022E9F782140 49] MacClient, [0000022E9EB3B600][0000022E9F7862C0 49] MacNoEditor, [0000022E9EBFDE00][0000022E9F78A440 49] MacServer, [0000022E9EB3AB00][0000022E9F78E5C0 49] Linux, [0000022E9EBFF100][0000022E9F792740 49] LinuxAArch64, [0000022E9EB3AE00][0000022E9F7968C0 49] LinuxNoEditor, [0000022E9EBFFE00][0000022E9F79AA40 49] LinuxAArch64NoEditor, [0000022E9EB3A000][0000022E9F79EBC0 49] LinuxClient, [0000022E9EBFE000][0000022E9F7A2D40 49] LinuxAArch64Client, [0000022E9EB3BC00][0000022E9F75EE80 49] LinuxServer, [0000022E9EBFE100][0000022E9F7A6FC0 49] LinuxAArch64Server, [0000022E9EBB5000][0000022E9F7AB100 49] Android, [0000022E9EE19500][0000022E9F7B3280 49] Android_Low, [0000022E9EBB6B00][0000022E9F7B7400 49] Android_Mid, [0000022E9EE19200][0000022E9F7BB580 49] Android_High, [0000022E9EBB5E00][0000022E9F7D1700 49] Android_Default, [0000022E9EE18F00][0000022E9F7D5880 49] Android_Adreno4xx, [0000022E9EBB5100][0000022E9F7D9A00 49] Android_Adreno5xx_Low, [0000022E9EE19C00][0000022E9F7DDB80 49] Android_Adreno5xx, [0000022E9EBB4100][0000022E9F7E0180 49] Android_Adreno6xx, [0000022E9EE18B00][0000022E9F7E4300 49] Android_Adreno6xx_Vulkan, [0000022E9EBB6400][0000022E9F7E8480 49] Android_Mali_T6xx, [0000022E9EE1A400][0000022E9F7EC600 49] Android_Mali_T7xx, [0000022E9EBB6E00][0000022E9F7F0780 49] Android_Mali_T8xx, [0000022E9EE19300][0000022E9F7F4900 49] Android_Mali_G71, [0000022E9EBB5500][0000022E9F7F8A80 49] Android_Mali_G72, [0000022E9EE18600][0000022E9F7FCC00 49] Android_Mali_G72_Vulkan, [0000022E9EBB5900][0000022E9F800D80 49] Android_Mali_G76, [0000022E9EE1A000][0000022E9F804F00 49] Android_Mali_G76_Vulkan, [0000022E9EBB5A00][0000022E9F7AF040 49] Android_Mali_G77, [0000022E9EE1A300][0000022E9F809180 49] Android_Mali_G77_Vulkan, [0000022E9EBFDB00][0000022E9F80D2C0 49] Android_Mali_G78, [0000022E9EB3AF00][0000022E9F815440 49] Android_Mali_G78_Vulkan, [0000022E9EBFDA00][0000022E9F8195C0 49] Android_Mali_G710, [0000022E9EB39600][0000022E9F81D740 49] Android_Mali_G710_Vulkan, [0000022E9EBFD500][0000022E9F8218C0 49] Android_Vulkan_SM5, [0000022E9EB38E00][0000022E9F825A40 49] Android_PowerVR_G6xxx, [0000022E9EBFE700][0000022E9F829BC0 49] Android_PowerVR_GT7xxx, [0000022E9EE19A00][0000022E9F82C1C0 49] Android_PowerVR_GE8xxx, [0000022E9EBFF900][0000022E9F830340 49] Android_PowerVR_GM9xxx, [0000022E9EE19100][0000022E9F8344C0 49] Android_PowerVR_GM9xxx_Vulkan, [0000022E9EBFD000][0000022E9F838640 49] Android_TegraK1, [0000022E9EE18100][0000022E9F83C7C0 49] Android_Unknown_Vulkan, [0000022E9EBFD200][0000022E9F840940 49] Lumin, [0000022E9EE18200][0000022E9F844AC0 49] Lumin_Desktop, [0000022E9EBFEE00][0000022E9F848C40 49] HoloLens, 
[2025.11.23-15.14.57:586][  0]LogMeshReduction: Using QuadricMeshReduction for automatic static mesh reduction
[2025.11.23-15.14.57:586][  0]LogMeshReduction: Using SimplygonMeshReduction for automatic skeletal mesh reduction
[2025.11.23-15.14.57:586][  0]LogMeshReduction: Using ProxyLODMeshReduction for automatic mesh merging
[2025.11.23-15.14.57:586][  0]LogMeshReduction: No distributed automatic mesh merging module available
[2025.11.23-15.14.57:586][  0]LogMeshMerging: No distributed automatic mesh merging module available
[2025.11.23-15.14.57:610][  0]LogNetVersion: ColunaDoendoSamurai 1.0.0, NetCL: 17155196, EngineNetVer: 17, GameNetVer: 0 (Checksum: 440667709)
[2025.11.23-15.14.58:110][  0]LogTexture: Default maximum texture size for cubemaps generated from long-lat sources has been changed from 512 to unlimited. In order to preserve old behaiour for '/Engine/MapTemplates/Sky/DaylightAmbientCubemap.DaylightAmbientCubemap', its maximum texture size has been explicitly set to 512.
[2025.11.23-15.14.58:183][  0]LogHMD: PokeAHoleMaterial loaded successfully
[2025.11.23-15.14.58:190][  0]LogUObjectArray: 17178 objects as part of root set at end of initial load.
[2025.11.23-15.14.58:190][  0]LogUObjectAllocator: 4302048 out of 0 bytes used by permanent object pool.
[2025.11.23-15.14.58:190][  0]LogUObjectArray: CloseDisregardForGC: 0/0 objects in disregard for GC pool
[2025.11.23-15.14.58:673][  0]LogNiagaraDebuggerClient: Niagara Debugger Client Initialized | Session: 48448D0B4E58F6DBEB9346B5C8CAD326 | Instance: 4D1829A2454BB1F50F331893974F5EA2 (LUCY-18616).
[2025.11.23-15.14.58:727][  0]LogPython: Using Python 3.7.7
[2025.11.23-15.14.59:521][  0]LogTcpMessaging: Initializing TcpMessaging bridge
[2025.11.23-15.14.59:529][  0]LogUdpMessaging: Initializing bridge on interface 0.0.0.0:0 to multicast group 230.0.0.1:6666.
[2025.11.23-15.14.59:804][  0]SourceControl: Source control is disabled
[2025.11.23-15.14.59:804][  0]SourceControl: Source control is disabled
[2025.11.23-15.14.59:810][  0]SourceControl: Source control is disabled
[2025.11.23-15.14.59:816][  0]SourceControl: Source control is disabled
[2025.11.23-15.14.59:834][  0]SourceControl: Source control is disabled
[2025.11.23-15.14.59:847][  0]LogUProjectInfo: Found projects:
[2025.11.23-15.15.00:199][  0]LogOpenImageDenoise: OIDN starting up
[2025.11.23-15.15.00:293][  0]LogAndroidPermission: UAndroidPermissionCallbackProxy::GetInstance
[2025.11.23-15.15.00:336][  0]LogAudioCaptureCore: Display: No Audio Capture implementations found. Audio input will be silent.
[2025.11.23-15.15.00:336][  0]LogAudioCaptureCore: Display: No Audio Capture implementations found. Audio input will be silent.
[2025.11.23-15.15.00:523][  0]LogCollectionManager: Loaded 0 collections in 0.002044 seconds
[2025.11.23-15.15.00:560][  0]LogFileCache: Scanning file cache for directory 'E:/Unreal/Fumec_DevGames/Saved/Collections/' took 0.00s
[2025.11.23-15.15.00:560][  0]LogFileCache: Scanning file cache for directory 'E:/Unreal/Fumec_DevGames/Content/Developers/Gabriel/Collections/' took 0.00s
[2025.11.23-15.15.00:560][  0]LogFileCache: Scanning file cache for directory 'E:/Unreal/Fumec_DevGames/Content/Collections/' took 0.00s
[2025.11.23-15.15.00:560][  0]LogOcInput: OculusInput pre-init called
[2025.11.23-15.15.00:853][  0]LogEngine: Initializing Engine...
[2025.11.23-15.15.00:987][  0]LogHMD: Failed to enumerate extensions. Please check that you have a valid OpenXR runtime installed.
[2025.11.23-15.15.00:987][  0]LogHMD: Failed to initialize OpenVR with code 110
[2025.11.23-15.15.00:987][  0]LogMagicLeap: Warning: VR disabled because ZI is not enabled.  To enable, in the editor, Edit -> Project Settings -> Plugins -> Magic Leap Plugin -> Enable Zero Iteration
[2025.11.23-15.15.00:989][  0]LogStats: UGameplayTagsManager::InitializeManager -  0.000 s
[2025.11.23-15.15.01:180][  0]LogInit: Initializing FReadOnlyCVARCache
[2025.11.23-15.15.01:191][  0]LogAIModule: Creating AISystem for world Untitled
[2025.11.23-15.15.01:192][  0]LogAudio: Display: Initializing Audio Device Manager...
[2025.11.23-15.15.01:198][  0]LogAudio: Display: Loading Default Audio Settings Objects...
[2025.11.23-15.15.01:199][  0]LogAudio: Display: No default SoundConcurrencyObject specified (or failed to load).
[2025.11.23-15.15.01:199][  0]LogAudio: Display: Audio Device Manager Initialized
[2025.11.23-15.15.01:199][  0]LogAudio: Display: Creating Audio Device:                 Id: 1, Scope: Shared, Realtime: True
[2025.11.23-15.15.01:199][  0]LogAudioMixer: Display: Audio Mixer Platform Settings:
[2025.11.23-15.15.01:199][  0]LogAudioMixer: Display: 	Sample Rate:						  48000
[2025.11.23-15.15.01:199][  0]LogAudioMixer: Display: 	Callback Buffer Frame Size Requested: 1024
[2025.11.23-15.15.01:199][  0]LogAudioMixer: Display: 	Callback Buffer Frame Size To Use:	  1024
[2025.11.23-15.15.01:199][  0]LogAudioMixer: Display: 	Number of buffers to queue:			  2
[2025.11.23-15.15.01:200][  0]LogAudioMixer: Display: 	Max Channels (voices):				  32
[2025.11.23-15.15.01:200][  0]LogAudioMixer: Display: 	Number of Async Source Workers:		  0
[2025.11.23-15.15.01:200][  0]LogAudio: Display: AudioDevice MaxSources: 32
[2025.11.23-15.15.01:200][  0]LogAudio: Display: Audio Spatialization Plugin: None (built-in).
[2025.11.23-15.15.01:200][  0]LogAudio: Display: Audio Reverb Plugin: None (built-in).
[2025.11.23-15.15.01:200][  0]LogAudio: Display: Audio Occlusion Plugin: None (built-in).
[2025.11.23-15.15.01:200][  0]LogAudioMixer: Display: Initializing audio mixer.
[2025.11.23-15.15.01:222][  0]LogAudioMixer: Display: 0: FrontLeft
[2025.11.23-15.15.01:222][  0]LogAudioMixer: Display: 1: FrontRight
[2025.11.23-15.15.01:249][  0]LogAudioMixer: Display: Using Audio Device Alto-falantes (F998)
[2025.11.23-15.15.01:252][  0]LogAudioMixer: Display: Initializing Sound Submixes...
[2025.11.23-15.15.01:255][  0]LogAudioMixer: Display: Creating Master Submix 'MasterSubmixDefault'
[2025.11.23-15.15.01:255][  0]LogAudioMixer: Display: Creating Master Submix 'MasterReverbSubmixDefault'
[2025.11.23-15.15.01:256][  0]LogAudioMixer: Display: Creating Master Submix 'MasterEQSubmixDefault'
[2025.11.23-15.15.01:256][  0]LogAudioMixer: FMixerPlatformXAudio2::StartAudioStream() called
[2025.11.23-15.15.01:257][  0]LogAudioMixer: Display: Output buffers initialized: Frames=1024, Channels=2, Samples=2048
[2025.11.23-15.15.01:258][  0]LogAudioMixer: Display: Starting AudioMixerPlatformInterface::RunInternal()
[2025.11.23-15.15.01:258][  0]LogAudioMixer: Display: FMixerPlatformXAudio2::SubmitBuffer() called for the first time
[2025.11.23-15.15.01:258][  0]LogInit: FAudioDevice initialized.
[2025.11.23-15.15.01:258][  0]LogAudio: Display: Audio Device (ID: 1) registered with world 'Untitled'.
[2025.11.23-15.15.01:258][  0]LogNetVersion: Set ProjectVersion to 1.0.0.0. Version Checksum will be recalculated on next use.
[2025.11.23-15.15.01:352][  0]LogDerivedDataCache: Saved boot cache 0.09s 94MB C:/Users/Gabriel/AppData/Local/UnrealEngine/4.27/DerivedDataCache/Boot.ddc.
[2025.11.23-15.15.01:353][  0]LogInit: Texture streaming: Enabled
[2025.11.23-15.15.01:383][  0]LogAnalytics: Display: [UEEditor.Rocket.Release] APIServer = https://datarouter.ol.epicgames.com/. AppVersion = 4.27.2-18319896+++UE4+Release-4.27
[2025.11.23-15.15.01:389][  0]LogEngineSessionManager: EngineSessionManager initialized
[2025.11.23-15.15.01:391][  0]LogEditorSessionSummary: Verbose: Initializing EditorSessionSummaryWriter for editor session tracking
[2025.11.23-15.15.01:393][  0]LogEditorSessionSummary: EditorSessionSummaryWriter initialized
[2025.11.23-15.15.01:442][  0]LogInit: Transaction tracking system initialized
[2025.11.23-15.15.01:485][  0]BlueprintLog: New page: Editor Load
[2025.11.23-15.15.01:587][  0]LocalizationService: Localization service is disabled
[2025.11.23-15.15.01:637][  0]TimingProfiler: Initialize
[2025.11.23-15.15.01:637][  0]TimingProfiler: OnSessionChanged
[2025.11.23-15.15.01:637][  0]LoadingProfiler: Initialize
[2025.11.23-15.15.01:638][  0]LoadingProfiler: OnSessionChanged
[2025.11.23-15.15.01:638][  0]NetworkingProfiler: Initialize
[2025.11.23-15.15.01:638][  0]NetworkingProfiler: OnSessionChanged
[2025.11.23-15.15.01:638][  0]MemoryProfiler: Initialize
[2025.11.23-15.15.01:638][  0]MemoryProfiler: OnSessionChanged
[2025.11.23-15.15.01:907][  0]LogCook: Display: CookSettings for Memory: MemoryMaxUsedVirtual 0MiB, MemoryMaxUsedPhysical 16384MiB, MemoryMinFreeVirtual 0MiB, MemoryMinFreePhysical 1024MiB
[2025.11.23-15.15.01:907][  0]LogCook: Display: Mobile HDR setting 1
[2025.11.23-15.15.02:202][  0]LogFileCache: Scanning file cache for directory 'E:/Unreal/Fumec_DevGames/Content/' took 0.02s
[2025.11.23-15.15.02:418][  0]LogInit: Display: Engine is initialized. Leaving FEngineLoop::Init()
[2025.11.23-15.15.02:422][  0]SourceControl: Source control is disabled
[2025.11.23-15.15.02:422][  0]LogUnrealEdMisc: Loading editor; pre map load, took 12.094
[2025.11.23-15.15.02:422][  0]Cmd: MAP LOAD FILE="E:/Unreal/Fumec_DevGames/Content/Mapas/Menu/MainMenu.umap" TEMPLATE=0 SHOWPROGRESS=1 FEATURELEVEL=3
[2025.11.23-15.15.02:506][  0]LightingResults: New page: Lighting Build
[2025.11.23-15.15.02:508][  0]LogWorld: UWorld::CleanupWorld for Untitled, bSessionEnded=true, bCleanupResources=true
[2025.11.23-15.15.02:508][  0]LogSlate: InvalidateAllWidgets triggered.  All widgets were invalidated
[2025.11.23-15.15.02:508][  0]MapCheck: New page: Map Check
[2025.11.23-15.15.02:508][  0]LightingResults: New page: Lighting Build
[2025.11.23-15.15.02:515][  0]LogAudio: Display: Audio Device unregistered from world 'None'.
[2025.11.23-15.15.02:519][  0]LogUObjectHash: Compacting FUObjectHashTables data took   1.01ms
[2025.11.23-15.15.02:640][  0]LogAudio: Display: Audio Device (ID: 1) registered with world 'MainMenu'.
[2025.11.23-15.15.02:641][  0]LogAIModule: Creating AISystem for world MainMenu
[2025.11.23-15.15.02:641][  0]LogEditorServer: Finished looking for orphan Actors (0.000 secs)
[2025.11.23-15.15.02:648][  0]LogUObjectHash: Compacting FUObjectHashTables data took   0.97ms
[2025.11.23-15.15.02:649][  0]Cmd: MAP CHECKDEP NOCLEARLOG
[2025.11.23-15.15.02:649][  0]MapCheck: Map check complete: 0 Error(s), 0 Warning(s), took 0.135ms to complete.
[2025.11.23-15.15.02:649][  0]LogFileHelpers: Loading map 'MainMenu' took 0.228
[2025.11.23-15.15.02:652][  0]LogUnrealEdMisc: Total Editor Startup Time, took 12.324
[2025.11.23-15.15.02:853][  0]LogSlate: Updating window title bar state: overlay mode, drag disabled, window buttons hidden, title bar hidden
[2025.11.23-15.15.02:861][  0]LogSlate: Updating window title bar state: overlay mode, drag disabled, window buttons hidden, title bar hidden
[2025.11.23-15.15.02:868][  0]LogSlate: Updating window title bar state: overlay mode, drag disabled, window buttons hidden, title bar hidden
[2025.11.23-15.15.02:876][  0]LogSlate: Updating window title bar state: overlay mode, drag disabled, window buttons hidden, title bar hidden
[2025.11.23-15.15.02:916][  0]LogNativeClassHierarchy: Verbose: Native class hierarchy populated in 0.0122 seconds. Added 3822 classes and 928 folders.
[2025.11.23-15.15.02:922][  0]LogNativeClassHierarchy: Verbose: Native class hierarchy updated for 'WidgetCarousel' in 0.0004 seconds. Added 0 classes and 0 folders.
[2025.11.23-15.15.02:942][  0]LogPakFile: PakFile PrimaryIndexSize=187
[2025.11.23-15.15.02:942][  0]LogPakFile: PakFile PathHashIndexSize=101
[2025.11.23-15.15.02:942][  0]LogPakFile: PakFile FullDirectoryIndexSize=148
[2025.11.23-15.15.02:942][  0]LogShaderLibrary: Display: ShaderCodeLibraryPakFileMountedCallback: PakFile 'C:/Genshin/UE_4.27/FeaturePacks/FP_FirstPerson.upack' (chunk index -1, root 'root:/') mounted
[2025.11.23-15.15.02:942][  0]LogShaderLibrary: Display: ShaderCodeLibraryPakFileMountedCallback: pending pak file info (ChunkID:-1 Root:root:/ File:C:/Genshin/UE_4.27/FeaturePacks/FP_FirstPerson.upack)
[2025.11.23-15.15.02:942][  0]LogPakFile: OnPakFileMounted2Time == 0.000076
[2025.11.23-15.15.02:957][  0]LogPakFile: PakFile PrimaryIndexSize=189
[2025.11.23-15.15.02:958][  0]LogPakFile: PakFile PathHashIndexSize=101
[2025.11.23-15.15.02:958][  0]LogPakFile: PakFile FullDirectoryIndexSize=152
[2025.11.23-15.15.02:958][  0]LogShaderLibrary: Display: ShaderCodeLibraryPakFileMountedCallback: PakFile 'C:/Genshin/UE_4.27/FeaturePacks/FP_FirstPersonBP.upack' (chunk index -1, root 'root:/') mounted
[2025.11.23-15.15.02:958][  0]LogShaderLibrary: Display: ShaderCodeLibraryPakFileMountedCallback: pending pak file info (ChunkID:-1 Root:root:/ File:C:/Genshin/UE_4.27/FeaturePacks/FP_FirstPersonBP.upack)
[2025.11.23-15.15.02:958][  0]LogPakFile: OnPakFileMounted2Time == 0.000061
[2025.11.23-15.15.02:970][  0]LogPakFile: PakFile PrimaryIndexSize=191
[2025.11.23-15.15.02:970][  0]LogPakFile: PakFile PathHashIndexSize=101
[2025.11.23-15.15.02:970][  0]LogPakFile: PakFile FullDirectoryIndexSize=160
[2025.11.23-15.15.02:970][  0]LogShaderLibrary: Display: ShaderCodeLibraryPakFileMountedCallback: PakFile 'C:/Genshin/UE_4.27/FeaturePacks/MobileStarterContent.upack' (chunk index -1, root 'root:/') mounted
[2025.11.23-15.15.02:970][  0]LogShaderLibrary: Display: ShaderCodeLibraryPakFileMountedCallback: pending pak file info (ChunkID:-1 Root:root:/ File:C:/Genshin/UE_4.27/FeaturePacks/MobileStarterContent.upack)
[2025.11.23-15.15.02:970][  0]LogPakFile: OnPakFileMounted2Time == 0.000052
[2025.11.23-15.15.02:981][  0]LogPakFile: PakFile PrimaryIndexSize=185
[2025.11.23-15.15.02:981][  0]LogPakFile: PakFile PathHashIndexSize=101
[2025.11.23-15.15.02:981][  0]LogPakFile: PakFile FullDirectoryIndexSize=148
[2025.11.23-15.15.02:981][  0]LogShaderLibrary: Display: ShaderCodeLibraryPakFileMountedCallback: PakFile 'C:/Genshin/UE_4.27/FeaturePacks/StarterContent.upack' (chunk index -1, root 'root:/') mounted
[2025.11.23-15.15.02:981][  0]LogShaderLibrary: Display: ShaderCodeLibraryPakFileMountedCallback: pending pak file info (ChunkID:-1 Root:root:/ File:C:/Genshin/UE_4.27/FeaturePacks/StarterContent.upack)
[2025.11.23-15.15.02:981][  0]LogPakFile: OnPakFileMounted2Time == 0.000053
[2025.11.23-15.15.02:992][  0]LogPakFile: PakFile PrimaryIndexSize=190
[2025.11.23-15.15.02:992][  0]LogPakFile: PakFile PathHashIndexSize=101
[2025.11.23-15.15.02:992][  0]LogPakFile: PakFile FullDirectoryIndexSize=154
[2025.11.23-15.15.02:992][  0]LogShaderLibrary: Display: ShaderCodeLibraryPakFileMountedCallback: PakFile 'C:/Genshin/UE_4.27/FeaturePacks/TP_2DSideScroller.upack' (chunk index -1, root 'root:/') mounted
[2025.11.23-15.15.02:993][  0]LogShaderLibrary: Display: ShaderCodeLibraryPakFileMountedCallback: pending pak file info (ChunkID:-1 Root:root:/ File:C:/Genshin/UE_4.27/FeaturePacks/TP_2DSideScroller.upack)
[2025.11.23-15.15.02:993][  0]LogPakFile: OnPakFileMounted2Time == 0.000060
[2025.11.23-15.15.03:004][  0]LogPakFile: PakFile PrimaryIndexSize=192
[2025.11.23-15.15.03:004][  0]LogPakFile: PakFile PathHashIndexSize=101
[2025.11.23-15.15.03:004][  0]LogPakFile: PakFile FullDirectoryIndexSize=158
[2025.11.23-15.15.03:004][  0]LogShaderLibrary: Display: ShaderCodeLibraryPakFileMountedCallback: PakFile 'C:/Genshin/UE_4.27/FeaturePacks/TP_2DSideScrollerBP.upack' (chunk index -1, root 'root:/') mounted
[2025.11.23-15.15.03:004][  0]LogShaderLibrary: Display: ShaderCodeLibraryPakFileMountedCallback: pending pak file info (ChunkID:-1 Root:root:/ File:C:/Genshin/UE_4.27/FeaturePacks/TP_2DSideScrollerBP.upack)
[2025.11.23-15.15.03:004][  0]LogPakFile: OnPakFileMounted2Time == 0.000052
[2025.11.23-15.15.03:015][  0]LogPakFile: PakFile PrimaryIndexSize=182
[2025.11.23-15.15.03:015][  0]LogPakFile: PakFile PathHashIndexSize=101
[2025.11.23-15.15.03:015][  0]LogPakFile: PakFile FullDirectoryIndexSize=138
[2025.11.23-15.15.03:015][  0]LogShaderLibrary: Display: ShaderCodeLibraryPakFileMountedCallback: PakFile 'C:/Genshin/UE_4.27/FeaturePacks/TP_Flying.upack' (chunk index -1, root 'root:/') mounted
[2025.11.23-15.15.03:015][  0]LogShaderLibrary: Display: ShaderCodeLibraryPakFileMountedCallback: pending pak file info (ChunkID:-1 Root:root:/ File:C:/Genshin/UE_4.27/FeaturePacks/TP_Flying.upack)
[2025.11.23-15.15.03:015][  0]LogPakFile: OnPakFileMounted2Time == 0.000053
[2025.11.23-15.15.03:028][  0]LogPakFile: PakFile PrimaryIndexSize=184
[2025.11.23-15.15.03:028][  0]LogPakFile: PakFile PathHashIndexSize=101
[2025.11.23-15.15.03:028][  0]LogPakFile: PakFile FullDirectoryIndexSize=142
[2025.11.23-15.15.03:028][  0]LogShaderLibrary: Display: ShaderCodeLibraryPakFileMountedCallback: PakFile 'C:/Genshin/UE_4.27/FeaturePacks/TP_FlyingBP.upack' (chunk index -1, root 'root:/') mounted
[2025.11.23-15.15.03:028][  0]LogShaderLibrary: Display: ShaderCodeLibraryPakFileMountedCallback: pending pak file info (ChunkID:-1 Root:root:/ File:C:/Genshin/UE_4.27/FeaturePacks/TP_FlyingBP.upack)
[2025.11.23-15.15.03:028][  0]LogPakFile: OnPakFileMounted2Time == 0.000058
[2025.11.23-15.15.03:043][  0]LogPakFile: PakFile PrimaryIndexSize=188
[2025.11.23-15.15.03:043][  0]LogPakFile: PakFile PathHashIndexSize=101
[2025.11.23-15.15.03:043][  0]LogPakFile: PakFile FullDirectoryIndexSize=150
[2025.11.23-15.15.03:043][  0]LogShaderLibrary: Display: ShaderCodeLibraryPakFileMountedCallback: PakFile 'C:/Genshin/UE_4.27/FeaturePacks/TP_HandheldARBP.upack' (chunk index -1, root 'root:/') mounted
[2025.11.23-15.15.03:043][  0]LogShaderLibrary: Display: ShaderCodeLibraryPakFileMountedCallback: pending pak file info (ChunkID:-1 Root:root:/ File:C:/Genshin/UE_4.27/FeaturePacks/TP_HandheldARBP.upack)
[2025.11.23-15.15.03:043][  0]LogPakFile: OnPakFileMounted2Time == 0.000059
[2025.11.23-15.15.03:056][  0]LogPakFile: PakFile PrimaryIndexSize=182
[2025.11.23-15.15.03:056][  0]LogPakFile: PakFile PathHashIndexSize=101
[2025.11.23-15.15.03:056][  0]LogPakFile: PakFile FullDirectoryIndexSize=138
[2025.11.23-15.15.03:056][  0]LogShaderLibrary: Display: ShaderCodeLibraryPakFileMountedCallback: PakFile 'C:/Genshin/UE_4.27/FeaturePacks/TP_Puzzle.upack' (chunk index -1, root 'root:/') mounted
[2025.11.23-15.15.03:057][  0]LogShaderLibrary: Display: ShaderCodeLibraryPakFileMountedCallback: pending pak file info (ChunkID:-1 Root:root:/ File:C:/Genshin/UE_4.27/FeaturePacks/TP_Puzzle.upack)
[2025.11.23-15.15.03:057][  0]LogPakFile: OnPakFileMounted2Time == 0.000068
[2025.11.23-15.15.03:067][  0]LogPakFile: PakFile PrimaryIndexSize=184
[2025.11.23-15.15.03:067][  0]LogPakFile: PakFile PathHashIndexSize=101
[2025.11.23-15.15.03:067][  0]LogPakFile: PakFile FullDirectoryIndexSize=142
[2025.11.23-15.15.03:067][  0]LogShaderLibrary: Display: ShaderCodeLibraryPakFileMountedCallback: PakFile 'C:/Genshin/UE_4.27/FeaturePacks/TP_PuzzleBP.upack' (chunk index -1, root 'root:/') mounted
[2025.11.23-15.15.03:067][  0]LogShaderLibrary: Display: ShaderCodeLibraryPakFileMountedCallback: pending pak file info (ChunkID:-1 Root:root:/ File:C:/Genshin/UE_4.27/FeaturePacks/TP_PuzzleBP.upack)
[2025.11.23-15.15.03:067][  0]LogPakFile: OnPakFileMounted2Time == 0.000061
[2025.11.23-15.15.03:079][  0]LogPakFile: PakFile PrimaryIndexSize=183
[2025.11.23-15.15.03:079][  0]LogPakFile: PakFile PathHashIndexSize=101
[2025.11.23-15.15.03:079][  0]LogPakFile: PakFile FullDirectoryIndexSize=140
[2025.11.23-15.15.03:079][  0]LogShaderLibrary: Display: ShaderCodeLibraryPakFileMountedCallback: PakFile 'C:/Genshin/UE_4.27/FeaturePacks/TP_Rolling.upack' (chunk index -1, root 'root:/') mounted
[2025.11.23-15.15.03:079][  0]LogShaderLibrary: Display: ShaderCodeLibraryPakFileMountedCallback: pending pak file info (ChunkID:-1 Root:root:/ File:C:/Genshin/UE_4.27/FeaturePacks/TP_Rolling.upack)
[2025.11.23-15.15.03:080][  0]LogPakFile: OnPakFileMounted2Time == 0.000065
[2025.11.23-15.15.03:090][  0]LogPakFile: PakFile PrimaryIndexSize=185
[2025.11.23-15.15.03:090][  0]LogPakFile: PakFile PathHashIndexSize=101
[2025.11.23-15.15.03:090][  0]LogPakFile: PakFile FullDirectoryIndexSize=144
[2025.11.23-15.15.03:090][  0]LogShaderLibrary: Display: ShaderCodeLibraryPakFileMountedCallback: PakFile 'C:/Genshin/UE_4.27/FeaturePacks/TP_RollingBP.upack' (chunk index -1, root 'root:/') mounted
[2025.11.23-15.15.03:090][  0]LogShaderLibrary: Display: ShaderCodeLibraryPakFileMountedCallback: pending pak file info (ChunkID:-1 Root:root:/ File:C:/Genshin/UE_4.27/FeaturePacks/TP_RollingBP.upack)
[2025.11.23-15.15.03:090][  0]LogPakFile: OnPakFileMounted2Time == 0.000059
[2025.11.23-15.15.03:103][  0]LogPakFile: PakFile PrimaryIndexSize=188
[2025.11.23-15.15.03:103][  0]LogPakFile: PakFile PathHashIndexSize=101
[2025.11.23-15.15.03:103][  0]LogPakFile: PakFile FullDirectoryIndexSize=150
[2025.11.23-15.15.03:103][  0]LogShaderLibrary: Display: ShaderCodeLibraryPakFileMountedCallback: PakFile 'C:/Genshin/UE_4.27/FeaturePacks/TP_SideScroller.upack' (chunk index -1, root 'root:/') mounted
[2025.11.23-15.15.03:103][  0]LogShaderLibrary: Display: ShaderCodeLibraryPakFileMountedCallback: pending pak file info (ChunkID:-1 Root:root:/ File:C:/Genshin/UE_4.27/FeaturePacks/TP_SideScroller.upack)
[2025.11.23-15.15.03:103][  0]LogPakFile: OnPakFileMounted2Time == 0.000050
[2025.11.23-15.15.03:115][  0]LogPakFile: PakFile PrimaryIndexSize=190
[2025.11.23-15.15.03:115][  0]LogPakFile: PakFile PathHashIndexSize=101
[2025.11.23-15.15.03:115][  0]LogPakFile: PakFile FullDirectoryIndexSize=154
[2025.11.23-15.15.03:115][  0]LogShaderLibrary: Display: ShaderCodeLibraryPakFileMountedCallback: PakFile 'C:/Genshin/UE_4.27/FeaturePacks/TP_SideScrollerBP.upack' (chunk index -1, root 'root:/') mounted
[2025.11.23-15.15.03:115][  0]LogShaderLibrary: Display: ShaderCodeLibraryPakFileMountedCallback: pending pak file info (ChunkID:-1 Root:root:/ File:C:/Genshin/UE_4.27/FeaturePacks/TP_SideScrollerBP.upack)
[2025.11.23-15.15.03:115][  0]LogPakFile: OnPakFileMounted2Time == 0.000046
[2025.11.23-15.15.03:125][  0]LogPakFile: PakFile PrimaryIndexSize=187
[2025.11.23-15.15.03:125][  0]LogPakFile: PakFile PathHashIndexSize=101
[2025.11.23-15.15.03:125][  0]LogPakFile: PakFile FullDirectoryIndexSize=148
[2025.11.23-15.15.03:125][  0]LogShaderLibrary: Display: ShaderCodeLibraryPakFileMountedCallback: PakFile 'C:/Genshin/UE_4.27/FeaturePacks/TP_ThirdPerson.upack' (chunk index -1, root 'root:/') mounted
[2025.11.23-15.15.03:125][  0]LogShaderLibrary: Display: ShaderCodeLibraryPakFileMountedCallback: pending pak file info (ChunkID:-1 Root:root:/ File:C:/Genshin/UE_4.27/FeaturePacks/TP_ThirdPerson.upack)
[2025.11.23-15.15.03:125][  0]LogPakFile: OnPakFileMounted2Time == 0.000050
[2025.11.23-15.15.03:136][  0]LogPakFile: PakFile PrimaryIndexSize=189
[2025.11.23-15.15.03:136][  0]LogPakFile: PakFile PathHashIndexSize=101
[2025.11.23-15.15.03:136][  0]LogPakFile: PakFile FullDirectoryIndexSize=152
[2025.11.23-15.15.03:136][  0]LogShaderLibrary: Display: ShaderCodeLibraryPakFileMountedCallback: PakFile 'C:/Genshin/UE_4.27/FeaturePacks/TP_ThirdPersonBP.upack' (chunk index -1, root 'root:/') mounted
[2025.11.23-15.15.03:136][  0]LogShaderLibrary: Display: ShaderCodeLibraryPakFileMountedCallback: pending pak file info (ChunkID:-1 Root:root:/ File:C:/Genshin/UE_4.27/FeaturePacks/TP_ThirdPersonBP.upack)
[2025.11.23-15.15.03:136][  0]LogPakFile: OnPakFileMounted2Time == 0.000064
[2025.11.23-15.15.03:147][  0]LogPakFile: PakFile PrimaryIndexSize=183
[2025.11.23-15.15.03:147][  0]LogPakFile: PakFile PathHashIndexSize=101
[2025.11.23-15.15.03:147][  0]LogPakFile: PakFile FullDirectoryIndexSize=140
[2025.11.23-15.15.03:147][  0]LogShaderLibrary: Display: ShaderCodeLibraryPakFileMountedCallback: PakFile 'C:/Genshin/UE_4.27/FeaturePacks/TP_TopDown.upack' (chunk index -1, root 'root:/') mounted
[2025.11.23-15.15.03:147][  0]LogShaderLibrary: Display: ShaderCodeLibraryPakFileMountedCallback: pending pak file info (ChunkID:-1 Root:root:/ File:C:/Genshin/UE_4.27/FeaturePacks/TP_TopDown.upack)
[2025.11.23-15.15.03:148][  0]LogPakFile: OnPakFileMounted2Time == 0.000079
[2025.11.23-15.15.03:159][  0]LogPakFile: PakFile PrimaryIndexSize=185
[2025.11.23-15.15.03:159][  0]LogPakFile: PakFile PathHashIndexSize=101
[2025.11.23-15.15.03:159][  0]LogPakFile: PakFile FullDirectoryIndexSize=144
[2025.11.23-15.15.03:159][  0]LogShaderLibrary: Display: ShaderCodeLibraryPakFileMountedCallback: PakFile 'C:/Genshin/UE_4.27/FeaturePacks/TP_TopDownBP.upack' (chunk index -1, root 'root:/') mounted
[2025.11.23-15.15.03:159][  0]LogShaderLibrary: Display: ShaderCodeLibraryPakFileMountedCallback: pending pak file info (ChunkID:-1 Root:root:/ File:C:/Genshin/UE_4.27/FeaturePacks/TP_TopDownBP.upack)
[2025.11.23-15.15.03:159][  0]LogPakFile: OnPakFileMounted2Time == 0.000056
[2025.11.23-15.15.03:173][  0]LogPakFile: PakFile PrimaryIndexSize=185
[2025.11.23-15.15.03:173][  0]LogPakFile: PakFile PathHashIndexSize=101
[2025.11.23-15.15.03:173][  0]LogPakFile: PakFile FullDirectoryIndexSize=144
[2025.11.23-15.15.03:175][  0]LogShaderLibrary: Display: ShaderCodeLibraryPakFileMountedCallback: PakFile 'C:/Genshin/UE_4.27/FeaturePacks/TP_TwinStick.upack' (chunk index -1, root 'root:/') mounted
[2025.11.23-15.15.03:175][  0]LogShaderLibrary: Display: ShaderCodeLibraryPakFileMountedCallback: pending pak file info (ChunkID:-1 Root:root:/ File:C:/Genshin/UE_4.27/FeaturePacks/TP_TwinStick.upack)
[2025.11.23-15.15.03:175][  0]LogPakFile: OnPakFileMounted2Time == 0.000084
[2025.11.23-15.15.03:185][  0]LogPakFile: PakFile PrimaryIndexSize=187
[2025.11.23-15.15.03:185][  0]LogPakFile: PakFile PathHashIndexSize=101
[2025.11.23-15.15.03:185][  0]LogPakFile: PakFile FullDirectoryIndexSize=148
[2025.11.23-15.15.03:185][  0]LogShaderLibrary: Display: ShaderCodeLibraryPakFileMountedCallback: PakFile 'C:/Genshin/UE_4.27/FeaturePacks/TP_TwinStickBP.upack' (chunk index -1, root 'root:/') mounted
[2025.11.23-15.15.03:185][  0]LogShaderLibrary: Display: ShaderCodeLibraryPakFileMountedCallback: pending pak file info (ChunkID:-1 Root:root:/ File:C:/Genshin/UE_4.27/FeaturePacks/TP_TwinStickBP.upack)
[2025.11.23-15.15.03:185][  0]LogPakFile: OnPakFileMounted2Time == 0.000059
[2025.11.23-15.15.03:197][  0]LogPakFile: PakFile PrimaryIndexSize=183
[2025.11.23-15.15.03:197][  0]LogPakFile: PakFile PathHashIndexSize=101
[2025.11.23-15.15.03:197][  0]LogPakFile: PakFile FullDirectoryIndexSize=140
[2025.11.23-15.15.03:197][  0]LogShaderLibrary: Display: ShaderCodeLibraryPakFileMountedCallback: PakFile 'C:/Genshin/UE_4.27/FeaturePacks/TP_Vehicle.upack' (chunk index -1, root 'root:/') mounted
[2025.11.23-15.15.03:197][  0]LogShaderLibrary: Display: ShaderCodeLibraryPakFileMountedCallback: pending pak file info (ChunkID:-1 Root:root:/ File:C:/Genshin/UE_4.27/FeaturePacks/TP_Vehicle.upack)
[2025.11.23-15.15.03:197][  0]LogPakFile: OnPakFileMounted2Time == 0.000086
[2025.11.23-15.15.03:208][  0]LogPakFile: PakFile PrimaryIndexSize=186
[2025.11.23-15.15.03:208][  0]LogPakFile: PakFile PathHashIndexSize=101
[2025.11.23-15.15.03:208][  0]LogPakFile: PakFile FullDirectoryIndexSize=146
[2025.11.23-15.15.03:208][  0]LogShaderLibrary: Display: ShaderCodeLibraryPakFileMountedCallback: PakFile 'C:/Genshin/UE_4.27/FeaturePacks/TP_VehicleAdv.upack' (chunk index -1, root 'root:/') mounted
[2025.11.23-15.15.03:208][  0]LogShaderLibrary: Display: ShaderCodeLibraryPakFileMountedCallback: pending pak file info (ChunkID:-1 Root:root:/ File:C:/Genshin/UE_4.27/FeaturePacks/TP_VehicleAdv.upack)
[2025.11.23-15.15.03:208][  0]LogPakFile: OnPakFileMounted2Time == 0.000069
[2025.11.23-15.15.03:220][  0]LogPakFile: PakFile PrimaryIndexSize=188
[2025.11.23-15.15.03:220][  0]LogPakFile: PakFile PathHashIndexSize=101
[2025.11.23-15.15.03:220][  0]LogPakFile: PakFile FullDirectoryIndexSize=150
[2025.11.23-15.15.03:220][  0]LogShaderLibrary: Display: ShaderCodeLibraryPakFileMountedCallback: PakFile 'C:/Genshin/UE_4.27/FeaturePacks/TP_VehicleAdvBP.upack' (chunk index -1, root 'root:/') mounted
[2025.11.23-15.15.03:220][  0]LogShaderLibrary: Display: ShaderCodeLibraryPakFileMountedCallback: pending pak file info (ChunkID:-1 Root:root:/ File:C:/Genshin/UE_4.27/FeaturePacks/TP_VehicleAdvBP.upack)
[2025.11.23-15.15.03:220][  0]LogPakFile: OnPakFileMounted2Time == 0.000050
[2025.11.23-15.15.03:232][  0]LogPakFile: PakFile PrimaryIndexSize=185
[2025.11.23-15.15.03:232][  0]LogPakFile: PakFile PathHashIndexSize=101
[2025.11.23-15.15.03:232][  0]LogPakFile: PakFile FullDirectoryIndexSize=144
[2025.11.23-15.15.03:232][  0]LogShaderLibrary: Display: ShaderCodeLibraryPakFileMountedCallback: PakFile 'C:/Genshin/UE_4.27/FeaturePacks/TP_VehicleBP.upack' (chunk index -1, root 'root:/') mounted
[2025.11.23-15.15.03:232][  0]LogShaderLibrary: Display: ShaderCodeLibraryPakFileMountedCallback: pending pak file info (ChunkID:-1 Root:root:/ File:C:/Genshin/UE_4.27/FeaturePacks/TP_VehicleBP.upack)
[2025.11.23-15.15.03:232][  0]LogPakFile: OnPakFileMounted2Time == 0.000051
[2025.11.23-15.15.03:244][  0]LogPakFile: PakFile PrimaryIndexSize=192
[2025.11.23-15.15.03:244][  0]LogPakFile: PakFile PathHashIndexSize=101
[2025.11.23-15.15.03:244][  0]LogPakFile: PakFile FullDirectoryIndexSize=158
[2025.11.23-15.15.03:244][  0]LogShaderLibrary: Display: ShaderCodeLibraryPakFileMountedCallback: PakFile 'C:/Genshin/UE_4.27/FeaturePacks/TP_VirtualRealityBP.upack' (chunk index -1, root 'root:/') mounted
[2025.11.23-15.15.03:244][  0]LogShaderLibrary: Display: ShaderCodeLibraryPakFileMountedCallback: pending pak file info (ChunkID:-1 Root:root:/ File:C:/Genshin/UE_4.27/FeaturePacks/TP_VirtualRealityBP.upack)
[2025.11.23-15.15.03:244][  0]LogPakFile: OnPakFileMounted2Time == 0.000059
[2025.11.23-15.15.03:635][  0]LogNativeClassHierarchy: Verbose: Native class hierarchy updated for 'AddContentDialog' in 0.0004 seconds. Added 0 classes and 0 folders.
[2025.11.23-15.15.03:639][  0]LogNativeClassHierarchy: Verbose: Native class hierarchy updated for 'SceneOutliner' in 0.0004 seconds. Added 2 classes and 0 folders.
[2025.11.23-15.15.03:830][  0]LogSlate: Took 0.000976 seconds to synchronously load lazily loaded font '../../../Engine/Content/Slate/Fonts/Roboto-Regular.ttf' (155K)
[2025.11.23-15.15.03:842][  0]LogSlate: Took 0.010925 seconds to synchronously load lazily loaded font '../../../Engine/Content/Editor/Slate/Fonts/FontAwesome.ttf' (139K)
[2025.11.23-15.15.03:844][  0]LogSlate: Took 0.000230 seconds to synchronously load lazily loaded font '../../../Engine/Content/Slate/Fonts/Roboto-Bold.ttf' (160K)
[2025.11.23-15.15.04:061][  0]LogRenderer: Reallocating scene render targets to support 904x428 Format 10 NumSamples 1 (Frame:1).
[2025.11.23-15.15.04:205][  0]LogNativeClassHierarchy: Verbose: Native class hierarchy updated for 'HierarchicalLODOutliner' in 0.0004 seconds. Added 0 classes and 0 folders.
[2025.11.23-15.15.04:205][  0]LogLoad: (Engine Initialization) Total time: 13.88 seconds
[2025.11.23-15.15.04:205][  0]LogLoad: (Engine Initialization) Total Blueprint compile time: 0.00 seconds
[2025.11.23-15.15.04:268][  0]LogAssetRegistry: Asset discovery search completed in 7.2350 seconds
[2025.11.23-15.15.04:274][  0]LogCollectionManager: Fixed up redirectors for 0 collections in 0.000004 seconds (updated 0 objects)
[2025.11.23-15.15.04:277][  0]LogContentStreaming: Texture pool size now 1000 MB
[2025.11.23-15.15.04:917][  2]LogSlate: Took 0.011405 seconds to synchronously load lazily loaded font '../../../Engine/Content/Slate/Fonts/Roboto-Light.ttf' (167K)
[2025.11.23-15.15.05:566][  4]LogSlate: Took 0.000295 seconds to synchronously load lazily loaded font '../../../Engine/Content/Slate/Fonts/Roboto-Light.ttf' (167K)
[2025.11.23-15.15.11:413][204]LogTemp: Repeating last play command: Selected Viewport
[2025.11.23-15.15.11:421][204]LogPlayLevel: PlayLevel: No blueprints needed recompiling
[2025.11.23-15.15.11:433][204]PIE: New page: PIE session: MainMenu (Nov 23, 2025, 9:15:11 AM)
[2025.11.23-15.15.11:435][204]LogOnline: OSS: Creating online subsystem instance for: NULL
[2025.11.23-15.15.11:437][204]LogOnline: OSS: TryLoadSubsystemAndSetDefault: Loaded subsystem for module [NULL]
[2025.11.23-15.15.11:439][204]LogPlayLevel: Creating play world package: /Game/Mapas/Menu/UEDPIE_0_MainMenu
[2025.11.23-15.15.11:440][204]LogPlayLevel: PIE: StaticDuplicateObject took: (0.001572s)
[2025.11.23-15.15.11:441][204]LogAIModule: Creating AISystem for world MainMenu
[2025.11.23-15.15.11:442][204]LogPlayLevel: PIE: World Init took: (0.001384s)
[2025.11.23-15.15.11:442][204]LogPlayLevel: PIE: Created PIE world by copying editor world from /Game/Mapas/Menu/MainMenu.MainMenu to /Game/Mapas/Menu/UEDPIE_0_MainMenu.MainMenu (0.003321s)
[2025.11.23-15.15.11:449][204]LogUObjectHash: Compacting FUObjectHashTables data took   0.81ms
[2025.11.23-15.15.11:452][204]LogAudio: Display: Creating Audio Device:                 Id: 2, Scope: Unique, Realtime: True
[2025.11.23-15.15.11:452][204]LogAudioMixer: Display: Audio Mixer Platform Settings:
[2025.11.23-15.15.11:452][204]LogAudioMixer: Display: 	Sample Rate:						  48000
[2025.11.23-15.15.11:452][204]LogAudioMixer: Display: 	Callback Buffer Frame Size Requested: 1024
[2025.11.23-15.15.11:452][204]LogAudioMixer: Display: 	Callback Buffer Frame Size To Use:	  1024
[2025.11.23-15.15.11:452][204]LogAudioMixer: Display: 	Number of buffers to queue:			  2
[2025.11.23-15.15.11:452][204]LogAudioMixer: Display: 	Max Channels (voices):				  32
[2025.11.23-15.15.11:452][204]LogAudioMixer: Display: 	Number of Async Source Workers:		  0
[2025.11.23-15.15.11:452][204]LogAudio: Display: AudioDevice MaxSources: 32
[2025.11.23-15.15.11:452][204]LogAudio: Display: Audio Spatialization Plugin: None (built-in).
[2025.11.23-15.15.11:452][204]LogAudio: Display: Audio Reverb Plugin: None (built-in).
[2025.11.23-15.15.11:452][204]LogAudio: Display: Audio Occlusion Plugin: None (built-in).
[2025.11.23-15.15.11:452][204]LogAudioMixer: Display: Initializing audio mixer.
[2025.11.23-15.15.11:458][204]LogAudioMixer: Display: 0: FrontLeft
[2025.11.23-15.15.11:458][204]LogAudioMixer: Display: 1: FrontRight
[2025.11.23-15.15.11:476][204]LogAudioMixer: Display: Using Audio Device Alto-falantes (F998)
[2025.11.23-15.15.11:477][204]LogAudioMixer: Display: Initializing Sound Submixes...
[2025.11.23-15.15.11:477][204]LogAudioMixer: Display: Creating Master Submix 'MasterSubmixDefault'
[2025.11.23-15.15.11:477][204]LogAudioMixer: Display: Creating Master Submix 'MasterReverbSubmixDefault'
[2025.11.23-15.15.11:477][204]LogAudioMixer: Display: Creating Master Submix 'MasterEQSubmixDefault'
[2025.11.23-15.15.11:477][204]LogAudioMixer: FMixerPlatformXAudio2::StartAudioStream() called
[2025.11.23-15.15.11:477][204]LogAudioMixer: Display: Output buffers initialized: Frames=1024, Channels=2, Samples=2048
[2025.11.23-15.15.11:479][204]LogAudioMixer: Display: Starting AudioMixerPlatformInterface::RunInternal()
[2025.11.23-15.15.11:479][204]LogAudioMixer: Display: FMixerPlatformXAudio2::SubmitBuffer() called for the first time
[2025.11.23-15.15.11:479][204]LogInit: FAudioDevice initialized.
[2025.11.23-15.15.11:479][204]LogAudio: Display: Audio Device (ID: 2) registered with world 'MainMenu'.
[2025.11.23-15.15.11:489][204]LogLoad: Game class is 'GameMode'
[2025.11.23-15.15.11:490][204]LogWorld: Bringing World /Game/Mapas/Menu/UEDPIE_0_MainMenu.MainMenu up for play (max tick rate 60) at 2025.11.23-12.15.11
[2025.11.23-15.15.11:491][204]LogWorld: Bringing up level for play took: 0.000555
[2025.11.23-15.15.11:491][204]LogOnline: OSS: Creating online subsystem instance for: :Context_1
[2025.11.23-15.15.11:496][204]LogNativeClassHierarchy: Verbose: Native class hierarchy updated for 'MovieSceneCapture' in 0.0004 seconds. Added 20 classes and 0 folders.
[2025.11.23-15.15.11:496][204]LogGameMode: Display: Match State Changed from EnteringMap to WaitingToStart
[2025.11.23-15.15.11:496][204]LogGameState: Match State Changed from EnteringMap to WaitingToStart
[2025.11.23-15.15.11:497][204]LogGameMode: Display: Match State Changed from WaitingToStart to InProgress
[2025.11.23-15.15.11:502][204]LogGameState: Match State Changed from WaitingToStart to InProgress
[2025.11.23-15.15.11:502][204]PIE: Server logged in
[2025.11.23-15.15.11:504][204]PIE: Play in editor total start time 0.085 seconds.
[2025.11.23-15.15.12:833][282]LogGameMode: Display: Match State Changed from InProgress to LeavingMap
[2025.11.23-15.15.12:834][282]LogGameState: Match State Changed from InProgress to LeavingMap
[2025.11.23-15.15.12:834][282]LogNet: Browse: /Game/Mapas/Fases/MapaInicialAr/MapaInicial
[2025.11.23-15.15.12:835][282]LogLoad: LoadMap: /Game/Mapas/Fases/MapaInicialAr/MapaInicial
[2025.11.23-15.15.12:835][282]LogWorld: BeginTearingDown for /Game/Mapas/Menu/UEDPIE_0_MainMenu
[2025.11.23-15.15.12:835][282]LogWorld: UWorld::CleanupWorld for MainMenu, bSessionEnded=true, bCleanupResources=true
[2025.11.23-15.15.12:836][282]LogSlate: InvalidateAllWidgets triggered.  All widgets were invalidated
[2025.11.23-15.15.12:841][282]LogAudio: Display: Audio Device unregistered from world 'None'.
[2025.11.23-15.15.12:843][282]LogUObjectHash: Compacting FUObjectHashTables data took   0.83ms
[2025.11.23-15.15.14:947][282]LogAudio: Display: Audio Device (ID: 2) registered with world 'MapaInicial'.
[2025.11.23-15.15.14:948][282]LogAIModule: Creating AISystem for world MapaInicial
[2025.11.23-15.15.14:951][282]LogLoad: Game class is 'GameModeRL_C'
[2025.11.23-15.15.14:953][282]LogWorld: Bringing World /Game/Mapas/Fases/MapaInicialAr/UEDPIE_0_MapaInicial.MapaInicial up for play (max tick rate 60) at 2025.11.23-12.15.14
[2025.11.23-15.15.14:954][282]LogWorld: Bringing up level for play took: 0.001918
[2025.11.23-15.15.14:959][282]LogLoad: Took 2.124739 seconds to LoadMap(/Game/Mapas/Fases/MapaInicialAr/MapaInicial)
[2025.11.23-15.15.17:466][427]LogNet: Browse: /Game/Mapas/Fases/MapadeTeste/MapadeTeste
[2025.11.23-15.15.17:466][427]LogLoad: LoadMap: /Game/Mapas/Fases/MapadeTeste/MapadeTeste
[2025.11.23-15.15.17:467][427]LogWorld: BeginTearingDown for /Game/Mapas/Fases/MapaInicialAr/UEDPIE_0_MapaInicial
[2025.11.23-15.15.17:468][427]LogWorld: UWorld::CleanupWorld for MapaInicial, bSessionEnded=true, bCleanupResources=true
[2025.11.23-15.15.17:468][427]LogSlate: InvalidateAllWidgets triggered.  All widgets were invalidated
[2025.11.23-15.15.17:500][427]LogAudio: Display: Audio Device unregistered from world 'None'.
[2025.11.23-15.15.17:506][427]LogUObjectHash: Compacting FUObjectHashTables data took   1.73ms
[2025.11.23-15.15.18:428][427]LogAudio: Display: Audio Device (ID: 2) registered with world 'MapadeTeste'.
[2025.11.23-15.15.18:429][427]LogAIModule: Creating AISystem for world MapadeTeste
[2025.11.23-15.15.18:430][427]LogLoad: Game class is 'GameModeRL_C'
[2025.11.23-15.15.18:433][427]LogWorld: Bringing World /Game/Mapas/Fases/MapadeTeste/UEDPIE_0_MapadeTeste.MapadeTeste up for play (max tick rate 60) at 2025.11.23-12.15.18
[2025.11.23-15.15.18:436][427]LogWorld: Bringing up level for play took: 0.005377
[2025.11.23-15.15.18:439][427]LogLoad: Took 0.971735 seconds to LoadMap(/Game/Mapas/Fases/MapadeTeste/MapadeTeste)
[2025.11.23-15.15.26:150][455]LogSlate: Took 0.011106 seconds to synchronously load lazily loaded font '../../../Engine/Content/Slate/Fonts/Roboto-Italic.ttf' (157K)
[2025.11.23-15.15.48:945][887]LogSlate: Updating window title bar state: overlay mode, drag disabled, window buttons hidden, title bar hidden
[2025.11.23-15.15.48:945][887]LogWorld: BeginTearingDown for /Game/Mapas/Fases/MapadeTeste/UEDPIE_0_MapadeTeste
[2025.11.23-15.15.48:946][887]LogWorld: UWorld::CleanupWorld for MapadeTeste, bSessionEnded=true, bCleanupResources=true
[2025.11.23-15.15.48:946][887]LogSlate: InvalidateAllWidgets triggered.  All widgets were invalidated
[2025.11.23-15.15.48:957][887]LogPlayLevel: Display: Shutting down PIE online subsystems
[2025.11.23-15.15.48:959][887]LogSlate: InvalidateAllWidgets triggered.  All widgets were invalidated
[2025.11.23-15.15.48:964][887]LogSlate: Updating window title bar state: overlay mode, drag disabled, window buttons hidden, title bar hidden
[2025.11.23-15.15.48:964][887]LogAudioMixer: FMixerPlatformXAudio2::StopAudioStream() called
[2025.11.23-15.15.48:966][887]LogAudioMixer: FMixerPlatformXAudio2::StopAudioStream() called
[2025.11.23-15.15.48:970][887]LogUObjectHash: Compacting FUObjectHashTables data took   0.94ms
[2025.11.23-15.15.49:012][889]LogPlayLevel: Display: Destroying online subsystem :Context_1
[2025.11.23-16.07.18:340][363]LogAssetEditorSubsystem: Opening Asset editor for Blueprint /Game/Player/Blueprints/Player_BP.Player_BP
[2025.11.23-16.07.19:933][363]LogNativeClassHierarchy: Verbose: Native class hierarchy updated for 'BlueprintGraph' in 0.0025 seconds. Added 126 classes and 0 folders.
[2025.11.23-16.07.21:548][363]LogSlate: Took 0.001137 seconds to synchronously load lazily loaded font '../../../Engine/Content/Slate/Fonts/Roboto-BoldCondensed.ttf' (158K)
[2025.11.23-16.09.07:918][437]LogOutputDevice: Warning: 

Script Stack (0 frames):

[2025.11.23-16.09.08:059][437]LogStats: FPlatformStackWalk::StackWalkAndDump -  0.141 s
[2025.11.23-16.09.08:059][437]LogOutputDevice: Error: === Handled ensure: ===
[2025.11.23-16.09.08:059][437]LogOutputDevice: Error: 
[2025.11.23-16.09.08:059][437]LogOutputDevice: Error: Ensure condition failed: !bGraphDataInvalid [File:D:/Build/++UE4/Sync/Engine/Source/Editor/GraphEditor/Private/SGraphPin.cpp] [Line: 821]
[2025.11.23-16.09.08:059][437]LogOutputDevice: Error: The Graph Pin Object has been invalidated. Someone is keeping a hard ref on the SGraphPin (SGraphPinKnot [SGraphNodeKnot.cpp(406)]). See InvalidateGraphData for more info
[2025.11.23-16.09.08:059][437]LogOutputDevice: Error: Stack: 
[2025.11.23-16.09.08:059][437]LogOutputDevice: Error: [Callstack] 0x00007ffd2d71476b UE4Editor-GraphEditor.dll!UnknownFunction []
[2025.11.23-16.09.08:059][437]LogOutputDevice: Error: [Callstack] 0x00007ffd2d5c12db UE4Editor-GraphEditor.dll!UnknownFunction []
[2025.11.23-16.09.08:059][437]LogOutputDevice: Error: [Callstack] 0x00007ffd2d5bff58 UE4Editor-GraphEditor.dll!UnknownFunction []
[2025.11.23-16.09.08:059][437]LogOutputDevice: Error: [Callstack] 0x00007ffd2d5cd0bc UE4Editor-GraphEditor.dll!UnknownFunction []
[2025.11.23-16.09.08:059][437]LogOutputDevice: Error: [Callstack] 0x00007ffd2d64879c UE4Editor-GraphEditor.dll!UnknownFunction []
[2025.11.23-16.09.08:059][437]LogOutputDevice: Error: [Callstack] 0x00007ffd2d645c7f UE4Editor-GraphEditor.dll!UnknownFunction []
[2025.11.23-16.09.08:059][437]LogOutputDevice: Error: [Callstack] 0x00007ffd8b266c66 UE4Editor-SlateCore.dll!UnknownFunction []
[2025.11.23-16.09.08:059][437]LogOutputDevice: Error: [Callstack] 0x00007ffd8b264945 UE4Editor-SlateCore.dll!UnknownFunction []
[2025.11.23-16.09.08:059][437]LogOutputDevice: Error: [Callstack] 0x00007ffd8b266c66 UE4Editor-SlateCore.dll!UnknownFunction []
[2025.11.23-16.09.08:059][437]LogOutputDevice: Error: [Callstack] 0x00007ffd8b263ca2 UE4Editor-SlateCore.dll!UnknownFunction []
[2025.11.23-16.09.08:060][437]LogOutputDevice: Error: [Callstack] 0x00007ffd8b266c66 UE4Editor-SlateCore.dll!UnknownFunction []
[2025.11.23-16.09.08:060][437]LogOutputDevice: Error: [Callstack] 0x00007ffd8b83b559 UE4Editor-Slate.dll!UnknownFunction []
[2025.11.23-16.09.08:060][437]LogOutputDevice: Error: [Callstack] 0x00007ffd8b266c66 UE4Editor-SlateCore.dll!UnknownFunction []
[2025.11.23-16.09.08:060][437]LogOutputDevice: Error: [Callstack] 0x00007ffd8b263ca2 UE4Editor-SlateCore.dll!UnknownFunction []
[2025.11.23-16.09.08:060][437]LogOutputDevice: Error: [Callstack] 0x00007ffd8b266c66 UE4Editor-SlateCore.dll!UnknownFunction []
[2025.11.23-16.09.08:060][437]LogOutputDevice: Error: [Callstack] 0x00007ffd8b263ca2 UE4Editor-SlateCore.dll!UnknownFunction []
[2025.11.23-16.09.08:060][437]LogOutputDevice: Error: [Callstack] 0x00007ffd8b83b3e4 UE4Editor-Slate.dll!UnknownFunction []
[2025.11.23-16.09.08:060][437]LogOutputDevice: Error: [Callstack] 0x00007ffd8b266c66 UE4Editor-SlateCore.dll!UnknownFunction []
[2025.11.23-16.09.08:060][437]LogOutputDevice: Error: [Callstack] 0x00007ffd8b264945 UE4Editor-SlateCore.dll!UnknownFunction []
[2025.11.23-16.09.08:060][437]LogOutputDevice: Error: [Callstack] 0x00007ffd8b266c66 UE4Editor-SlateCore.dll!UnknownFunction []
[2025.11.23-16.09.08:060][437]LogOutputDevice: Error: [Callstack] 0x00007ffd8b267678 UE4Editor-SlateCore.dll!UnknownFunction []
[2025.11.23-16.09.08:060][437]LogOutputDevice: Error: [Callstack] 0x00007ffd8b264adb UE4Editor-SlateCore.dll!UnknownFunction []
[2025.11.23-16.09.08:060][437]LogOutputDevice: Error: [Callstack] 0x00007ffd8b266c66 UE4Editor-SlateCore.dll!UnknownFunction []
[2025.11.23-16.09.08:060][437]LogOutputDevice: Error: [Callstack] 0x00007ffd8b263ca2 UE4Editor-SlateCore.dll!UnknownFunction []
[2025.11.23-16.09.08:060][437]LogOutputDevice: Error: [Callstack] 0x00007ffd8b266c66 UE4Editor-SlateCore.dll!UnknownFunction []
[2025.11.23-16.09.08:060][437]LogOutputDevice: Error: [Callstack] 0x00007ffd8b267678 UE4Editor-SlateCore.dll!UnknownFunction []
[2025.11.23-16.09.08:060][437]LogOutputDevice: Error: [Callstack] 0x00007ffd8b83d800 UE4Editor-Slate.dll!UnknownFunction []
[2025.11.23-16.09.08:060][437]LogOutputDevice: Error: [Callstack] 0x00007ffd8b266c66 UE4Editor-SlateCore.dll!UnknownFunction []
[2025.11.23-16.09.08:060][437]LogOutputDevice: Error: [Callstack] 0x00007ffd8b263ca2 UE4Editor-SlateCore.dll!UnknownFunction []
[2025.11.23-16.09.08:060][437]LogOutputDevice: Error: [Callstack] 0x00007ffd8b266c66 UE4Editor-SlateCore.dll!UnknownFunction []
[2025.11.23-16.09.08:060][437]LogOutputDevice: Error: [Callstack] 0x00007ffd8b267678 UE4Editor-SlateCore.dll!UnknownFunction []
[2025.11.23-16.09.08:060][437]LogOutputDevice: Error: [Callstack] 0x00007ffd8b83d800 UE4Editor-Slate.dll!UnknownFunction []
[2025.11.23-16.09.08:060][437]LogOutputDevice: Error: [Callstack] 0x00007ffd8b266c66 UE4Editor-SlateCore.dll!UnknownFunction []
[2025.11.23-16.09.08:060][437]LogOutputDevice: Error: [Callstack] 0x00007ffd8b264945 UE4Editor-SlateCore.dll!UnknownFunction []
[2025.11.23-16.09.08:060][437]LogOutputDevice: Error: [Callstack] 0x00007ffd8b266c66 UE4Editor-SlateCore.dll!UnknownFunction []
[2025.11.23-16.09.08:060][437]LogOutputDevice: Error: [Callstack] 0x00007ffd8b263ca2 UE4Editor-SlateCore.dll!UnknownFunction []
[2025.11.23-16.09.08:060][437]LogOutputDevice: Error: [Callstack] 0x00007ffd8b266c66 UE4Editor-SlateCore.dll!UnknownFunction []
[2025.11.23-16.09.08:060][437]LogOutputDevice: Error: [Callstack] 0x00007ffd8b267678 UE4Editor-SlateCore.dll!UnknownFunction []
[2025.11.23-16.09.08:060][437]LogOutputDevice: Error: [Callstack] 0x00007ffd8b264adb UE4Editor-SlateCore.dll!UnknownFunction []
[2025.11.23-16.09.08:060][437]LogOutputDevice: Error: [Callstack] 0x00007ffd8b266c66 UE4Editor-SlateCore.dll!UnknownFunction []
[2025.11.23-16.09.08:060][437]LogOutputDevice: Error: [Callstack] 0x00007ffd8b263ca2 UE4Editor-SlateCore.dll!UnknownFunction []
[2025.11.23-16.09.08:060][437]LogOutputDevice: Error: [Callstack] 0x00007ffd8b266c66 UE4Editor-SlateCore.dll!UnknownFunction []
[2025.11.23-16.09.08:060][437]LogOutputDevice: Error: [Callstack] 0x00007ffd8b263ca2 UE4Editor-SlateCore.dll!UnknownFunction []
[2025.11.23-16.09.08:060][437]LogOutputDevice: Error: [Callstack] 0x00007ffd8b83b3e4 UE4Editor-Slate.dll!UnknownFunction []
[2025.11.23-16.09.08:060][437]LogOutputDevice: Error: [Callstack] 0x00007ffd8b266c66 UE4Editor-SlateCore.dll!UnknownFunction []
[2025.11.23-16.09.08:060][437]LogOutputDevice: Error: [Callstack] 0x00007ffd8b264945 UE4Editor-SlateCore.dll!UnknownFunction []
[2025.11.23-16.09.08:060][437]LogOutputDevice: Error: [Callstack] 0x00007ffd8b266c66 UE4Editor-SlateCore.dll!UnknownFunction []
[2025.11.23-16.09.08:060][437]LogOutputDevice: Error: [Callstack] 0x00007ffd8b267678 UE4Editor-SlateCore.dll!UnknownFunction []
[2025.11.23-16.09.08:060][437]LogOutputDevice: Error: [Callstack] 0x00007ffd8b264adb UE4Editor-SlateCore.dll!UnknownFunction []
[2025.11.23-16.09.08:060][437]LogOutputDevice: Error: [Callstack] 0x00007ffd8b266c66 UE4Editor-SlateCore.dll!UnknownFunction []
[2025.11.23-16.09.08:060][437]LogOutputDevice: Error: [Callstack] 0x00007ffd8b263ca2 UE4Editor-SlateCore.dll!UnknownFunction []
[2025.11.23-16.09.08:060][437]LogOutputDevice: Error: [Callstack] 0x00007ffd8b266c66 UE4Editor-SlateCore.dll!UnknownFunction []
[2025.11.23-16.09.08:060][437]LogOutputDevice: Error: [Callstack] 0x00007ffd8b267678 UE4Editor-SlateCore.dll!UnknownFunction []
[2025.11.23-16.09.08:060][437]LogOutputDevice: Error: [Callstack] 0x00007ffd8b83d800 UE4Editor-Slate.dll!UnknownFunction []
[2025.11.23-16.09.08:060][437]LogOutputDevice: Error: [Callstack] 0x00007ffd8b266c66 UE4Editor-SlateCore.dll!UnknownFunction []
[2025.11.23-16.09.08:060][437]LogOutputDevice: Error: [Callstack] 0x00007ffd8b264945 UE4Editor-SlateCore.dll!UnknownFunction []
[2025.11.23-16.09.08:060][437]LogOutputDevice: Error: [Callstack] 0x00007ffd8b266c66 UE4Editor-SlateCore.dll!UnknownFunction []
[2025.11.23-16.09.08:060][437]LogOutputDevice: Error: [Callstack] 0x00007ffd8b263ca2 UE4Editor-SlateCore.dll!UnknownFunction []
[2025.11.23-16.09.08:060][437]LogOutputDevice: Error: [Callstack] 0x00007ffd8b266c66 UE4Editor-SlateCore.dll!UnknownFunction []
[2025.11.23-16.09.08:060][437]LogOutputDevice: Error: [Callstack] 0x00007ffd8b267678 UE4Editor-SlateCore.dll!UnknownFunction []
[2025.11.23-16.09.08:060][437]LogOutputDevice: Error: [Callstack] 0x00007ffd8b264adb UE4Editor-SlateCore.dll!UnknownFunction []
[2025.11.23-16.09.08:060][437]LogOutputDevice: Error: [Callstack] 0x00007ffd8b266c66 UE4Editor-SlateCore.dll!UnknownFunction []
[2025.11.23-16.09.08:060][437]LogOutputDevice: Error: [Callstack] 0x00007ffd8b267678 UE4Editor-SlateCore.dll!UnknownFunction []
[2025.11.23-16.09.08:060][437]LogOutputDevice: Error: [Callstack] 0x00007ffd8b264adb UE4Editor-SlateCore.dll!UnknownFunction []
[2025.11.23-16.09.08:061][437]LogOutputDevice: Error: [Callstack] 0x00007ffd8b266c66 UE4Editor-SlateCore.dll!UnknownFunction []
[2025.11.23-16.09.08:061][437]LogOutputDevice: Error: [Callstack] 0x00007ffd8b264945 UE4Editor-SlateCore.dll!UnknownFunction []
[2025.11.23-16.09.08:061][437]LogOutputDevice: Error: [Callstack] 0x00007ffd8b266c66 UE4Editor-SlateCore.dll!UnknownFunction []
[2025.11.23-16.09.08:061][437]LogOutputDevice: Error: [Callstack] 0x00007ffd8b263ca2 UE4Editor-SlateCore.dll!UnknownFunction []
[2025.11.23-16.09.08:061][437]LogOutputDevice: Error: [Callstack] 0x00007ffd8b266c66 UE4Editor-SlateCore.dll!UnknownFunction []
[2025.11.23-16.09.08:061][437]LogOutputDevice: Error: [Callstack] 0x00007ffd8b267787 UE4Editor-SlateCore.dll!UnknownFunction []
[2025.11.23-16.09.08:061][437]LogOutputDevice: Error: [Callstack] 0x00007ffd8b17be74 UE4Editor-SlateCore.dll!UnknownFunction []
[2025.11.23-16.09.08:061][437]LogOutputDevice: Error: [Callstack] 0x00007ffd8b267a1c UE4Editor-SlateCore.dll!UnknownFunction []
[2025.11.23-16.09.08:061][437]LogOutputDevice: Error: [Callstack] 0x00007ffd8b611bee UE4Editor-Slate.dll!UnknownFunction []
[2025.11.23-16.09.08:061][437]LogOutputDevice: Error: [Callstack] 0x00007ffd8b642779 UE4Editor-Slate.dll!UnknownFunction []
[2025.11.23-16.09.08:061][437]LogOutputDevice: Error: [Callstack] 0x00007ffd8b612547 UE4Editor-Slate.dll!UnknownFunction []
[2025.11.23-16.09.08:061][437]LogOutputDevice: Error: [Callstack] 0x00007ffd8b668279 UE4Editor-Slate.dll!UnknownFunction []
[2025.11.23-16.09.08:061][437]LogOutputDevice: Error: [Callstack] 0x00007ffd8b667a73 UE4Editor-Slate.dll!UnknownFunction []
[2025.11.23-16.09.08:061][437]LogOutputDevice: Error: [Callstack] 0x00007ff6c76a9a1f UE4Editor.exe!UnknownFunction []
[2025.11.23-16.09.08:061][437]LogOutputDevice: Error: [Callstack] 0x00007ff6c76c0fcc UE4Editor.exe!UnknownFunction []
[2025.11.23-16.09.08:061][437]LogOutputDevice: Error: [Callstack] 0x00007ff6c76c10ba UE4Editor.exe!UnknownFunction []
[2025.11.23-16.09.08:061][437]LogOutputDevice: Error: [Callstack] 0x00007ff6c76c40dd UE4Editor.exe!UnknownFunction []
[2025.11.23-16.09.08:061][437]LogOutputDevice: Error: [Callstack] 0x00007ff6c76d5984 UE4Editor.exe!UnknownFunction []
[2025.11.23-16.09.08:061][437]LogOutputDevice: Error: [Callstack] 0x00007ff6c76d853a UE4Editor.exe!UnknownFunction []
[2025.11.23-16.09.08:061][437]LogOutputDevice: Error: [Callstack] 0x00007ffdf4ade8d7 KERNEL32.DLL!UnknownFunction []
[2025.11.23-16.09.08:061][437]LogOutputDevice: Error: [Callstack] 0x00007ffdf5a6c53c ntdll.dll!UnknownFunction []
[2025.11.23-16.09.08:061][437]LogOutputDevice: Error: 
[2025.11.23-16.09.08:185][437]LogStats:                SubmitErrorReport -  0.000 s
[2025.11.23-16.09.11:219][437]LogStats:                    SendNewReport -  3.033 s
[2025.11.23-16.09.11:219][437]LogStats:             FDebug::EnsureFailed -  3.301 s
[2025.11.23-16.09.11:230][438]LogAudioMixer: Resetting audio stream to device id 
[2025.11.23-16.09.11:241][438]LogAudioMixer: Display: 0: FrontLeft
[2025.11.23-16.09.11:241][438]LogAudioMixer: Display: 1: FrontRight
[2025.11.23-16.09.38:159][ 15]BlueprintLog: New page: Compile Player_BP
[2025.11.23-16.09.38:250][ 15]LogUObjectHash: Compacting FUObjectHashTables data took   3.09ms
[2025.11.23-16.09.38:323][ 15]Cmd: OBJ SAVEPACKAGE PACKAGE="/Game/Player/Blueprints/Player_BP" FILE="E:/Unreal/Fumec_DevGames/Content/Player/Blueprints/Player_BP.uasset" SILENT=true
[2025.11.23-16.09.38:668][ 15]LogSavePackage: Moving 'E:/Unreal/Fumec_DevGames/Saved/Player_BPD7E474F445E383F6850735AE4CA8DE4A.tmp' to 'E:/Unreal/Fumec_DevGames/Content/Player/Blueprints/Player_BP.uasset'
[2025.11.23-16.09.38:694][ 15]AssetCheck: New page: Asset Save: Player_BP
[2025.11.23-16.09.38:695][ 15]LogContentValidation: Display: Validating Blueprint /Game/Player/Blueprints/Player_BP.Player_BP
[2025.11.23-16.09.38:827][ 15]LogSlate: Took 0.009999 seconds to synchronously load lazily loaded font '../../../Engine/Content/Slate/Fonts/DroidSansMono.ttf' (77K)
[2025.11.23-16.09.39:239][ 37]Cmd: OBJ SAVEPACKAGE PACKAGE="/Game/Player/Blueprints/Player_BP" FILE="E:/Unreal/Fumec_DevGames/Content/Player/Blueprints/Player_BP.uasset" SILENT=true
[2025.11.23-16.09.39:344][ 37]LogSavePackage: Moving 'E:/Unreal/Fumec_DevGames/Saved/Player_BP13F74844498B4688898A36AEB87F65A0.tmp' to 'E:/Unreal/Fumec_DevGames/Content/Player/Blueprints/Player_BP.uasset'
[2025.11.23-16.09.39:362][ 37]AssetCheck: New page: Asset Save: Player_BP
[2025.11.23-16.09.39:362][ 37]LogContentValidation: Display: Validating Blueprint /Game/Player/Blueprints/Player_BP.Player_BP
[2025.11.23-19.12.32:335][686]LogTemp: Repeating last play command: Selected Viewport
[2025.11.23-19.12.32:346][686]LogPlayLevel: PlayLevel: No blueprints needed recompiling
[2025.11.23-19.12.32:347][686]PIE: New page: PIE session: MainMenu (Nov 23, 2025, 1:12:32 PM)
[2025.11.23-19.12.32:348][686]LogPlayLevel: Creating play world package: /Game/Mapas/Menu/UEDPIE_0_MainMenu
[2025.11.23-19.12.32:356][686]LogPlayLevel: PIE: StaticDuplicateObject took: (0.006793s)
[2025.11.23-19.12.32:358][686]LogAIModule: Creating AISystem for world MainMenu
[2025.11.23-19.12.32:359][686]LogPlayLevel: PIE: World Init took: (0.003728s)
[2025.11.23-19.12.32:359][686]LogPlayLevel: PIE: Created PIE world by copying editor world from /Game/Mapas/Menu/MainMenu.MainMenu to /Game/Mapas/Menu/UEDPIE_0_MainMenu.MainMenu (0.011510s)
[2025.11.23-19.12.32:455][686]LogUObjectHash: Compacting FUObjectHashTables data took   8.76ms
[2025.11.23-19.12.32:459][686]LogAudio: Display: Creating Audio Device:                 Id: 3, Scope: Unique, Realtime: True
[2025.11.23-19.12.32:460][686]LogAudioMixer: Display: Audio Mixer Platform Settings:
[2025.11.23-19.12.32:460][686]LogAudioMixer: Display: 	Sample Rate:						  48000
[2025.11.23-19.12.32:460][686]LogAudioMixer: Display: 	Callback Buffer Frame Size Requested: 1024
[2025.11.23-19.12.32:460][686]LogAudioMixer: Display: 	Callback Buffer Frame Size To Use:	  1024
[2025.11.23-19.12.32:460][686]LogAudioMixer: Display: 	Number of buffers to queue:			  2
[2025.11.23-19.12.32:460][686]LogAudioMixer: Display: 	Max Channels (voices):				  32
[2025.11.23-19.12.32:460][686]LogAudioMixer: Display: 	Number of Async Source Workers:		  0
[2025.11.23-19.12.32:460][686]LogAudio: Display: AudioDevice MaxSources: 32
[2025.11.23-19.12.32:460][686]LogAudio: Display: Audio Spatialization Plugin: None (built-in).
[2025.11.23-19.12.32:460][686]LogAudio: Display: Audio Reverb Plugin: None (built-in).
[2025.11.23-19.12.32:460][686]LogAudio: Display: Audio Occlusion Plugin: None (built-in).
[2025.11.23-19.12.32:460][686]LogAudioMixer: Display: Initializing audio mixer.
[2025.11.23-19.12.32:468][686]LogAudioMixer: Display: 0: FrontLeft
[2025.11.23-19.12.32:468][686]LogAudioMixer: Display: 1: FrontRight
[2025.11.23-19.12.32:488][686]LogAudioMixer: Display: Using Audio Device Alto-falantes (F998)
[2025.11.23-19.12.32:490][686]LogAudioMixer: Display: Initializing Sound Submixes...
[2025.11.23-19.12.32:490][686]LogAudioMixer: Display: Creating Master Submix 'MasterSubmixDefault'
[2025.11.23-19.12.32:490][686]LogAudioMixer: Display: Creating Master Submix 'MasterReverbSubmixDefault'
[2025.11.23-19.12.32:494][686]LogAudioMixer: Display: Creating Master Submix 'MasterEQSubmixDefault'
[2025.11.23-19.12.32:494][686]LogAudioMixer: FMixerPlatformXAudio2::StartAudioStream() called
[2025.11.23-19.12.32:494][686]LogAudioMixer: Display: Output buffers initialized: Frames=1024, Channels=2, Samples=2048
[2025.11.23-19.12.32:497][686]LogAudioMixer: Display: Starting AudioMixerPlatformInterface::RunInternal()
[2025.11.23-19.12.32:498][686]LogAudioMixer: Display: FMixerPlatformXAudio2::SubmitBuffer() called for the first time
[2025.11.23-19.12.32:498][686]LogInit: FAudioDevice initialized.
[2025.11.23-19.12.32:498][686]LogAudio: Display: Audio Device (ID: 3) registered with world 'MainMenu'.
[2025.11.23-19.12.32:555][686]LogSlate: Updating window title bar state: overlay mode, drag disabled, window buttons hidden, title bar hidden
[2025.11.23-19.12.32:556][686]LogLoad: Game class is 'GameMode'
[2025.11.23-19.12.32:558][686]LogWorld: Bringing World /Game/Mapas/Menu/UEDPIE_0_MainMenu.MainMenu up for play (max tick rate 60) at 2025.11.23-16.12.32
[2025.11.23-19.12.32:558][686]LogWorld: Bringing up level for play took: 0.001221
[2025.11.23-19.12.32:558][686]LogOnline: OSS: Creating online subsystem instance for: :Context_3
[2025.11.23-19.12.32:563][686]LogGameMode: FindPlayerStart: PATHS NOT DEFINED or NO PLAYERSTART with positive rating
[2025.11.23-19.12.32:565][686]LogGameMode: Display: Match State Changed from EnteringMap to WaitingToStart
[2025.11.23-19.12.32:565][686]LogGameState: Match State Changed from EnteringMap to WaitingToStart
[2025.11.23-19.12.32:565][686]LogGameMode: Display: Match State Changed from WaitingToStart to InProgress
[2025.11.23-19.12.32:568][686]LogGameState: Match State Changed from WaitingToStart to InProgress
[2025.11.23-19.12.32:589][686]PIE: Server logged in
[2025.11.23-19.12.32:592][686]PIE: Play in editor total start time 0.247 seconds.
[2025.11.23-19.12.32:643][687]LogRenderer: Reallocating scene render targets to support 1528x792 Format 10 NumSamples 1 (Frame:1).
[2025.11.23-19.12.35:402][831]LogSlate: Updating window title bar state: overlay mode, drag disabled, window buttons hidden, title bar hidden
[2025.11.23-19.12.35:402][831]LogWorld: BeginTearingDown for /Game/Mapas/Menu/UEDPIE_0_MainMenu
[2025.11.23-19.12.35:402][831]LogSlate: Window 'ColunaDoendoSamurai Preview [NetMode: Standalone]  (64-bit/Windows) ' being destroyed
[2025.11.23-19.12.35:407][831]LogWorld: UWorld::CleanupWorld for MainMenu, bSessionEnded=true, bCleanupResources=true
[2025.11.23-19.12.35:407][831]LogSlate: InvalidateAllWidgets triggered.  All widgets were invalidated
[2025.11.23-19.12.35:420][831]LogPlayLevel: Display: Shutting down PIE online subsystems
[2025.11.23-19.12.35:425][831]LogSlate: InvalidateAllWidgets triggered.  All widgets were invalidated
[2025.11.23-19.12.35:453][831]LogAudio: Display: Audio Device unregistered from world 'None'.
[2025.11.23-19.12.35:453][831]LogAudioMixer: FMixerPlatformXAudio2::StopAudioStream() called
[2025.11.23-19.12.35:455][831]LogAudioMixer: FMixerPlatformXAudio2::StopAudioStream() called
[2025.11.23-19.12.35:462][831]LogUObjectHash: Compacting FUObjectHashTables data took   2.31ms
[2025.11.23-19.12.35:492][832]LogPlayLevel: Display: Destroying online subsystem :Context_3
[2025.11.23-19.12.36:156][870]LogTemp: Repeating last play command: Selected Viewport
[2025.11.23-19.12.36:167][870]LogPlayLevel: PlayLevel: No blueprints needed recompiling
[2025.11.23-19.12.36:168][870]PIE: New page: PIE session: MainMenu (Nov 23, 2025, 1:12:36 PM)
[2025.11.23-19.12.36:168][870]LogPlayLevel: Creating play world package: /Game/Mapas/Menu/UEDPIE_0_MainMenu
[2025.11.23-19.12.36:169][870]LogPlayLevel: PIE: StaticDuplicateObject took: (0.001513s)
[2025.11.23-19.12.36:172][870]LogAIModule: Creating AISystem for world MainMenu
[2025.11.23-19.12.36:173][870]LogPlayLevel: PIE: World Init took: (0.002792s)
[2025.11.23-19.12.36:173][870]LogPlayLevel: PIE: Created PIE world by copying editor world from /Game/Mapas/Menu/MainMenu.MainMenu to /Game/Mapas/Menu/UEDPIE_0_MainMenu.MainMenu (0.004526s)
[2025.11.23-19.12.36:196][870]LogUObjectHash: Compacting FUObjectHashTables data took   2.28ms
[2025.11.23-19.12.36:197][870]LogAudio: Display: Creating Audio Device:                 Id: 4, Scope: Unique, Realtime: True
[2025.11.23-19.12.36:197][870]LogAudioMixer: Display: Audio Mixer Platform Settings:
[2025.11.23-19.12.36:197][870]LogAudioMixer: Display: 	Sample Rate:						  48000
[2025.11.23-19.12.36:197][870]LogAudioMixer: Display: 	Callback Buffer Frame Size Requested: 1024
[2025.11.23-19.12.36:197][870]LogAudioMixer: Display: 	Callback Buffer Frame Size To Use:	  1024
[2025.11.23-19.12.36:197][870]LogAudioMixer: Display: 	Number of buffers to queue:			  2
[2025.11.23-19.12.36:197][870]LogAudioMixer: Display: 	Max Channels (voices):				  32
[2025.11.23-19.12.36:197][870]LogAudioMixer: Display: 	Number of Async Source Workers:		  0
[2025.11.23-19.12.36:197][870]LogAudio: Display: AudioDevice MaxSources: 32
[2025.11.23-19.12.36:198][870]LogAudio: Display: Audio Spatialization Plugin: None (built-in).
[2025.11.23-19.12.36:198][870]LogAudio: Display: Audio Reverb Plugin: None (built-in).
[2025.11.23-19.12.36:198][870]LogAudio: Display: Audio Occlusion Plugin: None (built-in).
[2025.11.23-19.12.36:198][870]LogAudioMixer: Display: Initializing audio mixer.
[2025.11.23-19.12.36:204][870]LogAudioMixer: Display: 0: FrontLeft
[2025.11.23-19.12.36:204][870]LogAudioMixer: Display: 1: FrontRight
[2025.11.23-19.12.36:222][870]LogAudioMixer: Display: Using Audio Device Alto-falantes (F998)
[2025.11.23-19.12.36:223][870]LogAudioMixer: Display: Initializing Sound Submixes...
[2025.11.23-19.12.36:223][870]LogAudioMixer: Display: Creating Master Submix 'MasterSubmixDefault'
[2025.11.23-19.12.36:223][870]LogAudioMixer: Display: Creating Master Submix 'MasterReverbSubmixDefault'
[2025.11.23-19.12.36:224][870]LogAudioMixer: Display: Creating Master Submix 'MasterEQSubmixDefault'
[2025.11.23-19.12.36:224][870]LogAudioMixer: FMixerPlatformXAudio2::StartAudioStream() called
[2025.11.23-19.12.36:224][870]LogAudioMixer: Display: Output buffers initialized: Frames=1024, Channels=2, Samples=2048
[2025.11.23-19.12.36:226][870]LogAudioMixer: Display: Starting AudioMixerPlatformInterface::RunInternal()
[2025.11.23-19.12.36:226][870]LogAudioMixer: Display: FMixerPlatformXAudio2::SubmitBuffer() called for the first time
[2025.11.23-19.12.36:226][870]LogInit: FAudioDevice initialized.
[2025.11.23-19.12.36:226][870]LogAudio: Display: Audio Device (ID: 4) registered with world 'MainMenu'.
[2025.11.23-19.12.36:288][870]LogSlate: Updating window title bar state: overlay mode, drag disabled, window buttons hidden, title bar hidden
[2025.11.23-19.12.36:288][870]LogLoad: Game class is 'GameMode'
[2025.11.23-19.12.36:290][870]LogWorld: Bringing World /Game/Mapas/Menu/UEDPIE_0_MainMenu.MainMenu up for play (max tick rate 60) at 2025.11.23-16.12.36
[2025.11.23-19.12.36:290][870]LogWorld: Bringing up level for play took: 0.000770
[2025.11.23-19.12.36:291][870]LogOnline: OSS: Creating online subsystem instance for: :Context_4
[2025.11.23-19.12.36:293][870]LogGameMode: FindPlayerStart: PATHS NOT DEFINED or NO PLAYERSTART with positive rating
[2025.11.23-19.12.36:294][870]LogGameMode: Display: Match State Changed from EnteringMap to WaitingToStart
[2025.11.23-19.12.36:294][870]LogGameState: Match State Changed from EnteringMap to WaitingToStart
[2025.11.23-19.12.36:294][870]LogGameMode: Display: Match State Changed from WaitingToStart to InProgress
[2025.11.23-19.12.36:295][870]LogGameState: Match State Changed from WaitingToStart to InProgress
[2025.11.23-19.12.36:300][870]PIE: Server logged in
[2025.11.23-19.12.36:303][870]PIE: Play in editor total start time 0.136 seconds.
[2025.11.23-19.12.36:342][871]LogRenderer: Reallocating scene render targets to support 1532x796 Format 10 NumSamples 1 (Frame:1).
[2025.11.23-19.12.53:955][465]LogGameMode: Display: Match State Changed from InProgress to LeavingMap
[2025.11.23-19.12.53:956][465]LogGameState: Match State Changed from InProgress to LeavingMap
[2025.11.23-19.12.53:956][465]LogNet: Browse: /Game/Mapas/Fases/MapaInicialAr/MapaInicial
[2025.11.23-19.12.53:956][465]LogLoad: LoadMap: /Game/Mapas/Fases/MapaInicialAr/MapaInicial
[2025.11.23-19.12.53:956][465]LogWorld: BeginTearingDown for /Game/Mapas/Menu/UEDPIE_0_MainMenu
[2025.11.23-19.12.53:956][465]LogWorld: UWorld::CleanupWorld for MainMenu, bSessionEnded=true, bCleanupResources=true
[2025.11.23-19.12.53:957][465]LogSlate: InvalidateAllWidgets triggered.  All widgets were invalidated
[2025.11.23-19.12.53:984][465]LogAudio: Display: Audio Device unregistered from world 'None'.
[2025.11.23-19.12.53:988][465]LogUObjectHash: Compacting FUObjectHashTables data took   2.55ms
[2025.11.23-19.12.54:225][465]LogAudio: Display: Audio Device (ID: 4) registered with world 'MapaInicial'.
[2025.11.23-19.12.54:226][465]LogAIModule: Creating AISystem for world MapaInicial
[2025.11.23-19.12.54:227][465]LogLoad: Game class is 'GameModeRL_C'
[2025.11.23-19.12.54:230][465]LogWorld: Bringing World /Game/Mapas/Fases/MapaInicialAr/UEDPIE_0_MapaInicial.MapaInicial up for play (max tick rate 60) at 2025.11.23-16.12.54
[2025.11.23-19.12.54:230][465]LogWorld: Bringing up level for play took: 0.002921
[2025.11.23-19.12.54:235][465]LogLoad: Took 0.278045 seconds to LoadMap(/Game/Mapas/Fases/MapaInicialAr/MapaInicial)
[2025.11.23-19.12.58:643][718]LogNet: Browse: /Game/Mapas/Fases/MapadeTeste/MapadeTeste
[2025.11.23-19.12.58:643][718]LogLoad: LoadMap: /Game/Mapas/Fases/MapadeTeste/MapadeTeste
[2025.11.23-19.12.58:643][718]LogWorld: BeginTearingDown for /Game/Mapas/Fases/MapaInicialAr/UEDPIE_0_MapaInicial
[2025.11.23-19.12.58:644][718]LogWorld: UWorld::CleanupWorld for MapaInicial, bSessionEnded=true, bCleanupResources=true
[2025.11.23-19.12.58:644][718]LogSlate: InvalidateAllWidgets triggered.  All widgets were invalidated
[2025.11.23-19.12.58:696][718]LogAudio: Display: Audio Device unregistered from world 'None'.
[2025.11.23-19.12.58:699][718]LogUObjectHash: Compacting FUObjectHashTables data took   2.31ms
[2025.11.23-19.12.59:028][718]LogAudio: Display: Audio Device (ID: 4) registered with world 'MapadeTeste'.
[2025.11.23-19.12.59:029][718]LogAIModule: Creating AISystem for world MapadeTeste
[2025.11.23-19.12.59:029][718]LogLoad: Game class is 'GameModeRL_C'
[2025.11.23-19.12.59:033][718]LogWorld: Bringing World /Game/Mapas/Fases/MapadeTeste/UEDPIE_0_MapadeTeste.MapadeTeste up for play (max tick rate 60) at 2025.11.23-16.12.59
[2025.11.23-19.12.59:034][718]LogWorld: Bringing up level for play took: 0.003628
[2025.11.23-19.12.59:037][718]LogLoad: Took 0.394465 seconds to LoadMap(/Game/Mapas/Fases/MapadeTeste/MapadeTeste)
[2025.11.23-19.13.16:612][713]LogSlate: Updating window title bar state: overlay mode, drag disabled, window buttons hidden, title bar hidden
[2025.11.23-19.13.16:613][713]LogWorld: BeginTearingDown for /Game/Mapas/Fases/MapadeTeste/UEDPIE_0_MapadeTeste
[2025.11.23-19.13.16:614][713]LogSlate: Window 'ColunaDoendoSamurai Preview [NetMode: Standalone]  (64-bit/Windows) ' being destroyed
[2025.11.23-19.13.16:622][713]LogWorld: UWorld::CleanupWorld for MapadeTeste, bSessionEnded=true, bCleanupResources=true
[2025.11.23-19.13.16:622][713]LogSlate: InvalidateAllWidgets triggered.  All widgets were invalidated
[2025.11.23-19.13.16:636][713]LogPlayLevel: Display: Shutting down PIE online subsystems
[2025.11.23-19.13.16:639][713]LogSlate: InvalidateAllWidgets triggered.  All widgets were invalidated
[2025.11.23-19.13.16:659][713]LogAudioMixer: FMixerPlatformXAudio2::StopAudioStream() called
[2025.11.23-19.13.16:660][713]LogAudioMixer: FMixerPlatformXAudio2::StopAudioStream() called
[2025.11.23-19.13.16:667][713]LogUObjectHash: Compacting FUObjectHashTables data took   1.94ms
[2025.11.23-19.13.16:693][714]LogPlayLevel: Display: Destroying online subsystem :Context_4
[2025.11.23-19.18.18:531][494]LogContentBrowser: Deferred new asset folder creation: NewFolder
[2025.11.23-19.18.18:545][494]LogContentBrowser: Creating deferred item: NewFolder
[2025.11.23-19.18.21:653][680]LogContentBrowser: Attempting asset rename: NewFolder -> Audios
[2025.11.23-19.18.21:654][680]LogContentBrowser: End creating deferred item NewFolder
[2025.11.24-01.24.56:514][453]LogWindowsDesktop: Alt-F4 pressed!
[2025.11.24-01.24.56:777][453]LogUObjectHash: Compacting FUObjectHashTables data took  21.10ms
[2025.11.24-01.24.57:401][453]LogWorld: UWorld::CleanupWorld for World_0, bSessionEnded=true, bCleanupResources=true
[2025.11.24-01.24.57:403][453]LogSlate: InvalidateAllWidgets triggered.  All widgets were invalidated
[2025.11.24-01.24.57:788][453]LogSlate: Window 'ColunaDoendoSamurai - Unreal Editor' being destroyed
[2025.11.24-01.24.58:100][454]Cmd: QUIT_EDITOR
[2025.11.24-01.24.58:100][454]LogCore: Engine exit requested (reason: UUnrealEdEngine::CloseEditor())
[2025.11.24-01.24.58:111][454]LogCore: Engine exit requested (reason: EngineExit() was called; note: exit was already requested)
[2025.11.24-01.24.59:038][454]LogAudio: Display: Beginning Audio Device Manager Shutdown (Module: AudioMixerXAudio2)...
[2025.11.24-01.24.59:038][454]LogAudio: Display: Destroying 1 Remaining Audio Device(s)...
[2025.11.24-01.24.59:040][454]LogAudio: Display: Audio Device unregistered from world 'MainMenu'.
[2025.11.24-01.24.59:041][454]LogAudioMixer: FMixerPlatformXAudio2::StopAudioStream() called
[2025.11.24-01.24.59:045][454]LogAudioMixer: FMixerPlatformXAudio2::StopAudioStream() called
[2025.11.24-01.24.59:077][454]LogAudio: Display: Audio Device Manager Shutdown
[2025.11.24-01.24.59:078][454]LogWindowsTextInputMethodSystem: Display: IME system deactivated.
[2025.11.24-01.24.59:098][454]LogExit: Preparing to exit.
[2025.11.24-01.24.59:333][454]LogUObjectHash: Compacting FUObjectHashTables data took   3.57ms
[2025.11.24-01.25.00:088][454]LogWorld: UWorld::CleanupWorld for None, bSessionEnded=true, bCleanupResources=true
[2025.11.24-01.25.00:094][454]LogExit: Editor shut down
[2025.11.24-01.25.00:103][454]LogExit: Transaction tracking system shut down
[2025.11.24-01.25.00:124][454]LogDemo: Cleaned up 0 splitscreen connections with owner deletion
[2025.11.24-01.25.01:201][454]LogExit: Object subsystem successfully closed.
[2025.11.24-01.25.01:239][454]LogShaderCompilers: Display: === FShaderJobCache stats ===
[2025.11.24-01.25.01:239][454]LogShaderCompilers: Display: Total job queries 0, among them cache hits 0 (0.00%)
[2025.11.24-01.25.01:239][454]LogShaderCompilers: Display: Tracking 0 distinct input hashes that result in 0 distinct outputs (0.00%)
[2025.11.24-01.25.01:240][454]LogShaderCompilers: Display: RAM used: 0.00 MB (0.00 GB) of 716.80 MB (0.70 GB) budget. Usage: 0.00%
[2025.11.24-01.25.01:240][454]LogShaderCompilers: Display: ================================================
[2025.11.24-01.25.01:273][454]LogShaderCompilers: Display: Shaders left to compile 0
[2025.11.24-01.25.01:446][454]LogModuleManager: Shutting down and abandoning module BlueprintGraph (876)
[2025.11.24-01.25.01:448][454]LogModuleManager: Shutting down and abandoning module MovieSceneCapture (874)
[2025.11.24-01.25.01:448][454]LogModuleManager: Shutting down and abandoning module Voice (872)
[2025.11.24-01.25.01:448][454]LogModuleManager: Shutting down and abandoning module HierarchicalLODOutliner (870)
[2025.11.24-01.25.01:449][454]LogModuleManager: Shutting down and abandoning module SceneOutliner (868)
[2025.11.24-01.25.01:449][454]LogModuleManager: Shutting down and abandoning module AddContentDialog (866)
[2025.11.24-01.25.01:462][454]LogModuleManager: Shutting down and abandoning module WidgetCarousel (865)
[2025.11.24-01.25.01:462][454]LogModuleManager: Shutting down and abandoning module EditorWidgets (862)
[2025.11.24-01.25.01:462][454]LogModuleManager: Shutting down and abandoning module StatsViewer (860)
[2025.11.24-01.25.01:463][454]LogModuleManager: Shutting down and abandoning module PIEPreviewDeviceProfileSelector (858)
[2025.11.24-01.25.01:463][454]LogModuleManager: Shutting down and abandoning module SequenceRecorderSections (856)
[2025.11.24-01.25.01:463][454]LogModuleManager: Shutting down and abandoning module AutomationWorker (854)
[2025.11.24-01.25.01:464][454]LogModuleManager: Shutting down and abandoning module SteamVREditor (852)
[2025.11.24-01.25.01:464][454]LogModuleManager: Shutting down and abandoning module OculusMR (850)
[2025.11.24-01.25.01:464][454]LogModuleManager: Shutting down and abandoning module TakeRecorderSources (848)
[2025.11.24-01.25.01:465][454]LogModuleManager: Shutting down and abandoning module TakeRecorder (847)
[2025.11.24-01.25.01:468][454]LogModuleManager: Shutting down and abandoning module TakeTrackRecorders (844)
[2025.11.24-01.25.01:468][454]LogModuleManager: Shutting down and abandoning module TakesCore (842)
[2025.11.24-01.25.01:469][454]LogModuleManager: Shutting down and abandoning module OpenXRInput (840)
[2025.11.24-01.25.01:469][454]LogModuleManager: Shutting down and abandoning module GooglePADEditor (838)
[2025.11.24-01.25.01:469][454]LogModuleManager: Shutting down and abandoning module AudioCaptureEditor (836)
[2025.11.24-01.25.01:469][454]LogModuleManager: Shutting down and abandoning module TemplateSequenceEditor (834)
[2025.11.24-01.25.01:470][454]LogModuleManager: Shutting down and abandoning module LevelSequenceEditor (832)
[2025.11.24-01.25.01:471][454]LogModuleManager: Shutting down and abandoning module MatineeToLevelSequence (830)
[2025.11.24-01.25.01:472][454]LogModuleManager: Shutting down and abandoning module ActorSequenceEditor (828)
[2025.11.24-01.25.01:472][454]LogModuleManager: Shutting down and abandoning module WebMMediaFactory (826)
[2025.11.24-01.25.01:472][454]LogModuleManager: Shutting down and abandoning module WebMMediaEditor (824)
[2025.11.24-01.25.01:472][454]LogModuleManager: Shutting down and abandoning module WebMMedia (822)
[2025.11.24-01.25.01:472][454]LogModuleManager: Shutting down and abandoning module WmfMediaFactory (820)
[2025.11.24-01.25.01:472][454]LogModuleManager: Shutting down and abandoning module WmfMediaEditor (818)
[2025.11.24-01.25.01:472][454]LogModuleManager: Shutting down and abandoning module MediaPlayerEditor (816)
[2025.11.24-01.25.01:473][454]LogModuleManager: Shutting down and abandoning module MediaCompositingEditor (814)
[2025.11.24-01.25.01:474][454]LogModuleManager: Shutting down and abandoning module SequenceRecorder (813)
[2025.11.24-01.25.01:474][454]LogModuleManager: Shutting down and abandoning module OpenExrWrapper (810)
[2025.11.24-01.25.01:474][454]LogModuleManager: Shutting down and abandoning module ImgMediaFactory (808)
[2025.11.24-01.25.01:474][454]LogModuleManager: Shutting down and abandoning module ImgMediaEditor (806)
[2025.11.24-01.25.01:474][454]LogModuleManager: Shutting down and abandoning module AvfMediaFactory (804)
[2025.11.24-01.25.01:474][454]LogModuleManager: Shutting down and abandoning module AvfMediaEditor (802)
[2025.11.24-01.25.01:474][454]LogModuleManager: Shutting down and abandoning module AndroidMediaFactory (800)
[2025.11.24-01.25.01:474][454]LogModuleManager: Shutting down and abandoning module AndroidMediaEditor (798)
[2025.11.24-01.25.01:474][454]LogModuleManager: Shutting down and abandoning module MagicLeapMediaCodecFactory (796)
[2025.11.24-01.25.01:474][454]LogModuleManager: Shutting down and abandoning module MagicLeapMediaFactory (794)
[2025.11.24-01.25.01:474][454]LogModuleManager: Shutting down and abandoning module MagicLeapMediaEditor (792)
[2025.11.24-01.25.01:474][454]LogModuleManager: Shutting down and abandoning module PlanarCut (790)
[2025.11.24-01.25.01:474][454]LogModuleManager: Shutting down and abandoning module TextureAlignMode (788)
[2025.11.24-01.25.01:474][454]LogModuleManager: Shutting down and abandoning module BspMode (786)
[2025.11.24-01.25.01:476][454]LogModuleManager: Shutting down and abandoning module GeometryMode (784)
[2025.11.24-01.25.01:476][454]LogModuleManager: Shutting down and abandoning module CharacterAI (782)
[2025.11.24-01.25.01:476][454]LogModuleManager: Shutting down and abandoning module CameraShakePreviewer (780)
[2025.11.24-01.25.01:477][454]LogModuleManager: Shutting down and abandoning module SmartSnapping (778)
[2025.11.24-01.25.01:477][454]LogModuleManager: Shutting down and abandoning module SessionServices (776)
[2025.11.24-01.25.01:477][454]LogModuleManager: Shutting down and abandoning module MeshPaint (774)
[2025.11.24-01.25.01:478][454]LogModuleManager: Shutting down and abandoning module VirtualTexturingEditor (772)
[2025.11.24-01.25.01:478][454]LogModuleManager: Shutting down and abandoning module FoliageEdit (770)
[2025.11.24-01.25.01:480][454]LogModuleManager: Shutting down and abandoning module LandscapeEditor (768)
[2025.11.24-01.25.01:482][454]LogModuleManager: Shutting down and abandoning module MeshPaintMode (766)
[2025.11.24-01.25.01:483][454]LogModuleManager: Shutting down and abandoning module SceneDepthPickerMode (764)
[2025.11.24-01.25.01:483][454]LogModuleManager: Shutting down and abandoning module ActorPickerMode (762)
[2025.11.24-01.25.01:483][454]LogModuleManager: Shutting down and abandoning module PlacementMode (760)
[2025.11.24-01.25.01:483][454]LogModuleManager: Shutting down and abandoning module ViewportSnapping (758)
[2025.11.24-01.25.01:483][454]LogModuleManager: Shutting down and abandoning module ViewportInteraction (756)
[2025.11.24-01.25.01:483][454]LogModuleManager: Shutting down and abandoning module ClothPainter (754)
[2025.11.24-01.25.01:484][454]LogModuleManager: Shutting down and abandoning module SkeletalMeshEditor (753)
[2025.11.24-01.25.01:485][454]LogModuleManager: Shutting down and abandoning module LogVisualizer (750)
[2025.11.24-01.25.01:486][454]LogModuleManager: Shutting down and abandoning module IntroTutorials (748)
[2025.11.24-01.25.01:487][454]LogModuleManager: Shutting down and abandoning module GameProjectGeneration (747)
[2025.11.24-01.25.01:488][454]LogModuleManager: Shutting down and abandoning module LuminPlatformEditor (744)
[2025.11.24-01.25.01:488][454]LogModuleManager: Shutting down and abandoning module IOSPlatformEditor (742)
[2025.11.24-01.25.01:488][454]LogModuleManager: Shutting down and abandoning module AndroidPlatformEditor (740)
[2025.11.24-01.25.01:488][454]LogModuleManager: Shutting down and abandoning module AndroidDeviceDetection (739)
[2025.11.24-01.25.01:558][454]LogModuleManager: Shutting down and abandoning module WindowsPlatformEditor (736)
[2025.11.24-01.25.01:558][454]LogModuleManager: Shutting down and abandoning module LuminRuntimeSettings (734)
[2025.11.24-01.25.01:558][454]LogModuleManager: Shutting down and abandoning module IOSRuntimeSettings (732)
[2025.11.24-01.25.01:558][454]LogModuleManager: Shutting down and abandoning module AndroidRuntimeSettings (730)
[2025.11.24-01.25.01:558][454]LogModuleManager: Shutting down and abandoning module TraceInsights (728)
[2025.11.24-01.25.01:563][454]MemoryProfiler: Shutdown
[2025.11.24-01.25.01:563][454]NetworkingProfiler: Shutdown
[2025.11.24-01.25.01:563][454]LoadingProfiler: Shutdown
[2025.11.24-01.25.01:564][454]TimingProfiler: Shutdown
[2025.11.24-01.25.01:566][454]LogModuleManager: Shutting down and abandoning module TraceServices (727)
[2025.11.24-01.25.01:566][454]LogModuleManager: Shutting down and abandoning module EditorInteractiveToolsFramework (724)
[2025.11.24-01.25.01:566][454]LogModuleManager: Shutting down and abandoning module TimeManagementEditor (722)
[2025.11.24-01.25.01:567][454]LogModuleManager: Shutting down and abandoning module InputBindingEditor (720)
[2025.11.24-01.25.01:567][454]LogModuleManager: Shutting down and abandoning module MergeActors (718)
[2025.11.24-01.25.01:568][454]LogModuleManager: Shutting down and abandoning module LocalizationDashboard (716)
[2025.11.24-01.25.01:568][454]LogModuleManager: Shutting down and abandoning module LocalizationService (715)
[2025.11.24-01.25.01:568][454]LogModuleManager: Shutting down and abandoning module HardwareTargeting (712)
[2025.11.24-01.25.01:568][454]LogModuleManager: Shutting down and abandoning module DeviceProfileEditor (710)
[2025.11.24-01.25.01:570][454]LogModuleManager: Shutting down and abandoning module UndoHistory (708)
[2025.11.24-01.25.01:570][454]LogModuleManager: Shutting down and abandoning module XmlParser (706)
[2025.11.24-01.25.01:570][454]LogModuleManager: Shutting down and abandoning module Blutility (704)
[2025.11.24-01.25.01:571][454]LogModuleManager: Shutting down and abandoning module ProjectSettingsViewer (702)
[2025.11.24-01.25.01:571][454]LogModuleManager: Shutting down and abandoning module ProjectTargetPlatformEditor (701)
[2025.11.24-01.25.01:571][454]LogModuleManager: Shutting down and abandoning module EditorSettingsViewer (698)
[2025.11.24-01.25.01:571][454]LogModuleManager: Shutting down and abandoning module InternationalizationSettings (697)
[2025.11.24-01.25.01:572][454]LogModuleManager: Shutting down and abandoning module SettingsEditor (694)
[2025.11.24-01.25.01:572][454]LogModuleManager: Shutting down and abandoning module ProjectLauncher (692)
[2025.11.24-01.25.01:572][454]LogModuleManager: Shutting down and abandoning module SessionFrontend (690)
[2025.11.24-01.25.01:573][454]LogModuleManager: Shutting down and abandoning module ProfilerClient (688)
[2025.11.24-01.25.01:573][454]LogModuleManager: Shutting down and abandoning module DeviceManager (686)
[2025.11.24-01.25.01:574][454]LogModuleManager: Shutting down and abandoning module TargetDeviceServices (685)
[2025.11.24-01.25.01:608][454]LogModuleManager: Shutting down and abandoning module AutomationController (682)
[2025.11.24-01.25.01:608][454]LogModuleManager: Shutting down and abandoning module AutomationWindow (680)
[2025.11.24-01.25.01:608][454]LogModuleManager: Shutting down and abandoning module Layers (678)
[2025.11.24-01.25.01:610][454]LogModuleManager: Shutting down and abandoning module ComponentVisualizers (676)
[2025.11.24-01.25.01:610][454]LogModuleManager: Shutting down and abandoning module DetailCustomizations (674)
[2025.11.24-01.25.01:611][454]LogModuleManager: Shutting down and abandoning module PackagesDialog (672)
[2025.11.24-01.25.01:613][454]LogModuleManager: Shutting down and abandoning module AnimationBlueprintEditor (670)
[2025.11.24-01.25.01:614][454]LogModuleManager: Shutting down and abandoning module Persona (668)
[2025.11.24-01.25.01:615][454]LogModuleManager: Shutting down and abandoning module AdvancedPreviewScene (667)
[2025.11.24-01.25.01:615][454]LogModuleManager: Shutting down and abandoning module AnimGraph (665)
[2025.11.24-01.25.01:615][454]LogModuleManager: Shutting down and abandoning module Kismet (662)
[2025.11.24-01.25.01:627][454]LogModuleManager: Shutting down and abandoning module KismetWidgets (661)
[2025.11.24-01.25.01:627][454]LogModuleManager: Shutting down and abandoning module GraphEditor (658)
[2025.11.24-01.25.01:629][454]LogModuleManager: Shutting down and abandoning module StructViewer (656)
[2025.11.24-01.25.01:629][454]LogModuleManager: Shutting down and abandoning module ClassViewer (654)
[2025.11.24-01.25.01:629][454]LogModuleManager: Shutting down and abandoning module Toolbox (652)
[2025.11.24-01.25.01:629][454]LogModuleManager: Shutting down and abandoning module ModuleUI (650)
[2025.11.24-01.25.01:629][454]LogModuleManager: Shutting down and abandoning module OutputLog (648)
[2025.11.24-01.25.01:630][454]LogModuleManager: Shutting down and abandoning module GammaUI (646)
[2025.11.24-01.25.01:631][454]LogModuleManager: Shutting down and abandoning module Documentation (644)
[2025.11.24-01.25.01:631][454]LogModuleManager: Shutting down and abandoning module LiveCoding (642)
[2025.11.24-01.25.01:632][454]LogModuleManager: Shutting down and abandoning module LevelSequence (640)
[2025.11.24-01.25.01:632][454]LogModuleManager: Shutting down and abandoning module MovieSceneTracks (638)
[2025.11.24-01.25.01:632][454]LogModuleManager: Shutting down and abandoning module MovieScene (636)
[2025.11.24-01.25.01:633][454]LogModuleManager: Shutting down and abandoning module StreamingPauseRendering (634)
[2025.11.24-01.25.01:634][454]LogModuleManager: Shutting down and abandoning module LauncherPlatform (632)
[2025.11.24-01.25.01:634][454]LogModuleManager: Shutting down and abandoning module AnalyticsET (630)
[2025.11.24-01.25.01:634][454]LogModuleManager: Shutting down and abandoning module PortalServices (628)
[2025.11.24-01.25.01:634][454]LogModuleManager: Shutting down and abandoning module PortalRpc (626)
[2025.11.24-01.25.01:634][454]LogModuleManager: Shutting down and abandoning module MessagingRpc (624)
[2025.11.24-01.25.01:634][454]LogModuleManager: Shutting down and abandoning module AudioMixerXAudio2 (622)
[2025.11.24-01.25.01:634][454]LogModuleManager: Shutting down and abandoning module AudioMixerCore (621)
[2025.11.24-01.25.01:634][454]LogModuleManager: Shutting down and abandoning module AIModule (618)
[2025.11.24-01.25.01:635][454]LogModuleManager: Shutting down and abandoning module GameplayDebugger (617)
[2025.11.24-01.25.01:635][454]LogModuleManager: Shutting down and abandoning module AITestSuite (615)
[2025.11.24-01.25.01:635][454]LogModuleManager: Shutting down and abandoning module NavigationSystem (613)
[2025.11.24-01.25.01:635][454]LogModuleManager: Shutting down and abandoning module ImageWriteQueue (610)
[2025.11.24-01.25.01:635][454]LogModuleManager: Shutting down and abandoning module ProfilerService (608)
[2025.11.24-01.25.01:764][454]LogModuleManager: Shutting down and abandoning module TaskGraph (606)
[2025.11.24-01.25.01:765][454]LogModuleManager: Shutting down and abandoning module AudioSynesthesiaEditor (604)
[2025.11.24-01.25.01:765][454]LogModuleManager: Shutting down and abandoning module OculusEditor (602)
[2025.11.24-01.25.01:768][454]LogModuleManager: Shutting down and abandoning module OculusInput (600)
[2025.11.24-01.25.01:768][454]LogModuleManager: Shutting down and abandoning module ContentBrowserFileDataSource (598)
[2025.11.24-01.25.01:768][454]LogModuleManager: Shutting down and abandoning module ContentBrowserClassDataSource (596)
[2025.11.24-01.25.01:768][454]LogModuleManager: Shutting down and abandoning module ContentBrowserAssetDataSource (594)
[2025.11.24-01.25.01:768][454]LogModuleManager: Shutting down and abandoning module CollectionManager (593)
[2025.11.24-01.25.01:769][454]LogModuleManager: Shutting down and abandoning module TakeSequencer (590)
[2025.11.24-01.25.01:769][454]LogModuleManager: Shutting down and abandoning module TakeMovieScene (588)
[2025.11.24-01.25.01:769][454]LogModuleManager: Shutting down and abandoning module SynthesisEditor (586)
[2025.11.24-01.25.01:769][454]LogModuleManager: Shutting down and abandoning module Synthesis (584)
[2025.11.24-01.25.01:769][454]LogModuleManager: Shutting down and abandoning module ProceduralMeshComponentEditor (582)
[2025.11.24-01.25.01:770][454]LogModuleManager: Shutting down and abandoning module ProceduralMeshComponent (580)
[2025.11.24-01.25.01:770][454]LogModuleManager: Shutting down and abandoning module OpenXREditor (578)
[2025.11.24-01.25.01:770][454]LogModuleManager: Shutting down and abandoning module MobilePatchingUtils (576)
[2025.11.24-01.25.01:770][454]LogModuleManager: Shutting down and abandoning module GooglePAD (574)
[2025.11.24-01.25.01:770][454]LogModuleManager: Shutting down and abandoning module EditableMesh (572)
[2025.11.24-01.25.01:770][454]LogModuleManager: Shutting down and abandoning module CustomMeshComponent (570)
[2025.11.24-01.25.01:770][454]LogModuleManager: Shutting down and abandoning module CableComponent (568)
[2025.11.24-01.25.01:770][454]LogModuleManager: Shutting down and abandoning module AudioCapture (566)
[2025.11.24-01.25.01:770][454]LogModuleManager: Shutting down and abandoning module AudioCaptureRtAudio (565)
[2025.11.24-01.25.01:770][454]LogModuleManager: Shutting down and abandoning module AssetTags (562)
[2025.11.24-01.25.01:770][454]LogModuleManager: Shutting down and abandoning module ArchVisCharacter (560)
[2025.11.24-01.25.01:770][454]LogModuleManager: Shutting down and abandoning module AppleImageUtilsBlueprintSupport (558)
[2025.11.24-01.25.01:770][454]LogModuleManager: Shutting down and abandoning module AppleImageUtils (556)
[2025.11.24-01.25.01:770][454]LogModuleManager: Shutting down and abandoning module AndroidPermission (554)
[2025.11.24-01.25.01:770][454]LogModuleManager: Shutting down and abandoning module ScreenshotTools (552)
[2025.11.24-01.25.01:770][454]LogModuleManager: Shutting down and abandoning module ActorLayerUtilitiesEditor (550)
[2025.11.24-01.25.01:771][454]LogModuleManager: Shutting down and abandoning module ActorLayerUtilities (548)
[2025.11.24-01.25.01:771][454]LogModuleManager: Shutting down and abandoning module TemplateSequence (546)
[2025.11.24-01.25.01:771][454]LogModuleManager: Shutting down and abandoning module MediaCompositing (544)
[2025.11.24-01.25.01:771][454]LogModuleManager: Shutting down and abandoning module ImgMedia (542)
[2025.11.24-01.25.01:771][454]LogModuleManager: Shutting down and abandoning module MagicLeapSharedWorld (540)
[2025.11.24-01.25.01:771][454]LogModuleManager: Shutting down and abandoning module MagicLeapLightEstimation (538)
[2025.11.24-01.25.01:771][454]LogModuleManager: Shutting down and abandoning module MagicLeapHelperVulkan (536)
[2025.11.24-01.25.01:771][454]LogModuleManager: Shutting down and abandoning module MagicLeapHelperOpenGL (534)
[2025.11.24-01.25.01:771][454]LogModuleManager: Shutting down and abandoning module MagicLeapAudio (532)
[2025.11.24-01.25.01:771][454]LogModuleManager: Shutting down and abandoning module OpenImageDenoise (530)
[2025.11.24-01.25.01:771][454]LogOpenImageDenoise: OIDN shutting down
[2025.11.24-01.25.01:771][454]LogModuleManager: Shutting down and abandoning module MotoSynthEditor (528)
[2025.11.24-01.25.01:771][454]LogModuleManager: Shutting down and abandoning module MotoSynth (526)
[2025.11.24-01.25.01:771][454]LogModuleManager: Shutting down and abandoning module NiagaraEditorWidgets (524)
[2025.11.24-01.25.01:773][454]LogModuleManager: Shutting down and abandoning module MeshConversion (522)
[2025.11.24-01.25.01:773][454]LogModuleManager: Shutting down and abandoning module DynamicMesh (520)
[2025.11.24-01.25.01:774][454]LogModuleManager: Shutting down and abandoning module GeometryAlgorithms (518)
[2025.11.24-01.25.01:774][454]LogModuleManager: Shutting down and abandoning module GeometricObjects (516)
[2025.11.24-01.25.01:775][454]LogModuleManager: Shutting down and abandoning module SpeedTreeImporter (514)
[2025.11.24-01.25.01:775][454]LogModuleManager: Shutting down and abandoning module GeometryCollectionTracks (512)
[2025.11.24-01.25.01:775][454]LogModuleManager: Shutting down and abandoning module GeometryCollectionSequencer (511)
[2025.11.24-01.25.01:775][454]LogModuleManager: Shutting down and abandoning module GeometryCollectionEditor (508)
[2025.11.24-01.25.01:775][454]LogModuleManager: Shutting down and abandoning module PluginBrowser (506)
[2025.11.24-01.25.01:776][454]LogModuleManager: Shutting down and abandoning module MobileLauncherProfileWizard (504)
[2025.11.24-01.25.01:777][454]LogModuleManager: Shutting down and abandoning module GeometryCacheTracks (502)
[2025.11.24-01.25.01:777][454]LogModuleManager: Shutting down and abandoning module GeometryCacheStreamer (500)
[2025.11.24-01.25.01:777][454]LogModuleManager: Shutting down and abandoning module GeometryCacheSequencer (498)
[2025.11.24-01.25.01:777][454]LogModuleManager: Shutting down and abandoning module MaterialAnalyzer (496)
[2025.11.24-01.25.01:778][454]LogModuleManager: Shutting down and abandoning module ChaosNiagara (494)
[2025.11.24-01.25.01:778][454]LogModuleManager: Shutting down and abandoning module CurveEditorTools (492)
[2025.11.24-01.25.01:780][454]LogModuleManager: Shutting down and abandoning module ChaosSolverEditor (490)
[2025.11.24-01.25.01:780][454]LogModuleManager: Shutting down and abandoning module FractureEditor (488)
[2025.11.24-01.25.01:780][454]LogModuleManager: Shutting down and abandoning module FieldSystemEngine (487)
[2025.11.24-01.25.01:780][454]LogModuleManager: Shutting down and abandoning module ChaosClothEditor (484)
[2025.11.24-01.25.01:781][454]LogModuleManager: Shutting down and abandoning module CryptoKeysOpenSSL (482)
[2025.11.24-01.25.01:781][454]LogModuleManager: Shutting down and abandoning module CryptoKeys (480)
[2025.11.24-01.25.01:781][454]LogModuleManager: Shutting down and abandoning module BackChannel (478)
[2025.11.24-01.25.01:781][454]LogModuleManager: Shutting down and abandoning module AutomationUtilsEditor (476)
[2025.11.24-01.25.01:781][454]LogModuleManager: Shutting down and abandoning module AutomationUtils (474)
[2025.11.24-01.25.01:781][454]LogModuleManager: Shutting down and abandoning module AlembicImporter (472)
[2025.11.24-01.25.01:781][454]LogModuleManager: Shutting down and abandoning module AlembicLibrary (471)
[2025.11.24-01.25.01:781][454]LogModuleManager: Shutting down and abandoning module GeometryCache (470)
[2025.11.24-01.25.01:781][454]LogModuleManager: Shutting down and abandoning module GeometryCacheEd (469)
[2025.11.24-01.25.01:781][454]LogModuleManager: Shutting down and abandoning module VariantManagerContentEditor (464)
[2025.11.24-01.25.01:782][454]LogModuleManager: Shutting down and abandoning module DatasmithContentEditor (462)
[2025.11.24-01.25.01:782][454]LogModuleManager: Shutting down and abandoning module VisualStudioSourceCodeAccess (460)
[2025.11.24-01.25.01:782][454]LogModuleManager: Shutting down and abandoning module VisualStudioCodeSourceCodeAccess (458)
[2025.11.24-01.25.01:782][454]LogModuleManager: Shutting down and abandoning module UObjectPlugin (456)
[2025.11.24-01.25.01:782][454]LogModuleManager: Shutting down and abandoning module SubversionSourceControl (454)
[2025.11.24-01.25.01:783][454]LogModuleManager: Shutting down and abandoning module RiderSourceCodeAccess (452)
[2025.11.24-01.25.01:783][454]LogModuleManager: Shutting down and abandoning module PluginUtils (450)
[2025.11.24-01.25.01:783][454]LogModuleManager: Shutting down and abandoning module PlasticSourceControl (448)
[2025.11.24-01.25.01:784][454]LogModuleManager: Shutting down and abandoning module PerforceSourceControl (446)
[2025.11.24-01.25.01:785][454]LogModuleManager: Shutting down and abandoning module GitSourceControl (444)
[2025.11.24-01.25.01:786][454]LogModuleManager: Shutting down and abandoning module SourceControl (443)
[2025.11.24-01.25.01:786][454]LogModuleManager: Shutting down and abandoning module CLionSourceCodeAccess (440)
[2025.11.24-01.25.01:786][454]LogModuleManager: Shutting down and abandoning module OodleNetworkHandlerComponent (438)
[2025.11.24-01.25.01:786][454]LogModuleManager: Shutting down and abandoning module AnimationSharingEd (436)
[2025.11.24-01.25.01:786][454]LogModuleManager: Shutting down and abandoning module LiveLinkSequencer (434)
[2025.11.24-01.25.01:786][454]LogModuleManager: Shutting down and abandoning module LiveLinkMovieScene (432)
[2025.11.24-01.25.01:786][454]LogModuleManager: Shutting down and abandoning module LiveLinkGraphNode (430)
[2025.11.24-01.25.01:786][454]LogModuleManager: Shutting down and abandoning module LiveLinkEditor (428)
[2025.11.24-01.25.01:787][454]LogModuleManager: Shutting down and abandoning module LiveLinkComponents (426)
[2025.11.24-01.25.01:787][454]LogModuleManager: Shutting down and abandoning module LiveLink (424)
[2025.11.24-01.25.02:676][454]LogModuleManager: Shutting down and abandoning module LightPropagationVolumeEditor (422)
[2025.11.24-01.25.02:676][454]LogModuleManager: Shutting down and abandoning module PaperTiledImporter (420)
[2025.11.24-01.25.02:676][454]LogModuleManager: Shutting down and abandoning module PaperSpriteSheetImporter (418)
[2025.11.24-01.25.02:676][454]LogModuleManager: Shutting down and abandoning module Paper2DEditor (416)
[2025.11.24-01.25.02:676][454]LogModuleManager: Shutting down and abandoning module MeshPaintingToolset (414)
[2025.11.24-01.25.02:677][454]LogModuleManager: Shutting down and abandoning module MeshPaintEditorMode (412)
[2025.11.24-01.25.02:677][454]LogModuleManager: Shutting down and abandoning module SoundFields (410)
[2025.11.24-01.25.02:677][454]LogModuleManager: Shutting down and abandoning module SignificanceManager (408)
[2025.11.24-01.25.02:677][454]LogModuleManager: Shutting down and abandoning module RuntimePhysXCooking (406)
[2025.11.24-01.25.02:677][454]LogModuleManager: Shutting down and abandoning module PropertyAccessEditor (404)
[2025.11.24-01.25.02:678][454]LogModuleManager: Shutting down and abandoning module PhysXVehiclesEditor (402)
[2025.11.24-01.25.02:678][454]LogModuleManager: Shutting down and abandoning module LocationServicesBPLibrary (398)
[2025.11.24-01.25.02:678][454]LogModuleManager: Shutting down and abandoning module AudioSynesthesia (396)
[2025.11.24-01.25.02:678][454]LogModuleManager: Shutting down and abandoning module AudioSynesthesiaCore (394)
[2025.11.24-01.25.02:678][454]LogModuleManager: Shutting down and abandoning module ActorSequence (392)
[2025.11.24-01.25.02:678][454]LogModuleManager: Shutting down and abandoning module UdpMessaging (390)
[2025.11.24-01.25.02:780][454]LogModuleManager: Shutting down and abandoning module TcpMessaging (388)
[2025.11.24-01.25.02:881][454]LogModuleManager: Shutting down and abandoning module ImgMediaEngine (386)
[2025.11.24-01.25.02:881][454]LogModuleManager: Shutting down and abandoning module MagicLeapARPin (384)
[2025.11.24-01.25.02:881][454]LogModuleManager: Shutting down and abandoning module MagicLeapHandMeshing (382)
[2025.11.24-01.25.02:881][454]LogModuleManager: Shutting down and abandoning module MagicLeapSecureStorage (380)
[2025.11.24-01.25.02:881][454]LogModuleManager: Shutting down and abandoning module MagicLeapPrivileges (378)
[2025.11.24-01.25.02:881][454]LogModuleManager: Shutting down and abandoning module MagicLeapPlanes (376)
[2025.11.24-01.25.02:881][454]LogMagicLeapPlanes: Planes tracker already destroyed.
[2025.11.24-01.25.02:882][454]LogModuleManager: Shutting down and abandoning module MagicLeapImageTracker (374)
[2025.11.24-01.25.02:882][454]LogModuleManager: Shutting down and abandoning module MagicLeapIdentity (372)
[2025.11.24-01.25.02:882][454]LogModuleManager: Shutting down and abandoning module MagicLeapHandTracking (370)
[2025.11.24-01.25.02:882][454]LogModuleManager: Shutting down and abandoning module MagicLeapEyeTracker (368)
[2025.11.24-01.25.02:882][454]LogModuleManager: Shutting down and abandoning module MagicLeapController (366)
[2025.11.24-01.25.02:882][454]LogModuleManager: Shutting down and abandoning module MagicLeapARPinImpl (364)
[2025.11.24-01.25.02:882][454]LogModuleManager: Shutting down and abandoning module MagicLeapAR (362)
[2025.11.24-01.25.02:882][454]LogModuleManager: Shutting down and abandoning module PythonScriptPlugin (360)
[2025.11.24-01.25.02:882][454]LogModuleManager: Shutting down and abandoning module NiagaraAnimNotifies (358)
[2025.11.24-01.25.02:882][454]LogModuleManager: Shutting down and abandoning module Niagara (356)
[2025.11.24-01.25.02:884][454]LogModuleManager: Shutting down and abandoning module SignalProcessing (355)
[2025.11.24-01.25.02:884][454]LogModuleManager: Shutting down and abandoning module NiagaraEditor (353)
[2025.11.24-01.25.02:885][454]LogModuleManager: Shutting down and abandoning module NiagaraCore (350)
[2025.11.24-01.25.02:885][454]LogModuleManager: Shutting down and abandoning module GameplayTagsEditor (348)
[2025.11.24-01.25.02:885][454]LogModuleManager: Shutting down and abandoning module FacialAnimationEditor (346)
[2025.11.24-01.25.02:885][454]LogModuleManager: Shutting down and abandoning module FacialAnimation (344)
[2025.11.24-01.25.02:885][454]LogModuleManager: Shutting down and abandoning module DataValidation (342)
[2025.11.24-01.25.02:885][454]LogModuleManager: Shutting down and abandoning module AssetManagerEditor (340)
[2025.11.24-01.25.02:886][454]LogModuleManager: Shutting down and abandoning module LevelEditor (339)
[2025.11.24-01.25.02:890][454]LogModuleManager: Shutting down and abandoning module PixelInspectorModule (338)
[2025.11.24-01.25.02:891][454]LogModuleManager: Shutting down and abandoning module CommonMenuExtensions (336)
[2025.11.24-01.25.02:891][454]LogModuleManager: Shutting down and abandoning module MainFrame (334)
[2025.11.24-01.25.02:891][454]LogModuleManager: Shutting down and abandoning module HotReload (333)
[2025.11.24-01.25.02:893][454]LogModuleManager: Shutting down and abandoning module ToolMenus (329)
[2025.11.24-01.25.02:893][454]LogModuleManager: Shutting down and abandoning module ContentBrowser (327)
[2025.11.24-01.25.02:893][454]LogModuleManager: Shutting down and abandoning module ContentBrowserData (326)
[2025.11.24-01.25.02:893][454]LogModuleManager: Shutting down and abandoning module TreeMap (323)
[2025.11.24-01.25.02:895][454]LogModuleManager: Shutting down and abandoning module PropertyAccessNode (320)
[2025.11.24-01.25.02:895][454]LogModuleManager: Shutting down and abandoning module AnimationSharing (318)
[2025.11.24-01.25.02:895][454]LogModuleManager: Shutting down and abandoning module LightPropagationVolumeRuntime (316)
[2025.11.24-01.25.02:895][454]LogModuleManager: Shutting down and abandoning module GameplayCameras (314)
[2025.11.24-01.25.02:895][454]LogModuleManager: Shutting down and abandoning module EnvironmentQueryEditor (312)
[2025.11.24-01.25.02:895][454]LogModuleManager: Shutting down and abandoning module Paper2D (310)
[2025.11.24-01.25.02:895][454]LogModuleManager: Shutting down and abandoning module WindowsMoviePlayer (308)
[2025.11.24-01.25.02:896][454]LogModuleManager: Shutting down and abandoning module WebMMoviePlayer (306)
[2025.11.24-01.25.02:896][454]LogModuleManager: Shutting down and abandoning module NetworkReplayStreaming (304)
[2025.11.24-01.25.02:896][454]LogModuleManager: Shutting down and abandoning module PacketHandler (302)
[2025.11.24-01.25.02:896][454]LogModuleManager: Shutting down and abandoning module ClothingSystemEditor (300)
[2025.11.24-01.25.02:896][454]LogModuleManager: Shutting down and abandoning module ClothingSystemRuntimeNv (298)
[2025.11.24-01.25.02:897][454]LogModuleManager: Shutting down and abandoning module MediaAssets (296)
[2025.11.24-01.25.02:897][454]LogModuleManager: Shutting down and abandoning module Overlay (294)
[2025.11.24-01.25.02:898][454]LogModuleManager: Shutting down and abandoning module OverlayEditor (293)
[2025.11.24-01.25.02:898][454]LogModuleManager: Shutting down and abandoning module VREditor (290)
[2025.11.24-01.25.02:898][454]LogModuleManager: Shutting down and abandoning module StringTableEditor (288)
[2025.11.24-01.25.02:899][454]LogModuleManager: Shutting down and abandoning module GameplayTasksEditor (286)
[2025.11.24-01.25.02:899][454]LogModuleManager: Shutting down and abandoning module BehaviorTreeEditor (284)
[2025.11.24-01.25.02:899][454]LogModuleManager: Shutting down and abandoning module FunctionalTesting (282)
[2025.11.24-01.25.02:899][454]LogModuleManager: Shutting down and abandoning module CollisionAnalyzer (280)
[2025.11.24-01.25.02:901][454]LogModuleManager: Shutting down and abandoning module WorkspaceMenuStructure (279)
[2025.11.24-01.25.02:903][454]LogModuleManager: Shutting down and abandoning module UMG (276)
[2025.11.24-01.25.02:903][454]LogModuleManager: Shutting down and abandoning module UMGEditor (275)
[2025.11.24-01.25.02:904][454]LogModuleManager: Shutting down and abandoning module MessageLog (273)
[2025.11.24-01.25.02:904][454]LogModuleManager: Shutting down and abandoning module SlateReflector (268)
[2025.11.24-01.25.02:906][454]LogModuleManager: Shutting down and abandoning module Slate (266)
[2025.11.24-01.25.02:906][454]LogModuleManager: Shutting down and abandoning module SlateCore (264)
[2025.11.24-01.25.02:907][454]LogModuleManager: Shutting down and abandoning module LandscapeEditorUtilities (262)
[2025.11.24-01.25.02:907][454]LogModuleManager: Shutting down and abandoning module UnrealEd (260)
[2025.11.24-01.25.02:907][454]LogModuleManager: Shutting down and abandoning module MRMesh (258)
[2025.11.24-01.25.02:907][454]LogModuleManager: Shutting down and abandoning module SourceCodeAccess (256)
[2025.11.24-01.25.02:907][454]LogModuleManager: Shutting down and abandoning module HeadMountedDisplay (254)
[2025.11.24-01.25.02:907][454]LogModuleManager: Shutting down and abandoning module XAudio2 (252)
[2025.11.24-01.25.02:907][454]LogModuleManager: Shutting down and abandoning module Networking (250)
[2025.11.24-01.25.02:907][454]LogModuleManager: Shutting down and abandoning module Core (248)
[2025.11.24-01.25.02:907][454]LogModuleManager: Shutting down and abandoning module MaterialEditor (246)
[2025.11.24-01.25.02:908][454]LogModuleManager: Shutting down and abandoning module MovieSceneTools (244)
[2025.11.24-01.25.02:909][454]LogModuleManager: Shutting down and abandoning module CurveEditor (243)
[2025.11.24-01.25.02:911][454]LogModuleManager: Shutting down and abandoning module Sequencer (241)
[2025.11.24-01.25.02:912][454]LogModuleManager: Shutting down and abandoning module EditorStyle (240)
[2025.11.24-01.25.02:918][454]LogModuleManager: Shutting down and abandoning module KismetCompiler (236)
[2025.11.24-01.25.02:918][454]LogModuleManager: Shutting down and abandoning module MeshBuilder (234)
[2025.11.24-01.25.02:918][454]LogModuleManager: Shutting down and abandoning module MeshUtilities (232)
[2025.11.24-01.25.02:919][454]LogModuleManager: Shutting down and abandoning module MeshMergeUtilities (231)
[2025.11.24-01.25.02:920][454]LogModuleManager: Shutting down and abandoning module MeshReductionInterface (230)
[2025.11.24-01.25.02:920][454]LogModuleManager: Shutting down and abandoning module MeshBoneReduction (229)
[2025.11.24-01.25.02:920][454]LogModuleManager: Shutting down and abandoning module SkeletalMeshReduction (227)
[2025.11.24-01.25.02:920][454]LogModuleManager: Shutting down and abandoning module ProxyLODMeshReduction (225)
[2025.11.24-01.25.02:921][454]LogModuleManager: Shutting down and abandoning module QuadricMeshReduction (223)
[2025.11.24-01.25.02:921][454]LogModuleManager: Shutting down and abandoning module MaterialBaking (219)
[2025.11.24-01.25.02:922][454]LogModuleManager: Shutting down and abandoning module NullInstallBundleManager (214)
[2025.11.24-01.25.02:922][454]LogModuleManager: Shutting down and abandoning module DerivedDataCache (212)
[2025.11.24-01.25.02:922][454]LogModuleManager: Shutting down and abandoning module TargetPlatform (210)
[2025.11.24-01.25.02:923][454]LogModuleManager: Shutting down and abandoning module VulkanShaderFormat (209)
[2025.11.24-01.25.02:924][454]LogModuleManager: Shutting down and abandoning module ShaderFormatVectorVM (207)
[2025.11.24-01.25.02:926][454]LogModuleManager: Shutting down and abandoning module ShaderFormatOpenGL (205)
[2025.11.24-01.25.02:926][454]LogModuleManager: Shutting down and abandoning module ShaderFormatD3D (203)
[2025.11.24-01.25.02:928][454]LogModuleManager: Shutting down and abandoning module MetalShaderFormat (201)
[2025.11.24-01.25.02:928][454]LogModuleManager: Shutting down and abandoning module TextureFormatOodle (199)
[2025.11.24-01.25.02:929][454]LogModuleManager: Shutting down and abandoning module TextureFormatUncompressed (197)
[2025.11.24-01.25.02:929][454]LogModuleManager: Shutting down and abandoning module TextureFormatPVR (195)
[2025.11.24-01.25.02:929][454]LogModuleManager: Shutting down and abandoning module TextureFormatETC2 (193)
[2025.11.24-01.25.02:929][454]LogModuleManager: Shutting down and abandoning module TextureFormatDXT (191)
[2025.11.24-01.25.02:929][454]LogModuleManager: Shutting down and abandoning module TextureFormatIntelISPCTexComp (189)
[2025.11.24-01.25.02:931][454]LogModuleManager: Shutting down and abandoning module TextureFormatASTC (187)
[2025.11.24-01.25.02:931][454]LogModuleManager: Shutting down and abandoning module ImageWrapper (186)
[2025.11.24-01.25.02:931][454]LogModuleManager: Shutting down and abandoning module AudioFormatOpus (183)
[2025.11.24-01.25.02:931][454]LogModuleManager: Shutting down and abandoning module AudioFormatOgg (181)
[2025.11.24-01.25.02:931][454]LogModuleManager: Shutting down and abandoning module AudioFormatADPCM (179)
[2025.11.24-01.25.02:931][454]LogModuleManager: Shutting down and abandoning module WindowsServerTargetPlatform (177)
[2025.11.24-01.25.02:932][454]LogModuleManager: Shutting down and abandoning module WindowsClientTargetPlatform (175)
[2025.11.24-01.25.02:932][454]LogModuleManager: Shutting down and abandoning module WindowsTargetPlatform (173)
[2025.11.24-01.25.02:932][454]LogModuleManager: Shutting down and abandoning module WindowsNoEditorTargetPlatform (171)
[2025.11.24-01.25.02:932][454]LogModuleManager: Shutting down and abandoning module TVOSTargetPlatform (169)
[2025.11.24-01.25.02:942][454]LogModuleManager: Shutting down and abandoning module MacServerTargetPlatform (167)
[2025.11.24-01.25.02:943][454]LogModuleManager: Shutting down and abandoning module MacClientTargetPlatform (165)
[2025.11.24-01.25.02:943][454]LogModuleManager: Shutting down and abandoning module MacTargetPlatform (163)
[2025.11.24-01.25.02:943][454]LogModuleManager: Shutting down and abandoning module MacNoEditorTargetPlatform (161)
[2025.11.24-01.25.02:943][454]LogModuleManager: Shutting down and abandoning module LuminTargetPlatform (159)
[2025.11.24-01.25.02:961][454]LogModuleManager: Shutting down and abandoning module LinuxAArch64ServerTargetPlatform (157)
[2025.11.24-01.25.02:961][454]LogModuleManager: Shutting down and abandoning module LinuxAArch64ClientTargetPlatform (155)
[2025.11.24-01.25.02:961][454]LogModuleManager: Shutting down and abandoning module LinuxAArch64NoEditorTargetPlatform (153)
[2025.11.24-01.25.02:962][454]LogModuleManager: Shutting down and abandoning module LinuxServerTargetPlatform (151)
[2025.11.24-01.25.02:962][454]LogModuleManager: Shutting down and abandoning module LinuxClientTargetPlatform (149)
[2025.11.24-01.25.02:962][454]LogModuleManager: Shutting down and abandoning module LinuxNoEditorTargetPlatform (147)
[2025.11.24-01.25.02:962][454]LogModuleManager: Shutting down and abandoning module LinuxTargetPlatform (145)
[2025.11.24-01.25.02:962][454]LogModuleManager: Shutting down and abandoning module Messaging (143)
[2025.11.24-01.25.02:962][454]LogModuleManager: Shutting down and abandoning module IOSTargetPlatform (141)
[2025.11.24-01.25.02:972][454]LogModuleManager: Shutting down and abandoning module AndroidTargetPlatform (139)
[2025.11.24-01.25.03:004][454]LogModuleManager: Shutting down and abandoning module AllDesktopTargetPlatform (137)
[2025.11.24-01.25.03:004][454]LogModuleManager: Shutting down and abandoning module D3D11RHI (134)
[2025.11.24-01.25.03:004][454]LogModuleManager: Shutting down and abandoning module InputCore (132)
[2025.11.24-01.25.03:004][454]LogModuleManager: Shutting down and abandoning module Settings (130)
[2025.11.24-01.25.03:005][454]LogModuleManager: Shutting down and abandoning module DirectoryWatcher (128)
[2025.11.24-01.25.03:006][454]LogModuleManager: Shutting down and abandoning module PhysXCooking (126)
[2025.11.24-01.25.03:006][454]LogModuleManager: Shutting down and abandoning module Chaos (124)
[2025.11.24-01.25.03:008][454]LogModuleManager: Shutting down and abandoning module WindowsPlatformFeatures (122)
[2025.11.24-01.25.03:008][454]LogModuleManager: Shutting down and abandoning module GameplayMediaEncoder (121)
[2025.11.24-01.25.03:008][454]LogModuleManager: Shutting down and abandoning module AVEncoder (120)
[2025.11.24-01.25.03:009][454]LogModuleManager: Shutting down and abandoning module SteamVRInputDevice (116)
[2025.11.24-01.25.03:009][454]LogModuleManager: Shutting down and abandoning module SteamVRInput (114)
[2025.11.24-01.25.03:009][454]LogModuleManager: Shutting down and abandoning module SteamVR (112)
[2025.11.24-01.25.03:009][454]LogHMD: Freeing OpenVRDLLHandle.
[2025.11.24-01.25.03:009][454]LogModuleManager: Shutting down and abandoning module OculusHMD (110)
[2025.11.24-01.25.03:009][454]LogModuleManager: Shutting down and abandoning module OpenXRHandTracking (108)
[2025.11.24-01.25.03:010][454]LogSlate: Slate User Destroyed.  User Index 0, Is Virtual User: 0
[2025.11.24-01.25.03:010][454]LogModuleManager: Shutting down and abandoning module OpenXRAR (106)
[2025.11.24-01.25.03:011][454]LogModuleManager: Shutting down and abandoning module AugmentedReality (105)
[2025.11.24-01.25.03:011][454]LogModuleManager: Shutting down and abandoning module OpenXRHMD (102)
[2025.11.24-01.25.03:015][454]LogModuleManager: Shutting down and abandoning module OpenXREyeTracker (100)
[2025.11.24-01.25.03:015][454]LogModuleManager: Shutting down and abandoning module ExampleDeviceProfileSelector (98)
[2025.11.24-01.25.03:015][454]LogModuleManager: Shutting down and abandoning module ChunkDownloader (96)
[2025.11.24-01.25.03:015][454]LogModuleManager: Shutting down and abandoning module LauncherChunkInstaller (94)
[2025.11.24-01.25.03:015][454]LogModuleManager: Shutting down and abandoning module OnlineBlueprintSupport (92)
[2025.11.24-01.25.03:015][454]LogModuleManager: Shutting down and abandoning module OnlineSubsystem (88)
[2025.11.24-01.25.03:017][454]LogModuleManager: Shutting down and abandoning module XMPP (83)
[2025.11.24-01.25.03:018][454]LogModuleManager: Shutting down and abandoning module WebSockets (82)
[2025.11.24-01.25.03:048][454]LogModuleManager: Shutting down and abandoning module HTTP (79)
[2025.11.24-01.25.03:049][454]LogHttp: Display: Http module shutting down, but needs to wait on 1 outstanding Http requests:
[2025.11.24-01.25.03:049][454]LogHttp: Display: 	verb=[POST] url=[https://datarouter.ol.epicgames.com/datarouter/api/v1/public/data?SessionID=%7B110FF978-42EF-B7B3-4B32-A690C01DA2BC%7D&AppID=UEEditor.Rocket.Release&AppVersion=4.27.2-18319896%2B%2B%2BUE4%2BRelease-4.27&UserID=6b32b507452abda10a7c05ae1bad203d%7C38f7320a2cd3485499351c2be7beab48%7C53da50d7-cec7-4077-bfe3-1423eb7dc99f&AppEnvironment=datacollector-binary&UploadType=eteventstream] refs=[1] status=Processing
[2025.11.24-01.25.03:049][454]LogHttp: Display: cleaning up 1 outstanding Http requests.
[2025.11.24-01.25.03:056][454]LogModuleManager: Shutting down and abandoning module SSL (78)
[2025.11.24-01.25.03:059][454]LogModuleManager: Shutting down and abandoning module WmfMedia (74)
[2025.11.24-01.25.03:062][454]LogModuleManager: Shutting down and abandoning module Media (73)
[2025.11.24-01.25.03:065][454]LogModuleManager: Shutting down and abandoning module MediaInfo (72)
[2025.11.24-01.25.03:065][454]LogModuleManager: Shutting down and abandoning module ExrReaderGpu (68)
[2025.11.24-01.25.03:066][454]LogModuleManager: Shutting down and abandoning module MLSDK (66)
[2025.11.24-01.25.03:066][454]LogModuleManager: Shutting down and abandoning module MagicLeap (64)
[2025.11.24-01.25.03:066][454]LogModuleManager: Shutting down and abandoning module NiagaraVertexFactories (62)
[2025.11.24-01.25.03:066][454]LogModuleManager: Shutting down and abandoning module NiagaraShader (60)
[2025.11.24-01.25.03:066][454]LogModuleManager: Shutting down and abandoning module ChaosCloth (58)
[2025.11.24-01.25.03:066][454]LogModuleManager: Shutting down and abandoning module VariantManagerContent (56)
[2025.11.24-01.25.03:066][454]LogModuleManager: Shutting down and abandoning module DatasmithContent (54)
[2025.11.24-01.25.03:067][454]LogModuleManager: Shutting down and abandoning module PixWinPlugin (52)
[2025.11.24-01.25.03:067][454]LogModuleManager: Shutting down and abandoning module AISupportModule (50)
[2025.11.24-01.25.03:067][454]LogModuleManager: Shutting down and abandoning module DesktopPlatform (48)
[2025.11.24-01.25.03:067][454]LogModuleManager: Shutting down and abandoning module PythonScriptPluginPreload (46)
[2025.11.24-01.25.03:067][454]LogModuleManager: Shutting down and abandoning module PlatformCryptoOpenSSL (44)
[2025.11.24-01.25.03:067][454]LogModuleManager: Shutting down and abandoning module PlatformCryptoTypes (42)
[2025.11.24-01.25.03:067][454]LogModuleManager: Shutting down and abandoning module PlatformCrypto (40)
[2025.11.24-01.25.03:067][454]LogModuleManager: Shutting down and abandoning module OodleDataCompressionFormat (38)
[2025.11.24-01.25.03:068][454]LogModuleManager: Shutting down and abandoning module XGEController (36)
[2025.11.24-01.25.03:070][454]LogModuleManager: Shutting down and abandoning module AnimationModifiers (34)
[2025.11.24-01.25.03:070][454]LogModuleManager: Shutting down and abandoning module AudioEditor (32)
[2025.11.24-01.25.03:073][454]LogModuleManager: Shutting down and abandoning module PropertyEditor (31)
[2025.11.24-01.25.03:074][454]LogModuleManager: Shutting down and abandoning module TextureCompressor (28)
[2025.11.24-01.25.03:074][454]LogModuleManager: Shutting down and abandoning module RenderCore (26)
[2025.11.24-01.25.03:074][454]LogModuleManager: Shutting down and abandoning module Landscape (24)
[2025.11.24-01.25.03:074][454]LogModuleManager: Shutting down and abandoning module SlateRHIRenderer (22)
[2025.11.24-01.25.03:082][454]LogModuleManager: Shutting down and abandoning module AnimGraphRuntime (20)
[2025.11.24-01.25.03:082][454]LogModuleManager: Shutting down and abandoning module Renderer (18)
[2025.11.24-01.25.03:083][454]LogModuleManager: Shutting down and abandoning module Engine (16)
[2025.11.24-01.25.03:083][454]LogModuleManager: Shutting down and abandoning module CoreUObject (14)
[2025.11.24-01.25.03:083][454]LogModuleManager: Shutting down and abandoning module NetworkFile (12)
[2025.11.24-01.25.03:083][454]LogModuleManager: Shutting down and abandoning module CookedIterativeFile (10)
[2025.11.24-01.25.03:083][454]LogModuleManager: Shutting down and abandoning module StreamingFile (8)
[2025.11.24-01.25.03:083][454]LogModuleManager: Shutting down and abandoning module SandboxFile (6)
[2025.11.24-01.25.03:083][454]LogModuleManager: Shutting down and abandoning module PakFile (4)
[2025.11.24-01.25.03:084][454]LogModuleManager: Shutting down and abandoning module RSA (3)
[2025.11.24-01.25.03:084][454]LogContentStreaming: Display: There are 1 unreleased StreamingManagers
[2025.11.24-01.25.03:115][454]LogD3D11RHI: Shutdown
[2025.11.24-01.25.03:115][454]LogD3D11RHI: CleanupD3DDevice
[2025.11.24-01.25.03:134][454]LogExit: Exiting.
[2025.11.24-01.25.03:155][454]Log file closed, 11/23/25 22:25:03
