Log file open, 12/02/25 06:59:49
LogWindows: Failed to load 'aqProf.dll' (GetLastError=126)
LogWindows: File 'aqProf.dll' does not exist
LogWindows: Failed to load 'VtuneApi.dll' (GetLastError=126)
LogWindows: File 'VtuneApi.dll' does not exist
LogWindows: Failed to load 'VtuneApi32e.dll' (GetLastError=126)
LogWindows: File 'VtuneApi32e.dll' does not exist
LogConsoleResponse: Display: Failed to find resolution value strings in scalability ini. Falling back to default.
LogConsoleResponse: Display: Failed to find resolution value strings in scalability ini. Falling back to default.
LogInit: Display: Running engine for game: ColunaDoendoSamurai
LogPlatformFile: Not using cached read wrapper
LogTaskGraph: Started task graph with 5 named threads and 23 total threads with 3 sets of task threads.
LogStats: Stats thread started at 0.509241
LogICUInternationalization: ICU TimeZone Detection - Raw Offset: -3:00, Platform Override: ''
LogInit: Display: Loading text-based GConfig....
LogPluginManager: Mounting plugin MeshPainting
LogPluginManager: Mounting plugin XGEController
LogPluginManager: Mounting plugin Paper2D
LogPluginManager: Mounting plugin LiveLink
LogPluginManager: Mounting plugin AISupport
LogPluginManager: Mounting plugin EnvironmentQueryEditor
LogPluginManager: Mounting plugin LightPropagationVolume
LogPluginManager: Mounting plugin CameraShakePreviewer
LogPluginManager: Mounting plugin GameplayCameras
LogPluginManager: Mounting plugin AnimationSharing
LogPluginManager: Mounting plugin OodleData
LogPluginManager: Mounting plugin OodleNetwork
LogPluginManager: Mounting plugin CLionSourceCodeAccess
LogPluginManager: Mounting plugin DatasmithContent
LogPluginManager: Mounting plugin CodeLiteSourceCodeAccess
LogPluginManager: Mounting plugin NullSourceCodeAccess
LogPluginManager: Mounting plugin GitSourceControl
LogPluginManager: Mounting plugin KDevelopSourceCodeAccess
LogPluginManager: Mounting plugin PerforceSourceControl
LogPluginManager: Mounting plugin PlasticSourceControl
LogPluginManager: Mounting plugin VariantManagerContent
LogPluginManager: Mounting plugin PixWinPlugin
LogPluginManager: Mounting plugin PluginUtils
LogPluginManager: Mounting plugin PropertyAccessNode
LogPluginManager: Mounting plugin RiderSourceCodeAccess
LogPluginManager: Mounting plugin SubversionSourceControl
LogPluginManager: Mounting plugin TextureFormatOodle
LogPluginManager: Mounting plugin AssetManagerEditor
LogPluginManager: Mounting plugin UObjectPlugin
LogPluginManager: Mounting plugin VisualStudioCodeSourceCodeAccess
LogPluginManager: Mounting plugin CurveEditorTools
LogPluginManager: Mounting plugin CryptoKeys
LogPluginManager: Mounting plugin VisualStudioSourceCodeAccess
LogPluginManager: Mounting plugin XCodeSourceCodeAccess
LogPluginManager: Mounting plugin DataValidation
LogPluginManager: Mounting plugin GameplayTagsEditor
LogPluginManager: Mounting plugin MacGraphicsSwitching
LogPluginManager: Mounting plugin FacialAnimation
LogPluginManager: Mounting plugin GeometryMode
LogPluginManager: Mounting plugin MobileLauncherProfileWizard
LogPluginManager: Mounting plugin MaterialAnalyzer
LogPluginManager: Mounting plugin PluginBrowser
LogPluginManager: Mounting plugin SpeedTreeImporter
LogPluginManager: Mounting plugin Niagara
LogPluginManager: Mounting plugin AlembicImporter
LogPluginManager: Mounting plugin AutomationUtils
LogPluginManager: Mounting plugin ChaosCloth
LogPluginManager: Mounting plugin BackChannel
LogPluginManager: Mounting plugin ChaosClothEditor
LogPluginManager: Mounting plugin ChaosEditor
LogPluginManager: Mounting plugin ChaosSolverPlugin
LogPluginManager: Mounting plugin ChaosNiagara
LogPluginManager: Mounting plugin LuminPlatformFeatures
LogPluginManager: Mounting plugin MagicLeap
LogPluginManager: Mounting plugin MagicLeapLightEstimation
LogPluginManager: Mounting plugin MagicLeapMedia
LogPluginManager: Mounting plugin CharacterAI
LogPluginManager: Mounting plugin MagicLeapPassableWorld
LogPluginManager: Mounting plugin MLSDK
LogPluginManager: Mounting plugin GeometryCache
LogPluginManager: Mounting plugin GeometryCollectionPlugin
LogPluginManager: Mounting plugin AvfMedia
LogPluginManager: Mounting plugin AndroidMedia
LogPluginManager: Mounting plugin ImgMedia
LogPluginManager: Mounting plugin MediaCompositing
LogPluginManager: Mounting plugin MediaPlayerEditor
LogPluginManager: Mounting plugin GeometryProcessing
LogPluginManager: Mounting plugin WebMMedia
LogPluginManager: Mounting plugin WmfMedia
LogPluginManager: Mounting plugin MotoSynth
LogPluginManager: Mounting plugin PlanarCut
LogPluginManager: Mounting plugin PlatformCrypto
LogPluginManager: Mounting plugin OpenImageDenoise
LogPluginManager: Mounting plugin ProxyLODPlugin
LogPluginManager: Mounting plugin PythonScriptPlugin
LogPluginManager: Mounting plugin SkeletalReduction
LogPluginManager: Mounting plugin TcpMessaging
LogPluginManager: Mounting plugin UdpMessaging
LogPluginManager: Mounting plugin ActorSequence
LogPluginManager: Mounting plugin LevelSequenceEditor
LogPluginManager: Mounting plugin MatineeToLevelSequence
LogPluginManager: Mounting plugin OnlineSubsystem
LogPluginManager: Mounting plugin TemplateSequence
LogPluginManager: Mounting plugin OnlineSubsystemNull
LogPluginManager: Mounting plugin OnlineSubsystemUtils
LogPluginManager: Mounting plugin LauncherChunkInstaller
LogPluginManager: Mounting plugin ActorLayerUtilities
LogPluginManager: Mounting plugin AndroidMoviePlayer
LogPluginManager: Mounting plugin AndroidDeviceProfileSelector
LogPluginManager: Mounting plugin AndroidPermission
LogPluginManager: Mounting plugin AppleMoviePlayer
LogPluginManager: Mounting plugin AppleImageUtils
LogPluginManager: Mounting plugin ArchVisCharacter
LogPluginManager: Mounting plugin AssetTags
LogPluginManager: Mounting plugin AudioCapture
LogPluginManager: Mounting plugin AudioSynesthesia
LogPluginManager: Mounting plugin CableComponent
LogPluginManager: Mounting plugin CustomMeshComponent
LogPluginManager: Mounting plugin ChunkDownloader
LogPluginManager: Mounting plugin ExampleDeviceProfileSelector
LogPluginManager: Mounting plugin EditableMesh
LogPluginManager: Mounting plugin GoogleCloudMessaging
LogPluginManager: Mounting plugin GooglePAD
LogPluginManager: Mounting plugin IOSDeviceProfileSelector
LogPluginManager: Mounting plugin LinuxDeviceProfileSelector
LogPluginManager: Mounting plugin LocationServicesBPLibrary
LogPluginManager: Mounting plugin MobilePatchingUtils
LogPluginManager: Mounting plugin OpenXR
LogPluginManager: Mounting plugin OpenXREyeTracker
LogPluginManager: Mounting plugin OpenXRHandTracking
LogPluginManager: Mounting plugin PhysXVehicles
LogPluginManager: Mounting plugin PropertyAccessEditor
LogPluginManager: Mounting plugin ProceduralMeshComponent
LogPluginManager: Mounting plugin PostSplashScreen
LogPluginManager: Mounting plugin SignificanceManager
LogPluginManager: Mounting plugin RuntimePhysXCooking
LogPluginManager: Mounting plugin SoundFields
LogPluginManager: Mounting plugin Synthesis
LogPluginManager: Mounting plugin WebMMoviePlayer
LogPluginManager: Mounting plugin WindowsMoviePlayer
LogPluginManager: Mounting plugin ScreenshotTools
LogPluginManager: Mounting plugin Takes
LogPluginManager: Mounting plugin ContentBrowserAssetDataSource
LogPluginManager: Mounting plugin ContentBrowserFileDataSource
LogPluginManager: Mounting plugin ContentBrowserClassDataSource
LogPluginManager: Mounting plugin OnlineSubsystemGooglePlay
LogPluginManager: Mounting plugin OnlineSubsystemIOS
LogPluginManager: Mounting plugin OculusVR
LogPluginManager: Mounting plugin SteamVR
PixWinPlugin: PIX capture plugin failed to initialize! Check that the process is launched from PIX.
LogInit: Using libcurl 7.55.1-DEV
LogInit:  - built for x86_64-pc-win32
LogInit:  - supports SSL with OpenSSL/1.1.1
LogInit:  - supports HTTP deflate (compression) using libz 1.2.8
LogInit:  - other features:
LogInit:      CURL_VERSION_SSL
LogInit:      CURL_VERSION_LIBZ
LogInit:      CURL_VERSION_IPV6
LogInit:      CURL_VERSION_ASYNCHDNS
LogInit:      CURL_VERSION_LARGEFILE
LogInit:      CURL_VERSION_IDN
LogInit:  CurlRequestOptions (configurable via config and command line):
LogInit:  - bVerifyPeer = true  - Libcurl will verify peer certificate
LogInit:  - bUseHttpProxy = false  - Libcurl will NOT use HTTP proxy
LogInit:  - bDontReuseConnections = false  - Libcurl will reuse connections
LogInit:  - MaxHostConnections = 16  - Libcurl will limit the number of connections to a host
LogInit:  - LocalHostAddr = Default
LogInit:  - BufferSize = 65536
LogOnline: OSS: Creating online subsystem instance for: NULL
LogInit: WinSock: version 1.1 (2.2), MaxSocks=32767, MaxUdp=65467
LogOnline: OSS: TryLoadSubsystemAndSetDefault: Loaded subsystem for module [NULL]
LogOculusPluginWrapper: OculusPlugin initialized successfully
LogHMD: Failed initializing OVRPlugin 1.59.0
LogInit: Build: ++UE4+Release-4.27-CL-18319896
LogInit: Engine Version: 4.27.2-18319896+++UE4+Release-4.27
LogInit: Compatible Engine Version: 4.27.0-17155196+++UE4+Release-4.27
LogInit: Net CL: 17155196
LogInit: OS: Windows 10 (Release 2009) (), CPU: AMD Ryzen 7 3750H with Radeon Vega Mobile Gfx  , GPU: AMD Radeon(TM) RX Vega 10 Graphics 
LogInit: Compiled (64-bit): Nov 30 2021 07:12:08
LogInit: Compiled with Visual C++: 19.24.28315.00
LogInit: Build Configuration: Development
LogInit: Branch Name: ++UE4+Release-4.27
LogInit: Command Line: 
LogInit: Base Directory: C:/Genshin/UE_4.27/Engine/Binaries/Win64/
LogInit: Allocator: TBB
LogInit: Installed Engine Build: 1
LogDevObjectVersion: Number of dev versions registered: 29
LogDevObjectVersion:   Dev-Blueprints (B0D832E4-1F89-4F0D-ACCF-7EB736FD4AA2): 10
LogDevObjectVersion:   Dev-Build (E1C64328-A22C-4D53-A36C-8E866417BD8C): 0
LogDevObjectVersion:   Dev-Core (375EC13C-06E4-48FB-B500-84F0262A717E): 4
LogDevObjectVersion:   Dev-Editor (E4B068ED-F494-42E9-A231-DA0B2E46BB41): 40
LogDevObjectVersion:   Dev-Framework (CFFC743F-43B0-4480-9391-14DF171D2073): 37
LogDevObjectVersion:   Dev-Mobile (B02B49B5-BB20-44E9-A304-32B752E40360): 3
LogDevObjectVersion:   Dev-Networking (A4E4105C-59A1-49B5-A7C5-40C4547EDFEE): 0
LogDevObjectVersion:   Dev-Online (39C831C9-5AE6-47DC-9A44-9C173E1C8E7C): 0
LogDevObjectVersion:   Dev-Physics (78F01B33-EBEA-4F98-B9B4-84EACCB95AA2): 14
LogDevObjectVersion:   Dev-Platform (6631380F-2D4D-43E0-8009-CF276956A95A): 0
LogDevObjectVersion:   Dev-Rendering (12F88B9F-8875-4AFC-A67C-D90C383ABD29): 45
LogDevObjectVersion:   Dev-Sequencer (7B5AE74C-D270-4C10-A958-57980B212A5A): 13
LogDevObjectVersion:   Dev-VR (D7296918-1DD6-4BDD-9DE2-64A83CC13884): 3
LogDevObjectVersion:   Dev-LoadTimes (C2A15278-BFE7-4AFE-6C17-90FF531DF755): 1
LogDevObjectVersion:   Private-Geometry (6EACA3D4-40EC-4CC1-B786-8BED09428FC5): 3
LogDevObjectVersion:   Dev-AnimPhys (29E575DD-E0A3-4627-9D10-D276232CDCEA): 17
LogDevObjectVersion:   Dev-Anim (AF43A65D-7FD3-4947-9873-3E8ED9C1BB05): 15
LogDevObjectVersion:   Dev-ReflectionCapture (6B266CEC-1EC7-4B8F-A30B-E4D90942FC07): 1
LogDevObjectVersion:   Dev-Automation (0DF73D61-A23F-47EA-B727-89E90C41499A): 1
LogDevObjectVersion:   FortniteMain (601D1886-AC64-4F84-AA16-D3DE0DEAC7D6): 47
LogDevObjectVersion:   FortniteRelease (E7086368-6B23-4C58-8439-1B7016265E91): 1
LogDevObjectVersion:   Dev-Enterprise (9DFFBCD6-494F-0158-E221-12823C92A888): 10
LogDevObjectVersion:   Dev-Niagara (F2AED0AC-9AFE-416F-8664-AA7FFA26D6FC): 1
LogDevObjectVersion:   Dev-Destruction (174F1F0B-B4C6-45A5-B13F-2EE8D0FB917D): 10
LogDevObjectVersion:   Dev-Physics-Ext (35F94A83-E258-406C-A318-09F59610247C): 41
LogDevObjectVersion:   Dev-PhysicsMaterial-Chaos (B68FC16E-8B1B-42E2-B453-215C058844FE): 1
LogDevObjectVersion:   Dev-CineCamera (B2E18506-4273-CFC2-A54E-F4BB758BBA07): 1
LogDevObjectVersion:   Dev-VirtualProduction (64F58936-FD1B-42BA-BA96-7289D5D0FA4E): 1
LogDevObjectVersion:   Dev-MediaFramework (6F0ED827-A609-4895-9C91-998D90180EA4): 2
LogInit: Presizing for max 25165824 objects, including 0 objects not considered by GC, pre-allocating 0 bytes for permanent pool.
LogConfig: Applying CVar settings from Section [/Script/Engine.StreamingSettings] File [E:/Unreal/Fumec_DevGames/Saved/Config/Windows/Engine.ini]
LogConfig: Setting CVar [[s.MinBulkDataSizeForAsyncLoading:131072]]
LogConfig: Setting CVar [[s.AsyncLoadingThreadEnabled:0]]
LogConfig: Setting CVar [[s.EventDrivenLoaderEnabled:1]]
LogConfig: Setting CVar [[s.WarnIfTimeLimitExceeded:0]]
LogConfig: Setting CVar [[s.TimeLimitExceededMultiplier:1.5]]
LogConfig: Setting CVar [[s.TimeLimitExceededMinTime:0.005]]
LogConfig: Setting CVar [[s.UseBackgroundLevelStreaming:1]]
LogConfig: Setting CVar [[s.PriorityAsyncLoadingExtraTime:15.0]]
LogConfig: Setting CVar [[s.LevelStreamingActorsUpdateTimeLimit:5.0]]
LogConfig: Setting CVar [[s.PriorityLevelStreamingActorsUpdateExtraTime:5.0]]
LogConfig: Setting CVar [[s.LevelStreamingComponentsRegistrationGranularity:10]]
LogConfig: Setting CVar [[s.UnregisterComponentsTimeLimit:1.0]]
LogConfig: Setting CVar [[s.LevelStreamingComponentsUnregistrationGranularity:5]]
LogConfig: Setting CVar [[s.FlushStreamingOnExit:1]]
LogInit: Object subsystem initialized
LogConfig: Setting CVar [[con.DebugEarlyDefault:1]]
LogConfig: Setting CVar [[r.setres:1280x720]]
[2025.12.02-09.59.50:933][  0]LogConfig: Setting CVar [[r.VSync:0]]
[2025.12.02-09.59.50:933][  0]LogConfig: Setting CVar [[r.RHICmdBypass:0]]
[2025.12.02-09.59.50:933][  0]LogConfig: Applying CVar settings from Section [/Script/Engine.RendererSettings] File [E:/Unreal/Fumec_DevGames/Saved/Config/Windows/Engine.ini]
[2025.12.02-09.59.50:933][  0]LogConfig: Setting CVar [[r.GPUCrashDebugging:0]]
[2025.12.02-09.59.50:933][  0]LogConfig: Setting CVar [[r.Mobile.DisableVertexFog:1]]
[2025.12.02-09.59.50:933][  0]LogConfig: Setting CVar [[r.Shadow.CSM.MaxMobileCascades:2]]
[2025.12.02-09.59.50:933][  0]LogConfig: Setting CVar [[r.MobileMSAA:1]]
[2025.12.02-09.59.50:933][  0]LogConfig: Setting CVar [[r.Mobile.AllowDitheredLODTransition:0]]
[2025.12.02-09.59.50:933][  0]LogConfig: Setting CVar [[r.Mobile.AllowSoftwareOcclusion:0]]
[2025.12.02-09.59.50:933][  0]LogConfig: Setting CVar [[r.Mobile.VirtualTextures:0]]
[2025.12.02-09.59.50:933][  0]LogConfig: Setting CVar [[r.DiscardUnusedQuality:0]]
[2025.12.02-09.59.50:933][  0]LogConfig: Setting CVar [[r.AllowOcclusionQueries:1]]
[2025.12.02-09.59.50:933][  0]LogConfig: Setting CVar [[r.MinScreenRadiusForLights:0.030000]]
[2025.12.02-09.59.50:933][  0]LogConfig: Setting CVar [[r.MinScreenRadiusForDepthPrepass:0.030000]]
[2025.12.02-09.59.50:933][  0]LogConfig: Setting CVar [[r.MinScreenRadiusForCSMDepth:0.010000]]
[2025.12.02-09.59.50:933][  0]LogConfig: Setting CVar [[r.PrecomputedVisibilityWarning:0]]
[2025.12.02-09.59.50:933][  0]LogConfig: Setting CVar [[r.TextureStreaming:1]]
[2025.12.02-09.59.50:933][  0]LogConfig: Setting CVar [[Compat.UseDXT5NormalMaps:0]]
[2025.12.02-09.59.50:933][  0]LogConfig: Setting CVar [[r.VirtualTextures:0]]
[2025.12.02-09.59.50:933][  0]LogConfig: Setting CVar [[r.VT.EnableAutoImport:1]]
[2025.12.02-09.59.50:933][  0]LogConfig: Setting CVar [[r.VirtualTexturedLightmaps:0]]
[2025.12.02-09.59.50:933][  0]LogConfig: Setting CVar [[r.VT.TileSize:128]]
[2025.12.02-09.59.50:933][  0]LogConfig: Setting CVar [[r.VT.TileBorderSize:4]]
[2025.12.02-09.59.50:933][  0]LogConfig: Setting CVar [[r.vt.FeedbackFactor:16]]
[2025.12.02-09.59.50:933][  0]LogConfig: Setting CVar [[r.VT.EnableCompressZlib:1]]
[2025.12.02-09.59.50:933][  0]LogConfig: Setting CVar [[r.VT.EnableCompressCrunch:0]]
[2025.12.02-09.59.50:933][  0]LogConfig: Setting CVar [[r.ClearCoatNormal:0]]
[2025.12.02-09.59.50:933][  0]LogConfig: Setting CVar [[r.ReflectionCaptureResolution:128]]
[2025.12.02-09.59.50:933][  0]LogConfig: Setting CVar [[r.Mobile.ReflectionCaptureCompression:0]]
[2025.12.02-09.59.50:933][  0]LogConfig: Setting CVar [[r.ReflectionEnvironmentLightmapMixBasedOnRoughness:1]]
[2025.12.02-09.59.50:933][  0]LogConfig: Setting CVar [[r.ForwardShading:0]]
[2025.12.02-09.59.50:933][  0]LogConfig: Setting CVar [[r.VertexFoggingForOpaque:1]]
[2025.12.02-09.59.50:933][  0]LogConfig: Setting CVar [[r.AllowStaticLighting:1]]
[2025.12.02-09.59.50:933][  0]LogConfig: Setting CVar [[r.NormalMapsForStaticLighting:0]]
[2025.12.02-09.59.50:933][  0]LogConfig: Setting CVar [[r.GenerateMeshDistanceFields:0]]
[2025.12.02-09.59.50:933][  0]LogConfig: Setting CVar [[r.DistanceFieldBuild.EightBit:0]]
[2025.12.02-09.59.50:933][  0]LogConfig: Setting CVar [[r.GenerateLandscapeGIData:0]]
[2025.12.02-09.59.50:933][  0]LogConfig: Setting CVar [[r.DistanceFieldBuild.Compress:0]]
[2025.12.02-09.59.50:933][  0]LogConfig: Setting CVar [[r.TessellationAdaptivePixelsPerTriangle:48.000000]]
[2025.12.02-09.59.50:933][  0]LogConfig: Setting CVar [[r.SeparateTranslucency:1]]
[2025.12.02-09.59.50:933][  0]LogConfig: Setting CVar [[r.TranslucentSortPolicy:0]]
[2025.12.02-09.59.50:933][  0]LogConfig: Setting CVar [[vr.VRS.HMDFixedFoveationLevel:0]]
[2025.12.02-09.59.50:933][  0]LogConfig: Setting CVar [[r.CustomDepth:1]]
[2025.12.02-09.59.50:933][  0]LogConfig: Setting CVar [[r.CustomDepthTemporalAAJitter:1]]
[2025.12.02-09.59.50:933][  0]LogConfig: Setting CVar [[r.PostProcessing.PropagateAlpha:0]]
[2025.12.02-09.59.50:933][  0]LogConfig: Setting CVar [[r.DefaultFeature.Bloom:1]]
[2025.12.02-09.59.50:933][  0]LogConfig: Setting CVar [[r.DefaultFeature.AmbientOcclusion:1]]
[2025.12.02-09.59.50:933][  0]LogConfig: Setting CVar [[r.DefaultFeature.AmbientOcclusionStaticFraction:1]]
[2025.12.02-09.59.50:933][  0]LogConfig: Setting CVar [[r.DefaultFeature.AutoExposure:0]]
[2025.12.02-09.59.50:933][  0]LogConfig: Setting CVar [[r.DefaultFeature.AutoExposure.Method:0]]
[2025.12.02-09.59.50:933][  0]LogConfig: Setting CVar [[r.DefaultFeature.AutoExposure.Bias:1.000000]]
[2025.12.02-09.59.50:933][  0]LogConfig: Setting CVar [[r.DefaultFeature.AutoExposure.ExtendDefaultLuminanceRange:0]]
[2025.12.02-09.59.50:933][  0]LogConfig: Setting CVar [[r.UsePreExposure:1]]
[2025.12.02-09.59.50:933][  0]LogConfig: Setting CVar [[r.EyeAdaptation.EditorOnly:0]]
[2025.12.02-09.59.50:933][  0]LogConfig: Setting CVar [[r.DefaultFeature.MotionBlur:0]]
[2025.12.02-09.59.50:933][  0]LogConfig: Setting CVar [[r.DefaultFeature.LensFlare:0]]
[2025.12.02-09.59.50:934][  0]LogConfig: Setting CVar [[r.TemporalAA.Upsampling:0]]
[2025.12.02-09.59.50:934][  0]LogConfig: Setting CVar [[r.SSGI.Enable:0]]
[2025.12.02-09.59.50:934][  0]LogConfig: Setting CVar [[r.DefaultFeature.AntiAliasing:0]]
[2025.12.02-09.59.50:934][  0]LogConfig: Setting CVar [[r.DefaultFeature.LightUnits:1]]
[2025.12.02-09.59.50:934][  0]LogConfig: Setting CVar [[r.DefaultBackBufferPixelFormat:4]]
[2025.12.02-09.59.50:934][  0]LogConfig: Setting CVar [[r.Shadow.UnbuiltPreviewInGame:1]]
[2025.12.02-09.59.50:934][  0]LogConfig: Setting CVar [[r.StencilForLODDither:0]]
[2025.12.02-09.59.50:934][  0]LogConfig: Setting CVar [[r.EarlyZPass:3]]
[2025.12.02-09.59.50:934][  0]LogConfig: Setting CVar [[r.EarlyZPassOnlyMaterialMasking:0]]
[2025.12.02-09.59.50:934][  0]LogConfig: Setting CVar [[r.DBuffer:1]]
[2025.12.02-09.59.50:934][  0]LogConfig: Setting CVar [[r.ClearSceneMethod:1]]
[2025.12.02-09.59.50:934][  0]LogConfig: Setting CVar [[r.BasePassOutputsVelocity:0]]
[2025.12.02-09.59.50:934][  0]LogConfig: Setting CVar [[r.VertexDeformationOutputsVelocity:0]]
[2025.12.02-09.59.50:934][  0]LogConfig: Setting CVar [[r.SelectiveBasePassOutputs:0]]
[2025.12.02-09.59.50:934][  0]LogConfig: Setting CVar [[fx.GPUSimulationTextureSizeX:1024]]
[2025.12.02-09.59.50:934][  0]LogConfig: Setting CVar [[fx.GPUSimulationTextureSizeY:1024]]
[2025.12.02-09.59.50:934][  0]LogConfig: Setting CVar [[r.AllowGlobalClipPlane:0]]
[2025.12.02-09.59.50:934][  0]LogConfig: Setting CVar [[r.GBufferFormat:1]]
[2025.12.02-09.59.50:934][  0]LogConfig: Setting CVar [[r.MorphTarget.Mode:1]]
[2025.12.02-09.59.50:934][  0]LogConfig: Setting CVar [[vr.InstancedStereo:0]]
[2025.12.02-09.59.50:934][  0]LogConfig: Setting CVar [[r.MobileHDR:1]]
[2025.12.02-09.59.50:934][  0]LogConfig: Setting CVar [[vr.MobileMultiView:0]]
[2025.12.02-09.59.50:934][  0]LogConfig: Setting CVar [[r.Mobile.UseHWsRGBEncoding:0]]
[2025.12.02-09.59.50:934][  0]LogConfig: Setting CVar [[vr.RoundRobinOcclusion:0]]
[2025.12.02-09.59.50:934][  0]LogConfig: Setting CVar [[vr.ODSCapture:0]]
[2025.12.02-09.59.50:934][  0]LogConfig: Setting CVar [[r.MeshStreaming:0]]
[2025.12.02-09.59.50:934][  0]LogConfig: Setting CVar [[r.WireframeCullThreshold:5.000000]]
[2025.12.02-09.59.50:934][  0]LogConfig: Setting CVar [[r.RayTracing:0]]
[2025.12.02-09.59.50:934][  0]LogConfig: Setting CVar [[r.RayTracing.UseTextureLod:0]]
[2025.12.02-09.59.50:934][  0]LogConfig: Setting CVar [[r.SupportStationarySkylight:1]]
[2025.12.02-09.59.50:934][  0]LogConfig: Setting CVar [[r.SupportLowQualityLightmaps:1]]
[2025.12.02-09.59.50:934][  0]LogConfig: Setting CVar [[r.SupportPointLightWholeSceneShadows:1]]
[2025.12.02-09.59.50:934][  0]LogConfig: Setting CVar [[r.SupportAtmosphericFog:1]]
[2025.12.02-09.59.50:934][  0]LogConfig: Setting CVar [[r.SupportSkyAtmosphere:1]]
[2025.12.02-09.59.50:934][  0]LogConfig: Setting CVar [[r.SupportSkyAtmosphereAffectsHeightFog:0]]
[2025.12.02-09.59.50:934][  0]LogConfig: Setting CVar [[r.SkinCache.CompileShaders:0]]
[2025.12.02-09.59.50:934][  0]LogConfig: Setting CVar [[r.SkinCache.DefaultBehavior:1]]
[2025.12.02-09.59.50:934][  0]LogConfig: Setting CVar [[r.SkinCache.SceneMemoryLimitInMB:128.000000]]
[2025.12.02-09.59.50:934][  0]LogConfig: Setting CVar [[r.Mobile.EnableStaticAndCSMShadowReceivers:1]]
[2025.12.02-09.59.50:934][  0]LogConfig: Setting CVar [[r.Mobile.EnableMovableLightCSMShaderCulling:1]]
[2025.12.02-09.59.50:934][  0]LogConfig: Setting CVar [[r.Mobile.AllowDistanceFieldShadows:1]]
[2025.12.02-09.59.50:934][  0]LogConfig: Setting CVar [[r.Mobile.AllowMovableDirectionalLights:1]]
[2025.12.02-09.59.50:934][  0]LogConfig: Setting CVar [[r.MobileNumDynamicPointLights:4]]
[2025.12.02-09.59.50:934][  0]LogConfig: Setting CVar [[r.MobileDynamicPointLightsUseStaticBranch:1]]
[2025.12.02-09.59.50:934][  0]LogConfig: Setting CVar [[r.Mobile.EnableMovableSpotlights:0]]
[2025.12.02-09.59.50:934][  0]LogConfig: Setting CVar [[r.Mobile.EnableMovableSpotlightsShadow:0]]
[2025.12.02-09.59.50:934][  0]LogConfig: Setting CVar [[r.GPUSkin.Support16BitBoneIndex:0]]
[2025.12.02-09.59.50:934][  0]LogConfig: Setting CVar [[r.GPUSkin.Limit2BoneInfluences:0]]
[2025.12.02-09.59.50:934][  0]LogConfig: Setting CVar [[r.SupportDepthOnlyIndexBuffers:1]]
[2025.12.02-09.59.50:934][  0]LogConfig: Setting CVar [[r.SupportReversedIndexBuffers:1]]
[2025.12.02-09.59.50:934][  0]LogConfig: Setting CVar [[r.LightPropagationVolume:0]]
[2025.12.02-09.59.50:934][  0]LogConfig: Setting CVar [[r.Mobile.AmbientOcclusion:0]]
[2025.12.02-09.59.50:934][  0]LogConfig: Setting CVar [[r.GPUSkin.UnlimitedBoneInfluences:0]]
[2025.12.02-09.59.50:934][  0]LogConfig: Setting CVar [[r.GPUSkin.UnlimitedBoneInfluencesThreshold:8]]
[2025.12.02-09.59.50:934][  0]LogConfig: Setting CVar [[r.Mobile.PlanarReflectionMode:0]]
[2025.12.02-09.59.50:934][  0]LogConfig: Setting CVar [[r.Mobile.SupportsGen4TAA:0]]
[2025.12.02-09.59.50:934][  0]LogConfig: Applying CVar settings from Section [/Script/Engine.RendererOverrideSettings] File [E:/Unreal/Fumec_DevGames/Saved/Config/Windows/Engine.ini]
[2025.12.02-09.59.50:934][  0]LogConfig: Applying CVar settings from Section [/Script/Engine.StreamingSettings] File [E:/Unreal/Fumec_DevGames/Saved/Config/Windows/Engine.ini]
[2025.12.02-09.59.50:934][  0]LogConfig: Setting CVar [[s.MinBulkDataSizeForAsyncLoading:131072]]
[2025.12.02-09.59.50:934][  0]LogConfig: Setting CVar [[s.AsyncLoadingThreadEnabled:0]]
[2025.12.02-09.59.50:934][  0]LogConfig: Setting CVar [[s.EventDrivenLoaderEnabled:1]]
[2025.12.02-09.59.50:934][  0]LogConfig: Setting CVar [[s.WarnIfTimeLimitExceeded:0]]
[2025.12.02-09.59.50:934][  0]LogConfig: Setting CVar [[s.TimeLimitExceededMultiplier:1.5]]
[2025.12.02-09.59.50:934][  0]LogConfig: Setting CVar [[s.TimeLimitExceededMinTime:0.005]]
[2025.12.02-09.59.50:934][  0]LogConfig: Setting CVar [[s.UseBackgroundLevelStreaming:1]]
[2025.12.02-09.59.50:934][  0]LogConfig: Setting CVar [[s.PriorityAsyncLoadingExtraTime:15.0]]
[2025.12.02-09.59.50:934][  0]LogConfig: Setting CVar [[s.LevelStreamingActorsUpdateTimeLimit:5.0]]
[2025.12.02-09.59.50:934][  0]LogConfig: Setting CVar [[s.PriorityLevelStreamingActorsUpdateExtraTime:5.0]]
[2025.12.02-09.59.50:934][  0]LogConfig: Setting CVar [[s.LevelStreamingComponentsRegistrationGranularity:10]]
[2025.12.02-09.59.50:934][  0]LogConfig: Setting CVar [[s.UnregisterComponentsTimeLimit:1.0]]
[2025.12.02-09.59.50:934][  0]LogConfig: Setting CVar [[s.LevelStreamingComponentsUnregistrationGranularity:5]]
[2025.12.02-09.59.50:934][  0]LogConfig: Setting CVar [[s.FlushStreamingOnExit:1]]
[2025.12.02-09.59.50:934][  0]LogConfig: Applying CVar settings from Section [/Script/Engine.GarbageCollectionSettings] File [E:/Unreal/Fumec_DevGames/Saved/Config/Windows/Engine.ini]
[2025.12.02-09.59.50:934][  0]LogConfig: Setting CVar [[gc.MaxObjectsNotConsideredByGC:1]]
[2025.12.02-09.59.50:934][  0]LogConfig: Setting CVar [[gc.SizeOfPermanentObjectPool:0]]
[2025.12.02-09.59.50:934][  0]LogConfig: Setting CVar [[gc.FlushStreamingOnGC:0]]
[2025.12.02-09.59.50:934][  0]LogConfig: Setting CVar [[gc.NumRetriesBeforeForcingGC:10]]
[2025.12.02-09.59.50:934][  0]LogConfig: Setting CVar [[gc.AllowParallelGC:1]]
[2025.12.02-09.59.50:934][  0]LogConfig: Setting CVar [[gc.TimeBetweenPurgingPendingKillObjects:61.1]]
[2025.12.02-09.59.50:934][  0]LogConfig: Setting CVar [[gc.MaxObjectsInEditor:25165824]]
[2025.12.02-09.59.50:934][  0]LogConfig: Setting CVar [[gc.IncrementalBeginDestroyEnabled:1]]
[2025.12.02-09.59.50:935][  0]LogConfig: Setting CVar [[gc.CreateGCClusters:1]]
[2025.12.02-09.59.50:935][  0]LogConfig: Setting CVar [[gc.MinGCClusterSize:5]]
[2025.12.02-09.59.50:935][  0]LogConfig: Setting CVar [[gc.ActorClusteringEnabled:0]]
[2025.12.02-09.59.50:935][  0]LogConfig: Setting CVar [[gc.BlueprintClusteringEnabled:0]]
[2025.12.02-09.59.50:935][  0]LogConfig: Setting CVar [[gc.UseDisregardForGCOnDedicatedServers:0]]
[2025.12.02-09.59.50:935][  0]LogConfig: Setting CVar [[gc.MultithreadedDestructionEnabled:1]]
[2025.12.02-09.59.50:935][  0]LogConfig: Applying CVar settings from Section [/Script/Engine.NetworkSettings] File [E:/Unreal/Fumec_DevGames/Saved/Config/Windows/Engine.ini]
[2025.12.02-09.59.50:935][  0]LogConfig: Applying CVar settings from Section [/Script/UnrealEd.CookerSettings] File [E:/Unreal/Fumec_DevGames/Saved/Config/Windows/Engine.ini]
[2025.12.02-09.59.50:939][  0]LogConfig: Applying CVar settings from Section [ViewDistanceQuality@3] File [E:/Unreal/Fumec_DevGames/Saved/Config/Windows/Scalability.ini]
[2025.12.02-09.59.50:939][  0]LogConfig: Setting CVar [[r.SkeletalMeshLODBias:0]]
[2025.12.02-09.59.50:939][  0]LogConfig: Setting CVar [[r.ViewDistanceScale:1.0]]
[2025.12.02-09.59.50:939][  0]LogConfig: Applying CVar settings from Section [AntiAliasingQuality@3] File [E:/Unreal/Fumec_DevGames/Saved/Config/Windows/Scalability.ini]
[2025.12.02-09.59.50:939][  0]LogConfig: Setting CVar [[r.PostProcessAAQuality:4]]
[2025.12.02-09.59.50:939][  0]LogConfig: Applying CVar settings from Section [ShadowQuality@3] File [E:/Unreal/Fumec_DevGames/Saved/Config/Windows/Scalability.ini]
[2025.12.02-09.59.50:939][  0]LogConfig: Setting CVar [[r.LightFunctionQuality:1]]
[2025.12.02-09.59.50:939][  0]LogConfig: Setting CVar [[r.ShadowQuality:5]]
[2025.12.02-09.59.50:939][  0]LogConfig: Setting CVar [[r.Shadow.CSM.MaxCascades:10]]
[2025.12.02-09.59.50:939][  0]LogConfig: Setting CVar [[r.Shadow.MaxResolution:2048]]
[2025.12.02-09.59.50:939][  0]LogConfig: Setting CVar [[r.Shadow.MaxCSMResolution:2048]]
[2025.12.02-09.59.50:939][  0]LogConfig: Setting CVar [[r.Shadow.RadiusThreshold:0.01]]
[2025.12.02-09.59.50:939][  0]LogConfig: Setting CVar [[r.Shadow.DistanceScale:1.0]]
[2025.12.02-09.59.50:939][  0]LogConfig: Setting CVar [[r.Shadow.CSM.TransitionScale:1.0]]
[2025.12.02-09.59.50:939][  0]LogConfig: Setting CVar [[r.Shadow.PreShadowResolutionFactor:1.0]]
[2025.12.02-09.59.50:939][  0]LogConfig: Setting CVar [[r.DistanceFieldShadowing:1]]
[2025.12.02-09.59.50:939][  0]LogConfig: Setting CVar [[r.DistanceFieldAO:1]]
[2025.12.02-09.59.50:939][  0]LogConfig: Setting CVar [[r.AOQuality:2]]
[2025.12.02-09.59.50:939][  0]LogConfig: Setting CVar [[r.VolumetricFog:1]]
[2025.12.02-09.59.50:939][  0]LogConfig: Setting CVar [[r.VolumetricFog.GridPixelSize:8]]
[2025.12.02-09.59.50:939][  0]LogConfig: Setting CVar [[r.VolumetricFog.GridSizeZ:128]]
[2025.12.02-09.59.50:939][  0]LogConfig: Setting CVar [[r.VolumetricFog.HistoryMissSupersampleCount:4]]
[2025.12.02-09.59.50:939][  0]LogConfig: Setting CVar [[r.LightMaxDrawDistanceScale:1]]
[2025.12.02-09.59.50:939][  0]LogConfig: Setting CVar [[r.CapsuleShadows:1]]
[2025.12.02-09.59.50:939][  0]LogConfig: Applying CVar settings from Section [PostProcessQuality@3] File [E:/Unreal/Fumec_DevGames/Saved/Config/Windows/Scalability.ini]
[2025.12.02-09.59.50:939][  0]LogConfig: Setting CVar [[r.MotionBlurQuality:4]]
[2025.12.02-09.59.50:939][  0]LogConfig: Setting CVar [[r.AmbientOcclusionMipLevelFactor:0.4]]
[2025.12.02-09.59.50:939][  0]LogConfig: Setting CVar [[r.AmbientOcclusionMaxQuality:100]]
[2025.12.02-09.59.50:939][  0]LogConfig: Setting CVar [[r.AmbientOcclusionLevels:-1]]
[2025.12.02-09.59.50:939][  0]LogConfig: Setting CVar [[r.AmbientOcclusionRadiusScale:1.0]]
[2025.12.02-09.59.50:939][  0]LogConfig: Setting CVar [[r.DepthOfFieldQuality:2]]
[2025.12.02-09.59.50:939][  0]LogConfig: Setting CVar [[r.RenderTargetPoolMin:400]]
[2025.12.02-09.59.50:941][  0]LogConfig: Setting CVar [[r.LensFlareQuality:2]]
[2025.12.02-09.59.50:941][  0]LogConfig: Setting CVar [[r.SceneColorFringeQuality:1]]
[2025.12.02-09.59.50:941][  0]LogConfig: Setting CVar [[r.EyeAdaptationQuality:2]]
[2025.12.02-09.59.50:941][  0]LogConfig: Setting CVar [[r.BloomQuality:5]]
[2025.12.02-09.59.50:941][  0]LogConfig: Setting CVar [[r.FastBlurThreshold:100]]
[2025.12.02-09.59.50:941][  0]LogConfig: Setting CVar [[r.Upscale.Quality:3]]
[2025.12.02-09.59.50:941][  0]LogConfig: Setting CVar [[r.Tonemapper.GrainQuantization:1]]
[2025.12.02-09.59.50:941][  0]LogConfig: Setting CVar [[r.LightShaftQuality:1]]
[2025.12.02-09.59.50:941][  0]LogConfig: Setting CVar [[r.Filter.SizeScale:1]]
[2025.12.02-09.59.50:941][  0]LogConfig: Setting CVar [[r.Tonemapper.Quality:5]]
[2025.12.02-09.59.50:941][  0]LogConfig: Setting CVar [[r.DOF.Gather.AccumulatorQuality:1        ; higher gathering accumulator quality]]
[2025.12.02-09.59.50:941][  0]LogConfig: Setting CVar [[r.DOF.Gather.PostfilterMethod:1          ; Median3x3 postfilering method]]
[2025.12.02-09.59.50:941][  0]LogConfig: Setting CVar [[r.DOF.Gather.EnableBokehSettings:0       ; no bokeh simulation when gathering]]
[2025.12.02-09.59.50:941][  0]LogConfig: Setting CVar [[r.DOF.Gather.RingCount:4                 ; medium number of samples when gathering]]
[2025.12.02-09.59.50:941][  0]LogConfig: Setting CVar [[r.DOF.Scatter.ForegroundCompositing:1    ; additive foreground scattering]]
[2025.12.02-09.59.50:941][  0]LogConfig: Setting CVar [[r.DOF.Scatter.BackgroundCompositing:2    ; additive background scattering]]
[2025.12.02-09.59.50:941][  0]LogConfig: Setting CVar [[r.DOF.Scatter.EnableBokehSettings:1      ; bokeh simulation when scattering]]
[2025.12.02-09.59.50:941][  0]LogConfig: Setting CVar [[r.DOF.Scatter.MaxSpriteRatio:0.1         ; only a maximum of 10% of scattered bokeh]]
[2025.12.02-09.59.50:941][  0]LogConfig: Setting CVar [[r.DOF.Recombine.Quality:1                ; cheap slight out of focus]]
[2025.12.02-09.59.50:941][  0]LogConfig: Setting CVar [[r.DOF.Recombine.EnableBokehSettings:0    ; no bokeh simulation on slight out of focus]]
[2025.12.02-09.59.50:941][  0]LogConfig: Setting CVar [[r.DOF.TemporalAAQuality:1                ; more stable temporal accumulation]]
[2025.12.02-09.59.50:941][  0]LogConfig: Setting CVar [[r.DOF.Kernel.MaxForegroundRadius:0.025]]
[2025.12.02-09.59.50:941][  0]LogConfig: Setting CVar [[r.DOF.Kernel.MaxBackgroundRadius:0.025]]
[2025.12.02-09.59.50:941][  0]LogConfig: Applying CVar settings from Section [TextureQuality@3] File [E:/Unreal/Fumec_DevGames/Saved/Config/Windows/Scalability.ini]
[2025.12.02-09.59.50:941][  0]LogConfig: Setting CVar [[r.Streaming.MipBias:0]]
[2025.12.02-09.59.50:941][  0]LogConfig: Setting CVar [[r.Streaming.AmortizeCPUToGPUCopy:0]]
[2025.12.02-09.59.50:941][  0]LogConfig: Setting CVar [[r.Streaming.MaxNumTexturesToStreamPerFrame:0]]
[2025.12.02-09.59.50:941][  0]LogConfig: Setting CVar [[r.Streaming.Boost:1]]
[2025.12.02-09.59.50:941][  0]LogConfig: Setting CVar [[r.MaxAnisotropy:8]]
[2025.12.02-09.59.50:941][  0]LogConfig: Setting CVar [[r.VT.MaxAnisotropy:8]]
[2025.12.02-09.59.50:941][  0]LogConfig: Setting CVar [[r.Streaming.LimitPoolSizeToVRAM:0]]
[2025.12.02-09.59.50:941][  0]LogConfig: Setting CVar [[r.Streaming.PoolSize:1000]]
[2025.12.02-09.59.50:941][  0]LogConfig: Setting CVar [[r.Streaming.MaxEffectiveScreenSize:0]]
[2025.12.02-09.59.50:941][  0]LogConfig: Applying CVar settings from Section [EffectsQuality@3] File [E:/Unreal/Fumec_DevGames/Saved/Config/Windows/Scalability.ini]
[2025.12.02-09.59.50:941][  0]LogConfig: Setting CVar [[r.TranslucencyLightingVolumeDim:64]]
[2025.12.02-09.59.50:941][  0]LogConfig: Setting CVar [[r.RefractionQuality:2]]
[2025.12.02-09.59.50:941][  0]LogConfig: Setting CVar [[r.SSR.Quality:3]]
[2025.12.02-09.59.50:941][  0]LogConfig: Setting CVar [[r.SSR.HalfResSceneColor:0]]
[2025.12.02-09.59.50:941][  0]LogConfig: Setting CVar [[r.SceneColorFormat:4]]
[2025.12.02-09.59.50:941][  0]LogConfig: Setting CVar [[r.DetailMode:2]]
[2025.12.02-09.59.50:941][  0]LogConfig: Setting CVar [[r.TranslucencyVolumeBlur:1]]
[2025.12.02-09.59.50:941][  0]LogConfig: Setting CVar [[r.MaterialQualityLevel:1 ; High quality]]
[2025.12.02-09.59.50:941][  0]LogConfig: Setting CVar [[r.AnisotropicMaterials:1]]
[2025.12.02-09.59.50:941][  0]LogConfig: Setting CVar [[r.SSS.Scale:1]]
[2025.12.02-09.59.50:941][  0]LogConfig: Setting CVar [[r.SSS.SampleSet:2]]
[2025.12.02-09.59.50:941][  0]LogConfig: Setting CVar [[r.SSS.Quality:1]]
[2025.12.02-09.59.50:941][  0]LogConfig: Setting CVar [[r.SSS.HalfRes:0]]
[2025.12.02-09.59.50:941][  0]LogConfig: Setting CVar [[r.SSGI.Quality:3]]
[2025.12.02-09.59.50:941][  0]LogConfig: Setting CVar [[r.EmitterSpawnRateScale:1.0]]
[2025.12.02-09.59.50:941][  0]LogConfig: Setting CVar [[r.ParticleLightQuality:2]]
[2025.12.02-09.59.50:941][  0]LogConfig: Setting CVar [[r.SkyAtmosphere.AerialPerspectiveLUT.FastApplyOnOpaque:1 ; Always have FastSkyLUT 1 in this case to avoid wrong sky]]
[2025.12.02-09.59.50:941][  0]LogConfig: Setting CVar [[r.SkyAtmosphere.AerialPerspectiveLUT.SampleCountMaxPerSlice:4]]
[2025.12.02-09.59.50:941][  0]LogConfig: Setting CVar [[r.SkyAtmosphere.AerialPerspectiveLUT.DepthResolution:16.0]]
[2025.12.02-09.59.50:941][  0]LogConfig: Setting CVar [[r.SkyAtmosphere.FastSkyLUT:1]]
[2025.12.02-09.59.50:941][  0]LogConfig: Setting CVar [[r.SkyAtmosphere.FastSkyLUT.SampleCountMin:4.0]]
[2025.12.02-09.59.50:941][  0]LogConfig: Setting CVar [[r.SkyAtmosphere.FastSkyLUT.SampleCountMax:128.0]]
[2025.12.02-09.59.50:941][  0]LogConfig: Setting CVar [[r.SkyAtmosphere.SampleCountMin:4.0]]
[2025.12.02-09.59.50:942][  0]LogConfig: Setting CVar [[r.SkyAtmosphere.SampleCountMax:128.0]]
[2025.12.02-09.59.50:942][  0]LogConfig: Setting CVar [[r.SkyAtmosphere.TransmittanceLUT.UseSmallFormat:0]]
[2025.12.02-09.59.50:942][  0]LogConfig: Setting CVar [[r.SkyAtmosphere.TransmittanceLUT.SampleCount:10.0]]
[2025.12.02-09.59.50:942][  0]LogConfig: Setting CVar [[r.SkyAtmosphere.MultiScatteringLUT.SampleCount:15.0]]
[2025.12.02-09.59.50:942][  0]LogConfig: Setting CVar [[r.SkyLight.RealTimeReflectionCapture:1]]
[2025.12.02-09.59.50:942][  0]LogConfig: Applying CVar settings from Section [FoliageQuality@3] File [E:/Unreal/Fumec_DevGames/Saved/Config/Windows/Scalability.ini]
[2025.12.02-09.59.50:942][  0]LogConfig: Setting CVar [[foliage.DensityScale:1.0]]
[2025.12.02-09.59.50:942][  0]LogConfig: Setting CVar [[grass.DensityScale:1.0]]
[2025.12.02-09.59.50:942][  0]LogConfig: Applying CVar settings from Section [ShadingQuality@3] File [E:/Unreal/Fumec_DevGames/Saved/Config/Windows/Scalability.ini]
[2025.12.02-09.59.50:942][  0]LogConfig: Setting CVar [[r.HairStrands.SkyLighting.IntegrationType:2]]
[2025.12.02-09.59.50:942][  0]LogConfig: Setting CVar [[r.HairStrands.SkyAO.SampleCount:4]]
[2025.12.02-09.59.50:942][  0]LogConfig: Setting CVar [[r.HairStrands.Visibility.MSAA.SamplePerPixel:4]]
[2025.12.02-09.59.50:942][  0]LogInit: Selected Device Profile: [Windows]
[2025.12.02-09.59.50:942][  0]LogInit: Applying CVar settings loaded from the selected device profile: [Windows]
[2025.12.02-09.59.50:942][  0]LogHAL: Display: Platform has ~ 14 GB [14968041472 / 17179869184 / 14], which maps to Larger [LargestMinGB=32, LargerMinGB=12, DefaultMinGB=8, SmallerMinGB=6, SmallestMinGB=0)
[2025.12.02-09.59.50:942][  0]LogInit: Going up to parent DeviceProfile []
[2025.12.02-09.59.50:942][  0]LogConfig: Applying CVar settings from Section [ViewDistanceQuality@3] File [E:/Unreal/Fumec_DevGames/Saved/Config/Windows/Scalability.ini]
[2025.12.02-09.59.50:942][  0]LogConfig: Setting CVar [[r.SkeletalMeshLODBias:0]]
[2025.12.02-09.59.50:942][  0]LogConfig: Setting CVar [[r.ViewDistanceScale:1.0]]
[2025.12.02-09.59.50:942][  0]LogConfig: Applying CVar settings from Section [AntiAliasingQuality@3] File [E:/Unreal/Fumec_DevGames/Saved/Config/Windows/Scalability.ini]
[2025.12.02-09.59.50:942][  0]LogConfig: Setting CVar [[r.PostProcessAAQuality:4]]
[2025.12.02-09.59.50:942][  0]LogConfig: Applying CVar settings from Section [ShadowQuality@3] File [E:/Unreal/Fumec_DevGames/Saved/Config/Windows/Scalability.ini]
[2025.12.02-09.59.50:942][  0]LogConfig: Setting CVar [[r.LightFunctionQuality:1]]
[2025.12.02-09.59.50:942][  0]LogConfig: Setting CVar [[r.ShadowQuality:5]]
[2025.12.02-09.59.50:942][  0]LogConfig: Setting CVar [[r.Shadow.CSM.MaxCascades:10]]
[2025.12.02-09.59.50:942][  0]LogConfig: Setting CVar [[r.Shadow.MaxResolution:2048]]
[2025.12.02-09.59.50:942][  0]LogConfig: Setting CVar [[r.Shadow.MaxCSMResolution:2048]]
[2025.12.02-09.59.50:942][  0]LogConfig: Setting CVar [[r.Shadow.RadiusThreshold:0.01]]
[2025.12.02-09.59.50:942][  0]LogConfig: Setting CVar [[r.Shadow.DistanceScale:1.0]]
[2025.12.02-09.59.50:942][  0]LogConfig: Setting CVar [[r.Shadow.CSM.TransitionScale:1.0]]
[2025.12.02-09.59.50:942][  0]LogConfig: Setting CVar [[r.Shadow.PreShadowResolutionFactor:1.0]]
[2025.12.02-09.59.50:942][  0]LogConfig: Setting CVar [[r.DistanceFieldShadowing:1]]
[2025.12.02-09.59.50:942][  0]LogConfig: Setting CVar [[r.DistanceFieldAO:1]]
[2025.12.02-09.59.50:942][  0]LogConfig: Setting CVar [[r.AOQuality:2]]
[2025.12.02-09.59.50:942][  0]LogConfig: Setting CVar [[r.VolumetricFog:1]]
[2025.12.02-09.59.50:942][  0]LogConfig: Setting CVar [[r.VolumetricFog.GridPixelSize:8]]
[2025.12.02-09.59.50:942][  0]LogConfig: Setting CVar [[r.VolumetricFog.GridSizeZ:128]]
[2025.12.02-09.59.50:942][  0]LogConfig: Setting CVar [[r.VolumetricFog.HistoryMissSupersampleCount:4]]
[2025.12.02-09.59.50:942][  0]LogConfig: Setting CVar [[r.LightMaxDrawDistanceScale:1]]
[2025.12.02-09.59.50:942][  0]LogConfig: Setting CVar [[r.CapsuleShadows:1]]
[2025.12.02-09.59.50:942][  0]LogConfig: Applying CVar settings from Section [PostProcessQuality@3] File [E:/Unreal/Fumec_DevGames/Saved/Config/Windows/Scalability.ini]
[2025.12.02-09.59.50:942][  0]LogConfig: Setting CVar [[r.MotionBlurQuality:4]]
[2025.12.02-09.59.50:942][  0]LogConfig: Setting CVar [[r.AmbientOcclusionMipLevelFactor:0.4]]
[2025.12.02-09.59.50:942][  0]LogConfig: Setting CVar [[r.AmbientOcclusionMaxQuality:100]]
[2025.12.02-09.59.50:942][  0]LogConfig: Setting CVar [[r.AmbientOcclusionLevels:-1]]
[2025.12.02-09.59.50:942][  0]LogConfig: Setting CVar [[r.AmbientOcclusionRadiusScale:1.0]]
[2025.12.02-09.59.50:942][  0]LogConfig: Setting CVar [[r.DepthOfFieldQuality:2]]
[2025.12.02-09.59.50:942][  0]LogConfig: Setting CVar [[r.RenderTargetPoolMin:400]]
[2025.12.02-09.59.50:942][  0]LogConfig: Setting CVar [[r.LensFlareQuality:2]]
[2025.12.02-09.59.50:943][  0]LogConfig: Setting CVar [[r.SceneColorFringeQuality:1]]
[2025.12.02-09.59.50:943][  0]LogConfig: Setting CVar [[r.EyeAdaptationQuality:2]]
[2025.12.02-09.59.50:943][  0]LogConfig: Setting CVar [[r.BloomQuality:5]]
[2025.12.02-09.59.50:943][  0]LogConfig: Setting CVar [[r.FastBlurThreshold:100]]
[2025.12.02-09.59.50:943][  0]LogConfig: Setting CVar [[r.Upscale.Quality:3]]
[2025.12.02-09.59.50:943][  0]LogConfig: Setting CVar [[r.Tonemapper.GrainQuantization:1]]
[2025.12.02-09.59.50:943][  0]LogConfig: Setting CVar [[r.LightShaftQuality:1]]
[2025.12.02-09.59.50:943][  0]LogConfig: Setting CVar [[r.Filter.SizeScale:1]]
[2025.12.02-09.59.50:943][  0]LogConfig: Setting CVar [[r.Tonemapper.Quality:5]]
[2025.12.02-09.59.50:943][  0]LogConfig: Setting CVar [[r.DOF.Gather.AccumulatorQuality:1        ; higher gathering accumulator quality]]
[2025.12.02-09.59.50:943][  0]LogConfig: Setting CVar [[r.DOF.Gather.PostfilterMethod:1          ; Median3x3 postfilering method]]
[2025.12.02-09.59.50:943][  0]LogConfig: Setting CVar [[r.DOF.Gather.EnableBokehSettings:0       ; no bokeh simulation when gathering]]
[2025.12.02-09.59.50:943][  0]LogConfig: Setting CVar [[r.DOF.Gather.RingCount:4                 ; medium number of samples when gathering]]
[2025.12.02-09.59.50:943][  0]LogConfig: Setting CVar [[r.DOF.Scatter.ForegroundCompositing:1    ; additive foreground scattering]]
[2025.12.02-09.59.50:943][  0]LogConfig: Setting CVar [[r.DOF.Scatter.BackgroundCompositing:2    ; additive background scattering]]
[2025.12.02-09.59.50:943][  0]LogConfig: Setting CVar [[r.DOF.Scatter.EnableBokehSettings:1      ; bokeh simulation when scattering]]
[2025.12.02-09.59.50:943][  0]LogConfig: Setting CVar [[r.DOF.Scatter.MaxSpriteRatio:0.1         ; only a maximum of 10% of scattered bokeh]]
[2025.12.02-09.59.50:943][  0]LogConfig: Setting CVar [[r.DOF.Recombine.Quality:1                ; cheap slight out of focus]]
[2025.12.02-09.59.50:943][  0]LogConfig: Setting CVar [[r.DOF.Recombine.EnableBokehSettings:0    ; no bokeh simulation on slight out of focus]]
[2025.12.02-09.59.50:943][  0]LogConfig: Setting CVar [[r.DOF.TemporalAAQuality:1                ; more stable temporal accumulation]]
[2025.12.02-09.59.50:943][  0]LogConfig: Setting CVar [[r.DOF.Kernel.MaxForegroundRadius:0.025]]
[2025.12.02-09.59.50:943][  0]LogConfig: Setting CVar [[r.DOF.Kernel.MaxBackgroundRadius:0.025]]
[2025.12.02-09.59.50:943][  0]LogConfig: Applying CVar settings from Section [TextureQuality@3] File [E:/Unreal/Fumec_DevGames/Saved/Config/Windows/Scalability.ini]
[2025.12.02-09.59.50:943][  0]LogConfig: Setting CVar [[r.Streaming.MipBias:0]]
[2025.12.02-09.59.50:943][  0]LogConfig: Setting CVar [[r.Streaming.AmortizeCPUToGPUCopy:0]]
[2025.12.02-09.59.50:943][  0]LogConfig: Setting CVar [[r.Streaming.MaxNumTexturesToStreamPerFrame:0]]
[2025.12.02-09.59.50:943][  0]LogConfig: Setting CVar [[r.Streaming.Boost:1]]
[2025.12.02-09.59.50:943][  0]LogConfig: Setting CVar [[r.MaxAnisotropy:8]]
[2025.12.02-09.59.50:943][  0]LogConfig: Setting CVar [[r.VT.MaxAnisotropy:8]]
[2025.12.02-09.59.50:943][  0]LogConfig: Setting CVar [[r.Streaming.LimitPoolSizeToVRAM:0]]
[2025.12.02-09.59.50:943][  0]LogConfig: Setting CVar [[r.Streaming.PoolSize:1000]]
[2025.12.02-09.59.50:943][  0]LogConfig: Setting CVar [[r.Streaming.MaxEffectiveScreenSize:0]]
[2025.12.02-09.59.50:943][  0]LogConfig: Applying CVar settings from Section [EffectsQuality@3] File [E:/Unreal/Fumec_DevGames/Saved/Config/Windows/Scalability.ini]
[2025.12.02-09.59.50:943][  0]LogConfig: Setting CVar [[r.TranslucencyLightingVolumeDim:64]]
[2025.12.02-09.59.50:943][  0]LogConfig: Setting CVar [[r.RefractionQuality:2]]
[2025.12.02-09.59.50:943][  0]LogConfig: Setting CVar [[r.SSR.Quality:3]]
[2025.12.02-09.59.50:943][  0]LogConfig: Setting CVar [[r.SSR.HalfResSceneColor:0]]
[2025.12.02-09.59.50:943][  0]LogConfig: Setting CVar [[r.SceneColorFormat:4]]
[2025.12.02-09.59.50:943][  0]LogConfig: Setting CVar [[r.DetailMode:2]]
[2025.12.02-09.59.50:943][  0]LogConfig: Setting CVar [[r.TranslucencyVolumeBlur:1]]
[2025.12.02-09.59.50:943][  0]LogConfig: Setting CVar [[r.MaterialQualityLevel:1 ; High quality]]
[2025.12.02-09.59.50:943][  0]LogConfig: Setting CVar [[r.AnisotropicMaterials:1]]
[2025.12.02-09.59.50:943][  0]LogConfig: Setting CVar [[r.SSS.Scale:1]]
[2025.12.02-09.59.50:943][  0]LogConfig: Setting CVar [[r.SSS.SampleSet:2]]
[2025.12.02-09.59.50:943][  0]LogConfig: Setting CVar [[r.SSS.Quality:1]]
[2025.12.02-09.59.50:943][  0]LogConfig: Setting CVar [[r.SSS.HalfRes:0]]
[2025.12.02-09.59.50:943][  0]LogConfig: Setting CVar [[r.SSGI.Quality:3]]
[2025.12.02-09.59.50:943][  0]LogConfig: Setting CVar [[r.EmitterSpawnRateScale:1.0]]
[2025.12.02-09.59.50:943][  0]LogConfig: Setting CVar [[r.ParticleLightQuality:2]]
[2025.12.02-09.59.50:943][  0]LogConfig: Setting CVar [[r.SkyAtmosphere.AerialPerspectiveLUT.FastApplyOnOpaque:1 ; Always have FastSkyLUT 1 in this case to avoid wrong sky]]
[2025.12.02-09.59.50:943][  0]LogConfig: Setting CVar [[r.SkyAtmosphere.AerialPerspectiveLUT.SampleCountMaxPerSlice:4]]
[2025.12.02-09.59.50:943][  0]LogConfig: Setting CVar [[r.SkyAtmosphere.AerialPerspectiveLUT.DepthResolution:16.0]]
[2025.12.02-09.59.50:943][  0]LogConfig: Setting CVar [[r.SkyAtmosphere.FastSkyLUT:1]]
[2025.12.02-09.59.50:943][  0]LogConfig: Setting CVar [[r.SkyAtmosphere.FastSkyLUT.SampleCountMin:4.0]]
[2025.12.02-09.59.50:943][  0]LogConfig: Setting CVar [[r.SkyAtmosphere.FastSkyLUT.SampleCountMax:128.0]]
[2025.12.02-09.59.50:943][  0]LogConfig: Setting CVar [[r.SkyAtmosphere.SampleCountMin:4.0]]
[2025.12.02-09.59.50:943][  0]LogConfig: Setting CVar [[r.SkyAtmosphere.SampleCountMax:128.0]]
[2025.12.02-09.59.50:943][  0]LogConfig: Setting CVar [[r.SkyAtmosphere.TransmittanceLUT.UseSmallFormat:0]]
[2025.12.02-09.59.50:944][  0]LogConfig: Setting CVar [[r.SkyAtmosphere.TransmittanceLUT.SampleCount:10.0]]
[2025.12.02-09.59.50:944][  0]LogConfig: Setting CVar [[r.SkyAtmosphere.MultiScatteringLUT.SampleCount:15.0]]
[2025.12.02-09.59.50:944][  0]LogConfig: Setting CVar [[r.SkyLight.RealTimeReflectionCapture:1]]
[2025.12.02-09.59.50:944][  0]LogConfig: Applying CVar settings from Section [FoliageQuality@3] File [E:/Unreal/Fumec_DevGames/Saved/Config/Windows/Scalability.ini]
[2025.12.02-09.59.50:944][  0]LogConfig: Setting CVar [[foliage.DensityScale:1.0]]
[2025.12.02-09.59.50:944][  0]LogConfig: Setting CVar [[grass.DensityScale:1.0]]
[2025.12.02-09.59.50:944][  0]LogConfig: Applying CVar settings from Section [ShadingQuality@3] File [E:/Unreal/Fumec_DevGames/Saved/Config/Windows/Scalability.ini]
[2025.12.02-09.59.50:944][  0]LogConfig: Setting CVar [[r.HairStrands.SkyLighting.IntegrationType:2]]
[2025.12.02-09.59.50:944][  0]LogConfig: Setting CVar [[r.HairStrands.SkyAO.SampleCount:4]]
[2025.12.02-09.59.50:944][  0]LogConfig: Setting CVar [[r.HairStrands.Visibility.MSAA.SamplePerPixel:4]]
[2025.12.02-09.59.50:944][  0]LogConfig: Applying CVar settings from Section [Startup] File [../../../Engine/Config/ConsoleVariables.ini]
[2025.12.02-09.59.50:944][  0]LogConfig: Setting CVar [[net.UseAdaptiveNetUpdateFrequency:0]]
[2025.12.02-09.59.50:944][  0]LogConfig: Setting CVar [[p.chaos.AllowCreatePhysxBodies:1]]
[2025.12.02-09.59.50:944][  0]LogConfig: Setting CVar [[fx.SkipVectorVMBackendOptimizations:1]]
[2025.12.02-09.59.50:944][  0]LogConfig: Applying CVar settings from Section [ConsoleVariables] File [E:/Unreal/Fumec_DevGames/Saved/Config/Windows/Engine.ini]
[2025.12.02-09.59.50:944][  0]LogConfig: Applying CVar settings from Section [ConsoleVariables] File [E:/Unreal/Fumec_DevGames/Saved/Config/Windows/Editor.ini]
[2025.12.02-09.59.50:944][  0]LogInit: Computer: LUCY
[2025.12.02-09.59.50:944][  0]LogInit: User: Gabriel
[2025.12.02-09.59.50:944][  0]LogInit: CPU Page size=4096, Cores=4
[2025.12.02-09.59.50:944][  0]LogInit: High frequency timer resolution =10.000000 MHz
[2025.12.02-09.59.50:945][  0]LogMemory: Memory total: Physical=13.9GB (14GB approx)
[2025.12.02-09.59.50:945][  0]LogMemory: Platform Memory Stats for Windows
[2025.12.02-09.59.50:945][  0]LogMemory: Process Physical Memory: 147.35 MB used, 147.35 MB peak
[2025.12.02-09.59.50:945][  0]LogMemory: Process Virtual Memory: 126.51 MB used, 126.51 MB peak
[2025.12.02-09.59.50:945][  0]LogMemory: Physical Memory: 6948.57 MB used,  7326.07 MB free, 14274.64 MB total
[2025.12.02-09.59.50:945][  0]LogMemory: Virtual Memory: 134205312.00 MB used,  12418.99 MB free, 134217728.00 MB total
[2025.12.02-09.59.50:956][  0]LogWindows: WindowsPlatformFeatures enabled
[2025.12.02-09.59.51:036][  0]LogInit: Physics initialised using underlying interface: PhysX
[2025.12.02-09.59.51:037][  0]LogInit: Overriding language with editor language configuration option (en).
[2025.12.02-09.59.51:037][  0]LogInit: Overriding language with editor locale configuration option (en).
[2025.12.02-09.59.51:287][  0]LogInit: Setting process to per monitor DPI aware
[2025.12.02-09.59.51:307][  0]LogWindowsTextInputMethodSystem: Display: IME system deactivated.
[2025.12.02-09.59.51:327][  0]LogSlate: New Slate User Created.  User Index 0, Is Virtual User: 0
[2025.12.02-09.59.51:327][  0]LogSlate: Slate User Registered.  User Index 0, Is Virtual User: 0
[2025.12.02-09.59.51:527][  0]LogD3D11RHI: Loaded GFSDK_Aftermath_Lib.x64.dll
[2025.12.02-09.59.51:625][  0]LogHMD: Failed to initialize OpenVR with code 110
[2025.12.02-09.59.51:625][  0]LogD3D11RHI: D3D11 min allowed feature level: 11_0
[2025.12.02-09.59.51:625][  0]LogD3D11RHI: D3D11 max allowed feature level: 11_0
[2025.12.02-09.59.51:625][  0]LogD3D11RHI: D3D11 adapters:
[2025.12.02-09.59.51:836][  0]LogD3D11RHI:    0. 'NVIDIA GeForce GTX 1650' (Feature Level 11_0)
[2025.12.02-09.59.51:836][  0]LogD3D11RHI:       3938/0/7137 MB DedicatedVideo/DedicatedSystem/SharedSystem, Outputs:1, VendorId:0x10de
[2025.12.02-09.59.51:880][  0]LogD3D11RHI:    1. 'AMD Radeon(TM) RX Vega 10 Graphics' (Feature Level 11_0)
[2025.12.02-09.59.51:880][  0]LogD3D11RHI:       2034/0/7137 MB DedicatedVideo/DedicatedSystem/SharedSystem, Outputs:0, VendorId:0x1002
[2025.12.02-09.59.51:884][  0]LogD3D11RHI:    2. 'Microsoft Basic Render Driver' (Feature Level 11_0)
[2025.12.02-09.59.51:884][  0]LogD3D11RHI:       0/0/7137 MB DedicatedVideo/DedicatedSystem/SharedSystem, Outputs:0, VendorId:0x1414
[2025.12.02-09.59.51:916][  0]LogD3D11RHI:    3. 'AMD Radeon(TM) RX Vega 10 Graphics' (Feature Level 11_0)
[2025.12.02-09.59.51:916][  0]LogD3D11RHI:       2034/0/7137 MB DedicatedVideo/DedicatedSystem/SharedSystem, Outputs:0, VendorId:0x1002
[2025.12.02-09.59.51:950][  0]LogD3D11RHI:    4. 'AMD Radeon(TM) RX Vega 10 Graphics' (Feature Level 11_0)
[2025.12.02-09.59.51:950][  0]LogD3D11RHI:       2034/0/7137 MB DedicatedVideo/DedicatedSystem/SharedSystem, Outputs:0, VendorId:0x1002
[2025.12.02-09.59.51:983][  0]LogD3D11RHI:    5. 'AMD Radeon(TM) RX Vega 10 Graphics' (Feature Level 11_0)
[2025.12.02-09.59.51:983][  0]LogD3D11RHI:       2034/0/7137 MB DedicatedVideo/DedicatedSystem/SharedSystem, Outputs:0, VendorId:0x1002
[2025.12.02-09.59.52:015][  0]LogD3D11RHI:    6. 'AMD Radeon(TM) RX Vega 10 Graphics' (Feature Level 11_0)
[2025.12.02-09.59.52:015][  0]LogD3D11RHI:       2034/0/7137 MB DedicatedVideo/DedicatedSystem/SharedSystem, Outputs:0, VendorId:0x1002
[2025.12.02-09.59.52:015][  0]LogD3D11RHI: Chosen D3D11 Adapter:
[2025.12.02-09.59.52:015][  0]LogD3D11RHI:     Description : NVIDIA GeForce GTX 1650
[2025.12.02-09.59.52:015][  0]LogD3D11RHI:     VendorId    : 10de
[2025.12.02-09.59.52:015][  0]LogD3D11RHI:     DeviceId    : 1f91
[2025.12.02-09.59.52:015][  0]LogD3D11RHI:     SubSysId    : 142a1025
[2025.12.02-09.59.52:015][  0]LogD3D11RHI:     Revision    : 00a1
[2025.12.02-09.59.52:015][  0]LogD3D11RHI:     DedicatedVideoMemory : 4129292288 bytes
[2025.12.02-09.59.52:015][  0]LogD3D11RHI:     DedicatedSystemMemory : 0 bytes
[2025.12.02-09.59.52:015][  0]LogD3D11RHI:     SharedSystemMemory : 7484020736 bytes
[2025.12.02-09.59.52:015][  0]LogD3D11RHI:     AdapterLuid : 0 72651
[2025.12.02-09.59.52:022][  0]LogD3D11RHI: Creating new Direct3DDevice
[2025.12.02-09.59.52:022][  0]LogD3D11RHI:     GPU DeviceId: 0x1f91 (for the marketing name, search the web for "GPU Device Id")
[2025.12.02-09.59.52:022][  0]LogWindows: EnumDisplayDevices:
[2025.12.02-09.59.52:022][  0]LogWindows:    0. 'AMD Radeon(TM) RX Vega 10 Graphics ' (P:1 D:1)
[2025.12.02-09.59.52:023][  0]LogWindows:    1. 'AMD Radeon(TM) RX Vega 10 Graphics ' (P:0 D:0)
[2025.12.02-09.59.52:023][  0]LogWindows:    2. 'AMD Radeon(TM) RX Vega 10 Graphics ' (P:0 D:0)
[2025.12.02-09.59.52:024][  0]LogWindows:    3. 'AMD Radeon(TM) RX Vega 10 Graphics ' (P:0 D:0)
[2025.12.02-09.59.52:024][  0]LogWindows:    4. 'MS Idd Device' (P:0 D:0)
[2025.12.02-09.59.52:024][  0]LogWindows:    5. 'Parsec Virtual Display Adapter' (P:0 D:0)
[2025.12.02-09.59.52:024][  0]LogWindows:    6. 'Parsec Virtual Display Adapter' (P:0 D:0)
[2025.12.02-09.59.52:024][  0]LogWindows:    7. 'Parsec Virtual Display Adapter' (P:0 D:0)
[2025.12.02-09.59.52:025][  0]LogWindows:    8. 'Parsec Virtual Display Adapter' (P:0 D:0)
[2025.12.02-09.59.52:025][  0]LogWindows:    9. 'Parsec Virtual Display Adapter' (P:0 D:0)
[2025.12.02-09.59.52:025][  0]LogWindows:    10. 'Parsec Virtual Display Adapter' (P:0 D:0)
[2025.12.02-09.59.52:025][  0]LogWindows:    11. 'Parsec Virtual Display Adapter' (P:0 D:0)
[2025.12.02-09.59.52:025][  0]LogWindows:    12. 'Parsec Virtual Display Adapter' (P:0 D:0)
[2025.12.02-09.59.52:026][  0]LogWindows:    13. 'Parsec Virtual Display Adapter' (P:0 D:0)
[2025.12.02-09.59.52:026][  0]LogWindows:    14. 'Parsec Virtual Display Adapter' (P:0 D:0)
[2025.12.02-09.59.52:026][  0]LogWindows:    15. 'Parsec Virtual Display Adapter' (P:0 D:0)
[2025.12.02-09.59.52:026][  0]LogWindows:    16. 'Parsec Virtual Display Adapter' (P:0 D:0)
[2025.12.02-09.59.52:026][  0]LogWindows:    17. 'Parsec Virtual Display Adapter' (P:0 D:0)
[2025.12.02-09.59.52:027][  0]LogWindows:    18. 'Parsec Virtual Display Adapter' (P:0 D:0)
[2025.12.02-09.59.52:027][  0]LogWindows:    19. 'Parsec Virtual Display Adapter' (P:0 D:0)
[2025.12.02-09.59.52:027][  0]LogWindows:    20. 'Parsec Virtual Display Adapter' (P:0 D:0)
[2025.12.02-09.59.52:027][  0]LogWindows:    21. 'MS Idd Device' (P:0 D:0)
[2025.12.02-09.59.52:027][  0]LogWindows:    22. 'MS Idd Device' (P:0 D:0)
[2025.12.02-09.59.52:028][  0]LogWindows: DebugString: PrimaryIsNotTheChoosenAdapter PrimaryIsNotTheChoosenAdapter PrimaryIsNotTheChoosenAdapter PrimaryIsNotTheChoosenAdapter GetVideoDriverDetailsInvalid PrimaryIsNotTheChoosenAdapter GetVideoDriverDetailsInvalid PrimaryIsNotTheChoosenAdapter GetVideoDriverDetailsInvalid PrimaryIsNotTheChoosenAdapter GetVideoDriverDetailsInvalid PrimaryIsNotTheChoosenAdapter GetVideoDriverDetailsInvalid PrimaryIsNotTheChoosenAdapter GetVideoDriverDetailsInvalid PrimaryIsNotTheChoosenAdapter GetVideoDriverDetailsInvalid PrimaryIsNotTheChoosenAdapter GetVideoDriverDetailsInvalid PrimaryIsNotTheChoosenAdapter GetVideoDriverDetailsInvalid PrimaryIsNotTheChoosenAdapter GetVideoDriverDetailsInvalid PrimaryIsNotTheChoosenAdapter GetVideoDriverDetailsInvalid PrimaryIsNotTheChoosenAdapter GetVideoDriverDetailsInvalid PrimaryIsNotTheChoosenAdapter GetVideoDriverDetailsInvalid PrimaryIsNotTheChoosenAdapter GetVideoDriverDetailsInvalid PrimaryIsNotTheChoosenAdapter GetVideoDriverDetailsInvalid PrimaryIsNotTheChoosenAdapter GetVideoDriverDetailsInvalid PrimaryIsNotTheChoosenAdapter GetVideoDriverDetailsInvalid PrimaryIsNotTheChoosenAdapter GetVideoDriverDetailsInvalid PrimaryIsNotTheChoosenAdapter GetVideoDriverDetailsInvalid PrimaryIsNotTheChoosenAdapter FoundDriverCount:0 
[2025.12.02-09.59.52:028][  0]LogD3D11RHI:     Adapter Name: NVIDIA GeForce GTX 1650
[2025.12.02-09.59.52:028][  0]LogD3D11RHI:   Driver Version: Unknown (internal:Unknown, unified:Unknown)
[2025.12.02-09.59.52:028][  0]LogD3D11RHI:      Driver Date: Unknown
[2025.12.02-09.59.52:028][  0]LogRHI: Texture pool is 2756 MB (70% of 3938 MB)
[2025.12.02-09.59.52:028][  0]LogD3D11RHI: Creating D3DDevice using adapter:
[2025.12.02-09.59.52:028][  0]LogD3D11RHI:     Description : NVIDIA GeForce GTX 1650
[2025.12.02-09.59.52:028][  0]LogD3D11RHI:     VendorId    : 10de
[2025.12.02-09.59.52:028][  0]LogD3D11RHI:     DeviceId    : 1f91
[2025.12.02-09.59.52:028][  0]LogD3D11RHI:     SubSysId    : 142a1025
[2025.12.02-09.59.52:028][  0]LogD3D11RHI:     Revision    : 00a1
[2025.12.02-09.59.52:028][  0]LogD3D11RHI:     DedicatedVideoMemory : 4129292288 bytes
[2025.12.02-09.59.52:028][  0]LogD3D11RHI:     DedicatedSystemMemory : 0 bytes
[2025.12.02-09.59.52:028][  0]LogD3D11RHI:     SharedSystemMemory : 7484020736 bytes
[2025.12.02-09.59.52:028][  0]LogD3D11RHI:     AdapterLuid : 0 72651
[2025.12.02-09.59.52:181][  0]LogD3D11RHI: RHI has support for 64 bit atomics
[2025.12.02-09.59.52:181][  0]LogD3D11RHI: Async texture creation enabled
[2025.12.02-09.59.52:181][  0]LogD3D11RHI: Array index from any shader is supported
[2025.12.02-09.59.52:229][  0]LogD3D11RHI: GPU Timing Frequency: 1000.000000 (Debug: 2 1)
[2025.12.02-09.59.52:268][  0]LogRHI: GeForceNow SDK initialized: 1
[2025.12.02-09.59.52:618][  0]LogTargetPlatformManager: Display: Loaded TargetPlatform 'AllDesktop'
[2025.12.02-09.59.52:648][  0]LogTargetPlatformManager: Display: Loaded TargetPlatform 'Android'
[2025.12.02-09.59.52:648][  0]LogTargetPlatformManager: Display: Loaded TargetPlatform 'Android_ASTC'
[2025.12.02-09.59.52:648][  0]LogTargetPlatformManager: Display: Loaded TargetPlatform 'Android_DXT'
[2025.12.02-09.59.52:648][  0]LogTargetPlatformManager: Display: Loaded TargetPlatform 'Android_ETC2'
[2025.12.02-09.59.52:648][  0]LogTargetPlatformManager: Display: Loaded TargetPlatform 'AndroidClient'
[2025.12.02-09.59.52:648][  0]LogTargetPlatformManager: Display: Loaded TargetPlatform 'Android_ASTCClient'
[2025.12.02-09.59.52:648][  0]LogTargetPlatformManager: Display: Loaded TargetPlatform 'Android_DXTClient'
[2025.12.02-09.59.52:648][  0]LogTargetPlatformManager: Display: Loaded TargetPlatform 'Android_ETC2Client'
[2025.12.02-09.59.52:648][  0]LogTargetPlatformManager: Display: Loaded TargetPlatform 'Android_Multi'
[2025.12.02-09.59.52:648][  0]LogTargetPlatformManager: Display: Loaded TargetPlatform 'Android_MultiClient'
[2025.12.02-09.59.52:676][  0]LogTargetPlatformManager: Display: Loaded TargetPlatform 'IOSClient'
[2025.12.02-09.59.52:676][  0]LogTargetPlatformManager: Display: Loaded TargetPlatform 'IOS'
[2025.12.02-09.59.52:688][  0]LogTargetPlatformManager: Display: Loaded TargetPlatform 'Linux'
[2025.12.02-09.59.52:695][  0]LogTargetPlatformManager: Display: Loaded TargetPlatform 'LinuxNoEditor'
[2025.12.02-09.59.52:702][  0]LogTargetPlatformManager: Display: Loaded TargetPlatform 'LinuxClient'
[2025.12.02-09.59.52:709][  0]LogTargetPlatformManager: Display: Loaded TargetPlatform 'LinuxServer'
[2025.12.02-09.59.52:724][  0]LogTargetPlatformManager: Display: Loaded TargetPlatform 'LinuxAArch64NoEditor'
[2025.12.02-09.59.52:732][  0]LogTargetPlatformManager: Display: Loaded TargetPlatform 'LinuxAArch64Client'
[2025.12.02-09.59.52:738][  0]LogTargetPlatformManager: Display: Loaded TargetPlatform 'LinuxAArch64Server'
[2025.12.02-09.59.52:766][  0]LogTargetPlatformManager: Display: Loaded TargetPlatform 'Lumin'
[2025.12.02-09.59.52:766][  0]LogTargetPlatformManager: Display: Loaded TargetPlatform 'LuminClient'
[2025.12.02-09.59.52:778][  0]LogTargetPlatformManager: Display: Loaded TargetPlatform 'MacNoEditor'
[2025.12.02-09.59.52:786][  0]LogTargetPlatformManager: Display: Loaded TargetPlatform 'Mac'
[2025.12.02-09.59.52:793][  0]LogTargetPlatformManager: Display: Loaded TargetPlatform 'MacClient'
[2025.12.02-09.59.52:800][  0]LogTargetPlatformManager: Display: Loaded TargetPlatform 'MacServer'
[2025.12.02-09.59.52:813][  0]LogTargetPlatformManager: Display: Loaded TargetPlatform 'TVOSClient'
[2025.12.02-09.59.52:813][  0]LogTargetPlatformManager: Display: Loaded TargetPlatform 'TVOS'
[2025.12.02-09.59.52:825][  0]LogTargetPlatformManager: Display: Loaded TargetPlatform 'WindowsNoEditor'
[2025.12.02-09.59.52:834][  0]LogTargetPlatformManager: Display: Loaded TargetPlatform 'Windows'
[2025.12.02-09.59.52:842][  0]LogTargetPlatformManager: Display: Loaded TargetPlatform 'WindowsClient'
[2025.12.02-09.59.52:849][  0]LogTargetPlatformManager: Display: Loaded TargetPlatform 'WindowsServer'
[2025.12.02-09.59.52:849][  0]LogTargetPlatformManager: Display: Building Assets For Windows
[2025.12.02-09.59.52:862][  0]LogAudioDebug: Display: Lib vorbis DLL was dynamically loaded.
[2025.12.02-09.59.52:911][  0]LogTextureFormatOodle: Display: Oodle Texture 2.9.0 init RDO Off
[2025.12.02-09.59.52:963][  0]LogRendererCore: Ray tracing is disabled. Reason: r.RayTracing=0.
[2025.12.02-09.59.52:963][  0]LogShaderCompilers: Guid format shader working directory is 24 characters bigger than the processId version (E:/Unreal/Fumec_DevGames/Intermediate/Shaders/WorkingDirectory/4516/).
[2025.12.02-09.59.52:963][  0]LogShaderCompilers: Cleaned the shader compiler working directory 'C:/Users/Gabriel/AppData/Local/Temp/UnrealShaderWorkingDir/C0E70A4B45DBC43277587B95D9B3C8B8/'.
[2025.12.02-09.59.52:963][  0]LogXGEController: Cannot use XGE Controller as Incredibuild is not installed on this machine.
[2025.12.02-09.59.52:963][  0]LogShaderCompilers: Cannot use XGE Shader Compiler as Incredibuild is not installed on this machine.
[2025.12.02-09.59.52:963][  0]LogShaderCompilers: Display: Using Local Shader Compiler.
[2025.12.02-09.59.53:761][  0]LogDerivedDataCache: Display: Max Cache Size: 512 MB
[2025.12.02-09.59.53:820][  0]LogDerivedDataCache: Loaded boot cache 0.06s 94MB C:/Users/Gabriel/AppData/Local/UnrealEngine/4.27/DerivedDataCache/Boot.ddc.
[2025.12.02-09.59.53:820][  0]LogDerivedDataCache: Display: Loaded Boot cache: C:/Users/Gabriel/AppData/Local/UnrealEngine/4.27/DerivedDataCache/Boot.ddc
[2025.12.02-09.59.53:892][  0]LogDerivedDataCache: FDerivedDataBackendGraph:  Pak pak cache file E:/Unreal/Fumec_DevGames/DerivedDataCache/DDC.ddp not found, will not use a pak cache.
[2025.12.02-09.59.53:892][  0]LogDerivedDataCache: Unable to find inner node Pak for hierarchical cache Hierarchy.
[2025.12.02-09.59.53:892][  0]LogDerivedDataCache: FDerivedDataBackendGraph:  CompressedPak pak cache file E:/Unreal/Fumec_DevGames/DerivedDataCache/Compressed.ddp not found, will not use a pak cache.
[2025.12.02-09.59.53:892][  0]LogDerivedDataCache: Unable to find inner node CompressedPak for hierarchical cache Hierarchy.
[2025.12.02-09.59.53:912][  0]LogDerivedDataCache: Display: Pak cache opened for reading ../../../Engine/DerivedDataCache/Compressed.ddp.
[2025.12.02-09.59.53:913][  0]LogDerivedDataCache: FDerivedDataBackendGraph:  EnterprisePak pak cache file ../../../Enterprise/DerivedDataCache/Compressed.ddp not found, will not use a pak cache.
[2025.12.02-09.59.53:913][  0]LogDerivedDataCache: Unable to find inner node EnterprisePak for hierarchical cache Hierarchy.
[2025.12.02-09.59.53:936][  0]LogDerivedDataCache: Speed tests for C:/Users/Gabriel/AppData/Local/UnrealEngine/Common/DerivedDataCache took 0.02 seconds
[2025.12.02-09.59.53:937][  0]LogDerivedDataCache: Display: Performance to C:/Users/Gabriel/AppData/Local/UnrealEngine/Common/DerivedDataCache: Latency=0.03ms. RandomReadSpeed=662.41MBs, RandomWriteSpeed=42.97MBs. Assigned SpeedClass 'Local'
[2025.12.02-09.59.53:938][  0]LogDerivedDataCache: Using Local data cache path C:/Users/Gabriel/AppData/Local/UnrealEngine/Common/DerivedDataCache: Writable
[2025.12.02-09.59.53:938][  0]LogDerivedDataCache: Shared data cache path not found in *engine.ini, will not use an Shared cache.
[2025.12.02-09.59.53:938][  0]LogDerivedDataCache: Unable to find inner node Shared for hierarchical cache Hierarchy.
[2025.12.02-09.59.53:989][  0]LogSlate: Using FreeType 2.10.0
[2025.12.02-09.59.53:990][  0]LogSlate: SlateFontServices - WITH_FREETYPE: 1, WITH_HARFBUZZ: 1
[2025.12.02-09.59.54:021][  0]LogAssetRegistry: FAssetRegistry took 0.0035 seconds to start up
[2025.12.02-09.59.54:290][  0]LogInit: Selected Device Profile: [Windows]
[2025.12.02-09.59.54:290][  0]LogInit: Active device profile: [000002225A2DB900][00000222534B5B00 49] Windows
[2025.12.02-09.59.54:290][  0]LogInit: Profiles: [000002225A2DB900][00000222534B5B00 49] Windows, [000002225A27CB00][0000022258866100 49] WindowsNoEditor, [000002225A2D8B00][000002225886A280 49] WindowsServer, [000002225A27F700][000002224CB9E400 49] WindowsClient, [000002225A2DB700][000002224CBA2580 49] IOS, [000002225A27C100][000002224CBA6700 49] iPadAir, [000002225A2D8500][0000022258862840 49] iPadAir2, [000002225A248C00][000002224CBAEA80 49] IPadPro, [000002225A248D00][000002224CBAAAC0 49] iPadAir3, [000002225A2DB500][000002224CBB6C40 49] iPadAir4, [000002225A24BE00][000002224CBBADC0 49] iPadMini2, [000002225A2D8400][000002224CBBEF40 49] iPadMini3, [000002225A249700][000002224CBC30C0 49] iPadMini4, [000002225A2DB400][000002224CBC7240 49] iPadMini5, [000002225A27F000][0000022253107500 49] iPhone6, [000002225A27EF00][0000022253103540 49] iPodTouch6, [000002225A24B500][000002225310F800 49] iPhone7, [000002225A24B400][000002225310B840 49] iPodTouch7, [000002225A27FA00][00000222531139C0 49] iPhone5S, [000002225A248A00][0000022253117B40 49] iPhone6Plus, [000002225A27E600][000002225311A140 49] iPhone6S, [000002225A24AC00][000002225311E2C0 49] iPhone6SPlus, [000002225A27C500][0000022253122440 49] iPhone7Plus, [000002225A249200][00000222531265C0 49] iPhoneSE, [000002225A27E200][000002225312A740 49] iPhone8, [000002225A24A800][000002225312E8C0 49] iPhone8Plus, [000002225A27C600][000002224CBB2A00 49] iPhoneX, [000002225A249400][0000022253132B40 49] iPhoneXS, [000002225A27DF00][0000022253136C80 49] iPhoneXSMax, [000002225A24A500][000002225313ADC0 49] iPhoneXR, [000002225A27CE00][0000022253142F40 49] iPhone11, [000002225A248300][00000222531470C0 49] iPhone11Pro, [000002225A27DC00][000002225314B240 49] iPhone11ProMax, [000002225A24BA00][000002225314F3C0 49] iPhoneSE2, [000002225A27ED00][0000022253153540 49] iPhone12Mini, [000002225A249A00][00000222531576C0 49] iPhone12, [000002225A27F200][000002225315B840 49] iPhone12Pro, [000002225A248800][000002225315F9C0 49] iPhone12ProMax, [000002225A27E800][0000022253163B40 49] iPadPro105, [000002225A249C00][0000022253166140 49] iPadPro129, [000002225A27C700][000002225316A2C0 49] iPadPro97, [000002225A24A100][000002225316E440 49] iPadPro2_129, [000002225A27D600][00000222531725C0 49] iPad5, [000002225A249E00][0000022253176740 49] iPad6, [000002225A27D900][000002225317A8C0 49] iPad7, [000002225A249F00][000002225317EA40 49] iPad8, [000002225A27FC00][000002225313EB80 49] iPadPro11, [000002225A24A400][0000022259100CC0 49] iPadPro2_11, [000002225A27C400][0000022259104E00 49] iPadPro3_129, [000002225A248900][0000022259108F40 49] iPadPro4_129, [000002225A27E900][00000222591110C0 49] AppleTV, [000002225A24B100][0000022259115240 49] AppleTV4K, [000002225A27F400][00000222591193C0 49] TVOS, [000002225A248700][000002225911D540 49] Mac, [000002225A27D800][00000222591216C0 49] MacClient, [000002225A24B600][0000022259125840 49] MacNoEditor, [000002225A27DE00][00000222591299C0 49] MacServer, [000002225A24AB00][000002225912DB40 49] Linux, [000002225A27F100][0000022259130140 49] LinuxAArch64, [000002225A24AE00][00000222591342C0 49] LinuxNoEditor, [000002225A27FE00][0000022259138440 49] LinuxAArch64NoEditor, [000002225A24A000][000002225913C5C0 49] LinuxClient, [000002225A27E000][0000022259140740 49] LinuxAArch64Client, [000002225A24BC00][00000222591448C0 49] LinuxServer, [000002225A27E100][0000022259148A40 49] LinuxAArch64Server, [000002225A2D9000][000002225914CBC0 49] Android, [000002225A311500][0000022259150D40 49] Android_Low, [000002225A2DAB00][000002225910CE80 49] Android_Mid, [000002225A311200][0000022259154FC0 49] Android_High, [000002225A2D9E00][0000022259159100 49] Android_Default, [000002225A310F00][0000022259161280 49] Android_Adreno4xx, [000002225A2D9100][0000022259165400 49] Android_Adreno5xx_Low, [000002225A311C00][0000022259169580 49] Android_Adreno5xx, [000002225A2D8100][000002225916D700 49] Android_Adreno6xx, [000002225A310B00][0000022259171880 49] Android_Adreno6xx_Vulkan, [000002225A2DA400][0000022259175A00 49] Android_Mali_T6xx, [000002225A312400][0000022259179B80 49] Android_Mali_T7xx, [000002225A2DAE00][000002225917C180 49] Android_Mali_T8xx, [000002225A311300][0000022259180300 49] Android_Mali_G71, [000002225A2D9500][0000022259184480 49] Android_Mali_G72, [000002225A310600][0000022259188600 49] Android_Mali_G72_Vulkan, [000002225A2D9900][000002225918C780 49] Android_Mali_G76, [000002225A312000][0000022259190900 49] Android_Mali_G76_Vulkan, [000002225A2D9A00][0000022259194A80 49] Android_Mali_G77, [000002225A312300][0000022259198C00 49] Android_Mali_G77_Vulkan, [000002225A27DB00][000002225919CD80 49] Android_Mali_G78, [000002225A24AF00][00000222591A0F00 49] Android_Mali_G78_Vulkan, [000002225A27DA00][000002225915D040 49] Android_Mali_G710, [000002225A249600][00000222591A5180 49] Android_Mali_G710_Vulkan, [000002225A27D500][00000222591A92C0 49] Android_Vulkan_SM5, [000002225A248E00][00000222591B1440 49] Android_PowerVR_G6xxx, [000002225A27E700][00000222591B55C0 49] Android_PowerVR_GT7xxx, [000002225A311A00][00000222591B9740 49] Android_PowerVR_GE8xxx, [000002225A27F900][00000222591BD8C0 49] Android_PowerVR_GM9xxx, [000002225A311100][00000222591C1A40 49] Android_PowerVR_GM9xxx_Vulkan, [000002225A27D000][00000222591C5BC0 49] Android_TegraK1, [000002225A310100][00000222591C81C0 49] Android_Unknown_Vulkan, [000002225A27D200][00000222591CC340 49] Lumin, [000002225A310200][00000222591D04C0 49] Lumin_Desktop, [000002225A27EE00][00000222591D4640 49] HoloLens, 
[2025.12.02-09.59.54:437][  0]LogMeshReduction: Using QuadricMeshReduction for automatic static mesh reduction
[2025.12.02-09.59.54:437][  0]LogMeshReduction: Using SimplygonMeshReduction for automatic skeletal mesh reduction
[2025.12.02-09.59.54:437][  0]LogMeshReduction: Using ProxyLODMeshReduction for automatic mesh merging
[2025.12.02-09.59.54:437][  0]LogMeshReduction: No distributed automatic mesh merging module available
[2025.12.02-09.59.54:437][  0]LogMeshMerging: No distributed automatic mesh merging module available
[2025.12.02-09.59.54:457][  0]LogNetVersion: ColunaDoendoSamurai 1.0.0, NetCL: 17155196, EngineNetVer: 17, GameNetVer: 0 (Checksum: 440667709)
[2025.12.02-09.59.54:926][  0]LogTexture: Default maximum texture size for cubemaps generated from long-lat sources has been changed from 512 to unlimited. In order to preserve old behaiour for '/Engine/MapTemplates/Sky/DaylightAmbientCubemap.DaylightAmbientCubemap', its maximum texture size has been explicitly set to 512.
[2025.12.02-09.59.54:985][  0]LogHMD: PokeAHoleMaterial loaded successfully
[2025.12.02-09.59.54:992][  0]LogUObjectArray: 17178 objects as part of root set at end of initial load.
[2025.12.02-09.59.54:992][  0]LogUObjectAllocator: 4302048 out of 0 bytes used by permanent object pool.
[2025.12.02-09.59.54:992][  0]LogUObjectArray: CloseDisregardForGC: 0/0 objects in disregard for GC pool
[2025.12.02-09.59.55:503][  0]LogNiagaraDebuggerClient: Niagara Debugger Client Initialized | Session: 35CCF0224726C8518E362C8BF0CE88F8 | Instance: 4B05AC914CE40E2DF6721B8BAF34FE8C (LUCY-4516).
[2025.12.02-09.59.55:678][  0]LogPython: Using Python 3.7.7
[2025.12.02-09.59.56:263][  0]LogTcpMessaging: Initializing TcpMessaging bridge
[2025.12.02-09.59.56:270][  0]LogUdpMessaging: Initializing bridge on interface 0.0.0.0:0 to multicast group 230.0.0.1:6666.
[2025.12.02-09.59.56:517][  0]SourceControl: Source control is disabled
[2025.12.02-09.59.56:517][  0]SourceControl: Source control is disabled
[2025.12.02-09.59.56:522][  0]SourceControl: Source control is disabled
[2025.12.02-09.59.56:528][  0]SourceControl: Source control is disabled
[2025.12.02-09.59.56:550][  0]SourceControl: Source control is disabled
[2025.12.02-09.59.56:560][  0]LogUProjectInfo: Found projects:
[2025.12.02-09.59.56:896][  0]LogOpenImageDenoise: OIDN starting up
[2025.12.02-09.59.56:918][  0]LogAndroidPermission: UAndroidPermissionCallbackProxy::GetInstance
[2025.12.02-09.59.56:955][  0]LogAudioCaptureCore: Display: No Audio Capture implementations found. Audio input will be silent.
[2025.12.02-09.59.56:955][  0]LogAudioCaptureCore: Display: No Audio Capture implementations found. Audio input will be silent.
[2025.12.02-09.59.57:124][  0]LogCollectionManager: Loaded 0 collections in 0.001777 seconds
[2025.12.02-09.59.57:157][  0]LogFileCache: Scanning file cache for directory 'E:/Unreal/Fumec_DevGames/Saved/Collections/' took 0.00s
[2025.12.02-09.59.57:157][  0]LogFileCache: Scanning file cache for directory 'E:/Unreal/Fumec_DevGames/Content/Developers/Gabriel/Collections/' took 0.00s
[2025.12.02-09.59.57:157][  0]LogFileCache: Scanning file cache for directory 'E:/Unreal/Fumec_DevGames/Content/Collections/' took 0.00s
[2025.12.02-09.59.57:157][  0]LogOcInput: OculusInput pre-init called
[2025.12.02-09.59.57:433][  0]LogEngine: Initializing Engine...
[2025.12.02-09.59.57:515][  0]LogHMD: Failed to enumerate extensions. Please check that you have a valid OpenXR runtime installed.
[2025.12.02-09.59.57:517][  0]LogHMD: Failed to initialize OpenVR with code 110
[2025.12.02-09.59.57:517][  0]LogMagicLeap: Warning: VR disabled because ZI is not enabled.  To enable, in the editor, Edit -> Project Settings -> Plugins -> Magic Leap Plugin -> Enable Zero Iteration
[2025.12.02-09.59.57:518][  0]LogStats: UGameplayTagsManager::InitializeManager -  0.000 s
[2025.12.02-09.59.57:646][  0]LogInit: Initializing FReadOnlyCVARCache
[2025.12.02-09.59.57:660][  0]LogAIModule: Creating AISystem for world Untitled
[2025.12.02-09.59.57:661][  0]LogAudio: Display: Initializing Audio Device Manager...
[2025.12.02-09.59.57:666][  0]LogAudio: Display: Loading Default Audio Settings Objects...
[2025.12.02-09.59.57:666][  0]LogAudio: Display: No default SoundConcurrencyObject specified (or failed to load).
[2025.12.02-09.59.57:668][  0]LogAudio: Display: Audio Device Manager Initialized
[2025.12.02-09.59.57:668][  0]LogAudio: Display: Creating Audio Device:                 Id: 1, Scope: Shared, Realtime: True
[2025.12.02-09.59.57:668][  0]LogAudioMixer: Display: Audio Mixer Platform Settings:
[2025.12.02-09.59.57:668][  0]LogAudioMixer: Display: 	Sample Rate:						  48000
[2025.12.02-09.59.57:668][  0]LogAudioMixer: Display: 	Callback Buffer Frame Size Requested: 1024
[2025.12.02-09.59.57:668][  0]LogAudioMixer: Display: 	Callback Buffer Frame Size To Use:	  1024
[2025.12.02-09.59.57:668][  0]LogAudioMixer: Display: 	Number of buffers to queue:			  2
[2025.12.02-09.59.57:668][  0]LogAudioMixer: Display: 	Max Channels (voices):				  32
[2025.12.02-09.59.57:668][  0]LogAudioMixer: Display: 	Number of Async Source Workers:		  0
[2025.12.02-09.59.57:668][  0]LogAudio: Display: AudioDevice MaxSources: 32
[2025.12.02-09.59.57:668][  0]LogAudio: Display: Audio Spatialization Plugin: None (built-in).
[2025.12.02-09.59.57:668][  0]LogAudio: Display: Audio Reverb Plugin: None (built-in).
[2025.12.02-09.59.57:668][  0]LogAudio: Display: Audio Occlusion Plugin: None (built-in).
[2025.12.02-09.59.57:668][  0]LogAudioMixer: Display: Initializing audio mixer.
[2025.12.02-09.59.57:686][  0]LogAudioMixer: Display: 0: FrontLeft
[2025.12.02-09.59.57:686][  0]LogAudioMixer: Display: 1: FrontRight
[2025.12.02-09.59.57:818][  0]LogAudioMixer: Display: Using Audio Device Alto-falantes (Realtek(R) Audio)
[2025.12.02-09.59.57:820][  0]LogAudioMixer: Display: Initializing Sound Submixes...
[2025.12.02-09.59.57:823][  0]LogAudioMixer: Display: Creating Master Submix 'MasterSubmixDefault'
[2025.12.02-09.59.57:823][  0]LogAudioMixer: Display: Creating Master Submix 'MasterReverbSubmixDefault'
[2025.12.02-09.59.57:824][  0]LogAudioMixer: Display: Creating Master Submix 'MasterEQSubmixDefault'
[2025.12.02-09.59.57:824][  0]LogAudioMixer: FMixerPlatformXAudio2::StartAudioStream() called
[2025.12.02-09.59.57:824][  0]LogAudioMixer: Display: Output buffers initialized: Frames=1024, Channels=2, Samples=2048
[2025.12.02-09.59.57:826][  0]LogAudioMixer: Display: Starting AudioMixerPlatformInterface::RunInternal()
[2025.12.02-09.59.57:826][  0]LogAudioMixer: Display: FMixerPlatformXAudio2::SubmitBuffer() called for the first time
[2025.12.02-09.59.57:826][  0]LogInit: FAudioDevice initialized.
[2025.12.02-09.59.57:826][  0]LogAudio: Display: Audio Device (ID: 1) registered with world 'Untitled'.
[2025.12.02-09.59.57:826][  0]LogNetVersion: Set ProjectVersion to 1.0.0.0. Version Checksum will be recalculated on next use.
[2025.12.02-09.59.57:905][  0]LogDerivedDataCache: Saved boot cache 0.08s 94MB C:/Users/Gabriel/AppData/Local/UnrealEngine/4.27/DerivedDataCache/Boot.ddc.
[2025.12.02-09.59.57:906][  0]LogInit: Texture streaming: Enabled
[2025.12.02-09.59.57:927][  0]LogAnalytics: Display: [UEEditor.Rocket.Release] APIServer = https://datarouter.ol.epicgames.com/. AppVersion = 4.27.2-18319896+++UE4+Release-4.27
[2025.12.02-09.59.57:933][  0]LogEngineSessionManager: EngineSessionManager initialized
[2025.12.02-09.59.57:933][  0]LogEditorSessionSummary: Verbose: Initializing EditorSessionSummaryWriter for editor session tracking
[2025.12.02-09.59.57:935][  0]LogEditorSessionSummary: EditorSessionSummaryWriter initialized
[2025.12.02-09.59.58:001][  0]LogInit: Transaction tracking system initialized
[2025.12.02-09.59.58:035][  0]BlueprintLog: New page: Editor Load
[2025.12.02-09.59.58:129][  0]LocalizationService: Localization service is disabled
[2025.12.02-09.59.58:195][  0]TimingProfiler: Initialize
[2025.12.02-09.59.58:195][  0]TimingProfiler: OnSessionChanged
[2025.12.02-09.59.58:195][  0]LoadingProfiler: Initialize
[2025.12.02-09.59.58:195][  0]LoadingProfiler: OnSessionChanged
[2025.12.02-09.59.58:195][  0]NetworkingProfiler: Initialize
[2025.12.02-09.59.58:195][  0]NetworkingProfiler: OnSessionChanged
[2025.12.02-09.59.58:195][  0]MemoryProfiler: Initialize
[2025.12.02-09.59.58:195][  0]MemoryProfiler: OnSessionChanged
[2025.12.02-09.59.58:432][  0]LogCook: Display: CookSettings for Memory: MemoryMaxUsedVirtual 0MiB, MemoryMaxUsedPhysical 16384MiB, MemoryMinFreeVirtual 0MiB, MemoryMinFreePhysical 1024MiB
[2025.12.02-09.59.58:432][  0]LogCook: Display: Mobile HDR setting 1
[2025.12.02-09.59.58:466][  0]LogFileCache: Scanning file cache for directory 'E:/Unreal/Fumec_DevGames/Content/' took 0.03s
[2025.12.02-09.59.58:912][  0]LogInit: Display: Engine is initialized. Leaving FEngineLoop::Init()
[2025.12.02-09.59.58:915][  0]SourceControl: Source control is disabled
[2025.12.02-09.59.58:915][  0]LogUnrealEdMisc: Loading editor; pre map load, took 10.190
[2025.12.02-09.59.58:915][  0]Cmd: MAP LOAD FILE="E:/Unreal/Fumec_DevGames/Content/Mapas/Menu/MainMenu.umap" TEMPLATE=0 SHOWPROGRESS=1 FEATURELEVEL=3
[2025.12.02-09.59.58:981][  0]LightingResults: New page: Lighting Build
[2025.12.02-09.59.58:983][  0]LogWorld: UWorld::CleanupWorld for Untitled, bSessionEnded=true, bCleanupResources=true
[2025.12.02-09.59.58:983][  0]LogSlate: InvalidateAllWidgets triggered.  All widgets were invalidated
[2025.12.02-09.59.58:983][  0]MapCheck: New page: Map Check
[2025.12.02-09.59.58:983][  0]LightingResults: New page: Lighting Build
[2025.12.02-09.59.58:988][  0]LogAudio: Display: Audio Device unregistered from world 'None'.
[2025.12.02-09.59.58:993][  0]LogUObjectHash: Compacting FUObjectHashTables data took   0.87ms
[2025.12.02-09.59.59:362][  0]LogAudio: Display: Audio Device (ID: 1) registered with world 'MainMenu'.
[2025.12.02-09.59.59:363][  0]LogAIModule: Creating AISystem for world MainMenu
[2025.12.02-09.59.59:379][  0]LogEditorServer: Finished looking for orphan Actors (0.000 secs)
[2025.12.02-09.59.59:386][  0]LogUObjectHash: Compacting FUObjectHashTables data took   0.89ms
[2025.12.02-09.59.59:387][  0]Cmd: MAP CHECKDEP NOCLEARLOG
[2025.12.02-09.59.59:387][  0]MapCheck: Map check complete: 0 Error(s), 0 Warning(s), took 0.119ms to complete.
[2025.12.02-09.59.59:387][  0]LogFileHelpers: Loading map 'MainMenu' took 0.472
[2025.12.02-09.59.59:389][  0]LogUnrealEdMisc: Total Editor Startup Time, took 10.663
[2025.12.02-09.59.59:589][  0]LogSlate: Updating window title bar state: overlay mode, drag disabled, window buttons hidden, title bar hidden
[2025.12.02-09.59.59:597][  0]LogSlate: Updating window title bar state: overlay mode, drag disabled, window buttons hidden, title bar hidden
[2025.12.02-09.59.59:605][  0]LogSlate: Updating window title bar state: overlay mode, drag disabled, window buttons hidden, title bar hidden
[2025.12.02-09.59.59:614][  0]LogSlate: Updating window title bar state: overlay mode, drag disabled, window buttons hidden, title bar hidden
[2025.12.02-09.59.59:652][  0]LogNativeClassHierarchy: Verbose: Native class hierarchy populated in 0.0122 seconds. Added 3822 classes and 928 folders.
[2025.12.02-09.59.59:658][  0]LogNativeClassHierarchy: Verbose: Native class hierarchy updated for 'WidgetCarousel' in 0.0003 seconds. Added 0 classes and 0 folders.
[2025.12.02-09.59.59:679][  0]LogPakFile: PakFile PrimaryIndexSize=187
[2025.12.02-09.59.59:679][  0]LogPakFile: PakFile PathHashIndexSize=101
[2025.12.02-09.59.59:679][  0]LogPakFile: PakFile FullDirectoryIndexSize=148
[2025.12.02-09.59.59:679][  0]LogShaderLibrary: Display: ShaderCodeLibraryPakFileMountedCallback: PakFile 'C:/Genshin/UE_4.27/FeaturePacks/FP_FirstPerson.upack' (chunk index -1, root 'root:/') mounted
[2025.12.02-09.59.59:679][  0]LogShaderLibrary: Display: ShaderCodeLibraryPakFileMountedCallback: pending pak file info (ChunkID:-1 Root:root:/ File:C:/Genshin/UE_4.27/FeaturePacks/FP_FirstPerson.upack)
[2025.12.02-09.59.59:679][  0]LogPakFile: OnPakFileMounted2Time == 0.000295
[2025.12.02-09.59.59:694][  0]LogPakFile: PakFile PrimaryIndexSize=189
[2025.12.02-09.59.59:694][  0]LogPakFile: PakFile PathHashIndexSize=101
[2025.12.02-09.59.59:694][  0]LogPakFile: PakFile FullDirectoryIndexSize=152
[2025.12.02-09.59.59:694][  0]LogShaderLibrary: Display: ShaderCodeLibraryPakFileMountedCallback: PakFile 'C:/Genshin/UE_4.27/FeaturePacks/FP_FirstPersonBP.upack' (chunk index -1, root 'root:/') mounted
[2025.12.02-09.59.59:694][  0]LogShaderLibrary: Display: ShaderCodeLibraryPakFileMountedCallback: pending pak file info (ChunkID:-1 Root:root:/ File:C:/Genshin/UE_4.27/FeaturePacks/FP_FirstPersonBP.upack)
[2025.12.02-09.59.59:694][  0]LogPakFile: OnPakFileMounted2Time == 0.000060
[2025.12.02-09.59.59:706][  0]LogPakFile: PakFile PrimaryIndexSize=191
[2025.12.02-09.59.59:706][  0]LogPakFile: PakFile PathHashIndexSize=101
[2025.12.02-09.59.59:706][  0]LogPakFile: PakFile FullDirectoryIndexSize=160
[2025.12.02-09.59.59:706][  0]LogShaderLibrary: Display: ShaderCodeLibraryPakFileMountedCallback: PakFile 'C:/Genshin/UE_4.27/FeaturePacks/MobileStarterContent.upack' (chunk index -1, root 'root:/') mounted
[2025.12.02-09.59.59:706][  0]LogShaderLibrary: Display: ShaderCodeLibraryPakFileMountedCallback: pending pak file info (ChunkID:-1 Root:root:/ File:C:/Genshin/UE_4.27/FeaturePacks/MobileStarterContent.upack)
[2025.12.02-09.59.59:706][  0]LogPakFile: OnPakFileMounted2Time == 0.000046
[2025.12.02-09.59.59:717][  0]LogPakFile: PakFile PrimaryIndexSize=185
[2025.12.02-09.59.59:717][  0]LogPakFile: PakFile PathHashIndexSize=101
[2025.12.02-09.59.59:717][  0]LogPakFile: PakFile FullDirectoryIndexSize=148
[2025.12.02-09.59.59:717][  0]LogShaderLibrary: Display: ShaderCodeLibraryPakFileMountedCallback: PakFile 'C:/Genshin/UE_4.27/FeaturePacks/StarterContent.upack' (chunk index -1, root 'root:/') mounted
[2025.12.02-09.59.59:717][  0]LogShaderLibrary: Display: ShaderCodeLibraryPakFileMountedCallback: pending pak file info (ChunkID:-1 Root:root:/ File:C:/Genshin/UE_4.27/FeaturePacks/StarterContent.upack)
[2025.12.02-09.59.59:717][  0]LogPakFile: OnPakFileMounted2Time == 0.000049
[2025.12.02-09.59.59:729][  0]LogPakFile: PakFile PrimaryIndexSize=190
[2025.12.02-09.59.59:729][  0]LogPakFile: PakFile PathHashIndexSize=101
[2025.12.02-09.59.59:729][  0]LogPakFile: PakFile FullDirectoryIndexSize=154
[2025.12.02-09.59.59:729][  0]LogShaderLibrary: Display: ShaderCodeLibraryPakFileMountedCallback: PakFile 'C:/Genshin/UE_4.27/FeaturePacks/TP_2DSideScroller.upack' (chunk index -1, root 'root:/') mounted
[2025.12.02-09.59.59:729][  0]LogShaderLibrary: Display: ShaderCodeLibraryPakFileMountedCallback: pending pak file info (ChunkID:-1 Root:root:/ File:C:/Genshin/UE_4.27/FeaturePacks/TP_2DSideScroller.upack)
[2025.12.02-09.59.59:729][  0]LogPakFile: OnPakFileMounted2Time == 0.000050
[2025.12.02-09.59.59:742][  0]LogPakFile: PakFile PrimaryIndexSize=192
[2025.12.02-09.59.59:742][  0]LogPakFile: PakFile PathHashIndexSize=101
[2025.12.02-09.59.59:742][  0]LogPakFile: PakFile FullDirectoryIndexSize=158
[2025.12.02-09.59.59:742][  0]LogShaderLibrary: Display: ShaderCodeLibraryPakFileMountedCallback: PakFile 'C:/Genshin/UE_4.27/FeaturePacks/TP_2DSideScrollerBP.upack' (chunk index -1, root 'root:/') mounted
[2025.12.02-09.59.59:742][  0]LogShaderLibrary: Display: ShaderCodeLibraryPakFileMountedCallback: pending pak file info (ChunkID:-1 Root:root:/ File:C:/Genshin/UE_4.27/FeaturePacks/TP_2DSideScrollerBP.upack)
[2025.12.02-09.59.59:742][  0]LogPakFile: OnPakFileMounted2Time == 0.000044
[2025.12.02-09.59.59:752][  0]LogPakFile: PakFile PrimaryIndexSize=182
[2025.12.02-09.59.59:752][  0]LogPakFile: PakFile PathHashIndexSize=101
[2025.12.02-09.59.59:752][  0]LogPakFile: PakFile FullDirectoryIndexSize=138
[2025.12.02-09.59.59:752][  0]LogShaderLibrary: Display: ShaderCodeLibraryPakFileMountedCallback: PakFile 'C:/Genshin/UE_4.27/FeaturePacks/TP_Flying.upack' (chunk index -1, root 'root:/') mounted
[2025.12.02-09.59.59:752][  0]LogShaderLibrary: Display: ShaderCodeLibraryPakFileMountedCallback: pending pak file info (ChunkID:-1 Root:root:/ File:C:/Genshin/UE_4.27/FeaturePacks/TP_Flying.upack)
[2025.12.02-09.59.59:752][  0]LogPakFile: OnPakFileMounted2Time == 0.000047
[2025.12.02-09.59.59:764][  0]LogPakFile: PakFile PrimaryIndexSize=184
[2025.12.02-09.59.59:764][  0]LogPakFile: PakFile PathHashIndexSize=101
[2025.12.02-09.59.59:764][  0]LogPakFile: PakFile FullDirectoryIndexSize=142
[2025.12.02-09.59.59:764][  0]LogShaderLibrary: Display: ShaderCodeLibraryPakFileMountedCallback: PakFile 'C:/Genshin/UE_4.27/FeaturePacks/TP_FlyingBP.upack' (chunk index -1, root 'root:/') mounted
[2025.12.02-09.59.59:764][  0]LogShaderLibrary: Display: ShaderCodeLibraryPakFileMountedCallback: pending pak file info (ChunkID:-1 Root:root:/ File:C:/Genshin/UE_4.27/FeaturePacks/TP_FlyingBP.upack)
[2025.12.02-09.59.59:764][  0]LogPakFile: OnPakFileMounted2Time == 0.000045
[2025.12.02-09.59.59:779][  0]LogPakFile: PakFile PrimaryIndexSize=188
[2025.12.02-09.59.59:779][  0]LogPakFile: PakFile PathHashIndexSize=101
[2025.12.02-09.59.59:779][  0]LogPakFile: PakFile FullDirectoryIndexSize=150
[2025.12.02-09.59.59:779][  0]LogShaderLibrary: Display: ShaderCodeLibraryPakFileMountedCallback: PakFile 'C:/Genshin/UE_4.27/FeaturePacks/TP_HandheldARBP.upack' (chunk index -1, root 'root:/') mounted
[2025.12.02-09.59.59:779][  0]LogShaderLibrary: Display: ShaderCodeLibraryPakFileMountedCallback: pending pak file info (ChunkID:-1 Root:root:/ File:C:/Genshin/UE_4.27/FeaturePacks/TP_HandheldARBP.upack)
[2025.12.02-09.59.59:779][  0]LogPakFile: OnPakFileMounted2Time == 0.000052
[2025.12.02-09.59.59:791][  0]LogPakFile: PakFile PrimaryIndexSize=182
[2025.12.02-09.59.59:791][  0]LogPakFile: PakFile PathHashIndexSize=101
[2025.12.02-09.59.59:791][  0]LogPakFile: PakFile FullDirectoryIndexSize=138
[2025.12.02-09.59.59:791][  0]LogShaderLibrary: Display: ShaderCodeLibraryPakFileMountedCallback: PakFile 'C:/Genshin/UE_4.27/FeaturePacks/TP_Puzzle.upack' (chunk index -1, root 'root:/') mounted
[2025.12.02-09.59.59:791][  0]LogShaderLibrary: Display: ShaderCodeLibraryPakFileMountedCallback: pending pak file info (ChunkID:-1 Root:root:/ File:C:/Genshin/UE_4.27/FeaturePacks/TP_Puzzle.upack)
[2025.12.02-09.59.59:791][  0]LogPakFile: OnPakFileMounted2Time == 0.000045
[2025.12.02-09.59.59:802][  0]LogPakFile: PakFile PrimaryIndexSize=184
[2025.12.02-09.59.59:802][  0]LogPakFile: PakFile PathHashIndexSize=101
[2025.12.02-09.59.59:802][  0]LogPakFile: PakFile FullDirectoryIndexSize=142
[2025.12.02-09.59.59:802][  0]LogShaderLibrary: Display: ShaderCodeLibraryPakFileMountedCallback: PakFile 'C:/Genshin/UE_4.27/FeaturePacks/TP_PuzzleBP.upack' (chunk index -1, root 'root:/') mounted
[2025.12.02-09.59.59:802][  0]LogShaderLibrary: Display: ShaderCodeLibraryPakFileMountedCallback: pending pak file info (ChunkID:-1 Root:root:/ File:C:/Genshin/UE_4.27/FeaturePacks/TP_PuzzleBP.upack)
[2025.12.02-09.59.59:803][  0]LogPakFile: OnPakFileMounted2Time == 0.000065
[2025.12.02-09.59.59:814][  0]LogPakFile: PakFile PrimaryIndexSize=183
[2025.12.02-09.59.59:814][  0]LogPakFile: PakFile PathHashIndexSize=101
[2025.12.02-09.59.59:814][  0]LogPakFile: PakFile FullDirectoryIndexSize=140
[2025.12.02-09.59.59:814][  0]LogShaderLibrary: Display: ShaderCodeLibraryPakFileMountedCallback: PakFile 'C:/Genshin/UE_4.27/FeaturePacks/TP_Rolling.upack' (chunk index -1, root 'root:/') mounted
[2025.12.02-09.59.59:814][  0]LogShaderLibrary: Display: ShaderCodeLibraryPakFileMountedCallback: pending pak file info (ChunkID:-1 Root:root:/ File:C:/Genshin/UE_4.27/FeaturePacks/TP_Rolling.upack)
[2025.12.02-09.59.59:814][  0]LogPakFile: OnPakFileMounted2Time == 0.000058
[2025.12.02-09.59.59:824][  0]LogPakFile: PakFile PrimaryIndexSize=185
[2025.12.02-09.59.59:824][  0]LogPakFile: PakFile PathHashIndexSize=101
[2025.12.02-09.59.59:824][  0]LogPakFile: PakFile FullDirectoryIndexSize=144
[2025.12.02-09.59.59:824][  0]LogShaderLibrary: Display: ShaderCodeLibraryPakFileMountedCallback: PakFile 'C:/Genshin/UE_4.27/FeaturePacks/TP_RollingBP.upack' (chunk index -1, root 'root:/') mounted
[2025.12.02-09.59.59:824][  0]LogShaderLibrary: Display: ShaderCodeLibraryPakFileMountedCallback: pending pak file info (ChunkID:-1 Root:root:/ File:C:/Genshin/UE_4.27/FeaturePacks/TP_RollingBP.upack)
[2025.12.02-09.59.59:824][  0]LogPakFile: OnPakFileMounted2Time == 0.000044
[2025.12.02-09.59.59:839][  0]LogPakFile: PakFile PrimaryIndexSize=188
[2025.12.02-09.59.59:839][  0]LogPakFile: PakFile PathHashIndexSize=101
[2025.12.02-09.59.59:839][  0]LogPakFile: PakFile FullDirectoryIndexSize=150
[2025.12.02-09.59.59:839][  0]LogShaderLibrary: Display: ShaderCodeLibraryPakFileMountedCallback: PakFile 'C:/Genshin/UE_4.27/FeaturePacks/TP_SideScroller.upack' (chunk index -1, root 'root:/') mounted
[2025.12.02-09.59.59:839][  0]LogShaderLibrary: Display: ShaderCodeLibraryPakFileMountedCallback: pending pak file info (ChunkID:-1 Root:root:/ File:C:/Genshin/UE_4.27/FeaturePacks/TP_SideScroller.upack)
[2025.12.02-09.59.59:839][  0]LogPakFile: OnPakFileMounted2Time == 0.000045
[2025.12.02-09.59.59:850][  0]LogPakFile: PakFile PrimaryIndexSize=190
[2025.12.02-09.59.59:850][  0]LogPakFile: PakFile PathHashIndexSize=101
[2025.12.02-09.59.59:850][  0]LogPakFile: PakFile FullDirectoryIndexSize=154
[2025.12.02-09.59.59:850][  0]LogShaderLibrary: Display: ShaderCodeLibraryPakFileMountedCallback: PakFile 'C:/Genshin/UE_4.27/FeaturePacks/TP_SideScrollerBP.upack' (chunk index -1, root 'root:/') mounted
[2025.12.02-09.59.59:850][  0]LogShaderLibrary: Display: ShaderCodeLibraryPakFileMountedCallback: pending pak file info (ChunkID:-1 Root:root:/ File:C:/Genshin/UE_4.27/FeaturePacks/TP_SideScrollerBP.upack)
[2025.12.02-09.59.59:850][  0]LogPakFile: OnPakFileMounted2Time == 0.000045
[2025.12.02-09.59.59:862][  0]LogPakFile: PakFile PrimaryIndexSize=187
[2025.12.02-09.59.59:862][  0]LogPakFile: PakFile PathHashIndexSize=101
[2025.12.02-09.59.59:862][  0]LogPakFile: PakFile FullDirectoryIndexSize=148
[2025.12.02-09.59.59:862][  0]LogShaderLibrary: Display: ShaderCodeLibraryPakFileMountedCallback: PakFile 'C:/Genshin/UE_4.27/FeaturePacks/TP_ThirdPerson.upack' (chunk index -1, root 'root:/') mounted
[2025.12.02-09.59.59:862][  0]LogShaderLibrary: Display: ShaderCodeLibraryPakFileMountedCallback: pending pak file info (ChunkID:-1 Root:root:/ File:C:/Genshin/UE_4.27/FeaturePacks/TP_ThirdPerson.upack)
[2025.12.02-09.59.59:862][  0]LogPakFile: OnPakFileMounted2Time == 0.000067
[2025.12.02-09.59.59:875][  0]LogPakFile: PakFile PrimaryIndexSize=189
[2025.12.02-09.59.59:875][  0]LogPakFile: PakFile PathHashIndexSize=101
[2025.12.02-09.59.59:875][  0]LogPakFile: PakFile FullDirectoryIndexSize=152
[2025.12.02-09.59.59:875][  0]LogShaderLibrary: Display: ShaderCodeLibraryPakFileMountedCallback: PakFile 'C:/Genshin/UE_4.27/FeaturePacks/TP_ThirdPersonBP.upack' (chunk index -1, root 'root:/') mounted
[2025.12.02-09.59.59:875][  0]LogShaderLibrary: Display: ShaderCodeLibraryPakFileMountedCallback: pending pak file info (ChunkID:-1 Root:root:/ File:C:/Genshin/UE_4.27/FeaturePacks/TP_ThirdPersonBP.upack)
[2025.12.02-09.59.59:875][  0]LogPakFile: OnPakFileMounted2Time == 0.000046
[2025.12.02-09.59.59:888][  0]LogPakFile: PakFile PrimaryIndexSize=183
[2025.12.02-09.59.59:888][  0]LogPakFile: PakFile PathHashIndexSize=101
[2025.12.02-09.59.59:888][  0]LogPakFile: PakFile FullDirectoryIndexSize=140
[2025.12.02-09.59.59:888][  0]LogShaderLibrary: Display: ShaderCodeLibraryPakFileMountedCallback: PakFile 'C:/Genshin/UE_4.27/FeaturePacks/TP_TopDown.upack' (chunk index -1, root 'root:/') mounted
[2025.12.02-09.59.59:888][  0]LogShaderLibrary: Display: ShaderCodeLibraryPakFileMountedCallback: pending pak file info (ChunkID:-1 Root:root:/ File:C:/Genshin/UE_4.27/FeaturePacks/TP_TopDown.upack)
[2025.12.02-09.59.59:888][  0]LogPakFile: OnPakFileMounted2Time == 0.000058
[2025.12.02-09.59.59:901][  0]LogPakFile: PakFile PrimaryIndexSize=185
[2025.12.02-09.59.59:901][  0]LogPakFile: PakFile PathHashIndexSize=101
[2025.12.02-09.59.59:901][  0]LogPakFile: PakFile FullDirectoryIndexSize=144
[2025.12.02-09.59.59:901][  0]LogShaderLibrary: Display: ShaderCodeLibraryPakFileMountedCallback: PakFile 'C:/Genshin/UE_4.27/FeaturePacks/TP_TopDownBP.upack' (chunk index -1, root 'root:/') mounted
[2025.12.02-09.59.59:901][  0]LogShaderLibrary: Display: ShaderCodeLibraryPakFileMountedCallback: pending pak file info (ChunkID:-1 Root:root:/ File:C:/Genshin/UE_4.27/FeaturePacks/TP_TopDownBP.upack)
[2025.12.02-09.59.59:901][  0]LogPakFile: OnPakFileMounted2Time == 0.000044
[2025.12.02-09.59.59:915][  0]LogPakFile: PakFile PrimaryIndexSize=185
[2025.12.02-09.59.59:915][  0]LogPakFile: PakFile PathHashIndexSize=101
[2025.12.02-09.59.59:915][  0]LogPakFile: PakFile FullDirectoryIndexSize=144
[2025.12.02-09.59.59:915][  0]LogShaderLibrary: Display: ShaderCodeLibraryPakFileMountedCallback: PakFile 'C:/Genshin/UE_4.27/FeaturePacks/TP_TwinStick.upack' (chunk index -1, root 'root:/') mounted
[2025.12.02-09.59.59:915][  0]LogShaderLibrary: Display: ShaderCodeLibraryPakFileMountedCallback: pending pak file info (ChunkID:-1 Root:root:/ File:C:/Genshin/UE_4.27/FeaturePacks/TP_TwinStick.upack)
[2025.12.02-09.59.59:915][  0]LogPakFile: OnPakFileMounted2Time == 0.000045
[2025.12.02-09.59.59:927][  0]LogPakFile: PakFile PrimaryIndexSize=187
[2025.12.02-09.59.59:927][  0]LogPakFile: PakFile PathHashIndexSize=101
[2025.12.02-09.59.59:927][  0]LogPakFile: PakFile FullDirectoryIndexSize=148
[2025.12.02-09.59.59:927][  0]LogShaderLibrary: Display: ShaderCodeLibraryPakFileMountedCallback: PakFile 'C:/Genshin/UE_4.27/FeaturePacks/TP_TwinStickBP.upack' (chunk index -1, root 'root:/') mounted
[2025.12.02-09.59.59:927][  0]LogShaderLibrary: Display: ShaderCodeLibraryPakFileMountedCallback: pending pak file info (ChunkID:-1 Root:root:/ File:C:/Genshin/UE_4.27/FeaturePacks/TP_TwinStickBP.upack)
[2025.12.02-09.59.59:927][  0]LogPakFile: OnPakFileMounted2Time == 0.000049
[2025.12.02-09.59.59:938][  0]LogPakFile: PakFile PrimaryIndexSize=183
[2025.12.02-09.59.59:938][  0]LogPakFile: PakFile PathHashIndexSize=101
[2025.12.02-09.59.59:938][  0]LogPakFile: PakFile FullDirectoryIndexSize=140
[2025.12.02-09.59.59:938][  0]LogShaderLibrary: Display: ShaderCodeLibraryPakFileMountedCallback: PakFile 'C:/Genshin/UE_4.27/FeaturePacks/TP_Vehicle.upack' (chunk index -1, root 'root:/') mounted
[2025.12.02-09.59.59:938][  0]LogShaderLibrary: Display: ShaderCodeLibraryPakFileMountedCallback: pending pak file info (ChunkID:-1 Root:root:/ File:C:/Genshin/UE_4.27/FeaturePacks/TP_Vehicle.upack)
[2025.12.02-09.59.59:938][  0]LogPakFile: OnPakFileMounted2Time == 0.000047
[2025.12.02-09.59.59:948][  0]LogPakFile: PakFile PrimaryIndexSize=186
[2025.12.02-09.59.59:949][  0]LogPakFile: PakFile PathHashIndexSize=101
[2025.12.02-09.59.59:949][  0]LogPakFile: PakFile FullDirectoryIndexSize=146
[2025.12.02-09.59.59:949][  0]LogShaderLibrary: Display: ShaderCodeLibraryPakFileMountedCallback: PakFile 'C:/Genshin/UE_4.27/FeaturePacks/TP_VehicleAdv.upack' (chunk index -1, root 'root:/') mounted
[2025.12.02-09.59.59:949][  0]LogShaderLibrary: Display: ShaderCodeLibraryPakFileMountedCallback: pending pak file info (ChunkID:-1 Root:root:/ File:C:/Genshin/UE_4.27/FeaturePacks/TP_VehicleAdv.upack)
[2025.12.02-09.59.59:949][  0]LogPakFile: OnPakFileMounted2Time == 0.000057
[2025.12.02-09.59.59:960][  0]LogPakFile: PakFile PrimaryIndexSize=188
[2025.12.02-09.59.59:960][  0]LogPakFile: PakFile PathHashIndexSize=101
[2025.12.02-09.59.59:960][  0]LogPakFile: PakFile FullDirectoryIndexSize=150
[2025.12.02-09.59.59:960][  0]LogShaderLibrary: Display: ShaderCodeLibraryPakFileMountedCallback: PakFile 'C:/Genshin/UE_4.27/FeaturePacks/TP_VehicleAdvBP.upack' (chunk index -1, root 'root:/') mounted
[2025.12.02-09.59.59:960][  0]LogShaderLibrary: Display: ShaderCodeLibraryPakFileMountedCallback: pending pak file info (ChunkID:-1 Root:root:/ File:C:/Genshin/UE_4.27/FeaturePacks/TP_VehicleAdvBP.upack)
[2025.12.02-09.59.59:960][  0]LogPakFile: OnPakFileMounted2Time == 0.000064
[2025.12.02-09.59.59:971][  0]LogPakFile: PakFile PrimaryIndexSize=185
[2025.12.02-09.59.59:971][  0]LogPakFile: PakFile PathHashIndexSize=101
[2025.12.02-09.59.59:971][  0]LogPakFile: PakFile FullDirectoryIndexSize=144
[2025.12.02-09.59.59:971][  0]LogShaderLibrary: Display: ShaderCodeLibraryPakFileMountedCallback: PakFile 'C:/Genshin/UE_4.27/FeaturePacks/TP_VehicleBP.upack' (chunk index -1, root 'root:/') mounted
[2025.12.02-09.59.59:971][  0]LogShaderLibrary: Display: ShaderCodeLibraryPakFileMountedCallback: pending pak file info (ChunkID:-1 Root:root:/ File:C:/Genshin/UE_4.27/FeaturePacks/TP_VehicleBP.upack)
[2025.12.02-09.59.59:971][  0]LogPakFile: OnPakFileMounted2Time == 0.000043
[2025.12.02-09.59.59:983][  0]LogPakFile: PakFile PrimaryIndexSize=192
[2025.12.02-09.59.59:983][  0]LogPakFile: PakFile PathHashIndexSize=101
[2025.12.02-09.59.59:983][  0]LogPakFile: PakFile FullDirectoryIndexSize=158
[2025.12.02-09.59.59:983][  0]LogShaderLibrary: Display: ShaderCodeLibraryPakFileMountedCallback: PakFile 'C:/Genshin/UE_4.27/FeaturePacks/TP_VirtualRealityBP.upack' (chunk index -1, root 'root:/') mounted
[2025.12.02-09.59.59:984][  0]LogShaderLibrary: Display: ShaderCodeLibraryPakFileMountedCallback: pending pak file info (ChunkID:-1 Root:root:/ File:C:/Genshin/UE_4.27/FeaturePacks/TP_VirtualRealityBP.upack)
[2025.12.02-09.59.59:984][  0]LogPakFile: OnPakFileMounted2Time == 0.000052
[2025.12.02-10.00.00:382][  0]LogNativeClassHierarchy: Verbose: Native class hierarchy updated for 'AddContentDialog' in 0.0004 seconds. Added 0 classes and 0 folders.
[2025.12.02-10.00.00:386][  0]LogNativeClassHierarchy: Verbose: Native class hierarchy updated for 'SceneOutliner' in 0.0004 seconds. Added 2 classes and 0 folders.
[2025.12.02-10.00.00:605][  0]LogSlate: Took 0.000411 seconds to synchronously load lazily loaded font '../../../Engine/Content/Slate/Fonts/Roboto-Regular.ttf' (155K)
[2025.12.02-10.00.00:616][  0]LogSlate: Took 0.010382 seconds to synchronously load lazily loaded font '../../../Engine/Content/Editor/Slate/Fonts/FontAwesome.ttf' (139K)
[2025.12.02-10.00.00:619][  0]LogSlate: Took 0.000265 seconds to synchronously load lazily loaded font '../../../Engine/Content/Slate/Fonts/Roboto-Bold.ttf' (160K)
[2025.12.02-10.00.00:817][  0]LogRenderer: Reallocating scene render targets to support 924x428 Format 10 NumSamples 1 (Frame:1).
[2025.12.02-10.00.00:965][  0]LogNativeClassHierarchy: Verbose: Native class hierarchy updated for 'HierarchicalLODOutliner' in 0.0004 seconds. Added 0 classes and 0 folders.
[2025.12.02-10.00.00:965][  0]LogLoad: (Engine Initialization) Total time: 12.24 seconds
[2025.12.02-10.00.00:965][  0]LogLoad: (Engine Initialization) Total Blueprint compile time: 0.00 seconds
[2025.12.02-10.00.01:023][  0]LogAssetRegistry: Asset discovery search completed in 7.0039 seconds
[2025.12.02-10.00.01:030][  0]LogCollectionManager: Fixed up redirectors for 0 collections in 0.000004 seconds (updated 0 objects)
[2025.12.02-10.00.01:032][  0]LogContentStreaming: Texture pool size now 1000 MB
[2025.12.02-10.00.01:246][  3]LogSlate: Took 0.010593 seconds to synchronously load lazily loaded font '../../../Engine/Content/Slate/Fonts/Roboto-Light.ttf' (167K)
[2025.12.02-10.00.01:984][ 48]LogSlate: Took 0.000277 seconds to synchronously load lazily loaded font '../../../Engine/Content/Slate/Fonts/Roboto-Light.ttf' (167K)
[2025.12.02-10.00.23:740][176]LogAssetEditorSubsystem: Opening Asset editor for Blueprint /Game/Player/Blueprints/Player_BP.Player_BP
[2025.12.02-10.00.25:072][176]LogNativeClassHierarchy: Verbose: Native class hierarchy updated for 'BlueprintGraph' in 0.0007 seconds. Added 126 classes and 0 folders.
[2025.12.02-10.00.26:306][176]LogSlate: Took 0.000278 seconds to synchronously load lazily loaded font '../../../Engine/Content/Slate/Fonts/Roboto-BoldCondensed.ttf' (158K)
[2025.12.02-10.00.26:619][176]LogSlate: Took 0.010003 seconds to synchronously load lazily loaded font '../../../Engine/Content/Slate/Fonts/DroidSansMono.ttf' (77K)
[2025.12.02-10.00.26:651][177]LogSlate: Took 0.009486 seconds to synchronously load lazily loaded font '../../../Engine/Content/Slate/Fonts/Roboto-Italic.ttf' (157K)
[2025.12.02-10.04.50:247][934]LogTemp: Repeating last play command: Selected Viewport
[2025.12.02-10.04.50:256][934]LogPlayLevel: PlayLevel: No blueprints needed recompiling
[2025.12.02-10.04.50:261][934]PIE: New page: PIE session: MainMenu (Dec 2, 2025, 4:04:50 AM)
[2025.12.02-10.04.50:263][934]LogOnline: OSS: Creating online subsystem instance for: NULL
[2025.12.02-10.04.50:265][934]LogOnline: OSS: TryLoadSubsystemAndSetDefault: Loaded subsystem for module [NULL]
[2025.12.02-10.04.50:265][934]LogPlayLevel: Creating play world package: /Game/Mapas/Menu/UEDPIE_0_MainMenu
[2025.12.02-10.04.50:267][934]LogPlayLevel: PIE: StaticDuplicateObject took: (0.001999s)
[2025.12.02-10.04.50:269][934]LogAIModule: Creating AISystem for world MainMenu
[2025.12.02-10.04.50:270][934]LogPlayLevel: PIE: World Init took: (0.001296s)
[2025.12.02-10.04.50:270][934]LogPlayLevel: PIE: Created PIE world by copying editor world from /Game/Mapas/Menu/MainMenu.MainMenu to /Game/Mapas/Menu/UEDPIE_0_MainMenu.MainMenu (0.003929s)
[2025.12.02-10.04.50:299][934]LogUObjectHash: Compacting FUObjectHashTables data took   2.78ms
[2025.12.02-10.04.50:300][934]LogAudio: Display: Creating Audio Device:                 Id: 2, Scope: Unique, Realtime: True
[2025.12.02-10.04.50:300][934]LogAudioMixer: Display: Audio Mixer Platform Settings:
[2025.12.02-10.04.50:300][934]LogAudioMixer: Display: 	Sample Rate:						  48000
[2025.12.02-10.04.50:300][934]LogAudioMixer: Display: 	Callback Buffer Frame Size Requested: 1024
[2025.12.02-10.04.50:300][934]LogAudioMixer: Display: 	Callback Buffer Frame Size To Use:	  1024
[2025.12.02-10.04.50:300][934]LogAudioMixer: Display: 	Number of buffers to queue:			  2
[2025.12.02-10.04.50:300][934]LogAudioMixer: Display: 	Max Channels (voices):				  32
[2025.12.02-10.04.50:300][934]LogAudioMixer: Display: 	Number of Async Source Workers:		  0
[2025.12.02-10.04.50:300][934]LogAudio: Display: AudioDevice MaxSources: 32
[2025.12.02-10.04.50:301][934]LogAudio: Display: Audio Spatialization Plugin: None (built-in).
[2025.12.02-10.04.50:301][934]LogAudio: Display: Audio Reverb Plugin: None (built-in).
[2025.12.02-10.04.50:301][934]LogAudio: Display: Audio Occlusion Plugin: None (built-in).
[2025.12.02-10.04.50:301][934]LogAudioMixer: Display: Initializing audio mixer.
[2025.12.02-10.04.50:307][934]LogAudioMixer: Display: 0: FrontLeft
[2025.12.02-10.04.50:307][934]LogAudioMixer: Display: 1: FrontRight
[2025.12.02-10.04.50:317][934]LogAudioMixer: Display: Using Audio Device Alto-falantes (Realtek(R) Audio)
[2025.12.02-10.04.50:317][934]LogAudioMixer: Display: Initializing Sound Submixes...
[2025.12.02-10.04.50:317][934]LogAudioMixer: Display: Creating Master Submix 'MasterSubmixDefault'
[2025.12.02-10.04.50:317][934]LogAudioMixer: Display: Creating Master Submix 'MasterReverbSubmixDefault'
[2025.12.02-10.04.50:317][934]LogAudioMixer: Display: Creating Master Submix 'MasterEQSubmixDefault'
[2025.12.02-10.04.50:317][934]LogAudioMixer: FMixerPlatformXAudio2::StartAudioStream() called
[2025.12.02-10.04.50:317][934]LogAudioMixer: Display: Output buffers initialized: Frames=1024, Channels=2, Samples=2048
[2025.12.02-10.04.50:319][934]LogAudioMixer: Display: Starting AudioMixerPlatformInterface::RunInternal()
[2025.12.02-10.04.50:319][934]LogAudioMixer: Display: FMixerPlatformXAudio2::SubmitBuffer() called for the first time
[2025.12.02-10.04.50:319][934]LogInit: FAudioDevice initialized.
[2025.12.02-10.04.50:319][934]LogAudio: Display: Audio Device (ID: 2) registered with world 'MainMenu'.
[2025.12.02-10.04.50:334][934]LogLoad: Game class is 'GameMode'
[2025.12.02-10.04.50:337][934]LogWorld: Bringing World /Game/Mapas/Menu/UEDPIE_0_MainMenu.MainMenu up for play (max tick rate 60) at 2025.12.02-07.04.50
[2025.12.02-10.04.50:337][934]LogWorld: Bringing up level for play took: 0.000462
[2025.12.02-10.04.50:337][934]LogOnline: OSS: Creating online subsystem instance for: :Context_2
[2025.12.02-10.04.50:343][934]LogNativeClassHierarchy: Verbose: Native class hierarchy updated for 'MovieSceneCapture' in 0.0004 seconds. Added 20 classes and 0 folders.
[2025.12.02-10.04.50:343][934]LogGameMode: Display: Match State Changed from EnteringMap to WaitingToStart
[2025.12.02-10.04.50:343][934]LogGameState: Match State Changed from EnteringMap to WaitingToStart
[2025.12.02-10.04.50:343][934]LogGameMode: Display: Match State Changed from WaitingToStart to InProgress
[2025.12.02-10.04.50:354][934]LogGameState: Match State Changed from WaitingToStart to InProgress
[2025.12.02-10.04.50:354][934]PIE: Server logged in
[2025.12.02-10.04.50:356][934]PIE: Play in editor total start time 0.102 seconds.
[2025.12.02-10.04.54:100][136]LogGameMode: Display: Match State Changed from InProgress to LeavingMap
[2025.12.02-10.04.54:100][136]LogGameState: Match State Changed from InProgress to LeavingMap
[2025.12.02-10.04.54:100][136]LogNet: Browse: /Game/Mapas/Fases/MapaInicialAr/MapaInicial
[2025.12.02-10.04.54:100][136]LogLoad: LoadMap: /Game/Mapas/Fases/MapaInicialAr/MapaInicial
[2025.12.02-10.04.54:100][136]LogWorld: BeginTearingDown for /Game/Mapas/Menu/UEDPIE_0_MainMenu
[2025.12.02-10.04.54:101][136]LogWorld: UWorld::CleanupWorld for MainMenu, bSessionEnded=true, bCleanupResources=true
[2025.12.02-10.04.54:101][136]LogSlate: InvalidateAllWidgets triggered.  All widgets were invalidated
[2025.12.02-10.04.54:165][136]LogAudio: Display: Audio Device unregistered from world 'None'.
[2025.12.02-10.04.54:192][136]LogUObjectHash: Compacting FUObjectHashTables data took   3.61ms
[2025.12.02-10.04.54:422][136]LogAudio: Display: Audio Device (ID: 2) registered with world 'MapaInicial'.
[2025.12.02-10.04.54:423][136]LogAIModule: Creating AISystem for world MapaInicial
[2025.12.02-10.04.54:436][136]LogLoad: Game class is 'GameModeRL_C'
[2025.12.02-10.04.54:440][136]LogWorld: Bringing World /Game/Mapas/Fases/MapaInicialAr/UEDPIE_0_MapaInicial.MapaInicial up for play (max tick rate 60) at 2025.12.02-07.04.54
[2025.12.02-10.04.54:440][136]LogWorld: Bringing up level for play took: 0.002158
[2025.12.02-10.04.54:444][136]LogLoad: Took 0.343366 seconds to LoadMap(/Game/Mapas/Fases/MapaInicialAr/MapaInicial)
[2025.12.02-10.04.57:088][294]LogNet: Browse: /Game/Mapas/Fases/MapadeTeste/MapadeTeste
[2025.12.02-10.04.57:088][294]LogLoad: LoadMap: /Game/Mapas/Fases/MapadeTeste/MapadeTeste
[2025.12.02-10.04.57:088][294]LogWorld: BeginTearingDown for /Game/Mapas/Fases/MapaInicialAr/UEDPIE_0_MapaInicial
[2025.12.02-10.04.57:088][294]LogWorld: UWorld::CleanupWorld for MapaInicial, bSessionEnded=true, bCleanupResources=true
[2025.12.02-10.04.57:089][294]LogSlate: InvalidateAllWidgets triggered.  All widgets were invalidated
[2025.12.02-10.04.57:153][294]LogAudio: Display: Audio Device unregistered from world 'None'.
[2025.12.02-10.04.57:162][294]LogUObjectHash: Compacting FUObjectHashTables data took   3.10ms
[2025.12.02-10.05.00:094][294]LogAudio: Display: Audio Device (ID: 2) registered with world 'MapadeTeste'.
[2025.12.02-10.05.00:094][294]LogAIModule: Creating AISystem for world MapadeTeste
[2025.12.02-10.05.00:094][294]LogLoad: Game class is 'GameModeRL_C'
[2025.12.02-10.05.00:099][294]LogWorld: Bringing World /Game/Mapas/Fases/MapadeTeste/UEDPIE_0_MapadeTeste.MapadeTeste up for play (max tick rate 60) at 2025.12.02-07.05.00
[2025.12.02-10.05.00:100][294]LogWorld: Bringing up level for play took: 0.004485
[2025.12.02-10.05.00:104][294]LogLoad: Took 3.014946 seconds to LoadMap(/Game/Mapas/Fases/MapadeTeste/MapadeTeste)
[2025.12.02-10.05.01:684][388]LogCharacterMovement: InimigoTeste_14 is stuck and failed to move! Velocity: X=450.00 Y=0.00 Z=0.00 Location: X=55.50 Y=0.00 Z=79.06 Normal: X=0.00 Y=0.00 Z=-1.00 PenetrationDepth:122.554 Actor:CeifadorBP_2 Component:ColisaoAtaque BoneName:None (0 other events since notify)
[2025.12.02-10.05.07:351][728]LogViewport: Display: Viewport MouseLockMode Changed, LockOnCapture -> DoNotLock
[2025.12.02-10.05.07:351][728]LogViewport: Display: Viewport MouseCaptureMode Changed, CapturePermanently_IncludingInitialMouseDown -> NoCapture
[2025.12.02-10.05.08:967][823]LogSlate: Updating window title bar state: overlay mode, drag disabled, window buttons hidden, title bar hidden
[2025.12.02-10.05.08:967][823]LogWorld: BeginTearingDown for /Game/Mapas/Fases/MapadeTeste/UEDPIE_0_MapadeTeste
[2025.12.02-10.05.08:967][823]LogWorld: UWorld::CleanupWorld for MapadeTeste, bSessionEnded=true, bCleanupResources=true
[2025.12.02-10.05.08:967][823]LogSlate: InvalidateAllWidgets triggered.  All widgets were invalidated
[2025.12.02-10.05.08:978][823]LogPlayLevel: Display: Shutting down PIE online subsystems
[2025.12.02-10.05.08:983][823]LogSlate: InvalidateAllWidgets triggered.  All widgets were invalidated
[2025.12.02-10.05.09:011][823]LogSlate: Updating window title bar state: overlay mode, drag disabled, window buttons hidden, title bar hidden
[2025.12.02-10.05.09:012][823]LogAudioMixer: FMixerPlatformXAudio2::StopAudioStream() called
[2025.12.02-10.05.09:014][823]LogAudioMixer: FMixerPlatformXAudio2::StopAudioStream() called
[2025.12.02-10.05.09:019][823]LogUObjectHash: Compacting FUObjectHashTables data took   2.88ms
[2025.12.02-10.05.09:036][824]LogPlayLevel: Display: Destroying online subsystem :Context_2
[2025.12.02-10.05.11:656][981]Cmd: SELECT NONE
[2025.12.02-10.10.29:816][714]LogUObjectHash: Compacting FUObjectHashTables data took   3.52ms
[2025.12.02-10.10.29:817][714]LogFileHelpers: Editor autosave (incl. external actors) for '/Game/Mapas/Menu/MainMenu' took 0.033
[2025.12.02-10.10.29:835][714]OBJ SavePackage: Generating thumbnails for [0] asset(s) in package [/Game/Player/Blueprints/Player_BP] ([2] browsable assets)...
[2025.12.02-10.10.29:835][714]OBJ SavePackage: Finished generating thumbnails for package [/Game/Player/Blueprints/Player_BP]
[2025.12.02-10.10.29:835][714]Cmd: OBJ SAVEPACKAGE PACKAGE="/Game/Player/Blueprints/Player_BP" FILE="E:/Unreal/Fumec_DevGames/Saved/Autosaves/Game/Player/Blueprints/Player_BP_Auto1.uasset" SILENT=false AUTOSAVING=true
[2025.12.02-10.10.29:999][714]LogSavePackage: Moving 'E:/Unreal/Fumec_DevGames/Saved/Player_BP_Auto14473A58D429FBDFB27F50E82BB9DBD09.tmp' to 'E:/Unreal/Fumec_DevGames/Saved/Autosaves/Game/Player/Blueprints/Player_BP_Auto1.uasset'
[2025.12.02-10.10.30:022][714]LogFileHelpers: Auto-saving content packages took 0.205
[2025.12.02-10.14.15:862][404]BlueprintLog: New page: Compile Player_BP
[2025.12.02-10.14.15:954][404]LogUObjectHash: Compacting FUObjectHashTables data took   3.31ms
[2025.12.02-10.14.16:016][404]Cmd: OBJ SAVEPACKAGE PACKAGE="/Game/Player/Blueprints/Player_BP" FILE="E:/Unreal/Fumec_DevGames/Content/Player/Blueprints/Player_BP.uasset" SILENT=true
[2025.12.02-10.14.16:268][404]LogSavePackage: Moving 'E:/Unreal/Fumec_DevGames/Saved/Player_BPC7663A004CCFEA838C39A08B479209C0.tmp' to 'E:/Unreal/Fumec_DevGames/Content/Player/Blueprints/Player_BP.uasset'
[2025.12.02-10.14.16:296][404]AssetCheck: New page: Asset Save: Player_BP
[2025.12.02-10.14.16:296][404]LogContentValidation: Display: Validating Blueprint /Game/Player/Blueprints/Player_BP.Player_BP
[2025.12.02-10.14.18:960][557]LogTemp: Repeating last play command: Selected Viewport
[2025.12.02-10.14.18:967][557]LogPlayLevel: PlayLevel: No blueprints needed recompiling
[2025.12.02-10.14.18:967][557]PIE: New page: PIE session: MainMenu (Dec 2, 2025, 4:14:18 AM)
[2025.12.02-10.14.18:968][557]LogPlayLevel: Creating play world package: /Game/Mapas/Menu/UEDPIE_0_MainMenu
[2025.12.02-10.14.18:969][557]LogPlayLevel: PIE: StaticDuplicateObject took: (0.001393s)
[2025.12.02-10.14.18:970][557]LogAIModule: Creating AISystem for world MainMenu
[2025.12.02-10.14.18:970][557]LogPlayLevel: PIE: World Init took: (0.001291s)
[2025.12.02-10.14.18:970][557]LogPlayLevel: PIE: Created PIE world by copying editor world from /Game/Mapas/Menu/MainMenu.MainMenu to /Game/Mapas/Menu/UEDPIE_0_MainMenu.MainMenu (0.002819s)
[2025.12.02-10.14.19:001][557]LogUObjectHash: Compacting FUObjectHashTables data took   3.71ms
[2025.12.02-10.14.19:003][557]LogAudio: Display: Creating Audio Device:                 Id: 3, Scope: Unique, Realtime: True
[2025.12.02-10.14.19:003][557]LogAudioMixer: Display: Audio Mixer Platform Settings:
[2025.12.02-10.14.19:003][557]LogAudioMixer: Display: 	Sample Rate:						  48000
[2025.12.02-10.14.19:003][557]LogAudioMixer: Display: 	Callback Buffer Frame Size Requested: 1024
[2025.12.02-10.14.19:003][557]LogAudioMixer: Display: 	Callback Buffer Frame Size To Use:	  1024
[2025.12.02-10.14.19:003][557]LogAudioMixer: Display: 	Number of buffers to queue:			  2
[2025.12.02-10.14.19:003][557]LogAudioMixer: Display: 	Max Channels (voices):				  32
[2025.12.02-10.14.19:003][557]LogAudioMixer: Display: 	Number of Async Source Workers:		  0
[2025.12.02-10.14.19:003][557]LogAudio: Display: AudioDevice MaxSources: 32
[2025.12.02-10.14.19:004][557]LogAudio: Display: Audio Spatialization Plugin: None (built-in).
[2025.12.02-10.14.19:004][557]LogAudio: Display: Audio Reverb Plugin: None (built-in).
[2025.12.02-10.14.19:004][557]LogAudio: Display: Audio Occlusion Plugin: None (built-in).
[2025.12.02-10.14.19:004][557]LogAudioMixer: Display: Initializing audio mixer.
[2025.12.02-10.14.19:010][557]LogAudioMixer: Display: 0: FrontLeft
[2025.12.02-10.14.19:010][557]LogAudioMixer: Display: 1: FrontRight
[2025.12.02-10.14.19:021][557]LogAudioMixer: Display: Using Audio Device Alto-falantes (Realtek(R) Audio)
[2025.12.02-10.14.19:021][557]LogAudioMixer: Display: Initializing Sound Submixes...
[2025.12.02-10.14.19:021][557]LogAudioMixer: Display: Creating Master Submix 'MasterSubmixDefault'
[2025.12.02-10.14.19:021][557]LogAudioMixer: Display: Creating Master Submix 'MasterReverbSubmixDefault'
[2025.12.02-10.14.19:021][557]LogAudioMixer: Display: Creating Master Submix 'MasterEQSubmixDefault'
[2025.12.02-10.14.19:021][557]LogAudioMixer: FMixerPlatformXAudio2::StartAudioStream() called
[2025.12.02-10.14.19:021][557]LogAudioMixer: Display: Output buffers initialized: Frames=1024, Channels=2, Samples=2048
[2025.12.02-10.14.19:024][557]LogAudioMixer: Display: Starting AudioMixerPlatformInterface::RunInternal()
[2025.12.02-10.14.19:024][557]LogAudioMixer: Display: FMixerPlatformXAudio2::SubmitBuffer() called for the first time
[2025.12.02-10.14.19:024][557]LogInit: FAudioDevice initialized.
[2025.12.02-10.14.19:024][557]LogAudio: Display: Audio Device (ID: 3) registered with world 'MainMenu'.
[2025.12.02-10.14.19:061][557]LogSlate: Updating window title bar state: overlay mode, drag disabled, window buttons hidden, title bar hidden
[2025.12.02-10.14.19:061][557]LogLoad: Game class is 'GameMode'
[2025.12.02-10.14.19:062][557]LogWorld: Bringing World /Game/Mapas/Menu/UEDPIE_0_MainMenu.MainMenu up for play (max tick rate 60) at 2025.12.02-07.14.19
[2025.12.02-10.14.19:062][557]LogWorld: Bringing up level for play took: 0.000559
[2025.12.02-10.14.19:063][557]LogOnline: OSS: Creating online subsystem instance for: :Context_3
[2025.12.02-10.14.19:065][557]LogGameMode: FindPlayerStart: PATHS NOT DEFINED or NO PLAYERSTART with positive rating
[2025.12.02-10.14.19:066][557]LogGameMode: Display: Match State Changed from EnteringMap to WaitingToStart
[2025.12.02-10.14.19:066][557]LogGameState: Match State Changed from EnteringMap to WaitingToStart
[2025.12.02-10.14.19:066][557]LogGameMode: Display: Match State Changed from WaitingToStart to InProgress
[2025.12.02-10.14.19:068][557]LogGameState: Match State Changed from WaitingToStart to InProgress
[2025.12.02-10.14.19:073][557]PIE: Server logged in
[2025.12.02-10.14.19:077][557]PIE: Play in editor total start time 0.111 seconds.
[2025.12.02-10.14.19:116][558]LogRenderer: Reallocating scene render targets to support 1528x784 Format 10 NumSamples 1 (Frame:1).
[2025.12.02-10.14.20:485][634]LogSlate: Updating window title bar state: overlay mode, drag disabled, window buttons hidden, title bar hidden
[2025.12.02-10.14.20:486][634]LogWorld: BeginTearingDown for /Game/Mapas/Menu/UEDPIE_0_MainMenu
[2025.12.02-10.14.20:486][634]LogSlate: Window 'ColunaDoendoSamurai Preview [NetMode: Standalone]  (64-bit/Windows) ' being destroyed
[2025.12.02-10.14.20:495][634]LogWorld: UWorld::CleanupWorld for MainMenu, bSessionEnded=true, bCleanupResources=true
[2025.12.02-10.14.20:495][634]LogSlate: InvalidateAllWidgets triggered.  All widgets were invalidated
[2025.12.02-10.14.20:505][634]LogPlayLevel: Display: Shutting down PIE online subsystems
[2025.12.02-10.14.20:511][634]LogSlate: InvalidateAllWidgets triggered.  All widgets were invalidated
[2025.12.02-10.14.20:539][634]LogAudio: Display: Audio Device unregistered from world 'None'.
[2025.12.02-10.14.20:539][634]LogAudioMixer: FMixerPlatformXAudio2::StopAudioStream() called
[2025.12.02-10.14.20:542][634]LogAudioMixer: FMixerPlatformXAudio2::StopAudioStream() called
[2025.12.02-10.14.20:547][634]LogUObjectHash: Compacting FUObjectHashTables data took   3.38ms
[2025.12.02-10.14.20:578][635]LogPlayLevel: Display: Destroying online subsystem :Context_3
[2025.12.02-10.14.26:221][966]LogUObjectHash: Compacting FUObjectHashTables data took   2.73ms
[2025.12.02-10.14.26:284][966]LogAssetEditorSubsystem: Opening Asset editor for World /Game/Mapas/Fases/MapadeTeste/MapadeTeste.MapadeTeste
[2025.12.02-10.14.26:284][966]Cmd: MAP LOAD FILE="E:/Unreal/Fumec_DevGames/Content/Mapas/Fases/MapadeTeste/MapadeTeste.umap" TEMPLATE=0 SHOWPROGRESS=1 FEATURELEVEL=3
[2025.12.02-10.14.26:284][966]LightingResults: New page: Lighting Build
[2025.12.02-10.14.26:284][966]LoadErrors: New page: Loading map: MapadeTeste.umap
[2025.12.02-10.14.26:285][966]LogWorld: UWorld::CleanupWorld for MainMenu, bSessionEnded=true, bCleanupResources=true
[2025.12.02-10.14.26:286][966]LogSlate: InvalidateAllWidgets triggered.  All widgets were invalidated
[2025.12.02-10.14.26:286][966]MapCheck: New page: Map Check
[2025.12.02-10.14.26:286][966]LightingResults: New page: Lighting Build
[2025.12.02-10.14.26:311][966]LogAudio: Display: Audio Device unregistered from world 'None'.
[2025.12.02-10.14.26:316][966]LogUObjectHash: Compacting FUObjectHashTables data took   3.10ms
[2025.12.02-10.14.26:316][966]LogAudio: Display: Audio Device (ID: 1) registered with world 'MapadeTeste'.
[2025.12.02-10.14.26:448][966]LogEditorServer: Finished looking for orphan Actors (0.000 secs)
[2025.12.02-10.14.26:448][966]LogAIModule: Creating AISystem for world MapadeTeste
[2025.12.02-10.14.26:448][966]LogNavigation: Warning: Recreating dtNavMesh instance due to saved navmesh origin (X=0.000 Y=0.000 Z=342.000, usually the RecastNavMesh location) not being aligned with tile size (988 uu) 
[2025.12.02-10.14.26:481][966]LogUObjectHash: Compacting FUObjectHashTables data took   2.65ms
[2025.12.02-10.14.26:504][966]Cmd: MAP CHECKDEP NOCLEARLOG
[2025.12.02-10.14.26:504][966]MapCheck: Map check complete: 0 Error(s), 0 Warning(s), took 0.095ms to complete.
[2025.12.02-10.14.26:505][966]LogFileHelpers: Loading map 'MapadeTeste' took 0.221
[2025.12.02-10.14.27:477][ 20]LogTemp: Repeating last play command: Selected Viewport
[2025.12.02-10.14.27:484][ 20]LogPlayLevel: PlayLevel: No blueprints needed recompiling
[2025.12.02-10.14.27:485][ 20]PIE: New page: PIE session: MapadeTeste (Dec 2, 2025, 4:14:27 AM)
[2025.12.02-10.14.27:523][ 20]LogPlayLevel: Creating play world package: /Game/Mapas/Fases/MapadeTeste/UEDPIE_0_MapadeTeste
[2025.12.02-10.14.27:546][ 20]LogPlayLevel: PIE: StaticDuplicateObject took: (0.022014s)
[2025.12.02-10.14.27:546][ 20]LogAIModule: Creating AISystem for world MapadeTeste
[2025.12.02-10.14.27:547][ 20]LogPlayLevel: PIE: World Init took: (0.001105s)
[2025.12.02-10.14.27:547][ 20]LogPlayLevel: PIE: Created PIE world by copying editor world from /Game/Mapas/Fases/MapadeTeste/MapadeTeste.MapadeTeste to /Game/Mapas/Fases/MapadeTeste/UEDPIE_0_MapadeTeste.MapadeTeste (0.023307s)
[2025.12.02-10.14.27:579][ 20]LogUObjectHash: Compacting FUObjectHashTables data took   2.70ms
[2025.12.02-10.14.27:579][ 20]LogAudio: Display: Creating Audio Device:                 Id: 4, Scope: Unique, Realtime: True
[2025.12.02-10.14.27:580][ 20]LogAudioMixer: Display: Audio Mixer Platform Settings:
[2025.12.02-10.14.27:580][ 20]LogAudioMixer: Display: 	Sample Rate:						  48000
[2025.12.02-10.14.27:580][ 20]LogAudioMixer: Display: 	Callback Buffer Frame Size Requested: 1024
[2025.12.02-10.14.27:580][ 20]LogAudioMixer: Display: 	Callback Buffer Frame Size To Use:	  1024
[2025.12.02-10.14.27:580][ 20]LogAudioMixer: Display: 	Number of buffers to queue:			  2
[2025.12.02-10.14.27:580][ 20]LogAudioMixer: Display: 	Max Channels (voices):				  32
[2025.12.02-10.14.27:580][ 20]LogAudioMixer: Display: 	Number of Async Source Workers:		  0
[2025.12.02-10.14.27:580][ 20]LogAudio: Display: AudioDevice MaxSources: 32
[2025.12.02-10.14.27:580][ 20]LogAudio: Display: Audio Spatialization Plugin: None (built-in).
[2025.12.02-10.14.27:580][ 20]LogAudio: Display: Audio Reverb Plugin: None (built-in).
[2025.12.02-10.14.27:580][ 20]LogAudio: Display: Audio Occlusion Plugin: None (built-in).
[2025.12.02-10.14.27:580][ 20]LogAudioMixer: Display: Initializing audio mixer.
[2025.12.02-10.14.27:585][ 20]LogAudioMixer: Display: 0: FrontLeft
[2025.12.02-10.14.27:585][ 20]LogAudioMixer: Display: 1: FrontRight
[2025.12.02-10.14.27:593][ 20]LogAudioMixer: Display: Using Audio Device Alto-falantes (Realtek(R) Audio)
[2025.12.02-10.14.27:593][ 20]LogAudioMixer: Display: Initializing Sound Submixes...
[2025.12.02-10.14.27:593][ 20]LogAudioMixer: Display: Creating Master Submix 'MasterSubmixDefault'
[2025.12.02-10.14.27:593][ 20]LogAudioMixer: Display: Creating Master Submix 'MasterReverbSubmixDefault'
[2025.12.02-10.14.27:594][ 20]LogAudioMixer: Display: Creating Master Submix 'MasterEQSubmixDefault'
[2025.12.02-10.14.27:594][ 20]LogAudioMixer: FMixerPlatformXAudio2::StartAudioStream() called
[2025.12.02-10.14.27:594][ 20]LogAudioMixer: Display: Output buffers initialized: Frames=1024, Channels=2, Samples=2048
[2025.12.02-10.14.27:596][ 20]LogAudioMixer: Display: Starting AudioMixerPlatformInterface::RunInternal()
[2025.12.02-10.14.27:596][ 20]LogAudioMixer: Display: FMixerPlatformXAudio2::SubmitBuffer() called for the first time
[2025.12.02-10.14.27:596][ 20]LogInit: FAudioDevice initialized.
[2025.12.02-10.14.27:596][ 20]LogAudio: Display: Audio Device (ID: 4) registered with world 'MapadeTeste'.
[2025.12.02-10.14.27:606][ 20]LogLoad: Game class is 'GameModeRL_C'
[2025.12.02-10.14.27:608][ 20]LogWorld: Bringing World /Game/Mapas/Fases/MapadeTeste/UEDPIE_0_MapadeTeste.MapadeTeste up for play (max tick rate 60) at 2025.12.02-07.14.27
[2025.12.02-10.14.27:608][ 20]LogWorld: Bringing up level for play took: 0.001395
[2025.12.02-10.14.27:610][ 20]LogOnline: OSS: Creating online subsystem instance for: :Context_4
[2025.12.02-10.14.27:613][ 20]PIE: Server logged in
[2025.12.02-10.14.27:614][ 20]PIE: Play in editor total start time 0.131 seconds.
[2025.12.02-10.14.27:616][ 20]LogBlueprintUserMessages: [Player_BP_C_0] false
[2025.12.02-10.14.27:640][ 21]LogBlueprintUserMessages: [Player_BP_C_0] false
[2025.12.02-10.14.27:656][ 22]LogBlueprintUserMessages: [Player_BP_C_0] false
[2025.12.02-10.14.27:673][ 23]LogBlueprintUserMessages: [Player_BP_C_0] false
[2025.12.02-10.14.27:689][ 24]LogBlueprintUserMessages: [Player_BP_C_0] false
[2025.12.02-10.14.27:706][ 25]LogBlueprintUserMessages: [Player_BP_C_0] false
[2025.12.02-10.14.27:723][ 26]LogBlueprintUserMessages: [Player_BP_C_0] false
[2025.12.02-10.14.27:740][ 27]LogBlueprintUserMessages: [Player_BP_C_0] false
[2025.12.02-10.14.27:756][ 28]LogBlueprintUserMessages: [Player_BP_C_0] false
[2025.12.02-10.14.27:773][ 29]LogBlueprintUserMessages: [Player_BP_C_0] false
[2025.12.02-10.14.27:789][ 30]LogBlueprintUserMessages: [Player_BP_C_0] false
[2025.12.02-10.14.27:806][ 31]LogBlueprintUserMessages: [Player_BP_C_0] false
[2025.12.02-10.14.27:823][ 32]LogBlueprintUserMessages: [Player_BP_C_0] false
[2025.12.02-10.14.27:839][ 33]LogBlueprintUserMessages: [Player_BP_C_0] false
[2025.12.02-10.14.27:856][ 34]LogBlueprintUserMessages: [Player_BP_C_0] false
[2025.12.02-10.14.27:873][ 35]LogBlueprintUserMessages: [Player_BP_C_0] false
[2025.12.02-10.14.27:889][ 36]LogBlueprintUserMessages: [Player_BP_C_0] false
[2025.12.02-10.14.27:906][ 37]LogBlueprintUserMessages: [Player_BP_C_0] false
[2025.12.02-10.14.27:923][ 38]LogBlueprintUserMessages: [Player_BP_C_0] false
[2025.12.02-10.14.27:939][ 39]LogBlueprintUserMessages: [Player_BP_C_0] false
[2025.12.02-10.14.27:956][ 40]LogBlueprintUserMessages: [Player_BP_C_0] false
[2025.12.02-10.14.27:973][ 41]LogBlueprintUserMessages: [Player_BP_C_0] false
[2025.12.02-10.14.27:989][ 42]LogBlueprintUserMessages: [Player_BP_C_0] false
[2025.12.02-10.14.28:006][ 43]LogBlueprintUserMessages: [Player_BP_C_0] false
[2025.12.02-10.14.28:026][ 44]LogBlueprintUserMessages: [Player_BP_C_0] false
[2025.12.02-10.14.28:039][ 45]LogBlueprintUserMessages: [Player_BP_C_0] false
[2025.12.02-10.14.28:056][ 46]LogBlueprintUserMessages: [Player_BP_C_0] false
[2025.12.02-10.14.28:073][ 47]LogBlueprintUserMessages: [Player_BP_C_0] false
[2025.12.02-10.14.28:089][ 48]LogBlueprintUserMessages: [Player_BP_C_0] false
[2025.12.02-10.14.28:106][ 49]LogBlueprintUserMessages: [Player_BP_C_0] false
[2025.12.02-10.14.28:123][ 50]LogBlueprintUserMessages: [Player_BP_C_0] false
[2025.12.02-10.14.28:139][ 51]LogBlueprintUserMessages: [Player_BP_C_0] false
[2025.12.02-10.14.28:157][ 52]LogBlueprintUserMessages: [Player_BP_C_0] false
[2025.12.02-10.14.28:173][ 53]LogBlueprintUserMessages: [Player_BP_C_0] false
[2025.12.02-10.14.28:189][ 54]LogBlueprintUserMessages: [Player_BP_C_0] false
[2025.12.02-10.14.28:206][ 55]LogBlueprintUserMessages: [Player_BP_C_0] false
[2025.12.02-10.14.28:222][ 56]LogBlueprintUserMessages: [Player_BP_C_0] false
[2025.12.02-10.14.28:239][ 57]LogBlueprintUserMessages: [Player_BP_C_0] false
[2025.12.02-10.14.28:256][ 58]LogBlueprintUserMessages: [Player_BP_C_0] false
[2025.12.02-10.14.28:272][ 59]LogBlueprintUserMessages: [Player_BP_C_0] false
[2025.12.02-10.14.28:290][ 60]LogBlueprintUserMessages: [Player_BP_C_0] false
[2025.12.02-10.14.28:306][ 61]LogBlueprintUserMessages: [Player_BP_C_0] false
[2025.12.02-10.14.28:323][ 62]LogBlueprintUserMessages: [Player_BP_C_0] false
[2025.12.02-10.14.28:339][ 63]LogBlueprintUserMessages: [Player_BP_C_0] false
[2025.12.02-10.14.28:356][ 64]LogBlueprintUserMessages: [Player_BP_C_0] false
[2025.12.02-10.14.28:373][ 65]LogBlueprintUserMessages: [Player_BP_C_0] false
[2025.12.02-10.14.28:390][ 66]LogBlueprintUserMessages: [Player_BP_C_0] false
[2025.12.02-10.14.28:406][ 67]LogBlueprintUserMessages: [Player_BP_C_0] false
[2025.12.02-10.14.28:423][ 68]LogBlueprintUserMessages: [Player_BP_C_0] false
[2025.12.02-10.14.28:439][ 69]LogBlueprintUserMessages: [Player_BP_C_0] false
[2025.12.02-10.14.28:456][ 70]LogBlueprintUserMessages: [Player_BP_C_0] false
[2025.12.02-10.14.28:473][ 71]LogBlueprintUserMessages: [Player_BP_C_0] false
[2025.12.02-10.14.28:489][ 72]LogBlueprintUserMessages: [Player_BP_C_0] false
[2025.12.02-10.14.28:506][ 73]LogBlueprintUserMessages: [Player_BP_C_0] false
[2025.12.02-10.14.28:522][ 74]LogBlueprintUserMessages: [Player_BP_C_0] false
[2025.12.02-10.14.28:540][ 75]LogBlueprintUserMessages: [Player_BP_C_0] false
[2025.12.02-10.14.28:556][ 76]LogBlueprintUserMessages: [Player_BP_C_0] false
[2025.12.02-10.14.28:573][ 77]LogBlueprintUserMessages: [Player_BP_C_0] false
[2025.12.02-10.14.28:589][ 78]LogBlueprintUserMessages: [Player_BP_C_0] false
[2025.12.02-10.14.28:606][ 79]LogBlueprintUserMessages: [Player_BP_C_0] false
[2025.12.02-10.14.28:623][ 80]LogBlueprintUserMessages: [Player_BP_C_0] false
[2025.12.02-10.14.28:639][ 81]LogBlueprintUserMessages: [Player_BP_C_0] false
[2025.12.02-10.14.28:656][ 82]LogBlueprintUserMessages: [Player_BP_C_0] false
[2025.12.02-10.14.28:673][ 83]LogBlueprintUserMessages: [Player_BP_C_0] false
[2025.12.02-10.14.28:689][ 84]LogBlueprintUserMessages: [Player_BP_C_0] false
[2025.12.02-10.14.28:706][ 85]LogBlueprintUserMessages: [Player_BP_C_0] false
[2025.12.02-10.14.28:722][ 86]LogBlueprintUserMessages: [Player_BP_C_0] false
[2025.12.02-10.14.28:739][ 87]LogBlueprintUserMessages: [Player_BP_C_0] false
[2025.12.02-10.14.28:756][ 88]LogBlueprintUserMessages: [Player_BP_C_0] false
[2025.12.02-10.14.28:773][ 89]LogBlueprintUserMessages: [Player_BP_C_0] false
[2025.12.02-10.14.28:789][ 90]LogBlueprintUserMessages: [Player_BP_C_0] false
[2025.12.02-10.14.28:806][ 91]LogBlueprintUserMessages: [Player_BP_C_0] false
[2025.12.02-10.14.28:823][ 92]LogBlueprintUserMessages: [Player_BP_C_0] false
[2025.12.02-10.14.28:839][ 93]LogBlueprintUserMessages: [Player_BP_C_0] false
[2025.12.02-10.14.28:855][ 94]LogBlueprintUserMessages: [Player_BP_C_0] false
[2025.12.02-10.14.28:872][ 95]LogBlueprintUserMessages: [Player_BP_C_0] false
[2025.12.02-10.14.28:891][ 96]LogBlueprintUserMessages: [Player_BP_C_0] false
[2025.12.02-10.14.28:906][ 97]LogBlueprintUserMessages: [Player_BP_C_0] false
[2025.12.02-10.14.28:923][ 98]LogBlueprintUserMessages: [Player_BP_C_0] false
[2025.12.02-10.14.28:940][ 99]LogBlueprintUserMessages: [Player_BP_C_0] false
[2025.12.02-10.14.28:956][100]LogBlueprintUserMessages: [Player_BP_C_0] false
[2025.12.02-10.14.28:972][101]LogBlueprintUserMessages: [Player_BP_C_0] false
[2025.12.02-10.14.28:989][102]LogBlueprintUserMessages: [Player_BP_C_0] false
[2025.12.02-10.14.29:006][103]LogBlueprintUserMessages: [Player_BP_C_0] false
[2025.12.02-10.14.29:023][104]LogBlueprintUserMessages: [Player_BP_C_0] false
[2025.12.02-10.14.29:039][105]LogBlueprintUserMessages: [Player_BP_C_0] false
[2025.12.02-10.14.29:056][106]LogBlueprintUserMessages: [Player_BP_C_0] false
[2025.12.02-10.14.29:073][107]LogBlueprintUserMessages: [Player_BP_C_0] false
[2025.12.02-10.14.29:090][108]LogBlueprintUserMessages: [Player_BP_C_0] false
[2025.12.02-10.14.29:107][109]LogBlueprintUserMessages: [Player_BP_C_0] false
[2025.12.02-10.14.29:123][110]LogBlueprintUserMessages: [Player_BP_C_0] false
[2025.12.02-10.14.29:139][111]LogBlueprintUserMessages: [Player_BP_C_0] false
[2025.12.02-10.14.29:156][112]LogBlueprintUserMessages: [Player_BP_C_0] false
[2025.12.02-10.14.29:173][113]LogBlueprintUserMessages: [Player_BP_C_0] false
[2025.12.02-10.14.29:189][114]LogBlueprintUserMessages: [Player_BP_C_0] false
[2025.12.02-10.14.29:206][115]LogBlueprintUserMessages: [Player_BP_C_0] false
[2025.12.02-10.14.29:221][116]LogBlueprintUserMessages: [Player_BP_C_0] false
[2025.12.02-10.14.29:239][117]LogBlueprintUserMessages: [Player_BP_C_0] false
[2025.12.02-10.14.29:256][118]LogBlueprintUserMessages: [Player_BP_C_0] false
[2025.12.02-10.14.29:273][119]LogBlueprintUserMessages: [Player_BP_C_0] false
[2025.12.02-10.14.29:289][120]LogBlueprintUserMessages: [Player_BP_C_0] false
[2025.12.02-10.14.29:306][121]LogBlueprintUserMessages: [Player_BP_C_0] false
[2025.12.02-10.14.29:323][122]LogBlueprintUserMessages: [Player_BP_C_0] false
[2025.12.02-10.14.29:339][123]LogBlueprintUserMessages: [Player_BP_C_0] false
[2025.12.02-10.14.29:356][124]LogBlueprintUserMessages: [Player_BP_C_0] false
[2025.12.02-10.14.29:372][125]LogBlueprintUserMessages: [Player_BP_C_0] false
[2025.12.02-10.14.29:389][126]LogBlueprintUserMessages: [Player_BP_C_0] false
[2025.12.02-10.14.29:406][127]LogBlueprintUserMessages: [Player_BP_C_0] false
[2025.12.02-10.14.29:423][128]LogBlueprintUserMessages: [Player_BP_C_0] false
[2025.12.02-10.14.29:440][129]LogBlueprintUserMessages: [Player_BP_C_0] false
[2025.12.02-10.14.29:456][130]LogBlueprintUserMessages: [Player_BP_C_0] false
[2025.12.02-10.14.29:473][131]LogBlueprintUserMessages: [Player_BP_C_0] false
[2025.12.02-10.14.29:489][132]LogBlueprintUserMessages: [Player_BP_C_0] false
[2025.12.02-10.14.29:507][133]LogBlueprintUserMessages: [Player_BP_C_0] false
[2025.12.02-10.14.29:523][134]LogBlueprintUserMessages: [Player_BP_C_0] false
[2025.12.02-10.14.29:539][135]LogBlueprintUserMessages: [Player_BP_C_0] false
[2025.12.02-10.14.29:556][136]LogBlueprintUserMessages: [Player_BP_C_0] false
[2025.12.02-10.14.29:573][137]LogBlueprintUserMessages: [Player_BP_C_0] false
[2025.12.02-10.14.29:589][138]LogBlueprintUserMessages: [Player_BP_C_0] false
[2025.12.02-10.14.29:606][139]LogBlueprintUserMessages: [Player_BP_C_0] false
[2025.12.02-10.14.29:623][140]LogBlueprintUserMessages: [Player_BP_C_0] false
[2025.12.02-10.14.29:639][141]LogBlueprintUserMessages: [Player_BP_C_0] false
[2025.12.02-10.14.29:656][142]LogBlueprintUserMessages: [Player_BP_C_0] false
[2025.12.02-10.14.29:673][143]LogBlueprintUserMessages: [Player_BP_C_0] false
[2025.12.02-10.14.29:689][144]LogBlueprintUserMessages: [Player_BP_C_0] false
[2025.12.02-10.14.29:707][145]LogBlueprintUserMessages: [Player_BP_C_0] false
[2025.12.02-10.14.29:723][146]LogBlueprintUserMessages: [Player_BP_C_0] false
[2025.12.02-10.14.29:739][147]LogBlueprintUserMessages: [Player_BP_C_0] false
[2025.12.02-10.14.29:756][148]LogBlueprintUserMessages: [Player_BP_C_0] false
[2025.12.02-10.14.29:773][149]LogBlueprintUserMessages: [Player_BP_C_0] false
[2025.12.02-10.14.29:790][150]LogBlueprintUserMessages: [Player_BP_C_0] false
[2025.12.02-10.14.29:806][151]LogBlueprintUserMessages: [Player_BP_C_0] false
[2025.12.02-10.14.29:823][152]LogBlueprintUserMessages: [Player_BP_C_0] false
[2025.12.02-10.14.29:839][153]LogBlueprintUserMessages: [Player_BP_C_0] false
[2025.12.02-10.14.29:856][154]LogBlueprintUserMessages: [Player_BP_C_0] false
[2025.12.02-10.14.29:873][155]LogBlueprintUserMessages: [Player_BP_C_0] false
[2025.12.02-10.14.29:889][156]LogBlueprintUserMessages: [Player_BP_C_0] false
[2025.12.02-10.14.29:906][157]LogBlueprintUserMessages: [Player_BP_C_0] false
[2025.12.02-10.14.29:923][158]LogBlueprintUserMessages: [Player_BP_C_0] false
[2025.12.02-10.14.29:939][159]LogBlueprintUserMessages: [Player_BP_C_0] false
[2025.12.02-10.14.29:956][160]LogBlueprintUserMessages: [Player_BP_C_0] false
[2025.12.02-10.14.29:973][161]LogBlueprintUserMessages: [Player_BP_C_0] false
[2025.12.02-10.14.29:989][162]LogBlueprintUserMessages: [Player_BP_C_0] false
[2025.12.02-10.14.30:006][163]LogBlueprintUserMessages: [Player_BP_C_0] false
[2025.12.02-10.14.30:023][164]LogBlueprintUserMessages: [Player_BP_C_0] false
[2025.12.02-10.14.30:040][165]LogBlueprintUserMessages: [Player_BP_C_0] false
[2025.12.02-10.14.30:056][166]LogBlueprintUserMessages: [Player_BP_C_0] false
[2025.12.02-10.14.30:074][167]LogBlueprintUserMessages: [Player_BP_C_0] false
[2025.12.02-10.14.30:089][168]LogBlueprintUserMessages: [Player_BP_C_0] false
[2025.12.02-10.14.30:106][169]LogBlueprintUserMessages: [Player_BP_C_0] false
[2025.12.02-10.14.30:123][170]LogBlueprintUserMessages: [Player_BP_C_0] false
[2025.12.02-10.14.30:140][171]LogBlueprintUserMessages: [Player_BP_C_0] false
[2025.12.02-10.14.30:156][172]LogBlueprintUserMessages: [Player_BP_C_0] false
[2025.12.02-10.14.30:173][173]LogBlueprintUserMessages: [Player_BP_C_0] false
[2025.12.02-10.14.30:189][174]LogBlueprintUserMessages: [Player_BP_C_0] false
[2025.12.02-10.14.30:206][175]LogBlueprintUserMessages: [Player_BP_C_0] false
[2025.12.02-10.14.30:223][176]LogBlueprintUserMessages: [Player_BP_C_0] false
[2025.12.02-10.14.30:240][177]LogBlueprintUserMessages: [Player_BP_C_0] false
[2025.12.02-10.14.30:256][178]LogBlueprintUserMessages: [Player_BP_C_0] false
[2025.12.02-10.14.30:273][179]LogBlueprintUserMessages: [Player_BP_C_0] false
[2025.12.02-10.14.30:290][180]LogBlueprintUserMessages: [Player_BP_C_0] false
[2025.12.02-10.14.30:306][181]LogBlueprintUserMessages: [Player_BP_C_0] false
[2025.12.02-10.14.30:323][182]LogBlueprintUserMessages: [Player_BP_C_0] false
[2025.12.02-10.14.30:340][183]LogBlueprintUserMessages: [Player_BP_C_0] false
[2025.12.02-10.14.30:356][184]LogBlueprintUserMessages: [Player_BP_C_0] false
[2025.12.02-10.14.30:373][185]LogBlueprintUserMessages: [Player_BP_C_0] false
[2025.12.02-10.14.30:389][186]LogBlueprintUserMessages: [Player_BP_C_0] false
[2025.12.02-10.14.30:406][187]LogBlueprintUserMessages: [Player_BP_C_0] false
[2025.12.02-10.14.30:423][188]LogBlueprintUserMessages: [Player_BP_C_0] false
[2025.12.02-10.14.30:440][189]LogBlueprintUserMessages: [Player_BP_C_0] false
[2025.12.02-10.14.30:456][190]LogBlueprintUserMessages: [Player_BP_C_0] false
[2025.12.02-10.14.30:473][191]LogBlueprintUserMessages: [Player_BP_C_0] false
[2025.12.02-10.14.30:489][192]LogBlueprintUserMessages: [Player_BP_C_0] false
[2025.12.02-10.14.30:506][193]LogBlueprintUserMessages: [Player_BP_C_0] false
[2025.12.02-10.14.30:523][194]LogBlueprintUserMessages: [Player_BP_C_0] false
[2025.12.02-10.14.30:539][195]LogBlueprintUserMessages: [Player_BP_C_0] false
[2025.12.02-10.14.30:556][196]LogBlueprintUserMessages: [Player_BP_C_0] false
[2025.12.02-10.14.30:573][197]LogBlueprintUserMessages: [Player_BP_C_0] false
[2025.12.02-10.14.30:589][198]LogBlueprintUserMessages: [Player_BP_C_0] false
[2025.12.02-10.14.30:606][199]LogBlueprintUserMessages: [Player_BP_C_0] false
[2025.12.02-10.14.30:623][200]LogBlueprintUserMessages: [Player_BP_C_0] false
[2025.12.02-10.14.30:639][201]LogBlueprintUserMessages: [Player_BP_C_0] false
[2025.12.02-10.14.30:656][202]LogBlueprintUserMessages: [Player_BP_C_0] false
[2025.12.02-10.14.30:673][203]LogBlueprintUserMessages: [Player_BP_C_0] false
[2025.12.02-10.14.30:689][204]LogBlueprintUserMessages: [Player_BP_C_0] false
[2025.12.02-10.14.30:706][205]LogBlueprintUserMessages: [Player_BP_C_0] false
[2025.12.02-10.14.30:723][206]LogBlueprintUserMessages: [Player_BP_C_0] false
[2025.12.02-10.14.30:739][207]LogBlueprintUserMessages: [Player_BP_C_0] false
[2025.12.02-10.14.30:756][208]LogBlueprintUserMessages: [Player_BP_C_0] false
[2025.12.02-10.14.30:773][209]LogBlueprintUserMessages: [Player_BP_C_0] false
[2025.12.02-10.14.30:789][210]LogBlueprintUserMessages: [Player_BP_C_0] false
[2025.12.02-10.14.30:806][211]LogBlueprintUserMessages: [Player_BP_C_0] false
[2025.12.02-10.14.30:823][212]LogBlueprintUserMessages: [Player_BP_C_0] false
[2025.12.02-10.14.30:840][213]LogBlueprintUserMessages: [Player_BP_C_0] false
[2025.12.02-10.14.30:856][214]LogBlueprintUserMessages: [Player_BP_C_0] false
[2025.12.02-10.14.30:873][215]LogBlueprintUserMessages: [Player_BP_C_0] false
[2025.12.02-10.14.30:889][216]LogBlueprintUserMessages: [Player_BP_C_0] false
[2025.12.02-10.14.30:905][217]LogBlueprintUserMessages: [Player_BP_C_0] false
[2025.12.02-10.14.30:923][218]LogBlueprintUserMessages: [Player_BP_C_0] false
[2025.12.02-10.14.30:939][219]LogBlueprintUserMessages: [Player_BP_C_0] false
[2025.12.02-10.14.30:956][220]LogBlueprintUserMessages: [Player_BP_C_0] false
[2025.12.02-10.14.30:973][221]LogBlueprintUserMessages: [Player_BP_C_0] false
[2025.12.02-10.14.30:989][222]LogBlueprintUserMessages: [Player_BP_C_0] false
[2025.12.02-10.14.31:006][223]LogBlueprintUserMessages: [Player_BP_C_0] false
[2025.12.02-10.14.31:023][224]LogBlueprintUserMessages: [Player_BP_C_0] false
[2025.12.02-10.14.31:040][225]LogBlueprintUserMessages: [Player_BP_C_0] false
[2025.12.02-10.14.31:055][226]LogBlueprintUserMessages: [Player_BP_C_0] false
[2025.12.02-10.14.31:073][227]LogBlueprintUserMessages: [Player_BP_C_0] false
[2025.12.02-10.14.31:090][228]LogBlueprintUserMessages: [Player_BP_C_0] false
[2025.12.02-10.14.31:105][229]LogBlueprintUserMessages: [Player_BP_C_0] false
[2025.12.02-10.14.31:123][230]LogBlueprintUserMessages: [Player_BP_C_0] false
[2025.12.02-10.14.31:139][231]LogBlueprintUserMessages: [Player_BP_C_0] false
[2025.12.02-10.14.31:156][232]LogBlueprintUserMessages: [Player_BP_C_0] false
[2025.12.02-10.14.31:173][233]LogBlueprintUserMessages: [Player_BP_C_0] false
[2025.12.02-10.14.31:189][234]LogBlueprintUserMessages: [Player_BP_C_0] false
[2025.12.02-10.14.31:205][235]LogBlueprintUserMessages: [Player_BP_C_0] false
[2025.12.02-10.14.31:222][236]LogBlueprintUserMessages: [Player_BP_C_0] false
[2025.12.02-10.14.31:239][237]LogBlueprintUserMessages: [Player_BP_C_0] false
[2025.12.02-10.14.31:256][238]LogBlueprintUserMessages: [Player_BP_C_0] false
[2025.12.02-10.14.31:273][239]LogBlueprintUserMessages: [Player_BP_C_0] false
[2025.12.02-10.14.31:290][240]LogBlueprintUserMessages: [Player_BP_C_0] false
[2025.12.02-10.14.31:306][241]LogBlueprintUserMessages: [Player_BP_C_0] false
[2025.12.02-10.14.31:323][242]LogBlueprintUserMessages: [Player_BP_C_0] false
[2025.12.02-10.14.31:339][243]LogBlueprintUserMessages: [Player_BP_C_0] false
[2025.12.02-10.14.31:356][244]LogBlueprintUserMessages: [Player_BP_C_0] false
[2025.12.02-10.14.31:372][245]LogBlueprintUserMessages: [Player_BP_C_0] false
[2025.12.02-10.14.31:389][246]LogBlueprintUserMessages: [Player_BP_C_0] false
[2025.12.02-10.14.31:406][247]LogBlueprintUserMessages: [Player_BP_C_0] false
[2025.12.02-10.14.31:423][248]LogBlueprintUserMessages: [Player_BP_C_0] false
[2025.12.02-10.14.31:439][249]LogBlueprintUserMessages: [Player_BP_C_0] false
[2025.12.02-10.14.31:456][250]LogBlueprintUserMessages: [Player_BP_C_0] false
[2025.12.02-10.14.31:473][251]LogBlueprintUserMessages: [Player_BP_C_0] false
[2025.12.02-10.14.31:490][252]LogBlueprintUserMessages: [Player_BP_C_0] false
[2025.12.02-10.14.31:505][253]LogBlueprintUserMessages: [Player_BP_C_0] false
[2025.12.02-10.14.31:523][254]LogBlueprintUserMessages: [Player_BP_C_0] false
[2025.12.02-10.14.31:540][255]LogBlueprintUserMessages: [Player_BP_C_0] false
[2025.12.02-10.14.31:556][256]LogBlueprintUserMessages: [Player_BP_C_0] false
[2025.12.02-10.14.31:573][257]LogBlueprintUserMessages: [Player_BP_C_0] false
[2025.12.02-10.14.31:589][258]LogBlueprintUserMessages: [Player_BP_C_0] false
[2025.12.02-10.14.31:606][259]LogBlueprintUserMessages: [Player_BP_C_0] false
[2025.12.02-10.14.31:623][260]LogBlueprintUserMessages: [Player_BP_C_0] false
[2025.12.02-10.14.31:640][261]LogBlueprintUserMessages: [Player_BP_C_0] false
[2025.12.02-10.14.31:656][262]LogBlueprintUserMessages: [Player_BP_C_0] false
[2025.12.02-10.14.31:672][263]LogBlueprintUserMessages: [Player_BP_C_0] false
[2025.12.02-10.14.31:689][264]LogBlueprintUserMessages: [Player_BP_C_0] false
[2025.12.02-10.14.31:705][265]LogBlueprintUserMessages: [Player_BP_C_0] false
[2025.12.02-10.14.31:723][266]LogBlueprintUserMessages: [Player_BP_C_0] false
[2025.12.02-10.14.31:740][267]LogBlueprintUserMessages: [Player_BP_C_0] false
[2025.12.02-10.14.31:756][268]LogBlueprintUserMessages: [Player_BP_C_0] false
[2025.12.02-10.14.31:773][269]LogBlueprintUserMessages: [Player_BP_C_0] false
[2025.12.02-10.14.31:790][270]LogBlueprintUserMessages: [Player_BP_C_0] false
[2025.12.02-10.14.31:805][271]LogBlueprintUserMessages: [Player_BP_C_0] false
[2025.12.02-10.14.31:823][272]LogBlueprintUserMessages: [Player_BP_C_0] false
[2025.12.02-10.14.31:839][273]LogBlueprintUserMessages: [Player_BP_C_0] false
[2025.12.02-10.14.31:856][274]LogBlueprintUserMessages: [Player_BP_C_0] false
[2025.12.02-10.14.31:874][275]LogBlueprintUserMessages: [Player_BP_C_0] false
[2025.12.02-10.14.31:889][276]LogBlueprintUserMessages: [Player_BP_C_0] false
[2025.12.02-10.14.31:906][277]LogBlueprintUserMessages: [Player_BP_C_0] false
[2025.12.02-10.14.31:923][278]LogBlueprintUserMessages: [Player_BP_C_0] false
[2025.12.02-10.14.31:939][279]LogBlueprintUserMessages: [Player_BP_C_0] false
[2025.12.02-10.14.31:956][280]LogBlueprintUserMessages: [Player_BP_C_0] false
[2025.12.02-10.14.31:973][281]LogBlueprintUserMessages: [Player_BP_C_0] false
[2025.12.02-10.14.31:989][282]LogBlueprintUserMessages: [Player_BP_C_0] false
[2025.12.02-10.14.32:006][283]LogBlueprintUserMessages: [Player_BP_C_0] false
[2025.12.02-10.14.32:023][284]LogBlueprintUserMessages: [Player_BP_C_0] false
[2025.12.02-10.14.32:039][285]LogBlueprintUserMessages: [Player_BP_C_0] false
[2025.12.02-10.14.32:056][286]LogBlueprintUserMessages: [Player_BP_C_0] false
[2025.12.02-10.14.32:073][287]LogBlueprintUserMessages: [Player_BP_C_0] false
[2025.12.02-10.14.32:089][288]LogBlueprintUserMessages: [Player_BP_C_0] false
[2025.12.02-10.14.32:106][289]LogBlueprintUserMessages: [Player_BP_C_0] false
[2025.12.02-10.14.32:123][290]LogBlueprintUserMessages: [Player_BP_C_0] false
[2025.12.02-10.14.32:139][291]LogBlueprintUserMessages: [Player_BP_C_0] false
[2025.12.02-10.14.32:156][292]LogBlueprintUserMessages: [Player_BP_C_0] false
[2025.12.02-10.14.32:173][293]LogBlueprintUserMessages: [Player_BP_C_0] false
[2025.12.02-10.14.32:190][294]LogBlueprintUserMessages: [Player_BP_C_0] false
[2025.12.02-10.14.32:206][295]LogBlueprintUserMessages: [Player_BP_C_0] false
[2025.12.02-10.14.32:223][296]LogBlueprintUserMessages: [Player_BP_C_0] false
[2025.12.02-10.14.32:239][297]LogBlueprintUserMessages: [Player_BP_C_0] false
[2025.12.02-10.14.32:256][298]LogBlueprintUserMessages: [Player_BP_C_0] false
[2025.12.02-10.14.32:273][299]LogBlueprintUserMessages: [Player_BP_C_0] false
[2025.12.02-10.14.32:290][300]LogBlueprintUserMessages: [Player_BP_C_0] false
[2025.12.02-10.14.32:306][301]LogBlueprintUserMessages: [Player_BP_C_0] false
[2025.12.02-10.14.32:323][302]LogBlueprintUserMessages: [Player_BP_C_0] false
[2025.12.02-10.14.32:339][303]LogBlueprintUserMessages: [Player_BP_C_0] false
[2025.12.02-10.14.32:356][304]LogBlueprintUserMessages: [Player_BP_C_0] false
[2025.12.02-10.14.32:373][305]LogBlueprintUserMessages: [Player_BP_C_0] false
[2025.12.02-10.14.32:389][306]LogBlueprintUserMessages: [Player_BP_C_0] false
[2025.12.02-10.14.32:406][307]LogBlueprintUserMessages: [Player_BP_C_0] false
[2025.12.02-10.14.32:423][308]LogBlueprintUserMessages: [Player_BP_C_0] false
[2025.12.02-10.14.32:439][309]LogBlueprintUserMessages: [Player_BP_C_0] false
[2025.12.02-10.14.32:456][310]LogBlueprintUserMessages: [Player_BP_C_0] false
[2025.12.02-10.14.32:473][311]LogBlueprintUserMessages: [Player_BP_C_0] false
[2025.12.02-10.14.32:489][312]LogBlueprintUserMessages: [Player_BP_C_0] false
[2025.12.02-10.14.32:506][313]LogBlueprintUserMessages: [Player_BP_C_0] false
[2025.12.02-10.14.32:523][314]LogBlueprintUserMessages: [Player_BP_C_0] false
[2025.12.02-10.14.32:539][315]LogBlueprintUserMessages: [Player_BP_C_0] false
[2025.12.02-10.14.32:556][316]LogBlueprintUserMessages: [Player_BP_C_0] false
[2025.12.02-10.14.32:573][317]LogBlueprintUserMessages: [Player_BP_C_0] false
[2025.12.02-10.14.32:589][318]LogBlueprintUserMessages: [Player_BP_C_0] false
[2025.12.02-10.14.32:605][319]LogBlueprintUserMessages: [Player_BP_C_0] false
[2025.12.02-10.14.32:623][320]LogBlueprintUserMessages: [Player_BP_C_0] false
[2025.12.02-10.14.32:640][321]LogBlueprintUserMessages: [Player_BP_C_0] false
[2025.12.02-10.14.32:656][322]LogBlueprintUserMessages: [Player_BP_C_0] false
[2025.12.02-10.14.32:673][323]LogBlueprintUserMessages: [Player_BP_C_0] false
[2025.12.02-10.14.32:690][324]LogBlueprintUserMessages: [Player_BP_C_0] false
[2025.12.02-10.14.32:705][325]LogBlueprintUserMessages: [Player_BP_C_0] false
[2025.12.02-10.14.32:723][326]LogBlueprintUserMessages: [Player_BP_C_0] false
[2025.12.02-10.14.32:739][327]LogBlueprintUserMessages: [Player_BP_C_0] false
[2025.12.02-10.14.32:756][328]LogBlueprintUserMessages: [Player_BP_C_0] false
[2025.12.02-10.14.32:773][329]LogBlueprintUserMessages: [Player_BP_C_0] false
[2025.12.02-10.14.32:789][330]LogBlueprintUserMessages: [Player_BP_C_0] false
[2025.12.02-10.14.32:806][331]LogBlueprintUserMessages: [Player_BP_C_0] false
[2025.12.02-10.14.32:823][332]LogBlueprintUserMessages: [Player_BP_C_0] false
[2025.12.02-10.14.32:839][333]LogBlueprintUserMessages: [Player_BP_C_0] false
[2025.12.02-10.14.32:856][334]LogBlueprintUserMessages: [Player_BP_C_0] false
[2025.12.02-10.14.32:873][335]LogBlueprintUserMessages: [Player_BP_C_0] false
[2025.12.02-10.14.32:890][336]LogBlueprintUserMessages: [Player_BP_C_0] false
[2025.12.02-10.14.32:906][337]LogBlueprintUserMessages: [Player_BP_C_0] false
[2025.12.02-10.14.32:923][338]LogBlueprintUserMessages: [Player_BP_C_0] false
[2025.12.02-10.14.32:939][339]LogBlueprintUserMessages: [Player_BP_C_0] false
[2025.12.02-10.14.32:956][340]LogBlueprintUserMessages: [Player_BP_C_0] false
[2025.12.02-10.14.32:973][341]LogBlueprintUserMessages: [Player_BP_C_0] false
[2025.12.02-10.14.32:989][342]LogBlueprintUserMessages: [Player_BP_C_0] false
[2025.12.02-10.14.33:006][343]LogBlueprintUserMessages: [Player_BP_C_0] false
[2025.12.02-10.14.33:023][344]LogBlueprintUserMessages: [Player_BP_C_0] false
[2025.12.02-10.14.33:040][345]LogBlueprintUserMessages: [Player_BP_C_0] false
[2025.12.02-10.14.33:056][346]LogBlueprintUserMessages: [Player_BP_C_0] false
[2025.12.02-10.14.33:072][347]LogBlueprintUserMessages: [Player_BP_C_0] false
[2025.12.02-10.14.33:089][348]LogBlueprintUserMessages: [Player_BP_C_0] false
[2025.12.02-10.14.33:106][349]LogBlueprintUserMessages: [Player_BP_C_0] false
[2025.12.02-10.14.33:123][350]LogBlueprintUserMessages: [Player_BP_C_0] false
[2025.12.02-10.14.33:140][351]LogBlueprintUserMessages: [Player_BP_C_0] false
[2025.12.02-10.14.33:156][352]LogBlueprintUserMessages: [Player_BP_C_0] false
[2025.12.02-10.14.33:172][353]LogBlueprintUserMessages: [Player_BP_C_0] false
[2025.12.02-10.14.33:190][354]LogBlueprintUserMessages: [Player_BP_C_0] false
[2025.12.02-10.14.33:206][355]LogBlueprintUserMessages: [Player_BP_C_0] false
[2025.12.02-10.14.33:223][356]LogBlueprintUserMessages: [Player_BP_C_0] false
[2025.12.02-10.14.33:239][357]LogBlueprintUserMessages: [Player_BP_C_0] false
[2025.12.02-10.14.33:256][358]LogBlueprintUserMessages: [Player_BP_C_0] false
[2025.12.02-10.14.33:272][359]LogBlueprintUserMessages: [Player_BP_C_0] false
[2025.12.02-10.14.33:289][360]LogBlueprintUserMessages: [Player_BP_C_0] false
[2025.12.02-10.14.33:306][361]LogBlueprintUserMessages: [Player_BP_C_0] false
[2025.12.02-10.14.33:323][362]LogBlueprintUserMessages: [Player_BP_C_0] false
[2025.12.02-10.14.33:339][363]LogBlueprintUserMessages: [Player_BP_C_0] false
[2025.12.02-10.14.33:355][364]LogBlueprintUserMessages: [Player_BP_C_0] false
[2025.12.02-10.14.33:373][365]LogBlueprintUserMessages: [Player_BP_C_0] false
[2025.12.02-10.14.33:390][366]LogBlueprintUserMessages: [Player_BP_C_0] false
[2025.12.02-10.14.33:406][367]LogBlueprintUserMessages: [Player_BP_C_0] false
[2025.12.02-10.14.33:423][368]LogBlueprintUserMessages: [Player_BP_C_0] false
[2025.12.02-10.14.33:439][369]LogBlueprintUserMessages: [Player_BP_C_0] false
[2025.12.02-10.14.33:456][370]LogBlueprintUserMessages: [Player_BP_C_0] false
[2025.12.02-10.14.33:473][371]LogBlueprintUserMessages: [Player_BP_C_0] false
[2025.12.02-10.14.33:489][372]LogBlueprintUserMessages: [Player_BP_C_0] false
[2025.12.02-10.14.33:506][373]LogBlueprintUserMessages: [Player_BP_C_0] false
[2025.12.02-10.14.33:524][374]LogBlueprintUserMessages: [Player_BP_C_0] false
[2025.12.02-10.14.33:540][375]LogBlueprintUserMessages: [Player_BP_C_0] false
[2025.12.02-10.14.33:556][376]LogBlueprintUserMessages: [Player_BP_C_0] false
[2025.12.02-10.14.33:573][377]LogBlueprintUserMessages: [Player_BP_C_0] false
[2025.12.02-10.14.33:590][378]LogBlueprintUserMessages: [Player_BP_C_0] false
[2025.12.02-10.14.33:606][379]LogBlueprintUserMessages: [Player_BP_C_0] false
[2025.12.02-10.14.33:623][380]LogBlueprintUserMessages: [Player_BP_C_0] false
[2025.12.02-10.14.33:639][381]LogBlueprintUserMessages: [Player_BP_C_0] false
[2025.12.02-10.14.33:656][382]LogBlueprintUserMessages: [Player_BP_C_0] false
[2025.12.02-10.14.33:673][383]LogBlueprintUserMessages: [Player_BP_C_0] false
[2025.12.02-10.14.33:689][384]LogBlueprintUserMessages: [Player_BP_C_0] false
[2025.12.02-10.14.33:705][385]LogBlueprintUserMessages: [Player_BP_C_0] false
[2025.12.02-10.14.33:722][386]LogBlueprintUserMessages: [Player_BP_C_0] false
[2025.12.02-10.14.33:740][387]LogBlueprintUserMessages: [Player_BP_C_0] false
[2025.12.02-10.14.33:756][388]LogBlueprintUserMessages: [Player_BP_C_0] false
[2025.12.02-10.14.33:773][389]LogBlueprintUserMessages: [Player_BP_C_0] false
[2025.12.02-10.14.33:789][390]LogBlueprintUserMessages: [Player_BP_C_0] false
[2025.12.02-10.14.33:806][391]LogBlueprintUserMessages: [Player_BP_C_0] false
[2025.12.02-10.14.33:822][392]LogBlueprintUserMessages: [Player_BP_C_0] false
[2025.12.02-10.14.33:839][393]LogBlueprintUserMessages: [Player_BP_C_0] false
[2025.12.02-10.14.33:856][394]LogBlueprintUserMessages: [Player_BP_C_0] false
[2025.12.02-10.14.33:873][395]LogBlueprintUserMessages: [Player_BP_C_0] false
[2025.12.02-10.14.33:889][396]LogBlueprintUserMessages: [Player_BP_C_0] false
[2025.12.02-10.14.33:906][397]LogBlueprintUserMessages: [Player_BP_C_0] false
[2025.12.02-10.14.33:923][398]LogBlueprintUserMessages: [Player_BP_C_0] false
[2025.12.02-10.14.33:940][399]LogBlueprintUserMessages: [Player_BP_C_0] false
[2025.12.02-10.14.33:955][400]LogBlueprintUserMessages: [Player_BP_C_0] false
[2025.12.02-10.14.33:973][401]LogBlueprintUserMessages: [Player_BP_C_0] false
[2025.12.02-10.14.33:989][402]LogBlueprintUserMessages: [Player_BP_C_0] false
[2025.12.02-10.14.34:006][403]LogBlueprintUserMessages: [Player_BP_C_0] false
[2025.12.02-10.14.34:023][404]LogBlueprintUserMessages: [Player_BP_C_0] false
[2025.12.02-10.14.34:039][405]LogBlueprintUserMessages: [Player_BP_C_0] false
[2025.12.02-10.14.34:056][406]LogBlueprintUserMessages: [Player_BP_C_0] false
[2025.12.02-10.14.34:073][407]LogBlueprintUserMessages: [Player_BP_C_0] false
[2025.12.02-10.14.34:089][408]LogBlueprintUserMessages: [Player_BP_C_0] false
[2025.12.02-10.14.34:106][409]LogBlueprintUserMessages: [Player_BP_C_0] false
[2025.12.02-10.14.34:123][410]LogBlueprintUserMessages: [Player_BP_C_0] false
[2025.12.02-10.14.34:140][411]LogBlueprintUserMessages: [Player_BP_C_0] false
[2025.12.02-10.14.34:156][412]LogBlueprintUserMessages: [Player_BP_C_0] false
[2025.12.02-10.14.34:173][413]LogBlueprintUserMessages: [Player_BP_C_0] false
[2025.12.02-10.14.34:189][414]LogBlueprintUserMessages: [Player_BP_C_0] false
[2025.12.02-10.14.34:206][415]LogBlueprintUserMessages: [Player_BP_C_0] false
[2025.12.02-10.14.34:223][416]LogBlueprintUserMessages: [Player_BP_C_0] false
[2025.12.02-10.14.34:240][417]LogBlueprintUserMessages: [Player_BP_C_0] false
[2025.12.02-10.14.34:256][418]LogBlueprintUserMessages: [Player_BP_C_0] false
[2025.12.02-10.14.34:273][419]LogBlueprintUserMessages: [Player_BP_C_0] false
[2025.12.02-10.14.34:290][420]LogBlueprintUserMessages: [Player_BP_C_0] false
[2025.12.02-10.14.34:306][421]LogBlueprintUserMessages: [Player_BP_C_0] false
[2025.12.02-10.14.34:323][422]LogBlueprintUserMessages: [Player_BP_C_0] false
[2025.12.02-10.14.34:340][423]LogBlueprintUserMessages: [Player_BP_C_0] false
[2025.12.02-10.14.34:356][424]LogBlueprintUserMessages: [Player_BP_C_0] false
[2025.12.02-10.14.34:373][425]LogBlueprintUserMessages: [Player_BP_C_0] false
[2025.12.02-10.14.34:389][426]LogBlueprintUserMessages: [Player_BP_C_0] false
[2025.12.02-10.14.34:406][427]LogBlueprintUserMessages: [Player_BP_C_0] false
[2025.12.02-10.14.34:423][428]LogBlueprintUserMessages: [Player_BP_C_0] false
[2025.12.02-10.14.34:439][429]LogBlueprintUserMessages: [Player_BP_C_0] false
[2025.12.02-10.14.34:456][430]LogBlueprintUserMessages: [Player_BP_C_0] false
[2025.12.02-10.14.34:473][431]LogBlueprintUserMessages: [Player_BP_C_0] false
[2025.12.02-10.14.34:489][432]LogBlueprintUserMessages: [Player_BP_C_0] false
[2025.12.02-10.14.34:506][433]LogBlueprintUserMessages: [Player_BP_C_0] false
[2025.12.02-10.14.34:523][434]LogBlueprintUserMessages: [Player_BP_C_0] false
[2025.12.02-10.14.34:540][435]LogBlueprintUserMessages: [Player_BP_C_0] false
[2025.12.02-10.14.34:556][436]LogBlueprintUserMessages: [Player_BP_C_0] false
[2025.12.02-10.14.34:573][437]LogBlueprintUserMessages: [Player_BP_C_0] false
[2025.12.02-10.14.34:589][438]LogBlueprintUserMessages: [Player_BP_C_0] false
[2025.12.02-10.14.34:605][439]LogBlueprintUserMessages: [Player_BP_C_0] false
[2025.12.02-10.14.34:623][440]LogBlueprintUserMessages: [Player_BP_C_0] false
[2025.12.02-10.14.34:639][441]LogBlueprintUserMessages: [Player_BP_C_0] false
[2025.12.02-10.14.34:656][442]LogBlueprintUserMessages: [Player_BP_C_0] false
[2025.12.02-10.14.34:673][443]LogBlueprintUserMessages: [Player_BP_C_0] false
[2025.12.02-10.14.34:689][444]LogBlueprintUserMessages: [Player_BP_C_0] false
[2025.12.02-10.14.34:706][445]LogBlueprintUserMessages: [Player_BP_C_0] false
[2025.12.02-10.14.34:723][446]LogBlueprintUserMessages: [Player_BP_C_0] false
[2025.12.02-10.14.34:739][447]LogBlueprintUserMessages: [Player_BP_C_0] false
[2025.12.02-10.14.34:756][448]LogBlueprintUserMessages: [Player_BP_C_0] false
[2025.12.02-10.14.34:773][449]LogBlueprintUserMessages: [Player_BP_C_0] false
[2025.12.02-10.14.34:789][450]LogBlueprintUserMessages: [Player_BP_C_0] false
[2025.12.02-10.14.34:805][451]LogBlueprintUserMessages: [Player_BP_C_0] false
[2025.12.02-10.14.34:823][452]LogBlueprintUserMessages: [Player_BP_C_0] false
[2025.12.02-10.14.34:839][453]LogBlueprintUserMessages: [Player_BP_C_0] false
[2025.12.02-10.14.34:855][454]LogBlueprintUserMessages: [Player_BP_C_0] false
[2025.12.02-10.14.34:873][455]LogBlueprintUserMessages: [Player_BP_C_0] false
[2025.12.02-10.14.34:889][456]LogBlueprintUserMessages: [Player_BP_C_0] false
[2025.12.02-10.14.34:906][457]LogBlueprintUserMessages: [Player_BP_C_0] false
[2025.12.02-10.14.34:923][458]LogBlueprintUserMessages: [Player_BP_C_0] false
[2025.12.02-10.14.34:939][459]LogBlueprintUserMessages: [Player_BP_C_0] false
[2025.12.02-10.14.34:956][460]LogBlueprintUserMessages: [Player_BP_C_0] false
[2025.12.02-10.14.34:971][461]LogBlueprintUserMessages: [Player_BP_C_0] false
[2025.12.02-10.14.34:989][462]LogBlueprintUserMessages: [Player_BP_C_0] false
[2025.12.02-10.14.35:006][463]LogBlueprintUserMessages: [Player_BP_C_0] false
[2025.12.02-10.14.35:022][464]LogBlueprintUserMessages: [Player_BP_C_0] false
[2025.12.02-10.14.35:039][465]LogBlueprintUserMessages: [Player_BP_C_0] false
[2025.12.02-10.14.35:056][466]LogBlueprintUserMessages: [Player_BP_C_0] false
[2025.12.02-10.14.35:073][467]LogBlueprintUserMessages: [Player_BP_C_0] false
[2025.12.02-10.14.35:089][468]LogBlueprintUserMessages: [Player_BP_C_0] false
[2025.12.02-10.14.35:106][469]LogBlueprintUserMessages: [Player_BP_C_0] false
[2025.12.02-10.14.35:123][470]LogBlueprintUserMessages: [Player_BP_C_0] false
[2025.12.02-10.14.35:139][471]LogBlueprintUserMessages: [Player_BP_C_0] false
[2025.12.02-10.14.35:156][472]LogBlueprintUserMessages: [Player_BP_C_0] false
[2025.12.02-10.14.35:173][473]LogBlueprintUserMessages: [Player_BP_C_0] false
[2025.12.02-10.14.35:190][474]LogBlueprintUserMessages: [Player_BP_C_0] false
[2025.12.02-10.14.35:206][475]LogBlueprintUserMessages: [Player_BP_C_0] false
[2025.12.02-10.14.35:223][476]LogBlueprintUserMessages: [Player_BP_C_0] false
[2025.12.02-10.14.35:239][477]LogBlueprintUserMessages: [Player_BP_C_0] false
[2025.12.02-10.14.35:256][478]LogBlueprintUserMessages: [Player_BP_C_0] false
[2025.12.02-10.14.35:273][479]LogBlueprintUserMessages: [Player_BP_C_0] false
[2025.12.02-10.14.35:289][480]LogBlueprintUserMessages: [Player_BP_C_0] false
[2025.12.02-10.14.35:306][481]LogBlueprintUserMessages: [Player_BP_C_0] false
[2025.12.02-10.14.35:322][482]LogBlueprintUserMessages: [Player_BP_C_0] false
[2025.12.02-10.14.35:340][483]LogBlueprintUserMessages: [Player_BP_C_0] false
[2025.12.02-10.14.35:356][484]LogBlueprintUserMessages: [Player_BP_C_0] false
[2025.12.02-10.14.35:371][485]LogBlueprintUserMessages: [Player_BP_C_0] false
[2025.12.02-10.14.35:389][486]LogBlueprintUserMessages: [Player_BP_C_0] false
[2025.12.02-10.14.35:406][487]LogBlueprintUserMessages: [Player_BP_C_0] false
[2025.12.02-10.14.35:423][488]LogBlueprintUserMessages: [Player_BP_C_0] false
[2025.12.02-10.14.35:439][489]LogBlueprintUserMessages: [Player_BP_C_0] false
[2025.12.02-10.14.35:456][490]LogBlueprintUserMessages: [Player_BP_C_0] false
[2025.12.02-10.14.35:473][491]LogBlueprintUserMessages: [Player_BP_C_0] false
[2025.12.02-10.14.35:488][492]LogBlueprintUserMessages: [Player_BP_C_0] false
[2025.12.02-10.14.35:506][493]LogBlueprintUserMessages: [Player_BP_C_0] false
[2025.12.02-10.14.35:523][494]LogBlueprintUserMessages: [Player_BP_C_0] false
[2025.12.02-10.14.35:539][495]LogBlueprintUserMessages: [Player_BP_C_0] false
[2025.12.02-10.14.35:556][496]LogBlueprintUserMessages: [Player_BP_C_0] false
[2025.12.02-10.14.35:573][497]LogBlueprintUserMessages: [Player_BP_C_0] false
[2025.12.02-10.14.35:589][498]LogBlueprintUserMessages: [Player_BP_C_0] false
[2025.12.02-10.14.35:606][499]LogBlueprintUserMessages: [Player_BP_C_0] false
[2025.12.02-10.14.35:623][500]LogBlueprintUserMessages: [Player_BP_C_0] false
[2025.12.02-10.14.35:639][501]LogBlueprintUserMessages: [Player_BP_C_0] false
[2025.12.02-10.14.35:656][502]LogBlueprintUserMessages: [Player_BP_C_0] false
[2025.12.02-10.14.35:673][503]LogBlueprintUserMessages: [Player_BP_C_0] false
[2025.12.02-10.14.35:690][504]LogBlueprintUserMessages: [Player_BP_C_0] false
[2025.12.02-10.14.35:706][505]LogBlueprintUserMessages: [Player_BP_C_0] false
[2025.12.02-10.14.35:723][506]LogBlueprintUserMessages: [Player_BP_C_0] false
[2025.12.02-10.14.35:739][507]LogBlueprintUserMessages: [Player_BP_C_0] false
[2025.12.02-10.14.35:756][508]LogBlueprintUserMessages: [Player_BP_C_0] false
[2025.12.02-10.14.35:773][509]LogBlueprintUserMessages: [Player_BP_C_0] false
[2025.12.02-10.14.35:789][510]LogBlueprintUserMessages: [Player_BP_C_0] false
[2025.12.02-10.14.35:806][511]LogBlueprintUserMessages: [Player_BP_C_0] false
[2025.12.02-10.14.35:823][512]LogBlueprintUserMessages: [Player_BP_C_0] false
[2025.12.02-10.14.35:839][513]LogBlueprintUserMessages: [Player_BP_C_0] false
[2025.12.02-10.14.35:856][514]LogBlueprintUserMessages: [Player_BP_C_0] false
[2025.12.02-10.14.35:873][515]LogBlueprintUserMessages: [Player_BP_C_0] false
[2025.12.02-10.14.35:890][516]LogBlueprintUserMessages: [Player_BP_C_0] false
[2025.12.02-10.14.35:906][517]LogBlueprintUserMessages: [Player_BP_C_0] false
[2025.12.02-10.14.35:923][518]LogBlueprintUserMessages: [Player_BP_C_0] false
[2025.12.02-10.14.35:939][519]LogBlueprintUserMessages: [Player_BP_C_0] false
[2025.12.02-10.14.35:956][520]LogBlueprintUserMessages: [Player_BP_C_0] false
[2025.12.02-10.14.35:973][521]LogBlueprintUserMessages: [Player_BP_C_0] false
[2025.12.02-10.14.35:989][522]LogBlueprintUserMessages: [Player_BP_C_0] false
[2025.12.02-10.14.36:006][523]LogBlueprintUserMessages: [Player_BP_C_0] false
[2025.12.02-10.14.36:023][524]LogBlueprintUserMessages: [Player_BP_C_0] false
[2025.12.02-10.14.36:039][525]LogBlueprintUserMessages: [Player_BP_C_0] false
[2025.12.02-10.14.36:056][526]LogBlueprintUserMessages: [Player_BP_C_0] false
[2025.12.02-10.14.36:073][527]LogBlueprintUserMessages: [Player_BP_C_0] false
[2025.12.02-10.14.36:090][528]LogBlueprintUserMessages: [Player_BP_C_0] false
[2025.12.02-10.14.36:106][529]LogBlueprintUserMessages: [Player_BP_C_0] false
[2025.12.02-10.14.36:123][530]LogBlueprintUserMessages: [Player_BP_C_0] false
[2025.12.02-10.14.36:140][531]LogBlueprintUserMessages: [Player_BP_C_0] false
[2025.12.02-10.14.36:156][532]LogBlueprintUserMessages: [Player_BP_C_0] false
[2025.12.02-10.14.36:173][533]LogBlueprintUserMessages: [Player_BP_C_0] false
[2025.12.02-10.14.36:189][534]LogBlueprintUserMessages: [Player_BP_C_0] false
[2025.12.02-10.14.36:206][535]LogBlueprintUserMessages: [Player_BP_C_0] false
[2025.12.02-10.14.36:223][536]LogBlueprintUserMessages: [Player_BP_C_0] false
[2025.12.02-10.14.36:239][537]LogBlueprintUserMessages: [Player_BP_C_0] false
[2025.12.02-10.14.36:256][538]LogBlueprintUserMessages: [Player_BP_C_0] false
[2025.12.02-10.14.36:273][539]LogBlueprintUserMessages: [Player_BP_C_0] false
[2025.12.02-10.14.36:289][540]LogBlueprintUserMessages: [Player_BP_C_0] false
[2025.12.02-10.14.36:306][541]LogBlueprintUserMessages: [Player_BP_C_0] false
[2025.12.02-10.14.36:323][542]LogBlueprintUserMessages: [Player_BP_C_0] false
[2025.12.02-10.14.36:338][543]LogBlueprintUserMessages: [Player_BP_C_0] false
[2025.12.02-10.14.36:356][544]LogBlueprintUserMessages: [Player_BP_C_0] false
[2025.12.02-10.14.36:373][545]LogBlueprintUserMessages: [Player_BP_C_0] false
[2025.12.02-10.14.36:388][546]LogBlueprintUserMessages: [Player_BP_C_0] false
[2025.12.02-10.14.36:406][547]LogBlueprintUserMessages: [Player_BP_C_0] false
[2025.12.02-10.14.36:423][548]LogBlueprintUserMessages: [Player_BP_C_0] false
[2025.12.02-10.14.36:439][549]LogBlueprintUserMessages: [Player_BP_C_0] false
[2025.12.02-10.14.36:456][550]LogBlueprintUserMessages: [Player_BP_C_0] false
[2025.12.02-10.14.36:473][551]LogBlueprintUserMessages: [Player_BP_C_0] false
[2025.12.02-10.14.36:489][552]LogBlueprintUserMessages: [Player_BP_C_0] false
[2025.12.02-10.14.36:515][552]LogSlate: Updating window title bar state: overlay mode, drag disabled, window buttons hidden, title bar hidden
[2025.12.02-10.14.36:515][552]LogWorld: BeginTearingDown for /Game/Mapas/Fases/MapadeTeste/UEDPIE_0_MapadeTeste
[2025.12.02-10.14.36:515][552]LogWorld: UWorld::CleanupWorld for MapadeTeste, bSessionEnded=true, bCleanupResources=true
[2025.12.02-10.14.36:516][552]LogSlate: InvalidateAllWidgets triggered.  All widgets were invalidated
[2025.12.02-10.14.36:524][552]LogPlayLevel: Display: Shutting down PIE online subsystems
[2025.12.02-10.14.36:530][552]LogSlate: InvalidateAllWidgets triggered.  All widgets were invalidated
[2025.12.02-10.14.36:559][552]LogSlate: Updating window title bar state: overlay mode, drag disabled, window buttons hidden, title bar hidden
[2025.12.02-10.14.36:560][552]LogAudioMixer: FMixerPlatformXAudio2::StopAudioStream() called
[2025.12.02-10.14.36:560][552]LogAudioMixer: FMixerPlatformXAudio2::StopAudioStream() called
[2025.12.02-10.14.36:569][552]LogUObjectHash: Compacting FUObjectHashTables data took   2.65ms
[2025.12.02-10.14.36:593][553]LogPlayLevel: Display: Destroying online subsystem :Context_4
[2025.12.02-10.14.37:631][614]LogTemp: Repeating last play command: Selected Viewport
[2025.12.02-10.14.37:639][614]LogPlayLevel: PlayLevel: No blueprints needed recompiling
[2025.12.02-10.14.37:639][614]PIE: New page: PIE session: MapadeTeste (Dec 2, 2025, 4:14:37 AM)
[2025.12.02-10.14.37:639][614]LogPlayLevel: Creating play world package: /Game/Mapas/Fases/MapadeTeste/UEDPIE_0_MapadeTeste
[2025.12.02-10.14.37:660][614]LogPlayLevel: PIE: StaticDuplicateObject took: (0.020230s)
[2025.12.02-10.14.37:660][614]LogAIModule: Creating AISystem for world MapadeTeste
[2025.12.02-10.14.37:661][614]LogPlayLevel: PIE: World Init took: (0.001161s)
[2025.12.02-10.14.37:661][614]LogPlayLevel: PIE: Created PIE world by copying editor world from /Game/Mapas/Fases/MapadeTeste/MapadeTeste.MapadeTeste to /Game/Mapas/Fases/MapadeTeste/UEDPIE_0_MapadeTeste.MapadeTeste (0.021527s)
[2025.12.02-10.14.37:693][614]LogUObjectHash: Compacting FUObjectHashTables data took   2.62ms
[2025.12.02-10.14.37:693][614]LogAudio: Display: Creating Audio Device:                 Id: 5, Scope: Unique, Realtime: True
[2025.12.02-10.14.37:693][614]LogAudioMixer: Display: Audio Mixer Platform Settings:
[2025.12.02-10.14.37:693][614]LogAudioMixer: Display: 	Sample Rate:						  48000
[2025.12.02-10.14.37:693][614]LogAudioMixer: Display: 	Callback Buffer Frame Size Requested: 1024
[2025.12.02-10.14.37:693][614]LogAudioMixer: Display: 	Callback Buffer Frame Size To Use:	  1024
[2025.12.02-10.14.37:693][614]LogAudioMixer: Display: 	Number of buffers to queue:			  2
[2025.12.02-10.14.37:693][614]LogAudioMixer: Display: 	Max Channels (voices):				  32
[2025.12.02-10.14.37:693][614]LogAudioMixer: Display: 	Number of Async Source Workers:		  0
[2025.12.02-10.14.37:693][614]LogAudio: Display: AudioDevice MaxSources: 32
[2025.12.02-10.14.37:694][614]LogAudio: Display: Audio Spatialization Plugin: None (built-in).
[2025.12.02-10.14.37:694][614]LogAudio: Display: Audio Reverb Plugin: None (built-in).
[2025.12.02-10.14.37:694][614]LogAudio: Display: Audio Occlusion Plugin: None (built-in).
[2025.12.02-10.14.37:694][614]LogAudioMixer: Display: Initializing audio mixer.
[2025.12.02-10.14.37:699][614]LogAudioMixer: Display: 0: FrontLeft
[2025.12.02-10.14.37:699][614]LogAudioMixer: Display: 1: FrontRight
[2025.12.02-10.14.37:707][614]LogAudioMixer: Display: Using Audio Device Alto-falantes (Realtek(R) Audio)
[2025.12.02-10.14.37:707][614]LogAudioMixer: Display: Initializing Sound Submixes...
[2025.12.02-10.14.37:707][614]LogAudioMixer: Display: Creating Master Submix 'MasterSubmixDefault'
[2025.12.02-10.14.37:707][614]LogAudioMixer: Display: Creating Master Submix 'MasterReverbSubmixDefault'
[2025.12.02-10.14.37:708][614]LogAudioMixer: Display: Creating Master Submix 'MasterEQSubmixDefault'
[2025.12.02-10.14.37:708][614]LogAudioMixer: FMixerPlatformXAudio2::StartAudioStream() called
[2025.12.02-10.14.37:708][614]LogAudioMixer: Display: Output buffers initialized: Frames=1024, Channels=2, Samples=2048
[2025.12.02-10.14.37:709][614]LogAudioMixer: Display: Starting AudioMixerPlatformInterface::RunInternal()
[2025.12.02-10.14.37:709][614]LogAudioMixer: Display: FMixerPlatformXAudio2::SubmitBuffer() called for the first time
[2025.12.02-10.14.37:709][614]LogInit: FAudioDevice initialized.
[2025.12.02-10.14.37:709][614]LogAudio: Display: Audio Device (ID: 5) registered with world 'MapadeTeste'.
[2025.12.02-10.14.37:719][614]LogLoad: Game class is 'GameModeRL_C'
[2025.12.02-10.14.37:721][614]LogWorld: Bringing World /Game/Mapas/Fases/MapadeTeste/UEDPIE_0_MapadeTeste.MapadeTeste up for play (max tick rate 60) at 2025.12.02-07.14.37
[2025.12.02-10.14.37:721][614]LogWorld: Bringing up level for play took: 0.001446
[2025.12.02-10.14.37:721][614]LogOnline: OSS: Creating online subsystem instance for: :Context_5
[2025.12.02-10.14.37:726][614]PIE: Server logged in
[2025.12.02-10.14.37:727][614]PIE: Play in editor total start time 0.089 seconds.
[2025.12.02-10.14.37:728][614]LogBlueprintUserMessages: [Player_BP_C_0] false
[2025.12.02-10.14.37:750][615]LogBlueprintUserMessages: [Player_BP_C_0] false
[2025.12.02-10.14.37:766][616]LogBlueprintUserMessages: [Player_BP_C_0] false
[2025.12.02-10.14.37:783][617]LogBlueprintUserMessages: [Player_BP_C_0] false
[2025.12.02-10.14.37:799][618]LogBlueprintUserMessages: [Player_BP_C_0] false
[2025.12.02-10.14.37:817][619]LogBlueprintUserMessages: [Player_BP_C_0] false
[2025.12.02-10.14.37:833][620]LogBlueprintUserMessages: [Player_BP_C_0] false
[2025.12.02-10.14.37:850][621]LogBlueprintUserMessages: [Player_BP_C_0] false
[2025.12.02-10.14.37:866][622]LogBlueprintUserMessages: [Player_BP_C_0] false
[2025.12.02-10.14.37:883][623]LogBlueprintUserMessages: [Player_BP_C_0] false
[2025.12.02-10.14.37:900][624]LogBlueprintUserMessages: [Player_BP_C_0] false
[2025.12.02-10.14.37:916][625]LogBlueprintUserMessages: [Player_BP_C_0] false
[2025.12.02-10.14.37:933][626]LogBlueprintUserMessages: [Player_BP_C_0] false
[2025.12.02-10.14.37:950][627]LogBlueprintUserMessages: [Player_BP_C_0] false
[2025.12.02-10.14.37:966][628]LogBlueprintUserMessages: [Player_BP_C_0] false
[2025.12.02-10.14.37:983][629]LogBlueprintUserMessages: [Player_BP_C_0] false
[2025.12.02-10.14.37:999][630]LogBlueprintUserMessages: [Player_BP_C_0] false
[2025.12.02-10.14.38:016][631]LogBlueprintUserMessages: [Player_BP_C_0] false
[2025.12.02-10.14.38:033][632]LogBlueprintUserMessages: [Player_BP_C_0] false
[2025.12.02-10.14.38:049][633]LogBlueprintUserMessages: [Player_BP_C_0] false
[2025.12.02-10.14.38:066][634]LogBlueprintUserMessages: [Player_BP_C_0] false
[2025.12.02-10.14.38:083][635]LogBlueprintUserMessages: [Player_BP_C_0] false
[2025.12.02-10.14.38:099][636]LogBlueprintUserMessages: [Player_BP_C_0] false
[2025.12.02-10.14.38:116][637]LogBlueprintUserMessages: [Player_BP_C_0] false
[2025.12.02-10.14.38:133][638]LogBlueprintUserMessages: [Player_BP_C_0] false
[2025.12.02-10.14.38:149][639]LogBlueprintUserMessages: [Player_BP_C_0] false
[2025.12.02-10.14.38:166][640]LogBlueprintUserMessages: [Player_BP_C_0] false
[2025.12.02-10.14.38:183][641]LogBlueprintUserMessages: [Player_BP_C_0] false
[2025.12.02-10.14.38:199][642]LogBlueprintUserMessages: [Player_BP_C_0] false
[2025.12.02-10.14.38:215][643]LogBlueprintUserMessages: [Player_BP_C_0] false
[2025.12.02-10.14.38:233][644]LogBlueprintUserMessages: [Player_BP_C_0] false
[2025.12.02-10.14.38:250][645]LogBlueprintUserMessages: [Player_BP_C_0] false
[2025.12.02-10.14.38:266][646]LogBlueprintUserMessages: [Player_BP_C_0] false
[2025.12.02-10.14.38:283][647]LogBlueprintUserMessages: [Player_BP_C_0] false
[2025.12.02-10.14.38:299][648]LogBlueprintUserMessages: [Player_BP_C_0] false
[2025.12.02-10.14.38:316][649]LogBlueprintUserMessages: [Player_BP_C_0] false
[2025.12.02-10.14.38:333][650]LogBlueprintUserMessages: [Player_BP_C_0] false
[2025.12.02-10.14.38:349][651]LogBlueprintUserMessages: [Player_BP_C_0] false
[2025.12.02-10.14.38:366][652]LogBlueprintUserMessages: [Player_BP_C_0] false
[2025.12.02-10.14.38:385][653]LogBlueprintUserMessages: [Player_BP_C_0] false
[2025.12.02-10.14.38:399][654]LogBlueprintUserMessages: [Player_BP_C_0] false
[2025.12.02-10.14.38:416][655]LogBlueprintUserMessages: [Player_BP_C_0] false
[2025.12.02-10.14.38:433][656]LogBlueprintUserMessages: [Player_BP_C_0] false
[2025.12.02-10.14.38:450][657]LogBlueprintUserMessages: [Player_BP_C_0] false
[2025.12.02-10.14.38:466][658]LogBlueprintUserMessages: [Player_BP_C_0] false
[2025.12.02-10.14.38:483][659]LogBlueprintUserMessages: [Player_BP_C_0] false
[2025.12.02-10.14.38:499][660]LogBlueprintUserMessages: [Player_BP_C_0] false
[2025.12.02-10.14.38:516][661]LogBlueprintUserMessages: [Player_BP_C_0] false
[2025.12.02-10.14.38:533][662]LogBlueprintUserMessages: [Player_BP_C_0] false
[2025.12.02-10.14.38:549][663]LogBlueprintUserMessages: [Player_BP_C_0] false
[2025.12.02-10.14.38:566][664]LogBlueprintUserMessages: [Player_BP_C_0] false
[2025.12.02-10.14.38:583][665]LogBlueprintUserMessages: [Player_BP_C_0] false
[2025.12.02-10.14.38:599][666]LogBlueprintUserMessages: [Player_BP_C_0] false
[2025.12.02-10.14.38:616][667]LogBlueprintUserMessages: [Player_BP_C_0] false
[2025.12.02-10.14.38:633][668]LogBlueprintUserMessages: [Player_BP_C_0] false
[2025.12.02-10.14.38:649][669]LogBlueprintUserMessages: [Player_BP_C_0] false
[2025.12.02-10.14.38:666][670]LogBlueprintUserMessages: [Player_BP_C_0] false
[2025.12.02-10.14.38:683][671]LogBlueprintUserMessages: [Player_BP_C_0] false
[2025.12.02-10.14.38:700][672]LogBlueprintUserMessages: [Player_BP_C_0] false
[2025.12.02-10.14.38:716][673]LogBlueprintUserMessages: [Player_BP_C_0] false
[2025.12.02-10.14.38:733][674]LogBlueprintUserMessages: [Player_BP_C_0] false
[2025.12.02-10.14.38:750][675]LogBlueprintUserMessages: [Player_BP_C_0] false
[2025.12.02-10.14.38:766][676]LogBlueprintUserMessages: [Player_BP_C_0] false
[2025.12.02-10.14.38:782][677]LogBlueprintUserMessages: [Player_BP_C_0] false
[2025.12.02-10.14.38:799][678]LogBlueprintUserMessages: [Player_BP_C_0] false
[2025.12.02-10.14.38:816][679]LogBlueprintUserMessages: [Player_BP_C_0] false
[2025.12.02-10.14.38:833][680]LogBlueprintUserMessages: [Player_BP_C_0] false
[2025.12.02-10.14.38:849][681]LogBlueprintUserMessages: [Player_BP_C_0] false
[2025.12.02-10.14.38:865][682]LogBlueprintUserMessages: [Player_BP_C_0] false
[2025.12.02-10.14.38:883][683]LogBlueprintUserMessages: [Player_BP_C_0] false
[2025.12.02-10.14.38:899][684]LogBlueprintUserMessages: [Player_BP_C_0] false
[2025.12.02-10.14.38:916][685]LogBlueprintUserMessages: [Player_BP_C_0] false
[2025.12.02-10.14.38:933][686]LogBlueprintUserMessages: [Player_BP_C_0] false
[2025.12.02-10.14.38:950][687]LogBlueprintUserMessages: [Player_BP_C_0] false
[2025.12.02-10.14.38:966][688]LogBlueprintUserMessages: [Player_BP_C_0] false
[2025.12.02-10.14.38:983][689]LogBlueprintUserMessages: [Player_BP_C_0] false
[2025.12.02-10.14.38:999][690]LogBlueprintUserMessages: [Player_BP_C_0] false
[2025.12.02-10.14.39:017][691]LogBlueprintUserMessages: [Player_BP_C_0] false
[2025.12.02-10.14.39:033][692]LogBlueprintUserMessages: [Player_BP_C_0] false
[2025.12.02-10.14.39:049][693]LogBlueprintUserMessages: [Player_BP_C_0] false
[2025.12.02-10.14.39:066][694]LogBlueprintUserMessages: [Player_BP_C_0] false
[2025.12.02-10.14.39:083][695]LogBlueprintUserMessages: [Player_BP_C_0] false
[2025.12.02-10.14.39:099][696]LogBlueprintUserMessages: [Player_BP_C_0] false
[2025.12.02-10.14.39:116][697]LogBlueprintUserMessages: [Player_BP_C_0] false
[2025.12.02-10.14.39:133][698]LogBlueprintUserMessages: [Player_BP_C_0] false
[2025.12.02-10.14.39:149][699]LogBlueprintUserMessages: [Player_BP_C_0] false
[2025.12.02-10.14.39:166][700]LogBlueprintUserMessages: [Player_BP_C_0] false
[2025.12.02-10.14.39:183][701]LogBlueprintUserMessages: [Player_BP_C_0] false
[2025.12.02-10.14.39:200][702]LogBlueprintUserMessages: [Player_BP_C_0] false
[2025.12.02-10.14.39:216][703]LogBlueprintUserMessages: [Player_BP_C_0] false
[2025.12.02-10.14.39:233][704]LogBlueprintUserMessages: [Player_BP_C_0] false
[2025.12.02-10.14.39:249][705]LogBlueprintUserMessages: [Player_BP_C_0] false
[2025.12.02-10.14.39:266][706]LogBlueprintUserMessages: [Player_BP_C_0] false
[2025.12.02-10.14.39:283][707]LogBlueprintUserMessages: [Player_BP_C_0] false
[2025.12.02-10.14.39:299][708]LogBlueprintUserMessages: [Player_BP_C_0] false
[2025.12.02-10.14.39:316][709]LogBlueprintUserMessages: [Player_BP_C_0] false
[2025.12.02-10.14.39:333][710]LogBlueprintUserMessages: [Player_BP_C_0] false
[2025.12.02-10.14.39:349][711]LogBlueprintUserMessages: [Player_BP_C_0] false
[2025.12.02-10.14.39:366][712]LogBlueprintUserMessages: [Player_BP_C_0] false
[2025.12.02-10.14.39:383][713]LogBlueprintUserMessages: [Player_BP_C_0] false
[2025.12.02-10.14.39:399][714]LogBlueprintUserMessages: [Player_BP_C_0] false
[2025.12.02-10.14.39:416][715]LogBlueprintUserMessages: [Player_BP_C_0] false
[2025.12.02-10.14.39:433][716]LogBlueprintUserMessages: [Player_BP_C_0] false
[2025.12.02-10.14.39:449][717]LogBlueprintUserMessages: [Player_BP_C_0] false
[2025.12.02-10.14.39:466][718]LogBlueprintUserMessages: [Player_BP_C_0] false
[2025.12.02-10.14.39:483][719]LogBlueprintUserMessages: [Player_BP_C_0] false
[2025.12.02-10.14.39:499][720]LogBlueprintUserMessages: [Player_BP_C_0] false
[2025.12.02-10.14.39:516][721]LogBlueprintUserMessages: [Player_BP_C_0] false
[2025.12.02-10.14.39:533][722]LogBlueprintUserMessages: [Player_BP_C_0] false
[2025.12.02-10.14.39:549][723]LogBlueprintUserMessages: [Player_BP_C_0] false
[2025.12.02-10.14.39:566][724]LogBlueprintUserMessages: [Player_BP_C_0] false
[2025.12.02-10.14.39:583][725]LogBlueprintUserMessages: [Player_BP_C_0] false
[2025.12.02-10.14.39:599][726]LogBlueprintUserMessages: [Player_BP_C_0] false
[2025.12.02-10.14.39:616][727]LogBlueprintUserMessages: [Player_BP_C_0] false
[2025.12.02-10.14.39:633][728]LogBlueprintUserMessages: [Player_BP_C_0] false
[2025.12.02-10.14.39:649][729]LogBlueprintUserMessages: [Player_BP_C_0] false
[2025.12.02-10.14.39:666][730]LogBlueprintUserMessages: [Player_BP_C_0] false
[2025.12.02-10.14.39:683][731]LogBlueprintUserMessages: [Player_BP_C_0] false
[2025.12.02-10.14.39:699][732]LogBlueprintUserMessages: [Player_BP_C_0] false
[2025.12.02-10.14.39:716][733]LogBlueprintUserMessages: [Player_BP_C_0] false
[2025.12.02-10.14.39:733][734]LogBlueprintUserMessages: [Player_BP_C_0] false
[2025.12.02-10.14.39:749][735]LogBlueprintUserMessages: [Player_BP_C_0] false
[2025.12.02-10.14.39:766][736]LogBlueprintUserMessages: [Player_BP_C_0] false
[2025.12.02-10.14.39:783][737]LogBlueprintUserMessages: [Player_BP_C_0] false
[2025.12.02-10.14.39:800][738]LogBlueprintUserMessages: [Player_BP_C_0] false
[2025.12.02-10.14.39:816][739]LogBlueprintUserMessages: [Player_BP_C_0] false
[2025.12.02-10.14.39:833][740]LogBlueprintUserMessages: [Player_BP_C_0] false
[2025.12.02-10.14.39:849][741]LogBlueprintUserMessages: [Player_BP_C_0] false
[2025.12.02-10.14.39:866][742]LogBlueprintUserMessages: [Player_BP_C_0] false
[2025.12.02-10.14.39:883][743]LogBlueprintUserMessages: [Player_BP_C_0] false
[2025.12.02-10.14.39:899][744]LogBlueprintUserMessages: [Player_BP_C_0] false
[2025.12.02-10.14.39:916][745]LogBlueprintUserMessages: [Player_BP_C_0] false
[2025.12.02-10.14.39:933][746]LogBlueprintUserMessages: [Player_BP_C_0] false
[2025.12.02-10.14.39:949][747]LogBlueprintUserMessages: [Player_BP_C_0] false
[2025.12.02-10.14.39:966][748]LogBlueprintUserMessages: [Player_BP_C_0] false
[2025.12.02-10.14.39:983][749]LogBlueprintUserMessages: [Player_BP_C_0] false
[2025.12.02-10.14.39:999][750]LogBlueprintUserMessages: [Player_BP_C_0] false
[2025.12.02-10.14.40:016][751]LogBlueprintUserMessages: [Player_BP_C_0] false
[2025.12.02-10.14.40:033][752]LogBlueprintUserMessages: [Player_BP_C_0] false
[2025.12.02-10.14.40:049][753]LogBlueprintUserMessages: [Player_BP_C_0] false
[2025.12.02-10.14.40:066][754]LogBlueprintUserMessages: [Player_BP_C_0] false
[2025.12.02-10.14.40:083][755]LogBlueprintUserMessages: [Player_BP_C_0] false
[2025.12.02-10.14.40:099][756]LogBlueprintUserMessages: [Player_BP_C_0] false
[2025.12.02-10.14.40:116][757]LogBlueprintUserMessages: [Player_BP_C_0] false
[2025.12.02-10.14.40:133][758]LogBlueprintUserMessages: [Player_BP_C_0] false
[2025.12.02-10.14.40:149][759]LogBlueprintUserMessages: [Player_BP_C_0] false
[2025.12.02-10.14.40:166][760]LogBlueprintUserMessages: [Player_BP_C_0] false
[2025.12.02-10.14.40:183][761]LogBlueprintUserMessages: [Player_BP_C_0] false
[2025.12.02-10.14.40:199][762]LogBlueprintUserMessages: [Player_BP_C_0] false
[2025.12.02-10.14.40:216][763]LogBlueprintUserMessages: [Player_BP_C_0] false
[2025.12.02-10.14.40:233][764]LogBlueprintUserMessages: [Player_BP_C_0] false
[2025.12.02-10.14.40:250][765]LogBlueprintUserMessages: [Player_BP_C_0] false
[2025.12.02-10.14.40:266][766]LogBlueprintUserMessages: [Player_BP_C_0] false
[2025.12.02-10.14.40:283][767]LogBlueprintUserMessages: [Player_BP_C_0] false
[2025.12.02-10.14.40:299][768]LogBlueprintUserMessages: [Player_BP_C_0] false
[2025.12.02-10.14.40:316][769]LogBlueprintUserMessages: [Player_BP_C_0] false
[2025.12.02-10.14.40:333][770]LogBlueprintUserMessages: [Player_BP_C_0] false
[2025.12.02-10.14.40:349][771]LogBlueprintUserMessages: [Player_BP_C_0] false
[2025.12.02-10.14.40:366][772]LogBlueprintUserMessages: [Player_BP_C_0] false
[2025.12.02-10.14.40:383][773]LogBlueprintUserMessages: [Player_BP_C_0] false
[2025.12.02-10.14.40:399][774]LogBlueprintUserMessages: [Player_BP_C_0] false
[2025.12.02-10.14.40:416][775]LogBlueprintUserMessages: [Player_BP_C_0] false
[2025.12.02-10.14.40:433][776]LogBlueprintUserMessages: [Player_BP_C_0] false
[2025.12.02-10.14.40:449][777]LogBlueprintUserMessages: [Player_BP_C_0] false
[2025.12.02-10.14.40:466][778]LogBlueprintUserMessages: [Player_BP_C_0] false
[2025.12.02-10.14.40:483][779]LogBlueprintUserMessages: [Player_BP_C_0] false
[2025.12.02-10.14.40:499][780]LogBlueprintUserMessages: [Player_BP_C_0] false
[2025.12.02-10.14.40:516][781]LogBlueprintUserMessages: [Player_BP_C_0] false
[2025.12.02-10.14.40:533][782]LogBlueprintUserMessages: [Player_BP_C_0] false
[2025.12.02-10.14.40:549][783]LogBlueprintUserMessages: [Player_BP_C_0] false
[2025.12.02-10.14.40:566][784]LogBlueprintUserMessages: [Player_BP_C_0] false
[2025.12.02-10.14.40:583][785]LogBlueprintUserMessages: [Player_BP_C_0] false
[2025.12.02-10.14.40:599][786]LogBlueprintUserMessages: [Player_BP_C_0] false
[2025.12.02-10.14.40:615][787]LogBlueprintUserMessages: [Player_BP_C_0] false
[2025.12.02-10.14.40:633][788]LogBlueprintUserMessages: [Player_BP_C_0] false
[2025.12.02-10.14.40:649][789]LogBlueprintUserMessages: [Player_BP_C_0] false
[2025.12.02-10.14.40:666][790]LogBlueprintUserMessages: [Player_BP_C_0] false
[2025.12.02-10.14.40:683][791]LogBlueprintUserMessages: [Player_BP_C_0] false
[2025.12.02-10.14.40:699][792]LogBlueprintUserMessages: [Player_BP_C_0] false
[2025.12.02-10.14.40:716][793]LogBlueprintUserMessages: [Player_BP_C_0] false
[2025.12.02-10.14.40:733][794]LogBlueprintUserMessages: [Player_BP_C_0] false
[2025.12.02-10.14.40:750][795]LogBlueprintUserMessages: [Player_BP_C_0] false
[2025.12.02-10.14.40:766][796]LogBlueprintUserMessages: [Player_BP_C_0] false
[2025.12.02-10.14.40:783][797]LogBlueprintUserMessages: [Player_BP_C_0] false
[2025.12.02-10.14.40:799][798]LogBlueprintUserMessages: [Player_BP_C_0] false
[2025.12.02-10.14.40:815][799]LogBlueprintUserMessages: [Player_BP_C_0] false
[2025.12.02-10.14.40:833][800]LogBlueprintUserMessages: [Player_BP_C_0] false
[2025.12.02-10.14.40:849][801]LogBlueprintUserMessages: [Player_BP_C_0] false
[2025.12.02-10.14.40:865][802]LogBlueprintUserMessages: [Player_BP_C_0] false
[2025.12.02-10.14.40:883][803]LogBlueprintUserMessages: [Player_BP_C_0] false
[2025.12.02-10.14.40:899][804]LogBlueprintUserMessages: [Player_BP_C_0] false
[2025.12.02-10.14.40:916][805]LogBlueprintUserMessages: [Player_BP_C_0] false
[2025.12.02-10.14.40:933][806]LogBlueprintUserMessages: [Player_BP_C_0] false
[2025.12.02-10.14.40:949][807]LogBlueprintUserMessages: [Player_BP_C_0] false
[2025.12.02-10.14.40:966][808]LogBlueprintUserMessages: [Player_BP_C_0] false
[2025.12.02-10.14.40:983][809]LogBlueprintUserMessages: [Player_BP_C_0] false
[2025.12.02-10.14.41:000][810]LogBlueprintUserMessages: [Player_BP_C_0] false
[2025.12.02-10.14.41:016][811]LogBlueprintUserMessages: [Player_BP_C_0] false
[2025.12.02-10.14.41:033][812]LogBlueprintUserMessages: [Player_BP_C_0] false
[2025.12.02-10.14.41:050][813]LogBlueprintUserMessages: [Player_BP_C_0] false
[2025.12.02-10.14.41:066][814]LogBlueprintUserMessages: [Player_BP_C_0] false
[2025.12.02-10.14.41:083][815]LogBlueprintUserMessages: [Player_BP_C_0] false
[2025.12.02-10.14.41:099][816]LogBlueprintUserMessages: [Player_BP_C_0] false
[2025.12.02-10.14.41:115][817]LogBlueprintUserMessages: [Player_BP_C_0] false
[2025.12.02-10.14.41:133][818]LogBlueprintUserMessages: [Player_BP_C_0] false
[2025.12.02-10.14.41:150][819]LogBlueprintUserMessages: [Player_BP_C_0] false
[2025.12.02-10.14.41:166][820]LogBlueprintUserMessages: [Player_BP_C_0] false
[2025.12.02-10.14.41:183][821]LogBlueprintUserMessages: [Player_BP_C_0] false
[2025.12.02-10.14.41:199][822]LogBlueprintUserMessages: [Player_BP_C_0] false
[2025.12.02-10.14.41:216][823]LogBlueprintUserMessages: [Player_BP_C_0] false
[2025.12.02-10.14.41:233][824]LogBlueprintUserMessages: [Player_BP_C_0] false
[2025.12.02-10.14.41:249][825]LogBlueprintUserMessages: [Player_BP_C_0] false
[2025.12.02-10.14.41:266][826]LogBlueprintUserMessages: [Player_BP_C_0] false
[2025.12.02-10.14.41:283][827]LogBlueprintUserMessages: [Player_BP_C_0] false
[2025.12.02-10.14.41:300][828]LogBlueprintUserMessages: [Player_BP_C_0] false
[2025.12.02-10.14.41:316][829]LogBlueprintUserMessages: [Player_BP_C_0] false
[2025.12.02-10.14.41:333][830]LogBlueprintUserMessages: [Player_BP_C_0] false
[2025.12.02-10.14.41:349][831]LogBlueprintUserMessages: [Player_BP_C_0] false
[2025.12.02-10.14.41:366][832]LogBlueprintUserMessages: [Player_BP_C_0] false
[2025.12.02-10.14.41:383][833]LogBlueprintUserMessages: [Player_BP_C_0] false
[2025.12.02-10.14.41:399][834]LogBlueprintUserMessages: [Player_BP_C_0] false
[2025.12.02-10.14.41:416][835]LogBlueprintUserMessages: [Player_BP_C_0] false
[2025.12.02-10.14.41:433][836]LogBlueprintUserMessages: [Player_BP_C_0] false
[2025.12.02-10.14.41:449][837]LogBlueprintUserMessages: [Player_BP_C_0] false
[2025.12.02-10.14.41:466][838]LogBlueprintUserMessages: [Player_BP_C_0] false
[2025.12.02-10.14.41:483][839]LogBlueprintUserMessages: [Player_BP_C_0] false
[2025.12.02-10.14.41:499][840]LogBlueprintUserMessages: [Player_BP_C_0] false
[2025.12.02-10.14.41:516][841]LogBlueprintUserMessages: [Player_BP_C_0] false
[2025.12.02-10.14.41:533][842]LogBlueprintUserMessages: [Player_BP_C_0] false
[2025.12.02-10.14.41:550][843]LogBlueprintUserMessages: [Player_BP_C_0] false
[2025.12.02-10.14.41:566][844]LogBlueprintUserMessages: [Player_BP_C_0] false
[2025.12.02-10.14.41:583][845]LogBlueprintUserMessages: [Player_BP_C_0] false
[2025.12.02-10.14.41:599][846]LogBlueprintUserMessages: [Player_BP_C_0] false
[2025.12.02-10.14.41:616][847]LogBlueprintUserMessages: [Player_BP_C_0] false
[2025.12.02-10.14.41:633][848]LogBlueprintUserMessages: [Player_BP_C_0] false
[2025.12.02-10.14.41:649][849]LogBlueprintUserMessages: [Player_BP_C_0] false
[2025.12.02-10.14.41:666][850]LogBlueprintUserMessages: [Player_BP_C_0] false
[2025.12.02-10.14.41:683][851]LogBlueprintUserMessages: [Player_BP_C_0] false
[2025.12.02-10.14.41:700][852]LogBlueprintUserMessages: [Player_BP_C_0] false
[2025.12.02-10.14.41:716][853]LogBlueprintUserMessages: [Player_BP_C_0] false
[2025.12.02-10.14.41:733][854]LogBlueprintUserMessages: [Player_BP_C_0] false
[2025.12.02-10.14.41:749][855]LogBlueprintUserMessages: [Player_BP_C_0] false
[2025.12.02-10.14.41:766][856]LogBlueprintUserMessages: [Player_BP_C_0] false
[2025.12.02-10.14.41:783][857]LogBlueprintUserMessages: [Player_BP_C_0] false
[2025.12.02-10.14.41:799][858]LogBlueprintUserMessages: [Player_BP_C_0] false
[2025.12.02-10.14.41:816][859]LogBlueprintUserMessages: [Player_BP_C_0] false
[2025.12.02-10.14.41:833][860]LogBlueprintUserMessages: [Player_BP_C_0] false
[2025.12.02-10.14.41:849][861]LogBlueprintUserMessages: [Player_BP_C_0] false
[2025.12.02-10.14.41:866][862]LogBlueprintUserMessages: [Player_BP_C_0] false
[2025.12.02-10.14.41:883][863]LogBlueprintUserMessages: [Player_BP_C_0] false
[2025.12.02-10.14.41:899][864]LogBlueprintUserMessages: [Player_BP_C_0] false
[2025.12.02-10.14.41:916][865]LogBlueprintUserMessages: [Player_BP_C_0] false
[2025.12.02-10.14.41:933][866]LogBlueprintUserMessages: [Player_BP_C_0] false
[2025.12.02-10.14.41:949][867]LogBlueprintUserMessages: [Player_BP_C_0] false
[2025.12.02-10.14.41:966][868]LogBlueprintUserMessages: [Player_BP_C_0] false
[2025.12.02-10.14.41:983][869]LogBlueprintUserMessages: [Player_BP_C_0] false
[2025.12.02-10.14.41:999][870]LogBlueprintUserMessages: [Player_BP_C_0] false
[2025.12.02-10.14.42:015][871]LogBlueprintUserMessages: [Player_BP_C_0] false
[2025.12.02-10.14.42:032][872]LogBlueprintUserMessages: [Player_BP_C_0] false
[2025.12.02-10.14.42:049][873]LogBlueprintUserMessages: [Player_BP_C_0] false
[2025.12.02-10.14.42:066][874]LogBlueprintUserMessages: [Player_BP_C_0] false
[2025.12.02-10.14.42:083][875]LogBlueprintUserMessages: [Player_BP_C_0] false
[2025.12.02-10.14.42:099][876]LogBlueprintUserMessages: [Player_BP_C_0] false
[2025.12.02-10.14.42:116][877]LogBlueprintUserMessages: [Player_BP_C_0] false
[2025.12.02-10.14.42:133][878]LogBlueprintUserMessages: [Player_BP_C_0] false
[2025.12.02-10.14.42:149][879]LogBlueprintUserMessages: [Player_BP_C_0] false
[2025.12.02-10.14.42:166][880]LogBlueprintUserMessages: [Player_BP_C_0] false
[2025.12.02-10.14.42:183][881]LogBlueprintUserMessages: [Player_BP_C_0] false
[2025.12.02-10.14.42:199][882]LogBlueprintUserMessages: [Player_BP_C_0] false
[2025.12.02-10.14.42:216][883]LogBlueprintUserMessages: [Player_BP_C_0] false
[2025.12.02-10.14.42:233][884]LogBlueprintUserMessages: [Player_BP_C_0] false
[2025.12.02-10.14.42:249][885]LogBlueprintUserMessages: [Player_BP_C_0] false
[2025.12.02-10.14.42:266][886]LogBlueprintUserMessages: [Player_BP_C_0] false
[2025.12.02-10.14.42:283][887]LogBlueprintUserMessages: [Player_BP_C_0] false
[2025.12.02-10.14.42:299][888]LogBlueprintUserMessages: [Player_BP_C_0] false
[2025.12.02-10.14.42:316][889]LogBlueprintUserMessages: [Player_BP_C_0] false
[2025.12.02-10.14.42:333][890]LogBlueprintUserMessages: [Player_BP_C_0] false
[2025.12.02-10.14.42:349][891]LogBlueprintUserMessages: [Player_BP_C_0] false
[2025.12.02-10.14.42:366][892]LogBlueprintUserMessages: [Player_BP_C_0] false
[2025.12.02-10.14.42:383][893]LogBlueprintUserMessages: [Player_BP_C_0] false
[2025.12.02-10.14.42:400][894]LogBlueprintUserMessages: [Player_BP_C_0] false
[2025.12.02-10.14.42:416][895]LogBlueprintUserMessages: [Player_BP_C_0] false
[2025.12.02-10.14.42:433][896]LogBlueprintUserMessages: [Player_BP_C_0] false
[2025.12.02-10.14.42:449][897]LogBlueprintUserMessages: [Player_BP_C_0] false
[2025.12.02-10.14.42:466][898]LogBlueprintUserMessages: [Player_BP_C_0] false
[2025.12.02-10.14.42:483][899]LogBlueprintUserMessages: [Player_BP_C_0] false
[2025.12.02-10.14.42:499][900]LogBlueprintUserMessages: [Player_BP_C_0] false
[2025.12.02-10.14.42:515][901]LogBlueprintUserMessages: [Player_BP_C_0] false
[2025.12.02-10.14.42:533][902]LogBlueprintUserMessages: [Player_BP_C_0] false
[2025.12.02-10.14.42:549][903]LogBlueprintUserMessages: [Player_BP_C_0] false
[2025.12.02-10.14.42:566][904]LogBlueprintUserMessages: [Player_BP_C_0] false
[2025.12.02-10.14.42:583][905]LogBlueprintUserMessages: [Player_BP_C_0] false
[2025.12.02-10.14.42:599][906]LogBlueprintUserMessages: [Player_BP_C_0] false
[2025.12.02-10.14.42:615][907]LogBlueprintUserMessages: [Player_BP_C_0] false
[2025.12.02-10.14.42:633][908]LogBlueprintUserMessages: [Player_BP_C_0] false
[2025.12.02-10.14.42:649][909]LogBlueprintUserMessages: [Player_BP_C_0] false
[2025.12.02-10.14.42:666][910]LogBlueprintUserMessages: [Player_BP_C_0] false
[2025.12.02-10.14.42:683][911]LogBlueprintUserMessages: [Player_BP_C_0] false
[2025.12.02-10.14.42:700][912]LogBlueprintUserMessages: [Player_BP_C_0] false
[2025.12.02-10.14.42:716][913]LogBlueprintUserMessages: [Player_BP_C_0] false
[2025.12.02-10.14.42:733][914]LogBlueprintUserMessages: [Player_BP_C_0] false
[2025.12.02-10.14.42:750][915]LogBlueprintUserMessages: [Player_BP_C_0] false
[2025.12.02-10.14.42:766][916]LogBlueprintUserMessages: [Player_BP_C_0] false
[2025.12.02-10.14.42:783][917]LogBlueprintUserMessages: [Player_BP_C_0] false
[2025.12.02-10.14.42:799][918]LogBlueprintUserMessages: [Player_BP_C_0] false
[2025.12.02-10.14.42:816][919]LogBlueprintUserMessages: [Player_BP_C_0] false
[2025.12.02-10.14.42:833][920]LogBlueprintUserMessages: [Player_BP_C_0] false
[2025.12.02-10.14.42:849][921]LogBlueprintUserMessages: [Player_BP_C_0] false
[2025.12.02-10.14.42:866][922]LogBlueprintUserMessages: [Player_BP_C_0] false
[2025.12.02-10.14.42:883][923]LogBlueprintUserMessages: [Player_BP_C_0] false
[2025.12.02-10.14.42:899][924]LogBlueprintUserMessages: [Player_BP_C_0] false
[2025.12.02-10.14.42:916][925]LogBlueprintUserMessages: [Player_BP_C_0] false
[2025.12.02-10.14.42:933][926]LogBlueprintUserMessages: [Player_BP_C_0] false
[2025.12.02-10.14.42:950][927]LogBlueprintUserMessages: [Player_BP_C_0] false
[2025.12.02-10.14.42:966][928]LogBlueprintUserMessages: [Player_BP_C_0] false
[2025.12.02-10.14.42:983][929]LogBlueprintUserMessages: [Player_BP_C_0] false
[2025.12.02-10.14.43:000][930]LogBlueprintUserMessages: [Player_BP_C_0] false
[2025.12.02-10.14.43:016][931]LogBlueprintUserMessages: [Player_BP_C_0] false
[2025.12.02-10.14.43:033][932]LogBlueprintUserMessages: [Player_BP_C_0] false
[2025.12.02-10.14.43:049][933]LogBlueprintUserMessages: [Player_BP_C_0] false
[2025.12.02-10.14.43:066][934]LogBlueprintUserMessages: [Player_BP_C_0] false
[2025.12.02-10.14.43:083][935]LogBlueprintUserMessages: [Player_BP_C_0] false
[2025.12.02-10.14.43:099][936]LogBlueprintUserMessages: [Player_BP_C_0] false
[2025.12.02-10.14.43:116][937]LogBlueprintUserMessages: [Player_BP_C_0] false
[2025.12.02-10.14.43:133][938]LogBlueprintUserMessages: [Player_BP_C_0] false
[2025.12.02-10.14.43:149][939]LogBlueprintUserMessages: [Player_BP_C_0] false
[2025.12.02-10.14.43:166][940]LogBlueprintUserMessages: [Player_BP_C_0] false
[2025.12.02-10.14.43:183][941]LogBlueprintUserMessages: [Player_BP_C_0] false
[2025.12.02-10.14.43:199][942]LogBlueprintUserMessages: [Player_BP_C_0] false
[2025.12.02-10.14.43:216][943]LogBlueprintUserMessages: [Player_BP_C_0] false
[2025.12.02-10.14.43:233][944]LogBlueprintUserMessages: [Player_BP_C_0] false
[2025.12.02-10.14.43:249][945]LogBlueprintUserMessages: [Player_BP_C_0] false
[2025.12.02-10.14.43:266][946]LogBlueprintUserMessages: [Player_BP_C_0] false
[2025.12.02-10.14.43:283][947]LogBlueprintUserMessages: [Player_BP_C_0] false
[2025.12.02-10.14.43:299][948]LogBlueprintUserMessages: [Player_BP_C_0] false
[2025.12.02-10.14.43:315][949]LogBlueprintUserMessages: [Player_BP_C_0] false
[2025.12.02-10.14.43:333][950]LogBlueprintUserMessages: [Player_BP_C_0] false
[2025.12.02-10.14.43:349][951]LogBlueprintUserMessages: [Player_BP_C_0] false
[2025.12.02-10.14.43:366][952]LogBlueprintUserMessages: [Player_BP_C_0] false
[2025.12.02-10.14.43:383][953]LogBlueprintUserMessages: [Player_BP_C_0] false
[2025.12.02-10.14.43:399][954]LogBlueprintUserMessages: [Player_BP_C_0] false
[2025.12.02-10.14.43:416][955]LogBlueprintUserMessages: [Player_BP_C_0] false
[2025.12.02-10.14.43:433][956]LogBlueprintUserMessages: [Player_BP_C_0] false
[2025.12.02-10.14.43:449][957]LogBlueprintUserMessages: [Player_BP_C_0] false
[2025.12.02-10.14.43:466][958]LogBlueprintUserMessages: [Player_BP_C_0] false
[2025.12.02-10.14.43:483][959]LogBlueprintUserMessages: [Player_BP_C_0] false
[2025.12.02-10.14.43:499][960]LogBlueprintUserMessages: [Player_BP_C_0] false
[2025.12.02-10.14.43:516][961]LogBlueprintUserMessages: [Player_BP_C_0] false
[2025.12.02-10.14.43:533][962]LogBlueprintUserMessages: [Player_BP_C_0] false
[2025.12.02-10.14.43:549][963]LogBlueprintUserMessages: [Player_BP_C_0] false
[2025.12.02-10.14.43:566][964]LogBlueprintUserMessages: [Player_BP_C_0] false
[2025.12.02-10.14.43:583][965]LogBlueprintUserMessages: [Player_BP_C_0] false
[2025.12.02-10.14.43:599][966]LogBlueprintUserMessages: [Player_BP_C_0] false
[2025.12.02-10.14.43:616][967]LogBlueprintUserMessages: [Player_BP_C_0] false
[2025.12.02-10.14.43:633][968]LogBlueprintUserMessages: [Player_BP_C_0] false
[2025.12.02-10.14.43:649][969]LogBlueprintUserMessages: [Player_BP_C_0] false
[2025.12.02-10.14.43:666][970]LogBlueprintUserMessages: [Player_BP_C_0] false
[2025.12.02-10.14.43:683][971]LogBlueprintUserMessages: [Player_BP_C_0] false
[2025.12.02-10.14.43:699][972]LogBlueprintUserMessages: [Player_BP_C_0] false
[2025.12.02-10.14.43:716][973]LogBlueprintUserMessages: [Player_BP_C_0] false
[2025.12.02-10.14.43:733][974]LogBlueprintUserMessages: [Player_BP_C_0] false
[2025.12.02-10.14.43:749][975]LogBlueprintUserMessages: [Player_BP_C_0] false
[2025.12.02-10.14.43:766][976]LogBlueprintUserMessages: [Player_BP_C_0] false
[2025.12.02-10.14.43:783][977]LogBlueprintUserMessages: [Player_BP_C_0] false
[2025.12.02-10.14.43:799][978]LogBlueprintUserMessages: [Player_BP_C_0] false
[2025.12.02-10.14.43:816][979]LogBlueprintUserMessages: [Player_BP_C_0] false
[2025.12.02-10.14.43:833][980]LogBlueprintUserMessages: [Player_BP_C_0] false
[2025.12.02-10.14.43:849][981]LogBlueprintUserMessages: [Player_BP_C_0] false
[2025.12.02-10.14.43:866][982]LogBlueprintUserMessages: [Player_BP_C_0] false
[2025.12.02-10.14.43:883][983]LogBlueprintUserMessages: [Player_BP_C_0] false
[2025.12.02-10.14.43:899][984]LogBlueprintUserMessages: [Player_BP_C_0] false
[2025.12.02-10.14.43:916][985]LogBlueprintUserMessages: [Player_BP_C_0] false
[2025.12.02-10.14.43:933][986]LogBlueprintUserMessages: [Player_BP_C_0] false
[2025.12.02-10.14.43:950][987]LogBlueprintUserMessages: [Player_BP_C_0] false
[2025.12.02-10.14.43:966][988]LogBlueprintUserMessages: [Player_BP_C_0] false
[2025.12.02-10.14.43:983][989]LogBlueprintUserMessages: [Player_BP_C_0] false
[2025.12.02-10.14.44:000][990]LogBlueprintUserMessages: [Player_BP_C_0] false
[2025.12.02-10.14.44:016][991]LogBlueprintUserMessages: [Player_BP_C_0] false
[2025.12.02-10.14.44:033][992]LogBlueprintUserMessages: [Player_BP_C_0] false
[2025.12.02-10.14.44:049][993]LogBlueprintUserMessages: [Player_BP_C_0] false
[2025.12.02-10.14.44:066][994]LogBlueprintUserMessages: [Player_BP_C_0] false
[2025.12.02-10.14.44:083][995]LogBlueprintUserMessages: [Player_BP_C_0] false
[2025.12.02-10.14.44:099][996]LogBlueprintUserMessages: [Player_BP_C_0] false
[2025.12.02-10.14.44:116][997]LogBlueprintUserMessages: [Player_BP_C_0] false
[2025.12.02-10.14.44:133][998]LogBlueprintUserMessages: [Player_BP_C_0] false
[2025.12.02-10.14.44:149][999]LogBlueprintUserMessages: [Player_BP_C_0] false
[2025.12.02-10.14.44:166][  0]LogBlueprintUserMessages: [Player_BP_C_0] false
[2025.12.02-10.14.44:183][  1]LogBlueprintUserMessages: [Player_BP_C_0] false
[2025.12.02-10.14.44:199][  2]LogBlueprintUserMessages: [Player_BP_C_0] false
[2025.12.02-10.14.44:216][  3]LogBlueprintUserMessages: [Player_BP_C_0] false
[2025.12.02-10.14.44:233][  4]LogBlueprintUserMessages: [Player_BP_C_0] false
[2025.12.02-10.14.44:250][  5]LogBlueprintUserMessages: [Player_BP_C_0] false
[2025.12.02-10.14.44:266][  6]LogBlueprintUserMessages: [Player_BP_C_0] false
[2025.12.02-10.14.44:283][  7]LogBlueprintUserMessages: [Player_BP_C_0] false
[2025.12.02-10.14.44:299][  8]LogBlueprintUserMessages: [Player_BP_C_0] false
[2025.12.02-10.14.44:316][  9]LogBlueprintUserMessages: [Player_BP_C_0] false
[2025.12.02-10.14.44:333][ 10]LogBlueprintUserMessages: [Player_BP_C_0] false
[2025.12.02-10.14.44:350][ 11]LogBlueprintUserMessages: [Player_BP_C_0] false
[2025.12.02-10.14.44:366][ 12]LogBlueprintUserMessages: [Player_BP_C_0] false
[2025.12.02-10.14.44:383][ 13]LogBlueprintUserMessages: [Player_BP_C_0] false
[2025.12.02-10.14.44:399][ 14]LogBlueprintUserMessages: [Player_BP_C_0] false
[2025.12.02-10.14.44:416][ 15]LogBlueprintUserMessages: [Player_BP_C_0] false
[2025.12.02-10.14.44:433][ 16]LogBlueprintUserMessages: [Player_BP_C_0] false
[2025.12.02-10.14.44:449][ 17]LogBlueprintUserMessages: [Player_BP_C_0] false
[2025.12.02-10.14.44:466][ 18]LogBlueprintUserMessages: [Player_BP_C_0] false
[2025.12.02-10.14.44:483][ 19]LogBlueprintUserMessages: [Player_BP_C_0] false
[2025.12.02-10.14.44:499][ 20]LogBlueprintUserMessages: [Player_BP_C_0] false
[2025.12.02-10.14.44:516][ 21]LogBlueprintUserMessages: [Player_BP_C_0] false
[2025.12.02-10.14.44:533][ 22]LogBlueprintUserMessages: [Player_BP_C_0] false
[2025.12.02-10.14.44:549][ 23]LogBlueprintUserMessages: [Player_BP_C_0] false
[2025.12.02-10.14.44:566][ 24]LogBlueprintUserMessages: [Player_BP_C_0] false
[2025.12.02-10.14.44:583][ 25]LogBlueprintUserMessages: [Player_BP_C_0] false
[2025.12.02-10.14.44:599][ 26]LogBlueprintUserMessages: [Player_BP_C_0] false
[2025.12.02-10.14.44:616][ 27]LogBlueprintUserMessages: [Player_BP_C_0] false
[2025.12.02-10.14.44:633][ 28]LogBlueprintUserMessages: [Player_BP_C_0] false
[2025.12.02-10.14.44:650][ 29]LogBlueprintUserMessages: [Player_BP_C_0] false
[2025.12.02-10.14.44:666][ 30]LogBlueprintUserMessages: [Player_BP_C_0] false
[2025.12.02-10.14.44:683][ 31]LogBlueprintUserMessages: [Player_BP_C_0] false
[2025.12.02-10.14.44:699][ 32]LogBlueprintUserMessages: [Player_BP_C_0] false
[2025.12.02-10.14.44:716][ 33]LogBlueprintUserMessages: [Player_BP_C_0] false
[2025.12.02-10.14.44:733][ 34]LogBlueprintUserMessages: [Player_BP_C_0] false
[2025.12.02-10.14.44:749][ 35]LogBlueprintUserMessages: [Player_BP_C_0] false
[2025.12.02-10.14.44:766][ 36]LogBlueprintUserMessages: [Player_BP_C_0] false
[2025.12.02-10.14.44:783][ 37]LogBlueprintUserMessages: [Player_BP_C_0] false
[2025.12.02-10.14.44:799][ 38]LogBlueprintUserMessages: [Player_BP_C_0] false
[2025.12.02-10.14.44:816][ 39]LogBlueprintUserMessages: [Player_BP_C_0] false
[2025.12.02-10.14.44:833][ 40]LogBlueprintUserMessages: [Player_BP_C_0] false
[2025.12.02-10.14.44:850][ 41]LogBlueprintUserMessages: [Player_BP_C_0] false
[2025.12.02-10.14.44:866][ 42]LogBlueprintUserMessages: [Player_BP_C_0] false
[2025.12.02-10.14.44:883][ 43]LogBlueprintUserMessages: [Player_BP_C_0] false
[2025.12.02-10.14.44:900][ 44]LogBlueprintUserMessages: [Player_BP_C_0] false
[2025.12.02-10.14.44:916][ 45]LogBlueprintUserMessages: [Player_BP_C_0] false
[2025.12.02-10.14.44:933][ 46]LogBlueprintUserMessages: [Player_BP_C_0] false
[2025.12.02-10.14.44:950][ 47]LogBlueprintUserMessages: [Player_BP_C_0] false
[2025.12.02-10.14.44:966][ 48]LogBlueprintUserMessages: [Player_BP_C_0] false
[2025.12.02-10.14.44:983][ 49]LogBlueprintUserMessages: [Player_BP_C_0] false
[2025.12.02-10.14.44:999][ 50]LogBlueprintUserMessages: [Player_BP_C_0] false
[2025.12.02-10.14.45:016][ 51]LogBlueprintUserMessages: [Player_BP_C_0] false
[2025.12.02-10.14.45:033][ 52]LogBlueprintUserMessages: [Player_BP_C_0] false
[2025.12.02-10.14.45:050][ 53]LogBlueprintUserMessages: [Player_BP_C_0] false
[2025.12.02-10.14.45:066][ 54]LogBlueprintUserMessages: [Player_BP_C_0] false
[2025.12.02-10.14.45:083][ 55]LogBlueprintUserMessages: [Player_BP_C_0] false
[2025.12.02-10.14.45:100][ 56]LogBlueprintUserMessages: [Player_BP_C_0] false
[2025.12.02-10.14.45:116][ 57]LogBlueprintUserMessages: [Player_BP_C_0] false
[2025.12.02-10.14.45:133][ 58]LogBlueprintUserMessages: [Player_BP_C_0] false
[2025.12.02-10.14.45:149][ 59]LogBlueprintUserMessages: [Player_BP_C_0] false
[2025.12.02-10.14.45:166][ 60]LogBlueprintUserMessages: [Player_BP_C_0] false
[2025.12.02-10.14.45:183][ 61]LogBlueprintUserMessages: [Player_BP_C_0] false
[2025.12.02-10.14.45:199][ 62]LogBlueprintUserMessages: [Player_BP_C_0] false
[2025.12.02-10.14.45:216][ 63]LogBlueprintUserMessages: [Player_BP_C_0] false
[2025.12.02-10.14.45:233][ 64]LogBlueprintUserMessages: [Player_BP_C_0] false
[2025.12.02-10.14.45:249][ 65]LogBlueprintUserMessages: [Player_BP_C_0] false
[2025.12.02-10.14.45:266][ 66]LogBlueprintUserMessages: [Player_BP_C_0] false
[2025.12.02-10.14.45:283][ 67]LogBlueprintUserMessages: [Player_BP_C_0] false
[2025.12.02-10.14.45:300][ 68]LogBlueprintUserMessages: [Player_BP_C_0] false
[2025.12.02-10.14.45:316][ 69]LogBlueprintUserMessages: [Player_BP_C_0] false
[2025.12.02-10.14.45:333][ 70]LogBlueprintUserMessages: [Player_BP_C_0] false
[2025.12.02-10.14.45:349][ 71]LogBlueprintUserMessages: [Player_BP_C_0] false
[2025.12.02-10.14.45:365][ 72]LogBlueprintUserMessages: [Player_BP_C_0] false
[2025.12.02-10.14.45:383][ 73]LogBlueprintUserMessages: [Player_BP_C_0] false
[2025.12.02-10.14.45:400][ 74]LogBlueprintUserMessages: [Player_BP_C_0] false
[2025.12.02-10.14.45:416][ 75]LogBlueprintUserMessages: [Player_BP_C_0] false
[2025.12.02-10.14.45:433][ 76]LogBlueprintUserMessages: [Player_BP_C_0] false
[2025.12.02-10.14.45:449][ 77]LogBlueprintUserMessages: [Player_BP_C_0] false
[2025.12.02-10.14.45:466][ 78]LogBlueprintUserMessages: [Player_BP_C_0] false
[2025.12.02-10.14.45:483][ 79]LogBlueprintUserMessages: [Player_BP_C_0] false
[2025.12.02-10.14.45:499][ 80]LogBlueprintUserMessages: [Player_BP_C_0] false
[2025.12.02-10.14.45:516][ 81]LogBlueprintUserMessages: [Player_BP_C_0] false
[2025.12.02-10.14.45:533][ 82]LogBlueprintUserMessages: [Player_BP_C_0] false
[2025.12.02-10.14.45:549][ 83]LogBlueprintUserMessages: [Player_BP_C_0] false
[2025.12.02-10.14.45:566][ 84]LogBlueprintUserMessages: [Player_BP_C_0] false
[2025.12.02-10.14.45:583][ 85]LogBlueprintUserMessages: [Player_BP_C_0] false
[2025.12.02-10.14.45:600][ 86]LogBlueprintUserMessages: [Player_BP_C_0] false
[2025.12.02-10.14.45:616][ 87]LogBlueprintUserMessages: [Player_BP_C_0] false
[2025.12.02-10.14.45:633][ 88]LogBlueprintUserMessages: [Player_BP_C_0] false
[2025.12.02-10.14.45:649][ 89]LogBlueprintUserMessages: [Player_BP_C_0] false
[2025.12.02-10.14.45:666][ 90]LogBlueprintUserMessages: [Player_BP_C_0] false
[2025.12.02-10.14.45:683][ 91]LogBlueprintUserMessages: [Player_BP_C_0] false
[2025.12.02-10.14.45:700][ 92]LogBlueprintUserMessages: [Player_BP_C_0] false
[2025.12.02-10.14.45:716][ 93]LogBlueprintUserMessages: [Player_BP_C_0] false
[2025.12.02-10.14.45:733][ 94]LogBlueprintUserMessages: [Player_BP_C_0] false
[2025.12.02-10.14.45:750][ 95]LogBlueprintUserMessages: [Player_BP_C_0] false
[2025.12.02-10.14.45:766][ 96]LogBlueprintUserMessages: [Player_BP_C_0] false
[2025.12.02-10.14.45:783][ 97]LogBlueprintUserMessages: [Player_BP_C_0] false
[2025.12.02-10.14.45:799][ 98]LogBlueprintUserMessages: [Player_BP_C_0] false
[2025.12.02-10.14.45:816][ 99]LogBlueprintUserMessages: [Player_BP_C_0] false
[2025.12.02-10.14.45:833][100]LogBlueprintUserMessages: [Player_BP_C_0] false
[2025.12.02-10.14.45:850][101]LogBlueprintUserMessages: [Player_BP_C_0] false
[2025.12.02-10.14.45:866][102]LogBlueprintUserMessages: [Player_BP_C_0] false
[2025.12.02-10.14.45:883][103]LogBlueprintUserMessages: [Player_BP_C_0] false
[2025.12.02-10.14.45:899][104]LogBlueprintUserMessages: [Player_BP_C_0] false
[2025.12.02-10.14.45:916][105]LogBlueprintUserMessages: [Player_BP_C_0] false
[2025.12.02-10.14.45:933][106]LogBlueprintUserMessages: [Player_BP_C_0] false
[2025.12.02-10.14.45:949][107]LogBlueprintUserMessages: [Player_BP_C_0] false
[2025.12.02-10.14.45:966][108]LogBlueprintUserMessages: [Player_BP_C_0] false
[2025.12.02-10.14.45:983][109]LogBlueprintUserMessages: [Player_BP_C_0] false
[2025.12.02-10.14.45:999][110]LogBlueprintUserMessages: [Player_BP_C_0] false
[2025.12.02-10.14.46:016][111]LogBlueprintUserMessages: [Player_BP_C_0] false
[2025.12.02-10.14.46:033][112]LogBlueprintUserMessages: [Player_BP_C_0] false
[2025.12.02-10.14.46:050][113]LogBlueprintUserMessages: [Player_BP_C_0] false
[2025.12.02-10.14.46:067][114]LogBlueprintUserMessages: [Player_BP_C_0] false
[2025.12.02-10.14.46:083][115]LogBlueprintUserMessages: [Player_BP_C_0] false
[2025.12.02-10.14.46:099][116]LogBlueprintUserMessages: [Player_BP_C_0] false
[2025.12.02-10.14.46:116][117]LogBlueprintUserMessages: [Player_BP_C_0] false
[2025.12.02-10.14.46:133][118]LogBlueprintUserMessages: [Player_BP_C_0] false
[2025.12.02-10.14.46:149][119]LogBlueprintUserMessages: [Player_BP_C_0] false
[2025.12.02-10.14.46:166][120]LogBlueprintUserMessages: [Player_BP_C_0] false
[2025.12.02-10.14.46:184][121]LogBlueprintUserMessages: [Player_BP_C_0] false
[2025.12.02-10.14.46:200][122]LogBlueprintUserMessages: [Player_BP_C_0] false
[2025.12.02-10.14.46:216][123]LogBlueprintUserMessages: [Player_BP_C_0] false
[2025.12.02-10.14.46:233][124]LogBlueprintUserMessages: [Player_BP_C_0] false
[2025.12.02-10.14.46:249][125]LogBlueprintUserMessages: [Player_BP_C_0] false
[2025.12.02-10.14.46:266][126]LogBlueprintUserMessages: [Player_BP_C_0] false
[2025.12.02-10.14.46:283][127]LogBlueprintUserMessages: [Player_BP_C_0] false
[2025.12.02-10.14.46:299][128]LogBlueprintUserMessages: [Player_BP_C_0] false
[2025.12.02-10.14.46:316][129]LogBlueprintUserMessages: [Player_BP_C_0] false
[2025.12.02-10.14.46:333][130]LogBlueprintUserMessages: [Player_BP_C_0] false
[2025.12.02-10.14.46:349][131]LogBlueprintUserMessages: [Player_BP_C_0] false
[2025.12.02-10.14.46:366][132]LogBlueprintUserMessages: [Player_BP_C_0] false
[2025.12.02-10.14.46:383][133]LogBlueprintUserMessages: [Player_BP_C_0] false
[2025.12.02-10.14.46:399][134]LogBlueprintUserMessages: [Player_BP_C_0] false
[2025.12.02-10.14.46:416][135]LogBlueprintUserMessages: [Player_BP_C_0] false
[2025.12.02-10.14.46:433][136]LogBlueprintUserMessages: [Player_BP_C_0] false
[2025.12.02-10.14.46:449][137]LogBlueprintUserMessages: [Player_BP_C_0] false
[2025.12.02-10.14.46:466][138]LogBlueprintUserMessages: [Player_BP_C_0] false
[2025.12.02-10.14.46:483][139]LogBlueprintUserMessages: [Player_BP_C_0] false
[2025.12.02-10.14.46:499][140]LogBlueprintUserMessages: [Player_BP_C_0] false
[2025.12.02-10.14.46:516][141]LogBlueprintUserMessages: [Player_BP_C_0] false
[2025.12.02-10.14.46:533][142]LogBlueprintUserMessages: [Player_BP_C_0] false
[2025.12.02-10.14.46:549][143]LogBlueprintUserMessages: [Player_BP_C_0] false
[2025.12.02-10.14.46:566][144]LogBlueprintUserMessages: [Player_BP_C_0] false
[2025.12.02-10.14.46:583][145]LogBlueprintUserMessages: [Player_BP_C_0] false
[2025.12.02-10.14.46:599][146]LogBlueprintUserMessages: [Player_BP_C_0] false
[2025.12.02-10.14.46:616][147]LogBlueprintUserMessages: [Player_BP_C_0] false
[2025.12.02-10.14.46:633][148]LogBlueprintUserMessages: [Player_BP_C_0] false
[2025.12.02-10.14.46:649][149]LogBlueprintUserMessages: [Player_BP_C_0] false
[2025.12.02-10.14.46:666][150]LogBlueprintUserMessages: [Player_BP_C_0] false
[2025.12.02-10.14.46:683][151]LogBlueprintUserMessages: [Player_BP_C_0] false
[2025.12.02-10.14.46:700][152]LogBlueprintUserMessages: [Player_BP_C_0] false
[2025.12.02-10.14.46:716][153]LogBlueprintUserMessages: [Player_BP_C_0] false
[2025.12.02-10.14.46:733][154]LogBlueprintUserMessages: [Player_BP_C_0] false
[2025.12.02-10.14.46:749][155]LogBlueprintUserMessages: [Player_BP_C_0] false
[2025.12.02-10.14.46:766][156]LogBlueprintUserMessages: [Player_BP_C_0] false
[2025.12.02-10.14.46:783][157]LogBlueprintUserMessages: [Player_BP_C_0] false
[2025.12.02-10.14.46:800][158]LogBlueprintUserMessages: [Player_BP_C_0] false
[2025.12.02-10.14.46:817][159]LogBlueprintUserMessages: [Player_BP_C_0] false
[2025.12.02-10.14.46:833][160]LogBlueprintUserMessages: [Player_BP_C_0] false
[2025.12.02-10.14.46:849][161]LogBlueprintUserMessages: [Player_BP_C_0] false
[2025.12.02-10.14.46:866][162]LogBlueprintUserMessages: [Player_BP_C_0] false
[2025.12.02-10.14.46:883][163]LogBlueprintUserMessages: [Player_BP_C_0] false
[2025.12.02-10.14.46:899][164]LogBlueprintUserMessages: [Player_BP_C_0] false
[2025.12.02-10.14.46:916][165]LogBlueprintUserMessages: [Player_BP_C_0] false
[2025.12.02-10.14.46:933][166]LogBlueprintUserMessages: [Player_BP_C_0] false
[2025.12.02-10.14.46:950][167]LogBlueprintUserMessages: [Player_BP_C_0] false
[2025.12.02-10.14.46:966][168]LogBlueprintUserMessages: [Player_BP_C_0] false
[2025.12.02-10.14.46:983][169]LogBlueprintUserMessages: [Player_BP_C_0] false
[2025.12.02-10.14.46:999][170]LogBlueprintUserMessages: [Player_BP_C_0] false
[2025.12.02-10.14.47:016][171]LogBlueprintUserMessages: [Player_BP_C_0] false
[2025.12.02-10.14.47:033][172]LogBlueprintUserMessages: [Player_BP_C_0] false
[2025.12.02-10.14.47:049][173]LogBlueprintUserMessages: [Player_BP_C_0] false
[2025.12.02-10.14.47:066][174]LogBlueprintUserMessages: [Player_BP_C_0] false
[2025.12.02-10.14.47:083][175]LogBlueprintUserMessages: [Player_BP_C_0] false
[2025.12.02-10.14.47:099][176]LogBlueprintUserMessages: [Player_BP_C_0] false
[2025.12.02-10.14.47:116][177]LogBlueprintUserMessages: [Player_BP_C_0] false
[2025.12.02-10.14.47:133][178]LogBlueprintUserMessages: [Player_BP_C_0] false
[2025.12.02-10.14.47:149][179]LogBlueprintUserMessages: [Player_BP_C_0] false
[2025.12.02-10.14.47:166][180]LogBlueprintUserMessages: [Player_BP_C_0] false
[2025.12.02-10.14.47:183][181]LogBlueprintUserMessages: [Player_BP_C_0] false
[2025.12.02-10.14.47:199][182]LogBlueprintUserMessages: [Player_BP_C_0] false
[2025.12.02-10.14.47:216][183]LogBlueprintUserMessages: [Player_BP_C_0] false
[2025.12.02-10.14.47:233][184]LogBlueprintUserMessages: [Player_BP_C_0] false
[2025.12.02-10.14.47:249][185]LogBlueprintUserMessages: [Player_BP_C_0] false
[2025.12.02-10.14.47:266][186]LogBlueprintUserMessages: [Player_BP_C_0] false
[2025.12.02-10.14.47:283][187]LogBlueprintUserMessages: [Player_BP_C_0] false
[2025.12.02-10.14.47:300][188]LogBlueprintUserMessages: [Player_BP_C_0] false
[2025.12.02-10.14.47:317][189]LogBlueprintUserMessages: [Player_BP_C_0] false
[2025.12.02-10.14.47:333][190]LogBlueprintUserMessages: [Player_BP_C_0] false
[2025.12.02-10.14.47:348][191]LogBlueprintUserMessages: [Player_BP_C_0] false
[2025.12.02-10.14.47:366][192]LogBlueprintUserMessages: [Player_BP_C_0] false
[2025.12.02-10.14.47:383][193]LogBlueprintUserMessages: [Player_BP_C_0] false
[2025.12.02-10.14.47:399][194]LogBlueprintUserMessages: [Player_BP_C_0] false
[2025.12.02-10.14.47:416][195]LogBlueprintUserMessages: [Player_BP_C_0] false
[2025.12.02-10.14.47:433][196]LogBlueprintUserMessages: [Player_BP_C_0] false
[2025.12.02-10.14.47:449][197]LogBlueprintUserMessages: [Player_BP_C_0] false
[2025.12.02-10.14.47:466][198]LogBlueprintUserMessages: [Player_BP_C_0] false
[2025.12.02-10.14.47:483][199]LogBlueprintUserMessages: [Player_BP_C_0] false
[2025.12.02-10.14.47:499][200]LogBlueprintUserMessages: [Player_BP_C_0] false
[2025.12.02-10.14.47:517][201]LogBlueprintUserMessages: [Player_BP_C_0] false
[2025.12.02-10.14.47:533][202]LogBlueprintUserMessages: [Player_BP_C_0] false
[2025.12.02-10.14.47:550][203]LogBlueprintUserMessages: [Player_BP_C_0] false
[2025.12.02-10.14.47:566][204]LogBlueprintUserMessages: [Player_BP_C_0] false
[2025.12.02-10.14.47:583][205]LogBlueprintUserMessages: [Player_BP_C_0] false
[2025.12.02-10.14.47:599][206]LogBlueprintUserMessages: [Player_BP_C_0] false
[2025.12.02-10.14.47:616][207]LogBlueprintUserMessages: [Player_BP_C_0] false
[2025.12.02-10.14.47:633][208]LogBlueprintUserMessages: [Player_BP_C_0] false
[2025.12.02-10.14.47:649][209]LogBlueprintUserMessages: [Player_BP_C_0] false
[2025.12.02-10.14.47:666][210]LogBlueprintUserMessages: [Player_BP_C_0] false
[2025.12.02-10.14.47:683][211]LogBlueprintUserMessages: [Player_BP_C_0] false
[2025.12.02-10.14.47:700][212]LogBlueprintUserMessages: [Player_BP_C_0] false
[2025.12.02-10.14.47:716][213]LogBlueprintUserMessages: [Player_BP_C_0] false
[2025.12.02-10.14.47:733][214]LogBlueprintUserMessages: [Player_BP_C_0] false
[2025.12.02-10.14.47:750][215]LogBlueprintUserMessages: [Player_BP_C_0] false
[2025.12.02-10.14.47:766][216]LogBlueprintUserMessages: [Player_BP_C_0] false
[2025.12.02-10.14.47:783][217]LogBlueprintUserMessages: [Player_BP_C_0] false
[2025.12.02-10.14.47:799][218]LogBlueprintUserMessages: [Player_BP_C_0] false
[2025.12.02-10.14.47:816][219]LogBlueprintUserMessages: [Player_BP_C_0] false
[2025.12.02-10.14.47:833][220]LogBlueprintUserMessages: [Player_BP_C_0] false
[2025.12.02-10.14.47:849][221]LogBlueprintUserMessages: [Player_BP_C_0] false
[2025.12.02-10.14.47:866][222]LogBlueprintUserMessages: [Player_BP_C_0] false
[2025.12.02-10.14.47:883][223]LogBlueprintUserMessages: [Player_BP_C_0] false
[2025.12.02-10.14.47:899][224]LogBlueprintUserMessages: [Player_BP_C_0] false
[2025.12.02-10.14.47:916][225]LogBlueprintUserMessages: [Player_BP_C_0] false
[2025.12.02-10.14.47:933][226]LogBlueprintUserMessages: [Player_BP_C_0] false
[2025.12.02-10.14.47:950][227]LogBlueprintUserMessages: [Player_BP_C_0] false
[2025.12.02-10.14.47:966][228]LogBlueprintUserMessages: [Player_BP_C_0] false
[2025.12.02-10.14.47:983][229]LogBlueprintUserMessages: [Player_BP_C_0] false
[2025.12.02-10.14.48:000][230]LogBlueprintUserMessages: [Player_BP_C_0] false
[2025.12.02-10.14.48:017][231]LogBlueprintUserMessages: [Player_BP_C_0] false
[2025.12.02-10.14.48:033][232]LogBlueprintUserMessages: [Player_BP_C_0] false
[2025.12.02-10.14.48:050][233]LogBlueprintUserMessages: [Player_BP_C_0] false
[2025.12.02-10.14.48:066][234]LogBlueprintUserMessages: [Player_BP_C_0] false
[2025.12.02-10.14.48:083][235]LogBlueprintUserMessages: [Player_BP_C_0] false
[2025.12.02-10.14.48:099][236]LogBlueprintUserMessages: [Player_BP_C_0] false
[2025.12.02-10.14.48:116][237]LogBlueprintUserMessages: [Player_BP_C_0] false
[2025.12.02-10.14.48:133][238]LogBlueprintUserMessages: [Player_BP_C_0] false
[2025.12.02-10.14.48:150][239]LogBlueprintUserMessages: [Player_BP_C_0] false
[2025.12.02-10.14.48:166][240]LogBlueprintUserMessages: [Player_BP_C_0] false
[2025.12.02-10.14.48:183][241]LogBlueprintUserMessages: [Player_BP_C_0] false
[2025.12.02-10.14.48:200][242]LogBlueprintUserMessages: [Player_BP_C_0] false
[2025.12.02-10.14.48:217][243]LogBlueprintUserMessages: [Player_BP_C_0] false
[2025.12.02-10.14.48:233][244]LogBlueprintUserMessages: [Player_BP_C_0] false
[2025.12.02-10.14.48:249][245]LogBlueprintUserMessages: [Player_BP_C_0] false
[2025.12.02-10.14.48:266][246]LogBlueprintUserMessages: [Player_BP_C_0] false
[2025.12.02-10.14.48:283][247]LogBlueprintUserMessages: [Player_BP_C_0] false
[2025.12.02-10.14.48:300][248]LogBlueprintUserMessages: [Player_BP_C_0] false
[2025.12.02-10.14.48:315][249]LogBlueprintUserMessages: [Player_BP_C_0] false
[2025.12.02-10.14.48:333][250]LogBlueprintUserMessages: [Player_BP_C_0] false
[2025.12.02-10.14.48:350][251]LogBlueprintUserMessages: [Player_BP_C_0] false
[2025.12.02-10.14.48:366][252]LogBlueprintUserMessages: [Player_BP_C_0] false
[2025.12.02-10.14.48:383][253]LogBlueprintUserMessages: [Player_BP_C_0] false
[2025.12.02-10.14.48:400][254]LogBlueprintUserMessages: [Player_BP_C_0] false
[2025.12.02-10.14.48:415][255]LogBlueprintUserMessages: [Player_BP_C_0] false
[2025.12.02-10.14.48:433][256]LogBlueprintUserMessages: [Player_BP_C_0] false
[2025.12.02-10.14.48:449][257]LogBlueprintUserMessages: [Player_BP_C_0] false
[2025.12.02-10.14.48:466][258]LogBlueprintUserMessages: [Player_BP_C_0] false
[2025.12.02-10.14.48:483][259]LogBlueprintUserMessages: [Player_BP_C_0] false
[2025.12.02-10.14.48:499][260]LogBlueprintUserMessages: [Player_BP_C_0] false
[2025.12.02-10.14.48:516][261]LogBlueprintUserMessages: [Player_BP_C_0] false
[2025.12.02-10.14.48:533][262]LogBlueprintUserMessages: [Player_BP_C_0] false
[2025.12.02-10.14.48:550][263]LogBlueprintUserMessages: [Player_BP_C_0] false
[2025.12.02-10.14.48:566][264]LogBlueprintUserMessages: [Player_BP_C_0] false
[2025.12.02-10.14.48:583][265]LogBlueprintUserMessages: [Player_BP_C_0] false
[2025.12.02-10.14.48:599][266]LogBlueprintUserMessages: [Player_BP_C_0] false
[2025.12.02-10.14.48:616][267]LogBlueprintUserMessages: [Player_BP_C_0] false
[2025.12.02-10.14.48:633][268]LogBlueprintUserMessages: [Player_BP_C_0] false
[2025.12.02-10.14.48:650][269]LogBlueprintUserMessages: [Player_BP_C_0] false
[2025.12.02-10.14.48:666][270]LogBlueprintUserMessages: [Player_BP_C_0] false
[2025.12.02-10.14.48:683][271]LogBlueprintUserMessages: [Player_BP_C_0] false
[2025.12.02-10.14.48:699][272]LogBlueprintUserMessages: [Player_BP_C_0] false
[2025.12.02-10.14.48:716][273]LogBlueprintUserMessages: [Player_BP_C_0] false
[2025.12.02-10.14.48:733][274]LogBlueprintUserMessages: [Player_BP_C_0] false
[2025.12.02-10.14.48:750][275]LogBlueprintUserMessages: [Player_BP_C_0] false
[2025.12.02-10.14.48:766][276]LogBlueprintUserMessages: [Player_BP_C_0] false
[2025.12.02-10.14.48:783][277]LogBlueprintUserMessages: [Player_BP_C_0] false
[2025.12.02-10.14.48:799][278]LogBlueprintUserMessages: [Player_BP_C_0] false
[2025.12.02-10.14.48:816][279]LogBlueprintUserMessages: [Player_BP_C_0] false
[2025.12.02-10.14.48:833][280]LogBlueprintUserMessages: [Player_BP_C_0] false
[2025.12.02-10.14.48:849][281]LogBlueprintUserMessages: [Player_BP_C_0] false
[2025.12.02-10.14.48:866][282]LogBlueprintUserMessages: [Player_BP_C_0] false
[2025.12.02-10.14.48:883][283]LogBlueprintUserMessages: [Player_BP_C_0] false
[2025.12.02-10.14.48:899][284]LogBlueprintUserMessages: [Player_BP_C_0] false
[2025.12.02-10.14.48:915][285]LogBlueprintUserMessages: [Player_BP_C_0] false
[2025.12.02-10.14.48:933][286]LogBlueprintUserMessages: [Player_BP_C_0] false
[2025.12.02-10.14.48:949][287]LogBlueprintUserMessages: [Player_BP_C_0] false
[2025.12.02-10.14.48:967][288]LogBlueprintUserMessages: [Player_BP_C_0] false
[2025.12.02-10.14.48:983][289]LogBlueprintUserMessages: [Player_BP_C_0] false
[2025.12.02-10.14.49:000][290]LogBlueprintUserMessages: [Player_BP_C_0] false
[2025.12.02-10.14.49:016][291]LogBlueprintUserMessages: [Player_BP_C_0] false
[2025.12.02-10.14.49:033][292]LogBlueprintUserMessages: [Player_BP_C_0] false
[2025.12.02-10.14.49:050][293]LogBlueprintUserMessages: [Player_BP_C_0] false
[2025.12.02-10.14.49:066][294]LogBlueprintUserMessages: [Player_BP_C_0] false
[2025.12.02-10.14.49:083][295]LogBlueprintUserMessages: [Player_BP_C_0] false
[2025.12.02-10.14.49:099][296]LogBlueprintUserMessages: [Player_BP_C_0] false
[2025.12.02-10.14.49:115][297]LogBlueprintUserMessages: [Player_BP_C_0] false
[2025.12.02-10.14.49:133][298]LogBlueprintUserMessages: [Player_BP_C_0] false
[2025.12.02-10.14.49:149][299]LogBlueprintUserMessages: [Player_BP_C_0] false
[2025.12.02-10.14.49:166][300]LogBlueprintUserMessages: [Player_BP_C_0] false
[2025.12.02-10.14.49:183][301]LogBlueprintUserMessages: [Player_BP_C_0] false
[2025.12.02-10.14.49:199][302]LogBlueprintUserMessages: [Player_BP_C_0] false
[2025.12.02-10.14.49:216][303]LogBlueprintUserMessages: [Player_BP_C_0] false
[2025.12.02-10.14.49:233][304]LogBlueprintUserMessages: [Player_BP_C_0] false
[2025.12.02-10.14.49:249][305]LogBlueprintUserMessages: [Player_BP_C_0] false
[2025.12.02-10.14.49:267][306]LogBlueprintUserMessages: [Player_BP_C_0] false
[2025.12.02-10.14.49:283][307]LogBlueprintUserMessages: [Player_BP_C_0] false
[2025.12.02-10.14.49:300][308]LogBlueprintUserMessages: [Player_BP_C_0] false
[2025.12.02-10.14.49:316][309]LogBlueprintUserMessages: [Player_BP_C_0] false
[2025.12.02-10.14.49:333][310]LogBlueprintUserMessages: [Player_BP_C_0] false
[2025.12.02-10.14.49:350][311]LogBlueprintUserMessages: [Player_BP_C_0] false
[2025.12.02-10.14.49:367][312]LogBlueprintUserMessages: [Player_BP_C_0] false
[2025.12.02-10.14.49:383][313]LogBlueprintUserMessages: [Player_BP_C_0] false
[2025.12.02-10.14.49:399][314]LogBlueprintUserMessages: [Player_BP_C_0] false
[2025.12.02-10.14.49:416][315]LogBlueprintUserMessages: [Player_BP_C_0] false
[2025.12.02-10.14.49:432][316]LogBlueprintUserMessages: [Player_BP_C_0] false
[2025.12.02-10.14.49:450][317]LogBlueprintUserMessages: [Player_BP_C_0] false
[2025.12.02-10.14.49:467][318]LogBlueprintUserMessages: [Player_BP_C_0] false
[2025.12.02-10.14.49:482][319]LogBlueprintUserMessages: [Player_BP_C_0] false
[2025.12.02-10.14.49:500][320]LogBlueprintUserMessages: [Player_BP_C_0] false
[2025.12.02-10.14.49:516][321]LogBlueprintUserMessages: [Player_BP_C_0] false
[2025.12.02-10.14.49:533][322]LogBlueprintUserMessages: [Player_BP_C_0] false
[2025.12.02-10.14.49:549][323]LogBlueprintUserMessages: [Player_BP_C_0] false
[2025.12.02-10.14.49:567][324]LogBlueprintUserMessages: [Player_BP_C_0] false
[2025.12.02-10.14.49:583][325]LogBlueprintUserMessages: [Player_BP_C_0] false
[2025.12.02-10.14.49:599][326]LogBlueprintUserMessages: [Player_BP_C_0] false
[2025.12.02-10.14.49:616][327]LogBlueprintUserMessages: [Player_BP_C_0] false
[2025.12.02-10.14.49:633][328]LogBlueprintUserMessages: [Player_BP_C_0] false
[2025.12.02-10.14.49:649][329]LogBlueprintUserMessages: [Player_BP_C_0] false
[2025.12.02-10.14.49:667][330]LogBlueprintUserMessages: [Player_BP_C_0] false
[2025.12.02-10.14.49:683][331]LogBlueprintUserMessages: [Player_BP_C_0] false
[2025.12.02-10.14.49:699][332]LogBlueprintUserMessages: [Player_BP_C_0] false
[2025.12.02-10.14.49:716][333]LogBlueprintUserMessages: [Player_BP_C_0] false
[2025.12.02-10.14.49:733][334]LogBlueprintUserMessages: [Player_BP_C_0] false
[2025.12.02-10.14.49:749][335]LogBlueprintUserMessages: [Player_BP_C_0] false
[2025.12.02-10.14.49:766][336]LogBlueprintUserMessages: [Player_BP_C_0] false
[2025.12.02-10.14.49:783][337]LogBlueprintUserMessages: [Player_BP_C_0] false
[2025.12.02-10.14.49:800][338]LogBlueprintUserMessages: [Player_BP_C_0] false
[2025.12.02-10.14.49:816][339]LogBlueprintUserMessages: [Player_BP_C_0] false
[2025.12.02-10.14.49:833][340]LogBlueprintUserMessages: [Player_BP_C_0] false
[2025.12.02-10.14.49:850][341]LogBlueprintUserMessages: [Player_BP_C_0] false
[2025.12.02-10.14.49:866][342]LogBlueprintUserMessages: [Player_BP_C_0] false
[2025.12.02-10.14.49:882][343]LogBlueprintUserMessages: [Player_BP_C_0] false
[2025.12.02-10.14.49:900][344]LogBlueprintUserMessages: [Player_BP_C_0] false
[2025.12.02-10.14.49:916][345]LogBlueprintUserMessages: [Player_BP_C_0] false
[2025.12.02-10.14.49:933][346]LogBlueprintUserMessages: [Player_BP_C_0] false
[2025.12.02-10.14.49:949][347]LogBlueprintUserMessages: [Player_BP_C_0] false
[2025.12.02-10.14.49:967][348]LogBlueprintUserMessages: [Player_BP_C_0] false
[2025.12.02-10.14.49:983][349]LogBlueprintUserMessages: [Player_BP_C_0] false
[2025.12.02-10.14.50:000][350]LogBlueprintUserMessages: [Player_BP_C_0] false
[2025.12.02-10.14.50:016][351]LogBlueprintUserMessages: [Player_BP_C_0] false
[2025.12.02-10.14.50:033][352]LogBlueprintUserMessages: [Player_BP_C_0] false
[2025.12.02-10.14.50:050][353]LogBlueprintUserMessages: [Player_BP_C_0] false
[2025.12.02-10.14.50:066][354]LogBlueprintUserMessages: [Player_BP_C_0] false
[2025.12.02-10.14.50:083][355]LogBlueprintUserMessages: [Player_BP_C_0] false
[2025.12.02-10.14.50:100][356]LogBlueprintUserMessages: [Player_BP_C_0] false
[2025.12.02-10.14.50:116][357]LogBlueprintUserMessages: [Player_BP_C_0] false
[2025.12.02-10.14.50:132][358]LogBlueprintUserMessages: [Player_BP_C_0] false
[2025.12.02-10.14.50:150][359]LogBlueprintUserMessages: [Player_BP_C_0] false
[2025.12.02-10.14.50:167][360]LogBlueprintUserMessages: [Player_BP_C_0] false
[2025.12.02-10.14.50:183][361]LogBlueprintUserMessages: [Player_BP_C_0] false
[2025.12.02-10.14.50:199][362]LogBlueprintUserMessages: [Player_BP_C_0] false
[2025.12.02-10.14.50:216][363]LogBlueprintUserMessages: [Player_BP_C_0] true
[2025.12.02-10.14.50:233][364]LogBlueprintUserMessages: [Player_BP_C_0] true
[2025.12.02-10.14.50:249][365]LogBlueprintUserMessages: [Player_BP_C_0] true
[2025.12.02-10.14.50:266][366]LogBlueprintUserMessages: [Player_BP_C_0] true
[2025.12.02-10.14.50:283][367]LogBlueprintUserMessages: [Player_BP_C_0] true
[2025.12.02-10.14.50:299][368]LogBlueprintUserMessages: [Player_BP_C_0] true
[2025.12.02-10.14.50:316][369]LogBlueprintUserMessages: [Player_BP_C_0] true
[2025.12.02-10.14.50:333][370]LogBlueprintUserMessages: [Player_BP_C_0] true
[2025.12.02-10.14.50:349][371]LogBlueprintUserMessages: [Player_BP_C_0] true
[2025.12.02-10.14.50:366][372]LogBlueprintUserMessages: [Player_BP_C_0] true
[2025.12.02-10.14.50:383][373]LogBlueprintUserMessages: [Player_BP_C_0] true
[2025.12.02-10.14.50:400][374]LogBlueprintUserMessages: [Player_BP_C_0] true
[2025.12.02-10.14.50:416][375]LogBlueprintUserMessages: [Player_BP_C_0] true
[2025.12.02-10.14.50:433][376]LogBlueprintUserMessages: [Player_BP_C_0] true
[2025.12.02-10.14.50:450][377]LogBlueprintUserMessages: [Player_BP_C_0] true
[2025.12.02-10.14.50:466][378]LogBlueprintUserMessages: [Player_BP_C_0] true
[2025.12.02-10.14.50:483][379]LogBlueprintUserMessages: [Player_BP_C_0] true
[2025.12.02-10.14.50:499][380]LogBlueprintUserMessages: [Player_BP_C_0] true
[2025.12.02-10.14.50:516][381]LogBlueprintUserMessages: [Player_BP_C_0] true
[2025.12.02-10.14.50:533][382]LogBlueprintUserMessages: [Player_BP_C_0] true
[2025.12.02-10.14.50:549][383]LogBlueprintUserMessages: [Player_BP_C_0] true
[2025.12.02-10.14.50:566][384]LogBlueprintUserMessages: [Player_BP_C_0] true
[2025.12.02-10.14.50:583][385]LogBlueprintUserMessages: [Player_BP_C_0] true
[2025.12.02-10.14.50:599][386]LogBlueprintUserMessages: [Player_BP_C_0] true
[2025.12.02-10.14.50:616][387]LogBlueprintUserMessages: [Player_BP_C_0] true
[2025.12.02-10.14.50:633][388]LogBlueprintUserMessages: [Player_BP_C_0] true
[2025.12.02-10.14.50:649][389]LogBlueprintUserMessages: [Player_BP_C_0] true
[2025.12.02-10.14.50:665][390]LogBlueprintUserMessages: [Player_BP_C_0] true
[2025.12.02-10.14.50:682][391]LogBlueprintUserMessages: [Player_BP_C_0] true
[2025.12.02-10.14.50:699][392]LogBlueprintUserMessages: [Player_BP_C_0] true
[2025.12.02-10.14.50:716][393]LogBlueprintUserMessages: [Player_BP_C_0] true
[2025.12.02-10.14.50:733][394]LogBlueprintUserMessages: [Player_BP_C_0] true
[2025.12.02-10.14.50:749][395]LogBlueprintUserMessages: [Player_BP_C_0] true
[2025.12.02-10.14.50:767][396]LogBlueprintUserMessages: [Player_BP_C_0] true
[2025.12.02-10.14.50:783][397]LogBlueprintUserMessages: [Player_BP_C_0] true
[2025.12.02-10.14.50:799][398]LogBlueprintUserMessages: [Player_BP_C_0] true
[2025.12.02-10.14.50:816][399]LogBlueprintUserMessages: [Player_BP_C_0] true
[2025.12.02-10.14.50:832][400]LogBlueprintUserMessages: [Player_BP_C_0] true
[2025.12.02-10.14.50:850][401]LogBlueprintUserMessages: [Player_BP_C_0] true
[2025.12.02-10.14.50:867][402]LogBlueprintUserMessages: [Player_BP_C_0] true
[2025.12.02-10.14.50:883][403]LogBlueprintUserMessages: [Player_BP_C_0] true
[2025.12.02-10.14.50:899][404]LogBlueprintUserMessages: [Player_BP_C_0] true
[2025.12.02-10.14.50:915][405]LogBlueprintUserMessages: [Player_BP_C_0] true
[2025.12.02-10.14.50:933][406]LogBlueprintUserMessages: [Player_BP_C_0] true
[2025.12.02-10.14.50:950][407]LogBlueprintUserMessages: [Player_BP_C_0] true
[2025.12.02-10.14.50:966][408]LogBlueprintUserMessages: [Player_BP_C_0] true
[2025.12.02-10.14.50:983][409]LogBlueprintUserMessages: [Player_BP_C_0] true
[2025.12.02-10.14.50:999][410]LogBlueprintUserMessages: [Player_BP_C_0] true
[2025.12.02-10.14.51:016][411]LogBlueprintUserMessages: [Player_BP_C_0] true
[2025.12.02-10.14.51:033][412]LogBlueprintUserMessages: [Player_BP_C_0] true
[2025.12.02-10.14.51:049][413]LogBlueprintUserMessages: [Player_BP_C_0] true
[2025.12.02-10.14.51:066][414]LogBlueprintUserMessages: [Player_BP_C_0] true
[2025.12.02-10.14.51:083][415]LogBlueprintUserMessages: [Player_BP_C_0] true
[2025.12.02-10.14.51:099][416]LogBlueprintUserMessages: [Player_BP_C_0] true
[2025.12.02-10.14.51:117][417]LogBlueprintUserMessages: [Player_BP_C_0] true
[2025.12.02-10.14.51:133][418]LogBlueprintUserMessages: [Player_BP_C_0] true
[2025.12.02-10.14.51:149][419]LogBlueprintUserMessages: [Player_BP_C_0] true
[2025.12.02-10.14.51:166][420]LogBlueprintUserMessages: [Player_BP_C_0] true
[2025.12.02-10.14.51:183][421]LogBlueprintUserMessages: [Player_BP_C_0] true
[2025.12.02-10.14.51:200][422]LogBlueprintUserMessages: [Player_BP_C_0] true
[2025.12.02-10.14.51:216][423]LogBlueprintUserMessages: [Player_BP_C_0] true
[2025.12.02-10.14.51:233][424]LogBlueprintUserMessages: [Player_BP_C_0] true
[2025.12.02-10.14.51:249][425]LogBlueprintUserMessages: [Player_BP_C_0] true
[2025.12.02-10.14.51:266][426]LogBlueprintUserMessages: [Player_BP_C_0] true
[2025.12.02-10.14.51:283][427]LogBlueprintUserMessages: [Player_BP_C_0] true
[2025.12.02-10.14.51:299][428]LogBlueprintUserMessages: [Player_BP_C_0] true
[2025.12.02-10.14.51:316][429]LogBlueprintUserMessages: [Player_BP_C_0] true
[2025.12.02-10.14.51:333][430]LogBlueprintUserMessages: [Player_BP_C_0] true
[2025.12.02-10.14.51:349][431]LogBlueprintUserMessages: [Player_BP_C_0] true
[2025.12.02-10.14.51:366][432]LogBlueprintUserMessages: [Player_BP_C_0] true
[2025.12.02-10.14.51:383][433]LogBlueprintUserMessages: [Player_BP_C_0] true
[2025.12.02-10.14.51:399][434]LogBlueprintUserMessages: [Player_BP_C_0] true
[2025.12.02-10.14.51:416][435]LogBlueprintUserMessages: [Player_BP_C_0] true
[2025.12.02-10.14.51:433][436]LogBlueprintUserMessages: [Player_BP_C_0] true
[2025.12.02-10.14.51:449][437]LogBlueprintUserMessages: [Player_BP_C_0] true
[2025.12.02-10.14.51:466][438]LogBlueprintUserMessages: [Player_BP_C_0] true
[2025.12.02-10.14.51:483][439]LogBlueprintUserMessages: [Player_BP_C_0] true
[2025.12.02-10.14.51:499][440]LogBlueprintUserMessages: [Player_BP_C_0] true
[2025.12.02-10.14.51:516][441]LogBlueprintUserMessages: [Player_BP_C_0] true
[2025.12.02-10.14.51:533][442]LogBlueprintUserMessages: [Player_BP_C_0] true
[2025.12.02-10.14.51:549][443]LogBlueprintUserMessages: [Player_BP_C_0] true
[2025.12.02-10.14.51:566][444]LogBlueprintUserMessages: [Player_BP_C_0] true
[2025.12.02-10.14.51:583][445]LogBlueprintUserMessages: [Player_BP_C_0] true
[2025.12.02-10.14.51:600][446]LogBlueprintUserMessages: [Player_BP_C_0] true
[2025.12.02-10.14.51:616][447]LogBlueprintUserMessages: [Player_BP_C_0] true
[2025.12.02-10.14.51:633][448]LogBlueprintUserMessages: [Player_BP_C_0] true
[2025.12.02-10.14.51:648][449]LogBlueprintUserMessages: [Player_BP_C_0] true
[2025.12.02-10.14.51:666][450]LogBlueprintUserMessages: [Player_BP_C_0] true
[2025.12.02-10.14.51:667][450]LogViewport: Display: Viewport MouseLockMode Changed, LockOnCapture -> DoNotLock
[2025.12.02-10.14.51:667][450]LogViewport: Display: Viewport MouseCaptureMode Changed, CapturePermanently_IncludingInitialMouseDown -> NoCapture
[2025.12.02-10.14.51:683][451]LogBlueprintUserMessages: [Player_BP_C_0] true
[2025.12.02-10.14.51:699][452]LogBlueprintUserMessages: [Player_BP_C_0] true
[2025.12.02-10.14.51:716][453]LogBlueprintUserMessages: [Player_BP_C_0] true
[2025.12.02-10.14.51:733][454]LogBlueprintUserMessages: [Player_BP_C_0] true
[2025.12.02-10.14.51:749][455]LogBlueprintUserMessages: [Player_BP_C_0] true
[2025.12.02-10.14.51:766][456]LogBlueprintUserMessages: [Player_BP_C_0] true
[2025.12.02-10.14.51:783][457]LogBlueprintUserMessages: [Player_BP_C_0] true
[2025.12.02-10.14.51:800][458]LogBlueprintUserMessages: [Player_BP_C_0] true
[2025.12.02-10.14.51:816][459]LogBlueprintUserMessages: [Player_BP_C_0] true
[2025.12.02-10.14.51:833][460]LogBlueprintUserMessages: [Player_BP_C_0] true
[2025.12.02-10.14.51:849][461]LogBlueprintUserMessages: [Player_BP_C_0] true
[2025.12.02-10.14.51:866][462]LogBlueprintUserMessages: [Player_BP_C_0] true
[2025.12.02-10.14.51:883][463]LogBlueprintUserMessages: [Player_BP_C_0] true
[2025.12.02-10.14.51:899][464]LogBlueprintUserMessages: [Player_BP_C_0] true
[2025.12.02-10.14.51:916][465]LogBlueprintUserMessages: [Player_BP_C_0] true
[2025.12.02-10.14.51:933][466]LogBlueprintUserMessages: [Player_BP_C_0] true
[2025.12.02-10.14.51:949][467]LogBlueprintUserMessages: [Player_BP_C_0] true
[2025.12.02-10.14.51:966][468]LogBlueprintUserMessages: [Player_BP_C_0] true
[2025.12.02-10.14.51:983][469]LogBlueprintUserMessages: [Player_BP_C_0] true
[2025.12.02-10.14.51:999][470]LogBlueprintUserMessages: [Player_BP_C_0] true
[2025.12.02-10.14.52:016][471]LogBlueprintUserMessages: [Player_BP_C_0] true
[2025.12.02-10.14.52:033][472]LogBlueprintUserMessages: [Player_BP_C_0] true
[2025.12.02-10.14.52:049][473]LogBlueprintUserMessages: [Player_BP_C_0] true
[2025.12.02-10.14.52:066][474]LogBlueprintUserMessages: [Player_BP_C_0] true
[2025.12.02-10.14.52:082][475]LogBlueprintUserMessages: [Player_BP_C_0] true
[2025.12.02-10.14.52:099][476]LogBlueprintUserMessages: [Player_BP_C_0] true
[2025.12.02-10.14.52:116][477]LogBlueprintUserMessages: [Player_BP_C_0] true
[2025.12.02-10.14.52:133][478]LogBlueprintUserMessages: [Player_BP_C_0] true
[2025.12.02-10.14.52:149][479]LogBlueprintUserMessages: [Player_BP_C_0] true
[2025.12.02-10.14.52:165][480]LogBlueprintUserMessages: [Player_BP_C_0] true
[2025.12.02-10.14.52:183][481]LogBlueprintUserMessages: [Player_BP_C_0] true
[2025.12.02-10.14.52:199][482]LogBlueprintUserMessages: [Player_BP_C_0] true
[2025.12.02-10.14.52:216][483]LogBlueprintUserMessages: [Player_BP_C_0] true
[2025.12.02-10.14.52:233][484]LogBlueprintUserMessages: [Player_BP_C_0] true
[2025.12.02-10.14.52:249][485]LogBlueprintUserMessages: [Player_BP_C_0] true
[2025.12.02-10.14.52:266][486]LogBlueprintUserMessages: [Player_BP_C_0] true
[2025.12.02-10.14.52:283][487]LogBlueprintUserMessages: [Player_BP_C_0] true
[2025.12.02-10.14.52:299][488]LogBlueprintUserMessages: [Player_BP_C_0] true
[2025.12.02-10.14.52:316][489]LogBlueprintUserMessages: [Player_BP_C_0] true
[2025.12.02-10.14.52:333][490]LogBlueprintUserMessages: [Player_BP_C_0] true
[2025.12.02-10.14.52:349][491]LogBlueprintUserMessages: [Player_BP_C_0] true
[2025.12.02-10.14.52:366][492]LogBlueprintUserMessages: [Player_BP_C_0] true
[2025.12.02-10.14.52:383][493]LogBlueprintUserMessages: [Player_BP_C_0] true
[2025.12.02-10.14.52:399][494]LogBlueprintUserMessages: [Player_BP_C_0] true
[2025.12.02-10.14.52:416][495]LogBlueprintUserMessages: [Player_BP_C_0] true
[2025.12.02-10.14.52:433][496]LogBlueprintUserMessages: [Player_BP_C_0] true
[2025.12.02-10.14.52:449][497]LogBlueprintUserMessages: [Player_BP_C_0] true
[2025.12.02-10.14.52:466][498]LogBlueprintUserMessages: [Player_BP_C_0] true
[2025.12.02-10.14.52:483][499]LogBlueprintUserMessages: [Player_BP_C_0] true
[2025.12.02-10.14.52:499][500]LogBlueprintUserMessages: [Player_BP_C_0] true
[2025.12.02-10.14.52:516][501]LogBlueprintUserMessages: [Player_BP_C_0] true
[2025.12.02-10.14.52:533][502]LogBlueprintUserMessages: [Player_BP_C_0] true
[2025.12.02-10.14.52:549][503]LogBlueprintUserMessages: [Player_BP_C_0] true
[2025.12.02-10.14.52:566][504]LogBlueprintUserMessages: [Player_BP_C_0] true
[2025.12.02-10.14.52:583][505]LogBlueprintUserMessages: [Player_BP_C_0] true
[2025.12.02-10.14.52:599][506]LogBlueprintUserMessages: [Player_BP_C_0] true
[2025.12.02-10.14.52:616][507]LogBlueprintUserMessages: [Player_BP_C_0] true
[2025.12.02-10.14.52:633][508]LogBlueprintUserMessages: [Player_BP_C_0] true
[2025.12.02-10.14.52:649][509]LogBlueprintUserMessages: [Player_BP_C_0] true
[2025.12.02-10.14.52:666][510]LogBlueprintUserMessages: [Player_BP_C_0] true
[2025.12.02-10.14.52:683][511]LogBlueprintUserMessages: [Player_BP_C_0] true
[2025.12.02-10.14.52:699][512]LogBlueprintUserMessages: [Player_BP_C_0] true
[2025.12.02-10.14.52:715][513]LogBlueprintUserMessages: [Player_BP_C_0] true
[2025.12.02-10.14.52:733][514]LogBlueprintUserMessages: [Player_BP_C_0] true
[2025.12.02-10.14.52:749][515]LogBlueprintUserMessages: [Player_BP_C_0] true
[2025.12.02-10.14.52:766][516]LogBlueprintUserMessages: [Player_BP_C_0] true
[2025.12.02-10.14.52:783][517]LogBlueprintUserMessages: [Player_BP_C_0] true
[2025.12.02-10.14.52:799][518]LogBlueprintUserMessages: [Player_BP_C_0] true
[2025.12.02-10.14.52:816][519]LogBlueprintUserMessages: [Player_BP_C_0] true
[2025.12.02-10.14.52:833][520]LogBlueprintUserMessages: [Player_BP_C_0] true
[2025.12.02-10.14.52:849][521]LogBlueprintUserMessages: [Player_BP_C_0] true
[2025.12.02-10.14.52:866][522]LogBlueprintUserMessages: [Player_BP_C_0] true
[2025.12.02-10.14.52:883][523]LogBlueprintUserMessages: [Player_BP_C_0] true
[2025.12.02-10.14.52:900][524]LogBlueprintUserMessages: [Player_BP_C_0] true
[2025.12.02-10.14.52:916][525]LogBlueprintUserMessages: [Player_BP_C_0] true
[2025.12.02-10.14.52:933][526]LogBlueprintUserMessages: [Player_BP_C_0] true
[2025.12.02-10.14.52:950][527]LogBlueprintUserMessages: [Player_BP_C_0] true
[2025.12.02-10.14.52:966][528]LogBlueprintUserMessages: [Player_BP_C_0] true
[2025.12.02-10.14.52:983][529]LogBlueprintUserMessages: [Player_BP_C_0] true
[2025.12.02-10.14.53:000][530]LogBlueprintUserMessages: [Player_BP_C_0] true
[2025.12.02-10.14.53:016][531]LogBlueprintUserMessages: [Player_BP_C_0] true
[2025.12.02-10.14.53:033][532]LogBlueprintUserMessages: [Player_BP_C_0] true
[2025.12.02-10.14.53:049][533]LogBlueprintUserMessages: [Player_BP_C_0] true
[2025.12.02-10.14.53:066][534]LogBlueprintUserMessages: [Player_BP_C_0] true
[2025.12.02-10.14.53:083][535]LogBlueprintUserMessages: [Player_BP_C_0] true
[2025.12.02-10.14.53:099][536]LogBlueprintUserMessages: [Player_BP_C_0] true
[2025.12.02-10.14.53:116][537]LogBlueprintUserMessages: [Player_BP_C_0] true
[2025.12.02-10.14.53:133][538]LogBlueprintUserMessages: [Player_BP_C_0] true
[2025.12.02-10.14.53:150][539]LogBlueprintUserMessages: [Player_BP_C_0] true
[2025.12.02-10.14.53:166][540]LogBlueprintUserMessages: [Player_BP_C_0] true
[2025.12.02-10.14.53:183][541]LogBlueprintUserMessages: [Player_BP_C_0] true
[2025.12.02-10.14.53:199][542]LogBlueprintUserMessages: [Player_BP_C_0] true
[2025.12.02-10.14.53:216][543]LogBlueprintUserMessages: [Player_BP_C_0] true
[2025.12.02-10.14.53:233][544]LogBlueprintUserMessages: [Player_BP_C_0] true
[2025.12.02-10.14.53:249][545]LogBlueprintUserMessages: [Player_BP_C_0] true
[2025.12.02-10.14.53:266][546]LogBlueprintUserMessages: [Player_BP_C_0] true
[2025.12.02-10.14.53:283][547]LogBlueprintUserMessages: [Player_BP_C_0] true
[2025.12.02-10.14.53:299][548]LogBlueprintUserMessages: [Player_BP_C_0] true
[2025.12.02-10.14.53:316][549]LogBlueprintUserMessages: [Player_BP_C_0] true
[2025.12.02-10.14.53:333][550]LogBlueprintUserMessages: [Player_BP_C_0] true
[2025.12.02-10.14.53:349][551]LogBlueprintUserMessages: [Player_BP_C_0] true
[2025.12.02-10.14.53:366][552]LogBlueprintUserMessages: [Player_BP_C_0] true
[2025.12.02-10.14.53:383][553]LogBlueprintUserMessages: [Player_BP_C_0] true
[2025.12.02-10.14.53:399][554]LogBlueprintUserMessages: [Player_BP_C_0] true
[2025.12.02-10.14.53:416][555]LogBlueprintUserMessages: [Player_BP_C_0] true
[2025.12.02-10.14.53:433][556]LogBlueprintUserMessages: [Player_BP_C_0] true
[2025.12.02-10.14.53:449][557]LogBlueprintUserMessages: [Player_BP_C_0] true
[2025.12.02-10.14.53:466][558]LogBlueprintUserMessages: [Player_BP_C_0] true
[2025.12.02-10.14.53:483][559]LogBlueprintUserMessages: [Player_BP_C_0] true
[2025.12.02-10.14.53:500][560]LogBlueprintUserMessages: [Player_BP_C_0] true
[2025.12.02-10.14.53:516][561]LogBlueprintUserMessages: [Player_BP_C_0] true
[2025.12.02-10.14.53:533][562]LogBlueprintUserMessages: [Player_BP_C_0] true
[2025.12.02-10.14.53:549][563]LogBlueprintUserMessages: [Player_BP_C_0] true
[2025.12.02-10.14.53:566][564]LogBlueprintUserMessages: [Player_BP_C_0] true
[2025.12.02-10.14.53:583][565]LogBlueprintUserMessages: [Player_BP_C_0] true
[2025.12.02-10.14.53:600][566]LogBlueprintUserMessages: [Player_BP_C_0] true
[2025.12.02-10.14.53:616][567]LogBlueprintUserMessages: [Player_BP_C_0] true
[2025.12.02-10.14.53:633][568]LogBlueprintUserMessages: [Player_BP_C_0] true
[2025.12.02-10.14.53:650][569]LogBlueprintUserMessages: [Player_BP_C_0] true
[2025.12.02-10.14.53:666][570]LogBlueprintUserMessages: [Player_BP_C_0] true
[2025.12.02-10.14.53:683][571]LogBlueprintUserMessages: [Player_BP_C_0] true
[2025.12.02-10.14.53:699][572]LogBlueprintUserMessages: [Player_BP_C_0] true
[2025.12.02-10.14.53:716][573]LogBlueprintUserMessages: [Player_BP_C_0] true
[2025.12.02-10.14.53:733][574]LogBlueprintUserMessages: [Player_BP_C_0] true
[2025.12.02-10.14.53:748][575]LogBlueprintUserMessages: [Player_BP_C_0] true
[2025.12.02-10.14.53:765][576]LogBlueprintUserMessages: [Player_BP_C_0] true
[2025.12.02-10.14.53:783][577]LogBlueprintUserMessages: [Player_BP_C_0] true
[2025.12.02-10.14.53:799][578]LogBlueprintUserMessages: [Player_BP_C_0] true
[2025.12.02-10.14.53:816][579]LogBlueprintUserMessages: [Player_BP_C_0] true
[2025.12.02-10.14.53:833][580]LogBlueprintUserMessages: [Player_BP_C_0] true
[2025.12.02-10.14.53:849][581]LogBlueprintUserMessages: [Player_BP_C_0] true
[2025.12.02-10.14.53:866][582]LogBlueprintUserMessages: [Player_BP_C_0] true
[2025.12.02-10.14.53:883][583]LogBlueprintUserMessages: [Player_BP_C_0] true
[2025.12.02-10.14.53:900][584]LogBlueprintUserMessages: [Player_BP_C_0] true
[2025.12.02-10.14.53:916][585]LogBlueprintUserMessages: [Player_BP_C_0] true
[2025.12.02-10.14.53:933][586]LogBlueprintUserMessages: [Player_BP_C_0] true
[2025.12.02-10.14.53:950][587]LogBlueprintUserMessages: [Player_BP_C_0] true
[2025.12.02-10.14.53:966][588]LogBlueprintUserMessages: [Player_BP_C_0] true
[2025.12.02-10.14.53:983][589]LogBlueprintUserMessages: [Player_BP_C_0] true
[2025.12.02-10.14.53:999][590]LogBlueprintUserMessages: [Player_BP_C_0] true
[2025.12.02-10.14.54:016][591]LogBlueprintUserMessages: [Player_BP_C_0] true
[2025.12.02-10.14.54:055][591]LogSlate: Updating window title bar state: overlay mode, drag disabled, window buttons hidden, title bar hidden
[2025.12.02-10.14.54:055][591]LogWorld: BeginTearingDown for /Game/Mapas/Fases/MapadeTeste/UEDPIE_0_MapadeTeste
[2025.12.02-10.14.54:055][591]LogWorld: UWorld::CleanupWorld for MapadeTeste, bSessionEnded=true, bCleanupResources=true
[2025.12.02-10.14.54:056][591]LogSlate: InvalidateAllWidgets triggered.  All widgets were invalidated
[2025.12.02-10.14.54:069][591]LogPlayLevel: Display: Shutting down PIE online subsystems
[2025.12.02-10.14.54:077][591]LogSlate: InvalidateAllWidgets triggered.  All widgets were invalidated
[2025.12.02-10.14.54:106][591]LogSlate: Updating window title bar state: overlay mode, drag disabled, window buttons hidden, title bar hidden
[2025.12.02-10.14.54:107][591]LogAudioMixer: FMixerPlatformXAudio2::StopAudioStream() called
[2025.12.02-10.14.54:108][591]LogAudioMixer: FMixerPlatformXAudio2::StopAudioStream() called
[2025.12.02-10.14.54:116][591]LogUObjectHash: Compacting FUObjectHashTables data took   2.83ms
[2025.12.02-10.14.54:135][592]LogPlayLevel: Display: Destroying online subsystem :Context_5
[2025.12.02-10.15.29:851][704]BlueprintLog: New page: Compile Player_BP
[2025.12.02-10.15.29:945][704]LogUObjectHash: Compacting FUObjectHashTables data took   3.80ms
[2025.12.02-10.15.30:009][704]Cmd: OBJ SAVEPACKAGE PACKAGE="/Game/Player/Blueprints/Player_BP" FILE="E:/Unreal/Fumec_DevGames/Content/Player/Blueprints/Player_BP.uasset" SILENT=true
[2025.12.02-10.15.30:300][704]LogSavePackage: Moving 'E:/Unreal/Fumec_DevGames/Saved/Player_BP8431BC9B43BB36B991EAFBAAC32DC13C.tmp' to 'E:/Unreal/Fumec_DevGames/Content/Player/Blueprints/Player_BP.uasset'
[2025.12.02-10.15.30:324][704]AssetCheck: New page: Asset Save: Player_BP
[2025.12.02-10.15.30:324][704]LogContentValidation: Display: Validating Blueprint /Game/Player/Blueprints/Player_BP.Player_BP
[2025.12.02-10.15.30:709][719]Cmd: OBJ SAVEPACKAGE PACKAGE="/Game/Player/Blueprints/Player_BP" FILE="E:/Unreal/Fumec_DevGames/Content/Player/Blueprints/Player_BP.uasset" SILENT=true
[2025.12.02-10.15.30:879][719]LogSavePackage: Moving 'E:/Unreal/Fumec_DevGames/Saved/Player_BPB2084819495BC280DBF4E2831EBD8CE5.tmp' to 'E:/Unreal/Fumec_DevGames/Content/Player/Blueprints/Player_BP.uasset'
[2025.12.02-10.15.30:898][719]AssetCheck: New page: Asset Save: Player_BP
[2025.12.02-10.15.30:898][719]LogContentValidation: Display: Validating Blueprint /Game/Player/Blueprints/Player_BP.Player_BP
[2025.12.02-10.19.44:417][889]BlueprintLog: New page: Compile Player_BP
[2025.12.02-10.19.44:514][889]LogUObjectHash: Compacting FUObjectHashTables data took   4.53ms
[2025.12.02-10.19.44:585][889]Cmd: OBJ SAVEPACKAGE PACKAGE="/Game/Player/Blueprints/Player_BP" FILE="E:/Unreal/Fumec_DevGames/Content/Player/Blueprints/Player_BP.uasset" SILENT=true
[2025.12.02-10.19.44:719][889]LogSavePackage: Moving 'E:/Unreal/Fumec_DevGames/Saved/Player_BPC1250CB744A3675AFC0C0881FB822F58.tmp' to 'E:/Unreal/Fumec_DevGames/Content/Player/Blueprints/Player_BP.uasset'
[2025.12.02-10.19.44:747][889]AssetCheck: New page: Asset Save: Player_BP
[2025.12.02-10.19.44:747][889]LogContentValidation: Display: Validating Blueprint /Game/Player/Blueprints/Player_BP.Player_BP
[2025.12.02-10.19.59:050][717]BlueprintLog: New page: Compile Player_BP
[2025.12.02-10.19.59:145][717]LogUObjectHash: Compacting FUObjectHashTables data took   3.80ms
[2025.12.02-10.19.59:207][717]Cmd: OBJ SAVEPACKAGE PACKAGE="/Game/Player/Blueprints/Player_BP" FILE="E:/Unreal/Fumec_DevGames/Content/Player/Blueprints/Player_BP.uasset" SILENT=true
[2025.12.02-10.19.59:340][717]LogSavePackage: Moving 'E:/Unreal/Fumec_DevGames/Saved/Player_BP09102CF04FEF71495493DAA8C6BF82B6.tmp' to 'E:/Unreal/Fumec_DevGames/Content/Player/Blueprints/Player_BP.uasset'
[2025.12.02-10.19.59:359][717]AssetCheck: New page: Asset Save: Player_BP
[2025.12.02-10.19.59:359][717]LogContentValidation: Display: Validating Blueprint /Game/Player/Blueprints/Player_BP.Player_BP
[2025.12.02-10.19.59:539][720]Cmd: OBJ SAVEPACKAGE PACKAGE="/Game/Player/Blueprints/Player_BP" FILE="E:/Unreal/Fumec_DevGames/Content/Player/Blueprints/Player_BP.uasset" SILENT=true
[2025.12.02-10.19.59:668][720]LogSavePackage: Moving 'E:/Unreal/Fumec_DevGames/Saved/Player_BP1F4846F14E55ECE2E1E82C91DD75A7A4.tmp' to 'E:/Unreal/Fumec_DevGames/Content/Player/Blueprints/Player_BP.uasset'
[2025.12.02-10.19.59:686][720]AssetCheck: New page: Asset Save: Player_BP
[2025.12.02-10.19.59:687][720]LogContentValidation: Display: Validating Blueprint /Game/Player/Blueprints/Player_BP.Player_BP
[2025.12.02-10.20.07:704][193]LogEditorTransaction: Undo Create Pin Link
[2025.12.02-10.20.10:235][318]LogEditorTransaction: Undo Create Pin Link
[2025.12.02-10.20.10:809][344]LogEditorTransaction: Undo Move Node
[2025.12.02-10.20.11:319][366]LogEditorTransaction: Undo Delete current selection
[2025.12.02-10.20.13:742][498]LogEditorTransaction: Undo Move Node
[2025.12.02-10.20.14:216][517]LogEditorTransaction: Undo Create Pin Link
[2025.12.02-10.20.14:751][539]LogEditorTransaction: Undo Delete current selection
[2025.12.02-10.20.16:576][636]LogUObjectHash: Compacting FUObjectHashTables data took   3.95ms
[2025.12.02-10.20.16:619][636]Cmd: OBJ SAVEPACKAGE PACKAGE="/Game/Mapas/Fases/MapadeTeste/MapadeTeste" FILE="E:/Unreal/Fumec_DevGames/Content/Mapas/Fases/MapadeTeste/MapadeTeste.umap" SILENT=true AUTOSAVING=false KEEPDIRTY=false
[2025.12.02-10.20.16:649][636]LogUObjectHash: Compacting FUObjectHashTables data took   0.76ms
[2025.12.02-10.20.16:824][636]LogSavePackage: Moving 'E:/Unreal/Fumec_DevGames/Saved/MapadeTesteAE87E5544AC4BBCD0616B386DDF5DEEE.tmp' to 'E:/Unreal/Fumec_DevGames/Content/Mapas/Fases/MapadeTeste/MapadeTeste.umap'
[2025.12.02-10.20.16:875][636]LogFileHelpers: Saving map 'MapadeTeste' took 0.256
[2025.12.02-10.20.16:876][636]Cmd: OBJ SAVEPACKAGE PACKAGE="/Game/Player/Blueprints/Player_BP" FILE="E:/Unreal/Fumec_DevGames/Content/Player/Blueprints/Player_BP.uasset" SILENT=true
[2025.12.02-10.20.17:054][636]LogSavePackage: Moving 'E:/Unreal/Fumec_DevGames/Saved/Player_BP38744FD947DA957B64DABEB7537764BA.tmp' to 'E:/Unreal/Fumec_DevGames/Content/Player/Blueprints/Player_BP.uasset'
[2025.12.02-10.20.17:074][636]AssetCheck: New page: Asset Save: multiple assets
[2025.12.02-10.20.17:074][636]LogContentValidation: Display: Validating Blueprint /Game/Player/Blueprints/Player_BP.Player_BP
[2025.12.02-10.20.17:074][636]LogContentValidation: Display: Validating World /Game/Mapas/Fases/MapadeTeste/MapadeTeste.MapadeTeste
[2025.12.02-10.20.32:570][552]BlueprintLog: New page: Compile Player_BP
[2025.12.02-10.20.32:666][552]LogUObjectHash: Compacting FUObjectHashTables data took   3.16ms
[2025.12.02-10.20.33:238][574]Cmd: OBJ SAVEPACKAGE PACKAGE="/Game/Player/Blueprints/Player_BP" FILE="E:/Unreal/Fumec_DevGames/Content/Player/Blueprints/Player_BP.uasset" SILENT=true
[2025.12.02-10.20.33:508][574]LogSavePackage: Moving 'E:/Unreal/Fumec_DevGames/Saved/Player_BP5940F7614881E5F1093E97895E15E12D.tmp' to 'E:/Unreal/Fumec_DevGames/Content/Player/Blueprints/Player_BP.uasset'
[2025.12.02-10.20.33:530][574]AssetCheck: New page: Asset Save: Player_BP
[2025.12.02-10.20.33:530][574]LogContentValidation: Display: Validating Blueprint /Game/Player/Blueprints/Player_BP.Player_BP
[2025.12.02-10.21.22:103][988]BlueprintLog: New page: Compile Player_BP
[2025.12.02-10.21.22:200][988]LogUObjectHash: Compacting FUObjectHashTables data took   4.08ms
[2025.12.02-10.21.22:272][988]Cmd: OBJ SAVEPACKAGE PACKAGE="/Game/Player/Blueprints/Player_BP" FILE="E:/Unreal/Fumec_DevGames/Content/Player/Blueprints/Player_BP.uasset" SILENT=true
[2025.12.02-10.21.22:606][988]LogSavePackage: Moving 'E:/Unreal/Fumec_DevGames/Saved/Player_BP56A6467D4EE535F9C2563EA599306288.tmp' to 'E:/Unreal/Fumec_DevGames/Content/Player/Blueprints/Player_BP.uasset'
[2025.12.02-10.21.22:632][988]AssetCheck: New page: Asset Save: Player_BP
[2025.12.02-10.21.22:632][988]LogContentValidation: Display: Validating Blueprint /Game/Player/Blueprints/Player_BP.Player_BP
[2025.12.02-10.21.23:932][ 58]LogTemp: Repeating last play command: Selected Viewport
[2025.12.02-10.21.23:940][ 58]LogPlayLevel: PlayLevel: No blueprints needed recompiling
[2025.12.02-10.21.23:940][ 58]PIE: New page: PIE session: MapadeTeste (Dec 2, 2025, 4:21:23 AM)
[2025.12.02-10.21.23:940][ 58]LogPlayLevel: Creating play world package: /Game/Mapas/Fases/MapadeTeste/UEDPIE_0_MapadeTeste
[2025.12.02-10.21.23:965][ 58]LogPlayLevel: PIE: StaticDuplicateObject took: (0.024669s)
[2025.12.02-10.21.23:966][ 58]LogAIModule: Creating AISystem for world MapadeTeste
[2025.12.02-10.21.23:967][ 58]LogPlayLevel: PIE: World Init took: (0.001334s)
[2025.12.02-10.21.23:967][ 58]LogPlayLevel: PIE: Created PIE world by copying editor world from /Game/Mapas/Fases/MapadeTeste/MapadeTeste.MapadeTeste to /Game/Mapas/Fases/MapadeTeste/UEDPIE_0_MapadeTeste.MapadeTeste (0.026168s)
[2025.12.02-10.21.24:001][ 58]LogUObjectHash: Compacting FUObjectHashTables data took   3.77ms
[2025.12.02-10.21.24:002][ 58]LogAudio: Display: Creating Audio Device:                 Id: 6, Scope: Unique, Realtime: True
[2025.12.02-10.21.24:002][ 58]LogAudioMixer: Display: Audio Mixer Platform Settings:
[2025.12.02-10.21.24:002][ 58]LogAudioMixer: Display: 	Sample Rate:						  48000
[2025.12.02-10.21.24:002][ 58]LogAudioMixer: Display: 	Callback Buffer Frame Size Requested: 1024
[2025.12.02-10.21.24:002][ 58]LogAudioMixer: Display: 	Callback Buffer Frame Size To Use:	  1024
[2025.12.02-10.21.24:002][ 58]LogAudioMixer: Display: 	Number of buffers to queue:			  2
[2025.12.02-10.21.24:002][ 58]LogAudioMixer: Display: 	Max Channels (voices):				  32
[2025.12.02-10.21.24:002][ 58]LogAudioMixer: Display: 	Number of Async Source Workers:		  0
[2025.12.02-10.21.24:002][ 58]LogAudio: Display: AudioDevice MaxSources: 32
[2025.12.02-10.21.24:003][ 58]LogAudio: Display: Audio Spatialization Plugin: None (built-in).
[2025.12.02-10.21.24:003][ 58]LogAudio: Display: Audio Reverb Plugin: None (built-in).
[2025.12.02-10.21.24:003][ 58]LogAudio: Display: Audio Occlusion Plugin: None (built-in).
[2025.12.02-10.21.24:003][ 58]LogAudioMixer: Display: Initializing audio mixer.
[2025.12.02-10.21.24:009][ 58]LogAudioMixer: Display: 0: FrontLeft
[2025.12.02-10.21.24:009][ 58]LogAudioMixer: Display: 1: FrontRight
[2025.12.02-10.21.24:019][ 58]LogAudioMixer: Display: Using Audio Device Alto-falantes (Realtek(R) Audio)
[2025.12.02-10.21.24:020][ 58]LogAudioMixer: Display: Initializing Sound Submixes...
[2025.12.02-10.21.24:020][ 58]LogAudioMixer: Display: Creating Master Submix 'MasterSubmixDefault'
[2025.12.02-10.21.24:020][ 58]LogAudioMixer: Display: Creating Master Submix 'MasterReverbSubmixDefault'
[2025.12.02-10.21.24:020][ 58]LogAudioMixer: Display: Creating Master Submix 'MasterEQSubmixDefault'
[2025.12.02-10.21.24:020][ 58]LogAudioMixer: FMixerPlatformXAudio2::StartAudioStream() called
[2025.12.02-10.21.24:020][ 58]LogAudioMixer: Display: Output buffers initialized: Frames=1024, Channels=2, Samples=2048
[2025.12.02-10.21.24:022][ 58]LogAudioMixer: Display: Starting AudioMixerPlatformInterface::RunInternal()
[2025.12.02-10.21.24:022][ 58]LogAudioMixer: Display: FMixerPlatformXAudio2::SubmitBuffer() called for the first time
[2025.12.02-10.21.24:022][ 58]LogInit: FAudioDevice initialized.
[2025.12.02-10.21.24:022][ 58]LogAudio: Display: Audio Device (ID: 6) registered with world 'MapadeTeste'.
[2025.12.02-10.21.24:068][ 58]LogSlate: Updating window title bar state: overlay mode, drag disabled, window buttons hidden, title bar hidden
[2025.12.02-10.21.24:068][ 58]LogLoad: Game class is 'GameModeRL_C'
[2025.12.02-10.21.24:071][ 58]LogWorld: Bringing World /Game/Mapas/Fases/MapadeTeste/UEDPIE_0_MapadeTeste.MapadeTeste up for play (max tick rate 60) at 2025.12.02-07.21.24
[2025.12.02-10.21.24:072][ 58]LogWorld: Bringing up level for play took: 0.002800
[2025.12.02-10.21.24:072][ 58]LogOnline: OSS: Creating online subsystem instance for: :Context_6
[2025.12.02-10.21.24:082][ 58]PIE: Server logged in
[2025.12.02-10.21.24:087][ 58]PIE: Play in editor total start time 0.148 seconds.
[2025.12.02-10.21.29:082][351]LogViewport: Display: Viewport MouseLockMode Changed, LockOnCapture -> DoNotLock
[2025.12.02-10.21.29:082][351]LogViewport: Display: Viewport MouseCaptureMode Changed, CapturePermanently_IncludingInitialMouseDown -> NoCapture
[2025.12.02-10.21.30:923][459]LogSlate: Updating window title bar state: overlay mode, drag disabled, window buttons hidden, title bar hidden
[2025.12.02-10.21.30:923][459]LogWorld: BeginTearingDown for /Game/Mapas/Fases/MapadeTeste/UEDPIE_0_MapadeTeste
[2025.12.02-10.21.30:923][459]LogSlate: Window 'ColunaDoendoSamurai Preview [NetMode: Standalone]  (64-bit/Windows) ' being destroyed
[2025.12.02-10.21.30:933][459]LogWorld: UWorld::CleanupWorld for MapadeTeste, bSessionEnded=true, bCleanupResources=true
[2025.12.02-10.21.30:934][459]LogSlate: InvalidateAllWidgets triggered.  All widgets were invalidated
[2025.12.02-10.21.30:942][459]LogPlayLevel: Display: Shutting down PIE online subsystems
[2025.12.02-10.21.30:948][459]LogSlate: InvalidateAllWidgets triggered.  All widgets were invalidated
[2025.12.02-10.21.30:976][459]LogAudio: Display: Audio Device unregistered from world 'None'.
[2025.12.02-10.21.30:976][459]LogAudioMixer: FMixerPlatformXAudio2::StopAudioStream() called
[2025.12.02-10.21.30:977][459]LogAudioMixer: FMixerPlatformXAudio2::StopAudioStream() called
[2025.12.02-10.21.30:986][459]LogUObjectHash: Compacting FUObjectHashTables data took   5.39ms
[2025.12.02-10.21.31:016][460]LogPlayLevel: Display: Destroying online subsystem :Context_6
[2025.12.02-10.22.00:786][237]Cmd: OBJ SAVEPACKAGE PACKAGE="/Game/Player/Blueprints/Player_BP" FILE="E:/Unreal/Fumec_DevGames/Content/Player/Blueprints/Player_BP.uasset" SILENT=true
[2025.12.02-10.22.01:189][237]LogSavePackage: Moving 'E:/Unreal/Fumec_DevGames/Saved/Player_BP659187374A5AFC009757BD8A061366E5.tmp' to 'E:/Unreal/Fumec_DevGames/Content/Player/Blueprints/Player_BP.uasset'
[2025.12.02-10.22.01:208][237]AssetCheck: New page: Asset Save: Player_BP
[2025.12.02-10.22.01:208][237]LogContentValidation: Display: Validating Blueprint /Game/Player/Blueprints/Player_BP.Player_BP
[2025.12.02-10.22.02:088][288]LogUObjectHash: Compacting FUObjectHashTables data took   2.62ms
[2025.12.02-10.22.49:265][105]LogTemp: Repeating last play command: Selected Viewport
[2025.12.02-10.22.49:273][105]LogPlayLevel: PlayLevel: No blueprints needed recompiling
[2025.12.02-10.22.49:273][105]PIE: New page: PIE session: MapadeTeste (Dec 2, 2025, 4:22:49 AM)
[2025.12.02-10.22.49:273][105]LogPlayLevel: Creating play world package: /Game/Mapas/Fases/MapadeTeste/UEDPIE_0_MapadeTeste
[2025.12.02-10.22.49:293][105]LogPlayLevel: PIE: StaticDuplicateObject took: (0.020482s)
[2025.12.02-10.22.49:294][105]LogAIModule: Creating AISystem for world MapadeTeste
[2025.12.02-10.22.49:294][105]LogPlayLevel: PIE: World Init took: (0.001128s)
[2025.12.02-10.22.49:294][105]LogPlayLevel: PIE: Created PIE world by copying editor world from /Game/Mapas/Fases/MapadeTeste/MapadeTeste.MapadeTeste to /Game/Mapas/Fases/MapadeTeste/UEDPIE_0_MapadeTeste.MapadeTeste (0.021745s)
[2025.12.02-10.22.49:326][105]LogUObjectHash: Compacting FUObjectHashTables data took   2.71ms
[2025.12.02-10.22.49:328][105]LogAudio: Display: Creating Audio Device:                 Id: 7, Scope: Unique, Realtime: True
[2025.12.02-10.22.49:328][105]LogAudioMixer: Display: Audio Mixer Platform Settings:
[2025.12.02-10.22.49:328][105]LogAudioMixer: Display: 	Sample Rate:						  48000
[2025.12.02-10.22.49:328][105]LogAudioMixer: Display: 	Callback Buffer Frame Size Requested: 1024
[2025.12.02-10.22.49:328][105]LogAudioMixer: Display: 	Callback Buffer Frame Size To Use:	  1024
[2025.12.02-10.22.49:328][105]LogAudioMixer: Display: 	Number of buffers to queue:			  2
[2025.12.02-10.22.49:328][105]LogAudioMixer: Display: 	Max Channels (voices):				  32
[2025.12.02-10.22.49:328][105]LogAudioMixer: Display: 	Number of Async Source Workers:		  0
[2025.12.02-10.22.49:328][105]LogAudio: Display: AudioDevice MaxSources: 32
[2025.12.02-10.22.49:328][105]LogAudio: Display: Audio Spatialization Plugin: None (built-in).
[2025.12.02-10.22.49:328][105]LogAudio: Display: Audio Reverb Plugin: None (built-in).
[2025.12.02-10.22.49:328][105]LogAudio: Display: Audio Occlusion Plugin: None (built-in).
[2025.12.02-10.22.49:328][105]LogAudioMixer: Display: Initializing audio mixer.
[2025.12.02-10.22.49:336][105]LogAudioMixer: Display: 0: FrontLeft
[2025.12.02-10.22.49:336][105]LogAudioMixer: Display: 1: FrontRight
[2025.12.02-10.22.49:344][105]LogAudioMixer: Display: Using Audio Device Alto-falantes (Realtek(R) Audio)
[2025.12.02-10.22.49:344][105]LogAudioMixer: Display: Initializing Sound Submixes...
[2025.12.02-10.22.49:344][105]LogAudioMixer: Display: Creating Master Submix 'MasterSubmixDefault'
[2025.12.02-10.22.49:344][105]LogAudioMixer: Display: Creating Master Submix 'MasterReverbSubmixDefault'
[2025.12.02-10.22.49:345][105]LogAudioMixer: Display: Creating Master Submix 'MasterEQSubmixDefault'
[2025.12.02-10.22.49:345][105]LogAudioMixer: FMixerPlatformXAudio2::StartAudioStream() called
[2025.12.02-10.22.49:345][105]LogAudioMixer: Display: Output buffers initialized: Frames=1024, Channels=2, Samples=2048
[2025.12.02-10.22.49:346][105]LogAudioMixer: Display: Starting AudioMixerPlatformInterface::RunInternal()
[2025.12.02-10.22.49:346][105]LogAudioMixer: Display: FMixerPlatformXAudio2::SubmitBuffer() called for the first time
[2025.12.02-10.22.49:346][105]LogInit: FAudioDevice initialized.
[2025.12.02-10.22.49:346][105]LogAudio: Display: Audio Device (ID: 7) registered with world 'MapadeTeste'.
[2025.12.02-10.22.49:398][105]LogSlate: Updating window title bar state: overlay mode, drag disabled, window buttons hidden, title bar hidden
[2025.12.02-10.22.49:398][105]LogLoad: Game class is 'GameModeRL_C'
[2025.12.02-10.22.49:399][105]LogWorld: Bringing World /Game/Mapas/Fases/MapadeTeste/UEDPIE_0_MapadeTeste.MapadeTeste up for play (max tick rate 60) at 2025.12.02-07.22.49
[2025.12.02-10.22.49:401][105]LogWorld: Bringing up level for play took: 0.002370
[2025.12.02-10.22.49:402][105]LogOnline: OSS: Creating online subsystem instance for: :Context_7
[2025.12.02-10.22.49:411][105]PIE: Server logged in
[2025.12.02-10.22.49:416][105]PIE: Play in editor total start time 0.144 seconds.
[2025.12.02-10.22.51:038][197]LogCharacterMovement: InimigoTeste_14 is stuck and failed to move! Velocity: X=450.00 Y=0.00 Z=0.00 Location: X=52.67 Y=0.00 Z=79.06 Normal: X=0.00 Y=0.00 Z=-1.00 PenetrationDepth:122.554 Actor:CeifadorBP_2 Component:ColisaoAtaque BoneName:None (0 other events since notify)
[2025.12.02-10.22.52:743][296]LogSlate: Updating window title bar state: overlay mode, drag disabled, window buttons hidden, title bar hidden
[2025.12.02-10.22.52:743][296]LogWorld: BeginTearingDown for /Game/Mapas/Fases/MapadeTeste/UEDPIE_0_MapadeTeste
[2025.12.02-10.22.52:744][296]LogSlate: Window 'ColunaDoendoSamurai Preview [NetMode: Standalone]  (64-bit/Windows) ' being destroyed
[2025.12.02-10.22.52:754][296]LogWorld: UWorld::CleanupWorld for MapadeTeste, bSessionEnded=true, bCleanupResources=true
[2025.12.02-10.22.52:754][296]LogSlate: InvalidateAllWidgets triggered.  All widgets were invalidated
[2025.12.02-10.22.52:765][296]LogPlayLevel: Display: Shutting down PIE online subsystems
[2025.12.02-10.22.52:771][296]LogSlate: InvalidateAllWidgets triggered.  All widgets were invalidated
[2025.12.02-10.22.52:799][296]LogAudioMixer: FMixerPlatformXAudio2::StopAudioStream() called
[2025.12.02-10.22.52:802][296]LogAudioMixer: FMixerPlatformXAudio2::StopAudioStream() called
[2025.12.02-10.22.52:809][296]LogUObjectHash: Compacting FUObjectHashTables data took   3.25ms
[2025.12.02-10.22.52:846][297]LogPlayLevel: Display: Destroying online subsystem :Context_7
[2025.12.02-10.22.59:642][691]LogAssetEditorSubsystem: Opening Asset editor for Blueprint /Game/Player/Blueprints/Ghost_BP.Ghost_BP
[2025.12.02-10.23.22:630][ 13]LogSlate: Window 'Color Picker' being destroyed
[2025.12.02-10.23.23:813][ 83]LogTemp: Repeating last play command: Selected Viewport
[2025.12.02-10.23.23:819][ 83]BlueprintLog: New page: Pre-Play auto-recompile
[2025.12.02-10.23.23:845][ 83]LogPlayLevel: [PlayLevel] Compiling Ghost_BP before play...
[2025.12.02-10.23.23:919][ 83]Cmd: OBJ SAVEPACKAGE PACKAGE="/Game/Player/Blueprints/Ghost_BP" FILE="E:/Unreal/Fumec_DevGames/Content/Player/Blueprints/Ghost_BP.uasset" SILENT=true
[2025.12.02-10.23.23:934][ 83]LogSavePackage: Moving 'E:/Unreal/Fumec_DevGames/Saved/Ghost_BP2ADD000845CDC2F428FDBF9714877F39.tmp' to 'E:/Unreal/Fumec_DevGames/Content/Player/Blueprints/Ghost_BP.uasset'
[2025.12.02-10.23.24:011][ 83]LogUObjectHash: Compacting FUObjectHashTables data took   4.07ms
[2025.12.02-10.23.24:012][ 83]LogPlayLevel: PlayLevel: Blueprint regeneration took 191 ms (1 blueprints)
[2025.12.02-10.23.24:012][ 83]PIE: New page: PIE session: MapadeTeste (Dec 2, 2025, 4:23:24 AM)
[2025.12.02-10.23.24:013][ 83]LogPlayLevel: Creating play world package: /Game/Mapas/Fases/MapadeTeste/UEDPIE_0_MapadeTeste
[2025.12.02-10.23.24:034][ 83]LogPlayLevel: PIE: StaticDuplicateObject took: (0.020958s)
[2025.12.02-10.23.24:035][ 83]LogAIModule: Creating AISystem for world MapadeTeste
[2025.12.02-10.23.24:036][ 83]LogPlayLevel: PIE: World Init took: (0.001184s)
[2025.12.02-10.23.24:036][ 83]LogPlayLevel: PIE: Created PIE world by copying editor world from /Game/Mapas/Fases/MapadeTeste/MapadeTeste.MapadeTeste to /Game/Mapas/Fases/MapadeTeste/UEDPIE_0_MapadeTeste.MapadeTeste (0.022321s)
[2025.12.02-10.23.24:071][ 83]LogUObjectHash: Compacting FUObjectHashTables data took   2.82ms
[2025.12.02-10.23.24:071][ 83]LogAudio: Display: Creating Audio Device:                 Id: 8, Scope: Unique, Realtime: True
[2025.12.02-10.23.24:071][ 83]LogAudioMixer: Display: Audio Mixer Platform Settings:
[2025.12.02-10.23.24:071][ 83]LogAudioMixer: Display: 	Sample Rate:						  48000
[2025.12.02-10.23.24:071][ 83]LogAudioMixer: Display: 	Callback Buffer Frame Size Requested: 1024
[2025.12.02-10.23.24:071][ 83]LogAudioMixer: Display: 	Callback Buffer Frame Size To Use:	  1024
[2025.12.02-10.23.24:071][ 83]LogAudioMixer: Display: 	Number of buffers to queue:			  2
[2025.12.02-10.23.24:071][ 83]LogAudioMixer: Display: 	Max Channels (voices):				  32
[2025.12.02-10.23.24:071][ 83]LogAudioMixer: Display: 	Number of Async Source Workers:		  0
[2025.12.02-10.23.24:071][ 83]LogAudio: Display: AudioDevice MaxSources: 32
[2025.12.02-10.23.24:072][ 83]LogAudio: Display: Audio Spatialization Plugin: None (built-in).
[2025.12.02-10.23.24:072][ 83]LogAudio: Display: Audio Reverb Plugin: None (built-in).
[2025.12.02-10.23.24:072][ 83]LogAudio: Display: Audio Occlusion Plugin: None (built-in).
[2025.12.02-10.23.24:072][ 83]LogAudioMixer: Display: Initializing audio mixer.
[2025.12.02-10.23.24:077][ 83]LogAudioMixer: Display: 0: FrontLeft
[2025.12.02-10.23.24:077][ 83]LogAudioMixer: Display: 1: FrontRight
[2025.12.02-10.23.24:086][ 83]LogAudioMixer: Display: Using Audio Device Alto-falantes (Realtek(R) Audio)
[2025.12.02-10.23.24:086][ 83]LogAudioMixer: Display: Initializing Sound Submixes...
[2025.12.02-10.23.24:087][ 83]LogAudioMixer: Display: Creating Master Submix 'MasterSubmixDefault'
[2025.12.02-10.23.24:087][ 83]LogAudioMixer: Display: Creating Master Submix 'MasterReverbSubmixDefault'
[2025.12.02-10.23.24:087][ 83]LogAudioMixer: Display: Creating Master Submix 'MasterEQSubmixDefault'
[2025.12.02-10.23.24:087][ 83]LogAudioMixer: FMixerPlatformXAudio2::StartAudioStream() called
[2025.12.02-10.23.24:087][ 83]LogAudioMixer: Display: Output buffers initialized: Frames=1024, Channels=2, Samples=2048
[2025.12.02-10.23.24:089][ 83]LogAudioMixer: Display: Starting AudioMixerPlatformInterface::RunInternal()
[2025.12.02-10.23.24:089][ 83]LogAudioMixer: Display: FMixerPlatformXAudio2::SubmitBuffer() called for the first time
[2025.12.02-10.23.24:089][ 83]LogInit: FAudioDevice initialized.
[2025.12.02-10.23.24:089][ 83]LogAudio: Display: Audio Device (ID: 8) registered with world 'MapadeTeste'.
[2025.12.02-10.23.24:099][ 83]LogLoad: Game class is 'GameModeRL_C'
[2025.12.02-10.23.24:101][ 83]LogWorld: Bringing World /Game/Mapas/Fases/MapadeTeste/UEDPIE_0_MapadeTeste.MapadeTeste up for play (max tick rate 60) at 2025.12.02-07.23.24
[2025.12.02-10.23.24:101][ 83]LogWorld: Bringing up level for play took: 0.001458
[2025.12.02-10.23.24:101][ 83]LogOnline: OSS: Creating online subsystem instance for: :Context_9
[2025.12.02-10.23.24:106][ 83]PIE: Server logged in
[2025.12.02-10.23.24:107][ 83]PIE: Play in editor total start time 0.288 seconds.
[2025.12.02-10.23.24:157][ 84]AssetCheck: New page: Asset Save: Ghost_BP
[2025.12.02-10.23.24:157][ 84]LogContentValidation: Display: Validating Blueprint /Game/Player/Blueprints/Ghost_BP.Ghost_BP
[2025.12.02-10.23.28:913][362]LogSlate: Updating window title bar state: overlay mode, drag disabled, window buttons hidden, title bar hidden
[2025.12.02-10.23.28:913][362]LogWorld: BeginTearingDown for /Game/Mapas/Fases/MapadeTeste/UEDPIE_0_MapadeTeste
[2025.12.02-10.23.28:913][362]LogWorld: UWorld::CleanupWorld for MapadeTeste, bSessionEnded=true, bCleanupResources=true
[2025.12.02-10.23.28:913][362]LogSlate: InvalidateAllWidgets triggered.  All widgets were invalidated
[2025.12.02-10.23.28:926][362]LogPlayLevel: Display: Shutting down PIE online subsystems
[2025.12.02-10.23.28:932][362]LogSlate: InvalidateAllWidgets triggered.  All widgets were invalidated
[2025.12.02-10.23.28:965][362]LogSlate: Updating window title bar state: overlay mode, drag disabled, window buttons hidden, title bar hidden
[2025.12.02-10.23.28:965][362]LogAudioMixer: FMixerPlatformXAudio2::StopAudioStream() called
[2025.12.02-10.23.28:966][362]LogAudioMixer: FMixerPlatformXAudio2::StopAudioStream() called
[2025.12.02-10.23.28:974][362]LogUObjectHash: Compacting FUObjectHashTables data took   2.92ms
[2025.12.02-10.23.29:001][363]LogPlayLevel: Display: Destroying online subsystem :Context_9
[2025.12.02-10.23.29:881][415]LogTemp: Repeating last play command: Selected Viewport
[2025.12.02-10.23.29:888][415]LogPlayLevel: PlayLevel: No blueprints needed recompiling
[2025.12.02-10.23.29:888][415]PIE: New page: PIE session: MapadeTeste (Dec 2, 2025, 4:23:29 AM)
[2025.12.02-10.23.29:888][415]LogPlayLevel: Creating play world package: /Game/Mapas/Fases/MapadeTeste/UEDPIE_0_MapadeTeste
[2025.12.02-10.23.29:911][415]LogPlayLevel: PIE: StaticDuplicateObject took: (0.021843s)
[2025.12.02-10.23.29:912][415]LogAIModule: Creating AISystem for world MapadeTeste
[2025.12.02-10.23.29:912][415]LogPlayLevel: PIE: World Init took: (0.001219s)
[2025.12.02-10.23.29:912][415]LogPlayLevel: PIE: Created PIE world by copying editor world from /Game/Mapas/Fases/MapadeTeste/MapadeTeste.MapadeTeste to /Game/Mapas/Fases/MapadeTeste/UEDPIE_0_MapadeTeste.MapadeTeste (0.023225s)
[2025.12.02-10.23.29:948][415]LogUObjectHash: Compacting FUObjectHashTables data took   2.88ms
[2025.12.02-10.23.29:949][415]LogAudio: Display: Creating Audio Device:                 Id: 9, Scope: Unique, Realtime: True
[2025.12.02-10.23.29:949][415]LogAudioMixer: Display: Audio Mixer Platform Settings:
[2025.12.02-10.23.29:949][415]LogAudioMixer: Display: 	Sample Rate:						  48000
[2025.12.02-10.23.29:949][415]LogAudioMixer: Display: 	Callback Buffer Frame Size Requested: 1024
[2025.12.02-10.23.29:949][415]LogAudioMixer: Display: 	Callback Buffer Frame Size To Use:	  1024
[2025.12.02-10.23.29:949][415]LogAudioMixer: Display: 	Number of buffers to queue:			  2
[2025.12.02-10.23.29:949][415]LogAudioMixer: Display: 	Max Channels (voices):				  32
[2025.12.02-10.23.29:949][415]LogAudioMixer: Display: 	Number of Async Source Workers:		  0
[2025.12.02-10.23.29:949][415]LogAudio: Display: AudioDevice MaxSources: 32
[2025.12.02-10.23.29:949][415]LogAudio: Display: Audio Spatialization Plugin: None (built-in).
[2025.12.02-10.23.29:949][415]LogAudio: Display: Audio Reverb Plugin: None (built-in).
[2025.12.02-10.23.29:949][415]LogAudio: Display: Audio Occlusion Plugin: None (built-in).
[2025.12.02-10.23.29:949][415]LogAudioMixer: Display: Initializing audio mixer.
[2025.12.02-10.23.29:957][415]LogAudioMixer: Display: 0: FrontLeft
[2025.12.02-10.23.29:957][415]LogAudioMixer: Display: 1: FrontRight
[2025.12.02-10.23.29:965][415]LogAudioMixer: Display: Using Audio Device Alto-falantes (Realtek(R) Audio)
[2025.12.02-10.23.29:965][415]LogAudioMixer: Display: Initializing Sound Submixes...
[2025.12.02-10.23.29:965][415]LogAudioMixer: Display: Creating Master Submix 'MasterSubmixDefault'
[2025.12.02-10.23.29:965][415]LogAudioMixer: Display: Creating Master Submix 'MasterReverbSubmixDefault'
[2025.12.02-10.23.29:966][415]LogAudioMixer: Display: Creating Master Submix 'MasterEQSubmixDefault'
[2025.12.02-10.23.29:966][415]LogAudioMixer: FMixerPlatformXAudio2::StartAudioStream() called
[2025.12.02-10.23.29:966][415]LogAudioMixer: Display: Output buffers initialized: Frames=1024, Channels=2, Samples=2048
[2025.12.02-10.23.29:968][415]LogAudioMixer: Display: Starting AudioMixerPlatformInterface::RunInternal()
[2025.12.02-10.23.29:968][415]LogAudioMixer: Display: FMixerPlatformXAudio2::SubmitBuffer() called for the first time
[2025.12.02-10.23.29:968][415]LogInit: FAudioDevice initialized.
[2025.12.02-10.23.29:968][415]LogAudio: Display: Audio Device (ID: 9) registered with world 'MapadeTeste'.
[2025.12.02-10.23.29:984][415]LogLoad: Game class is 'GameModeRL_C'
[2025.12.02-10.23.29:987][415]LogWorld: Bringing World /Game/Mapas/Fases/MapadeTeste/UEDPIE_0_MapadeTeste.MapadeTeste up for play (max tick rate 60) at 2025.12.02-07.23.29
[2025.12.02-10.23.29:988][415]LogWorld: Bringing up level for play took: 0.002302
[2025.12.02-10.23.29:988][415]LogOnline: OSS: Creating online subsystem instance for: :Context_10
[2025.12.02-10.23.29:992][415]PIE: Server logged in
[2025.12.02-10.23.29:993][415]PIE: Play in editor total start time 0.105 seconds.
[2025.12.02-10.23.32:463][550]LogSlate: Updating window title bar state: overlay mode, drag disabled, window buttons hidden, title bar hidden
[2025.12.02-10.23.32:463][550]LogWorld: BeginTearingDown for /Game/Mapas/Fases/MapadeTeste/UEDPIE_0_MapadeTeste
[2025.12.02-10.23.32:463][550]LogWorld: UWorld::CleanupWorld for MapadeTeste, bSessionEnded=true, bCleanupResources=true
[2025.12.02-10.23.32:463][550]LogSlate: InvalidateAllWidgets triggered.  All widgets were invalidated
[2025.12.02-10.23.32:474][550]LogPlayLevel: Display: Shutting down PIE online subsystems
[2025.12.02-10.23.32:480][550]LogSlate: InvalidateAllWidgets triggered.  All widgets were invalidated
[2025.12.02-10.23.32:512][550]LogSlate: Updating window title bar state: overlay mode, drag disabled, window buttons hidden, title bar hidden
[2025.12.02-10.23.32:512][550]LogAudioMixer: FMixerPlatformXAudio2::StopAudioStream() called
[2025.12.02-10.23.32:514][550]LogAudioMixer: FMixerPlatformXAudio2::StopAudioStream() called
[2025.12.02-10.23.32:522][550]LogUObjectHash: Compacting FUObjectHashTables data took   3.11ms
[2025.12.02-10.23.32:552][551]LogPlayLevel: Display: Destroying online subsystem :Context_10
[2025.12.02-10.23.35:920][730]LogSlate: Window 'Ghost_BP' being destroyed
[2025.12.02-10.23.37:768][841]LogTemp: Repeating last play command: Selected Viewport
[2025.12.02-10.23.37:776][841]LogPlayLevel: PlayLevel: No blueprints needed recompiling
[2025.12.02-10.23.37:776][841]PIE: New page: PIE session: MapadeTeste (Dec 2, 2025, 4:23:37 AM)
[2025.12.02-10.23.37:776][841]LogPlayLevel: Creating play world package: /Game/Mapas/Fases/MapadeTeste/UEDPIE_0_MapadeTeste
[2025.12.02-10.23.37:797][841]LogPlayLevel: PIE: StaticDuplicateObject took: (0.020388s)
[2025.12.02-10.23.37:797][841]LogAIModule: Creating AISystem for world MapadeTeste
[2025.12.02-10.23.37:798][841]LogPlayLevel: PIE: World Init took: (0.001156s)
[2025.12.02-10.23.37:798][841]LogPlayLevel: PIE: Created PIE world by copying editor world from /Game/Mapas/Fases/MapadeTeste/MapadeTeste.MapadeTeste to /Game/Mapas/Fases/MapadeTeste/UEDPIE_0_MapadeTeste.MapadeTeste (0.021679s)
[2025.12.02-10.23.37:835][841]LogUObjectHash: Compacting FUObjectHashTables data took   3.09ms
[2025.12.02-10.23.37:836][841]LogAudio: Display: Creating Audio Device:                 Id: 10, Scope: Unique, Realtime: True
[2025.12.02-10.23.37:836][841]LogAudioMixer: Display: Audio Mixer Platform Settings:
[2025.12.02-10.23.37:836][841]LogAudioMixer: Display: 	Sample Rate:						  48000
[2025.12.02-10.23.37:836][841]LogAudioMixer: Display: 	Callback Buffer Frame Size Requested: 1024
[2025.12.02-10.23.37:836][841]LogAudioMixer: Display: 	Callback Buffer Frame Size To Use:	  1024
[2025.12.02-10.23.37:836][841]LogAudioMixer: Display: 	Number of buffers to queue:			  2
[2025.12.02-10.23.37:836][841]LogAudioMixer: Display: 	Max Channels (voices):				  32
[2025.12.02-10.23.37:836][841]LogAudioMixer: Display: 	Number of Async Source Workers:		  0
[2025.12.02-10.23.37:836][841]LogAudio: Display: AudioDevice MaxSources: 32
[2025.12.02-10.23.37:836][841]LogAudio: Display: Audio Spatialization Plugin: None (built-in).
[2025.12.02-10.23.37:836][841]LogAudio: Display: Audio Reverb Plugin: None (built-in).
[2025.12.02-10.23.37:836][841]LogAudio: Display: Audio Occlusion Plugin: None (built-in).
[2025.12.02-10.23.37:836][841]LogAudioMixer: Display: Initializing audio mixer.
[2025.12.02-10.23.37:841][841]LogAudioMixer: Display: 0: FrontLeft
[2025.12.02-10.23.37:841][841]LogAudioMixer: Display: 1: FrontRight
[2025.12.02-10.23.37:849][841]LogAudioMixer: Display: Using Audio Device Alto-falantes (Realtek(R) Audio)
[2025.12.02-10.23.37:850][841]LogAudioMixer: Display: Initializing Sound Submixes...
[2025.12.02-10.23.37:850][841]LogAudioMixer: Display: Creating Master Submix 'MasterSubmixDefault'
[2025.12.02-10.23.37:850][841]LogAudioMixer: Display: Creating Master Submix 'MasterReverbSubmixDefault'
[2025.12.02-10.23.37:850][841]LogAudioMixer: Display: Creating Master Submix 'MasterEQSubmixDefault'
[2025.12.02-10.23.37:850][841]LogAudioMixer: FMixerPlatformXAudio2::StartAudioStream() called
[2025.12.02-10.23.37:850][841]LogAudioMixer: Display: Output buffers initialized: Frames=1024, Channels=2, Samples=2048
[2025.12.02-10.23.37:852][841]LogAudioMixer: Display: Starting AudioMixerPlatformInterface::RunInternal()
[2025.12.02-10.23.37:853][841]LogAudioMixer: Display: FMixerPlatformXAudio2::SubmitBuffer() called for the first time
[2025.12.02-10.23.37:853][841]LogInit: FAudioDevice initialized.
[2025.12.02-10.23.37:853][841]LogAudio: Display: Audio Device (ID: 10) registered with world 'MapadeTeste'.
[2025.12.02-10.23.37:899][841]LogSlate: Updating window title bar state: overlay mode, drag disabled, window buttons hidden, title bar hidden
[2025.12.02-10.23.37:899][841]LogLoad: Game class is 'GameModeRL_C'
[2025.12.02-10.23.37:903][841]LogWorld: Bringing World /Game/Mapas/Fases/MapadeTeste/UEDPIE_0_MapadeTeste.MapadeTeste up for play (max tick rate 60) at 2025.12.02-07.23.37
[2025.12.02-10.23.37:903][841]LogWorld: Bringing up level for play took: 0.002580
[2025.12.02-10.23.37:904][841]LogOnline: OSS: Creating online subsystem instance for: :Context_11
[2025.12.02-10.23.37:910][841]PIE: Server logged in
[2025.12.02-10.23.37:911][841]PIE: Play in editor total start time 0.135 seconds.
[2025.12.02-10.23.39:559][933]LogCharacterMovement: InimigoTeste_14 is stuck and failed to move! Velocity: X=450.00 Y=0.00 Z=0.00 Location: X=57.83 Y=0.00 Z=79.06 Normal: X=0.00 Y=0.00 Z=-1.00 PenetrationDepth:122.554 Actor:CeifadorBP_2 Component:ColisaoAtaque BoneName:None (0 other events since notify)
[2025.12.02-10.23.44:113][204]LogSlate: Updating window title bar state: overlay mode, drag disabled, window buttons hidden, title bar hidden
[2025.12.02-10.23.44:113][204]LogWorld: BeginTearingDown for /Game/Mapas/Fases/MapadeTeste/UEDPIE_0_MapadeTeste
[2025.12.02-10.23.44:113][204]LogSlate: Window 'ColunaDoendoSamurai Preview [NetMode: Standalone]  (64-bit/Windows) ' being destroyed
[2025.12.02-10.23.44:119][204]LogWorld: UWorld::CleanupWorld for MapadeTeste, bSessionEnded=true, bCleanupResources=true
[2025.12.02-10.23.44:119][204]LogSlate: InvalidateAllWidgets triggered.  All widgets were invalidated
[2025.12.02-10.23.44:129][204]LogPlayLevel: Display: Shutting down PIE online subsystems
[2025.12.02-10.23.44:136][204]LogSlate: InvalidateAllWidgets triggered.  All widgets were invalidated
[2025.12.02-10.23.44:169][204]LogAudioMixer: FMixerPlatformXAudio2::StopAudioStream() called
[2025.12.02-10.23.44:172][204]LogAudioMixer: FMixerPlatformXAudio2::StopAudioStream() called
[2025.12.02-10.23.44:179][204]LogUObjectHash: Compacting FUObjectHashTables data took   2.92ms
[2025.12.02-10.23.44:197][205]LogPlayLevel: Display: Destroying online subsystem :Context_11
[2025.12.02-10.23.47:857][420]LogSlate: Window 'Color Picker' being destroyed
[2025.12.02-10.23.48:706][471]LogTemp: Repeating last play command: Selected Viewport
[2025.12.02-10.23.48:714][471]BlueprintLog: New page: Pre-Play auto-recompile
[2025.12.02-10.23.48:717][471]LogPlayLevel: [PlayLevel] Compiling Ghost_BP before play...
[2025.12.02-10.23.48:792][471]Cmd: OBJ SAVEPACKAGE PACKAGE="/Game/Player/Blueprints/Ghost_BP" FILE="E:/Unreal/Fumec_DevGames/Content/Player/Blueprints/Ghost_BP.uasset" SILENT=true
[2025.12.02-10.23.48:807][471]LogSavePackage: Moving 'E:/Unreal/Fumec_DevGames/Saved/Ghost_BPCC11C91040E00713EA5F7F873521CC3E.tmp' to 'E:/Unreal/Fumec_DevGames/Content/Player/Blueprints/Ghost_BP.uasset'
[2025.12.02-10.23.48:851][471]LogUObjectHash: Compacting FUObjectHashTables data took   3.59ms
[2025.12.02-10.23.48:851][471]LogPlayLevel: PlayLevel: Blueprint regeneration took 137 ms (1 blueprints)
[2025.12.02-10.23.48:851][471]PIE: New page: PIE session: MapadeTeste (Dec 2, 2025, 4:23:48 AM)
[2025.12.02-10.23.48:851][471]LogPlayLevel: Creating play world package: /Game/Mapas/Fases/MapadeTeste/UEDPIE_0_MapadeTeste
[2025.12.02-10.23.48:872][471]LogPlayLevel: PIE: StaticDuplicateObject took: (0.020434s)
[2025.12.02-10.23.48:873][471]LogAIModule: Creating AISystem for world MapadeTeste
[2025.12.02-10.23.48:874][471]LogPlayLevel: PIE: World Init took: (0.001125s)
[2025.12.02-10.23.48:874][471]LogPlayLevel: PIE: Created PIE world by copying editor world from /Game/Mapas/Fases/MapadeTeste/MapadeTeste.MapadeTeste to /Game/Mapas/Fases/MapadeTeste/UEDPIE_0_MapadeTeste.MapadeTeste (0.021709s)
[2025.12.02-10.23.48:909][471]LogUObjectHash: Compacting FUObjectHashTables data took   2.78ms
[2025.12.02-10.23.48:909][471]LogAudio: Display: Creating Audio Device:                 Id: 11, Scope: Unique, Realtime: True
[2025.12.02-10.23.48:909][471]LogAudioMixer: Display: Audio Mixer Platform Settings:
[2025.12.02-10.23.48:909][471]LogAudioMixer: Display: 	Sample Rate:						  48000
[2025.12.02-10.23.48:909][471]LogAudioMixer: Display: 	Callback Buffer Frame Size Requested: 1024
[2025.12.02-10.23.48:909][471]LogAudioMixer: Display: 	Callback Buffer Frame Size To Use:	  1024
[2025.12.02-10.23.48:909][471]LogAudioMixer: Display: 	Number of buffers to queue:			  2
[2025.12.02-10.23.48:909][471]LogAudioMixer: Display: 	Max Channels (voices):				  32
[2025.12.02-10.23.48:909][471]LogAudioMixer: Display: 	Number of Async Source Workers:		  0
[2025.12.02-10.23.48:909][471]LogAudio: Display: AudioDevice MaxSources: 32
[2025.12.02-10.23.48:909][471]LogAudio: Display: Audio Spatialization Plugin: None (built-in).
[2025.12.02-10.23.48:909][471]LogAudio: Display: Audio Reverb Plugin: None (built-in).
[2025.12.02-10.23.48:909][471]LogAudio: Display: Audio Occlusion Plugin: None (built-in).
[2025.12.02-10.23.48:909][471]LogAudioMixer: Display: Initializing audio mixer.
[2025.12.02-10.23.48:916][471]LogAudioMixer: Display: 0: FrontLeft
[2025.12.02-10.23.48:916][471]LogAudioMixer: Display: 1: FrontRight
[2025.12.02-10.23.48:923][471]LogAudioMixer: Display: Using Audio Device Alto-falantes (Realtek(R) Audio)
[2025.12.02-10.23.48:923][471]LogAudioMixer: Display: Initializing Sound Submixes...
[2025.12.02-10.23.48:923][471]LogAudioMixer: Display: Creating Master Submix 'MasterSubmixDefault'
[2025.12.02-10.23.48:923][471]LogAudioMixer: Display: Creating Master Submix 'MasterReverbSubmixDefault'
[2025.12.02-10.23.48:924][471]LogAudioMixer: Display: Creating Master Submix 'MasterEQSubmixDefault'
[2025.12.02-10.23.48:924][471]LogAudioMixer: FMixerPlatformXAudio2::StartAudioStream() called
[2025.12.02-10.23.48:924][471]LogAudioMixer: Display: Output buffers initialized: Frames=1024, Channels=2, Samples=2048
[2025.12.02-10.23.48:926][471]LogAudioMixer: Display: Starting AudioMixerPlatformInterface::RunInternal()
[2025.12.02-10.23.48:927][471]LogAudioMixer: Display: FMixerPlatformXAudio2::SubmitBuffer() called for the first time
[2025.12.02-10.23.48:927][471]LogInit: FAudioDevice initialized.
[2025.12.02-10.23.48:927][471]LogAudio: Display: Audio Device (ID: 11) registered with world 'MapadeTeste'.
[2025.12.02-10.23.48:954][471]LogSlate: Updating window title bar state: overlay mode, drag disabled, window buttons hidden, title bar hidden
[2025.12.02-10.23.48:954][471]LogLoad: Game class is 'GameModeRL_C'
[2025.12.02-10.23.48:956][471]LogWorld: Bringing World /Game/Mapas/Fases/MapadeTeste/UEDPIE_0_MapadeTeste.MapadeTeste up for play (max tick rate 60) at 2025.12.02-07.23.48
[2025.12.02-10.23.48:957][471]LogWorld: Bringing up level for play took: 0.002290
[2025.12.02-10.23.48:957][471]LogOnline: OSS: Creating online subsystem instance for: :Context_12
[2025.12.02-10.23.48:962][471]PIE: Server logged in
[2025.12.02-10.23.48:963][471]PIE: Play in editor total start time 0.25 seconds.
[2025.12.02-10.23.49:031][472]AssetCheck: New page: Asset Save: Ghost_BP
[2025.12.02-10.23.49:031][472]LogContentValidation: Display: Validating Blueprint /Game/Player/Blueprints/Ghost_BP.Ghost_BP
[2025.12.02-10.23.53:133][710]LogSlate: Updating window title bar state: overlay mode, drag disabled, window buttons hidden, title bar hidden
[2025.12.02-10.23.53:133][710]LogWorld: BeginTearingDown for /Game/Mapas/Fases/MapadeTeste/UEDPIE_0_MapadeTeste
[2025.12.02-10.23.53:134][710]LogSlate: Window 'ColunaDoendoSamurai Preview [NetMode: Standalone]  (64-bit/Windows) ' being destroyed
[2025.12.02-10.23.53:139][710]LogWorld: UWorld::CleanupWorld for MapadeTeste, bSessionEnded=true, bCleanupResources=true
[2025.12.02-10.23.53:139][710]LogSlate: InvalidateAllWidgets triggered.  All widgets were invalidated
[2025.12.02-10.23.53:148][710]LogPlayLevel: Display: Shutting down PIE online subsystems
[2025.12.02-10.23.53:154][710]LogSlate: InvalidateAllWidgets triggered.  All widgets were invalidated
[2025.12.02-10.23.53:186][710]LogAudioMixer: FMixerPlatformXAudio2::StopAudioStream() called
[2025.12.02-10.23.53:187][710]LogAudioMixer: FMixerPlatformXAudio2::StopAudioStream() called
[2025.12.02-10.23.53:196][710]LogUObjectHash: Compacting FUObjectHashTables data took   3.15ms
[2025.12.02-10.23.53:217][711]LogPlayLevel: Display: Destroying online subsystem :Context_12
[2025.12.02-10.23.57:907][987]LogSlate: Window 'Color Picker' being destroyed
[2025.12.02-10.23.58:990][ 52]LogTemp: Repeating last play command: Selected Viewport
[2025.12.02-10.23.58:999][ 52]BlueprintLog: New page: Pre-Play auto-recompile
[2025.12.02-10.23.59:001][ 52]LogPlayLevel: [PlayLevel] Compiling Ghost_BP before play...
[2025.12.02-10.23.59:081][ 52]Cmd: OBJ SAVEPACKAGE PACKAGE="/Game/Player/Blueprints/Ghost_BP" FILE="E:/Unreal/Fumec_DevGames/Content/Player/Blueprints/Ghost_BP.uasset" SILENT=true
[2025.12.02-10.23.59:094][ 52]LogSavePackage: Moving 'E:/Unreal/Fumec_DevGames/Saved/Ghost_BP4118DBB842A95C915AE2239E140DA501.tmp' to 'E:/Unreal/Fumec_DevGames/Content/Player/Blueprints/Ghost_BP.uasset'
[2025.12.02-10.23.59:142][ 52]LogUObjectHash: Compacting FUObjectHashTables data took   3.45ms
[2025.12.02-10.23.59:142][ 52]LogPlayLevel: PlayLevel: Blueprint regeneration took 143 ms (1 blueprints)
[2025.12.02-10.23.59:142][ 52]PIE: New page: PIE session: MapadeTeste (Dec 2, 2025, 4:23:59 AM)
[2025.12.02-10.23.59:142][ 52]LogPlayLevel: Creating play world package: /Game/Mapas/Fases/MapadeTeste/UEDPIE_0_MapadeTeste
[2025.12.02-10.23.59:162][ 52]LogPlayLevel: PIE: StaticDuplicateObject took: (0.020327s)
[2025.12.02-10.23.59:163][ 52]LogAIModule: Creating AISystem for world MapadeTeste
[2025.12.02-10.23.59:163][ 52]LogPlayLevel: PIE: World Init took: (0.001286s)
[2025.12.02-10.23.59:163][ 52]LogPlayLevel: PIE: Created PIE world by copying editor world from /Game/Mapas/Fases/MapadeTeste/MapadeTeste.MapadeTeste to /Game/Mapas/Fases/MapadeTeste/UEDPIE_0_MapadeTeste.MapadeTeste (0.021782s)
[2025.12.02-10.23.59:198][ 52]LogUObjectHash: Compacting FUObjectHashTables data took   2.92ms
[2025.12.02-10.23.59:199][ 52]LogAudio: Display: Creating Audio Device:                 Id: 12, Scope: Unique, Realtime: True
[2025.12.02-10.23.59:199][ 52]LogAudioMixer: Display: Audio Mixer Platform Settings:
[2025.12.02-10.23.59:199][ 52]LogAudioMixer: Display: 	Sample Rate:						  48000
[2025.12.02-10.23.59:199][ 52]LogAudioMixer: Display: 	Callback Buffer Frame Size Requested: 1024
[2025.12.02-10.23.59:199][ 52]LogAudioMixer: Display: 	Callback Buffer Frame Size To Use:	  1024
[2025.12.02-10.23.59:199][ 52]LogAudioMixer: Display: 	Number of buffers to queue:			  2
[2025.12.02-10.23.59:199][ 52]LogAudioMixer: Display: 	Max Channels (voices):				  32
[2025.12.02-10.23.59:199][ 52]LogAudioMixer: Display: 	Number of Async Source Workers:		  0
[2025.12.02-10.23.59:199][ 52]LogAudio: Display: AudioDevice MaxSources: 32
[2025.12.02-10.23.59:199][ 52]LogAudio: Display: Audio Spatialization Plugin: None (built-in).
[2025.12.02-10.23.59:199][ 52]LogAudio: Display: Audio Reverb Plugin: None (built-in).
[2025.12.02-10.23.59:199][ 52]LogAudio: Display: Audio Occlusion Plugin: None (built-in).
[2025.12.02-10.23.59:199][ 52]LogAudioMixer: Display: Initializing audio mixer.
[2025.12.02-10.23.59:206][ 52]LogAudioMixer: Display: 0: FrontLeft
[2025.12.02-10.23.59:206][ 52]LogAudioMixer: Display: 1: FrontRight
[2025.12.02-10.23.59:215][ 52]LogAudioMixer: Display: Using Audio Device Alto-falantes (Realtek(R) Audio)
[2025.12.02-10.23.59:215][ 52]LogAudioMixer: Display: Initializing Sound Submixes...
[2025.12.02-10.23.59:215][ 52]LogAudioMixer: Display: Creating Master Submix 'MasterSubmixDefault'
[2025.12.02-10.23.59:215][ 52]LogAudioMixer: Display: Creating Master Submix 'MasterReverbSubmixDefault'
[2025.12.02-10.23.59:216][ 52]LogAudioMixer: Display: Creating Master Submix 'MasterEQSubmixDefault'
[2025.12.02-10.23.59:216][ 52]LogAudioMixer: FMixerPlatformXAudio2::StartAudioStream() called
[2025.12.02-10.23.59:216][ 52]LogAudioMixer: Display: Output buffers initialized: Frames=1024, Channels=2, Samples=2048
[2025.12.02-10.23.59:217][ 52]LogAudioMixer: Display: Starting AudioMixerPlatformInterface::RunInternal()
[2025.12.02-10.23.59:217][ 52]LogAudioMixer: Display: FMixerPlatformXAudio2::SubmitBuffer() called for the first time
[2025.12.02-10.23.59:217][ 52]LogInit: FAudioDevice initialized.
[2025.12.02-10.23.59:217][ 52]LogAudio: Display: Audio Device (ID: 12) registered with world 'MapadeTeste'.
[2025.12.02-10.23.59:275][ 52]LogSlate: Updating window title bar state: overlay mode, drag disabled, window buttons hidden, title bar hidden
[2025.12.02-10.23.59:275][ 52]LogLoad: Game class is 'GameModeRL_C'
[2025.12.02-10.23.59:278][ 52]LogWorld: Bringing World /Game/Mapas/Fases/MapadeTeste/UEDPIE_0_MapadeTeste.MapadeTeste up for play (max tick rate 60) at 2025.12.02-07.23.59
[2025.12.02-10.23.59:278][ 52]LogWorld: Bringing up level for play took: 0.002780
[2025.12.02-10.23.59:278][ 52]LogOnline: OSS: Creating online subsystem instance for: :Context_13
[2025.12.02-10.23.59:285][ 52]PIE: Server logged in
[2025.12.02-10.23.59:286][ 52]PIE: Play in editor total start time 0.288 seconds.
[2025.12.02-10.23.59:354][ 53]AssetCheck: New page: Asset Save: Ghost_BP
[2025.12.02-10.23.59:354][ 53]LogContentValidation: Display: Validating Blueprint /Game/Player/Blueprints/Ghost_BP.Ghost_BP
[2025.12.02-10.24.00:943][142]LogCharacterMovement: InimigoTeste_14 is stuck and failed to move! Velocity: X=450.00 Y=0.00 Z=0.00 Location: X=59.25 Y=0.00 Z=79.06 Normal: X=0.00 Y=0.00 Z=-1.00 PenetrationDepth:122.554 Actor:CeifadorBP_2 Component:ColisaoAtaque BoneName:None (0 other events since notify)
[2025.12.02-10.24.03:893][316]LogSlate: Updating window title bar state: overlay mode, drag disabled, window buttons hidden, title bar hidden
[2025.12.02-10.24.03:893][316]LogWorld: BeginTearingDown for /Game/Mapas/Fases/MapadeTeste/UEDPIE_0_MapadeTeste
[2025.12.02-10.24.03:894][316]LogSlate: Window 'ColunaDoendoSamurai Preview [NetMode: Standalone]  (64-bit/Windows) ' being destroyed
[2025.12.02-10.24.03:900][316]LogWorld: UWorld::CleanupWorld for MapadeTeste, bSessionEnded=true, bCleanupResources=true
[2025.12.02-10.24.03:900][316]LogSlate: InvalidateAllWidgets triggered.  All widgets were invalidated
[2025.12.02-10.24.03:909][316]LogPlayLevel: Display: Shutting down PIE online subsystems
[2025.12.02-10.24.03:916][316]LogSlate: InvalidateAllWidgets triggered.  All widgets were invalidated
[2025.12.02-10.24.03:949][316]LogAudioMixer: FMixerPlatformXAudio2::StopAudioStream() called
[2025.12.02-10.24.03:950][316]LogAudioMixer: FMixerPlatformXAudio2::StopAudioStream() called
[2025.12.02-10.24.03:959][316]LogUObjectHash: Compacting FUObjectHashTables data took   3.55ms
[2025.12.02-10.24.03:979][317]LogPlayLevel: Display: Destroying online subsystem :Context_13
[2025.12.02-10.24.22:466][417]LogSlate: Window 'Color Picker' being destroyed
[2025.12.02-10.24.23:331][469]LogTemp: Repeating last play command: Selected Viewport
[2025.12.02-10.24.23:339][469]BlueprintLog: New page: Pre-Play auto-recompile
[2025.12.02-10.24.23:341][469]LogPlayLevel: [PlayLevel] Compiling Ghost_BP before play...
[2025.12.02-10.24.23:421][469]Cmd: OBJ SAVEPACKAGE PACKAGE="/Game/Player/Blueprints/Ghost_BP" FILE="E:/Unreal/Fumec_DevGames/Content/Player/Blueprints/Ghost_BP.uasset" SILENT=true
[2025.12.02-10.24.23:435][469]LogSavePackage: Moving 'E:/Unreal/Fumec_DevGames/Saved/Ghost_BPA279E7C1463F6A743F7E44BEE5DBE9C2.tmp' to 'E:/Unreal/Fumec_DevGames/Content/Player/Blueprints/Ghost_BP.uasset'
[2025.12.02-10.24.23:481][469]LogUObjectHash: Compacting FUObjectHashTables data took   3.62ms
[2025.12.02-10.24.23:482][469]LogPlayLevel: PlayLevel: Blueprint regeneration took 142 ms (1 blueprints)
[2025.12.02-10.24.23:482][469]PIE: New page: PIE session: MapadeTeste (Dec 2, 2025, 4:24:23 AM)
[2025.12.02-10.24.23:482][469]LogPlayLevel: Creating play world package: /Game/Mapas/Fases/MapadeTeste/UEDPIE_0_MapadeTeste
[2025.12.02-10.24.23:503][469]LogPlayLevel: PIE: StaticDuplicateObject took: (0.020758s)
[2025.12.02-10.24.23:503][469]LogAIModule: Creating AISystem for world MapadeTeste
[2025.12.02-10.24.23:504][469]LogPlayLevel: PIE: World Init took: (0.001154s)
[2025.12.02-10.24.23:504][469]LogPlayLevel: PIE: Created PIE world by copying editor world from /Game/Mapas/Fases/MapadeTeste/MapadeTeste.MapadeTeste to /Game/Mapas/Fases/MapadeTeste/UEDPIE_0_MapadeTeste.MapadeTeste (0.022056s)
[2025.12.02-10.24.23:540][469]LogUObjectHash: Compacting FUObjectHashTables data took   2.73ms
[2025.12.02-10.24.23:540][469]LogAudio: Display: Creating Audio Device:                 Id: 13, Scope: Unique, Realtime: True
[2025.12.02-10.24.23:540][469]LogAudioMixer: Display: Audio Mixer Platform Settings:
[2025.12.02-10.24.23:540][469]LogAudioMixer: Display: 	Sample Rate:						  48000
[2025.12.02-10.24.23:540][469]LogAudioMixer: Display: 	Callback Buffer Frame Size Requested: 1024
[2025.12.02-10.24.23:540][469]LogAudioMixer: Display: 	Callback Buffer Frame Size To Use:	  1024
[2025.12.02-10.24.23:541][469]LogAudioMixer: Display: 	Number of buffers to queue:			  2
[2025.12.02-10.24.23:541][469]LogAudioMixer: Display: 	Max Channels (voices):				  32
[2025.12.02-10.24.23:541][469]LogAudioMixer: Display: 	Number of Async Source Workers:		  0
[2025.12.02-10.24.23:541][469]LogAudio: Display: AudioDevice MaxSources: 32
[2025.12.02-10.24.23:541][469]LogAudio: Display: Audio Spatialization Plugin: None (built-in).
[2025.12.02-10.24.23:541][469]LogAudio: Display: Audio Reverb Plugin: None (built-in).
[2025.12.02-10.24.23:541][469]LogAudio: Display: Audio Occlusion Plugin: None (built-in).
[2025.12.02-10.24.23:541][469]LogAudioMixer: Display: Initializing audio mixer.
[2025.12.02-10.24.23:547][469]LogAudioMixer: Display: 0: FrontLeft
[2025.12.02-10.24.23:547][469]LogAudioMixer: Display: 1: FrontRight
[2025.12.02-10.24.23:554][469]LogAudioMixer: Display: Using Audio Device Alto-falantes (Realtek(R) Audio)
[2025.12.02-10.24.23:554][469]LogAudioMixer: Display: Initializing Sound Submixes...
[2025.12.02-10.24.23:554][469]LogAudioMixer: Display: Creating Master Submix 'MasterSubmixDefault'
[2025.12.02-10.24.23:554][469]LogAudioMixer: Display: Creating Master Submix 'MasterReverbSubmixDefault'
[2025.12.02-10.24.23:556][469]LogAudioMixer: Display: Creating Master Submix 'MasterEQSubmixDefault'
[2025.12.02-10.24.23:556][469]LogAudioMixer: FMixerPlatformXAudio2::StartAudioStream() called
[2025.12.02-10.24.23:556][469]LogAudioMixer: Display: Output buffers initialized: Frames=1024, Channels=2, Samples=2048
[2025.12.02-10.24.23:557][469]LogAudioMixer: Display: Starting AudioMixerPlatformInterface::RunInternal()
[2025.12.02-10.24.23:557][469]LogAudioMixer: Display: FMixerPlatformXAudio2::SubmitBuffer() called for the first time
[2025.12.02-10.24.23:557][469]LogInit: FAudioDevice initialized.
[2025.12.02-10.24.23:557][469]LogAudio: Display: Audio Device (ID: 13) registered with world 'MapadeTeste'.
[2025.12.02-10.24.23:617][469]LogSlate: Updating window title bar state: overlay mode, drag disabled, window buttons hidden, title bar hidden
[2025.12.02-10.24.23:617][469]LogLoad: Game class is 'GameModeRL_C'
[2025.12.02-10.24.23:619][469]LogWorld: Bringing World /Game/Mapas/Fases/MapadeTeste/UEDPIE_0_MapadeTeste.MapadeTeste up for play (max tick rate 60) at 2025.12.02-07.24.23
[2025.12.02-10.24.23:620][469]LogWorld: Bringing up level for play took: 0.002141
[2025.12.02-10.24.23:620][469]LogOnline: OSS: Creating online subsystem instance for: :Context_14
[2025.12.02-10.24.23:626][469]PIE: Server logged in
[2025.12.02-10.24.23:627][469]PIE: Play in editor total start time 0.29 seconds.
[2025.12.02-10.24.23:697][470]AssetCheck: New page: Asset Save: Ghost_BP
[2025.12.02-10.24.23:697][470]LogContentValidation: Display: Validating Blueprint /Game/Player/Blueprints/Ghost_BP.Ghost_BP
[2025.12.02-10.24.25:285][559]LogCharacterMovement: InimigoTeste_14 is stuck and failed to move! Velocity: X=450.00 Y=0.00 Z=0.00 Location: X=57.21 Y=0.00 Z=79.06 Normal: X=0.00 Y=0.00 Z=-1.00 PenetrationDepth:122.554 Actor:CeifadorBP_2 Component:ColisaoAtaque BoneName:None (0 other events since notify)
[2025.12.02-10.24.30:323][859]LogSlate: Updating window title bar state: overlay mode, drag disabled, window buttons hidden, title bar hidden
[2025.12.02-10.24.30:323][859]LogWorld: BeginTearingDown for /Game/Mapas/Fases/MapadeTeste/UEDPIE_0_MapadeTeste
[2025.12.02-10.24.30:323][859]LogSlate: Window 'ColunaDoendoSamurai Preview [NetMode: Standalone]  (64-bit/Windows) ' being destroyed
[2025.12.02-10.24.30:329][859]LogWorld: UWorld::CleanupWorld for MapadeTeste, bSessionEnded=true, bCleanupResources=true
[2025.12.02-10.24.30:329][859]LogSlate: InvalidateAllWidgets triggered.  All widgets were invalidated
[2025.12.02-10.24.30:343][859]LogPlayLevel: Display: Shutting down PIE online subsystems
[2025.12.02-10.24.30:349][859]LogSlate: InvalidateAllWidgets triggered.  All widgets were invalidated
[2025.12.02-10.24.30:380][859]LogAudioMixer: FMixerPlatformXAudio2::StopAudioStream() called
[2025.12.02-10.24.30:381][859]LogAudioMixer: FMixerPlatformXAudio2::StopAudioStream() called
[2025.12.02-10.24.30:391][859]LogUObjectHash: Compacting FUObjectHashTables data took   3.45ms
[2025.12.02-10.24.30:414][860]LogPlayLevel: Display: Destroying online subsystem :Context_14
[2025.12.02-10.24.32:435][981]LogTemp: Repeating last play command: Selected Viewport
[2025.12.02-10.24.32:441][981]LogPlayLevel: PlayLevel: No blueprints needed recompiling
[2025.12.02-10.24.32:441][981]PIE: New page: PIE session: MapadeTeste (Dec 2, 2025, 4:24:32 AM)
[2025.12.02-10.24.32:442][981]LogPlayLevel: Creating play world package: /Game/Mapas/Fases/MapadeTeste/UEDPIE_0_MapadeTeste
[2025.12.02-10.24.32:465][981]LogPlayLevel: PIE: StaticDuplicateObject took: (0.022985s)
[2025.12.02-10.24.32:466][981]LogAIModule: Creating AISystem for world MapadeTeste
[2025.12.02-10.24.32:466][981]LogPlayLevel: PIE: World Init took: (0.001210s)
[2025.12.02-10.24.32:466][981]LogPlayLevel: PIE: Created PIE world by copying editor world from /Game/Mapas/Fases/MapadeTeste/MapadeTeste.MapadeTeste to /Game/Mapas/Fases/MapadeTeste/UEDPIE_0_MapadeTeste.MapadeTeste (0.024336s)
[2025.12.02-10.24.32:502][981]LogUObjectHash: Compacting FUObjectHashTables data took   2.78ms
[2025.12.02-10.24.32:502][981]LogAudio: Display: Creating Audio Device:                 Id: 14, Scope: Unique, Realtime: True
[2025.12.02-10.24.32:502][981]LogAudioMixer: Display: Audio Mixer Platform Settings:
[2025.12.02-10.24.32:502][981]LogAudioMixer: Display: 	Sample Rate:						  48000
[2025.12.02-10.24.32:502][981]LogAudioMixer: Display: 	Callback Buffer Frame Size Requested: 1024
[2025.12.02-10.24.32:502][981]LogAudioMixer: Display: 	Callback Buffer Frame Size To Use:	  1024
[2025.12.02-10.24.32:502][981]LogAudioMixer: Display: 	Number of buffers to queue:			  2
[2025.12.02-10.24.32:502][981]LogAudioMixer: Display: 	Max Channels (voices):				  32
[2025.12.02-10.24.32:502][981]LogAudioMixer: Display: 	Number of Async Source Workers:		  0
[2025.12.02-10.24.32:502][981]LogAudio: Display: AudioDevice MaxSources: 32
[2025.12.02-10.24.32:503][981]LogAudio: Display: Audio Spatialization Plugin: None (built-in).
[2025.12.02-10.24.32:503][981]LogAudio: Display: Audio Reverb Plugin: None (built-in).
[2025.12.02-10.24.32:503][981]LogAudio: Display: Audio Occlusion Plugin: None (built-in).
[2025.12.02-10.24.32:503][981]LogAudioMixer: Display: Initializing audio mixer.
[2025.12.02-10.24.32:509][981]LogAudioMixer: Display: 0: FrontLeft
[2025.12.02-10.24.32:509][981]LogAudioMixer: Display: 1: FrontRight
[2025.12.02-10.24.32:516][981]LogAudioMixer: Display: Using Audio Device Alto-falantes (Realtek(R) Audio)
[2025.12.02-10.24.32:517][981]LogAudioMixer: Display: Initializing Sound Submixes...
[2025.12.02-10.24.32:517][981]LogAudioMixer: Display: Creating Master Submix 'MasterSubmixDefault'
[2025.12.02-10.24.32:517][981]LogAudioMixer: Display: Creating Master Submix 'MasterReverbSubmixDefault'
[2025.12.02-10.24.32:517][981]LogAudioMixer: Display: Creating Master Submix 'MasterEQSubmixDefault'
[2025.12.02-10.24.32:517][981]LogAudioMixer: FMixerPlatformXAudio2::StartAudioStream() called
[2025.12.02-10.24.32:517][981]LogAudioMixer: Display: Output buffers initialized: Frames=1024, Channels=2, Samples=2048
[2025.12.02-10.24.32:519][981]LogAudioMixer: Display: Starting AudioMixerPlatformInterface::RunInternal()
[2025.12.02-10.24.32:519][981]LogAudioMixer: Display: FMixerPlatformXAudio2::SubmitBuffer() called for the first time
[2025.12.02-10.24.32:519][981]LogInit: FAudioDevice initialized.
[2025.12.02-10.24.32:519][981]LogAudio: Display: Audio Device (ID: 14) registered with world 'MapadeTeste'.
[2025.12.02-10.24.32:553][981]LogSlate: Updating window title bar state: overlay mode, drag disabled, window buttons hidden, title bar hidden
[2025.12.02-10.24.32:553][981]LogLoad: Game class is 'GameModeRL_C'
[2025.12.02-10.24.32:555][981]LogWorld: Bringing World /Game/Mapas/Fases/MapadeTeste/UEDPIE_0_MapadeTeste.MapadeTeste up for play (max tick rate 60) at 2025.12.02-07.24.32
[2025.12.02-10.24.32:555][981]LogWorld: Bringing up level for play took: 0.001978
[2025.12.02-10.24.32:557][981]LogOnline: OSS: Creating online subsystem instance for: :Context_15
[2025.12.02-10.24.32:563][981]PIE: Server logged in
[2025.12.02-10.24.32:564][981]PIE: Play in editor total start time 0.123 seconds.
[2025.12.02-10.24.38:832][349]LogSlate: Updating window title bar state: overlay mode, drag disabled, window buttons hidden, title bar hidden
[2025.12.02-10.24.38:832][349]LogWorld: BeginTearingDown for /Game/Mapas/Fases/MapadeTeste/UEDPIE_0_MapadeTeste
[2025.12.02-10.24.38:833][349]LogSlate: Window 'ColunaDoendoSamurai Preview [NetMode: Standalone]  (64-bit/Windows) ' being destroyed
[2025.12.02-10.24.38:839][349]LogWorld: UWorld::CleanupWorld for MapadeTeste, bSessionEnded=true, bCleanupResources=true
[2025.12.02-10.24.38:839][349]LogSlate: InvalidateAllWidgets triggered.  All widgets were invalidated
[2025.12.02-10.24.38:851][349]LogPlayLevel: Display: Shutting down PIE online subsystems
[2025.12.02-10.24.38:857][349]LogSlate: InvalidateAllWidgets triggered.  All widgets were invalidated
[2025.12.02-10.24.38:892][349]LogAudioMixer: FMixerPlatformXAudio2::StopAudioStream() called
[2025.12.02-10.24.38:893][349]LogAudioMixer: FMixerPlatformXAudio2::StopAudioStream() called
[2025.12.02-10.24.38:902][349]LogUObjectHash: Compacting FUObjectHashTables data took   3.26ms
[2025.12.02-10.24.38:921][350]LogPlayLevel: Display: Destroying online subsystem :Context_15
[2025.12.02-10.24.52:925][190]LogEditorTransaction: Undo Edit Color
[2025.12.02-10.24.53:332][201]LogEditorTransaction: Undo Edit Color
[2025.12.02-10.24.53:614][213]LogEditorTransaction: Undo Edit Color
[2025.12.02-10.24.55:340][312]LogEditorTransaction: Undo Edit Color
[2025.12.02-10.25.05:082][887]LogSlate: Window 'Color Picker' being destroyed
[2025.12.02-10.25.06:047][945]LogTemp: Repeating last play command: Selected Viewport
[2025.12.02-10.25.06:055][945]BlueprintLog: New page: Pre-Play auto-recompile
[2025.12.02-10.25.06:058][945]LogPlayLevel: [PlayLevel] Compiling Ghost_BP before play...
[2025.12.02-10.25.06:136][945]Cmd: OBJ SAVEPACKAGE PACKAGE="/Game/Player/Blueprints/Ghost_BP" FILE="E:/Unreal/Fumec_DevGames/Content/Player/Blueprints/Ghost_BP.uasset" SILENT=true
[2025.12.02-10.25.06:150][945]LogSavePackage: Moving 'E:/Unreal/Fumec_DevGames/Saved/Ghost_BPB4D8BDCE4B90B7081C609B8574010A94.tmp' to 'E:/Unreal/Fumec_DevGames/Content/Player/Blueprints/Ghost_BP.uasset'
[2025.12.02-10.25.06:199][945]LogUObjectHash: Compacting FUObjectHashTables data took   4.46ms
[2025.12.02-10.25.06:199][945]LogPlayLevel: PlayLevel: Blueprint regeneration took 144 ms (1 blueprints)
[2025.12.02-10.25.06:199][945]PIE: New page: PIE session: MapadeTeste (Dec 2, 2025, 4:25:06 AM)
[2025.12.02-10.25.06:199][945]LogPlayLevel: Creating play world package: /Game/Mapas/Fases/MapadeTeste/UEDPIE_0_MapadeTeste
[2025.12.02-10.25.06:220][945]LogPlayLevel: PIE: StaticDuplicateObject took: (0.020794s)
[2025.12.02-10.25.06:221][945]LogAIModule: Creating AISystem for world MapadeTeste
[2025.12.02-10.25.06:221][945]LogPlayLevel: PIE: World Init took: (0.001170s)
[2025.12.02-10.25.06:221][945]LogPlayLevel: PIE: Created PIE world by copying editor world from /Game/Mapas/Fases/MapadeTeste/MapadeTeste.MapadeTeste to /Game/Mapas/Fases/MapadeTeste/UEDPIE_0_MapadeTeste.MapadeTeste (0.022107s)
[2025.12.02-10.25.06:259][945]LogUObjectHash: Compacting FUObjectHashTables data took   2.84ms
[2025.12.02-10.25.06:260][945]LogAudio: Display: Creating Audio Device:                 Id: 15, Scope: Unique, Realtime: True
[2025.12.02-10.25.06:260][945]LogAudioMixer: Display: Audio Mixer Platform Settings:
[2025.12.02-10.25.06:260][945]LogAudioMixer: Display: 	Sample Rate:						  48000
[2025.12.02-10.25.06:260][945]LogAudioMixer: Display: 	Callback Buffer Frame Size Requested: 1024
[2025.12.02-10.25.06:260][945]LogAudioMixer: Display: 	Callback Buffer Frame Size To Use:	  1024
[2025.12.02-10.25.06:260][945]LogAudioMixer: Display: 	Number of buffers to queue:			  2
[2025.12.02-10.25.06:260][945]LogAudioMixer: Display: 	Max Channels (voices):				  32
[2025.12.02-10.25.06:260][945]LogAudioMixer: Display: 	Number of Async Source Workers:		  0
[2025.12.02-10.25.06:260][945]LogAudio: Display: AudioDevice MaxSources: 32
[2025.12.02-10.25.06:261][945]LogAudio: Display: Audio Spatialization Plugin: None (built-in).
[2025.12.02-10.25.06:261][945]LogAudio: Display: Audio Reverb Plugin: None (built-in).
[2025.12.02-10.25.06:261][945]LogAudio: Display: Audio Occlusion Plugin: None (built-in).
[2025.12.02-10.25.06:261][945]LogAudioMixer: Display: Initializing audio mixer.
[2025.12.02-10.25.06:267][945]LogAudioMixer: Display: 0: FrontLeft
[2025.12.02-10.25.06:267][945]LogAudioMixer: Display: 1: FrontRight
[2025.12.02-10.25.06:276][945]LogAudioMixer: Display: Using Audio Device Alto-falantes (Realtek(R) Audio)
[2025.12.02-10.25.06:276][945]LogAudioMixer: Display: Initializing Sound Submixes...
[2025.12.02-10.25.06:276][945]LogAudioMixer: Display: Creating Master Submix 'MasterSubmixDefault'
[2025.12.02-10.25.06:276][945]LogAudioMixer: Display: Creating Master Submix 'MasterReverbSubmixDefault'
[2025.12.02-10.25.06:277][945]LogAudioMixer: Display: Creating Master Submix 'MasterEQSubmixDefault'
[2025.12.02-10.25.06:277][945]LogAudioMixer: FMixerPlatformXAudio2::StartAudioStream() called
[2025.12.02-10.25.06:277][945]LogAudioMixer: Display: Output buffers initialized: Frames=1024, Channels=2, Samples=2048
[2025.12.02-10.25.06:278][945]LogAudioMixer: Display: Starting AudioMixerPlatformInterface::RunInternal()
[2025.12.02-10.25.06:278][945]LogAudioMixer: Display: FMixerPlatformXAudio2::SubmitBuffer() called for the first time
[2025.12.02-10.25.06:278][945]LogInit: FAudioDevice initialized.
[2025.12.02-10.25.06:278][945]LogAudio: Display: Audio Device (ID: 15) registered with world 'MapadeTeste'.
[2025.12.02-10.25.06:332][945]LogSlate: Updating window title bar state: overlay mode, drag disabled, window buttons hidden, title bar hidden
[2025.12.02-10.25.06:332][945]LogLoad: Game class is 'GameModeRL_C'
[2025.12.02-10.25.06:334][945]LogWorld: Bringing World /Game/Mapas/Fases/MapadeTeste/UEDPIE_0_MapadeTeste.MapadeTeste up for play (max tick rate 60) at 2025.12.02-07.25.06
[2025.12.02-10.25.06:336][945]LogWorld: Bringing up level for play took: 0.002558
[2025.12.02-10.25.06:336][945]LogOnline: OSS: Creating online subsystem instance for: :Context_16
[2025.12.02-10.25.06:341][945]PIE: Server logged in
[2025.12.02-10.25.06:342][945]PIE: Play in editor total start time 0.289 seconds.
[2025.12.02-10.25.06:406][946]AssetCheck: New page: Asset Save: Ghost_BP
[2025.12.02-10.25.06:406][946]LogContentValidation: Display: Validating Blueprint /Game/Player/Blueprints/Ghost_BP.Ghost_BP
[2025.12.02-10.25.08:752][ 79]LogSlate: Updating window title bar state: overlay mode, drag disabled, window buttons hidden, title bar hidden
[2025.12.02-10.25.08:752][ 79]LogWorld: BeginTearingDown for /Game/Mapas/Fases/MapadeTeste/UEDPIE_0_MapadeTeste
[2025.12.02-10.25.08:753][ 79]LogSlate: Window 'ColunaDoendoSamurai Preview [NetMode: Standalone]  (64-bit/Windows) ' being destroyed
[2025.12.02-10.25.08:759][ 79]LogWorld: UWorld::CleanupWorld for MapadeTeste, bSessionEnded=true, bCleanupResources=true
[2025.12.02-10.25.08:759][ 79]LogSlate: InvalidateAllWidgets triggered.  All widgets were invalidated
[2025.12.02-10.25.08:770][ 79]LogPlayLevel: Display: Shutting down PIE online subsystems
[2025.12.02-10.25.08:777][ 79]LogSlate: InvalidateAllWidgets triggered.  All widgets were invalidated
[2025.12.02-10.25.08:813][ 79]LogAudioMixer: FMixerPlatformXAudio2::StopAudioStream() called
[2025.12.02-10.25.08:815][ 79]LogAudioMixer: FMixerPlatformXAudio2::StopAudioStream() called
[2025.12.02-10.25.08:823][ 79]LogUObjectHash: Compacting FUObjectHashTables data took   2.90ms
[2025.12.02-10.25.08:842][ 80]LogPlayLevel: Display: Destroying online subsystem :Context_16
[2025.12.02-10.25.12:753][309]Cmd: TRANSACTION UNDO
[2025.12.02-10.25.12:753][309]LogEditorTransaction: Undo Edit Color
[2025.12.02-10.28.53:105][470]Cmd: OBJ SAVEPACKAGE PACKAGE="/Game/Player/Blueprints/Player_BP" FILE="E:/Unreal/Fumec_DevGames/Content/Player/Blueprints/Player_BP.uasset" SILENT=true
[2025.12.02-10.28.53:236][470]LogSavePackage: Moving 'E:/Unreal/Fumec_DevGames/Saved/Player_BP9B0D90334140C84273D5E9A7D54144AA.tmp' to 'E:/Unreal/Fumec_DevGames/Content/Player/Blueprints/Player_BP.uasset'
[2025.12.02-10.28.53:258][470]AssetCheck: New page: Asset Save: Player_BP
[2025.12.02-10.28.53:258][470]LogContentValidation: Display: Validating Blueprint /Game/Player/Blueprints/Player_BP.Player_BP
[2025.12.02-10.31.06:317][427]LogUObjectHash: Compacting FUObjectHashTables data took   4.69ms
[2025.12.02-10.31.06:320][427]LogFileHelpers: Editor autosave (incl. external actors) for '/Game/Mapas/Fases/MapadeTeste/MapadeTeste' took 0.041
[2025.12.02-10.32.59:442][206]LogTemp: Repeating last play command: Selected Viewport
[2025.12.02-10.32.59:449][206]LogPlayLevel: PlayLevel: No blueprints needed recompiling
[2025.12.02-10.32.59:449][206]PIE: New page: PIE session: MapadeTeste (Dec 2, 2025, 4:32:59 AM)
[2025.12.02-10.32.59:449][206]LogPlayLevel: Creating play world package: /Game/Mapas/Fases/MapadeTeste/UEDPIE_0_MapadeTeste
[2025.12.02-10.32.59:470][206]LogPlayLevel: PIE: StaticDuplicateObject took: (0.020451s)
[2025.12.02-10.32.59:471][206]LogAIModule: Creating AISystem for world MapadeTeste
[2025.12.02-10.32.59:471][206]LogPlayLevel: PIE: World Init took: (0.001209s)
[2025.12.02-10.32.59:471][206]LogPlayLevel: PIE: Created PIE world by copying editor world from /Game/Mapas/Fases/MapadeTeste/MapadeTeste.MapadeTeste to /Game/Mapas/Fases/MapadeTeste/UEDPIE_0_MapadeTeste.MapadeTeste (0.021798s)
[2025.12.02-10.32.59:506][206]LogUObjectHash: Compacting FUObjectHashTables data took   2.83ms
[2025.12.02-10.32.59:507][206]LogAudio: Display: Creating Audio Device:                 Id: 16, Scope: Unique, Realtime: True
[2025.12.02-10.32.59:507][206]LogAudioMixer: Display: Audio Mixer Platform Settings:
[2025.12.02-10.32.59:507][206]LogAudioMixer: Display: 	Sample Rate:						  48000
[2025.12.02-10.32.59:507][206]LogAudioMixer: Display: 	Callback Buffer Frame Size Requested: 1024
[2025.12.02-10.32.59:507][206]LogAudioMixer: Display: 	Callback Buffer Frame Size To Use:	  1024
[2025.12.02-10.32.59:507][206]LogAudioMixer: Display: 	Number of buffers to queue:			  2
[2025.12.02-10.32.59:507][206]LogAudioMixer: Display: 	Max Channels (voices):				  32
[2025.12.02-10.32.59:507][206]LogAudioMixer: Display: 	Number of Async Source Workers:		  0
[2025.12.02-10.32.59:507][206]LogAudio: Display: AudioDevice MaxSources: 32
[2025.12.02-10.32.59:508][206]LogAudio: Display: Audio Spatialization Plugin: None (built-in).
[2025.12.02-10.32.59:508][206]LogAudio: Display: Audio Reverb Plugin: None (built-in).
[2025.12.02-10.32.59:508][206]LogAudio: Display: Audio Occlusion Plugin: None (built-in).
[2025.12.02-10.32.59:508][206]LogAudioMixer: Display: Initializing audio mixer.
[2025.12.02-10.32.59:515][206]LogAudioMixer: Display: 0: FrontLeft
[2025.12.02-10.32.59:515][206]LogAudioMixer: Display: 1: FrontRight
[2025.12.02-10.32.59:525][206]LogAudioMixer: Display: Using Audio Device Alto-falantes (Realtek(R) Audio)
[2025.12.02-10.32.59:525][206]LogAudioMixer: Display: Initializing Sound Submixes...
[2025.12.02-10.32.59:525][206]LogAudioMixer: Display: Creating Master Submix 'MasterSubmixDefault'
[2025.12.02-10.32.59:525][206]LogAudioMixer: Display: Creating Master Submix 'MasterReverbSubmixDefault'
[2025.12.02-10.32.59:526][206]LogAudioMixer: Display: Creating Master Submix 'MasterEQSubmixDefault'
[2025.12.02-10.32.59:526][206]LogAudioMixer: FMixerPlatformXAudio2::StartAudioStream() called
[2025.12.02-10.32.59:526][206]LogAudioMixer: Display: Output buffers initialized: Frames=1024, Channels=2, Samples=2048
[2025.12.02-10.32.59:528][206]LogAudioMixer: Display: Starting AudioMixerPlatformInterface::RunInternal()
[2025.12.02-10.32.59:528][206]LogAudioMixer: Display: FMixerPlatformXAudio2::SubmitBuffer() called for the first time
[2025.12.02-10.32.59:528][206]LogInit: FAudioDevice initialized.
[2025.12.02-10.32.59:528][206]LogAudio: Display: Audio Device (ID: 16) registered with world 'MapadeTeste'.
[2025.12.02-10.32.59:540][206]LogLoad: Game class is 'GameModeRL_C'
[2025.12.02-10.32.59:541][206]LogWorld: Bringing World /Game/Mapas/Fases/MapadeTeste/UEDPIE_0_MapadeTeste.MapadeTeste up for play (max tick rate 60) at 2025.12.02-07.32.59
[2025.12.02-10.32.59:542][206]LogWorld: Bringing up level for play took: 0.001441
[2025.12.02-10.32.59:542][206]LogOnline: OSS: Creating online subsystem instance for: :Context_17
[2025.12.02-10.32.59:546][206]PIE: Server logged in
[2025.12.02-10.32.59:547][206]PIE: Play in editor total start time 0.1 seconds.
[2025.12.02-10.33.52:280][366]LogSlate: Updating window title bar state: overlay mode, drag disabled, window buttons hidden, title bar hidden
[2025.12.02-10.33.52:280][366]LogWorld: BeginTearingDown for /Game/Mapas/Fases/MapadeTeste/UEDPIE_0_MapadeTeste
[2025.12.02-10.33.52:280][366]LogWorld: UWorld::CleanupWorld for MapadeTeste, bSessionEnded=true, bCleanupResources=true
[2025.12.02-10.33.52:280][366]LogSlate: InvalidateAllWidgets triggered.  All widgets were invalidated
[2025.12.02-10.33.52:293][366]LogPlayLevel: Display: Shutting down PIE online subsystems
[2025.12.02-10.33.52:298][366]LogSlate: InvalidateAllWidgets triggered.  All widgets were invalidated
[2025.12.02-10.33.52:332][366]LogAudio: Display: Audio Device unregistered from world 'None'.
[2025.12.02-10.33.52:332][366]LogAudioMixer: FMixerPlatformXAudio2::StopAudioStream() called
[2025.12.02-10.33.52:334][366]LogAudioMixer: FMixerPlatformXAudio2::StopAudioStream() called
[2025.12.02-10.33.52:335][366]LogSlate: Updating window title bar state: overlay mode, drag disabled, window buttons hidden, title bar hidden
[2025.12.02-10.33.52:341][366]LogUObjectHash: Compacting FUObjectHashTables data took   3.41ms
[2025.12.02-10.33.52:366][367]LogPlayLevel: Display: Destroying online subsystem :Context_17
[2025.12.02-10.34.19:952][953]LogContentBrowser: Deferred new asset file creation: NewWidgetBlueprint
[2025.12.02-10.34.19:966][953]LogContentBrowser: Creating deferred item: NewWidgetBlueprint
[2025.12.02-10.34.30:154][565]LogContentBrowser: Attempting asset rename: NewWidgetBlueprint -> SelecaoPowerUps
[2025.12.02-10.34.30:157][565]LogContentBrowser: End creating deferred item NewWidgetBlueprint
[2025.12.02-10.34.31:544][647]Cmd: OBJ SAVEPACKAGE PACKAGE="/Game/Player/Blueprints/HUD/SelecaoPowerUps" FILE="E:/Unreal/Fumec_DevGames/Content/Player/Blueprints/HUD/SelecaoPowerUps.uasset" SILENT=true
[2025.12.02-10.34.31:549][647]LogSavePackage: Moving 'E:/Unreal/Fumec_DevGames/Saved/SelecaoPowerUps08DB6ECF43FB5320B9EF5AB2F9F445F3.tmp' to 'E:/Unreal/Fumec_DevGames/Content/Player/Blueprints/HUD/SelecaoPowerUps.uasset'
[2025.12.02-10.34.31:568][647]AssetCheck: New page: Asset Save: SelecaoPowerUps
[2025.12.02-10.34.31:568][647]LogContentValidation: Display: Validating WidgetBlueprint /Game/Player/Blueprints/HUD/SelecaoPowerUps.SelecaoPowerUps
[2025.12.02-10.38.53:232][307]LogEditorClassViewer: Warning: Class /Engine/Tutorial/InWorldBlueprintEditing/TutorialAssets/IWBE_Blutility.IWBE_Blutility_C has parent /Script/Blutility.PlacedEditorUtilityBase, but this parent is not found. The Class will not be shown in ClassViewer.
[2025.12.02-10.39.00:645][307]LogSlate: Window 'Pick Parent Class' being destroyed
[2025.12.02-10.39.00:655][307]LogContentBrowser: Deferred new asset file creation: NewBlueprint
[2025.12.02-10.39.00:669][307]LogContentBrowser: Creating deferred item: NewBlueprint
[2025.12.02-10.39.14:759][151]LogContentBrowser: Attempting asset rename: NewBlueprint -> GameInstanceN
[2025.12.02-10.39.14:763][151]LogContentBrowser: End creating deferred item NewBlueprint
[2025.12.02-10.39.15:935][219]Cmd: OBJ SAVEPACKAGE PACKAGE="/Game/Player/Blueprints/GameInstanceN" FILE="E:/Unreal/Fumec_DevGames/Content/Player/Blueprints/GameInstanceN.uasset" SILENT=true
[2025.12.02-10.39.15:937][219]LogSavePackage: Moving 'E:/Unreal/Fumec_DevGames/Saved/GameInstanceNC330D0F141479531CDA362BC5ED92EAE.tmp' to 'E:/Unreal/Fumec_DevGames/Content/Player/Blueprints/GameInstanceN.uasset'
[2025.12.02-10.39.15:958][219]AssetCheck: New page: Asset Save: GameInstanceN
[2025.12.02-10.39.15:958][219]LogContentValidation: Display: Validating Blueprint /Game/Player/Blueprints/GameInstanceN.GameInstanceN
[2025.12.02-10.39.20:471][456]LogSlate: Only BGRA pngs, bmps or icos are supported in by External Image Picker
[2025.12.02-10.39.54:842][473]LogSlate: Prevented a slow task dialog from being summoned while a context menu was open
[2025.12.02-10.39.54:867][473]LogEditorClassViewer: Warning: Class /Engine/Tutorial/InWorldBlueprintEditing/TutorialAssets/IWBE_Blutility.IWBE_Blutility_C has parent /Script/Blutility.PlacedEditorUtilityBase, but this parent is not found. The Class will not be shown in ClassViewer.
[2025.12.02-10.39.58:605][674]LogUObjectHash: Compacting FUObjectHashTables data took   5.59ms
[2025.12.02-10.40.00:100][759]LogAssetEditorSubsystem: Opening Asset editor for Blueprint /Game/Player/Blueprints/GameInstanceN.GameInstanceN
[2025.12.02-10.42.14:706][789]LogUObjectHash: Compacting FUObjectHashTables data took   4.95ms
[2025.12.02-10.42.14:707][789]LogFileHelpers: Editor autosave (incl. external actors) for '/Game/Mapas/Fases/MapadeTeste/MapadeTeste' took 0.054
[2025.12.02-10.52.15:184][ 67]LogUObjectHash: Compacting FUObjectHashTables data took   1.31ms
[2025.12.02-10.52.15:185][ 67]LogFileHelpers: Editor autosave (incl. external actors) for '/Game/Mapas/Fases/MapadeTeste/MapadeTeste' took 0.045
[2025.12.02-11.02.15:739][859]LogUObjectHash: Compacting FUObjectHashTables data took   1.21ms
[2025.12.02-11.02.15:740][859]LogFileHelpers: Editor autosave (incl. external actors) for '/Game/Mapas/Fases/MapadeTeste/MapadeTeste' took 0.045
[2025.12.02-11.09.17:859][ 65]LogSlate: Took 0.009558 seconds to synchronously load lazily loaded font '../../../Engine/Content/Slate/Fonts/Roboto-BoldCondensedItalic.ttf' (160K)
[2025.12.02-11.12.19:576][962]LogUObjectHash: Compacting FUObjectHashTables data took   5.44ms
[2025.12.02-11.12.19:597][962]Cmd: OBJ SAVEPACKAGE PACKAGE="/Game/Player/Blueprints/GameInstanceN" FILE="E:/Unreal/Fumec_DevGames/Content/Player/Blueprints/GameInstanceN.uasset" SILENT=true
[2025.12.02-11.12.19:601][962]LogSavePackage: Moving 'E:/Unreal/Fumec_DevGames/Saved/GameInstanceN2C753193440E49565F2A7BA9B294D515.tmp' to 'E:/Unreal/Fumec_DevGames/Content/Player/Blueprints/GameInstanceN.uasset'
[2025.12.02-11.12.19:620][962]AssetCheck: New page: Asset Save: GameInstanceN
[2025.12.02-11.12.19:620][962]LogContentValidation: Display: Validating Blueprint /Game/Player/Blueprints/GameInstanceN.GameInstanceN
[2025.12.02-11.12.21:546][ 76]BlueprintLog: New page: Compile GameInstanceN
[2025.12.02-11.12.21:589][ 76]LogUObjectHash: Compacting FUObjectHashTables data took   3.56ms
[2025.12.02-11.12.34:208][828]LogWorld: UWorld::CleanupWorld for World_1, bSessionEnded=true, bCleanupResources=true
[2025.12.02-11.12.34:209][828]LogSlate: InvalidateAllWidgets triggered.  All widgets were invalidated
[2025.12.02-11.13.46:533][124]LogUObjectHash: Compacting FUObjectHashTables data took   5.62ms
[2025.12.02-11.13.46:535][124]LogFileHelpers: Editor autosave (incl. external actors) for '/Game/Mapas/Fases/MapadeTeste/MapadeTeste' took 0.082
[2025.12.02-11.23.46:770][701]LogUObjectHash: Compacting FUObjectHashTables data took   4.52ms
[2025.12.02-11.23.46:776][701]LogFileHelpers: Editor autosave (incl. external actors) for '/Game/Mapas/Fases/MapadeTeste/MapadeTeste' took 0.087
[2025.12.02-11.24.13:076][271]BlueprintLog: New page: Compile GameInstanceN
[2025.12.02-11.24.13:114][271]LogUObjectHash: Compacting FUObjectHashTables data took   3.45ms
[2025.12.02-11.24.13:144][271]Cmd: OBJ SAVEPACKAGE PACKAGE="/Game/Player/Blueprints/GameInstanceN" FILE="E:/Unreal/Fumec_DevGames/Content/Player/Blueprints/GameInstanceN.uasset" SILENT=true
[2025.12.02-11.24.13:246][271]LogSavePackage: Moving 'E:/Unreal/Fumec_DevGames/Saved/GameInstanceN75512B8E49EC72204704F2805D5DBBAB.tmp' to 'E:/Unreal/Fumec_DevGames/Content/Player/Blueprints/GameInstanceN.uasset'
[2025.12.02-11.24.13:264][271]AssetCheck: New page: Asset Save: GameInstanceN
[2025.12.02-11.24.13:264][271]LogContentValidation: Display: Validating Blueprint /Game/Player/Blueprints/GameInstanceN.GameInstanceN
[2025.12.02-11.24.13:546][286]Cmd: OBJ SAVEPACKAGE PACKAGE="/Game/Player/Blueprints/GameInstanceN" FILE="E:/Unreal/Fumec_DevGames/Content/Player/Blueprints/GameInstanceN.uasset" SILENT=true
[2025.12.02-11.24.13:551][286]LogSavePackage: Moving 'E:/Unreal/Fumec_DevGames/Saved/GameInstanceNCE271199480F521486CE498294C9464C.tmp' to 'E:/Unreal/Fumec_DevGames/Content/Player/Blueprints/GameInstanceN.uasset'
[2025.12.02-11.24.13:569][286]AssetCheck: New page: Asset Save: GameInstanceN
[2025.12.02-11.24.13:569][286]LogContentValidation: Display: Validating Blueprint /Game/Player/Blueprints/GameInstanceN.GameInstanceN
[2025.12.02-11.30.48:174][404]Cmd: OBJ SAVEPACKAGE PACKAGE="/Game/Player/Blueprints/GameInstanceN" FILE="E:/Unreal/Fumec_DevGames/Content/Player/Blueprints/GameInstanceN.uasset" SILENT=true
[2025.12.02-11.30.48:179][404]LogSavePackage: Moving 'E:/Unreal/Fumec_DevGames/Saved/GameInstanceN54255E844F379C776C44029B33F19310.tmp' to 'E:/Unreal/Fumec_DevGames/Content/Player/Blueprints/GameInstanceN.uasset'
[2025.12.02-11.30.48:199][404]AssetCheck: New page: Asset Save: GameInstanceN
[2025.12.02-11.30.48:199][404]LogContentValidation: Display: Validating Blueprint /Game/Player/Blueprints/GameInstanceN.GameInstanceN
[2025.12.02-11.31.38:904][430]Cmd: TRANSACTION UNDO
[2025.12.02-11.31.38:904][430]LogEditorTransaction: Undo Rename Function
[2025.12.02-11.31.39:789][467]Cmd: TRANSACTION UNDO
[2025.12.02-11.31.39:789][467]LogEditorTransaction: Undo Add New Function
[2025.12.02-11.32.16:202][629]BlueprintLog: New page: Compile Player_BP
[2025.12.02-11.32.16:308][629]LogUObjectHash: Compacting FUObjectHashTables data took   4.85ms
[2025.12.02-11.32.16:358][629]Cmd: OBJ SAVEPACKAGE PACKAGE="/Game/Player/Blueprints/Player_BP" FILE="E:/Unreal/Fumec_DevGames/Content/Player/Blueprints/Player_BP.uasset" SILENT=true
[2025.12.02-11.32.16:492][629]LogSavePackage: Moving 'E:/Unreal/Fumec_DevGames/Saved/Player_BP1EC1D0FF4D66525C818EBD8A072071C2.tmp' to 'E:/Unreal/Fumec_DevGames/Content/Player/Blueprints/Player_BP.uasset'
[2025.12.02-11.32.16:516][629]AssetCheck: New page: Asset Save: Player_BP
[2025.12.02-11.32.16:516][629]LogContentValidation: Display: Validating Blueprint /Game/Player/Blueprints/Player_BP.Player_BP
[2025.12.02-11.32.16:982][656]LogTemp: Repeating last play command: Selected Viewport
[2025.12.02-11.32.16:990][656]LogPlayLevel: PlayLevel: No blueprints needed recompiling
[2025.12.02-11.32.16:990][656]PIE: New page: PIE session: MapadeTeste (Dec 2, 2025, 5:32:16 AM)
[2025.12.02-11.32.16:990][656]LogPlayLevel: Creating play world package: /Game/Mapas/Fases/MapadeTeste/UEDPIE_0_MapadeTeste
[2025.12.02-11.32.17:035][656]LogPlayLevel: PIE: StaticDuplicateObject took: (0.044862s)
[2025.12.02-11.32.17:036][656]LogAIModule: Creating AISystem for world MapadeTeste
[2025.12.02-11.32.17:036][656]LogPlayLevel: PIE: World Init took: (0.001478s)
[2025.12.02-11.32.17:036][656]LogPlayLevel: PIE: Created PIE world by copying editor world from /Game/Mapas/Fases/MapadeTeste/MapadeTeste.MapadeTeste to /Game/Mapas/Fases/MapadeTeste/UEDPIE_0_MapadeTeste.MapadeTeste (0.046542s)
[2025.12.02-11.32.17:074][656]LogUObjectHash: Compacting FUObjectHashTables data took   3.90ms
[2025.12.02-11.32.17:075][656]LogAudio: Display: Creating Audio Device:                 Id: 17, Scope: Unique, Realtime: True
[2025.12.02-11.32.17:075][656]LogAudioMixer: Display: Audio Mixer Platform Settings:
[2025.12.02-11.32.17:075][656]LogAudioMixer: Display: 	Sample Rate:						  48000
[2025.12.02-11.32.17:075][656]LogAudioMixer: Display: 	Callback Buffer Frame Size Requested: 1024
[2025.12.02-11.32.17:075][656]LogAudioMixer: Display: 	Callback Buffer Frame Size To Use:	  1024
[2025.12.02-11.32.17:075][656]LogAudioMixer: Display: 	Number of buffers to queue:			  2
[2025.12.02-11.32.17:075][656]LogAudioMixer: Display: 	Max Channels (voices):				  32
[2025.12.02-11.32.17:075][656]LogAudioMixer: Display: 	Number of Async Source Workers:		  0
[2025.12.02-11.32.17:075][656]LogAudio: Display: AudioDevice MaxSources: 32
[2025.12.02-11.32.17:075][656]LogAudio: Display: Audio Spatialization Plugin: None (built-in).
[2025.12.02-11.32.17:075][656]LogAudio: Display: Audio Reverb Plugin: None (built-in).
[2025.12.02-11.32.17:075][656]LogAudio: Display: Audio Occlusion Plugin: None (built-in).
[2025.12.02-11.32.17:075][656]LogAudioMixer: Display: Initializing audio mixer.
[2025.12.02-11.32.17:084][656]LogAudioMixer: Display: 0: FrontLeft
[2025.12.02-11.32.17:084][656]LogAudioMixer: Display: 1: FrontRight
[2025.12.02-11.32.17:094][656]LogAudioMixer: Display: Using Audio Device Alto-falantes (Realtek(R) Audio)
[2025.12.02-11.32.17:095][656]LogAudioMixer: Display: Initializing Sound Submixes...
[2025.12.02-11.32.17:095][656]LogAudioMixer: Display: Creating Master Submix 'MasterSubmixDefault'
[2025.12.02-11.32.17:095][656]LogAudioMixer: Display: Creating Master Submix 'MasterReverbSubmixDefault'
[2025.12.02-11.32.17:096][656]LogAudioMixer: Display: Creating Master Submix 'MasterEQSubmixDefault'
[2025.12.02-11.32.17:096][656]LogAudioMixer: FMixerPlatformXAudio2::StartAudioStream() called
[2025.12.02-11.32.17:096][656]LogAudioMixer: Display: Output buffers initialized: Frames=1024, Channels=2, Samples=2048
[2025.12.02-11.32.17:097][656]LogAudioMixer: Display: Starting AudioMixerPlatformInterface::RunInternal()
[2025.12.02-11.32.17:097][656]LogAudioMixer: Display: FMixerPlatformXAudio2::SubmitBuffer() called for the first time
[2025.12.02-11.32.17:098][656]LogInit: FAudioDevice initialized.
[2025.12.02-11.32.17:098][656]LogAudio: Display: Audio Device (ID: 17) registered with world 'MapadeTeste'.
[2025.12.02-11.32.17:153][656]LogSlate: Updating window title bar state: overlay mode, drag disabled, window buttons hidden, title bar hidden
[2025.12.02-11.32.17:153][656]LogLoad: Game class is 'GameModeRL_C'
[2025.12.02-11.32.17:156][656]LogWorld: Bringing World /Game/Mapas/Fases/MapadeTeste/UEDPIE_0_MapadeTeste.MapadeTeste up for play (max tick rate 60) at 2025.12.02-08.32.17
[2025.12.02-11.32.17:157][656]LogWorld: Bringing up level for play took: 0.002744
[2025.12.02-11.32.17:157][656]LogOnline: OSS: Creating online subsystem instance for: :Context_20
[2025.12.02-11.32.17:167][656]PIE: Server logged in
[2025.12.02-11.32.17:168][656]PIE: Play in editor total start time 0.179 seconds.
[2025.12.02-11.32.18:793][746]LogCharacterMovement: InimigoTeste_14 is stuck and failed to move! Velocity: X=450.00 Y=0.00 Z=0.00 Location: X=58.21 Y=0.00 Z=79.06 Normal: X=0.00 Y=0.00 Z=-1.00 PenetrationDepth:122.554 Actor:CeifadorBP_2 Component:ColisaoAtaque BoneName:None (0 other events since notify)
[2025.12.02-11.32.42:826][186]LogSlate: Updating window title bar state: overlay mode, drag disabled, window buttons hidden, title bar hidden
[2025.12.02-11.32.42:826][186]LogWorld: BeginTearingDown for /Game/Mapas/Fases/MapadeTeste/UEDPIE_0_MapadeTeste
[2025.12.02-11.32.42:826][186]LogSlate: Window 'ColunaDoendoSamurai Preview [NetMode: Standalone]  (64-bit/Windows) ' being destroyed
[2025.12.02-11.32.42:832][186]LogWorld: UWorld::CleanupWorld for MapadeTeste, bSessionEnded=true, bCleanupResources=true
[2025.12.02-11.32.42:832][186]LogSlate: InvalidateAllWidgets triggered.  All widgets were invalidated
[2025.12.02-11.32.42:844][186]LogPlayLevel: Display: Shutting down PIE online subsystems
[2025.12.02-11.32.42:851][186]LogSlate: InvalidateAllWidgets triggered.  All widgets were invalidated
[2025.12.02-11.32.42:886][186]LogAudio: Display: Audio Device unregistered from world 'None'.
[2025.12.02-11.32.42:886][186]LogAudioMixer: FMixerPlatformXAudio2::StopAudioStream() called
[2025.12.02-11.32.42:887][186]LogAudioMixer: FMixerPlatformXAudio2::StopAudioStream() called
[2025.12.02-11.32.42:896][186]LogUObjectHash: Compacting FUObjectHashTables data took   4.16ms
[2025.12.02-11.32.42:912][187]LogPlayLevel: Display: Destroying online subsystem :Context_20
[2025.12.02-11.32.49:347][573]LogTemp: Repeating last play command: Selected Viewport
[2025.12.02-11.32.49:354][573]LogPlayLevel: PlayLevel: No blueprints needed recompiling
[2025.12.02-11.32.49:354][573]PIE: New page: PIE session: MapadeTeste (Dec 2, 2025, 5:32:49 AM)
[2025.12.02-11.32.49:355][573]LogPlayLevel: Creating play world package: /Game/Mapas/Fases/MapadeTeste/UEDPIE_0_MapadeTeste
[2025.12.02-11.32.49:382][573]LogPlayLevel: PIE: StaticDuplicateObject took: (0.027145s)
[2025.12.02-11.32.49:382][573]LogAIModule: Creating AISystem for world MapadeTeste
[2025.12.02-11.32.49:384][573]LogPlayLevel: PIE: World Init took: (0.001454s)
[2025.12.02-11.32.49:384][573]LogPlayLevel: PIE: Created PIE world by copying editor world from /Game/Mapas/Fases/MapadeTeste/MapadeTeste.MapadeTeste to /Game/Mapas/Fases/MapadeTeste/UEDPIE_0_MapadeTeste.MapadeTeste (0.028796s)
[2025.12.02-11.32.49:421][573]LogUObjectHash: Compacting FUObjectHashTables data took   3.52ms
[2025.12.02-11.32.49:422][573]LogAudio: Display: Creating Audio Device:                 Id: 18, Scope: Unique, Realtime: True
[2025.12.02-11.32.49:422][573]LogAudioMixer: Display: Audio Mixer Platform Settings:
[2025.12.02-11.32.49:422][573]LogAudioMixer: Display: 	Sample Rate:						  48000
[2025.12.02-11.32.49:422][573]LogAudioMixer: Display: 	Callback Buffer Frame Size Requested: 1024
[2025.12.02-11.32.49:422][573]LogAudioMixer: Display: 	Callback Buffer Frame Size To Use:	  1024
[2025.12.02-11.32.49:422][573]LogAudioMixer: Display: 	Number of buffers to queue:			  2
[2025.12.02-11.32.49:422][573]LogAudioMixer: Display: 	Max Channels (voices):				  32
[2025.12.02-11.32.49:422][573]LogAudioMixer: Display: 	Number of Async Source Workers:		  0
[2025.12.02-11.32.49:422][573]LogAudio: Display: AudioDevice MaxSources: 32
[2025.12.02-11.32.49:422][573]LogAudio: Display: Audio Spatialization Plugin: None (built-in).
[2025.12.02-11.32.49:422][573]LogAudio: Display: Audio Reverb Plugin: None (built-in).
[2025.12.02-11.32.49:422][573]LogAudio: Display: Audio Occlusion Plugin: None (built-in).
[2025.12.02-11.32.49:422][573]LogAudioMixer: Display: Initializing audio mixer.
[2025.12.02-11.32.49:430][573]LogAudioMixer: Display: 0: FrontLeft
[2025.12.02-11.32.49:430][573]LogAudioMixer: Display: 1: FrontRight
[2025.12.02-11.32.49:440][573]LogAudioMixer: Display: Using Audio Device Alto-falantes (Realtek(R) Audio)
[2025.12.02-11.32.49:440][573]LogAudioMixer: Display: Initializing Sound Submixes...
[2025.12.02-11.32.49:440][573]LogAudioMixer: Display: Creating Master Submix 'MasterSubmixDefault'
[2025.12.02-11.32.49:440][573]LogAudioMixer: Display: Creating Master Submix 'MasterReverbSubmixDefault'
[2025.12.02-11.32.49:441][573]LogAudioMixer: Display: Creating Master Submix 'MasterEQSubmixDefault'
[2025.12.02-11.32.49:441][573]LogAudioMixer: FMixerPlatformXAudio2::StartAudioStream() called
[2025.12.02-11.32.49:441][573]LogAudioMixer: Display: Output buffers initialized: Frames=1024, Channels=2, Samples=2048
[2025.12.02-11.32.49:442][573]LogAudioMixer: Display: Starting AudioMixerPlatformInterface::RunInternal()
[2025.12.02-11.32.49:442][573]LogAudioMixer: Display: FMixerPlatformXAudio2::SubmitBuffer() called for the first time
[2025.12.02-11.32.49:442][573]LogInit: FAudioDevice initialized.
[2025.12.02-11.32.49:442][573]LogAudio: Display: Audio Device (ID: 18) registered with world 'MapadeTeste'.
[2025.12.02-11.32.49:497][573]LogSlate: Updating window title bar state: overlay mode, drag disabled, window buttons hidden, title bar hidden
[2025.12.02-11.32.49:497][573]LogLoad: Game class is 'GameModeRL_C'
[2025.12.02-11.32.49:500][573]LogWorld: Bringing World /Game/Mapas/Fases/MapadeTeste/UEDPIE_0_MapadeTeste.MapadeTeste up for play (max tick rate 60) at 2025.12.02-08.32.49
[2025.12.02-11.32.49:501][573]LogWorld: Bringing up level for play took: 0.002781
[2025.12.02-11.32.49:501][573]LogOnline: OSS: Creating online subsystem instance for: :Context_21
[2025.12.02-11.32.49:506][573]PIE: Server logged in
[2025.12.02-11.32.49:507][573]PIE: Play in editor total start time 0.154 seconds.
[2025.12.02-11.32.59:422][160]LogViewport: Display: Viewport MouseLockMode Changed, LockOnCapture -> DoNotLock
[2025.12.02-11.32.59:422][160]LogViewport: Display: Viewport MouseCaptureMode Changed, CapturePermanently_IncludingInitialMouseDown -> NoCapture
[2025.12.02-11.33.04:546][465]LogSlate: Updating window title bar state: overlay mode, drag disabled, window buttons hidden, title bar hidden
[2025.12.02-11.33.04:546][465]LogWorld: BeginTearingDown for /Game/Mapas/Fases/MapadeTeste/UEDPIE_0_MapadeTeste
[2025.12.02-11.33.04:546][465]LogSlate: Window 'ColunaDoendoSamurai Preview [NetMode: Standalone]  (64-bit/Windows) ' being destroyed
[2025.12.02-11.33.04:552][465]LogWorld: UWorld::CleanupWorld for MapadeTeste, bSessionEnded=true, bCleanupResources=true
[2025.12.02-11.33.04:552][465]LogSlate: InvalidateAllWidgets triggered.  All widgets were invalidated
[2025.12.02-11.33.04:563][465]LogPlayLevel: Display: Shutting down PIE online subsystems
[2025.12.02-11.33.04:569][465]LogSlate: InvalidateAllWidgets triggered.  All widgets were invalidated
[2025.12.02-11.33.04:602][465]LogAudio: Display: Audio Device unregistered from world 'None'.
[2025.12.02-11.33.04:602][465]LogAudioMixer: FMixerPlatformXAudio2::StopAudioStream() called
[2025.12.02-11.33.04:605][465]LogAudioMixer: FMixerPlatformXAudio2::StopAudioStream() called
[2025.12.02-11.33.04:613][465]LogUObjectHash: Compacting FUObjectHashTables data took   3.08ms
[2025.12.02-11.33.04:629][466]LogPlayLevel: Display: Destroying online subsystem :Context_21
[2025.12.02-11.33.09:361][744]Cmd: OBJ SAVEPACKAGE PACKAGE="/Game/Player/Blueprints/Player_BP" FILE="E:/Unreal/Fumec_DevGames/Content/Player/Blueprints/Player_BP.uasset" SILENT=true
[2025.12.02-11.33.09:495][744]LogSavePackage: Moving 'E:/Unreal/Fumec_DevGames/Saved/Player_BPE9BA81624931F248BD45DAB00BAF64D7.tmp' to 'E:/Unreal/Fumec_DevGames/Content/Player/Blueprints/Player_BP.uasset'
[2025.12.02-11.33.09:517][744]AssetCheck: New page: Asset Save: Player_BP
[2025.12.02-11.33.09:517][744]LogContentValidation: Display: Validating Blueprint /Game/Player/Blueprints/Player_BP.Player_BP
[2025.12.02-11.34.28:728][735]LogUObjectHash: Compacting FUObjectHashTables data took   3.85ms
[2025.12.02-11.34.28:730][735]LogFileHelpers: Editor autosave (incl. external actors) for '/Game/Mapas/Fases/MapadeTeste/MapadeTeste' took 0.093
[2025.12.02-11.44.29:078][466]LogUObjectHash: Compacting FUObjectHashTables data took   0.96ms
[2025.12.02-11.44.29:079][466]LogFileHelpers: Editor autosave (incl. external actors) for '/Game/Mapas/Fases/MapadeTeste/MapadeTeste' took 0.035
[2025.12.02-11.51.37:832][793]LogTemp: Repeating last play command: Selected Viewport
[2025.12.02-11.51.37:840][793]LogPlayLevel: PlayLevel: No blueprints needed recompiling
[2025.12.02-11.51.37:840][793]PIE: New page: PIE session: MapadeTeste (Dec 2, 2025, 5:51:37 AM)
[2025.12.02-11.51.37:840][793]LogPlayLevel: Creating play world package: /Game/Mapas/Fases/MapadeTeste/UEDPIE_0_MapadeTeste
[2025.12.02-11.51.37:931][793]LogPlayLevel: PIE: StaticDuplicateObject took: (0.090821s)
[2025.12.02-11.51.37:932][793]LogAIModule: Creating AISystem for world MapadeTeste
[2025.12.02-11.51.37:932][793]LogPlayLevel: PIE: World Init took: (0.001683s)
[2025.12.02-11.51.37:933][793]LogPlayLevel: PIE: Created PIE world by copying editor world from /Game/Mapas/Fases/MapadeTeste/MapadeTeste.MapadeTeste to /Game/Mapas/Fases/MapadeTeste/UEDPIE_0_MapadeTeste.MapadeTeste (0.092681s)
[2025.12.02-11.51.37:971][793]LogUObjectHash: Compacting FUObjectHashTables data took   3.33ms
[2025.12.02-11.51.37:972][793]LogAudio: Display: Creating Audio Device:                 Id: 19, Scope: Unique, Realtime: True
[2025.12.02-11.51.37:972][793]LogAudioMixer: Display: Audio Mixer Platform Settings:
[2025.12.02-11.51.37:972][793]LogAudioMixer: Display: 	Sample Rate:						  48000
[2025.12.02-11.51.37:972][793]LogAudioMixer: Display: 	Callback Buffer Frame Size Requested: 1024
[2025.12.02-11.51.37:972][793]LogAudioMixer: Display: 	Callback Buffer Frame Size To Use:	  1024
[2025.12.02-11.51.37:972][793]LogAudioMixer: Display: 	Number of buffers to queue:			  2
[2025.12.02-11.51.37:972][793]LogAudioMixer: Display: 	Max Channels (voices):				  32
[2025.12.02-11.51.37:972][793]LogAudioMixer: Display: 	Number of Async Source Workers:		  0
[2025.12.02-11.51.37:972][793]LogAudio: Display: AudioDevice MaxSources: 32
[2025.12.02-11.51.37:973][793]LogAudio: Display: Audio Spatialization Plugin: None (built-in).
[2025.12.02-11.51.37:973][793]LogAudio: Display: Audio Reverb Plugin: None (built-in).
[2025.12.02-11.51.37:973][793]LogAudio: Display: Audio Occlusion Plugin: None (built-in).
[2025.12.02-11.51.37:973][793]LogAudioMixer: Display: Initializing audio mixer.
[2025.12.02-11.51.37:981][793]LogAudioMixer: Display: 0: FrontLeft
[2025.12.02-11.51.37:981][793]LogAudioMixer: Display: 1: FrontRight
[2025.12.02-11.51.37:991][793]LogAudioMixer: Display: Using Audio Device Alto-falantes (Realtek(R) Audio)
[2025.12.02-11.51.37:992][793]LogAudioMixer: Display: Initializing Sound Submixes...
[2025.12.02-11.51.37:992][793]LogAudioMixer: Display: Creating Master Submix 'MasterSubmixDefault'
[2025.12.02-11.51.37:992][793]LogAudioMixer: Display: Creating Master Submix 'MasterReverbSubmixDefault'
[2025.12.02-11.51.37:993][793]LogAudioMixer: Display: Creating Master Submix 'MasterEQSubmixDefault'
[2025.12.02-11.51.37:993][793]LogAudioMixer: FMixerPlatformXAudio2::StartAudioStream() called
[2025.12.02-11.51.37:993][793]LogAudioMixer: Display: Output buffers initialized: Frames=1024, Channels=2, Samples=2048
[2025.12.02-11.51.37:994][793]LogAudioMixer: Display: Starting AudioMixerPlatformInterface::RunInternal()
[2025.12.02-11.51.37:994][793]LogAudioMixer: Display: FMixerPlatformXAudio2::SubmitBuffer() called for the first time
[2025.12.02-11.51.37:995][793]LogInit: FAudioDevice initialized.
[2025.12.02-11.51.37:995][793]LogAudio: Display: Audio Device (ID: 19) registered with world 'MapadeTeste'.
[2025.12.02-11.51.38:046][793]LogSlate: Updating window title bar state: overlay mode, drag disabled, window buttons hidden, title bar hidden
[2025.12.02-11.51.38:046][793]LogLoad: Game class is 'GameModeRL_C'
[2025.12.02-11.51.38:049][793]LogWorld: Bringing World /Game/Mapas/Fases/MapadeTeste/UEDPIE_0_MapadeTeste.MapadeTeste up for play (max tick rate 60) at 2025.12.02-08.51.38
[2025.12.02-11.51.38:050][793]LogWorld: Bringing up level for play took: 0.002311
[2025.12.02-11.51.38:050][793]LogOnline: OSS: Creating online subsystem instance for: :Context_22
[2025.12.02-11.51.38:059][793]PIE: Server logged in
[2025.12.02-11.51.38:063][793]PIE: Play in editor total start time 0.225 seconds.
[2025.12.02-11.51.39:729][861]LogCharacterMovement: InimigoTeste_14 is stuck and failed to move! Velocity: X=450.00 Y=0.00 Z=0.00 Location: X=54.79 Y=0.00 Z=79.05 Normal: X=0.00 Y=0.00 Z=-1.00 PenetrationDepth:122.552 Actor:CeifadorBP_2 Component:ColisaoAtaque BoneName:None (0 other events since notify)
[2025.12.02-11.51.45:481][117]LogSlate: Updating window title bar state: overlay mode, drag disabled, window buttons hidden, title bar hidden
[2025.12.02-11.51.45:481][117]LogWorld: BeginTearingDown for /Game/Mapas/Fases/MapadeTeste/UEDPIE_0_MapadeTeste
[2025.12.02-11.51.45:482][117]LogSlate: Window 'ColunaDoendoSamurai Preview [NetMode: Standalone]  (64-bit/Windows) ' being destroyed
[2025.12.02-11.51.45:487][117]LogWorld: UWorld::CleanupWorld for MapadeTeste, bSessionEnded=true, bCleanupResources=true
[2025.12.02-11.51.45:488][117]LogSlate: InvalidateAllWidgets triggered.  All widgets were invalidated
[2025.12.02-11.51.45:498][117]LogPlayLevel: Display: Shutting down PIE online subsystems
[2025.12.02-11.51.45:505][117]LogSlate: InvalidateAllWidgets triggered.  All widgets were invalidated
[2025.12.02-11.51.45:536][117]LogAudioMixer: FMixerPlatformXAudio2::StopAudioStream() called
[2025.12.02-11.51.45:538][117]LogAudioMixer: FMixerPlatformXAudio2::StopAudioStream() called
[2025.12.02-11.51.45:545][117]LogUObjectHash: Compacting FUObjectHashTables data took   3.35ms
[2025.12.02-11.51.45:582][118]LogPlayLevel: Display: Destroying online subsystem :Context_22
[2025.12.02-11.54.37:093][155]LogUObjectHash: Compacting FUObjectHashTables data took   4.12ms
[2025.12.02-11.54.37:096][155]LogFileHelpers: Editor autosave (incl. external actors) for '/Game/Mapas/Fases/MapadeTeste/MapadeTeste' took 0.041
[2025.12.02-12.04.37:552][ 98]LogUObjectHash: Compacting FUObjectHashTables data took   1.01ms
[2025.12.02-12.04.37:555][ 98]LogFileHelpers: Editor autosave (incl. external actors) for '/Game/Mapas/Fases/MapadeTeste/MapadeTeste' took 0.039
[2025.12.02-12.08.13:838][744]LogHttp: Warning: 000002229C6D3200: invalid HTTP response code received. URL: https://datarouter.ol.epicgames.com/datarouter/api/v1/public/data?SessionID=%7B756EF12C-402D-71B2-3B2D-33A03BEC4E44%7D&AppID=UEEditor.Rocket.Release&AppVersion=4.27.2-18319896%2B%2B%2BUE4%2BRelease-4.27&UserID=6b32b507452abda10a7c05ae1bad203d%7C38f7320a2cd3485499351c2be7beab48%7C53da50d7-cec7-4077-bfe3-1423eb7dc99f&AppEnvironment=datacollector-binary&UploadType=eteventstream, HTTP code: 0, content length: 0, actual payload size: 0
[2025.12.02-12.08.13:838][744]LogHttp: Warning: 000002229C6D3200: request failed, libcurl error: 0 (No error)
[2025.12.02-12.08.13:838][744]LogHttp: Warning: 000002229C6D3200: libcurl info message cache 0 (Found bundle for host datarouter.ol.epicgames.com: 0x22225ac52d0 [can pipeline])
[2025.12.02-12.08.13:838][744]LogHttp: Warning: 000002229C6D3200: libcurl info message cache 1 (Re-using existing connection! (#2) with host datarouter.ol.epicgames.com)
[2025.12.02-12.08.13:838][744]LogHttp: Warning: 000002229C6D3200: libcurl info message cache 2 (Connected to datarouter.ol.epicgames.com (3.229.11.15) port 443 (#2))
[2025.12.02-12.08.13:838][744]LogHttp: Warning: 000002229C6D3200: libcurl info message cache 3 (TLSv1.3 (OUT), TLS Unknown, Unknown (23):)
[2025.12.02-12.08.13:838][744]LogHttp: Warning: 000002229C6D3200: libcurl info message cache 4 (TLSv1.3 (OUT), TLS Unknown, Unknown (23):)
[2025.12.02-12.08.13:838][744]LogHttp: Warning: 000002229C6D3200: libcurl info message cache 5 (We are completely uploaded and fine)
[2025.12.02-12.08.13:838][744]LogHttp: Warning: 000002229C6D3200: libcurl info message cache 6 (TLSv1.3 (IN), TLS Unknown, Unknown (21):)
[2025.12.02-12.08.13:838][744]LogHttp: Warning: 000002229C6D3200: libcurl info message cache 7 (TLSv1.3 (IN), TLS alert, Client hello (1):)
[2025.12.02-12.08.13:838][744]LogHttp: Warning: 000002229C6D3200: libcurl info message cache 8 (Connection died, retrying a fresh connect)
[2025.12.02-12.08.13:838][744]LogHttp: Warning: 000002229C6D3200: libcurl info message cache 9 (necessary data rewind wasn't possible)
[2025.12.02-12.08.13:838][744]LogHttp: Warning: 000002229C6D3200: libcurl info message cache 10 (Closing connection 2)
[2025.12.02-12.08.13:838][744]LogHttp: Warning: 000002229C6D3200: libcurl info message cache 11 (TLSv1.3 (OUT), TLS Unknown, Unknown (21):)
[2025.12.02-12.08.13:838][744]LogHttp: Warning: 000002229C6D3200: libcurl info message cache 12 (TLSv1.3 (OUT), TLS alert, Client hello (1):)
[2025.12.02-12.08.13:839][744]LogHttp: Warning: Retry exhausted on https://datarouter.ol.epicgames.com/datarouter/api/v1/public/data?SessionID=%7B756EF12C-402D-71B2-3B2D-33A03BEC4E44%7D&AppID=UEEditor.Rocket.Release&AppVersion=4.27.2-18319896%2B%2B%2BUE4%2BRelease-4.27&UserID=6b32b507452abda10a7c05ae1bad203d%7C38f7320a2cd3485499351c2be7beab48%7C53da50d7-cec7-4077-bfe3-1423eb7dc99f&AppEnvironment=datacollector-binary&UploadType=eteventstream
[2025.12.02-12.13.20:215][104]Cmd: OBJ SAVEPACKAGE PACKAGE="/Game/Player/Blueprints/Player_BP" FILE="E:/Unreal/Fumec_DevGames/Content/Player/Blueprints/Player_BP.uasset" SILENT=true
[2025.12.02-12.13.20:351][104]LogSavePackage: Moving 'E:/Unreal/Fumec_DevGames/Saved/Player_BP2BDE479045C827619300AA9DD5FB97C0.tmp' to 'E:/Unreal/Fumec_DevGames/Content/Player/Blueprints/Player_BP.uasset'
[2025.12.02-12.13.20:372][104]AssetCheck: New page: Asset Save: Player_BP
[2025.12.02-12.13.20:372][104]LogContentValidation: Display: Validating Blueprint /Game/Player/Blueprints/Player_BP.Player_BP
[2025.12.02-12.14.38:168][976]LogUObjectHash: Compacting FUObjectHashTables data took   0.92ms
[2025.12.02-12.14.38:170][976]LogFileHelpers: Editor autosave (incl. external actors) for '/Game/Mapas/Fases/MapadeTeste/MapadeTeste' took 0.037
[2025.12.02-12.14.38:171][976]OBJ SavePackage: Generating thumbnails for [0] asset(s) in package [/Game/Player/Blueprints/Player_BP] ([4] browsable assets)...
[2025.12.02-12.14.38:171][976]OBJ SavePackage: Finished generating thumbnails for package [/Game/Player/Blueprints/Player_BP]
[2025.12.02-12.14.38:171][976]Cmd: OBJ SAVEPACKAGE PACKAGE="/Game/Player/Blueprints/Player_BP" FILE="E:/Unreal/Fumec_DevGames/Saved/Autosaves/Game/Player/Blueprints/Player_BP_Auto2.uasset" SILENT=false AUTOSAVING=true
[2025.12.02-12.14.38:434][976]LogSavePackage: Moving 'E:/Unreal/Fumec_DevGames/Saved/Player_BP_Auto2E35A8D2D40D304BB19EDF2B17B0E2FFD.tmp' to 'E:/Unreal/Fumec_DevGames/Saved/Autosaves/Game/Player/Blueprints/Player_BP_Auto2.uasset'
[2025.12.02-12.14.38:455][976]LogFileHelpers: Auto-saving content packages took 0.285
[2025.12.02-12.20.34:338][660]BlueprintLog: New page: Compile Player_BP
[2025.12.02-12.20.34:443][660]LogUObjectHash: Compacting FUObjectHashTables data took   3.61ms
[2025.12.02-12.20.34:528][660]Cmd: OBJ SAVEPACKAGE PACKAGE="/Game/Player/Blueprints/Player_BP" FILE="E:/Unreal/Fumec_DevGames/Content/Player/Blueprints/Player_BP.uasset" SILENT=true
[2025.12.02-12.20.34:662][660]LogSavePackage: Moving 'E:/Unreal/Fumec_DevGames/Saved/Player_BP7616C6154D75371A3035758DC651EEFB.tmp' to 'E:/Unreal/Fumec_DevGames/Content/Player/Blueprints/Player_BP.uasset'
[2025.12.02-12.20.34:684][660]AssetCheck: New page: Asset Save: Player_BP
[2025.12.02-12.20.34:684][660]LogContentValidation: Display: Validating Blueprint /Game/Player/Blueprints/Player_BP.Player_BP
[2025.12.02-12.20.35:008][676]Cmd: OBJ SAVEPACKAGE PACKAGE="/Game/Player/Blueprints/Player_BP" FILE="E:/Unreal/Fumec_DevGames/Content/Player/Blueprints/Player_BP.uasset" SILENT=true
[2025.12.02-12.20.35:169][676]LogSavePackage: Moving 'E:/Unreal/Fumec_DevGames/Saved/Player_BP2C70C79F46238F7763E61089302E8EB4.tmp' to 'E:/Unreal/Fumec_DevGames/Content/Player/Blueprints/Player_BP.uasset'
[2025.12.02-12.20.35:188][676]AssetCheck: New page: Asset Save: Player_BP
[2025.12.02-12.20.35:188][676]LogContentValidation: Display: Validating Blueprint /Game/Player/Blueprints/Player_BP.Player_BP
[2025.12.02-12.21.48:828][ 43]LogTemp: Repeating last play command: Selected Viewport
[2025.12.02-12.21.48:835][ 43]LogPlayLevel: PlayLevel: No blueprints needed recompiling
[2025.12.02-12.21.48:835][ 43]PIE: New page: PIE session: MapadeTeste (Dec 2, 2025, 6:21:48 AM)
[2025.12.02-12.21.48:836][ 43]LogPlayLevel: Creating play world package: /Game/Mapas/Fases/MapadeTeste/UEDPIE_0_MapadeTeste
[2025.12.02-12.21.48:857][ 43]LogPlayLevel: PIE: StaticDuplicateObject took: (0.021036s)
[2025.12.02-12.21.48:858][ 43]LogAIModule: Creating AISystem for world MapadeTeste
[2025.12.02-12.21.48:858][ 43]LogPlayLevel: PIE: World Init took: (0.001244s)
[2025.12.02-12.21.48:858][ 43]LogPlayLevel: PIE: Created PIE world by copying editor world from /Game/Mapas/Fases/MapadeTeste/MapadeTeste.MapadeTeste to /Game/Mapas/Fases/MapadeTeste/UEDPIE_0_MapadeTeste.MapadeTeste (0.022428s)
[2025.12.02-12.21.48:898][ 43]LogUObjectHash: Compacting FUObjectHashTables data took   4.38ms
[2025.12.02-12.21.48:899][ 43]LogAudio: Display: Creating Audio Device:                 Id: 20, Scope: Unique, Realtime: True
[2025.12.02-12.21.48:899][ 43]LogAudioMixer: Display: Audio Mixer Platform Settings:
[2025.12.02-12.21.48:899][ 43]LogAudioMixer: Display: 	Sample Rate:						  48000
[2025.12.02-12.21.48:899][ 43]LogAudioMixer: Display: 	Callback Buffer Frame Size Requested: 1024
[2025.12.02-12.21.48:899][ 43]LogAudioMixer: Display: 	Callback Buffer Frame Size To Use:	  1024
[2025.12.02-12.21.48:899][ 43]LogAudioMixer: Display: 	Number of buffers to queue:			  2
[2025.12.02-12.21.48:899][ 43]LogAudioMixer: Display: 	Max Channels (voices):				  32
[2025.12.02-12.21.48:899][ 43]LogAudioMixer: Display: 	Number of Async Source Workers:		  0
[2025.12.02-12.21.48:899][ 43]LogAudio: Display: AudioDevice MaxSources: 32
[2025.12.02-12.21.48:900][ 43]LogAudio: Display: Audio Spatialization Plugin: None (built-in).
[2025.12.02-12.21.48:900][ 43]LogAudio: Display: Audio Reverb Plugin: None (built-in).
[2025.12.02-12.21.48:900][ 43]LogAudio: Display: Audio Occlusion Plugin: None (built-in).
[2025.12.02-12.21.48:900][ 43]LogAudioMixer: Display: Initializing audio mixer.
[2025.12.02-12.21.48:907][ 43]LogAudioMixer: Display: 0: FrontLeft
[2025.12.02-12.21.48:907][ 43]LogAudioMixer: Display: 1: FrontRight
[2025.12.02-12.21.48:917][ 43]LogAudioMixer: Display: Using Audio Device Alto-falantes (Realtek(R) Audio)
[2025.12.02-12.21.48:917][ 43]LogAudioMixer: Display: Initializing Sound Submixes...
[2025.12.02-12.21.48:917][ 43]LogAudioMixer: Display: Creating Master Submix 'MasterSubmixDefault'
[2025.12.02-12.21.48:917][ 43]LogAudioMixer: Display: Creating Master Submix 'MasterReverbSubmixDefault'
[2025.12.02-12.21.48:918][ 43]LogAudioMixer: Display: Creating Master Submix 'MasterEQSubmixDefault'
[2025.12.02-12.21.48:918][ 43]LogAudioMixer: FMixerPlatformXAudio2::StartAudioStream() called
[2025.12.02-12.21.48:918][ 43]LogAudioMixer: Display: Output buffers initialized: Frames=1024, Channels=2, Samples=2048
[2025.12.02-12.21.48:919][ 43]LogAudioMixer: Display: Starting AudioMixerPlatformInterface::RunInternal()
[2025.12.02-12.21.48:921][ 43]LogAudioMixer: Display: FMixerPlatformXAudio2::SubmitBuffer() called for the first time
[2025.12.02-12.21.48:921][ 43]LogInit: FAudioDevice initialized.
[2025.12.02-12.21.48:921][ 43]LogAudio: Display: Audio Device (ID: 20) registered with world 'MapadeTeste'.
[2025.12.02-12.21.48:964][ 43]LogSlate: Updating window title bar state: overlay mode, drag disabled, window buttons hidden, title bar hidden
[2025.12.02-12.21.48:964][ 43]LogLoad: Game class is 'GameModeRL_C'
[2025.12.02-12.21.48:968][ 43]LogWorld: Bringing World /Game/Mapas/Fases/MapadeTeste/UEDPIE_0_MapadeTeste.MapadeTeste up for play (max tick rate 60) at 2025.12.02-09.21.48
[2025.12.02-12.21.48:968][ 43]LogWorld: Bringing up level for play took: 0.002815
[2025.12.02-12.21.48:969][ 43]LogOnline: OSS: Creating online subsystem instance for: :Context_23
[2025.12.02-12.21.48:974][ 43]PIE: Server logged in
[2025.12.02-12.21.48:977][ 43]PIE: Play in editor total start time 0.141 seconds.
[2025.12.02-12.21.50:944][153]LogSlate: Updating window title bar state: overlay mode, drag disabled, window buttons hidden, title bar hidden
[2025.12.02-12.21.50:944][153]LogWorld: BeginTearingDown for /Game/Mapas/Fases/MapadeTeste/UEDPIE_0_MapadeTeste
[2025.12.02-12.21.50:944][153]LogSlate: Window 'ColunaDoendoSamurai Preview [NetMode: Standalone]  (64-bit/Windows) ' being destroyed
[2025.12.02-12.21.50:953][153]LogWorld: UWorld::CleanupWorld for MapadeTeste, bSessionEnded=true, bCleanupResources=true
[2025.12.02-12.21.50:954][153]LogSlate: InvalidateAllWidgets triggered.  All widgets were invalidated
[2025.12.02-12.21.50:966][153]LogPlayLevel: Display: Shutting down PIE online subsystems
[2025.12.02-12.21.50:972][153]LogSlate: InvalidateAllWidgets triggered.  All widgets were invalidated
[2025.12.02-12.21.51:005][153]LogAudio: Display: Audio Device unregistered from world 'None'.
[2025.12.02-12.21.51:005][153]LogAudioMixer: FMixerPlatformXAudio2::StopAudioStream() called
[2025.12.02-12.21.51:006][153]LogAudioMixer: FMixerPlatformXAudio2::StopAudioStream() called
[2025.12.02-12.21.51:013][153]LogUObjectHash: Compacting FUObjectHashTables data took   3.86ms
[2025.12.02-12.21.51:050][154]LogPlayLevel: Display: Destroying online subsystem :Context_23
[2025.12.02-12.22.00:806][739]LogEditorViewport: Clicking on Actor (LMB): CeifadorBP_C (CeifadorBP)
[2025.12.02-12.22.02:345][822]Cmd: DELETE
[2025.12.02-12.22.02:346][822]Cmd: ACTOR DELETE
[2025.12.02-12.22.02:348][822]LogEditorActor: Deleted Actor: CeifadorBP_C
[2025.12.02-12.22.02:386][822]LogUObjectHash: Compacting FUObjectHashTables data took   3.58ms
[2025.12.02-12.22.02:388][822]LogEditorActor: Deleted 1 Actors (0.043 secs)
[2025.12.02-12.22.03:694][899]Cmd: OBJ SAVEPACKAGE PACKAGE="/Game/Mapas/Fases/MapadeTeste/MapadeTeste" FILE="E:/Unreal/Fumec_DevGames/Content/Mapas/Fases/MapadeTeste/MapadeTeste.umap" SILENT=true AUTOSAVING=false KEEPDIRTY=false
[2025.12.02-12.22.03:727][899]LogUObjectHash: Compacting FUObjectHashTables data took   0.75ms
[2025.12.02-12.22.03:915][899]LogSavePackage: Moving 'E:/Unreal/Fumec_DevGames/Saved/MapadeTeste51865A5C4A7154358FA8A3AFFFC55D41.tmp' to 'E:/Unreal/Fumec_DevGames/Content/Mapas/Fases/MapadeTeste/MapadeTeste.umap'
[2025.12.02-12.22.03:992][899]Cmd: OBJ SAVEPACKAGE PACKAGE="/Game/Mapas/Fases/MapadeTeste/MapadeTeste_BuiltData" FILE="E:/Unreal/Fumec_DevGames/Content/Mapas/Fases/MapadeTeste/MapadeTeste_BuiltData.uasset" SILENT=true
[2025.12.02-12.22.04:018][899]LogSavePackage: Moving 'E:/Unreal/Fumec_DevGames/Saved/MapadeTeste_BuiltData2A0167354B7E319D095E5E8BBD151F0E.tmp' to 'E:/Unreal/Fumec_DevGames/Content/Mapas/Fases/MapadeTeste/MapadeTeste_BuiltData.uasset'
[2025.12.02-12.22.04:055][899]AssetCheck: New page: Asset Save: multiple assets
[2025.12.02-12.22.04:055][899]LogContentValidation: Display: Validating MapBuildDataRegistry /Game/Mapas/Fases/MapadeTeste/MapadeTeste_BuiltData.MapadeTeste_BuiltData
[2025.12.02-12.22.04:055][899]LogContentValidation: Display: Validating World /Game/Mapas/Fases/MapadeTeste/MapadeTeste.MapadeTeste
[2025.12.02-12.22.15:076][558]LogTemp: Repeating last play command: Selected Viewport
[2025.12.02-12.22.15:083][558]LogPlayLevel: PlayLevel: No blueprints needed recompiling
[2025.12.02-12.22.15:083][558]PIE: New page: PIE session: MapadeTeste (Dec 2, 2025, 6:22:15 AM)
[2025.12.02-12.22.15:133][558]LogPlayLevel: Creating play world package: /Game/Mapas/Fases/MapadeTeste/UEDPIE_0_MapadeTeste
[2025.12.02-12.22.15:155][558]LogPlayLevel: PIE: StaticDuplicateObject took: (0.021838s)
[2025.12.02-12.22.15:156][558]LogAIModule: Creating AISystem for world MapadeTeste
[2025.12.02-12.22.15:156][558]LogPlayLevel: PIE: World Init took: (0.001169s)
[2025.12.02-12.22.15:156][558]LogPlayLevel: PIE: Created PIE world by copying editor world from /Game/Mapas/Fases/MapadeTeste/MapadeTeste.MapadeTeste to /Game/Mapas/Fases/MapadeTeste/UEDPIE_0_MapadeTeste.MapadeTeste (0.023198s)
[2025.12.02-12.22.15:194][558]LogUObjectHash: Compacting FUObjectHashTables data took   3.16ms
[2025.12.02-12.22.15:196][558]LogAudio: Display: Creating Audio Device:                 Id: 21, Scope: Unique, Realtime: True
[2025.12.02-12.22.15:196][558]LogAudioMixer: Display: Audio Mixer Platform Settings:
[2025.12.02-12.22.15:196][558]LogAudioMixer: Display: 	Sample Rate:						  48000
[2025.12.02-12.22.15:196][558]LogAudioMixer: Display: 	Callback Buffer Frame Size Requested: 1024
[2025.12.02-12.22.15:196][558]LogAudioMixer: Display: 	Callback Buffer Frame Size To Use:	  1024
[2025.12.02-12.22.15:196][558]LogAudioMixer: Display: 	Number of buffers to queue:			  2
[2025.12.02-12.22.15:196][558]LogAudioMixer: Display: 	Max Channels (voices):				  32
[2025.12.02-12.22.15:196][558]LogAudioMixer: Display: 	Number of Async Source Workers:		  0
[2025.12.02-12.22.15:196][558]LogAudio: Display: AudioDevice MaxSources: 32
[2025.12.02-12.22.15:197][558]LogAudio: Display: Audio Spatialization Plugin: None (built-in).
[2025.12.02-12.22.15:197][558]LogAudio: Display: Audio Reverb Plugin: None (built-in).
[2025.12.02-12.22.15:197][558]LogAudio: Display: Audio Occlusion Plugin: None (built-in).
[2025.12.02-12.22.15:197][558]LogAudioMixer: Display: Initializing audio mixer.
[2025.12.02-12.22.15:202][558]LogAudioMixer: Display: 0: FrontLeft
[2025.12.02-12.22.15:202][558]LogAudioMixer: Display: 1: FrontRight
[2025.12.02-12.22.15:210][558]LogAudioMixer: Display: Using Audio Device Alto-falantes (Realtek(R) Audio)
[2025.12.02-12.22.15:210][558]LogAudioMixer: Display: Initializing Sound Submixes...
[2025.12.02-12.22.15:210][558]LogAudioMixer: Display: Creating Master Submix 'MasterSubmixDefault'
[2025.12.02-12.22.15:210][558]LogAudioMixer: Display: Creating Master Submix 'MasterReverbSubmixDefault'
[2025.12.02-12.22.15:210][558]LogAudioMixer: Display: Creating Master Submix 'MasterEQSubmixDefault'
[2025.12.02-12.22.15:210][558]LogAudioMixer: FMixerPlatformXAudio2::StartAudioStream() called
[2025.12.02-12.22.15:210][558]LogAudioMixer: Display: Output buffers initialized: Frames=1024, Channels=2, Samples=2048
[2025.12.02-12.22.15:213][558]LogAudioMixer: Display: Starting AudioMixerPlatformInterface::RunInternal()
[2025.12.02-12.22.15:213][558]LogAudioMixer: Display: FMixerPlatformXAudio2::SubmitBuffer() called for the first time
[2025.12.02-12.22.15:213][558]LogInit: FAudioDevice initialized.
[2025.12.02-12.22.15:213][558]LogAudio: Display: Audio Device (ID: 21) registered with world 'MapadeTeste'.
[2025.12.02-12.22.15:230][558]LogLoad: Game class is 'GameModeRL_C'
[2025.12.02-12.22.15:232][558]LogWorld: Bringing World /Game/Mapas/Fases/MapadeTeste/UEDPIE_0_MapadeTeste.MapadeTeste up for play (max tick rate 60) at 2025.12.02-09.22.15
[2025.12.02-12.22.15:232][558]LogWorld: Bringing up level for play took: 0.001255
[2025.12.02-12.22.15:232][558]LogOnline: OSS: Creating online subsystem instance for: :Context_24
[2025.12.02-12.22.15:237][558]PIE: Server logged in
[2025.12.02-12.22.15:238][558]PIE: Play in editor total start time 0.155 seconds.
[2025.12.02-12.22.21:792][951]LogViewport: Display: Viewport MouseLockMode Changed, LockOnCapture -> DoNotLock
[2025.12.02-12.22.21:792][951]LogViewport: Display: Viewport MouseCaptureMode Changed, CapturePermanently_IncludingInitialMouseDown -> NoCapture
[2025.12.02-12.22.29:894][435]LogSlate: Updating window title bar state: overlay mode, drag disabled, window buttons hidden, title bar hidden
[2025.12.02-12.22.29:894][435]LogWorld: BeginTearingDown for /Game/Mapas/Fases/MapadeTeste/UEDPIE_0_MapadeTeste
[2025.12.02-12.22.29:894][435]LogWorld: UWorld::CleanupWorld for MapadeTeste, bSessionEnded=true, bCleanupResources=true
[2025.12.02-12.22.29:895][435]LogSlate: InvalidateAllWidgets triggered.  All widgets were invalidated
[2025.12.02-12.22.29:906][435]LogPlayLevel: Display: Shutting down PIE online subsystems
[2025.12.02-12.22.29:914][435]LogSlate: InvalidateAllWidgets triggered.  All widgets were invalidated
[2025.12.02-12.22.29:947][435]LogAudio: Display: Audio Device unregistered from world 'None'.
[2025.12.02-12.22.29:947][435]LogAudioMixer: FMixerPlatformXAudio2::StopAudioStream() called
[2025.12.02-12.22.29:948][435]LogAudioMixer: FMixerPlatformXAudio2::StopAudioStream() called
[2025.12.02-12.22.29:953][435]LogSlate: Updating window title bar state: overlay mode, drag disabled, window buttons hidden, title bar hidden
[2025.12.02-12.22.29:957][435]LogUObjectHash: Compacting FUObjectHashTables data took   2.97ms
[2025.12.02-12.22.29:978][436]LogPlayLevel: Display: Destroying online subsystem :Context_24
[2025.12.02-12.22.31:579][532]LogTemp: Repeating last play command: Selected Viewport
[2025.12.02-12.22.31:586][532]LogPlayLevel: PlayLevel: No blueprints needed recompiling
[2025.12.02-12.22.31:586][532]PIE: New page: PIE session: MapadeTeste (Dec 2, 2025, 6:22:31 AM)
[2025.12.02-12.22.31:586][532]LogPlayLevel: Creating play world package: /Game/Mapas/Fases/MapadeTeste/UEDPIE_0_MapadeTeste
[2025.12.02-12.22.31:606][532]LogPlayLevel: PIE: StaticDuplicateObject took: (0.019981s)
[2025.12.02-12.22.31:607][532]LogAIModule: Creating AISystem for world MapadeTeste
[2025.12.02-12.22.31:607][532]LogPlayLevel: PIE: World Init took: (0.001158s)
[2025.12.02-12.22.31:607][532]LogPlayLevel: PIE: Created PIE world by copying editor world from /Game/Mapas/Fases/MapadeTeste/MapadeTeste.MapadeTeste to /Game/Mapas/Fases/MapadeTeste/UEDPIE_0_MapadeTeste.MapadeTeste (0.021279s)
[2025.12.02-12.22.31:643][532]LogUObjectHash: Compacting FUObjectHashTables data took   2.71ms
[2025.12.02-12.22.31:644][532]LogAudio: Display: Creating Audio Device:                 Id: 22, Scope: Unique, Realtime: True
[2025.12.02-12.22.31:644][532]LogAudioMixer: Display: Audio Mixer Platform Settings:
[2025.12.02-12.22.31:644][532]LogAudioMixer: Display: 	Sample Rate:						  48000
[2025.12.02-12.22.31:644][532]LogAudioMixer: Display: 	Callback Buffer Frame Size Requested: 1024
[2025.12.02-12.22.31:644][532]LogAudioMixer: Display: 	Callback Buffer Frame Size To Use:	  1024
[2025.12.02-12.22.31:644][532]LogAudioMixer: Display: 	Number of buffers to queue:			  2
[2025.12.02-12.22.31:644][532]LogAudioMixer: Display: 	Max Channels (voices):				  32
[2025.12.02-12.22.31:644][532]LogAudioMixer: Display: 	Number of Async Source Workers:		  0
[2025.12.02-12.22.31:644][532]LogAudio: Display: AudioDevice MaxSources: 32
[2025.12.02-12.22.31:645][532]LogAudio: Display: Audio Spatialization Plugin: None (built-in).
[2025.12.02-12.22.31:645][532]LogAudio: Display: Audio Reverb Plugin: None (built-in).
[2025.12.02-12.22.31:645][532]LogAudio: Display: Audio Occlusion Plugin: None (built-in).
[2025.12.02-12.22.31:645][532]LogAudioMixer: Display: Initializing audio mixer.
[2025.12.02-12.22.31:650][532]LogAudioMixer: Display: 0: FrontLeft
[2025.12.02-12.22.31:650][532]LogAudioMixer: Display: 1: FrontRight
[2025.12.02-12.22.31:658][532]LogAudioMixer: Display: Using Audio Device Alto-falantes (Realtek(R) Audio)
[2025.12.02-12.22.31:658][532]LogAudioMixer: Display: Initializing Sound Submixes...
[2025.12.02-12.22.31:658][532]LogAudioMixer: Display: Creating Master Submix 'MasterSubmixDefault'
[2025.12.02-12.22.31:658][532]LogAudioMixer: Display: Creating Master Submix 'MasterReverbSubmixDefault'
[2025.12.02-12.22.31:659][532]LogAudioMixer: Display: Creating Master Submix 'MasterEQSubmixDefault'
[2025.12.02-12.22.31:659][532]LogAudioMixer: FMixerPlatformXAudio2::StartAudioStream() called
[2025.12.02-12.22.31:659][532]LogAudioMixer: Display: Output buffers initialized: Frames=1024, Channels=2, Samples=2048
[2025.12.02-12.22.31:661][532]LogAudioMixer: Display: Starting AudioMixerPlatformInterface::RunInternal()
[2025.12.02-12.22.31:661][532]LogAudioMixer: Display: FMixerPlatformXAudio2::SubmitBuffer() called for the first time
[2025.12.02-12.22.31:661][532]LogInit: FAudioDevice initialized.
[2025.12.02-12.22.31:661][532]LogAudio: Display: Audio Device (ID: 22) registered with world 'MapadeTeste'.
[2025.12.02-12.22.31:674][532]LogLoad: Game class is 'GameModeRL_C'
[2025.12.02-12.22.31:675][532]LogWorld: Bringing World /Game/Mapas/Fases/MapadeTeste/UEDPIE_0_MapadeTeste.MapadeTeste up for play (max tick rate 60) at 2025.12.02-09.22.31
[2025.12.02-12.22.31:676][532]LogWorld: Bringing up level for play took: 0.001632
[2025.12.02-12.22.31:676][532]LogOnline: OSS: Creating online subsystem instance for: :Context_25
[2025.12.02-12.22.31:680][532]PIE: Server logged in
[2025.12.02-12.22.31:681][532]PIE: Play in editor total start time 0.097 seconds.
[2025.12.02-12.23.13:966][ 67]LogViewport: Display: Viewport MouseLockMode Changed, LockOnCapture -> DoNotLock
[2025.12.02-12.23.13:966][ 67]LogViewport: Display: Viewport MouseCaptureMode Changed, CapturePermanently_IncludingInitialMouseDown -> NoCapture
[2025.12.02-12.23.23:917][664]LogViewport: Display: Viewport MouseLockMode Changed, DoNotLock -> LockOnCapture
[2025.12.02-12.23.23:917][664]LogViewport: Display: Viewport MouseCaptureMode Changed, NoCapture -> CapturePermanently
[2025.12.02-12.23.23:932][665]LogNet: Browse: /Game/Mapas/Fases/MapaInicialAr/MapaInicial
[2025.12.02-12.23.23:932][665]LogLoad: LoadMap: /Game/Mapas/Fases/MapaInicialAr/MapaInicial
[2025.12.02-12.23.23:932][665]LogWorld: BeginTearingDown for /Game/Mapas/Fases/MapadeTeste/UEDPIE_0_MapadeTeste
[2025.12.02-12.23.23:934][665]LogWorld: UWorld::CleanupWorld for MapadeTeste, bSessionEnded=true, bCleanupResources=true
[2025.12.02-12.23.23:934][665]LogSlate: InvalidateAllWidgets triggered.  All widgets were invalidated
[2025.12.02-12.23.23:996][665]LogAudio: Display: Audio Device unregistered from world 'None'.
[2025.12.02-12.23.24:000][665]LogUObjectHash: Compacting FUObjectHashTables data took   2.89ms
[2025.12.02-12.23.24:324][665]LogAudio: Display: Audio Device (ID: 22) registered with world 'MapaInicial'.
[2025.12.02-12.23.24:325][665]LogAIModule: Creating AISystem for world MapaInicial
[2025.12.02-12.23.24:326][665]LogLoad: Game class is 'GameModeRL_C'
[2025.12.02-12.23.24:328][665]LogWorld: Bringing World /Game/Mapas/Fases/MapaInicialAr/UEDPIE_0_MapaInicial.MapaInicial up for play (max tick rate 60) at 2025.12.02-09.23.24
[2025.12.02-12.23.24:329][665]LogWorld: Bringing up level for play took: 0.002179
[2025.12.02-12.23.24:330][665]LogLoad: Took 0.397926 seconds to LoadMap(/Game/Mapas/Fases/MapaInicialAr/MapaInicial)
[2025.12.02-12.23.25:314][722]LogSlate: Updating window title bar state: overlay mode, drag disabled, window buttons hidden, title bar hidden
[2025.12.02-12.23.25:314][722]LogWorld: BeginTearingDown for /Game/Mapas/Fases/MapaInicialAr/UEDPIE_0_MapaInicial
[2025.12.02-12.23.25:314][722]LogWorld: UWorld::CleanupWorld for MapaInicial, bSessionEnded=true, bCleanupResources=true
[2025.12.02-12.23.25:314][722]LogSlate: InvalidateAllWidgets triggered.  All widgets were invalidated
[2025.12.02-12.23.25:327][722]LogPlayLevel: Display: Shutting down PIE online subsystems
[2025.12.02-12.23.25:334][722]LogSlate: InvalidateAllWidgets triggered.  All widgets were invalidated
[2025.12.02-12.23.25:367][722]LogSlate: Updating window title bar state: overlay mode, drag disabled, window buttons hidden, title bar hidden
[2025.12.02-12.23.25:367][722]LogAudioMixer: FMixerPlatformXAudio2::StopAudioStream() called
[2025.12.02-12.23.25:368][722]LogAudioMixer: FMixerPlatformXAudio2::StopAudioStream() called
[2025.12.02-12.23.25:376][722]LogUObjectHash: Compacting FUObjectHashTables data took   3.02ms
[2025.12.02-12.23.25:406][723]LogPlayLevel: Display: Destroying online subsystem :Context_25
[2025.12.02-12.23.27:115][824]LogTemp: Repeating last play command: Selected Viewport
[2025.12.02-12.23.27:121][824]LogPlayLevel: PlayLevel: No blueprints needed recompiling
[2025.12.02-12.23.27:121][824]PIE: New page: PIE session: MapadeTeste (Dec 2, 2025, 6:23:27 AM)
[2025.12.02-12.23.27:121][824]LogPlayLevel: Creating play world package: /Game/Mapas/Fases/MapadeTeste/UEDPIE_0_MapadeTeste
[2025.12.02-12.23.27:142][824]LogPlayLevel: PIE: StaticDuplicateObject took: (0.020004s)
[2025.12.02-12.23.27:142][824]LogAIModule: Creating AISystem for world MapadeTeste
[2025.12.02-12.23.27:143][824]LogPlayLevel: PIE: World Init took: (0.001133s)
[2025.12.02-12.23.27:143][824]LogPlayLevel: PIE: Created PIE world by copying editor world from /Game/Mapas/Fases/MapadeTeste/MapadeTeste.MapadeTeste to /Game/Mapas/Fases/MapadeTeste/UEDPIE_0_MapadeTeste.MapadeTeste (0.021275s)
[2025.12.02-12.23.27:180][824]LogUObjectHash: Compacting FUObjectHashTables data took   2.82ms
[2025.12.02-12.23.27:180][824]LogAudio: Display: Creating Audio Device:                 Id: 23, Scope: Unique, Realtime: True
[2025.12.02-12.23.27:180][824]LogAudioMixer: Display: Audio Mixer Platform Settings:
[2025.12.02-12.23.27:180][824]LogAudioMixer: Display: 	Sample Rate:						  48000
[2025.12.02-12.23.27:180][824]LogAudioMixer: Display: 	Callback Buffer Frame Size Requested: 1024
[2025.12.02-12.23.27:180][824]LogAudioMixer: Display: 	Callback Buffer Frame Size To Use:	  1024
[2025.12.02-12.23.27:180][824]LogAudioMixer: Display: 	Number of buffers to queue:			  2
[2025.12.02-12.23.27:180][824]LogAudioMixer: Display: 	Max Channels (voices):				  32
[2025.12.02-12.23.27:180][824]LogAudioMixer: Display: 	Number of Async Source Workers:		  0
[2025.12.02-12.23.27:180][824]LogAudio: Display: AudioDevice MaxSources: 32
[2025.12.02-12.23.27:181][824]LogAudio: Display: Audio Spatialization Plugin: None (built-in).
[2025.12.02-12.23.27:181][824]LogAudio: Display: Audio Reverb Plugin: None (built-in).
[2025.12.02-12.23.27:181][824]LogAudio: Display: Audio Occlusion Plugin: None (built-in).
[2025.12.02-12.23.27:181][824]LogAudioMixer: Display: Initializing audio mixer.
[2025.12.02-12.23.27:187][824]LogAudioMixer: Display: 0: FrontLeft
[2025.12.02-12.23.27:187][824]LogAudioMixer: Display: 1: FrontRight
[2025.12.02-12.23.27:197][824]LogAudioMixer: Display: Using Audio Device Alto-falantes (Realtek(R) Audio)
[2025.12.02-12.23.27:198][824]LogAudioMixer: Display: Initializing Sound Submixes...
[2025.12.02-12.23.27:198][824]LogAudioMixer: Display: Creating Master Submix 'MasterSubmixDefault'
[2025.12.02-12.23.27:198][824]LogAudioMixer: Display: Creating Master Submix 'MasterReverbSubmixDefault'
[2025.12.02-12.23.27:198][824]LogAudioMixer: Display: Creating Master Submix 'MasterEQSubmixDefault'
[2025.12.02-12.23.27:198][824]LogAudioMixer: FMixerPlatformXAudio2::StartAudioStream() called
[2025.12.02-12.23.27:198][824]LogAudioMixer: Display: Output buffers initialized: Frames=1024, Channels=2, Samples=2048
[2025.12.02-12.23.27:200][824]LogAudioMixer: Display: Starting AudioMixerPlatformInterface::RunInternal()
[2025.12.02-12.23.27:200][824]LogAudioMixer: Display: FMixerPlatformXAudio2::SubmitBuffer() called for the first time
[2025.12.02-12.23.27:200][824]LogInit: FAudioDevice initialized.
[2025.12.02-12.23.27:200][824]LogAudio: Display: Audio Device (ID: 23) registered with world 'MapadeTeste'.
[2025.12.02-12.23.27:251][824]LogSlate: Updating window title bar state: overlay mode, drag disabled, window buttons hidden, title bar hidden
[2025.12.02-12.23.27:251][824]LogLoad: Game class is 'GameModeRL_C'
[2025.12.02-12.23.27:253][824]LogWorld: Bringing World /Game/Mapas/Fases/MapadeTeste/UEDPIE_0_MapadeTeste.MapadeTeste up for play (max tick rate 60) at 2025.12.02-09.23.27
[2025.12.02-12.23.27:253][824]LogWorld: Bringing up level for play took: 0.002426
[2025.12.02-12.23.27:255][824]LogOnline: OSS: Creating online subsystem instance for: :Context_26
[2025.12.02-12.23.27:260][824]PIE: Server logged in
[2025.12.02-12.23.27:261][824]PIE: Play in editor total start time 0.142 seconds.
[2025.12.02-12.23.29:115][902]LogRenderer: Reallocating scene render targets to support 1536x792 Format 10 NumSamples 1 (Frame:79).
[2025.12.02-12.23.33:947][191]LogViewport: Display: Viewport MouseLockMode Changed, LockOnCapture -> DoNotLock
[2025.12.02-12.23.33:947][191]LogViewport: Display: Viewport MouseCaptureMode Changed, CapturePermanently_IncludingInitialMouseDown -> NoCapture
[2025.12.02-12.23.50:243][964]LogSlate: Window 'ColunaDoendoSamurai Preview [NetMode: Standalone]  (64-bit/Windows) ' being destroyed
[2025.12.02-12.23.50:254][964]LogWorld: BeginTearingDown for /Game/Mapas/Fases/MapadeTeste/UEDPIE_0_MapadeTeste
[2025.12.02-12.23.50:282][964]LogWorld: UWorld::CleanupWorld for MapadeTeste, bSessionEnded=true, bCleanupResources=true
[2025.12.02-12.23.50:282][964]LogSlate: InvalidateAllWidgets triggered.  All widgets were invalidated
[2025.12.02-12.23.50:293][964]LogPlayLevel: Display: Shutting down PIE online subsystems
[2025.12.02-12.23.50:299][964]LogSlate: InvalidateAllWidgets triggered.  All widgets were invalidated
[2025.12.02-12.23.50:332][964]LogAudioMixer: FMixerPlatformXAudio2::StopAudioStream() called
[2025.12.02-12.23.50:334][964]LogAudioMixer: FMixerPlatformXAudio2::StopAudioStream() called
[2025.12.02-12.23.50:342][964]LogUObjectHash: Compacting FUObjectHashTables data took   3.20ms
[2025.12.02-12.23.50:380][965]LogPlayLevel: Display: Destroying online subsystem :Context_26
[2025.12.02-12.23.52:024][ 63]LogTemp: Repeating last play command: Selected Viewport
[2025.12.02-12.23.52:031][ 63]LogPlayLevel: PlayLevel: No blueprints needed recompiling
[2025.12.02-12.23.52:031][ 63]PIE: New page: PIE session: MapadeTeste (Dec 2, 2025, 6:23:52 AM)
[2025.12.02-12.23.52:031][ 63]LogPlayLevel: Creating play world package: /Game/Mapas/Fases/MapadeTeste/UEDPIE_0_MapadeTeste
[2025.12.02-12.23.52:054][ 63]LogPlayLevel: PIE: StaticDuplicateObject took: (0.022704s)
[2025.12.02-12.23.52:055][ 63]LogAIModule: Creating AISystem for world MapadeTeste
[2025.12.02-12.23.52:055][ 63]LogPlayLevel: PIE: World Init took: (0.001144s)
[2025.12.02-12.23.52:055][ 63]LogPlayLevel: PIE: Created PIE world by copying editor world from /Game/Mapas/Fases/MapadeTeste/MapadeTeste.MapadeTeste to /Game/Mapas/Fases/MapadeTeste/UEDPIE_0_MapadeTeste.MapadeTeste (0.024021s)
[2025.12.02-12.23.52:093][ 63]LogUObjectHash: Compacting FUObjectHashTables data took   2.94ms
[2025.12.02-12.23.52:094][ 63]LogAudio: Display: Creating Audio Device:                 Id: 24, Scope: Unique, Realtime: True
[2025.12.02-12.23.52:094][ 63]LogAudioMixer: Display: Audio Mixer Platform Settings:
[2025.12.02-12.23.52:094][ 63]LogAudioMixer: Display: 	Sample Rate:						  48000
[2025.12.02-12.23.52:094][ 63]LogAudioMixer: Display: 	Callback Buffer Frame Size Requested: 1024
[2025.12.02-12.23.52:094][ 63]LogAudioMixer: Display: 	Callback Buffer Frame Size To Use:	  1024
[2025.12.02-12.23.52:094][ 63]LogAudioMixer: Display: 	Number of buffers to queue:			  2
[2025.12.02-12.23.52:094][ 63]LogAudioMixer: Display: 	Max Channels (voices):				  32
[2025.12.02-12.23.52:094][ 63]LogAudioMixer: Display: 	Number of Async Source Workers:		  0
[2025.12.02-12.23.52:094][ 63]LogAudio: Display: AudioDevice MaxSources: 32
[2025.12.02-12.23.52:095][ 63]LogAudio: Display: Audio Spatialization Plugin: None (built-in).
[2025.12.02-12.23.52:095][ 63]LogAudio: Display: Audio Reverb Plugin: None (built-in).
[2025.12.02-12.23.52:095][ 63]LogAudio: Display: Audio Occlusion Plugin: None (built-in).
[2025.12.02-12.23.52:095][ 63]LogAudioMixer: Display: Initializing audio mixer.
[2025.12.02-12.23.52:100][ 63]LogAudioMixer: Display: 0: FrontLeft
[2025.12.02-12.23.52:101][ 63]LogAudioMixer: Display: 1: FrontRight
[2025.12.02-12.23.52:108][ 63]LogAudioMixer: Display: Using Audio Device Alto-falantes (Realtek(R) Audio)
[2025.12.02-12.23.52:109][ 63]LogAudioMixer: Display: Initializing Sound Submixes...
[2025.12.02-12.23.52:109][ 63]LogAudioMixer: Display: Creating Master Submix 'MasterSubmixDefault'
[2025.12.02-12.23.52:109][ 63]LogAudioMixer: Display: Creating Master Submix 'MasterReverbSubmixDefault'
[2025.12.02-12.23.52:109][ 63]LogAudioMixer: Display: Creating Master Submix 'MasterEQSubmixDefault'
[2025.12.02-12.23.52:109][ 63]LogAudioMixer: FMixerPlatformXAudio2::StartAudioStream() called
[2025.12.02-12.23.52:109][ 63]LogAudioMixer: Display: Output buffers initialized: Frames=1024, Channels=2, Samples=2048
[2025.12.02-12.23.52:111][ 63]LogAudioMixer: Display: Starting AudioMixerPlatformInterface::RunInternal()
[2025.12.02-12.23.52:111][ 63]LogAudioMixer: Display: FMixerPlatformXAudio2::SubmitBuffer() called for the first time
[2025.12.02-12.23.52:111][ 63]LogInit: FAudioDevice initialized.
[2025.12.02-12.23.52:111][ 63]LogAudio: Display: Audio Device (ID: 24) registered with world 'MapadeTeste'.
[2025.12.02-12.23.52:160][ 63]LogSlate: Updating window title bar state: overlay mode, drag disabled, window buttons hidden, title bar hidden
[2025.12.02-12.23.52:160][ 63]LogLoad: Game class is 'GameModeRL_C'
[2025.12.02-12.23.52:162][ 63]LogWorld: Bringing World /Game/Mapas/Fases/MapadeTeste/UEDPIE_0_MapadeTeste.MapadeTeste up for play (max tick rate 60) at 2025.12.02-09.23.52
[2025.12.02-12.23.52:163][ 63]LogWorld: Bringing up level for play took: 0.001820
[2025.12.02-12.23.52:163][ 63]LogOnline: OSS: Creating online subsystem instance for: :Context_27
[2025.12.02-12.23.52:169][ 63]PIE: Server logged in
[2025.12.02-12.23.52:171][ 63]PIE: Play in editor total start time 0.14 seconds.
[2025.12.02-12.24.13:543][339]LogSlate: Updating window title bar state: overlay mode, drag disabled, window buttons hidden, title bar hidden
[2025.12.02-12.24.13:543][339]LogWorld: BeginTearingDown for /Game/Mapas/Fases/MapadeTeste/UEDPIE_0_MapadeTeste
[2025.12.02-12.24.13:544][339]LogSlate: Window 'ColunaDoendoSamurai Preview [NetMode: Standalone]  (64-bit/Windows) ' being destroyed
[2025.12.02-12.24.13:553][339]LogWorld: UWorld::CleanupWorld for MapadeTeste, bSessionEnded=true, bCleanupResources=true
[2025.12.02-12.24.13:553][339]LogSlate: InvalidateAllWidgets triggered.  All widgets were invalidated
[2025.12.02-12.24.13:561][339]LogPlayLevel: Display: Shutting down PIE online subsystems
[2025.12.02-12.24.13:567][339]LogSlate: InvalidateAllWidgets triggered.  All widgets were invalidated
[2025.12.02-12.24.13:599][339]LogAudioMixer: FMixerPlatformXAudio2::StopAudioStream() called
[2025.12.02-12.24.13:601][339]LogAudioMixer: FMixerPlatformXAudio2::StopAudioStream() called
[2025.12.02-12.24.13:609][339]LogUObjectHash: Compacting FUObjectHashTables data took   3.11ms
[2025.12.02-12.24.13:647][340]LogPlayLevel: Display: Destroying online subsystem :Context_27
[2025.12.02-12.24.15:716][464]LogTemp: Repeating last play command: Selected Viewport
[2025.12.02-12.24.15:723][464]LogPlayLevel: PlayLevel: No blueprints needed recompiling
[2025.12.02-12.24.15:723][464]PIE: New page: PIE session: MapadeTeste (Dec 2, 2025, 6:24:15 AM)
[2025.12.02-12.24.15:723][464]LogPlayLevel: Creating play world package: /Game/Mapas/Fases/MapadeTeste/UEDPIE_0_MapadeTeste
[2025.12.02-12.24.15:746][464]LogPlayLevel: PIE: StaticDuplicateObject took: (0.022781s)
[2025.12.02-12.24.15:747][464]LogAIModule: Creating AISystem for world MapadeTeste
[2025.12.02-12.24.15:748][464]LogPlayLevel: PIE: World Init took: (0.001134s)
[2025.12.02-12.24.15:748][464]LogPlayLevel: PIE: Created PIE world by copying editor world from /Game/Mapas/Fases/MapadeTeste/MapadeTeste.MapadeTeste to /Game/Mapas/Fases/MapadeTeste/UEDPIE_0_MapadeTeste.MapadeTeste (0.024063s)
[2025.12.02-12.24.15:783][464]LogUObjectHash: Compacting FUObjectHashTables data took   2.80ms
[2025.12.02-12.24.15:784][464]LogAudio: Display: Creating Audio Device:                 Id: 25, Scope: Unique, Realtime: True
[2025.12.02-12.24.15:784][464]LogAudioMixer: Display: Audio Mixer Platform Settings:
[2025.12.02-12.24.15:784][464]LogAudioMixer: Display: 	Sample Rate:						  48000
[2025.12.02-12.24.15:784][464]LogAudioMixer: Display: 	Callback Buffer Frame Size Requested: 1024
[2025.12.02-12.24.15:784][464]LogAudioMixer: Display: 	Callback Buffer Frame Size To Use:	  1024
[2025.12.02-12.24.15:784][464]LogAudioMixer: Display: 	Number of buffers to queue:			  2
[2025.12.02-12.24.15:784][464]LogAudioMixer: Display: 	Max Channels (voices):				  32
[2025.12.02-12.24.15:784][464]LogAudioMixer: Display: 	Number of Async Source Workers:		  0
[2025.12.02-12.24.15:784][464]LogAudio: Display: AudioDevice MaxSources: 32
[2025.12.02-12.24.15:784][464]LogAudio: Display: Audio Spatialization Plugin: None (built-in).
[2025.12.02-12.24.15:784][464]LogAudio: Display: Audio Reverb Plugin: None (built-in).
[2025.12.02-12.24.15:784][464]LogAudio: Display: Audio Occlusion Plugin: None (built-in).
[2025.12.02-12.24.15:784][464]LogAudioMixer: Display: Initializing audio mixer.
[2025.12.02-12.24.15:790][464]LogAudioMixer: Display: 0: FrontLeft
[2025.12.02-12.24.15:790][464]LogAudioMixer: Display: 1: FrontRight
[2025.12.02-12.24.15:797][464]LogAudioMixer: Display: Using Audio Device Alto-falantes (Realtek(R) Audio)
[2025.12.02-12.24.15:799][464]LogAudioMixer: Display: Initializing Sound Submixes...
[2025.12.02-12.24.15:799][464]LogAudioMixer: Display: Creating Master Submix 'MasterSubmixDefault'
[2025.12.02-12.24.15:799][464]LogAudioMixer: Display: Creating Master Submix 'MasterReverbSubmixDefault'
[2025.12.02-12.24.15:799][464]LogAudioMixer: Display: Creating Master Submix 'MasterEQSubmixDefault'
[2025.12.02-12.24.15:800][464]LogAudioMixer: FMixerPlatformXAudio2::StartAudioStream() called
[2025.12.02-12.24.15:800][464]LogAudioMixer: Display: Output buffers initialized: Frames=1024, Channels=2, Samples=2048
[2025.12.02-12.24.15:801][464]LogAudioMixer: Display: Starting AudioMixerPlatformInterface::RunInternal()
[2025.12.02-12.24.15:801][464]LogAudioMixer: Display: FMixerPlatformXAudio2::SubmitBuffer() called for the first time
[2025.12.02-12.24.15:801][464]LogInit: FAudioDevice initialized.
[2025.12.02-12.24.15:801][464]LogAudio: Display: Audio Device (ID: 25) registered with world 'MapadeTeste'.
[2025.12.02-12.24.15:853][464]LogSlate: Updating window title bar state: overlay mode, drag disabled, window buttons hidden, title bar hidden
[2025.12.02-12.24.15:854][464]LogLoad: Game class is 'GameModeRL_C'
[2025.12.02-12.24.15:856][464]LogWorld: Bringing World /Game/Mapas/Fases/MapadeTeste/UEDPIE_0_MapadeTeste.MapadeTeste up for play (max tick rate 60) at 2025.12.02-09.24.15
[2025.12.02-12.24.15:856][464]LogWorld: Bringing up level for play took: 0.002275
[2025.12.02-12.24.15:858][464]LogOnline: OSS: Creating online subsystem instance for: :Context_28
[2025.12.02-12.24.15:863][464]PIE: Server logged in
[2025.12.02-12.24.15:865][464]PIE: Play in editor total start time 0.142 seconds.
[2025.12.02-12.29.39:702][878]LogSlate: Updating window title bar state: overlay mode, drag disabled, window buttons hidden, title bar hidden
[2025.12.02-12.29.39:702][878]LogWorld: BeginTearingDown for /Game/Mapas/Fases/MapadeTeste/UEDPIE_0_MapadeTeste
[2025.12.02-12.29.39:703][878]LogSlate: Window 'ColunaDoendoSamurai Preview [NetMode: Standalone]  (64-bit/Windows) ' being destroyed
[2025.12.02-12.29.39:713][878]LogWorld: UWorld::CleanupWorld for MapadeTeste, bSessionEnded=true, bCleanupResources=true
[2025.12.02-12.29.39:713][878]LogSlate: InvalidateAllWidgets triggered.  All widgets were invalidated
[2025.12.02-12.29.39:723][878]LogPlayLevel: Display: Shutting down PIE online subsystems
[2025.12.02-12.29.39:730][878]LogSlate: InvalidateAllWidgets triggered.  All widgets were invalidated
[2025.12.02-12.29.39:764][878]LogAudioMixer: FMixerPlatformXAudio2::StopAudioStream() called
[2025.12.02-12.29.39:765][878]LogAudioMixer: FMixerPlatformXAudio2::StopAudioStream() called
[2025.12.02-12.29.39:772][878]LogUObjectHash: Compacting FUObjectHashTables data took   3.28ms
[2025.12.02-12.29.39:808][879]LogPlayLevel: Display: Destroying online subsystem :Context_28
[2025.12.02-12.30.05:937][425]LogAssetEditorSubsystem: Opening Asset editor for Blueprint /Game/Inimigos/InimigoBaseBP.InimigoBaseBP
[2025.12.02-12.30.25:856][570]LogEditorViewport: Clicking on Actor (LMB): InimigoTeste_C (InimigoTeste)
[2025.12.02-12.30.35:379][123]LogAssetEditorSubsystem: Opening Asset editor for Blueprint /Game/Inimigos/InimigoTeste/inimigoTeste.InimigoTeste
[2025.12.02-12.30.48:338][864]Cmd: OBJ SAVEPACKAGE PACKAGE="/Game/Inimigos/InimigoTeste/inimigoTeste" FILE="E:/Unreal/Fumec_DevGames/Content/Inimigos/InimigoTeste/inimigoTeste.uasset" SILENT=true
[2025.12.02-12.30.48:451][864]LogSavePackage: Moving 'E:/Unreal/Fumec_DevGames/Saved/inimigoTesteA1AF4A44409997284F9CD0B672912CE0.tmp' to 'E:/Unreal/Fumec_DevGames/Content/Inimigos/InimigoTeste/inimigoTeste.uasset'
[2025.12.02-12.30.48:507][864]AssetCheck: New page: Asset Save: InimigoTeste
[2025.12.02-12.30.48:507][864]LogContentValidation: Display: Validating Blueprint /Game/Inimigos/InimigoTeste/inimigoTeste.InimigoTeste
[2025.12.02-12.30.49:084][896]BlueprintLog: New page: Compile InimigoTeste
[2025.12.02-12.30.49:251][896]LogUObjectHash: Compacting FUObjectHashTables data took   3.14ms
[2025.12.02-12.30.49:766][925]LogTemp: Repeating last play command: Selected Viewport
[2025.12.02-12.30.49:774][925]LogPlayLevel: PlayLevel: No blueprints needed recompiling
[2025.12.02-12.30.49:774][925]PIE: New page: PIE session: MapadeTeste (Dec 2, 2025, 6:30:49 AM)
[2025.12.02-12.30.49:774][925]LogPlayLevel: Creating play world package: /Game/Mapas/Fases/MapadeTeste/UEDPIE_0_MapadeTeste
[2025.12.02-12.30.49:800][925]LogPlayLevel: PIE: StaticDuplicateObject took: (0.025024s)
[2025.12.02-12.30.49:800][925]LogAIModule: Creating AISystem for world MapadeTeste
[2025.12.02-12.30.49:801][925]LogPlayLevel: PIE: World Init took: (0.001325s)
[2025.12.02-12.30.49:801][925]LogPlayLevel: PIE: Created PIE world by copying editor world from /Game/Mapas/Fases/MapadeTeste/MapadeTeste.MapadeTeste to /Game/Mapas/Fases/MapadeTeste/UEDPIE_0_MapadeTeste.MapadeTeste (0.026648s)
[2025.12.02-12.30.49:842][925]LogUObjectHash: Compacting FUObjectHashTables data took   3.49ms
[2025.12.02-12.30.49:843][925]LogAudio: Display: Creating Audio Device:                 Id: 26, Scope: Unique, Realtime: True
[2025.12.02-12.30.49:843][925]LogAudioMixer: Display: Audio Mixer Platform Settings:
[2025.12.02-12.30.49:843][925]LogAudioMixer: Display: 	Sample Rate:						  48000
[2025.12.02-12.30.49:843][925]LogAudioMixer: Display: 	Callback Buffer Frame Size Requested: 1024
[2025.12.02-12.30.49:843][925]LogAudioMixer: Display: 	Callback Buffer Frame Size To Use:	  1024
[2025.12.02-12.30.49:843][925]LogAudioMixer: Display: 	Number of buffers to queue:			  2
[2025.12.02-12.30.49:843][925]LogAudioMixer: Display: 	Max Channels (voices):				  32
[2025.12.02-12.30.49:843][925]LogAudioMixer: Display: 	Number of Async Source Workers:		  0
[2025.12.02-12.30.49:843][925]LogAudio: Display: AudioDevice MaxSources: 32
[2025.12.02-12.30.49:843][925]LogAudio: Display: Audio Spatialization Plugin: None (built-in).
[2025.12.02-12.30.49:843][925]LogAudio: Display: Audio Reverb Plugin: None (built-in).
[2025.12.02-12.30.49:843][925]LogAudio: Display: Audio Occlusion Plugin: None (built-in).
[2025.12.02-12.30.49:843][925]LogAudioMixer: Display: Initializing audio mixer.
[2025.12.02-12.30.49:849][925]LogAudioMixer: Display: 0: FrontLeft
[2025.12.02-12.30.49:849][925]LogAudioMixer: Display: 1: FrontRight
[2025.12.02-12.30.49:858][925]LogAudioMixer: Display: Using Audio Device Alto-falantes (Realtek(R) Audio)
[2025.12.02-12.30.49:858][925]LogAudioMixer: Display: Initializing Sound Submixes...
[2025.12.02-12.30.49:858][925]LogAudioMixer: Display: Creating Master Submix 'MasterSubmixDefault'
[2025.12.02-12.30.49:858][925]LogAudioMixer: Display: Creating Master Submix 'MasterReverbSubmixDefault'
[2025.12.02-12.30.49:859][925]LogAudioMixer: Display: Creating Master Submix 'MasterEQSubmixDefault'
[2025.12.02-12.30.49:859][925]LogAudioMixer: FMixerPlatformXAudio2::StartAudioStream() called
[2025.12.02-12.30.49:859][925]LogAudioMixer: Display: Output buffers initialized: Frames=1024, Channels=2, Samples=2048
[2025.12.02-12.30.49:861][925]LogAudioMixer: Display: Starting AudioMixerPlatformInterface::RunInternal()
[2025.12.02-12.30.49:861][925]LogAudioMixer: Display: FMixerPlatformXAudio2::SubmitBuffer() called for the first time
[2025.12.02-12.30.49:861][925]LogInit: FAudioDevice initialized.
[2025.12.02-12.30.49:861][925]LogAudio: Display: Audio Device (ID: 26) registered with world 'MapadeTeste'.
[2025.12.02-12.30.49:915][925]LogSlate: Updating window title bar state: overlay mode, drag disabled, window buttons hidden, title bar hidden
[2025.12.02-12.30.49:915][925]LogLoad: Game class is 'GameModeRL_C'
[2025.12.02-12.30.49:917][925]LogWorld: Bringing World /Game/Mapas/Fases/MapadeTeste/UEDPIE_0_MapadeTeste.MapadeTeste up for play (max tick rate 60) at 2025.12.02-09.30.49
[2025.12.02-12.30.49:917][925]LogWorld: Bringing up level for play took: 0.001951
[2025.12.02-12.30.49:917][925]LogOnline: OSS: Creating online subsystem instance for: :Context_31
[2025.12.02-12.30.49:924][925]PIE: Server logged in
[2025.12.02-12.30.49:925][925]PIE: Play in editor total start time 0.152 seconds.
[2025.12.02-12.30.53:685][144]LogSlate: Updating window title bar state: overlay mode, drag disabled, window buttons hidden, title bar hidden
[2025.12.02-12.30.53:685][144]LogWorld: BeginTearingDown for /Game/Mapas/Fases/MapadeTeste/UEDPIE_0_MapadeTeste
[2025.12.02-12.30.53:686][144]LogSlate: Window 'ColunaDoendoSamurai Preview [NetMode: Standalone]  (64-bit/Windows) ' being destroyed
[2025.12.02-12.30.53:692][144]LogWorld: UWorld::CleanupWorld for MapadeTeste, bSessionEnded=true, bCleanupResources=true
[2025.12.02-12.30.53:693][144]LogSlate: InvalidateAllWidgets triggered.  All widgets were invalidated
[2025.12.02-12.30.53:706][144]LogPlayLevel: Display: Shutting down PIE online subsystems
[2025.12.02-12.30.53:754][144]LogSlate: InvalidateAllWidgets triggered.  All widgets were invalidated
[2025.12.02-12.30.53:794][144]LogAudio: Display: Audio Device unregistered from world 'None'.
[2025.12.02-12.30.53:795][144]LogAudioMixer: FMixerPlatformXAudio2::StopAudioStream() called
[2025.12.02-12.30.53:796][144]LogAudioMixer: FMixerPlatformXAudio2::StopAudioStream() called
[2025.12.02-12.30.53:804][144]LogUObjectHash: Compacting FUObjectHashTables data took   2.98ms
[2025.12.02-12.30.53:848][145]LogPlayLevel: Display: Destroying online subsystem :Context_31
[2025.12.02-12.31.29:947][225]BlueprintLog: New page: Compile InimigoTeste
[2025.12.02-12.31.30:116][225]LogUObjectHash: Compacting FUObjectHashTables data took   4.03ms
[2025.12.02-12.31.30:152][225]Cmd: OBJ SAVEPACKAGE PACKAGE="/Game/Inimigos/InimigoTeste/inimigoTeste" FILE="E:/Unreal/Fumec_DevGames/Content/Inimigos/InimigoTeste/inimigoTeste.uasset" SILENT=true
[2025.12.02-12.31.30:443][225]LogSavePackage: Moving 'E:/Unreal/Fumec_DevGames/Saved/inimigoTeste33B8AABE4CE9C4AC26BB7F8F902D4620.tmp' to 'E:/Unreal/Fumec_DevGames/Content/Inimigos/InimigoTeste/inimigoTeste.uasset'
[2025.12.02-12.31.30:462][225]AssetCheck: New page: Asset Save: InimigoTeste
[2025.12.02-12.31.30:462][225]LogContentValidation: Display: Validating Blueprint /Game/Inimigos/InimigoTeste/inimigoTeste.InimigoTeste
[2025.12.02-12.31.31:645][295]LogTemp: Repeating last play command: Selected Viewport
[2025.12.02-12.31.31:651][295]LogPlayLevel: PlayLevel: No blueprints needed recompiling
[2025.12.02-12.31.31:653][295]PIE: New page: PIE session: MapadeTeste (Dec 2, 2025, 6:31:31 AM)
[2025.12.02-12.31.31:653][295]LogPlayLevel: Creating play world package: /Game/Mapas/Fases/MapadeTeste/UEDPIE_0_MapadeTeste
[2025.12.02-12.31.31:672][295]LogPlayLevel: PIE: StaticDuplicateObject took: (0.020008s)
[2025.12.02-12.31.31:673][295]LogAIModule: Creating AISystem for world MapadeTeste
[2025.12.02-12.31.31:673][295]LogPlayLevel: PIE: World Init took: (0.001116s)
[2025.12.02-12.31.31:673][295]LogPlayLevel: PIE: Created PIE world by copying editor world from /Game/Mapas/Fases/MapadeTeste/MapadeTeste.MapadeTeste to /Game/Mapas/Fases/MapadeTeste/UEDPIE_0_MapadeTeste.MapadeTeste (0.021260s)
[2025.12.02-12.31.31:717][295]LogUObjectHash: Compacting FUObjectHashTables data took   3.29ms
[2025.12.02-12.31.31:717][295]LogAudio: Display: Creating Audio Device:                 Id: 27, Scope: Unique, Realtime: True
[2025.12.02-12.31.31:717][295]LogAudioMixer: Display: Audio Mixer Platform Settings:
[2025.12.02-12.31.31:718][295]LogAudioMixer: Display: 	Sample Rate:						  48000
[2025.12.02-12.31.31:718][295]LogAudioMixer: Display: 	Callback Buffer Frame Size Requested: 1024
[2025.12.02-12.31.31:718][295]LogAudioMixer: Display: 	Callback Buffer Frame Size To Use:	  1024
[2025.12.02-12.31.31:718][295]LogAudioMixer: Display: 	Number of buffers to queue:			  2
[2025.12.02-12.31.31:718][295]LogAudioMixer: Display: 	Max Channels (voices):				  32
[2025.12.02-12.31.31:718][295]LogAudioMixer: Display: 	Number of Async Source Workers:		  0
[2025.12.02-12.31.31:718][295]LogAudio: Display: AudioDevice MaxSources: 32
[2025.12.02-12.31.31:718][295]LogAudio: Display: Audio Spatialization Plugin: None (built-in).
[2025.12.02-12.31.31:718][295]LogAudio: Display: Audio Reverb Plugin: None (built-in).
[2025.12.02-12.31.31:718][295]LogAudio: Display: Audio Occlusion Plugin: None (built-in).
[2025.12.02-12.31.31:718][295]LogAudioMixer: Display: Initializing audio mixer.
[2025.12.02-12.31.31:724][295]LogAudioMixer: Display: 0: FrontLeft
[2025.12.02-12.31.31:724][295]LogAudioMixer: Display: 1: FrontRight
[2025.12.02-12.31.31:732][295]LogAudioMixer: Display: Using Audio Device Alto-falantes (Realtek(R) Audio)
[2025.12.02-12.31.31:732][295]LogAudioMixer: Display: Initializing Sound Submixes...
[2025.12.02-12.31.31:732][295]LogAudioMixer: Display: Creating Master Submix 'MasterSubmixDefault'
[2025.12.02-12.31.31:732][295]LogAudioMixer: Display: Creating Master Submix 'MasterReverbSubmixDefault'
[2025.12.02-12.31.31:733][295]LogAudioMixer: Display: Creating Master Submix 'MasterEQSubmixDefault'
[2025.12.02-12.31.31:733][295]LogAudioMixer: FMixerPlatformXAudio2::StartAudioStream() called
[2025.12.02-12.31.31:733][295]LogAudioMixer: Display: Output buffers initialized: Frames=1024, Channels=2, Samples=2048
[2025.12.02-12.31.31:735][295]LogAudioMixer: Display: Starting AudioMixerPlatformInterface::RunInternal()
[2025.12.02-12.31.31:735][295]LogAudioMixer: Display: FMixerPlatformXAudio2::SubmitBuffer() called for the first time
[2025.12.02-12.31.31:735][295]LogInit: FAudioDevice initialized.
[2025.12.02-12.31.31:735][295]LogAudio: Display: Audio Device (ID: 27) registered with world 'MapadeTeste'.
[2025.12.02-12.31.31:779][295]LogSlate: Updating window title bar state: overlay mode, drag disabled, window buttons hidden, title bar hidden
[2025.12.02-12.31.31:779][295]LogLoad: Game class is 'GameModeRL_C'
[2025.12.02-12.31.31:782][295]LogWorld: Bringing World /Game/Mapas/Fases/MapadeTeste/UEDPIE_0_MapadeTeste.MapadeTeste up for play (max tick rate 60) at 2025.12.02-09.31.31
[2025.12.02-12.31.31:783][295]LogWorld: Bringing up level for play took: 0.002564
[2025.12.02-12.31.31:783][295]LogOnline: OSS: Creating online subsystem instance for: :Context_32
[2025.12.02-12.31.31:789][295]PIE: Server logged in
[2025.12.02-12.31.31:790][295]PIE: Play in editor total start time 0.139 seconds.
[2025.12.02-12.31.41:931][894]LogSlate: Updating window title bar state: overlay mode, drag disabled, window buttons hidden, title bar hidden
[2025.12.02-12.31.41:931][894]LogWorld: BeginTearingDown for /Game/Mapas/Fases/MapadeTeste/UEDPIE_0_MapadeTeste
[2025.12.02-12.31.41:932][894]LogSlate: Window 'ColunaDoendoSamurai Preview [NetMode: Standalone]  (64-bit/Windows) ' being destroyed
[2025.12.02-12.31.41:938][894]LogWorld: UWorld::CleanupWorld for MapadeTeste, bSessionEnded=true, bCleanupResources=true
[2025.12.02-12.31.41:938][894]LogSlate: InvalidateAllWidgets triggered.  All widgets were invalidated
[2025.12.02-12.31.41:954][894]LogPlayLevel: Display: Shutting down PIE online subsystems
[2025.12.02-12.31.42:001][894]LogSlate: InvalidateAllWidgets triggered.  All widgets were invalidated
[2025.12.02-12.31.42:042][894]LogAudio: Display: Audio Device unregistered from world 'None'.
[2025.12.02-12.31.42:042][894]LogAudioMixer: FMixerPlatformXAudio2::StopAudioStream() called
[2025.12.02-12.31.42:043][894]LogAudioMixer: FMixerPlatformXAudio2::StopAudioStream() called
[2025.12.02-12.31.42:051][894]LogUObjectHash: Compacting FUObjectHashTables data took   2.83ms
[2025.12.02-12.31.42:085][895]LogPlayLevel: Display: Destroying online subsystem :Context_32
[2025.12.02-12.31.44:785][ 57]LogEditorTransaction: Undo Edit Ground Friction
[2025.12.02-12.31.47:928][225]LogEditorTransaction: Undo Edit Forca Knokback
[2025.12.02-12.31.51:925][438]Cmd: OBJ SAVEPACKAGE PACKAGE="/Game/Inimigos/InimigoTeste/inimigoTeste" FILE="E:/Unreal/Fumec_DevGames/Content/Inimigos/InimigoTeste/inimigoTeste.uasset" SILENT=true
[2025.12.02-12.31.51:935][438]LogSavePackage: Moving 'E:/Unreal/Fumec_DevGames/Saved/inimigoTesteDD35E84A496FEEFB7D6A9CA636CA65CB.tmp' to 'E:/Unreal/Fumec_DevGames/Content/Inimigos/InimigoTeste/inimigoTeste.uasset'
[2025.12.02-12.31.51:954][438]AssetCheck: New page: Asset Save: InimigoTeste
[2025.12.02-12.31.51:954][438]LogContentValidation: Display: Validating Blueprint /Game/Inimigos/InimigoTeste/inimigoTeste.InimigoTeste
[2025.12.02-12.34.03:951][204]BlueprintLog: New page: Compile InimigoBaseBP
[2025.12.02-12.34.04:159][204]LogUObjectHash: Compacting FUObjectHashTables data took   3.39ms
[2025.12.02-12.34.04:226][204]Cmd: OBJ SAVEPACKAGE PACKAGE="/Game/Inimigos/InimigoBaseBP" FILE="E:/Unreal/Fumec_DevGames/Content/Inimigos/InimigoBaseBP.uasset" SILENT=true
[2025.12.02-12.34.04:282][204]LogSavePackage: Moving 'E:/Unreal/Fumec_DevGames/Saved/InimigoBaseBP89BDB6884A051D81E254E8951B00A5F1.tmp' to 'E:/Unreal/Fumec_DevGames/Content/Inimigos/InimigoBaseBP.uasset'
[2025.12.02-12.34.04:324][204]AssetCheck: New page: Asset Save: InimigoBaseBP
[2025.12.02-12.34.04:325][204]LogContentValidation: Display: Validating Blueprint /Game/Inimigos/InimigoBaseBP.InimigoBaseBP
[2025.12.02-12.34.12:537][683]LogTemp: Repeating last play command: Selected Viewport
[2025.12.02-12.34.12:546][683]LogPlayLevel: PlayLevel: No blueprints needed recompiling
[2025.12.02-12.34.12:546][683]PIE: New page: PIE session: MapadeTeste (Dec 2, 2025, 6:34:12 AM)
[2025.12.02-12.34.12:546][683]LogPlayLevel: Creating play world package: /Game/Mapas/Fases/MapadeTeste/UEDPIE_0_MapadeTeste
[2025.12.02-12.34.12:566][683]LogPlayLevel: PIE: StaticDuplicateObject took: (0.020268s)
[2025.12.02-12.34.12:567][683]LogAIModule: Creating AISystem for world MapadeTeste
[2025.12.02-12.34.12:567][683]LogPlayLevel: PIE: World Init took: (0.001185s)
[2025.12.02-12.34.12:567][683]LogPlayLevel: PIE: Created PIE world by copying editor world from /Game/Mapas/Fases/MapadeTeste/MapadeTeste.MapadeTeste to /Game/Mapas/Fases/MapadeTeste/UEDPIE_0_MapadeTeste.MapadeTeste (0.021593s)
[2025.12.02-12.34.12:613][683]LogUObjectHash: Compacting FUObjectHashTables data took   4.81ms
[2025.12.02-12.34.12:614][683]LogAudio: Display: Creating Audio Device:                 Id: 28, Scope: Unique, Realtime: True
[2025.12.02-12.34.12:614][683]LogAudioMixer: Display: Audio Mixer Platform Settings:
[2025.12.02-12.34.12:614][683]LogAudioMixer: Display: 	Sample Rate:						  48000
[2025.12.02-12.34.12:614][683]LogAudioMixer: Display: 	Callback Buffer Frame Size Requested: 1024
[2025.12.02-12.34.12:614][683]LogAudioMixer: Display: 	Callback Buffer Frame Size To Use:	  1024
[2025.12.02-12.34.12:614][683]LogAudioMixer: Display: 	Number of buffers to queue:			  2
[2025.12.02-12.34.12:614][683]LogAudioMixer: Display: 	Max Channels (voices):				  32
[2025.12.02-12.34.12:614][683]LogAudioMixer: Display: 	Number of Async Source Workers:		  0
[2025.12.02-12.34.12:614][683]LogAudio: Display: AudioDevice MaxSources: 32
[2025.12.02-12.34.12:615][683]LogAudio: Display: Audio Spatialization Plugin: None (built-in).
[2025.12.02-12.34.12:615][683]LogAudio: Display: Audio Reverb Plugin: None (built-in).
[2025.12.02-12.34.12:615][683]LogAudio: Display: Audio Occlusion Plugin: None (built-in).
[2025.12.02-12.34.12:615][683]LogAudioMixer: Display: Initializing audio mixer.
[2025.12.02-12.34.12:621][683]LogAudioMixer: Display: 0: FrontLeft
[2025.12.02-12.34.12:621][683]LogAudioMixer: Display: 1: FrontRight
[2025.12.02-12.34.12:630][683]LogAudioMixer: Display: Using Audio Device Alto-falantes (Realtek(R) Audio)
[2025.12.02-12.34.12:630][683]LogAudioMixer: Display: Initializing Sound Submixes...
[2025.12.02-12.34.12:630][683]LogAudioMixer: Display: Creating Master Submix 'MasterSubmixDefault'
[2025.12.02-12.34.12:630][683]LogAudioMixer: Display: Creating Master Submix 'MasterReverbSubmixDefault'
[2025.12.02-12.34.12:631][683]LogAudioMixer: Display: Creating Master Submix 'MasterEQSubmixDefault'
[2025.12.02-12.34.12:631][683]LogAudioMixer: FMixerPlatformXAudio2::StartAudioStream() called
[2025.12.02-12.34.12:631][683]LogAudioMixer: Display: Output buffers initialized: Frames=1024, Channels=2, Samples=2048
[2025.12.02-12.34.12:632][683]LogAudioMixer: Display: Starting AudioMixerPlatformInterface::RunInternal()
[2025.12.02-12.34.12:632][683]LogAudioMixer: Display: FMixerPlatformXAudio2::SubmitBuffer() called for the first time
[2025.12.02-12.34.12:632][683]LogInit: FAudioDevice initialized.
[2025.12.02-12.34.12:632][683]LogAudio: Display: Audio Device (ID: 28) registered with world 'MapadeTeste'.
[2025.12.02-12.34.12:690][683]LogSlate: Updating window title bar state: overlay mode, drag disabled, window buttons hidden, title bar hidden
[2025.12.02-12.34.12:690][683]LogLoad: Game class is 'GameModeRL_C'
[2025.12.02-12.34.12:692][683]LogWorld: Bringing World /Game/Mapas/Fases/MapadeTeste/UEDPIE_0_MapadeTeste.MapadeTeste up for play (max tick rate 60) at 2025.12.02-09.34.12
[2025.12.02-12.34.12:693][683]LogWorld: Bringing up level for play took: 0.002061
[2025.12.02-12.34.12:693][683]LogOnline: OSS: Creating online subsystem instance for: :Context_33
[2025.12.02-12.34.12:701][683]PIE: Server logged in
[2025.12.02-12.34.12:704][683]PIE: Play in editor total start time 0.159 seconds.
[2025.12.02-12.34.20:191][124]LogSlate: Updating window title bar state: overlay mode, drag disabled, window buttons hidden, title bar hidden
[2025.12.02-12.34.20:191][124]LogWorld: BeginTearingDown for /Game/Mapas/Fases/MapadeTeste/UEDPIE_0_MapadeTeste
[2025.12.02-12.34.20:192][124]LogSlate: Window 'ColunaDoendoSamurai Preview [NetMode: Standalone]  (64-bit/Windows) ' being destroyed
[2025.12.02-12.34.20:200][124]LogWorld: UWorld::CleanupWorld for MapadeTeste, bSessionEnded=true, bCleanupResources=true
[2025.12.02-12.34.20:200][124]LogSlate: InvalidateAllWidgets triggered.  All widgets were invalidated
[2025.12.02-12.34.20:213][124]LogPlayLevel: Display: Shutting down PIE online subsystems
[2025.12.02-12.34.20:261][124]LogSlate: InvalidateAllWidgets triggered.  All widgets were invalidated
[2025.12.02-12.34.20:301][124]LogAudio: Display: Audio Device unregistered from world 'None'.
[2025.12.02-12.34.20:301][124]LogAudioMixer: FMixerPlatformXAudio2::StopAudioStream() called
[2025.12.02-12.34.20:302][124]LogAudioMixer: FMixerPlatformXAudio2::StopAudioStream() called
[2025.12.02-12.34.20:311][124]LogUObjectHash: Compacting FUObjectHashTables data took   3.97ms
[2025.12.02-12.34.20:345][125]LogPlayLevel: Display: Destroying online subsystem :Context_33
[2025.12.02-12.34.22:113][230]Cmd: OBJ SAVEPACKAGE PACKAGE="/Game/Inimigos/InimigoBaseBP" FILE="E:/Unreal/Fumec_DevGames/Content/Inimigos/InimigoBaseBP.uasset" SILENT=true
[2025.12.02-12.34.22:265][230]LogSavePackage: Moving 'E:/Unreal/Fumec_DevGames/Saved/InimigoBaseBPF0AE2B9F4FD4970A7490B38E52C90242.tmp' to 'E:/Unreal/Fumec_DevGames/Content/Inimigos/InimigoBaseBP.uasset'
[2025.12.02-12.34.22:285][230]AssetCheck: New page: Asset Save: InimigoBaseBP
[2025.12.02-12.34.22:285][230]LogContentValidation: Display: Validating Blueprint /Game/Inimigos/InimigoBaseBP.InimigoBaseBP
[2025.12.02-12.34.31:533][758]Cmd: DELETE
[2025.12.02-12.34.31:533][758]Cmd: ACTOR DELETE
[2025.12.02-12.34.31:537][758]LogEditorActor: Deleted Actor: InimigoTeste_C
[2025.12.02-12.34.31:583][758]LogUObjectHash: Compacting FUObjectHashTables data took   3.31ms
[2025.12.02-12.34.31:585][758]LogEditorActor: Deleted 1 Actors (0.053 secs)
[2025.12.02-12.34.44:499][457]LogTemp: Repeating last play command: Selected Viewport
[2025.12.02-12.34.44:506][457]LogPlayLevel: PlayLevel: No blueprints needed recompiling
[2025.12.02-12.34.44:506][457]PIE: New page: PIE session: MapadeTeste (Dec 2, 2025, 6:34:44 AM)
[2025.12.02-12.34.44:507][457]LogPlayLevel: Creating play world package: /Game/Mapas/Fases/MapadeTeste/UEDPIE_0_MapadeTeste
[2025.12.02-12.34.44:531][457]LogPlayLevel: PIE: StaticDuplicateObject took: (0.024276s)
[2025.12.02-12.34.44:532][457]LogAIModule: Creating AISystem for world MapadeTeste
[2025.12.02-12.34.44:532][457]LogPlayLevel: PIE: World Init took: (0.001163s)
[2025.12.02-12.34.44:532][457]LogPlayLevel: PIE: Created PIE world by copying editor world from /Game/Mapas/Fases/MapadeTeste/MapadeTeste.MapadeTeste to /Game/Mapas/Fases/MapadeTeste/UEDPIE_0_MapadeTeste.MapadeTeste (0.025594s)
[2025.12.02-12.34.44:577][457]LogUObjectHash: Compacting FUObjectHashTables data took   3.03ms
[2025.12.02-12.34.44:579][457]LogAudio: Display: Creating Audio Device:                 Id: 29, Scope: Unique, Realtime: True
[2025.12.02-12.34.44:579][457]LogAudioMixer: Display: Audio Mixer Platform Settings:
[2025.12.02-12.34.44:579][457]LogAudioMixer: Display: 	Sample Rate:						  48000
[2025.12.02-12.34.44:579][457]LogAudioMixer: Display: 	Callback Buffer Frame Size Requested: 1024
[2025.12.02-12.34.44:579][457]LogAudioMixer: Display: 	Callback Buffer Frame Size To Use:	  1024
[2025.12.02-12.34.44:579][457]LogAudioMixer: Display: 	Number of buffers to queue:			  2
[2025.12.02-12.34.44:579][457]LogAudioMixer: Display: 	Max Channels (voices):				  32
[2025.12.02-12.34.44:579][457]LogAudioMixer: Display: 	Number of Async Source Workers:		  0
[2025.12.02-12.34.44:579][457]LogAudio: Display: AudioDevice MaxSources: 32
[2025.12.02-12.34.44:580][457]LogAudio: Display: Audio Spatialization Plugin: None (built-in).
[2025.12.02-12.34.44:580][457]LogAudio: Display: Audio Reverb Plugin: None (built-in).
[2025.12.02-12.34.44:580][457]LogAudio: Display: Audio Occlusion Plugin: None (built-in).
[2025.12.02-12.34.44:580][457]LogAudioMixer: Display: Initializing audio mixer.
[2025.12.02-12.34.44:585][457]LogAudioMixer: Display: 0: FrontLeft
[2025.12.02-12.34.44:585][457]LogAudioMixer: Display: 1: FrontRight
[2025.12.02-12.34.44:593][457]LogAudioMixer: Display: Using Audio Device Alto-falantes (Realtek(R) Audio)
[2025.12.02-12.34.44:595][457]LogAudioMixer: Display: Initializing Sound Submixes...
[2025.12.02-12.34.44:595][457]LogAudioMixer: Display: Creating Master Submix 'MasterSubmixDefault'
[2025.12.02-12.34.44:595][457]LogAudioMixer: Display: Creating Master Submix 'MasterReverbSubmixDefault'
[2025.12.02-12.34.44:595][457]LogAudioMixer: Display: Creating Master Submix 'MasterEQSubmixDefault'
[2025.12.02-12.34.44:595][457]LogAudioMixer: FMixerPlatformXAudio2::StartAudioStream() called
[2025.12.02-12.34.44:596][457]LogAudioMixer: Display: Output buffers initialized: Frames=1024, Channels=2, Samples=2048
[2025.12.02-12.34.44:597][457]LogAudioMixer: Display: Starting AudioMixerPlatformInterface::RunInternal()
[2025.12.02-12.34.44:597][457]LogAudioMixer: Display: FMixerPlatformXAudio2::SubmitBuffer() called for the first time
[2025.12.02-12.34.44:597][457]LogInit: FAudioDevice initialized.
[2025.12.02-12.34.44:597][457]LogAudio: Display: Audio Device (ID: 29) registered with world 'MapadeTeste'.
[2025.12.02-12.34.44:608][457]LogLoad: Game class is 'GameModeRL_C'
[2025.12.02-12.34.44:610][457]LogWorld: Bringing World /Game/Mapas/Fases/MapadeTeste/UEDPIE_0_MapadeTeste.MapadeTeste up for play (max tick rate 60) at 2025.12.02-09.34.44
[2025.12.02-12.34.44:610][457]LogWorld: Bringing up level for play took: 0.001630
[2025.12.02-12.34.44:611][457]LogOnline: OSS: Creating online subsystem instance for: :Context_34
[2025.12.02-12.34.44:615][457]PIE: Server logged in
[2025.12.02-12.34.44:616][457]PIE: Play in editor total start time 0.111 seconds.
[2025.12.02-12.35.16:601][373]LogViewport: Display: Viewport MouseLockMode Changed, LockOnCapture -> DoNotLock
[2025.12.02-12.35.16:601][373]LogViewport: Display: Viewport MouseCaptureMode Changed, CapturePermanently_IncludingInitialMouseDown -> NoCapture
[2025.12.02-12.35.24:381][838]LogSlate: Updating window title bar state: overlay mode, drag disabled, window buttons hidden, title bar hidden
[2025.12.02-12.35.24:381][838]LogWorld: BeginTearingDown for /Game/Mapas/Fases/MapadeTeste/UEDPIE_0_MapadeTeste
[2025.12.02-12.35.24:381][838]LogWorld: UWorld::CleanupWorld for MapadeTeste, bSessionEnded=true, bCleanupResources=true
[2025.12.02-12.35.24:381][838]LogSlate: InvalidateAllWidgets triggered.  All widgets were invalidated
[2025.12.02-12.35.24:393][838]LogPlayLevel: Display: Shutting down PIE online subsystems
[2025.12.02-12.35.24:417][838]LogSlate: InvalidateAllWidgets triggered.  All widgets were invalidated
[2025.12.02-12.35.24:459][838]LogSlate: Updating window title bar state: overlay mode, drag disabled, window buttons hidden, title bar hidden
[2025.12.02-12.35.24:460][838]LogAudioMixer: FMixerPlatformXAudio2::StopAudioStream() called
[2025.12.02-12.35.24:461][838]LogAudioMixer: FMixerPlatformXAudio2::StopAudioStream() called
[2025.12.02-12.35.24:471][838]LogUObjectHash: Compacting FUObjectHashTables data took   3.82ms
[2025.12.02-12.35.24:519][839]LogPlayLevel: Display: Destroying online subsystem :Context_34
[2025.12.02-12.35.31:607][233]LogAssetEditorSubsystem: Opening Asset editor for WidgetBlueprint /Game/Player/Blueprints/HUD/TeladeMorte.TeladeMorte
[2025.12.02-12.35.32:085][233]LogSlate: The tab "SequencerGraphEditor" attempted to spawn in layout 'WidgetBlueprintEditor_Designer_Layout_v4_1' but failed for some reason. An "unrecognized tab" will be returned instead.
[2025.12.02-12.35.32:593][233]PIE: Error: SetInputMode_UIOnly expects a valid player controller as 'PlayerController' target
[2025.12.02-12.35.32:593][233]LogScript: Warning: Accessed None trying to read property CallFunc_GetPlayerController_ReturnValue
	TeladeMorte_C /Engine/Transient.World_8:TeladeMorte_C_1
	Function /Game/Player/Blueprints/HUD/TeladeMorte.TeladeMorte_C:ExecuteUbergraph_TeladeMorte:00D7
[2025.12.02-12.35.34:118][325]LogSlate: Window 'SequencerGraphEditor' being destroyed
[2025.12.02-12.35.34:122][325]LogSlate: Window 'SequencerGraphEditor' being destroyed
[2025.12.02-12.35.52:991][435]BlueprintLog: New page: Compile TeladeMorte
[2025.12.02-12.35.53:129][435]LogUObjectHash: Compacting FUObjectHashTables data took   5.64ms
[2025.12.02-12.35.53:215][435]Cmd: OBJ SAVEPACKAGE PACKAGE="/Game/Player/Blueprints/HUD/TeladeMorte" FILE="E:/Unreal/Fumec_DevGames/Content/Player/Blueprints/HUD/TeladeMorte.uasset" SILENT=true
[2025.12.02-12.35.53:240][435]LogSavePackage: Moving 'E:/Unreal/Fumec_DevGames/Saved/TeladeMorteF14F1C8F49A675F9021BAE85429810E0.tmp' to 'E:/Unreal/Fumec_DevGames/Content/Player/Blueprints/HUD/TeladeMorte.uasset'
[2025.12.02-12.35.53:291][435]AssetCheck: New page: Asset Save: TeladeMorte
[2025.12.02-12.35.53:291][435]LogContentValidation: Display: Validating WidgetBlueprint /Game/Player/Blueprints/HUD/TeladeMorte.TeladeMorte
[2025.12.02-12.35.53:307][435]PIE: Error: SetInputMode_UIOnly expects a valid player controller as 'PlayerController' target
[2025.12.02-12.35.53:307][435]LogScript: Warning: Accessed None trying to read property CallFunc_GetPlayerController_ReturnValue
	TeladeMorte_C /Engine/Transient.World_8:TeladeMorte_C_3
	Function /Game/Player/Blueprints/HUD/TeladeMorte.TeladeMorte_C:ExecuteUbergraph_TeladeMorte:00D7
[2025.12.02-12.35.53:592][452]LogTemp: Repeating last play command: Selected Viewport
[2025.12.02-12.35.53:602][452]LogPlayLevel: PlayLevel: No blueprints needed recompiling
[2025.12.02-12.35.53:602][452]PIE: New page: PIE session: MapadeTeste (Dec 2, 2025, 6:35:53 AM)
[2025.12.02-12.35.53:602][452]LogPlayLevel: Creating play world package: /Game/Mapas/Fases/MapadeTeste/UEDPIE_0_MapadeTeste
[2025.12.02-12.35.53:622][452]LogPlayLevel: PIE: StaticDuplicateObject took: (0.020707s)
[2025.12.02-12.35.53:623][452]LogAIModule: Creating AISystem for world MapadeTeste
[2025.12.02-12.35.53:624][452]LogPlayLevel: PIE: World Init took: (0.001147s)
[2025.12.02-12.35.53:624][452]LogPlayLevel: PIE: Created PIE world by copying editor world from /Game/Mapas/Fases/MapadeTeste/MapadeTeste.MapadeTeste to /Game/Mapas/Fases/MapadeTeste/UEDPIE_0_MapadeTeste.MapadeTeste (0.022009s)
[2025.12.02-12.35.53:691][452]LogUObjectHash: Compacting FUObjectHashTables data took   5.09ms
[2025.12.02-12.35.53:692][452]LogAudio: Display: Creating Audio Device:                 Id: 30, Scope: Unique, Realtime: True
[2025.12.02-12.35.53:692][452]LogAudioMixer: Display: Audio Mixer Platform Settings:
[2025.12.02-12.35.53:692][452]LogAudioMixer: Display: 	Sample Rate:						  48000
[2025.12.02-12.35.53:692][452]LogAudioMixer: Display: 	Callback Buffer Frame Size Requested: 1024
[2025.12.02-12.35.53:692][452]LogAudioMixer: Display: 	Callback Buffer Frame Size To Use:	  1024
[2025.12.02-12.35.53:692][452]LogAudioMixer: Display: 	Number of buffers to queue:			  2
[2025.12.02-12.35.53:692][452]LogAudioMixer: Display: 	Max Channels (voices):				  32
[2025.12.02-12.35.53:692][452]LogAudioMixer: Display: 	Number of Async Source Workers:		  0
[2025.12.02-12.35.53:692][452]LogAudio: Display: AudioDevice MaxSources: 32
[2025.12.02-12.35.53:692][452]LogAudio: Display: Audio Spatialization Plugin: None (built-in).
[2025.12.02-12.35.53:692][452]LogAudio: Display: Audio Reverb Plugin: None (built-in).
[2025.12.02-12.35.53:692][452]LogAudio: Display: Audio Occlusion Plugin: None (built-in).
[2025.12.02-12.35.53:692][452]LogAudioMixer: Display: Initializing audio mixer.
[2025.12.02-12.35.53:698][452]LogAudioMixer: Display: 0: FrontLeft
[2025.12.02-12.35.53:698][452]LogAudioMixer: Display: 1: FrontRight
[2025.12.02-12.35.53:707][452]LogAudioMixer: Display: Using Audio Device Alto-falantes (Realtek(R) Audio)
[2025.12.02-12.35.53:707][452]LogAudioMixer: Display: Initializing Sound Submixes...
[2025.12.02-12.35.53:707][452]LogAudioMixer: Display: Creating Master Submix 'MasterSubmixDefault'
[2025.12.02-12.35.53:707][452]LogAudioMixer: Display: Creating Master Submix 'MasterReverbSubmixDefault'
[2025.12.02-12.35.53:708][452]LogAudioMixer: Display: Creating Master Submix 'MasterEQSubmixDefault'
[2025.12.02-12.35.53:708][452]LogAudioMixer: FMixerPlatformXAudio2::StartAudioStream() called
[2025.12.02-12.35.53:708][452]LogAudioMixer: Display: Output buffers initialized: Frames=1024, Channels=2, Samples=2048
[2025.12.02-12.35.53:710][452]LogAudioMixer: Display: Starting AudioMixerPlatformInterface::RunInternal()
[2025.12.02-12.35.53:710][452]LogAudioMixer: Display: FMixerPlatformXAudio2::SubmitBuffer() called for the first time
[2025.12.02-12.35.53:710][452]LogInit: FAudioDevice initialized.
[2025.12.02-12.35.53:710][452]LogAudio: Display: Audio Device (ID: 30) registered with world 'MapadeTeste'.
[2025.12.02-12.35.53:760][452]LogSlate: Updating window title bar state: overlay mode, drag disabled, window buttons hidden, title bar hidden
[2025.12.02-12.35.53:760][452]LogLoad: Game class is 'GameModeRL_C'
[2025.12.02-12.35.53:763][452]LogWorld: Bringing World /Game/Mapas/Fases/MapadeTeste/UEDPIE_0_MapadeTeste.MapadeTeste up for play (max tick rate 60) at 2025.12.02-09.35.53
[2025.12.02-12.35.53:763][452]LogWorld: Bringing up level for play took: 0.002731
[2025.12.02-12.35.53:764][452]LogOnline: OSS: Creating online subsystem instance for: :Context_37
[2025.12.02-12.35.53:770][452]PIE: Server logged in
[2025.12.02-12.35.53:771][452]PIE: Play in editor total start time 0.171 seconds.
[2025.12.02-12.36.00:610][853]LogSlate: Updating window title bar state: overlay mode, drag disabled, window buttons hidden, title bar hidden
[2025.12.02-12.36.00:610][853]LogWorld: BeginTearingDown for /Game/Mapas/Fases/MapadeTeste/UEDPIE_0_MapadeTeste
[2025.12.02-12.36.00:611][853]LogSlate: Window 'ColunaDoendoSamurai Preview [NetMode: Standalone]  (64-bit/Windows) ' being destroyed
[2025.12.02-12.36.00:617][853]LogWorld: UWorld::CleanupWorld for MapadeTeste, bSessionEnded=true, bCleanupResources=true
[2025.12.02-12.36.00:617][853]LogSlate: InvalidateAllWidgets triggered.  All widgets were invalidated
[2025.12.02-12.36.00:626][853]LogPlayLevel: Display: Shutting down PIE online subsystems
[2025.12.02-12.36.00:648][853]LogSlate: InvalidateAllWidgets triggered.  All widgets were invalidated
[2025.12.02-12.36.00:698][853]LogAudio: Display: Audio Device unregistered from world 'None'.
[2025.12.02-12.36.00:699][853]LogAudioMixer: FMixerPlatformXAudio2::StopAudioStream() called
[2025.12.02-12.36.00:700][853]LogAudioMixer: FMixerPlatformXAudio2::StopAudioStream() called
[2025.12.02-12.36.00:710][853]LogUObjectHash: Compacting FUObjectHashTables data took   4.53ms
[2025.12.02-12.36.00:730][854]LogPlayLevel: Display: Destroying online subsystem :Context_37
[2025.12.02-12.36.07:945][286]LogEditorViewport: Clicking on Actor (LMB): CiclopeBP_C (CiclopeBP)
[2025.12.02-12.36.14:105][650]Cmd: OBJ SAVEPACKAGE PACKAGE="/Game/Mapas/Fases/MapadeTeste/MapadeTeste" FILE="E:/Unreal/Fumec_DevGames/Content/Mapas/Fases/MapadeTeste/MapadeTeste.umap" SILENT=true AUTOSAVING=false KEEPDIRTY=false
[2025.12.02-12.36.14:157][650]LogUObjectHash: Compacting FUObjectHashTables data took   3.55ms
[2025.12.02-12.36.14:298][650]LogSavePackage: Moving 'E:/Unreal/Fumec_DevGames/Saved/MapadeTesteC528FD2C4F627E7366819888A942BE68.tmp' to 'E:/Unreal/Fumec_DevGames/Content/Mapas/Fases/MapadeTeste/MapadeTeste.umap'
[2025.12.02-12.36.14:323][650]Cmd: OBJ SAVEPACKAGE PACKAGE="/Game/Mapas/Fases/MapadeTeste/MapadeTeste_BuiltData" FILE="E:/Unreal/Fumec_DevGames/Content/Mapas/Fases/MapadeTeste/MapadeTeste_BuiltData.uasset" SILENT=true
[2025.12.02-12.36.14:347][650]LogSavePackage: Moving 'E:/Unreal/Fumec_DevGames/Saved/MapadeTeste_BuiltDataF58BB6D848829175C1EE6C9593141DA1.tmp' to 'E:/Unreal/Fumec_DevGames/Content/Mapas/Fases/MapadeTeste/MapadeTeste_BuiltData.uasset'
[2025.12.02-12.36.14:366][650]AssetCheck: New page: Asset Save: multiple assets
[2025.12.02-12.36.14:366][650]LogContentValidation: Display: Validating MapBuildDataRegistry /Game/Mapas/Fases/MapadeTeste/MapadeTeste_BuiltData.MapadeTeste_BuiltData
[2025.12.02-12.36.14:366][650]LogContentValidation: Display: Validating World /Game/Mapas/Fases/MapadeTeste/MapadeTeste.MapadeTeste
[2025.12.02-12.36.14:951][685]LogTemp: Repeating last play command: Selected Viewport
[2025.12.02-12.36.14:959][685]LogPlayLevel: PlayLevel: No blueprints needed recompiling
[2025.12.02-12.36.14:959][685]PIE: New page: PIE session: MapadeTeste (Dec 2, 2025, 6:36:14 AM)
[2025.12.02-12.36.14:998][685]LogPlayLevel: Creating play world package: /Game/Mapas/Fases/MapadeTeste/UEDPIE_0_MapadeTeste
[2025.12.02-12.36.15:020][685]LogPlayLevel: PIE: StaticDuplicateObject took: (0.021898s)
[2025.12.02-12.36.15:021][685]LogAIModule: Creating AISystem for world MapadeTeste
[2025.12.02-12.36.15:021][685]LogPlayLevel: PIE: World Init took: (0.001143s)
[2025.12.02-12.36.15:021][685]LogPlayLevel: PIE: Created PIE world by copying editor world from /Game/Mapas/Fases/MapadeTeste/MapadeTeste.MapadeTeste to /Game/Mapas/Fases/MapadeTeste/UEDPIE_0_MapadeTeste.MapadeTeste (0.023244s)
[2025.12.02-12.36.15:074][685]LogUObjectHash: Compacting FUObjectHashTables data took   4.08ms
[2025.12.02-12.36.15:075][685]LogAudio: Display: Creating Audio Device:                 Id: 31, Scope: Unique, Realtime: True
[2025.12.02-12.36.15:075][685]LogAudioMixer: Display: Audio Mixer Platform Settings:
[2025.12.02-12.36.15:075][685]LogAudioMixer: Display: 	Sample Rate:						  48000
[2025.12.02-12.36.15:075][685]LogAudioMixer: Display: 	Callback Buffer Frame Size Requested: 1024
[2025.12.02-12.36.15:075][685]LogAudioMixer: Display: 	Callback Buffer Frame Size To Use:	  1024
[2025.12.02-12.36.15:075][685]LogAudioMixer: Display: 	Number of buffers to queue:			  2
[2025.12.02-12.36.15:075][685]LogAudioMixer: Display: 	Max Channels (voices):				  32
[2025.12.02-12.36.15:075][685]LogAudioMixer: Display: 	Number of Async Source Workers:		  0
[2025.12.02-12.36.15:075][685]LogAudio: Display: AudioDevice MaxSources: 32
[2025.12.02-12.36.15:075][685]LogAudio: Display: Audio Spatialization Plugin: None (built-in).
[2025.12.02-12.36.15:075][685]LogAudio: Display: Audio Reverb Plugin: None (built-in).
[2025.12.02-12.36.15:075][685]LogAudio: Display: Audio Occlusion Plugin: None (built-in).
[2025.12.02-12.36.15:075][685]LogAudioMixer: Display: Initializing audio mixer.
[2025.12.02-12.36.15:081][685]LogAudioMixer: Display: 0: FrontLeft
[2025.12.02-12.36.15:081][685]LogAudioMixer: Display: 1: FrontRight
[2025.12.02-12.36.15:089][685]LogAudioMixer: Display: Using Audio Device Alto-falantes (Realtek(R) Audio)
[2025.12.02-12.36.15:089][685]LogAudioMixer: Display: Initializing Sound Submixes...
[2025.12.02-12.36.15:089][685]LogAudioMixer: Display: Creating Master Submix 'MasterSubmixDefault'
[2025.12.02-12.36.15:089][685]LogAudioMixer: Display: Creating Master Submix 'MasterReverbSubmixDefault'
[2025.12.02-12.36.15:090][685]LogAudioMixer: Display: Creating Master Submix 'MasterEQSubmixDefault'
[2025.12.02-12.36.15:090][685]LogAudioMixer: FMixerPlatformXAudio2::StartAudioStream() called
[2025.12.02-12.36.15:090][685]LogAudioMixer: Display: Output buffers initialized: Frames=1024, Channels=2, Samples=2048
[2025.12.02-12.36.15:092][685]LogAudioMixer: Display: Starting AudioMixerPlatformInterface::RunInternal()
[2025.12.02-12.36.15:092][685]LogAudioMixer: Display: FMixerPlatformXAudio2::SubmitBuffer() called for the first time
[2025.12.02-12.36.15:092][685]LogInit: FAudioDevice initialized.
[2025.12.02-12.36.15:092][685]LogAudio: Display: Audio Device (ID: 31) registered with world 'MapadeTeste'.
[2025.12.02-12.36.15:102][685]LogLoad: Game class is 'GameModeRL_C'
[2025.12.02-12.36.15:104][685]LogWorld: Bringing World /Game/Mapas/Fases/MapadeTeste/UEDPIE_0_MapadeTeste.MapadeTeste up for play (max tick rate 60) at 2025.12.02-09.36.15
[2025.12.02-12.36.15:105][685]LogWorld: Bringing up level for play took: 0.001670
[2025.12.02-12.36.15:105][685]LogOnline: OSS: Creating online subsystem instance for: :Context_38
[2025.12.02-12.36.15:109][685]PIE: Server logged in
[2025.12.02-12.36.15:110][685]PIE: Play in editor total start time 0.153 seconds.
[2025.12.02-12.36.18:853][909]LogViewport: Display: Viewport MouseLockMode Changed, LockOnCapture -> DoNotLock
[2025.12.02-12.36.18:853][909]LogViewport: Display: Viewport MouseCaptureMode Changed, CapturePermanently_IncludingInitialMouseDown -> NoCapture
[2025.12.02-12.36.21:050][ 39]LogSlate: Updating window title bar state: overlay mode, drag disabled, window buttons hidden, title bar hidden
[2025.12.02-12.36.21:050][ 39]LogWorld: BeginTearingDown for /Game/Mapas/Fases/MapadeTeste/UEDPIE_0_MapadeTeste
[2025.12.02-12.36.21:050][ 39]LogWorld: UWorld::CleanupWorld for MapadeTeste, bSessionEnded=true, bCleanupResources=true
[2025.12.02-12.36.21:051][ 39]LogSlate: InvalidateAllWidgets triggered.  All widgets were invalidated
[2025.12.02-12.36.21:062][ 39]LogPlayLevel: Display: Shutting down PIE online subsystems
[2025.12.02-12.36.21:109][ 39]LogSlate: InvalidateAllWidgets triggered.  All widgets were invalidated
[2025.12.02-12.36.21:159][ 39]LogSlate: Updating window title bar state: overlay mode, drag disabled, window buttons hidden, title bar hidden
[2025.12.02-12.36.21:159][ 39]LogAudioMixer: FMixerPlatformXAudio2::StopAudioStream() called
[2025.12.02-12.36.21:160][ 39]LogAudioMixer: FMixerPlatformXAudio2::StopAudioStream() called
[2025.12.02-12.36.21:169][ 39]LogUObjectHash: Compacting FUObjectHashTables data took   4.10ms
[2025.12.02-12.36.21:207][ 40]LogPlayLevel: Display: Destroying online subsystem :Context_38
[2025.12.02-12.36.22:517][114]LogTemp: Repeating last play command: Selected Viewport
[2025.12.02-12.36.22:525][114]LogPlayLevel: PlayLevel: No blueprints needed recompiling
[2025.12.02-12.36.22:526][114]PIE: New page: PIE session: MapadeTeste (Dec 2, 2025, 6:36:22 AM)
[2025.12.02-12.36.22:526][114]LogPlayLevel: Creating play world package: /Game/Mapas/Fases/MapadeTeste/UEDPIE_0_MapadeTeste
[2025.12.02-12.36.22:546][114]LogPlayLevel: PIE: StaticDuplicateObject took: (0.020449s)
[2025.12.02-12.36.22:547][114]LogAIModule: Creating AISystem for world MapadeTeste
[2025.12.02-12.36.22:547][114]LogPlayLevel: PIE: World Init took: (0.001197s)
[2025.12.02-12.36.22:547][114]LogPlayLevel: PIE: Created PIE world by copying editor world from /Game/Mapas/Fases/MapadeTeste/MapadeTeste.MapadeTeste to /Game/Mapas/Fases/MapadeTeste/UEDPIE_0_MapadeTeste.MapadeTeste (0.021790s)
[2025.12.02-12.36.22:598][114]LogUObjectHash: Compacting FUObjectHashTables data took   3.46ms
[2025.12.02-12.36.22:600][114]LogAudio: Display: Creating Audio Device:                 Id: 32, Scope: Unique, Realtime: True
[2025.12.02-12.36.22:600][114]LogAudioMixer: Display: Audio Mixer Platform Settings:
[2025.12.02-12.36.22:600][114]LogAudioMixer: Display: 	Sample Rate:						  48000
[2025.12.02-12.36.22:600][114]LogAudioMixer: Display: 	Callback Buffer Frame Size Requested: 1024
[2025.12.02-12.36.22:600][114]LogAudioMixer: Display: 	Callback Buffer Frame Size To Use:	  1024
[2025.12.02-12.36.22:600][114]LogAudioMixer: Display: 	Number of buffers to queue:			  2
[2025.12.02-12.36.22:600][114]LogAudioMixer: Display: 	Max Channels (voices):				  32
[2025.12.02-12.36.22:600][114]LogAudioMixer: Display: 	Number of Async Source Workers:		  0
[2025.12.02-12.36.22:600][114]LogAudio: Display: AudioDevice MaxSources: 32
[2025.12.02-12.36.22:600][114]LogAudio: Display: Audio Spatialization Plugin: None (built-in).
[2025.12.02-12.36.22:600][114]LogAudio: Display: Audio Reverb Plugin: None (built-in).
[2025.12.02-12.36.22:600][114]LogAudio: Display: Audio Occlusion Plugin: None (built-in).
[2025.12.02-12.36.22:600][114]LogAudioMixer: Display: Initializing audio mixer.
[2025.12.02-12.36.22:606][114]LogAudioMixer: Display: 0: FrontLeft
[2025.12.02-12.36.22:606][114]LogAudioMixer: Display: 1: FrontRight
[2025.12.02-12.36.22:613][114]LogAudioMixer: Display: Using Audio Device Alto-falantes (Realtek(R) Audio)
[2025.12.02-12.36.22:613][114]LogAudioMixer: Display: Initializing Sound Submixes...
[2025.12.02-12.36.22:613][114]LogAudioMixer: Display: Creating Master Submix 'MasterSubmixDefault'
[2025.12.02-12.36.22:613][114]LogAudioMixer: Display: Creating Master Submix 'MasterReverbSubmixDefault'
[2025.12.02-12.36.22:615][114]LogAudioMixer: Display: Creating Master Submix 'MasterEQSubmixDefault'
[2025.12.02-12.36.22:615][114]LogAudioMixer: FMixerPlatformXAudio2::StartAudioStream() called
[2025.12.02-12.36.22:615][114]LogAudioMixer: Display: Output buffers initialized: Frames=1024, Channels=2, Samples=2048
[2025.12.02-12.36.22:616][114]LogAudioMixer: Display: Starting AudioMixerPlatformInterface::RunInternal()
[2025.12.02-12.36.22:616][114]LogAudioMixer: Display: FMixerPlatformXAudio2::SubmitBuffer() called for the first time
[2025.12.02-12.36.22:616][114]LogInit: FAudioDevice initialized.
[2025.12.02-12.36.22:616][114]LogAudio: Display: Audio Device (ID: 32) registered with world 'MapadeTeste'.
[2025.12.02-12.36.22:629][114]LogLoad: Game class is 'GameModeRL_C'
[2025.12.02-12.36.22:631][114]LogWorld: Bringing World /Game/Mapas/Fases/MapadeTeste/UEDPIE_0_MapadeTeste.MapadeTeste up for play (max tick rate 60) at 2025.12.02-09.36.22
[2025.12.02-12.36.22:633][114]LogWorld: Bringing up level for play took: 0.001757
[2025.12.02-12.36.22:633][114]LogOnline: OSS: Creating online subsystem instance for: :Context_39
[2025.12.02-12.36.22:637][114]PIE: Server logged in
[2025.12.02-12.36.22:637][114]PIE: Play in editor total start time 0.113 seconds.
[2025.12.02-12.36.23:750][177]LogSlate: Updating window title bar state: overlay mode, drag disabled, window buttons hidden, title bar hidden
[2025.12.02-12.36.23:750][177]LogWorld: BeginTearingDown for /Game/Mapas/Fases/MapadeTeste/UEDPIE_0_MapadeTeste
[2025.12.02-12.36.23:750][177]LogWorld: UWorld::CleanupWorld for MapadeTeste, bSessionEnded=true, bCleanupResources=true
[2025.12.02-12.36.23:751][177]LogSlate: InvalidateAllWidgets triggered.  All widgets were invalidated
[2025.12.02-12.36.23:760][177]LogPlayLevel: Display: Shutting down PIE online subsystems
[2025.12.02-12.36.23:809][177]LogSlate: InvalidateAllWidgets triggered.  All widgets were invalidated
[2025.12.02-12.36.23:857][177]LogAudio: Display: Audio Device unregistered from world 'None'.
[2025.12.02-12.36.23:858][177]LogAudioMixer: FMixerPlatformXAudio2::StopAudioStream() called
[2025.12.02-12.36.23:859][177]LogAudioMixer: FMixerPlatformXAudio2::StopAudioStream() called
[2025.12.02-12.36.23:864][177]LogSlate: Updating window title bar state: overlay mode, drag disabled, window buttons hidden, title bar hidden
[2025.12.02-12.36.23:869][177]LogUObjectHash: Compacting FUObjectHashTables data took   4.08ms
[2025.12.02-12.36.23:908][178]LogPlayLevel: Display: Destroying online subsystem :Context_39
[2025.12.02-12.36.25:287][253]LogTemp: Repeating last play command: Selected Viewport
[2025.12.02-12.36.25:296][253]LogPlayLevel: PlayLevel: No blueprints needed recompiling
[2025.12.02-12.36.25:296][253]PIE: New page: PIE session: MapadeTeste (Dec 2, 2025, 6:36:25 AM)
[2025.12.02-12.36.25:296][253]LogPlayLevel: Creating play world package: /Game/Mapas/Fases/MapadeTeste/UEDPIE_0_MapadeTeste
[2025.12.02-12.36.25:317][253]LogPlayLevel: PIE: StaticDuplicateObject took: (0.020279s)
[2025.12.02-12.36.25:317][253]LogAIModule: Creating AISystem for world MapadeTeste
[2025.12.02-12.36.25:318][253]LogPlayLevel: PIE: World Init took: (0.001242s)
[2025.12.02-12.36.25:318][253]LogPlayLevel: PIE: Created PIE world by copying editor world from /Game/Mapas/Fases/MapadeTeste/MapadeTeste.MapadeTeste to /Game/Mapas/Fases/MapadeTeste/UEDPIE_0_MapadeTeste.MapadeTeste (0.021670s)
[2025.12.02-12.36.25:371][253]LogUObjectHash: Compacting FUObjectHashTables data took   3.50ms
[2025.12.02-12.36.25:372][253]LogAudio: Display: Creating Audio Device:                 Id: 33, Scope: Unique, Realtime: True
[2025.12.02-12.36.25:372][253]LogAudioMixer: Display: Audio Mixer Platform Settings:
[2025.12.02-12.36.25:372][253]LogAudioMixer: Display: 	Sample Rate:						  48000
[2025.12.02-12.36.25:372][253]LogAudioMixer: Display: 	Callback Buffer Frame Size Requested: 1024
[2025.12.02-12.36.25:372][253]LogAudioMixer: Display: 	Callback Buffer Frame Size To Use:	  1024
[2025.12.02-12.36.25:372][253]LogAudioMixer: Display: 	Number of buffers to queue:			  2
[2025.12.02-12.36.25:372][253]LogAudioMixer: Display: 	Max Channels (voices):				  32
[2025.12.02-12.36.25:372][253]LogAudioMixer: Display: 	Number of Async Source Workers:		  0
[2025.12.02-12.36.25:372][253]LogAudio: Display: AudioDevice MaxSources: 32
[2025.12.02-12.36.25:372][253]LogAudio: Display: Audio Spatialization Plugin: None (built-in).
[2025.12.02-12.36.25:372][253]LogAudio: Display: Audio Reverb Plugin: None (built-in).
[2025.12.02-12.36.25:372][253]LogAudio: Display: Audio Occlusion Plugin: None (built-in).
[2025.12.02-12.36.25:372][253]LogAudioMixer: Display: Initializing audio mixer.
[2025.12.02-12.36.25:378][253]LogAudioMixer: Display: 0: FrontLeft
[2025.12.02-12.36.25:378][253]LogAudioMixer: Display: 1: FrontRight
[2025.12.02-12.36.25:386][253]LogAudioMixer: Display: Using Audio Device Alto-falantes (Realtek(R) Audio)
[2025.12.02-12.36.25:387][253]LogAudioMixer: Display: Initializing Sound Submixes...
[2025.12.02-12.36.25:387][253]LogAudioMixer: Display: Creating Master Submix 'MasterSubmixDefault'
[2025.12.02-12.36.25:387][253]LogAudioMixer: Display: Creating Master Submix 'MasterReverbSubmixDefault'
[2025.12.02-12.36.25:387][253]LogAudioMixer: Display: Creating Master Submix 'MasterEQSubmixDefault'
[2025.12.02-12.36.25:387][253]LogAudioMixer: FMixerPlatformXAudio2::StartAudioStream() called
[2025.12.02-12.36.25:387][253]LogAudioMixer: Display: Output buffers initialized: Frames=1024, Channels=2, Samples=2048
[2025.12.02-12.36.25:388][253]LogAudioMixer: Display: Starting AudioMixerPlatformInterface::RunInternal()
[2025.12.02-12.36.25:388][253]LogAudioMixer: Display: FMixerPlatformXAudio2::SubmitBuffer() called for the first time
[2025.12.02-12.36.25:388][253]LogInit: FAudioDevice initialized.
[2025.12.02-12.36.25:388][253]LogAudio: Display: Audio Device (ID: 33) registered with world 'MapadeTeste'.
[2025.12.02-12.36.25:437][253]LogSlate: Updating window title bar state: overlay mode, drag disabled, window buttons hidden, title bar hidden
[2025.12.02-12.36.25:437][253]LogLoad: Game class is 'GameModeRL_C'
[2025.12.02-12.36.25:440][253]LogWorld: Bringing World /Game/Mapas/Fases/MapadeTeste/UEDPIE_0_MapadeTeste.MapadeTeste up for play (max tick rate 60) at 2025.12.02-09.36.25
[2025.12.02-12.36.25:440][253]LogWorld: Bringing up level for play took: 0.002195
[2025.12.02-12.36.25:441][253]LogOnline: OSS: Creating online subsystem instance for: :Context_40
[2025.12.02-12.36.25:451][253]PIE: Server logged in
[2025.12.02-12.36.25:456][253]PIE: Play in editor total start time 0.161 seconds.
[2025.12.02-12.36.29:227][477]LogViewport: Display: Viewport MouseLockMode Changed, LockOnCapture -> DoNotLock
[2025.12.02-12.36.29:227][477]LogViewport: Display: Viewport MouseCaptureMode Changed, CapturePermanently_IncludingInitialMouseDown -> NoCapture
[2025.12.02-12.36.33:681][742]LogSlate: Updating window title bar state: overlay mode, drag disabled, window buttons hidden, title bar hidden
[2025.12.02-12.36.33:681][742]LogWorld: BeginTearingDown for /Game/Mapas/Fases/MapadeTeste/UEDPIE_0_MapadeTeste
[2025.12.02-12.36.33:681][742]LogSlate: Window 'ColunaDoendoSamurai Preview [NetMode: Standalone]  (64-bit/Windows) ' being destroyed
[2025.12.02-12.36.33:686][742]LogWorld: UWorld::CleanupWorld for MapadeTeste, bSessionEnded=true, bCleanupResources=true
[2025.12.02-12.36.33:687][742]LogSlate: InvalidateAllWidgets triggered.  All widgets were invalidated
[2025.12.02-12.36.33:696][742]LogPlayLevel: Display: Shutting down PIE online subsystems
[2025.12.02-12.36.33:749][742]LogSlate: InvalidateAllWidgets triggered.  All widgets were invalidated
[2025.12.02-12.36.33:798][742]LogAudioMixer: FMixerPlatformXAudio2::StopAudioStream() called
[2025.12.02-12.36.33:799][742]LogAudioMixer: FMixerPlatformXAudio2::StopAudioStream() called
[2025.12.02-12.36.33:808][742]LogUObjectHash: Compacting FUObjectHashTables data took   4.06ms
[2025.12.02-12.36.33:832][743]LogPlayLevel: Display: Destroying online subsystem :Context_40
[2025.12.02-12.36.43:751][325]PIE: Error: SetInputMode_UIOnly expects a valid player controller as 'PlayerController' target
[2025.12.02-12.36.43:751][325]LogScript: Warning: Accessed None trying to read property CallFunc_GetPlayerController_ReturnValue
	TeladeMorte_C /Engine/Transient.World_8:TeladeMorte_C_4
	Function /Game/Player/Blueprints/HUD/TeladeMorte.TeladeMorte_C:ExecuteUbergraph_TeladeMorte:00D7
[2025.12.02-12.37.06:078][660]LogEditorTransaction: Undo Resize Widget
[2025.12.02-12.37.06:155][660]PIE: Error: SetInputMode_UIOnly expects a valid player controller as 'PlayerController' target
[2025.12.02-12.37.06:155][660]LogScript: Warning: Accessed None trying to read property CallFunc_GetPlayerController_ReturnValue
	TeladeMorte_C /Engine/Transient.World_8:TeladeMorte_C_5
	Function /Game/Player/Blueprints/HUD/TeladeMorte.TeladeMorte_C:ExecuteUbergraph_TeladeMorte:00D7
[2025.12.02-12.37.20:574][488]BlueprintLog: New page: Compile TeladeMorte
[2025.12.02-12.37.20:664][488]LogUObjectHash: Compacting FUObjectHashTables data took   6.21ms
[2025.12.02-12.37.20:764][488]Cmd: OBJ SAVEPACKAGE PACKAGE="/Game/Player/Blueprints/HUD/TeladeMorte" FILE="E:/Unreal/Fumec_DevGames/Content/Player/Blueprints/HUD/TeladeMorte.uasset" SILENT=true
[2025.12.02-12.37.20:787][488]LogSavePackage: Moving 'E:/Unreal/Fumec_DevGames/Saved/TeladeMorteFFB5D705461101BA60F53591D3D27E8C.tmp' to 'E:/Unreal/Fumec_DevGames/Content/Player/Blueprints/HUD/TeladeMorte.uasset'
[2025.12.02-12.37.20:811][488]AssetCheck: New page: Asset Save: TeladeMorte
[2025.12.02-12.37.20:811][488]LogContentValidation: Display: Validating WidgetBlueprint /Game/Player/Blueprints/HUD/TeladeMorte.TeladeMorte
[2025.12.02-12.37.20:843][488]PIE: Error: SetInputMode_UIOnly expects a valid player controller as 'PlayerController' target
[2025.12.02-12.37.20:844][488]LogScript: Warning: Accessed None trying to read property CallFunc_GetPlayerController_ReturnValue
	TeladeMorte_C /Engine/Transient.World_8:TeladeMorte_C_7
	Function /Game/Player/Blueprints/HUD/TeladeMorte.TeladeMorte_C:ExecuteUbergraph_TeladeMorte:00D7
[2025.12.02-12.37.21:311][516]LogTemp: Repeating last play command: Selected Viewport
[2025.12.02-12.37.21:318][516]LogPlayLevel: PlayLevel: No blueprints needed recompiling
[2025.12.02-12.37.21:318][516]PIE: New page: PIE session: MapadeTeste (Dec 2, 2025, 6:37:21 AM)
[2025.12.02-12.37.21:318][516]LogPlayLevel: Creating play world package: /Game/Mapas/Fases/MapadeTeste/UEDPIE_0_MapadeTeste
[2025.12.02-12.37.21:339][516]LogPlayLevel: PIE: StaticDuplicateObject took: (0.020350s)
[2025.12.02-12.37.21:340][516]LogAIModule: Creating AISystem for world MapadeTeste
[2025.12.02-12.37.21:340][516]LogPlayLevel: PIE: World Init took: (0.001185s)
[2025.12.02-12.37.21:340][516]LogPlayLevel: PIE: Created PIE world by copying editor world from /Game/Mapas/Fases/MapadeTeste/MapadeTeste.MapadeTeste to /Game/Mapas/Fases/MapadeTeste/UEDPIE_0_MapadeTeste.MapadeTeste (0.021673s)
[2025.12.02-12.37.21:396][516]LogUObjectHash: Compacting FUObjectHashTables data took   4.79ms
[2025.12.02-12.37.21:397][516]LogAudio: Display: Creating Audio Device:                 Id: 34, Scope: Unique, Realtime: True
[2025.12.02-12.37.21:397][516]LogAudioMixer: Display: Audio Mixer Platform Settings:
[2025.12.02-12.37.21:397][516]LogAudioMixer: Display: 	Sample Rate:						  48000
[2025.12.02-12.37.21:397][516]LogAudioMixer: Display: 	Callback Buffer Frame Size Requested: 1024
[2025.12.02-12.37.21:397][516]LogAudioMixer: Display: 	Callback Buffer Frame Size To Use:	  1024
[2025.12.02-12.37.21:397][516]LogAudioMixer: Display: 	Number of buffers to queue:			  2
[2025.12.02-12.37.21:397][516]LogAudioMixer: Display: 	Max Channels (voices):				  32
[2025.12.02-12.37.21:397][516]LogAudioMixer: Display: 	Number of Async Source Workers:		  0
[2025.12.02-12.37.21:397][516]LogAudio: Display: AudioDevice MaxSources: 32
[2025.12.02-12.37.21:398][516]LogAudio: Display: Audio Spatialization Plugin: None (built-in).
[2025.12.02-12.37.21:398][516]LogAudio: Display: Audio Reverb Plugin: None (built-in).
[2025.12.02-12.37.21:398][516]LogAudio: Display: Audio Occlusion Plugin: None (built-in).
[2025.12.02-12.37.21:398][516]LogAudioMixer: Display: Initializing audio mixer.
[2025.12.02-12.37.21:404][516]LogAudioMixer: Display: 0: FrontLeft
[2025.12.02-12.37.21:404][516]LogAudioMixer: Display: 1: FrontRight
[2025.12.02-12.37.21:412][516]LogAudioMixer: Display: Using Audio Device Alto-falantes (Realtek(R) Audio)
[2025.12.02-12.37.21:412][516]LogAudioMixer: Display: Initializing Sound Submixes...
[2025.12.02-12.37.21:412][516]LogAudioMixer: Display: Creating Master Submix 'MasterSubmixDefault'
[2025.12.02-12.37.21:412][516]LogAudioMixer: Display: Creating Master Submix 'MasterReverbSubmixDefault'
[2025.12.02-12.37.21:413][516]LogAudioMixer: Display: Creating Master Submix 'MasterEQSubmixDefault'
[2025.12.02-12.37.21:413][516]LogAudioMixer: FMixerPlatformXAudio2::StartAudioStream() called
[2025.12.02-12.37.21:413][516]LogAudioMixer: Display: Output buffers initialized: Frames=1024, Channels=2, Samples=2048
[2025.12.02-12.37.21:414][516]LogAudioMixer: Display: Starting AudioMixerPlatformInterface::RunInternal()
[2025.12.02-12.37.21:414][516]LogAudioMixer: Display: FMixerPlatformXAudio2::SubmitBuffer() called for the first time
[2025.12.02-12.37.21:414][516]LogInit: FAudioDevice initialized.
[2025.12.02-12.37.21:414][516]LogAudio: Display: Audio Device (ID: 34) registered with world 'MapadeTeste'.
[2025.12.02-12.37.21:458][516]LogSlate: Updating window title bar state: overlay mode, drag disabled, window buttons hidden, title bar hidden
[2025.12.02-12.37.21:458][516]LogLoad: Game class is 'GameModeRL_C'
[2025.12.02-12.37.21:460][516]LogWorld: Bringing World /Game/Mapas/Fases/MapadeTeste/UEDPIE_0_MapadeTeste.MapadeTeste up for play (max tick rate 60) at 2025.12.02-09.37.21
[2025.12.02-12.37.21:461][516]LogWorld: Bringing up level for play took: 0.002216
[2025.12.02-12.37.21:462][516]LogOnline: OSS: Creating online subsystem instance for: :Context_41
[2025.12.02-12.37.21:466][516]PIE: Server logged in
[2025.12.02-12.37.21:469][516]PIE: Play in editor total start time 0.152 seconds.
[2025.12.02-12.37.25:275][738]LogViewport: Display: Viewport MouseLockMode Changed, LockOnCapture -> DoNotLock
[2025.12.02-12.37.25:275][738]LogViewport: Display: Viewport MouseCaptureMode Changed, CapturePermanently_IncludingInitialMouseDown -> NoCapture
[2025.12.02-12.37.32:320][158]LogSlate: Updating window title bar state: overlay mode, drag disabled, window buttons hidden, title bar hidden
[2025.12.02-12.37.32:320][158]LogWorld: BeginTearingDown for /Game/Mapas/Fases/MapadeTeste/UEDPIE_0_MapadeTeste
[2025.12.02-12.37.32:321][158]LogSlate: Window 'ColunaDoendoSamurai Preview [NetMode: Standalone]  (64-bit/Windows) ' being destroyed
[2025.12.02-12.37.32:326][158]LogWorld: UWorld::CleanupWorld for MapadeTeste, bSessionEnded=true, bCleanupResources=true
[2025.12.02-12.37.32:327][158]LogSlate: InvalidateAllWidgets triggered.  All widgets were invalidated
[2025.12.02-12.37.32:334][158]LogPlayLevel: Display: Shutting down PIE online subsystems
[2025.12.02-12.37.32:383][158]LogSlate: InvalidateAllWidgets triggered.  All widgets were invalidated
[2025.12.02-12.37.32:431][158]LogAudio: Display: Audio Device unregistered from world 'None'.
[2025.12.02-12.37.32:431][158]LogAudioMixer: FMixerPlatformXAudio2::StopAudioStream() called
[2025.12.02-12.37.32:433][158]LogAudioMixer: FMixerPlatformXAudio2::StopAudioStream() called
[2025.12.02-12.37.32:442][158]LogUObjectHash: Compacting FUObjectHashTables data took   4.12ms
[2025.12.02-12.37.32:465][159]LogPlayLevel: Display: Destroying online subsystem :Context_41
[2025.12.02-12.38.01:030][864]Cmd: OBJ SAVEPACKAGE PACKAGE="/Game/Mapas/Fases/MapadeTeste/MapadeTeste" FILE="E:/Unreal/Fumec_DevGames/Content/Mapas/Fases/MapadeTeste/MapadeTeste.umap" SILENT=true AUTOSAVING=false KEEPDIRTY=false
[2025.12.02-12.38.01:087][864]LogUObjectHash: Compacting FUObjectHashTables data took   4.40ms
[2025.12.02-12.38.01:514][864]LogSavePackage: Moving 'E:/Unreal/Fumec_DevGames/Saved/MapadeTeste34551BF9437CCFEC15E6D7A499F19E0B.tmp' to 'E:/Unreal/Fumec_DevGames/Content/Mapas/Fases/MapadeTeste/MapadeTeste.umap'
[2025.12.02-12.38.01:537][864]Cmd: OBJ SAVEPACKAGE PACKAGE="/Game/Mapas/Fases/MapadeTeste/MapadeTeste_BuiltData" FILE="E:/Unreal/Fumec_DevGames/Content/Mapas/Fases/MapadeTeste/MapadeTeste_BuiltData.uasset" SILENT=true
[2025.12.02-12.38.01:555][864]LogSavePackage: Moving 'E:/Unreal/Fumec_DevGames/Saved/MapadeTeste_BuiltData0C58E7DC48881B3B1E8F0182EC1AA945.tmp' to 'E:/Unreal/Fumec_DevGames/Content/Mapas/Fases/MapadeTeste/MapadeTeste_BuiltData.uasset'
[2025.12.02-12.38.01:574][864]AssetCheck: New page: Asset Save: multiple assets
[2025.12.02-12.38.01:574][864]LogContentValidation: Display: Validating MapBuildDataRegistry /Game/Mapas/Fases/MapadeTeste/MapadeTeste_BuiltData.MapadeTeste_BuiltData
[2025.12.02-12.38.01:574][864]LogContentValidation: Display: Validating World /Game/Mapas/Fases/MapadeTeste/MapadeTeste.MapadeTeste
[2025.12.02-12.38.01:924][885]LogTemp: Repeating last play command: Selected Viewport
[2025.12.02-12.38.01:931][885]LogPlayLevel: PlayLevel: No blueprints needed recompiling
[2025.12.02-12.38.01:932][885]PIE: New page: PIE session: MapadeTeste (Dec 2, 2025, 6:38:01 AM)
[2025.12.02-12.38.01:932][885]LogPlayLevel: Creating play world package: /Game/Mapas/Fases/MapadeTeste/UEDPIE_0_MapadeTeste
[2025.12.02-12.38.01:956][885]LogPlayLevel: PIE: StaticDuplicateObject took: (0.023700s)
[2025.12.02-12.38.01:956][885]LogAIModule: Creating AISystem for world MapadeTeste
[2025.12.02-12.38.01:957][885]LogPlayLevel: PIE: World Init took: (0.001157s)
[2025.12.02-12.38.01:957][885]LogPlayLevel: PIE: Created PIE world by copying editor world from /Game/Mapas/Fases/MapadeTeste/MapadeTeste.MapadeTeste to /Game/Mapas/Fases/MapadeTeste/UEDPIE_0_MapadeTeste.MapadeTeste (0.025007s)
[2025.12.02-12.38.02:010][885]LogUObjectHash: Compacting FUObjectHashTables data took   3.59ms
[2025.12.02-12.38.02:010][885]LogAudio: Display: Creating Audio Device:                 Id: 35, Scope: Unique, Realtime: True
[2025.12.02-12.38.02:010][885]LogAudioMixer: Display: Audio Mixer Platform Settings:
[2025.12.02-12.38.02:010][885]LogAudioMixer: Display: 	Sample Rate:						  48000
[2025.12.02-12.38.02:010][885]LogAudioMixer: Display: 	Callback Buffer Frame Size Requested: 1024
[2025.12.02-12.38.02:010][885]LogAudioMixer: Display: 	Callback Buffer Frame Size To Use:	  1024
[2025.12.02-12.38.02:010][885]LogAudioMixer: Display: 	Number of buffers to queue:			  2
[2025.12.02-12.38.02:010][885]LogAudioMixer: Display: 	Max Channels (voices):				  32
[2025.12.02-12.38.02:010][885]LogAudioMixer: Display: 	Number of Async Source Workers:		  0
[2025.12.02-12.38.02:010][885]LogAudio: Display: AudioDevice MaxSources: 32
[2025.12.02-12.38.02:011][885]LogAudio: Display: Audio Spatialization Plugin: None (built-in).
[2025.12.02-12.38.02:011][885]LogAudio: Display: Audio Reverb Plugin: None (built-in).
[2025.12.02-12.38.02:011][885]LogAudio: Display: Audio Occlusion Plugin: None (built-in).
[2025.12.02-12.38.02:011][885]LogAudioMixer: Display: Initializing audio mixer.
[2025.12.02-12.38.02:016][885]LogAudioMixer: Display: 0: FrontLeft
[2025.12.02-12.38.02:016][885]LogAudioMixer: Display: 1: FrontRight
[2025.12.02-12.38.02:026][885]LogAudioMixer: Display: Using Audio Device Alto-falantes (Realtek(R) Audio)
[2025.12.02-12.38.02:027][885]LogAudioMixer: Display: Initializing Sound Submixes...
[2025.12.02-12.38.02:027][885]LogAudioMixer: Display: Creating Master Submix 'MasterSubmixDefault'
[2025.12.02-12.38.02:027][885]LogAudioMixer: Display: Creating Master Submix 'MasterReverbSubmixDefault'
[2025.12.02-12.38.02:027][885]LogAudioMixer: Display: Creating Master Submix 'MasterEQSubmixDefault'
[2025.12.02-12.38.02:027][885]LogAudioMixer: FMixerPlatformXAudio2::StartAudioStream() called
[2025.12.02-12.38.02:027][885]LogAudioMixer: Display: Output buffers initialized: Frames=1024, Channels=2, Samples=2048
[2025.12.02-12.38.02:028][885]LogAudioMixer: Display: Starting AudioMixerPlatformInterface::RunInternal()
[2025.12.02-12.38.02:028][885]LogAudioMixer: Display: FMixerPlatformXAudio2::SubmitBuffer() called for the first time
[2025.12.02-12.38.02:028][885]LogInit: FAudioDevice initialized.
[2025.12.02-12.38.02:028][885]LogAudio: Display: Audio Device (ID: 35) registered with world 'MapadeTeste'.
[2025.12.02-12.38.02:040][885]LogLoad: Game class is 'GameModeRL_C'
[2025.12.02-12.38.02:041][885]LogWorld: Bringing World /Game/Mapas/Fases/MapadeTeste/UEDPIE_0_MapadeTeste.MapadeTeste up for play (max tick rate 60) at 2025.12.02-09.38.02
[2025.12.02-12.38.02:042][885]LogWorld: Bringing up level for play took: 0.001234
[2025.12.02-12.38.02:042][885]LogOnline: OSS: Creating online subsystem instance for: :Context_42
[2025.12.02-12.38.02:046][885]PIE: Server logged in
[2025.12.02-12.38.02:047][885]PIE: Play in editor total start time 0.116 seconds.
[2025.12.02-12.38.05:221][ 72]LogViewport: Display: Viewport MouseLockMode Changed, LockOnCapture -> DoNotLock
[2025.12.02-12.38.05:221][ 72]LogViewport: Display: Viewport MouseCaptureMode Changed, CapturePermanently_IncludingInitialMouseDown -> NoCapture
[2025.12.02-12.38.12:655][518]LogViewport: Display: Viewport MouseLockMode Changed, DoNotLock -> LockOnCapture
[2025.12.02-12.38.12:655][518]LogViewport: Display: Viewport MouseCaptureMode Changed, NoCapture -> CapturePermanently
[2025.12.02-12.38.12:671][519]LogNet: Browse: /Game/Mapas/Fases/MapaInicialAr/MapaInicial
[2025.12.02-12.38.12:671][519]LogLoad: LoadMap: /Game/Mapas/Fases/MapaInicialAr/MapaInicial
[2025.12.02-12.38.12:671][519]LogWorld: BeginTearingDown for /Game/Mapas/Fases/MapadeTeste/UEDPIE_0_MapadeTeste
[2025.12.02-12.38.12:671][519]LogWorld: UWorld::CleanupWorld for MapadeTeste, bSessionEnded=true, bCleanupResources=true
[2025.12.02-12.38.12:671][519]LogSlate: InvalidateAllWidgets triggered.  All widgets were invalidated
[2025.12.02-12.38.12:749][519]LogAudio: Display: Audio Device unregistered from world 'None'.
[2025.12.02-12.38.12:753][519]LogUObjectHash: Compacting FUObjectHashTables data took   3.63ms
[2025.12.02-12.38.12:767][519]LogAudio: Display: Audio Device (ID: 35) registered with world 'MapaInicial'.
[2025.12.02-12.38.12:768][519]LogAIModule: Creating AISystem for world MapaInicial
[2025.12.02-12.38.12:768][519]LogLoad: Game class is 'GameModeRL_C'
[2025.12.02-12.38.12:770][519]LogWorld: Bringing World /Game/Mapas/Fases/MapaInicialAr/UEDPIE_0_MapaInicial.MapaInicial up for play (max tick rate 60) at 2025.12.02-09.38.12
[2025.12.02-12.38.12:771][519]LogWorld: Bringing up level for play took: 0.002345
[2025.12.02-12.38.12:773][519]LogLoad: Took 0.102863 seconds to LoadMap(/Game/Mapas/Fases/MapaInicialAr/MapaInicial)
[2025.12.02-12.38.14:130][598]LogSlate: Updating window title bar state: overlay mode, drag disabled, window buttons hidden, title bar hidden
[2025.12.02-12.38.14:130][598]LogWorld: BeginTearingDown for /Game/Mapas/Fases/MapaInicialAr/UEDPIE_0_MapaInicial
[2025.12.02-12.38.14:130][598]LogWorld: UWorld::CleanupWorld for MapaInicial, bSessionEnded=true, bCleanupResources=true
[2025.12.02-12.38.14:130][598]LogSlate: InvalidateAllWidgets triggered.  All widgets were invalidated
[2025.12.02-12.38.14:145][598]LogPlayLevel: Display: Shutting down PIE online subsystems
[2025.12.02-12.38.14:193][598]LogSlate: InvalidateAllWidgets triggered.  All widgets were invalidated
[2025.12.02-12.38.14:242][598]LogSlate: Updating window title bar state: overlay mode, drag disabled, window buttons hidden, title bar hidden
[2025.12.02-12.38.14:242][598]LogAudioMixer: FMixerPlatformXAudio2::StopAudioStream() called
[2025.12.02-12.38.14:244][598]LogAudioMixer: FMixerPlatformXAudio2::StopAudioStream() called
[2025.12.02-12.38.14:252][598]LogUObjectHash: Compacting FUObjectHashTables data took   3.63ms
[2025.12.02-12.38.14:298][599]LogPlayLevel: Display: Destroying online subsystem :Context_42
[2025.12.02-12.38.24:170][162]LogAssetEditorSubsystem: Opening Asset editor for WidgetBlueprint /Game/Player/Blueprints/HUD/HUD_Padrao.HUD_Padrao
[2025.12.02-12.38.24:648][162]LogSlate: The tab "SequencerGraphEditor" attempted to spawn in layout 'WidgetBlueprintEditor_Designer_Layout_v4_1' but failed for some reason. An "unrecognized tab" will be returned instead.
[2025.12.02-12.38.25:998][240]LogSlate: Window 'SequencerGraphEditor' being destroyed
[2025.12.02-12.38.26:002][240]LogSlate: Window 'SequencerGraphEditor' being destroyed
[2025.12.02-12.38.38:402][947]BlueprintLog: New page: Compile HUD_Padrao
[2025.12.02-12.38.38:476][947]LogUObjectHash: Compacting FUObjectHashTables data took   5.24ms
[2025.12.02-12.38.38:577][947]Cmd: OBJ SAVEPACKAGE PACKAGE="/Game/Player/Blueprints/HUD/HUD_Padrao" FILE="E:/Unreal/Fumec_DevGames/Content/Player/Blueprints/HUD/HUD_Padrao.uasset" SILENT=true
[2025.12.02-12.38.38:594][947]LogSavePackage: Moving 'E:/Unreal/Fumec_DevGames/Saved/HUD_PadraoEAA7E2D34C973C2FD3C36DB34D4BEFA8.tmp' to 'E:/Unreal/Fumec_DevGames/Content/Player/Blueprints/HUD/HUD_Padrao.uasset'
[2025.12.02-12.38.38:715][947]AssetCheck: New page: Asset Save: HUD_Padrao
[2025.12.02-12.38.38:715][947]LogContentValidation: Display: Validating WidgetBlueprint /Game/Player/Blueprints/HUD/HUD_Padrao.HUD_Padrao
[2025.12.02-12.38.39:069][967]LogTemp: Repeating last play command: Selected Viewport
[2025.12.02-12.38.39:076][967]LogPlayLevel: PlayLevel: No blueprints needed recompiling
[2025.12.02-12.38.39:076][967]PIE: New page: PIE session: MapadeTeste (Dec 2, 2025, 6:38:39 AM)
[2025.12.02-12.38.39:076][967]LogPlayLevel: Creating play world package: /Game/Mapas/Fases/MapadeTeste/UEDPIE_0_MapadeTeste
[2025.12.02-12.38.39:100][967]LogPlayLevel: PIE: StaticDuplicateObject took: (0.022885s)
[2025.12.02-12.38.39:101][967]LogAIModule: Creating AISystem for world MapadeTeste
[2025.12.02-12.38.39:101][967]LogPlayLevel: PIE: World Init took: (0.001133s)
[2025.12.02-12.38.39:101][967]LogPlayLevel: PIE: Created PIE world by copying editor world from /Game/Mapas/Fases/MapadeTeste/MapadeTeste.MapadeTeste to /Game/Mapas/Fases/MapadeTeste/UEDPIE_0_MapadeTeste.MapadeTeste (0.024160s)
[2025.12.02-12.38.39:167][967]LogUObjectHash: Compacting FUObjectHashTables data took   8.07ms
[2025.12.02-12.38.39:168][967]LogAudio: Display: Creating Audio Device:                 Id: 36, Scope: Unique, Realtime: True
[2025.12.02-12.38.39:168][967]LogAudioMixer: Display: Audio Mixer Platform Settings:
[2025.12.02-12.38.39:168][967]LogAudioMixer: Display: 	Sample Rate:						  48000
[2025.12.02-12.38.39:168][967]LogAudioMixer: Display: 	Callback Buffer Frame Size Requested: 1024
[2025.12.02-12.38.39:168][967]LogAudioMixer: Display: 	Callback Buffer Frame Size To Use:	  1024
[2025.12.02-12.38.39:168][967]LogAudioMixer: Display: 	Number of buffers to queue:			  2
[2025.12.02-12.38.39:168][967]LogAudioMixer: Display: 	Max Channels (voices):				  32
[2025.12.02-12.38.39:168][967]LogAudioMixer: Display: 	Number of Async Source Workers:		  0
[2025.12.02-12.38.39:168][967]LogAudio: Display: AudioDevice MaxSources: 32
[2025.12.02-12.38.39:168][967]LogAudio: Display: Audio Spatialization Plugin: None (built-in).
[2025.12.02-12.38.39:168][967]LogAudio: Display: Audio Reverb Plugin: None (built-in).
[2025.12.02-12.38.39:168][967]LogAudio: Display: Audio Occlusion Plugin: None (built-in).
[2025.12.02-12.38.39:168][967]LogAudioMixer: Display: Initializing audio mixer.
[2025.12.02-12.38.39:174][967]LogAudioMixer: Display: 0: FrontLeft
[2025.12.02-12.38.39:174][967]LogAudioMixer: Display: 1: FrontRight
[2025.12.02-12.38.39:183][967]LogAudioMixer: Display: Using Audio Device Alto-falantes (Realtek(R) Audio)
[2025.12.02-12.38.39:184][967]LogAudioMixer: Display: Initializing Sound Submixes...
[2025.12.02-12.38.39:184][967]LogAudioMixer: Display: Creating Master Submix 'MasterSubmixDefault'
[2025.12.02-12.38.39:184][967]LogAudioMixer: Display: Creating Master Submix 'MasterReverbSubmixDefault'
[2025.12.02-12.38.39:184][967]LogAudioMixer: Display: Creating Master Submix 'MasterEQSubmixDefault'
[2025.12.02-12.38.39:184][967]LogAudioMixer: FMixerPlatformXAudio2::StartAudioStream() called
[2025.12.02-12.38.39:184][967]LogAudioMixer: Display: Output buffers initialized: Frames=1024, Channels=2, Samples=2048
[2025.12.02-12.38.39:186][967]LogAudioMixer: Display: Starting AudioMixerPlatformInterface::RunInternal()
[2025.12.02-12.38.39:186][967]LogAudioMixer: Display: FMixerPlatformXAudio2::SubmitBuffer() called for the first time
[2025.12.02-12.38.39:186][967]LogInit: FAudioDevice initialized.
[2025.12.02-12.38.39:186][967]LogAudio: Display: Audio Device (ID: 36) registered with world 'MapadeTeste'.
[2025.12.02-12.38.39:237][967]LogSlate: Updating window title bar state: overlay mode, drag disabled, window buttons hidden, title bar hidden
[2025.12.02-12.38.39:237][967]LogLoad: Game class is 'GameModeRL_C'
[2025.12.02-12.38.39:239][967]LogWorld: Bringing World /Game/Mapas/Fases/MapadeTeste/UEDPIE_0_MapadeTeste.MapadeTeste up for play (max tick rate 60) at 2025.12.02-09.38.39
[2025.12.02-12.38.39:240][967]LogWorld: Bringing up level for play took: 0.002586
[2025.12.02-12.38.39:240][967]LogOnline: OSS: Creating online subsystem instance for: :Context_45
[2025.12.02-12.38.39:246][967]PIE: Server logged in
[2025.12.02-12.38.39:246][967]PIE: Play in editor total start time 0.171 seconds.
[2025.12.02-12.38.42:443][151]LogViewport: Display: Viewport MouseLockMode Changed, LockOnCapture -> DoNotLock
[2025.12.02-12.38.42:443][151]LogViewport: Display: Viewport MouseCaptureMode Changed, CapturePermanently_IncludingInitialMouseDown -> NoCapture
[2025.12.02-12.38.48:693][526]LogViewport: Display: Viewport MouseLockMode Changed, DoNotLock -> LockOnCapture
[2025.12.02-12.38.48:693][526]LogViewport: Display: Viewport MouseCaptureMode Changed, NoCapture -> CapturePermanently
[2025.12.02-12.38.48:709][527]LogNet: Browse: /Game/Mapas/Fases/MapaInicialAr/MapaInicial
[2025.12.02-12.38.48:709][527]LogLoad: LoadMap: /Game/Mapas/Fases/MapaInicialAr/MapaInicial
[2025.12.02-12.38.48:709][527]LogWorld: BeginTearingDown for /Game/Mapas/Fases/MapadeTeste/UEDPIE_0_MapadeTeste
[2025.12.02-12.38.48:710][527]LogWorld: UWorld::CleanupWorld for MapadeTeste, bSessionEnded=true, bCleanupResources=true
[2025.12.02-12.38.48:710][527]LogSlate: InvalidateAllWidgets triggered.  All widgets were invalidated
[2025.12.02-12.38.48:794][527]LogAudio: Display: Audio Device unregistered from world 'None'.
[2025.12.02-12.38.48:801][527]LogUObjectHash: Compacting FUObjectHashTables data took   5.34ms
[2025.12.02-12.38.48:813][527]LogAudio: Display: Audio Device (ID: 36) registered with world 'MapaInicial'.
[2025.12.02-12.38.48:813][527]LogAIModule: Creating AISystem for world MapaInicial
[2025.12.02-12.38.48:814][527]LogLoad: Game class is 'GameModeRL_C'
[2025.12.02-12.38.48:817][527]LogWorld: Bringing World /Game/Mapas/Fases/MapaInicialAr/UEDPIE_0_MapaInicial.MapaInicial up for play (max tick rate 60) at 2025.12.02-09.38.48
[2025.12.02-12.38.48:817][527]LogWorld: Bringing up level for play took: 0.001830
[2025.12.02-12.38.48:818][527]LogLoad: Took 0.109464 seconds to LoadMap(/Game/Mapas/Fases/MapaInicialAr/MapaInicial)
[2025.12.02-12.38.49:889][589]LogSlate: Updating window title bar state: overlay mode, drag disabled, window buttons hidden, title bar hidden
[2025.12.02-12.38.49:889][589]LogWorld: BeginTearingDown for /Game/Mapas/Fases/MapaInicialAr/UEDPIE_0_MapaInicial
[2025.12.02-12.38.49:891][589]LogSlate: Window 'ColunaDoendoSamurai Preview [NetMode: Standalone]  (64-bit/Windows) ' being destroyed
[2025.12.02-12.38.49:895][589]LogWorld: UWorld::CleanupWorld for MapaInicial, bSessionEnded=true, bCleanupResources=true
[2025.12.02-12.38.49:897][589]LogSlate: InvalidateAllWidgets triggered.  All widgets were invalidated
[2025.12.02-12.38.49:906][589]LogPlayLevel: Display: Shutting down PIE online subsystems
[2025.12.02-12.38.49:955][589]LogSlate: InvalidateAllWidgets triggered.  All widgets were invalidated
[2025.12.02-12.38.50:009][589]LogAudio: Display: Audio Device unregistered from world 'None'.
[2025.12.02-12.38.50:010][589]LogAudioMixer: FMixerPlatformXAudio2::StopAudioStream() called
[2025.12.02-12.38.50:011][589]LogAudioMixer: FMixerPlatformXAudio2::StopAudioStream() called
[2025.12.02-12.38.50:021][589]LogUObjectHash: Compacting FUObjectHashTables data took   4.80ms
[2025.12.02-12.38.50:041][590]LogPlayLevel: Display: Destroying online subsystem :Context_45
[2025.12.02-12.39.04:060][417]BlueprintLog: New page: Compile HUD_Padrao
[2025.12.02-12.39.04:136][417]LogUObjectHash: Compacting FUObjectHashTables data took   7.78ms
[2025.12.02-12.39.04:235][417]Cmd: OBJ SAVEPACKAGE PACKAGE="/Game/Player/Blueprints/HUD/HUD_Padrao" FILE="E:/Unreal/Fumec_DevGames/Content/Player/Blueprints/HUD/HUD_Padrao.uasset" SILENT=true
[2025.12.02-12.39.04:310][417]LogSavePackage: Moving 'E:/Unreal/Fumec_DevGames/Saved/HUD_Padrao312D0681497DD06E88CDA28416499DBB.tmp' to 'E:/Unreal/Fumec_DevGames/Content/Player/Blueprints/HUD/HUD_Padrao.uasset'
[2025.12.02-12.39.04:334][417]AssetCheck: New page: Asset Save: HUD_Padrao
[2025.12.02-12.39.04:334][417]LogContentValidation: Display: Validating WidgetBlueprint /Game/Player/Blueprints/HUD/HUD_Padrao.HUD_Padrao
[2025.12.02-12.39.04:995][454]LogTemp: Repeating last play command: Selected Viewport
[2025.12.02-12.39.05:003][454]LogPlayLevel: PlayLevel: No blueprints needed recompiling
[2025.12.02-12.39.05:003][454]PIE: New page: PIE session: MapadeTeste (Dec 2, 2025, 6:39:05 AM)
[2025.12.02-12.39.05:003][454]LogPlayLevel: Creating play world package: /Game/Mapas/Fases/MapadeTeste/UEDPIE_0_MapadeTeste
[2025.12.02-12.39.05:026][454]LogPlayLevel: PIE: StaticDuplicateObject took: (0.023540s)
[2025.12.02-12.39.05:028][454]LogAIModule: Creating AISystem for world MapadeTeste
[2025.12.02-12.39.05:028][454]LogPlayLevel: PIE: World Init took: (0.001144s)
[2025.12.02-12.39.05:028][454]LogPlayLevel: PIE: Created PIE world by copying editor world from /Game/Mapas/Fases/MapadeTeste/MapadeTeste.MapadeTeste to /Game/Mapas/Fases/MapadeTeste/UEDPIE_0_MapadeTeste.MapadeTeste (0.024821s)
[2025.12.02-12.39.05:091][454]LogUObjectHash: Compacting FUObjectHashTables data took   7.00ms
[2025.12.02-12.39.05:091][454]LogAudio: Display: Creating Audio Device:                 Id: 37, Scope: Unique, Realtime: True
[2025.12.02-12.39.05:091][454]LogAudioMixer: Display: Audio Mixer Platform Settings:
[2025.12.02-12.39.05:091][454]LogAudioMixer: Display: 	Sample Rate:						  48000
[2025.12.02-12.39.05:092][454]LogAudioMixer: Display: 	Callback Buffer Frame Size Requested: 1024
[2025.12.02-12.39.05:092][454]LogAudioMixer: Display: 	Callback Buffer Frame Size To Use:	  1024
[2025.12.02-12.39.05:092][454]LogAudioMixer: Display: 	Number of buffers to queue:			  2
[2025.12.02-12.39.05:092][454]LogAudioMixer: Display: 	Max Channels (voices):				  32
[2025.12.02-12.39.05:092][454]LogAudioMixer: Display: 	Number of Async Source Workers:		  0
[2025.12.02-12.39.05:092][454]LogAudio: Display: AudioDevice MaxSources: 32
[2025.12.02-12.39.05:092][454]LogAudio: Display: Audio Spatialization Plugin: None (built-in).
[2025.12.02-12.39.05:092][454]LogAudio: Display: Audio Reverb Plugin: None (built-in).
[2025.12.02-12.39.05:092][454]LogAudio: Display: Audio Occlusion Plugin: None (built-in).
[2025.12.02-12.39.05:092][454]LogAudioMixer: Display: Initializing audio mixer.
[2025.12.02-12.39.05:098][454]LogAudioMixer: Display: 0: FrontLeft
[2025.12.02-12.39.05:098][454]LogAudioMixer: Display: 1: FrontRight
[2025.12.02-12.39.05:105][454]LogAudioMixer: Display: Using Audio Device Alto-falantes (Realtek(R) Audio)
[2025.12.02-12.39.05:106][454]LogAudioMixer: Display: Initializing Sound Submixes...
[2025.12.02-12.39.05:106][454]LogAudioMixer: Display: Creating Master Submix 'MasterSubmixDefault'
[2025.12.02-12.39.05:106][454]LogAudioMixer: Display: Creating Master Submix 'MasterReverbSubmixDefault'
[2025.12.02-12.39.05:106][454]LogAudioMixer: Display: Creating Master Submix 'MasterEQSubmixDefault'
[2025.12.02-12.39.05:106][454]LogAudioMixer: FMixerPlatformXAudio2::StartAudioStream() called
[2025.12.02-12.39.05:106][454]LogAudioMixer: Display: Output buffers initialized: Frames=1024, Channels=2, Samples=2048
[2025.12.02-12.39.05:109][454]LogAudioMixer: Display: Starting AudioMixerPlatformInterface::RunInternal()
[2025.12.02-12.39.05:109][454]LogAudioMixer: Display: FMixerPlatformXAudio2::SubmitBuffer() called for the first time
[2025.12.02-12.39.05:109][454]LogInit: FAudioDevice initialized.
[2025.12.02-12.39.05:109][454]LogAudio: Display: Audio Device (ID: 37) registered with world 'MapadeTeste'.
[2025.12.02-12.39.05:163][454]LogSlate: Updating window title bar state: overlay mode, drag disabled, window buttons hidden, title bar hidden
[2025.12.02-12.39.05:164][454]LogLoad: Game class is 'GameModeRL_C'
[2025.12.02-12.39.05:166][454]LogWorld: Bringing World /Game/Mapas/Fases/MapadeTeste/UEDPIE_0_MapadeTeste.MapadeTeste up for play (max tick rate 60) at 2025.12.02-09.39.05
[2025.12.02-12.39.05:167][454]LogWorld: Bringing up level for play took: 0.002441
[2025.12.02-12.39.05:167][454]LogOnline: OSS: Creating online subsystem instance for: :Context_46
[2025.12.02-12.39.05:174][454]PIE: Server logged in
[2025.12.02-12.39.05:175][454]PIE: Play in editor total start time 0.174 seconds.
[2025.12.02-12.39.08:360][640]LogViewport: Display: Viewport MouseLockMode Changed, LockOnCapture -> DoNotLock
[2025.12.02-12.39.08:360][640]LogViewport: Display: Viewport MouseCaptureMode Changed, CapturePermanently_IncludingInitialMouseDown -> NoCapture
[2025.12.02-12.39.13:993][978]LogViewport: Display: Viewport MouseLockMode Changed, DoNotLock -> LockOnCapture
[2025.12.02-12.39.13:993][978]LogViewport: Display: Viewport MouseCaptureMode Changed, NoCapture -> CapturePermanently
[2025.12.02-12.39.14:009][979]LogNet: Browse: /Game/Mapas/Fases/MapaInicialAr/MapaInicial
[2025.12.02-12.39.14:009][979]LogLoad: LoadMap: /Game/Mapas/Fases/MapaInicialAr/MapaInicial
[2025.12.02-12.39.14:009][979]LogWorld: BeginTearingDown for /Game/Mapas/Fases/MapadeTeste/UEDPIE_0_MapadeTeste
[2025.12.02-12.39.14:010][979]LogWorld: UWorld::CleanupWorld for MapadeTeste, bSessionEnded=true, bCleanupResources=true
[2025.12.02-12.39.14:010][979]LogSlate: InvalidateAllWidgets triggered.  All widgets were invalidated
[2025.12.02-12.39.14:103][979]LogAudio: Display: Audio Device unregistered from world 'None'.
[2025.12.02-12.39.14:110][979]LogUObjectHash: Compacting FUObjectHashTables data took   4.64ms
[2025.12.02-12.39.14:122][979]LogAudio: Display: Audio Device (ID: 37) registered with world 'MapaInicial'.
[2025.12.02-12.39.14:123][979]LogAIModule: Creating AISystem for world MapaInicial
[2025.12.02-12.39.14:123][979]LogLoad: Game class is 'GameModeRL_C'
[2025.12.02-12.39.14:126][979]LogWorld: Bringing World /Game/Mapas/Fases/MapaInicialAr/UEDPIE_0_MapaInicial.MapaInicial up for play (max tick rate 60) at 2025.12.02-09.39.14
[2025.12.02-12.39.14:126][979]LogWorld: Bringing up level for play took: 0.002762
[2025.12.02-12.39.14:129][979]LogLoad: Took 0.119671 seconds to LoadMap(/Game/Mapas/Fases/MapaInicialAr/MapaInicial)
[2025.12.02-12.39.15:400][ 53]LogSlate: Updating window title bar state: overlay mode, drag disabled, window buttons hidden, title bar hidden
[2025.12.02-12.39.15:400][ 53]LogWorld: BeginTearingDown for /Game/Mapas/Fases/MapaInicialAr/UEDPIE_0_MapaInicial
[2025.12.02-12.39.15:401][ 53]LogSlate: Window 'ColunaDoendoSamurai Preview [NetMode: Standalone]  (64-bit/Windows) ' being destroyed
[2025.12.02-12.39.15:408][ 53]LogWorld: UWorld::CleanupWorld for MapaInicial, bSessionEnded=true, bCleanupResources=true
[2025.12.02-12.39.15:409][ 53]LogSlate: InvalidateAllWidgets triggered.  All widgets were invalidated
[2025.12.02-12.39.15:418][ 53]LogPlayLevel: Display: Shutting down PIE online subsystems
[2025.12.02-12.39.15:472][ 53]LogSlate: InvalidateAllWidgets triggered.  All widgets were invalidated
[2025.12.02-12.39.15:525][ 53]LogAudioMixer: FMixerPlatformXAudio2::StopAudioStream() called
[2025.12.02-12.39.15:526][ 53]LogAudioMixer: FMixerPlatformXAudio2::StopAudioStream() called
[2025.12.02-12.39.15:536][ 53]LogUObjectHash: Compacting FUObjectHashTables data took   4.66ms
[2025.12.02-12.39.15:557][ 54]LogPlayLevel: Display: Destroying online subsystem :Context_46
[2025.12.02-12.39.33:094][ 60]Cmd: OBJ SAVEPACKAGE PACKAGE="/Game/Player/Blueprints/HUD/HUD_Padrao" FILE="E:/Unreal/Fumec_DevGames/Content/Player/Blueprints/HUD/HUD_Padrao.uasset" SILENT=true
[2025.12.02-12.39.33:112][ 60]LogSavePackage: Moving 'E:/Unreal/Fumec_DevGames/Saved/HUD_Padrao49C56D834C655A3B94E8FF8394130A1C.tmp' to 'E:/Unreal/Fumec_DevGames/Content/Player/Blueprints/HUD/HUD_Padrao.uasset'
[2025.12.02-12.39.33:132][ 60]AssetCheck: New page: Asset Save: HUD_Padrao
[2025.12.02-12.39.33:132][ 60]LogContentValidation: Display: Validating WidgetBlueprint /Game/Player/Blueprints/HUD/HUD_Padrao.HUD_Padrao
[2025.12.02-12.39.33:929][107]LogAssetEditorSubsystem: Opening Asset editor for WidgetBlueprint /Game/Player/Blueprints/HUD/MenuPausePadrao.MenuPausePadrao
[2025.12.02-12.39.34:341][107]LogSlate: The tab "SequencerGraphEditor" attempted to spawn in layout 'WidgetBlueprintEditor_Designer_Layout_v4_1' but failed for some reason. An "unrecognized tab" will be returned instead.
[2025.12.02-12.39.36:120][207]LogSlate: Window 'SequencerGraphEditor' being destroyed
[2025.12.02-12.39.36:126][207]LogSlate: Window 'SequencerGraphEditor' being destroyed
[2025.12.02-12.39.38:769][364]LogWorld: UWorld::CleanupWorld for World_17, bSessionEnded=true, bCleanupResources=true
[2025.12.02-12.39.38:769][364]LogSlate: InvalidateAllWidgets triggered.  All widgets were invalidated
[2025.12.02-12.39.38:785][364]LogWorld: UWorld::CleanupWorld for World_16, bSessionEnded=true, bCleanupResources=true
[2025.12.02-12.39.38:785][364]LogSlate: InvalidateAllWidgets triggered.  All widgets were invalidated
[2025.12.02-12.39.42:778][592]PIE: Error: SetInputMode_UIOnly expects a valid player controller as 'PlayerController' target
[2025.12.02-12.39.42:778][592]LogScript: Warning: Accessed None trying to read property CallFunc_GetPlayerController_ReturnValue
	TeladeMorte_C /Engine/Transient.World_8:TeladeMorte_C_7
	Function /Game/Player/Blueprints/HUD/TeladeMorte.TeladeMorte_C:ExecuteUbergraph_TeladeMorte:00D7
[2025.12.02-12.39.51:548][113]LogEditorTransaction: Undo Drag and Drop Widget
[2025.12.02-12.40.09:829][135]PIE: Error: SetInputMode_UIOnly expects a valid player controller as 'PlayerController' target
[2025.12.02-12.40.09:829][135]LogScript: Warning: Accessed None trying to read property CallFunc_GetPlayerController_ReturnValue
	TeladeMorte_C /Engine/Transient.World_8:TeladeMorte_C_8
	Function /Game/Player/Blueprints/HUD/TeladeMorte.TeladeMorte_C:ExecuteUbergraph_TeladeMorte:00D7
[2025.12.02-12.40.11:766][228]PIE: Error: SetInputMode_UIOnly expects a valid player controller as 'PlayerController' target
[2025.12.02-12.40.11:766][228]LogScript: Warning: Accessed None trying to read property CallFunc_GetPlayerController_ReturnValue
	TeladeMorte_C /Engine/Transient.World_8:TeladeMorte_C_9
	Function /Game/Player/Blueprints/HUD/TeladeMorte.TeladeMorte_C:ExecuteUbergraph_TeladeMorte:00D7
[2025.12.02-12.40.12:700][284]LogEditorTransaction: Undo Drag and Drop Widget
[2025.12.02-12.40.12:772][284]PIE: Error: SetInputMode_UIOnly expects a valid player controller as 'PlayerController' target
[2025.12.02-12.40.12:772][284]LogScript: Warning: Accessed None trying to read property CallFunc_GetPlayerController_ReturnValue
	TeladeMorte_C /Engine/Transient.World_8:TeladeMorte_C_10
	Function /Game/Player/Blueprints/HUD/TeladeMorte.TeladeMorte_C:ExecuteUbergraph_TeladeMorte:00D7
[2025.12.02-12.40.21:244][765]BlueprintLog: New page: Compile TeladeMorte
[2025.12.02-12.40.21:348][765]LogUObjectHash: Compacting FUObjectHashTables data took   7.42ms
[2025.12.02-12.40.21:447][765]Cmd: OBJ SAVEPACKAGE PACKAGE="/Game/Player/Blueprints/HUD/TeladeMorte" FILE="E:/Unreal/Fumec_DevGames/Content/Player/Blueprints/HUD/TeladeMorte.uasset" SILENT=true
[2025.12.02-12.40.21:470][765]LogSavePackage: Moving 'E:/Unreal/Fumec_DevGames/Saved/TeladeMorte7B2F554142BC5BA4C93E67931CB5DE7C.tmp' to 'E:/Unreal/Fumec_DevGames/Content/Player/Blueprints/HUD/TeladeMorte.uasset'
[2025.12.02-12.40.21:499][765]AssetCheck: New page: Asset Save: TeladeMorte
[2025.12.02-12.40.21:499][765]LogContentValidation: Display: Validating WidgetBlueprint /Game/Player/Blueprints/HUD/TeladeMorte.TeladeMorte
[2025.12.02-12.40.21:517][765]PIE: Error: SetInputMode_UIOnly expects a valid player controller as 'PlayerController' target
[2025.12.02-12.40.21:517][765]LogScript: Warning: Accessed None trying to read property CallFunc_GetPlayerController_ReturnValue
	TeladeMorte_C /Engine/Transient.World_8:TeladeMorte_C_12
	Function /Game/Player/Blueprints/HUD/TeladeMorte.TeladeMorte_C:ExecuteUbergraph_TeladeMorte:00D7
[2025.12.02-12.40.22:174][804]LogTemp: Repeating last play command: Selected Viewport
[2025.12.02-12.40.22:182][804]BlueprintLog: New page: Pre-Play auto-recompile
[2025.12.02-12.40.22:184][804]LogPlayLevel: [PlayLevel] Compiling HUD_Padrao before play...
[2025.12.02-12.40.22:314][804]Cmd: OBJ SAVEPACKAGE PACKAGE="/Game/Player/Blueprints/HUD/HUD_Padrao" FILE="E:/Unreal/Fumec_DevGames/Content/Player/Blueprints/HUD/HUD_Padrao.uasset" SILENT=true
[2025.12.02-12.40.22:352][804]LogSavePackage: Moving 'E:/Unreal/Fumec_DevGames/Saved/HUD_Padrao5AAD64D8419AE569DAA4D59A939360B9.tmp' to 'E:/Unreal/Fumec_DevGames/Content/Player/Blueprints/HUD/HUD_Padrao.uasset'
[2025.12.02-12.40.22:425][804]LogUObjectHash: Compacting FUObjectHashTables data took   5.76ms
[2025.12.02-12.40.22:425][804]LogPlayLevel: PlayLevel: Blueprint regeneration took 243 ms (1 blueprints)
[2025.12.02-12.40.22:425][804]PIE: New page: PIE session: MapadeTeste (Dec 2, 2025, 6:40:22 AM)
[2025.12.02-12.40.22:425][804]LogPlayLevel: Creating play world package: /Game/Mapas/Fases/MapadeTeste/UEDPIE_0_MapadeTeste
[2025.12.02-12.40.22:446][804]LogPlayLevel: PIE: StaticDuplicateObject took: (0.020497s)
[2025.12.02-12.40.22:447][804]LogAIModule: Creating AISystem for world MapadeTeste
[2025.12.02-12.40.22:448][804]LogPlayLevel: PIE: World Init took: (0.001140s)
[2025.12.02-12.40.22:448][804]LogPlayLevel: PIE: Created PIE world by copying editor world from /Game/Mapas/Fases/MapadeTeste/MapadeTeste.MapadeTeste to /Game/Mapas/Fases/MapadeTeste/UEDPIE_0_MapadeTeste.MapadeTeste (0.021776s)
[2025.12.02-12.40.22:505][804]LogUObjectHash: Compacting FUObjectHashTables data took   4.67ms
[2025.12.02-12.40.22:506][804]LogAudio: Display: Creating Audio Device:                 Id: 38, Scope: Unique, Realtime: True
[2025.12.02-12.40.22:506][804]LogAudioMixer: Display: Audio Mixer Platform Settings:
[2025.12.02-12.40.22:506][804]LogAudioMixer: Display: 	Sample Rate:						  48000
[2025.12.02-12.40.22:506][804]LogAudioMixer: Display: 	Callback Buffer Frame Size Requested: 1024
[2025.12.02-12.40.22:506][804]LogAudioMixer: Display: 	Callback Buffer Frame Size To Use:	  1024
[2025.12.02-12.40.22:506][804]LogAudioMixer: Display: 	Number of buffers to queue:			  2
[2025.12.02-12.40.22:506][804]LogAudioMixer: Display: 	Max Channels (voices):				  32
[2025.12.02-12.40.22:506][804]LogAudioMixer: Display: 	Number of Async Source Workers:		  0
[2025.12.02-12.40.22:506][804]LogAudio: Display: AudioDevice MaxSources: 32
[2025.12.02-12.40.22:506][804]LogAudio: Display: Audio Spatialization Plugin: None (built-in).
[2025.12.02-12.40.22:506][804]LogAudio: Display: Audio Reverb Plugin: None (built-in).
[2025.12.02-12.40.22:506][804]LogAudio: Display: Audio Occlusion Plugin: None (built-in).
[2025.12.02-12.40.22:506][804]LogAudioMixer: Display: Initializing audio mixer.
[2025.12.02-12.40.22:512][804]LogAudioMixer: Display: 0: FrontLeft
[2025.12.02-12.40.22:513][804]LogAudioMixer: Display: 1: FrontRight
[2025.12.02-12.40.22:522][804]LogAudioMixer: Display: Using Audio Device Alto-falantes (Realtek(R) Audio)
[2025.12.02-12.40.22:522][804]LogAudioMixer: Display: Initializing Sound Submixes...
[2025.12.02-12.40.22:522][804]LogAudioMixer: Display: Creating Master Submix 'MasterSubmixDefault'
[2025.12.02-12.40.22:522][804]LogAudioMixer: Display: Creating Master Submix 'MasterReverbSubmixDefault'
[2025.12.02-12.40.22:523][804]LogAudioMixer: Display: Creating Master Submix 'MasterEQSubmixDefault'
[2025.12.02-12.40.22:523][804]LogAudioMixer: FMixerPlatformXAudio2::StartAudioStream() called
[2025.12.02-12.40.22:523][804]LogAudioMixer: Display: Output buffers initialized: Frames=1024, Channels=2, Samples=2048
[2025.12.02-12.40.22:524][804]LogAudioMixer: Display: Starting AudioMixerPlatformInterface::RunInternal()
[2025.12.02-12.40.22:524][804]LogAudioMixer: Display: FMixerPlatformXAudio2::SubmitBuffer() called for the first time
[2025.12.02-12.40.22:524][804]LogInit: FAudioDevice initialized.
[2025.12.02-12.40.22:524][804]LogAudio: Display: Audio Device (ID: 38) registered with world 'MapadeTeste'.
[2025.12.02-12.40.22:576][804]LogSlate: Updating window title bar state: overlay mode, drag disabled, window buttons hidden, title bar hidden
[2025.12.02-12.40.22:576][804]LogLoad: Game class is 'GameModeRL_C'
[2025.12.02-12.40.22:578][804]LogWorld: Bringing World /Game/Mapas/Fases/MapadeTeste/UEDPIE_0_MapadeTeste.MapadeTeste up for play (max tick rate 60) at 2025.12.02-09.40.22
[2025.12.02-12.40.22:579][804]LogWorld: Bringing up level for play took: 0.002351
[2025.12.02-12.40.22:579][804]LogOnline: OSS: Creating online subsystem instance for: :Context_49
[2025.12.02-12.40.22:586][804]PIE: Server logged in
[2025.12.02-12.40.22:587][804]PIE: Play in editor total start time 0.406 seconds.
[2025.12.02-12.40.22:602][804]PIE: Error: SetInputMode_UIOnly expects a valid player controller as 'PlayerController' target
[2025.12.02-12.40.22:602][804]LogScript: Warning: Accessed None trying to read property CallFunc_GetPlayerController_ReturnValue
	TeladeMorte_C /Engine/Transient.World_8:TeladeMorte_C_12
	Function /Game/Player/Blueprints/HUD/TeladeMorte.TeladeMorte_C:ExecuteUbergraph_TeladeMorte:00D7
[2025.12.02-12.40.22:652][805]AssetCheck: New page: Asset Save: HUD_Padrao
[2025.12.02-12.40.22:652][805]LogContentValidation: Display: Validating WidgetBlueprint /Game/Player/Blueprints/HUD/HUD_Padrao.HUD_Padrao
[2025.12.02-12.40.25:778][989]LogViewport: Display: Viewport MouseLockMode Changed, LockOnCapture -> DoNotLock
[2025.12.02-12.40.25:778][989]LogViewport: Display: Viewport MouseCaptureMode Changed, CapturePermanently_IncludingInitialMouseDown -> NoCapture
[2025.12.02-12.40.31:679][343]LogViewport: Display: Viewport MouseLockMode Changed, DoNotLock -> LockOnCapture
[2025.12.02-12.40.31:679][343]LogViewport: Display: Viewport MouseCaptureMode Changed, NoCapture -> CapturePermanently
[2025.12.02-12.40.31:695][344]LogNet: Browse: /Game/Mapas/Fases/MapaInicialAr/MapaInicial
[2025.12.02-12.40.31:695][344]LogLoad: LoadMap: /Game/Mapas/Fases/MapaInicialAr/MapaInicial
[2025.12.02-12.40.31:695][344]LogWorld: BeginTearingDown for /Game/Mapas/Fases/MapadeTeste/UEDPIE_0_MapadeTeste
[2025.12.02-12.40.31:696][344]LogWorld: UWorld::CleanupWorld for MapadeTeste, bSessionEnded=true, bCleanupResources=true
[2025.12.02-12.40.31:696][344]LogSlate: InvalidateAllWidgets triggered.  All widgets were invalidated
[2025.12.02-12.40.31:790][344]LogAudio: Display: Audio Device unregistered from world 'None'.
[2025.12.02-12.40.31:798][344]LogUObjectHash: Compacting FUObjectHashTables data took   3.89ms
[2025.12.02-12.40.31:811][344]LogAudio: Display: Audio Device (ID: 38) registered with world 'MapaInicial'.
[2025.12.02-12.40.31:812][344]LogAIModule: Creating AISystem for world MapaInicial
[2025.12.02-12.40.31:812][344]LogLoad: Game class is 'GameModeRL_C'
[2025.12.02-12.40.31:814][344]LogWorld: Bringing World /Game/Mapas/Fases/MapaInicialAr/UEDPIE_0_MapaInicial.MapaInicial up for play (max tick rate 60) at 2025.12.02-09.40.31
[2025.12.02-12.40.31:815][344]LogWorld: Bringing up level for play took: 0.001824
[2025.12.02-12.40.31:816][344]LogLoad: Took 0.121531 seconds to LoadMap(/Game/Mapas/Fases/MapaInicialAr/MapaInicial)
[2025.12.02-12.40.33:928][471]Set new viewmode: Wireframe
[2025.12.02-12.40.40:361][857]Set new viewmode: Wireframe
[2025.12.02-12.40.40:977][894]Set new viewmode: Unlit
[2025.12.02-12.40.41:494][925]Set new viewmode: Unlit
[2025.12.02-12.40.41:894][949]Set new viewmode: Unlit
[2025.12.02-12.40.42:244][970]Set new viewmode: Unlit
[2025.12.02-12.40.42:477][984]Set new viewmode: Lit
[2025.12.02-12.40.43:261][ 31]Set new viewmode: Wireframe
[2025.12.02-12.40.43:594][ 51]Set new viewmode: Unlit
[2025.12.02-12.40.43:844][ 66]Set new viewmode: Lit
[2025.12.02-12.40.44:077][ 80]Set new viewmode: Wireframe
[2025.12.02-12.40.44:227][ 89]Set new viewmode: Unlit
[2025.12.02-12.40.44:377][ 98]Set new viewmode: Lit
[2025.12.02-12.40.44:611][112]Set new viewmode: Wireframe
[2025.12.02-12.40.44:711][118]Set new viewmode: Unlit
[2025.12.02-12.40.44:844][126]Set new viewmode: Lit
[2025.12.02-12.40.45:210][148]Set new viewmode: Unlit
[2025.12.02-12.40.45:527][167]Set new viewmode: Lit
[2025.12.02-12.40.46:044][198]Set new viewmode: Wireframe
[2025.12.02-12.40.49:362][397]LogNet: Browse: /Game/Mapas/Fases/MapadeTeste/MapadeTeste
[2025.12.02-12.40.49:362][397]LogLoad: LoadMap: /Game/Mapas/Fases/MapadeTeste/MapadeTeste
[2025.12.02-12.40.49:362][397]LogWorld: BeginTearingDown for /Game/Mapas/Fases/MapaInicialAr/UEDPIE_0_MapaInicial
[2025.12.02-12.40.49:362][397]LogWorld: UWorld::CleanupWorld for MapaInicial, bSessionEnded=true, bCleanupResources=true
[2025.12.02-12.40.49:363][397]LogSlate: InvalidateAllWidgets triggered.  All widgets were invalidated
[2025.12.02-12.40.49:450][397]LogAudio: Display: Audio Device unregistered from world 'None'.
[2025.12.02-12.40.49:455][397]LogUObjectHash: Compacting FUObjectHashTables data took   3.70ms
[2025.12.02-12.40.49:457][397]LogPlayLevel: Creating play world package: /Game/Mapas/Fases/MapadeTeste/UEDPIE_0_MapadeTeste
[2025.12.02-12.40.49:478][397]LogPlayLevel: PIE: StaticDuplicateObject took: (0.021496s)
[2025.12.02-12.40.49:479][397]LogAIModule: Creating AISystem for world MapadeTeste
[2025.12.02-12.40.49:479][397]LogPlayLevel: PIE: World Init took: (0.001155s)
[2025.12.02-12.40.49:479][397]LogPlayLevel: PIE: Created PIE world by copying editor world from /Game/Mapas/Fases/MapadeTeste/MapadeTeste.MapadeTeste to /Game/Mapas/Fases/MapadeTeste/UEDPIE_0_MapadeTeste.MapadeTeste (0.022851s)
[2025.12.02-12.40.49:479][397]LogAudio: Display: Audio Device (ID: 38) registered with world 'MapadeTeste'.
[2025.12.02-12.40.49:480][397]LogLoad: Game class is 'GameModeRL_C'
[2025.12.02-12.40.49:481][397]LogWorld: Bringing World /Game/Mapas/Fases/MapadeTeste/UEDPIE_0_MapadeTeste.MapadeTeste up for play (max tick rate 60) at 2025.12.02-09.40.49
[2025.12.02-12.40.49:482][397]LogWorld: Bringing up level for play took: 0.001643
[2025.12.02-12.40.49:484][397]LogLoad: Took 0.123187 seconds to LoadMap(/Game/Mapas/Fases/MapadeTeste/UEDPIE_0_MapadeTeste)
[2025.12.02-12.40.52:665][588]LogViewport: Display: Viewport MouseLockMode Changed, LockOnCapture -> DoNotLock
[2025.12.02-12.40.52:665][588]LogViewport: Display: Viewport MouseCaptureMode Changed, CapturePermanently -> NoCapture
[2025.12.02-12.41.07:596][481]LogViewport: Display: Viewport MouseLockMode Changed, DoNotLock -> LockOnCapture
[2025.12.02-12.41.07:596][481]LogViewport: Display: Viewport MouseCaptureMode Changed, NoCapture -> CapturePermanently
[2025.12.02-12.41.07:612][482]LogNet: Browse: /Game/Mapas/Fases/MapaInicialAr/MapaInicial
[2025.12.02-12.41.07:613][482]LogLoad: LoadMap: /Game/Mapas/Fases/MapaInicialAr/MapaInicial
[2025.12.02-12.41.07:613][482]LogWorld: BeginTearingDown for /Game/Mapas/Fases/MapadeTeste/UEDPIE_0_MapadeTeste
[2025.12.02-12.41.07:613][482]LogWorld: UWorld::CleanupWorld for MapadeTeste, bSessionEnded=true, bCleanupResources=true
[2025.12.02-12.41.07:614][482]LogSlate: InvalidateAllWidgets triggered.  All widgets were invalidated
[2025.12.02-12.41.07:694][482]LogAudio: Display: Audio Device unregistered from world 'None'.
[2025.12.02-12.41.07:699][482]LogUObjectHash: Compacting FUObjectHashTables data took   4.19ms
[2025.12.02-12.41.07:713][482]LogAudio: Display: Audio Device (ID: 38) registered with world 'MapaInicial'.
[2025.12.02-12.41.07:714][482]LogAIModule: Creating AISystem for world MapaInicial
[2025.12.02-12.41.07:714][482]LogLoad: Game class is 'GameModeRL_C'
[2025.12.02-12.41.07:717][482]LogWorld: Bringing World /Game/Mapas/Fases/MapaInicialAr/UEDPIE_0_MapaInicial.MapaInicial up for play (max tick rate 60) at 2025.12.02-09.41.07
[2025.12.02-12.41.07:717][482]LogWorld: Bringing up level for play took: 0.002063
[2025.12.02-12.41.07:719][482]LogLoad: Took 0.106372 seconds to LoadMap(/Game/Mapas/Fases/MapaInicialAr/MapaInicial)
[2025.12.02-12.41.11:198][691]LogNet: Browse: /Game/Mapas/Fases/MapadeTeste/MapadeTeste
[2025.12.02-12.41.11:198][691]LogLoad: LoadMap: /Game/Mapas/Fases/MapadeTeste/MapadeTeste
[2025.12.02-12.41.11:198][691]LogWorld: BeginTearingDown for /Game/Mapas/Fases/MapaInicialAr/UEDPIE_0_MapaInicial
[2025.12.02-12.41.11:198][691]LogWorld: UWorld::CleanupWorld for MapaInicial, bSessionEnded=true, bCleanupResources=true
[2025.12.02-12.41.11:198][691]LogSlate: InvalidateAllWidgets triggered.  All widgets were invalidated
[2025.12.02-12.41.11:279][691]LogAudio: Display: Audio Device unregistered from world 'None'.
[2025.12.02-12.41.11:285][691]LogUObjectHash: Compacting FUObjectHashTables data took   4.56ms
[2025.12.02-12.41.11:286][691]LogPlayLevel: Creating play world package: /Game/Mapas/Fases/MapadeTeste/UEDPIE_0_MapadeTeste
[2025.12.02-12.41.11:307][691]LogPlayLevel: PIE: StaticDuplicateObject took: (0.021051s)
[2025.12.02-12.41.11:308][691]LogAIModule: Creating AISystem for world MapadeTeste
[2025.12.02-12.41.11:309][691]LogPlayLevel: PIE: World Init took: (0.001174s)
[2025.12.02-12.41.11:309][691]LogPlayLevel: PIE: Created PIE world by copying editor world from /Game/Mapas/Fases/MapadeTeste/MapadeTeste.MapadeTeste to /Game/Mapas/Fases/MapadeTeste/UEDPIE_0_MapadeTeste.MapadeTeste (0.022391s)
[2025.12.02-12.41.11:309][691]LogAudio: Display: Audio Device (ID: 38) registered with world 'MapadeTeste'.
[2025.12.02-12.41.11:309][691]LogLoad: Game class is 'GameModeRL_C'
[2025.12.02-12.41.11:310][691]LogWorld: Bringing World /Game/Mapas/Fases/MapadeTeste/UEDPIE_0_MapadeTeste.MapadeTeste up for play (max tick rate 60) at 2025.12.02-09.41.11
[2025.12.02-12.41.11:311][691]LogWorld: Bringing up level for play took: 0.001344
[2025.12.02-12.41.11:313][691]LogLoad: Took 0.115485 seconds to LoadMap(/Game/Mapas/Fases/MapadeTeste/UEDPIE_0_MapadeTeste)
[2025.12.02-12.41.50:549][ 42]LogSlate: Updating window title bar state: overlay mode, drag disabled, window buttons hidden, title bar hidden
[2025.12.02-12.41.50:549][ 42]LogWorld: BeginTearingDown for /Game/Mapas/Fases/MapadeTeste/UEDPIE_0_MapadeTeste
[2025.12.02-12.41.50:550][ 42]LogSlate: Window 'ColunaDoendoSamurai Preview [NetMode: Standalone]  (64-bit/Windows) ' being destroyed
[2025.12.02-12.41.50:555][ 42]LogWorld: UWorld::CleanupWorld for MapadeTeste, bSessionEnded=true, bCleanupResources=true
[2025.12.02-12.41.50:556][ 42]LogSlate: InvalidateAllWidgets triggered.  All widgets were invalidated
[2025.12.02-12.41.50:566][ 42]LogPlayLevel: Display: Shutting down PIE online subsystems
[2025.12.02-12.41.50:617][ 42]LogSlate: InvalidateAllWidgets triggered.  All widgets were invalidated
[2025.12.02-12.41.50:670][ 42]LogAudioMixer: FMixerPlatformXAudio2::StopAudioStream() called
[2025.12.02-12.41.50:671][ 42]LogAudioMixer: FMixerPlatformXAudio2::StopAudioStream() called
[2025.12.02-12.41.50:680][ 42]LogUObjectHash: Compacting FUObjectHashTables data took   5.02ms
[2025.12.02-12.41.50:997][ 43]LogPlayLevel: Display: Destroying online subsystem :Context_49
[2025.12.02-12.41.58:692][502]LogSlate: Window 'Message Log' being destroyed
[2025.12.02-12.41.58:728][502]LogSlate: Window 'Message Log' being destroyed
[2025.12.02-12.42.01:768][681]LogUObjectHash: Compacting FUObjectHashTables data took   3.76ms
[2025.12.02-12.42.02:700][737]LogWorld: UWorld::CleanupWorld for World_8, bSessionEnded=true, bCleanupResources=true
[2025.12.02-12.42.02:700][737]LogSlate: InvalidateAllWidgets triggered.  All widgets were invalidated
[2025.12.02-12.42.02:712][737]LogWorld: UWorld::CleanupWorld for World_7, bSessionEnded=true, bCleanupResources=true
[2025.12.02-12.42.02:713][737]LogSlate: InvalidateAllWidgets triggered.  All widgets were invalidated
[2025.12.02-12.42.03:528][781]LogWorld: UWorld::CleanupWorld for World_12, bSessionEnded=true, bCleanupResources=true
[2025.12.02-12.42.03:528][781]LogSlate: InvalidateAllWidgets triggered.  All widgets were invalidated
[2025.12.02-12.42.03:540][781]LogWorld: UWorld::CleanupWorld for World_11, bSessionEnded=true, bCleanupResources=true
[2025.12.02-12.42.03:540][781]LogSlate: InvalidateAllWidgets triggered.  All widgets were invalidated
[2025.12.02-12.42.49:481][524]LogSlate: Window 'Message Log' being destroyed
[2025.12.02-12.42.49:485][524]LogSlate: Window 'Message Log' being destroyed
[2025.12.02-12.49.56:258][454]LogAssetEditorSubsystem: Opening Asset editor for WidgetBlueprint /Game/Player/Blueprints/HUD/MenuPauseInicio/MenuPauseInicio.MenuPauseInicio
[2025.12.02-12.49.56:671][454]LogSlate: The tab "SequencerGraphEditor" attempted to spawn in layout 'WidgetBlueprintEditor_Designer_Layout_v4_1' but failed for some reason. An "unrecognized tab" will be returned instead.
[2025.12.02-12.49.58:112][538]LogSlate: Window 'SequencerGraphEditor' being destroyed
[2025.12.02-12.49.58:117][538]LogSlate: Window 'SequencerGraphEditor' being destroyed
[2025.12.02-12.50.04:810][937]LogWorld: UWorld::CleanupWorld for World_21, bSessionEnded=true, bCleanupResources=true
[2025.12.02-12.50.04:810][937]LogSlate: InvalidateAllWidgets triggered.  All widgets were invalidated
[2025.12.02-12.50.04:826][937]LogWorld: UWorld::CleanupWorld for World_20, bSessionEnded=true, bCleanupResources=true
[2025.12.02-12.50.04:826][937]LogSlate: InvalidateAllWidgets triggered.  All widgets were invalidated
[2025.12.02-12.50.25:039][ 95]LogUObjectHash: Compacting FUObjectHashTables data took   5.74ms
[2025.12.02-12.50.27:183][ 95]LogSlate: Window 'Delete Assets' being destroyed
[2025.12.02-12.50.27:727][ 95]LogWorld: UWorld::CleanupWorld for World_0, bSessionEnded=true, bCleanupResources=true
[2025.12.02-12.50.27:727][ 95]LogSlate: InvalidateAllWidgets triggered.  All widgets were invalidated
[2025.12.02-12.50.27:863][ 95]LogActorComponent: UnregisterComponent: (/Engine/Transient.EditorFloorComp) Not registered. Aborting.
[2025.12.02-12.50.27:863][ 95]LogWorld: UWorld::CleanupWorld for World_5, bSessionEnded=true, bCleanupResources=true
[2025.12.02-12.50.27:863][ 95]LogSlate: InvalidateAllWidgets triggered.  All widgets were invalidated
[2025.12.02-12.50.27:945][ 95]LogActorComponent: UnregisterComponent: (/Engine/Transient.EditorFloorComp) Not registered. Aborting.
[2025.12.02-12.50.27:945][ 95]LogWorld: UWorld::CleanupWorld for World_6, bSessionEnded=true, bCleanupResources=true
[2025.12.02-12.50.27:945][ 95]LogSlate: InvalidateAllWidgets triggered.  All widgets were invalidated
[2025.12.02-12.50.28:005][ 95]LogUObjectGlobals: Force Deleting 6 Package(s):
	Asset Name: /Game/Player/Blueprints/HUD/MenuPauseInicio/EnoInventario.EnoInventario
	Asset Name: /Game/Player/Blueprints/HUD/MenuPauseInicio/Inventario.Inventario
	Asset Name: /Game/Player/Blueprints/HUD/MenuPauseInicio/KatanaInventarioSF.KatanaInventarioSF
	Asset Name: /Game/Player/Blueprints/HUD/MenuPauseInicio/SlotVazio.SlotVazio
	Asset Name: /Game/Player/Blueprints/HUD/MenuPauseInicio/SlotInventario.SlotInventario
	Asset Name: /Game/Player/Blueprints/HUD/MenuPauseInicio/MenuPauseInicio.MenuPauseInicio
[2025.12.02-12.50.32:830][ 95]LogUObjectHash: Compacting FUObjectHashTables data took   6.14ms
[2025.12.02-12.50.32:915][ 95]LogUObjectHash: Compacting FUObjectHashTables data took   4.00ms
[2025.12.02-12.50.32:950][ 95]LogUObjectHash: Compacting FUObjectHashTables data took   0.92ms
[2025.12.02-12.50.32:979][ 95]LogUObjectHash: Compacting FUObjectHashTables data took   0.76ms
[2025.12.02-12.50.33:011][ 95]LogUObjectHash: Compacting FUObjectHashTables data took   0.87ms
[2025.12.02-12.50.33:043][ 95]LogUObjectHash: Compacting FUObjectHashTables data took   0.89ms
[2025.12.02-12.50.33:076][ 95]LogUObjectHash: Compacting FUObjectHashTables data took   3.44ms
[2025.12.02-12.50.33:107][ 95]LogUObjectHash: Compacting FUObjectHashTables data took   1.03ms
[2025.12.02-12.50.34:339][158]LogAssetEditorSubsystem: Opening Asset editor for WidgetBlueprint /Game/Player/Blueprints/HUD/MenuPausePadrao.MenuPausePadrao
[2025.12.02-12.50.34:735][158]LogSlate: The tab "SequencerGraphEditor" attempted to spawn in layout 'WidgetBlueprintEditor_Designer_Layout_v4_1' but failed for some reason. An "unrecognized tab" will be returned instead.
[2025.12.02-12.50.36:437][258]LogSlate: Window 'SequencerGraphEditor' being destroyed
[2025.12.02-12.50.36:443][258]LogSlate: Window 'SequencerGraphEditor' being destroyed
[2025.12.02-12.50.43:427][651]LogAssetEditorSubsystem: Opening Asset editor for WidgetBlueprint /Game/Mapas/Menu/MainMenuWid.MainMenuWid
[2025.12.02-12.50.43:837][651]LogSlate: The tab "SequencerGraphEditor" attempted to spawn in layout 'WidgetBlueprintEditor_Designer_Layout_v4_1' but failed for some reason. An "unrecognized tab" will be returned instead.
[2025.12.02-12.50.45:529][749]LogSlate: Window 'SequencerGraphEditor' being destroyed
[2025.12.02-12.50.45:534][749]LogSlate: Window 'SequencerGraphEditor' being destroyed
[2025.12.02-12.50.52:988][192]LogSlate: Took 0.015060 seconds to synchronously load lazily loaded font '../../../Engine/Content/Slate/Fonts/DroidSansFallback.ttf' (3848K)
[2025.12.02-12.50.54:453][280]LogSlate: Last resort fallback font was requested. Font: '/Game/Fontes/KiwiSoda.KiwiSoda', Character: 'ダ (U+30c0)'
[2025.12.02-12.50.54:470][280]LogSlate: Took 0.015432 seconds to synchronously load lazily loaded font '../../../Engine/Content/SlateDebug/Fonts/LastResort.ttf' (5269K)
[2025.12.02-12.51.52:449][496]BlueprintLog: New page: Compile MainMenuWid
[2025.12.02-12.51.52:500][496]LogUObjectHash: Compacting FUObjectHashTables data took   4.12ms
[2025.12.02-12.51.52:588][496]Cmd: OBJ SAVEPACKAGE PACKAGE="/Game/Mapas/Menu/MainMenuWid" FILE="E:/Unreal/Fumec_DevGames/Content/Mapas/Menu/MainMenuWid.uasset" SILENT=true
[2025.12.02-12.51.52:607][496]LogSavePackage: Moving 'E:/Unreal/Fumec_DevGames/Saved/MainMenuWid30C65F644DFA76BF3E7525990FB48D89.tmp' to 'E:/Unreal/Fumec_DevGames/Content/Mapas/Menu/MainMenuWid.uasset'
[2025.12.02-12.51.53:261][496]AssetCheck: New page: Asset Save: MainMenuWid
[2025.12.02-12.51.53:261][496]LogContentValidation: Display: Validating WidgetBlueprint /Game/Mapas/Menu/MainMenuWid.MainMenuWid
[2025.12.02-12.51.57:755][762]LogWorld: UWorld::CleanupWorld for World_23, bSessionEnded=true, bCleanupResources=true
[2025.12.02-12.51.57:755][762]LogSlate: InvalidateAllWidgets triggered.  All widgets were invalidated
[2025.12.02-12.51.57:767][762]LogWorld: UWorld::CleanupWorld for World_22, bSessionEnded=true, bCleanupResources=true
[2025.12.02-12.51.57:768][762]LogSlate: InvalidateAllWidgets triggered.  All widgets were invalidated
[2025.12.02-12.51.58:312][792]LogWorld: UWorld::CleanupWorld for World_25, bSessionEnded=true, bCleanupResources=true
[2025.12.02-12.51.58:312][792]LogSlate: InvalidateAllWidgets triggered.  All widgets were invalidated
[2025.12.02-12.51.58:323][792]LogWorld: UWorld::CleanupWorld for World_24, bSessionEnded=true, bCleanupResources=true
[2025.12.02-12.51.58:324][792]LogSlate: InvalidateAllWidgets triggered.  All widgets were invalidated
[2025.12.02-12.52.04:272][133]LogAssetEditorSubsystem: Opening Asset editor for Blueprint /Game/Player/Blueprints/Player_BP.Player_BP
[2025.12.02-12.52.06:043][201]LogUObjectHash: Compacting FUObjectHashTables data took   4.06ms
[2025.12.02-12.52.06:073][201]Cmd: OBJ SAVEPACKAGE PACKAGE="/Game/Player/Blueprints/Player_BP" FILE="E:/Unreal/Fumec_DevGames/Content/Player/Blueprints/Player_BP.uasset" SILENT=true
[2025.12.02-12.52.06:206][201]LogSavePackage: Moving 'E:/Unreal/Fumec_DevGames/Saved/Player_BP6F6839904BBACE597E079D8C260EDEBD.tmp' to 'E:/Unreal/Fumec_DevGames/Content/Player/Blueprints/Player_BP.uasset'
[2025.12.02-12.52.06:226][201]AssetCheck: New page: Asset Save: Player_BP
[2025.12.02-12.52.06:226][201]LogContentValidation: Display: Validating Blueprint /Game/Player/Blueprints/Player_BP.Player_BP
[2025.12.02-12.52.07:119][253]BlueprintLog: New page: Compile Player_BP
[2025.12.02-12.52.07:238][253]LogUObjectHash: Compacting FUObjectHashTables data took   3.19ms
[2025.12.02-12.52.53:823][886]LogAssetEditorSubsystem: Opening Asset editor for WidgetBlueprint /Game/Player/Blueprints/HUD/SelecaoPowerUps.SelecaoPowerUps
[2025.12.02-12.52.54:219][886]LogSlate: The tab "SequencerGraphEditor" attempted to spawn in layout 'WidgetBlueprintEditor_Designer_Layout_v4_1' but failed for some reason. An "unrecognized tab" will be returned instead.
[2025.12.02-12.52.55:888][980]LogSlate: Window 'SequencerGraphEditor' being destroyed
[2025.12.02-12.52.55:891][980]LogSlate: Window 'SequencerGraphEditor' being destroyed
[2025.12.02-12.55.48:139][ 44]Cmd: OBJ SAVEPACKAGE PACKAGE="/Game/Player/Blueprints/HUD/SelecaoPowerUps" FILE="E:/Unreal/Fumec_DevGames/Content/Player/Blueprints/HUD/SelecaoPowerUps.uasset" SILENT=true
[2025.12.02-12.55.48:144][ 44]LogSavePackage: Moving 'E:/Unreal/Fumec_DevGames/Saved/SelecaoPowerUps73FE1409417C9514FC72CE992041F4CE.tmp' to 'E:/Unreal/Fumec_DevGames/Content/Player/Blueprints/HUD/SelecaoPowerUps.uasset'
[2025.12.02-12.55.48:168][ 44]AssetCheck: New page: Asset Save: SelecaoPowerUps
[2025.12.02-12.55.48:168][ 44]LogContentValidation: Display: Validating WidgetBlueprint /Game/Player/Blueprints/HUD/SelecaoPowerUps.SelecaoPowerUps
[2025.12.02-12.56.09:777][323]BlueprintLog: New page: Compile SelecaoPowerUps
[2025.12.02-12.56.09:847][323]LogUObjectHash: Compacting FUObjectHashTables data took   4.42ms
[2025.12.02-12.56.09:912][323]Cmd: OBJ SAVEPACKAGE PACKAGE="/Game/Player/Blueprints/HUD/SelecaoPowerUps" FILE="E:/Unreal/Fumec_DevGames/Content/Player/Blueprints/HUD/SelecaoPowerUps.uasset" SILENT=true
[2025.12.02-12.56.09:918][323]LogSavePackage: Moving 'E:/Unreal/Fumec_DevGames/Saved/SelecaoPowerUpsF14FE4604D9BBD9CE8F7F688E0ED353D.tmp' to 'E:/Unreal/Fumec_DevGames/Content/Player/Blueprints/HUD/SelecaoPowerUps.uasset'
[2025.12.02-12.56.09:938][323]AssetCheck: New page: Asset Save: SelecaoPowerUps
[2025.12.02-12.56.09:938][323]LogContentValidation: Display: Validating WidgetBlueprint /Game/Player/Blueprints/HUD/SelecaoPowerUps.SelecaoPowerUps
[2025.12.02-12.56.29:997][523]LogEditorTransaction: Undo Set Vector Property
[2025.12.02-12.56.30:768][550]Cmd: TRANSACTION UNDO
[2025.12.02-12.56.30:768][550]LogEditorTransaction: Undo Add Widget
[2025.12.02-12.56.58:835][924]LogUObjectHash: Compacting FUObjectHashTables data took   7.38ms
[2025.12.02-12.56.58:837][924]LogFileHelpers: Editor autosave (incl. external actors) for '/Game/Mapas/Fases/MapadeTeste/MapadeTeste' took 0.978
[2025.12.02-12.56.58:840][924]OBJ SavePackage: Generating thumbnails for [0] asset(s) in package [/Game/Player/Blueprints/HUD/SelecaoPowerUps] ([4] browsable assets)...
[2025.12.02-12.56.58:840][924]OBJ SavePackage: Finished generating thumbnails for package [/Game/Player/Blueprints/HUD/SelecaoPowerUps]
[2025.12.02-12.56.58:850][924]LogSavePackage: Moving 'E:/Unreal/Fumec_DevGames/Saved/SelecaoPowerUps_Auto301926F6F4AC9B30B49CAFB96C03B8466.tmp' to 'E:/Unreal/Fumec_DevGames/Saved/Autosaves/Game/Player/Blueprints/HUD/SelecaoPowerUps_Auto3.uasset'
[2025.12.02-13.00.56:917][924]LogFileHelpers: Auto-saving content packages took 238.095
[2025.12.02-13.00.57:175][925]LogAudioMixer: Resetting audio stream to device id 
[2025.12.02-13.00.58:185][925]LogAudioMixer: Display: 0: FrontLeft
[2025.12.02-13.00.58:186][925]LogAudioMixer: Display: 1: FrontRight
[2025.12.02-13.00.59:006][926]LogAudioMixer: Resetting audio stream to device id 
[2025.12.02-13.00.59:078][926]LogAudioMixer: Display: 0: FrontLeft
[2025.12.02-13.00.59:078][926]LogAudioMixer: Display: 1: FrontRight
[2025.12.02-13.00.59:223][927]LogHttp: Warning: 00000222FEF06B00: invalid HTTP response code received. URL: https://datarouter.ol.epicgames.com/datarouter/api/v1/public/data?SessionID=%7B756EF12C-402D-71B2-3B2D-33A03BEC4E44%7D&AppID=UEEditor.Rocket.Release&AppVersion=4.27.2-18319896%2B%2B%2BUE4%2BRelease-4.27&UserID=6b32b507452abda10a7c05ae1bad203d%7C38f7320a2cd3485499351c2be7beab48%7C53da50d7-cec7-4077-bfe3-1423eb7dc99f&AppEnvironment=datacollector-binary&UploadType=eteventstream, HTTP code: 0, content length: 0, actual payload size: 0
[2025.12.02-13.00.59:224][927]LogHttp: Warning: 00000222FEF06B00: request failed, libcurl error: 6 (Couldn't resolve host name)
[2025.12.02-13.00.59:224][927]LogHttp: Warning: 00000222FEF06B00: libcurl info message cache 0 (Found bundle for host datarouter.ol.epicgames.com: 0x22225ac4d90 [can pipeline])
[2025.12.02-13.00.59:224][927]LogHttp: Warning: 00000222FEF06B00: libcurl info message cache 1 (Hostname in DNS cache was stale, zapped)
[2025.12.02-13.00.59:224][927]LogHttp: Warning: 00000222FEF06B00: libcurl info message cache 2 (Could not resolve host: datarouter.ol.epicgames.com)
[2025.12.02-13.00.59:224][927]LogHttp: Warning: 00000222FEF06B00: libcurl info message cache 3 (Closing connection 4)
[2025.12.02-13.00.59:378][928]LogHttp: Warning: Retry exhausted on https://datarouter.ol.epicgames.com/datarouter/api/v1/public/data?SessionID=%7B756EF12C-402D-71B2-3B2D-33A03BEC4E44%7D&AppID=UEEditor.Rocket.Release&AppVersion=4.27.2-18319896%2B%2B%2BUE4%2BRelease-4.27&UserID=6b32b507452abda10a7c05ae1bad203d%7C38f7320a2cd3485499351c2be7beab48%7C53da50d7-cec7-4077-bfe3-1423eb7dc99f&AppEnvironment=datacollector-binary&UploadType=eteventstream
[2025.12.02-13.01.31:750][562]LogHttp: Warning: 0000022383950800: invalid HTTP response code received. URL: https://datarouter.ol.epicgames.com/datarouter/api/v1/public/data?SessionID=%7B756EF12C-402D-71B2-3B2D-33A03BEC4E44%7D&AppID=UEEditor.Rocket.Release&AppVersion=4.27.2-18319896%2B%2B%2BUE4%2BRelease-4.27&UserID=6b32b507452abda10a7c05ae1bad203d%7C38f7320a2cd3485499351c2be7beab48%7C53da50d7-cec7-4077-bfe3-1423eb7dc99f&AppEnvironment=datacollector-binary&UploadType=eteventstream, HTTP code: 0, content length: 0, actual payload size: 0
[2025.12.02-13.01.31:750][562]LogHttp: Warning: 0000022383950800: request failed, libcurl error: 56 (Failure when receiving data from the peer)
[2025.12.02-13.01.31:750][562]LogHttp: Warning: 0000022383950800: libcurl info message cache 0 (Found bundle for host datarouter.ol.epicgames.com: 0x22225ac4d90 [can pipeline])
[2025.12.02-13.01.31:750][562]LogHttp: Warning: 0000022383950800: libcurl info message cache 1 (Re-using existing connection! (#3) with host datarouter.ol.epicgames.com)
[2025.12.02-13.01.31:750][562]LogHttp: Warning: 0000022383950800: libcurl info message cache 2 (Connected to datarouter.ol.epicgames.com (52.71.3.40) port 443 (#3))
[2025.12.02-13.01.31:750][562]LogHttp: Warning: 0000022383950800: libcurl info message cache 3 (TLSv1.3 (OUT), TLS Unknown, Unknown (23):)
[2025.12.02-13.01.31:750][562]LogHttp: Warning: 0000022383950800: libcurl info message cache 4 (TLSv1.3 (OUT), TLS Unknown, Unknown (23):)
[2025.12.02-13.01.31:750][562]LogHttp: Warning: 0000022383950800: libcurl info message cache 5 (We are completely uploaded and fine)
[2025.12.02-13.01.31:750][562]LogHttp: Warning: 0000022383950800: libcurl info message cache 6 (OpenSSL SSL_read: SSL_ERROR_SYSCALL, errno 10054)
[2025.12.02-13.01.31:750][562]LogHttp: Warning: 0000022383950800: libcurl info message cache 7 (Connection died, retrying a fresh connect)
[2025.12.02-13.01.31:750][562]LogHttp: Warning: 0000022383950800: libcurl info message cache 8 (necessary data rewind wasn't possible)
[2025.12.02-13.01.31:750][562]LogHttp: Warning: 0000022383950800: libcurl info message cache 9 (Closing connection 3)
[2025.12.02-13.01.31:750][562]LogHttp: Warning: 0000022383950800: libcurl info message cache 10 (TLSv1.3 (OUT), TLS Unknown, Unknown (21):)
[2025.12.02-13.01.31:750][562]LogHttp: Warning: Retry exhausted on https://datarouter.ol.epicgames.com/datarouter/api/v1/public/data?SessionID=%7B756EF12C-402D-71B2-3B2D-33A03BEC4E44%7D&AppID=UEEditor.Rocket.Release&AppVersion=4.27.2-18319896%2B%2B%2BUE4%2BRelease-4.27&UserID=6b32b507452abda10a7c05ae1bad203d%7C38f7320a2cd3485499351c2be7beab48%7C53da50d7-cec7-4077-bfe3-1423eb7dc99f&AppEnvironment=datacollector-binary&UploadType=eteventstream
[2025.12.02-13.01.44:997][123]LogEditorTransaction: Undo Set Vector Property
[2025.12.02-13.01.48:940][542]LogEditorTransaction: Undo Set Vector Property
[2025.12.02-13.01.56:616][399]LogEditorTransaction: Undo Set Vector Property
[2025.12.02-13.01.58:278][549]LogEditorTransaction: Undo Set Vector Property
[2025.12.02-13.02.00:996][867]LogHttp: Warning: 000002236D408F00: invalid HTTP response code received. URL: https://datarouter.ol.epicgames.com/datarouter/api/v1/public/data?SessionID=%7B756EF12C-402D-71B2-3B2D-33A03BEC4E44%7D&AppID=UEEditor.Rocket.Release&AppVersion=4.27.2-18319896%2B%2B%2BUE4%2BRelease-4.27&UserID=6b32b507452abda10a7c05ae1bad203d%7C38f7320a2cd3485499351c2be7beab48%7C53da50d7-cec7-4077-bfe3-1423eb7dc99f&AppEnvironment=datacollector-binary&UploadType=eteventstream, HTTP code: 0, content length: 0, actual payload size: 0
[2025.12.02-13.02.00:996][867]LogHttp: Warning: 000002236D408F00: request failed, libcurl error: 6 (Couldn't resolve host name)
[2025.12.02-13.02.00:996][867]LogHttp: Warning: 000002236D408F00: libcurl info message cache 0 (Could not resolve host: datarouter.ol.epicgames.com)
[2025.12.02-13.02.00:996][867]LogHttp: Warning: 000002236D408F00: libcurl info message cache 1 (Closing connection 5)
[2025.12.02-13.02.01:003][868]LogHttp: Warning: Retry exhausted on https://datarouter.ol.epicgames.com/datarouter/api/v1/public/data?SessionID=%7B756EF12C-402D-71B2-3B2D-33A03BEC4E44%7D&AppID=UEEditor.Rocket.Release&AppVersion=4.27.2-18319896%2B%2B%2BUE4%2BRelease-4.27&UserID=6b32b507452abda10a7c05ae1bad203d%7C38f7320a2cd3485499351c2be7beab48%7C53da50d7-cec7-4077-bfe3-1423eb7dc99f&AppEnvironment=datacollector-binary&UploadType=eteventstream
[2025.12.02-13.02.01:426][918]LogEditorTransaction: Undo Edit Angle
[2025.12.02-13.02.22:203][221]LogEditorTransaction: Undo Edit Left
[2025.12.02-13.02.28:487][911]LogEditorTransaction: Undo Edit Right
[2025.12.02-13.02.30:260][ 71]LogEditorTransaction: Undo Edit Bottom
[2025.12.02-13.03.00:997][721]LogHttp: Warning: 000002236D376B00: invalid HTTP response code received. URL: https://datarouter.ol.epicgames.com/datarouter/api/v1/public/data?SessionID=%7B756EF12C-402D-71B2-3B2D-33A03BEC4E44%7D&AppID=UEEditor.Rocket.Release&AppVersion=4.27.2-18319896%2B%2B%2BUE4%2BRelease-4.27&UserID=6b32b507452abda10a7c05ae1bad203d%7C38f7320a2cd3485499351c2be7beab48%7C53da50d7-cec7-4077-bfe3-1423eb7dc99f&AppEnvironment=datacollector-binary&UploadType=eteventstream, HTTP code: 0, content length: 0, actual payload size: 0
[2025.12.02-13.03.00:997][721]LogHttp: Warning: 000002236D376B00: request failed, libcurl error: 6 (Couldn't resolve host name)
[2025.12.02-13.03.00:997][721]LogHttp: Warning: 000002236D376B00: libcurl info message cache 0 (Could not resolve host: datarouter.ol.epicgames.com)
[2025.12.02-13.03.00:997][721]LogHttp: Warning: 000002236D376B00: libcurl info message cache 1 (Closing connection 6)
[2025.12.02-13.03.01:005][722]LogHttp: Warning: Retry exhausted on https://datarouter.ol.epicgames.com/datarouter/api/v1/public/data?SessionID=%7B756EF12C-402D-71B2-3B2D-33A03BEC4E44%7D&AppID=UEEditor.Rocket.Release&AppVersion=4.27.2-18319896%2B%2B%2BUE4%2BRelease-4.27&UserID=6b32b507452abda10a7c05ae1bad203d%7C38f7320a2cd3485499351c2be7beab48%7C53da50d7-cec7-4077-bfe3-1423eb7dc99f&AppEnvironment=datacollector-binary&UploadType=eteventstream
[2025.12.02-13.04.01:010][914]LogHttp: Warning: 000002236D376B00: invalid HTTP response code received. URL: https://datarouter.ol.epicgames.com/datarouter/api/v1/public/data?SessionID=%7B756EF12C-402D-71B2-3B2D-33A03BEC4E44%7D&AppID=UEEditor.Rocket.Release&AppVersion=4.27.2-18319896%2B%2B%2BUE4%2BRelease-4.27&UserID=6b32b507452abda10a7c05ae1bad203d%7C38f7320a2cd3485499351c2be7beab48%7C53da50d7-cec7-4077-bfe3-1423eb7dc99f&AppEnvironment=datacollector-binary&UploadType=eteventstream, HTTP code: 0, content length: 0, actual payload size: 0
[2025.12.02-13.04.01:010][914]LogHttp: Warning: 000002236D376B00: request failed, libcurl error: 6 (Couldn't resolve host name)
[2025.12.02-13.04.01:010][914]LogHttp: Warning: 000002236D376B00: libcurl info message cache 0 (Could not resolve host: datarouter.ol.epicgames.com)
[2025.12.02-13.04.01:010][914]LogHttp: Warning: 000002236D376B00: libcurl info message cache 1 (Closing connection 7)
[2025.12.02-13.04.01:010][914]LogHttp: Warning: Retry exhausted on https://datarouter.ol.epicgames.com/datarouter/api/v1/public/data?SessionID=%7B756EF12C-402D-71B2-3B2D-33A03BEC4E44%7D&AppID=UEEditor.Rocket.Release&AppVersion=4.27.2-18319896%2B%2B%2BUE4%2BRelease-4.27&UserID=6b32b507452abda10a7c05ae1bad203d%7C38f7320a2cd3485499351c2be7beab48%7C53da50d7-cec7-4077-bfe3-1423eb7dc99f&AppEnvironment=datacollector-binary&UploadType=eteventstream
[2025.12.02-13.10.58:324][892]LogUObjectHash: Compacting FUObjectHashTables data took   5.19ms
[2025.12.02-13.10.58:329][892]LogFileHelpers: Editor autosave (incl. external actors) for '/Game/Mapas/Fases/MapadeTeste/MapadeTeste' took 0.052
[2025.12.02-13.10.58:330][892]OBJ SavePackage: Generating thumbnails for [0] asset(s) in package [/Game/Player/Blueprints/HUD/SelecaoPowerUps] ([4] browsable assets)...
[2025.12.02-13.10.58:330][892]OBJ SavePackage: Finished generating thumbnails for package [/Game/Player/Blueprints/HUD/SelecaoPowerUps]
[2025.12.02-13.10.58:356][892]LogSavePackage: Moving 'E:/Unreal/Fumec_DevGames/Saved/SelecaoPowerUps_Auto456877806423B95BB3950198A9D5F3473.tmp' to 'E:/Unreal/Fumec_DevGames/Saved/Autosaves/Game/Player/Blueprints/HUD/SelecaoPowerUps_Auto4.uasset'
[2025.12.02-13.10.58:358][892]LogFileHelpers: Auto-saving content packages took 0.028
[2025.12.02-13.21.12:501][962]Cmd: OBJ SAVEPACKAGE PACKAGE="/Game/Player/Blueprints/HUD/SelecaoPowerUps" FILE="E:/Unreal/Fumec_DevGames/Content/Player/Blueprints/HUD/SelecaoPowerUps.uasset" SILENT=true
[2025.12.02-13.21.12:825][962]LogSavePackage: Moving 'E:/Unreal/Fumec_DevGames/Saved/SelecaoPowerUpsA4E4A12144F8494E6F1C368B607A0DDA.tmp' to 'E:/Unreal/Fumec_DevGames/Content/Player/Blueprints/HUD/SelecaoPowerUps.uasset'
[2025.12.02-13.21.12:849][962]AssetCheck: New page: Asset Save: SelecaoPowerUps
[2025.12.02-13.21.12:849][962]LogContentValidation: Display: Validating WidgetBlueprint /Game/Player/Blueprints/HUD/SelecaoPowerUps.SelecaoPowerUps
[2025.12.02-13.21.19:471][746]Cmd: OBJ SAVEPACKAGE PACKAGE="/Game/Player/Blueprints/HUD/SelecaoPowerUps" FILE="E:/Unreal/Fumec_DevGames/Content/Player/Blueprints/HUD/SelecaoPowerUps.uasset" SILENT=true
[2025.12.02-13.21.19:478][746]LogSavePackage: Moving 'E:/Unreal/Fumec_DevGames/Saved/SelecaoPowerUpsFCE48CE24DDDE78D0B179EB94C47047E.tmp' to 'E:/Unreal/Fumec_DevGames/Content/Player/Blueprints/HUD/SelecaoPowerUps.uasset'
[2025.12.02-13.21.19:496][746]AssetCheck: New page: Asset Save: SelecaoPowerUps
[2025.12.02-13.21.19:496][746]LogContentValidation: Display: Validating WidgetBlueprint /Game/Player/Blueprints/HUD/SelecaoPowerUps.SelecaoPowerUps
[2025.12.02-13.21.21:487][967]Cmd: OBJ SAVEPACKAGE PACKAGE="/Game/Player/Blueprints/HUD/SelecaoPowerUps" FILE="E:/Unreal/Fumec_DevGames/Content/Player/Blueprints/HUD/SelecaoPowerUps.uasset" SILENT=true
[2025.12.02-13.21.21:492][967]LogSavePackage: Moving 'E:/Unreal/Fumec_DevGames/Saved/SelecaoPowerUps3CF6A3E54F80AB789F1E7BAF66443F20.tmp' to 'E:/Unreal/Fumec_DevGames/Content/Player/Blueprints/HUD/SelecaoPowerUps.uasset'
[2025.12.02-13.21.21:514][967]AssetCheck: New page: Asset Save: SelecaoPowerUps
[2025.12.02-13.21.21:514][967]LogContentValidation: Display: Validating WidgetBlueprint /Game/Player/Blueprints/HUD/SelecaoPowerUps.SelecaoPowerUps
[2025.12.02-13.21.28:156][562]LogContentBrowser: Deferred new asset folder creation: NewFolder
[2025.12.02-13.21.28:188][562]LogContentBrowser: Creating deferred item: NewFolder
[2025.12.02-13.21.33:918][212]LogContentBrowser: Attempting asset rename: NewFolder -> MapaPowerUp
[2025.12.02-13.21.33:918][212]LogContentBrowser: End creating deferred item NewFolder
[2025.12.02-13.23.22:559][843]LogContentBrowser: Deferred new asset file creation: NewWorld
[2025.12.02-13.23.22:574][843]LogContentBrowser: Creating deferred item: NewWorld
[2025.12.02-13.23.31:272][867]LogContentBrowser: Attempting asset rename: NewWorld -> MapaPowerUp
[2025.12.02-13.23.31:282][867]LogContentBrowser: End creating deferred item NewWorld
[2025.12.02-13.23.32:385][993]Cmd: OBJ SAVEPACKAGE PACKAGE="/Game/Mapas/Fases/MapaPowerUp/MapaPowerUp" FILE="E:/Unreal/Fumec_DevGames/Content/Mapas/Fases/MapaPowerUp/MapaPowerUp.umap" SILENT=true AUTOSAVING=false KEEPDIRTY=false
[2025.12.02-13.23.32:436][993]LogUObjectHash: Compacting FUObjectHashTables data took   5.03ms
[2025.12.02-13.23.32:530][993]LogSavePackage: Moving 'E:/Unreal/Fumec_DevGames/Saved/MapaPowerUp6822150047C1AA859D89768289909013.tmp' to 'E:/Unreal/Fumec_DevGames/Content/Mapas/Fases/MapaPowerUp/MapaPowerUp.umap'
[2025.12.02-13.23.32:531][993]LogFileHelpers: Saving map 'MapaPowerUp' took 0.146
[2025.12.02-13.23.32:553][993]AssetCheck: New page: Asset Save: MapaPowerUp
[2025.12.02-13.23.32:553][993]LogContentValidation: Display: Validating World /Game/Mapas/Fases/MapaPowerUp/MapaPowerUp.MapaPowerUp
[2025.12.02-13.23.32:817][ 16]LogUObjectHash: Compacting FUObjectHashTables data took   0.74ms
[2025.12.02-13.23.32:834][ 16]LogAssetEditorSubsystem: Opening Asset editor for World /Game/Mapas/Fases/MapaPowerUp/MapaPowerUp.MapaPowerUp
[2025.12.02-13.23.32:835][ 16]Cmd: MAP LOAD FILE="E:/Unreal/Fumec_DevGames/Content/Mapas/Fases/MapaPowerUp/MapaPowerUp.umap" TEMPLATE=0 SHOWPROGRESS=1 FEATURELEVEL=3
[2025.12.02-13.23.32:835][ 16]LightingResults: New page: Lighting Build
[2025.12.02-13.23.32:836][ 16]LoadErrors: New page: Loading map: MapaPowerUp.umap
[2025.12.02-13.23.32:883][ 16]LogWorld: UWorld::CleanupWorld for MapadeTeste, bSessionEnded=true, bCleanupResources=true
[2025.12.02-13.23.32:883][ 16]LogSlate: InvalidateAllWidgets triggered.  All widgets were invalidated
[2025.12.02-13.23.32:883][ 16]MapCheck: New page: Map Check
[2025.12.02-13.23.32:883][ 16]LightingResults: New page: Lighting Build
[2025.12.02-13.23.32:922][ 16]LogAudio: Display: Audio Device unregistered from world 'None'.
[2025.12.02-13.23.32:937][ 16]LogUObjectHash: Compacting FUObjectHashTables data took   3.43ms
[2025.12.02-13.23.32:938][ 16]LogAudio: Display: Audio Device (ID: 1) registered with world 'MapaPowerUp'.
[2025.12.02-13.23.32:968][ 16]LogEditorServer: Finished looking for orphan Actors (0.000 secs)
[2025.12.02-13.23.32:968][ 16]LogAIModule: Creating AISystem for world MapaPowerUp
[2025.12.02-13.23.33:011][ 16]LogUObjectHash: Compacting FUObjectHashTables data took   2.83ms
[2025.12.02-13.23.33:031][ 16]Cmd: MAP CHECKDEP NOCLEARLOG
[2025.12.02-13.23.33:031][ 16]MapCheck: Map check complete: 0 Error(s), 0 Warning(s), took 0.091ms to complete.
[2025.12.02-13.23.33:031][ 16]LogFileHelpers: Loading map 'MapaPowerUp' took 0.196
[2025.12.02-13.23.45:975][508]LogUObjectHash: Compacting FUObjectHashTables data took   0.77ms
[2025.12.02-13.23.46:195][508]LogAssetEditorSubsystem: Opening Asset editor for World /Game/Mapas/Menu/MainMenu.MainMenu
[2025.12.02-13.23.46:196][508]Cmd: MAP LOAD FILE="E:/Unreal/Fumec_DevGames/Content/Mapas/Menu/MainMenu.umap" TEMPLATE=0 SHOWPROGRESS=1 FEATURELEVEL=3
[2025.12.02-13.23.46:196][508]LightingResults: New page: Lighting Build
[2025.12.02-13.23.46:196][508]LoadErrors: New page: Loading map: MainMenu.umap
[2025.12.02-13.23.46:221][508]LogWorld: UWorld::CleanupWorld for MapaPowerUp, bSessionEnded=true, bCleanupResources=true
[2025.12.02-13.23.46:222][508]LogSlate: InvalidateAllWidgets triggered.  All widgets were invalidated
[2025.12.02-13.23.46:222][508]MapCheck: New page: Map Check
[2025.12.02-13.23.46:222][508]LightingResults: New page: Lighting Build
[2025.12.02-13.23.46:260][508]LogAudio: Display: Audio Device unregistered from world 'None'.
[2025.12.02-13.23.46:264][508]LogUObjectHash: Compacting FUObjectHashTables data took   3.71ms
[2025.12.02-13.23.46:265][508]LogAudio: Display: Audio Device (ID: 1) registered with world 'MainMenu'.
[2025.12.02-13.23.46:302][508]LogEditorServer: Finished looking for orphan Actors (0.000 secs)
[2025.12.02-13.23.46:302][508]LogAIModule: Creating AISystem for world MainMenu
[2025.12.02-13.23.46:348][508]LogUObjectHash: Compacting FUObjectHashTables data took   3.21ms
[2025.12.02-13.23.46:366][508]Cmd: MAP CHECKDEP NOCLEARLOG
[2025.12.02-13.23.46:366][508]MapCheck: Map check complete: 0 Error(s), 0 Warning(s), took 0.087ms to complete.
[2025.12.02-13.23.46:366][508]LogFileHelpers: Loading map 'MainMenu' took 0.171
[2025.12.02-13.23.50:573][932]LogAssetEditorSubsystem: Opening Asset editor for LevelScriptBlueprint /Game/Mapas/Menu/MainMenu.MainMenu:PersistentLevel.MainMenu
[2025.12.02-13.24.15:317][772]LogUObjectHash: Compacting FUObjectHashTables data took   2.86ms
[2025.12.02-13.24.15:351][772]LogAssetEditorSubsystem: Opening Asset editor for World /Game/Mapas/Menu/MainMenu.MainMenu
[2025.12.02-13.24.15:352][772]Cmd: MAP LOAD FILE="E:/Unreal/Fumec_DevGames/Content/Mapas/Menu/MainMenu.umap" TEMPLATE=0 SHOWPROGRESS=1 FEATURELEVEL=3
[2025.12.02-13.24.15:352][772]LightingResults: New page: Lighting Build
[2025.12.02-13.24.15:352][772]LoadErrors: New page: Loading map: MainMenu.umap
[2025.12.02-13.24.15:362][772]LogWorld: UWorld::CleanupWorld for World_36, bSessionEnded=true, bCleanupResources=true
[2025.12.02-13.24.15:362][772]LogSlate: InvalidateAllWidgets triggered.  All widgets were invalidated
[2025.12.02-13.24.15:409][772]LogWorld: UWorld::CleanupWorld for MainMenu, bSessionEnded=true, bCleanupResources=true
[2025.12.02-13.24.15:409][772]LogSlate: InvalidateAllWidgets triggered.  All widgets were invalidated
[2025.12.02-13.24.15:409][772]MapCheck: New page: Map Check
[2025.12.02-13.24.15:409][772]LightingResults: New page: Lighting Build
[2025.12.02-13.24.15:445][772]LogAudio: Display: Audio Device unregistered from world 'None'.
[2025.12.02-13.24.15:452][772]LogUObjectHash: Compacting FUObjectHashTables data took   3.55ms
[2025.12.02-13.24.15:460][772]LogAudio: Display: Audio Device (ID: 1) registered with world 'MainMenu'.
[2025.12.02-13.24.15:460][772]LogAIModule: Creating AISystem for world MainMenu
[2025.12.02-13.24.15:487][772]LogEditorServer: Finished looking for orphan Actors (0.000 secs)
[2025.12.02-13.24.15:531][772]LogUObjectHash: Compacting FUObjectHashTables data took   3.55ms
[2025.12.02-13.24.15:549][772]Cmd: MAP CHECKDEP NOCLEARLOG
[2025.12.02-13.24.15:550][772]MapCheck: Map check complete: 0 Error(s), 0 Warning(s), took 0.102ms to complete.
[2025.12.02-13.24.15:550][772]LogFileHelpers: Loading map 'MainMenu' took 0.198
[2025.12.02-13.24.26:405][ 22]Cmd: OBJ SAVEPACKAGE PACKAGE="/Game/Mapas/MapaPowerUp/MapaPowerUp" FILE="E:/Unreal/Fumec_DevGames/Content/Mapas/MapaPowerUp/MapaPowerUp.umap" SILENT=true AUTOSAVING=false KEEPDIRTY=false
[2025.12.02-13.24.26:445][ 22]LogUObjectHash: Compacting FUObjectHashTables data took   2.53ms
[2025.12.02-13.24.26:450][ 22]LogSavePackage: Moving 'E:/Unreal/Fumec_DevGames/Saved/MapaPowerUp586583D94561F77F818384B3F2E8BA5B.tmp' to 'E:/Unreal/Fumec_DevGames/Content/Mapas/MapaPowerUp/MapaPowerUp.umap'
[2025.12.02-13.24.26:451][ 22]LogFileHelpers: Saving map 'MapaPowerUp' took 0.046
[2025.12.02-13.24.26:572][ 22]LogUObjectHash: Compacting FUObjectHashTables data took   0.77ms
[2025.12.02-13.24.26:616][ 22]LogUObjectHash: Compacting FUObjectHashTables data took   2.37ms
[2025.12.02-13.24.26:652][ 22]LogUObjectHash: Compacting FUObjectHashTables data took   0.76ms
[2025.12.02-13.24.26:721][ 22]AssetCheck: New page: Asset Save: MapaPowerUp
[2025.12.02-13.24.26:721][ 22]LogContentValidation: Display: Validating World /Game/Mapas/MapaPowerUp/MapaPowerUp.MapaPowerUp
[2025.12.02-13.24.32:427][642]LogUObjectHash: Compacting FUObjectHashTables data took   6.13ms
[2025.12.02-13.24.32:457][642]LogAssetEditorSubsystem: Opening Asset editor for World /Game/Mapas/MapaPowerUp/MapaPowerUp.MapaPowerUp
[2025.12.02-13.24.32:457][642]Cmd: MAP LOAD FILE="E:/Unreal/Fumec_DevGames/Content/Mapas/MapaPowerUp/MapaPowerUp.umap" TEMPLATE=0 SHOWPROGRESS=1 FEATURELEVEL=3
[2025.12.02-13.24.32:458][642]LightingResults: New page: Lighting Build
[2025.12.02-13.24.32:458][642]LoadErrors: New page: Loading map: MapaPowerUp.umap
[2025.12.02-13.24.32:459][642]LogWorld: UWorld::CleanupWorld for MainMenu, bSessionEnded=true, bCleanupResources=true
[2025.12.02-13.24.32:459][642]LogSlate: InvalidateAllWidgets triggered.  All widgets were invalidated
[2025.12.02-13.24.32:460][642]MapCheck: New page: Map Check
[2025.12.02-13.24.32:460][642]LightingResults: New page: Lighting Build
[2025.12.02-13.24.32:500][642]LogAudio: Display: Audio Device unregistered from world 'None'.
[2025.12.02-13.24.32:510][642]LogUObjectHash: Compacting FUObjectHashTables data took   4.33ms
[2025.12.02-13.24.32:510][642]LogAudio: Display: Audio Device (ID: 1) registered with world 'MapaPowerUp'.
[2025.12.02-13.24.32:538][642]LogEditorServer: Finished looking for orphan Actors (0.000 secs)
[2025.12.02-13.24.32:538][642]LogAIModule: Creating AISystem for world MapaPowerUp
[2025.12.02-13.24.32:583][642]LogUObjectHash: Compacting FUObjectHashTables data took   3.87ms
[2025.12.02-13.24.32:602][642]Cmd: MAP CHECKDEP NOCLEARLOG
[2025.12.02-13.24.32:603][642]MapCheck: Map check complete: 0 Error(s), 0 Warning(s), took 0.091ms to complete.
[2025.12.02-13.24.32:603][642]LogFileHelpers: Loading map 'MapaPowerUp' took 0.146
[2025.12.02-13.24.33:671][760]LogUObjectHash: Compacting FUObjectHashTables data took   0.86ms
[2025.12.02-13.24.33:692][760]LogAssetEditorSubsystem: Opening Asset editor for World /Game/Mapas/MapaPowerUp/MapaPowerUp.MapaPowerUp
[2025.12.02-13.24.33:692][760]Cmd: MAP LOAD FILE="E:/Unreal/Fumec_DevGames/Content/Mapas/MapaPowerUp/MapaPowerUp.umap" TEMPLATE=0 SHOWPROGRESS=1 FEATURELEVEL=3
[2025.12.02-13.24.33:692][760]LightingResults: New page: Lighting Build
[2025.12.02-13.24.33:692][760]LoadErrors: New page: Loading map: MapaPowerUp.umap
[2025.12.02-13.24.33:693][760]LogWorld: UWorld::CleanupWorld for MapaPowerUp, bSessionEnded=true, bCleanupResources=true
[2025.12.02-13.24.33:693][760]LogSlate: InvalidateAllWidgets triggered.  All widgets were invalidated
[2025.12.02-13.24.33:693][760]MapCheck: New page: Map Check
[2025.12.02-13.24.33:693][760]LightingResults: New page: Lighting Build
[2025.12.02-13.24.33:733][760]LogAudio: Display: Audio Device unregistered from world 'None'.
[2025.12.02-13.24.33:738][760]LogUObjectHash: Compacting FUObjectHashTables data took   3.45ms
[2025.12.02-13.24.33:740][760]LogAudio: Display: Audio Device (ID: 1) registered with world 'MapaPowerUp'.
[2025.12.02-13.24.33:741][760]LogAIModule: Creating AISystem for world MapaPowerUp
[2025.12.02-13.24.33:767][760]LogEditorServer: Finished looking for orphan Actors (0.000 secs)
[2025.12.02-13.24.33:813][760]LogUObjectHash: Compacting FUObjectHashTables data took   3.31ms
[2025.12.02-13.24.33:833][760]Cmd: MAP CHECKDEP NOCLEARLOG
[2025.12.02-13.24.33:833][760]MapCheck: Map check complete: 0 Error(s), 0 Warning(s), took 0.111ms to complete.
[2025.12.02-13.24.33:833][760]LogFileHelpers: Loading map 'MapaPowerUp' took 0.142
[2025.12.02-13.24.38:990][308]LogAssetEditorSubsystem: Opening Asset editor for LevelScriptBlueprint /Game/Mapas/MapaPowerUp/MapaPowerUp.MapaPowerUp:PersistentLevel.MapaPowerUp
[2025.12.02-13.24.50:822][623]LogSlate: Prevented a slow task dialog from being summoned while a context menu was open
[2025.12.02-13.24.50:848][623]LogEditorClassViewer: Warning: Class /Engine/Tutorial/InWorldBlueprintEditing/TutorialAssets/IWBE_Blutility.IWBE_Blutility_C has parent /Script/Blutility.PlacedEditorUtilityBase, but this parent is not found. The Class will not be shown in ClassViewer.
[2025.12.02-13.25.20:142][579]BlueprintLog: New page: Compile MapaPowerUp
[2025.12.02-13.25.20:199][579]LogUObjectHash: Compacting FUObjectHashTables data took   4.52ms
[2025.12.02-13.25.20:226][579]Cmd: OBJ SAVEPACKAGE PACKAGE="/Game/Mapas/MapaPowerUp/MapaPowerUp" FILE="E:/Unreal/Fumec_DevGames/Content/Mapas/MapaPowerUp/MapaPowerUp.umap" SILENT=true AUTOSAVING=false KEEPDIRTY=false
[2025.12.02-13.25.20:274][579]LogUObjectHash: Compacting FUObjectHashTables data took   0.92ms
[2025.12.02-13.25.20:281][579]LogSavePackage: Moving 'E:/Unreal/Fumec_DevGames/Saved/MapaPowerUp22D2733948BD163D45D94885FAEB715D.tmp' to 'E:/Unreal/Fumec_DevGames/Content/Mapas/MapaPowerUp/MapaPowerUp.umap'
[2025.12.02-13.25.20:303][579]LogFileHelpers: Saving map 'MapaPowerUp' took 0.077
[2025.12.02-13.25.20:325][579]AssetCheck: New page: Asset Save: MapaPowerUp
[2025.12.02-13.25.20:325][579]LogContentValidation: Display: Validating World /Game/Mapas/MapaPowerUp/MapaPowerUp.MapaPowerUp
[2025.12.02-13.25.20:959][649]LogTemp: Repeating last play command: Selected Viewport
[2025.12.02-13.25.20:967][649]BlueprintLog: New page: Pre-Play auto-recompile
[2025.12.02-13.25.20:970][649]LogPlayLevel: [PlayLevel] Compiling SelecaoPowerUps before play...
[2025.12.02-13.25.21:075][649]LogUObjectHash: Compacting FUObjectHashTables data took   4.65ms
[2025.12.02-13.25.21:075][649]LogPlayLevel: PlayLevel: Blueprint regeneration took 108 ms (1 blueprints)
[2025.12.02-13.25.21:075][649]PIE: New page: PIE session: MapaPowerUp (Dec 2, 2025, 7:25:21 AM)
[2025.12.02-13.25.21:076][649]LogPlayLevel: Creating play world package: /Game/Mapas/MapaPowerUp/UEDPIE_0_MapaPowerUp
[2025.12.02-13.25.21:077][649]LogPlayLevel: PIE: StaticDuplicateObject took: (0.001270s)
[2025.12.02-13.25.21:078][649]LogAIModule: Creating AISystem for world MapaPowerUp
[2025.12.02-13.25.21:078][649]LogPlayLevel: PIE: World Init took: (0.001146s)
[2025.12.02-13.25.21:078][649]LogPlayLevel: PIE: Created PIE world by copying editor world from /Game/Mapas/MapaPowerUp/MapaPowerUp.MapaPowerUp to /Game/Mapas/MapaPowerUp/UEDPIE_0_MapaPowerUp.MapaPowerUp (0.002533s)
[2025.12.02-13.25.21:127][649]LogUObjectHash: Compacting FUObjectHashTables data took   4.04ms
[2025.12.02-13.25.21:127][649]LogAudio: Display: Creating Audio Device:                 Id: 39, Scope: Unique, Realtime: True
[2025.12.02-13.25.21:127][649]LogAudioMixer: Display: Audio Mixer Platform Settings:
[2025.12.02-13.25.21:127][649]LogAudioMixer: Display: 	Sample Rate:						  48000
[2025.12.02-13.25.21:127][649]LogAudioMixer: Display: 	Callback Buffer Frame Size Requested: 1024
[2025.12.02-13.25.21:127][649]LogAudioMixer: Display: 	Callback Buffer Frame Size To Use:	  1024
[2025.12.02-13.25.21:127][649]LogAudioMixer: Display: 	Number of buffers to queue:			  2
[2025.12.02-13.25.21:127][649]LogAudioMixer: Display: 	Max Channels (voices):				  32
[2025.12.02-13.25.21:127][649]LogAudioMixer: Display: 	Number of Async Source Workers:		  0
[2025.12.02-13.25.21:127][649]LogAudio: Display: AudioDevice MaxSources: 32
[2025.12.02-13.25.21:128][649]LogAudio: Display: Audio Spatialization Plugin: None (built-in).
[2025.12.02-13.25.21:128][649]LogAudio: Display: Audio Reverb Plugin: None (built-in).
[2025.12.02-13.25.21:128][649]LogAudio: Display: Audio Occlusion Plugin: None (built-in).
[2025.12.02-13.25.21:128][649]LogAudioMixer: Display: Initializing audio mixer.
[2025.12.02-13.25.21:137][649]LogAudioMixer: Display: 0: FrontLeft
[2025.12.02-13.25.21:137][649]LogAudioMixer: Display: 1: FrontRight
[2025.12.02-13.25.21:147][649]LogAudioMixer: Display: Using Audio Device Alto-falantes (Realtek(R) Audio)
[2025.12.02-13.25.21:148][649]LogAudioMixer: Display: Initializing Sound Submixes...
[2025.12.02-13.25.21:148][649]LogAudioMixer: Display: Creating Master Submix 'MasterSubmixDefault'
[2025.12.02-13.25.21:148][649]LogAudioMixer: Display: Creating Master Submix 'MasterReverbSubmixDefault'
[2025.12.02-13.25.21:148][649]LogAudioMixer: Display: Creating Master Submix 'MasterEQSubmixDefault'
[2025.12.02-13.25.21:148][649]LogAudioMixer: FMixerPlatformXAudio2::StartAudioStream() called
[2025.12.02-13.25.21:148][649]LogAudioMixer: Display: Output buffers initialized: Frames=1024, Channels=2, Samples=2048
[2025.12.02-13.25.21:151][649]LogAudioMixer: Display: Starting AudioMixerPlatformInterface::RunInternal()
[2025.12.02-13.25.21:151][649]LogAudioMixer: Display: FMixerPlatformXAudio2::SubmitBuffer() called for the first time
[2025.12.02-13.25.21:151][649]LogInit: FAudioDevice initialized.
[2025.12.02-13.25.21:151][649]LogAudio: Display: Audio Device (ID: 39) registered with world 'MapaPowerUp'.
[2025.12.02-13.25.21:205][649]LogSlate: Updating window title bar state: overlay mode, drag disabled, window buttons hidden, title bar hidden
[2025.12.02-13.25.21:205][649]LogLoad: Game class is 'GameModeRL_C'
[2025.12.02-13.25.21:206][649]LogWorld: Bringing World /Game/Mapas/MapaPowerUp/UEDPIE_0_MapaPowerUp.MapaPowerUp up for play (max tick rate 0) at 2025.12.02-10.25.21
[2025.12.02-13.25.21:206][649]LogWorld: Bringing up level for play took: 0.000515
[2025.12.02-13.25.21:206][649]LogOnline: OSS: Creating online subsystem instance for: :Context_62
[2025.12.02-13.25.21:209][649]LogGameMode: FindPlayerStart: PATHS NOT DEFINED or NO PLAYERSTART with positive rating
[2025.12.02-13.25.21:211][649]LogScript: Warning: Script Msg: Attempted to access index 0 from array 'CallFunc_GetAllActorsOfClass_OutActors' of length 0 in '/Game/Mapas/MapaPowerUp/MapaPowerUp.MapaPowerUp_C:ExecuteUbergraph_MapaPowerUp'!
[2025.12.02-13.25.21:212][649]PIE: Server logged in
[2025.12.02-13.25.21:213][649]PIE: Play in editor total start time 0.247 seconds.
[2025.12.02-13.25.23:612][917]LogSlate: Updating window title bar state: overlay mode, drag disabled, window buttons hidden, title bar hidden
[2025.12.02-13.25.23:612][917]LogWorld: BeginTearingDown for /Game/Mapas/MapaPowerUp/UEDPIE_0_MapaPowerUp
[2025.12.02-13.25.23:612][917]LogSlate: Window 'ColunaDoendoSamurai Preview [NetMode: Standalone]  (64-bit/Windows) ' being destroyed
[2025.12.02-13.25.23:620][917]LogWorld: UWorld::CleanupWorld for MapaPowerUp, bSessionEnded=true, bCleanupResources=true
[2025.12.02-13.25.23:621][917]LogSlate: InvalidateAllWidgets triggered.  All widgets were invalidated
[2025.12.02-13.25.23:633][917]LogPlayLevel: Display: Shutting down PIE online subsystems
[2025.12.02-13.25.23:642][917]LogSlate: InvalidateAllWidgets triggered.  All widgets were invalidated
[2025.12.02-13.25.23:688][917]LogAudioMixer: FMixerPlatformXAudio2::StopAudioStream() called
[2025.12.02-13.25.23:688][917]LogAudioMixer: FMixerPlatformXAudio2::StopAudioStream() called
[2025.12.02-13.25.23:696][917]LogUObjectHash: Compacting FUObjectHashTables data took   4.31ms
[2025.12.02-13.25.23:718][918]LogPlayLevel: Display: Destroying online subsystem :Context_62
[2025.12.02-13.25.29:358][546]LogUObjectHash: Compacting FUObjectHashTables data took   3.58ms
[2025.12.02-13.25.29:379][546]LogAssetEditorSubsystem: Opening Asset editor for World /Game/Mapas/MapaPowerUp/MapaPowerUp.MapaPowerUp
[2025.12.02-13.25.29:379][546]Cmd: MAP LOAD FILE="E:/Unreal/Fumec_DevGames/Content/Mapas/MapaPowerUp/MapaPowerUp.umap" TEMPLATE=0 SHOWPROGRESS=1 FEATURELEVEL=3
[2025.12.02-13.25.29:379][546]LightingResults: New page: Lighting Build
[2025.12.02-13.25.29:379][546]LoadErrors: New page: Loading map: MapaPowerUp.umap
[2025.12.02-13.25.29:410][546]LogWorld: UWorld::CleanupWorld for World_37, bSessionEnded=true, bCleanupResources=true
[2025.12.02-13.25.29:410][546]LogSlate: InvalidateAllWidgets triggered.  All widgets were invalidated
[2025.12.02-13.25.29:457][546]LogWorld: UWorld::CleanupWorld for MapaPowerUp, bSessionEnded=true, bCleanupResources=true
[2025.12.02-13.25.29:457][546]LogSlate: InvalidateAllWidgets triggered.  All widgets were invalidated
[2025.12.02-13.25.29:457][546]MapCheck: New page: Map Check
[2025.12.02-13.25.29:457][546]LightingResults: New page: Lighting Build
[2025.12.02-13.25.29:505][546]LogAudio: Display: Audio Device unregistered from world 'None'.
[2025.12.02-13.25.29:513][546]LogUObjectHash: Compacting FUObjectHashTables data took   4.21ms
[2025.12.02-13.25.29:523][546]LogAudio: Display: Audio Device (ID: 1) registered with world 'MapaPowerUp'.
[2025.12.02-13.25.29:525][546]LogAIModule: Creating AISystem for world MapaPowerUp
[2025.12.02-13.25.29:558][546]LogEditorServer: Finished looking for orphan Actors (0.000 secs)
[2025.12.02-13.25.29:607][546]LogUObjectHash: Compacting FUObjectHashTables data took   4.75ms
[2025.12.02-13.25.29:628][546]Cmd: MAP CHECKDEP NOCLEARLOG
[2025.12.02-13.25.29:628][546]MapCheck: Map check complete: 0 Error(s), 0 Warning(s), took 0.095ms to complete.
[2025.12.02-13.25.29:628][546]LogFileHelpers: Loading map 'MapaPowerUp' took 0.249
[2025.12.02-13.25.32:840][919]LogSlate: Prevented a slow task dialog from being summoned while a context menu was open
[2025.12.02-13.25.32:865][919]LogEditorClassViewer: Warning: Class /Engine/Tutorial/InWorldBlueprintEditing/TutorialAssets/IWBE_Blutility.IWBE_Blutility_C has parent /Script/Blutility.PlacedEditorUtilityBase, but this parent is not found. The Class will not be shown in ClassViewer.
[2025.12.02-13.25.43:630][138]LogTemp: Repeating last play command: Selected Viewport
[2025.12.02-13.25.43:637][138]LogPlayLevel: PlayLevel: No blueprints needed recompiling
[2025.12.02-13.25.43:637][138]PIE: New page: PIE session: MapaPowerUp (Dec 2, 2025, 7:25:43 AM)
[2025.12.02-13.25.43:661][138]LogPlayLevel: Creating play world package: /Game/Mapas/MapaPowerUp/UEDPIE_0_MapaPowerUp
[2025.12.02-13.25.43:662][138]LogPlayLevel: PIE: StaticDuplicateObject took: (0.001633s)
[2025.12.02-13.25.43:663][138]LogAIModule: Creating AISystem for world MapaPowerUp
[2025.12.02-13.25.43:664][138]LogPlayLevel: PIE: World Init took: (0.001328s)
[2025.12.02-13.25.43:664][138]LogPlayLevel: PIE: Created PIE world by copying editor world from /Game/Mapas/MapaPowerUp/MapaPowerUp.MapaPowerUp to /Game/Mapas/MapaPowerUp/UEDPIE_0_MapaPowerUp.MapaPowerUp (0.003158s)
[2025.12.02-13.25.43:712][138]LogUObjectHash: Compacting FUObjectHashTables data took   4.19ms
[2025.12.02-13.25.43:715][138]LogAudio: Display: Creating Audio Device:                 Id: 40, Scope: Unique, Realtime: True
[2025.12.02-13.25.43:715][138]LogAudioMixer: Display: Audio Mixer Platform Settings:
[2025.12.02-13.25.43:715][138]LogAudioMixer: Display: 	Sample Rate:						  48000
[2025.12.02-13.25.43:715][138]LogAudioMixer: Display: 	Callback Buffer Frame Size Requested: 1024
[2025.12.02-13.25.43:715][138]LogAudioMixer: Display: 	Callback Buffer Frame Size To Use:	  1024
[2025.12.02-13.25.43:715][138]LogAudioMixer: Display: 	Number of buffers to queue:			  2
[2025.12.02-13.25.43:715][138]LogAudioMixer: Display: 	Max Channels (voices):				  32
[2025.12.02-13.25.43:715][138]LogAudioMixer: Display: 	Number of Async Source Workers:		  0
[2025.12.02-13.25.43:715][138]LogAudio: Display: AudioDevice MaxSources: 32
[2025.12.02-13.25.43:716][138]LogAudio: Display: Audio Spatialization Plugin: None (built-in).
[2025.12.02-13.25.43:716][138]LogAudio: Display: Audio Reverb Plugin: None (built-in).
[2025.12.02-13.25.43:716][138]LogAudio: Display: Audio Occlusion Plugin: None (built-in).
[2025.12.02-13.25.43:716][138]LogAudioMixer: Display: Initializing audio mixer.
[2025.12.02-13.25.43:721][138]LogAudioMixer: Display: 0: FrontLeft
[2025.12.02-13.25.43:721][138]LogAudioMixer: Display: 1: FrontRight
[2025.12.02-13.25.43:729][138]LogAudioMixer: Display: Using Audio Device Alto-falantes (Realtek(R) Audio)
[2025.12.02-13.25.43:730][138]LogAudioMixer: Display: Initializing Sound Submixes...
[2025.12.02-13.25.43:730][138]LogAudioMixer: Display: Creating Master Submix 'MasterSubmixDefault'
[2025.12.02-13.25.43:730][138]LogAudioMixer: Display: Creating Master Submix 'MasterReverbSubmixDefault'
[2025.12.02-13.25.43:730][138]LogAudioMixer: Display: Creating Master Submix 'MasterEQSubmixDefault'
[2025.12.02-13.25.43:730][138]LogAudioMixer: FMixerPlatformXAudio2::StartAudioStream() called
[2025.12.02-13.25.43:730][138]LogAudioMixer: Display: Output buffers initialized: Frames=1024, Channels=2, Samples=2048
[2025.12.02-13.25.43:732][138]LogAudioMixer: Display: Starting AudioMixerPlatformInterface::RunInternal()
[2025.12.02-13.25.43:732][138]LogAudioMixer: Display: FMixerPlatformXAudio2::SubmitBuffer() called for the first time
[2025.12.02-13.25.43:732][138]LogInit: FAudioDevice initialized.
[2025.12.02-13.25.43:732][138]LogAudio: Display: Audio Device (ID: 40) registered with world 'MapaPowerUp'.
[2025.12.02-13.25.43:747][138]LogLoad: Game class is 'GameMode'
[2025.12.02-13.25.43:747][138]LogWorld: Bringing World /Game/Mapas/MapaPowerUp/UEDPIE_0_MapaPowerUp.MapaPowerUp up for play (max tick rate 0) at 2025.12.02-10.25.43
[2025.12.02-13.25.43:748][138]LogWorld: Bringing up level for play took: 0.000462
[2025.12.02-13.25.43:748][138]LogOnline: OSS: Creating online subsystem instance for: :Context_63
[2025.12.02-13.25.43:750][138]LogGameMode: Display: Match State Changed from EnteringMap to WaitingToStart
[2025.12.02-13.25.43:750][138]LogGameState: Match State Changed from EnteringMap to WaitingToStart
[2025.12.02-13.25.43:751][138]LogGameMode: Display: Match State Changed from WaitingToStart to InProgress
[2025.12.02-13.25.43:751][138]LogScript: Warning: Script Msg: Attempted to access index 0 from array 'CallFunc_GetAllActorsOfClass_OutActors' of length 0 in '/Game/Mapas/MapaPowerUp/MapaPowerUp.MapaPowerUp_C:ExecuteUbergraph_MapaPowerUp'!
[2025.12.02-13.25.43:751][138]LogGameState: Match State Changed from WaitingToStart to InProgress
[2025.12.02-13.25.43:751][138]PIE: Server logged in
[2025.12.02-13.25.43:752][138]PIE: Play in editor total start time 0.116 seconds.
[2025.12.02-13.25.47:852][613]LogSlate: Updating window title bar state: overlay mode, drag disabled, window buttons hidden, title bar hidden
[2025.12.02-13.25.47:852][613]LogWorld: BeginTearingDown for /Game/Mapas/MapaPowerUp/UEDPIE_0_MapaPowerUp
[2025.12.02-13.25.47:852][613]LogWorld: UWorld::CleanupWorld for MapaPowerUp, bSessionEnded=true, bCleanupResources=true
[2025.12.02-13.25.47:853][613]LogSlate: InvalidateAllWidgets triggered.  All widgets were invalidated
[2025.12.02-13.25.47:863][613]LogPlayLevel: Display: Shutting down PIE online subsystems
[2025.12.02-13.25.47:872][613]LogSlate: InvalidateAllWidgets triggered.  All widgets were invalidated
[2025.12.02-13.25.47:918][613]LogSlate: Updating window title bar state: overlay mode, drag disabled, window buttons hidden, title bar hidden
[2025.12.02-13.25.47:918][613]LogAudioMixer: FMixerPlatformXAudio2::StopAudioStream() called
[2025.12.02-13.25.47:920][613]LogAudioMixer: FMixerPlatformXAudio2::StopAudioStream() called
[2025.12.02-13.25.47:931][613]LogUObjectHash: Compacting FUObjectHashTables data took   5.08ms
[2025.12.02-13.25.47:955][614]LogPlayLevel: Display: Destroying online subsystem :Context_63
[2025.12.02-13.25.48:984][732]Cmd: OBJ SAVEPACKAGE PACKAGE="/Game/Mapas/MapaPowerUp/MapaPowerUp" FILE="E:/Unreal/Fumec_DevGames/Content/Mapas/MapaPowerUp/MapaPowerUp.umap" SILENT=true AUTOSAVING=false KEEPDIRTY=false
[2025.12.02-13.25.49:030][732]LogUObjectHash: Compacting FUObjectHashTables data took   4.38ms
[2025.12.02-13.25.49:039][732]LogSavePackage: Moving 'E:/Unreal/Fumec_DevGames/Saved/MapaPowerUp96D189B744EA197402787A9463E93010.tmp' to 'E:/Unreal/Fumec_DevGames/Content/Mapas/MapaPowerUp/MapaPowerUp.umap'
[2025.12.02-13.25.49:075][732]AssetCheck: New page: Asset Save: MapaPowerUp
[2025.12.02-13.25.49:075][732]LogContentValidation: Display: Validating World /Game/Mapas/MapaPowerUp/MapaPowerUp.MapaPowerUp
[2025.12.02-13.25.49:698][801]LogUObjectHash: Compacting FUObjectHashTables data took   0.97ms
[2025.12.02-13.26.04:499][518]BlueprintLog: New page: Compile SelecaoPowerUps
[2025.12.02-13.26.04:553][518]LogUObjectHash: Compacting FUObjectHashTables data took   4.44ms
[2025.12.02-13.26.04:593][518]Cmd: OBJ SAVEPACKAGE PACKAGE="/Game/Player/Blueprints/HUD/SelecaoPowerUps" FILE="E:/Unreal/Fumec_DevGames/Content/Player/Blueprints/HUD/SelecaoPowerUps.uasset" SILENT=true
[2025.12.02-13.26.04:598][518]LogSavePackage: Moving 'E:/Unreal/Fumec_DevGames/Saved/SelecaoPowerUps9DA1A3BF4ACC1363E15A8F9B0958E89E.tmp' to 'E:/Unreal/Fumec_DevGames/Content/Player/Blueprints/HUD/SelecaoPowerUps.uasset'
[2025.12.02-13.26.04:619][518]AssetCheck: New page: Asset Save: SelecaoPowerUps
[2025.12.02-13.26.04:619][518]LogContentValidation: Display: Validating WidgetBlueprint /Game/Player/Blueprints/HUD/SelecaoPowerUps.SelecaoPowerUps
[2025.12.02-13.26.04:959][551]Cmd: OBJ SAVEPACKAGE PACKAGE="/Game/Player/Blueprints/HUD/SelecaoPowerUps" FILE="E:/Unreal/Fumec_DevGames/Content/Player/Blueprints/HUD/SelecaoPowerUps.uasset" SILENT=true
[2025.12.02-13.26.04:965][551]LogSavePackage: Moving 'E:/Unreal/Fumec_DevGames/Saved/SelecaoPowerUps2327F3E040155A9BEF16FE9ECDB7BB6A.tmp' to 'E:/Unreal/Fumec_DevGames/Content/Player/Blueprints/HUD/SelecaoPowerUps.uasset'
[2025.12.02-13.26.04:985][551]AssetCheck: New page: Asset Save: SelecaoPowerUps
[2025.12.02-13.26.04:985][551]LogContentValidation: Display: Validating WidgetBlueprint /Game/Player/Blueprints/HUD/SelecaoPowerUps.SelecaoPowerUps
[2025.12.02-13.26.05:717][629]LogTemp: Repeating last play command: Selected Viewport
[2025.12.02-13.26.05:726][629]LogPlayLevel: PlayLevel: No blueprints needed recompiling
[2025.12.02-13.26.05:726][629]PIE: New page: PIE session: MapaPowerUp (Dec 2, 2025, 7:26:05 AM)
[2025.12.02-13.26.05:726][629]LogPlayLevel: Creating play world package: /Game/Mapas/MapaPowerUp/UEDPIE_0_MapaPowerUp
[2025.12.02-13.26.05:727][629]LogPlayLevel: PIE: StaticDuplicateObject took: (0.001324s)
[2025.12.02-13.26.05:728][629]LogAIModule: Creating AISystem for world MapaPowerUp
[2025.12.02-13.26.05:728][629]LogPlayLevel: PIE: World Init took: (0.001142s)
[2025.12.02-13.26.05:728][629]LogPlayLevel: PIE: Created PIE world by copying editor world from /Game/Mapas/MapaPowerUp/MapaPowerUp.MapaPowerUp to /Game/Mapas/MapaPowerUp/UEDPIE_0_MapaPowerUp.MapaPowerUp (0.002605s)
[2025.12.02-13.26.05:787][629]LogUObjectHash: Compacting FUObjectHashTables data took   6.28ms
[2025.12.02-13.26.05:787][629]LogAudio: Display: Creating Audio Device:                 Id: 41, Scope: Unique, Realtime: True
[2025.12.02-13.26.05:787][629]LogAudioMixer: Display: Audio Mixer Platform Settings:
[2025.12.02-13.26.05:787][629]LogAudioMixer: Display: 	Sample Rate:						  48000
[2025.12.02-13.26.05:788][629]LogAudioMixer: Display: 	Callback Buffer Frame Size Requested: 1024
[2025.12.02-13.26.05:788][629]LogAudioMixer: Display: 	Callback Buffer Frame Size To Use:	  1024
[2025.12.02-13.26.05:788][629]LogAudioMixer: Display: 	Number of buffers to queue:			  2
[2025.12.02-13.26.05:788][629]LogAudioMixer: Display: 	Max Channels (voices):				  32
[2025.12.02-13.26.05:788][629]LogAudioMixer: Display: 	Number of Async Source Workers:		  0
[2025.12.02-13.26.05:788][629]LogAudio: Display: AudioDevice MaxSources: 32
[2025.12.02-13.26.05:788][629]LogAudio: Display: Audio Spatialization Plugin: None (built-in).
[2025.12.02-13.26.05:788][629]LogAudio: Display: Audio Reverb Plugin: None (built-in).
[2025.12.02-13.26.05:788][629]LogAudio: Display: Audio Occlusion Plugin: None (built-in).
[2025.12.02-13.26.05:788][629]LogAudioMixer: Display: Initializing audio mixer.
[2025.12.02-13.26.05:794][629]LogAudioMixer: Display: 0: FrontLeft
[2025.12.02-13.26.05:794][629]LogAudioMixer: Display: 1: FrontRight
[2025.12.02-13.26.05:802][629]LogAudioMixer: Display: Using Audio Device Alto-falantes (Realtek(R) Audio)
[2025.12.02-13.26.05:802][629]LogAudioMixer: Display: Initializing Sound Submixes...
[2025.12.02-13.26.05:802][629]LogAudioMixer: Display: Creating Master Submix 'MasterSubmixDefault'
[2025.12.02-13.26.05:802][629]LogAudioMixer: Display: Creating Master Submix 'MasterReverbSubmixDefault'
[2025.12.02-13.26.05:802][629]LogAudioMixer: Display: Creating Master Submix 'MasterEQSubmixDefault'
[2025.12.02-13.26.05:803][629]LogAudioMixer: FMixerPlatformXAudio2::StartAudioStream() called
[2025.12.02-13.26.05:803][629]LogAudioMixer: Display: Output buffers initialized: Frames=1024, Channels=2, Samples=2048
[2025.12.02-13.26.05:804][629]LogAudioMixer: Display: Starting AudioMixerPlatformInterface::RunInternal()
[2025.12.02-13.26.05:804][629]LogAudioMixer: Display: FMixerPlatformXAudio2::SubmitBuffer() called for the first time
[2025.12.02-13.26.05:804][629]LogInit: FAudioDevice initialized.
[2025.12.02-13.26.05:804][629]LogAudio: Display: Audio Device (ID: 41) registered with world 'MapaPowerUp'.
[2025.12.02-13.26.05:838][629]LogSlate: Updating window title bar state: overlay mode, drag disabled, window buttons hidden, title bar hidden
[2025.12.02-13.26.05:838][629]LogLoad: Game class is 'GameMode'
[2025.12.02-13.26.05:839][629]LogWorld: Bringing World /Game/Mapas/MapaPowerUp/UEDPIE_0_MapaPowerUp.MapaPowerUp up for play (max tick rate 0) at 2025.12.02-10.26.05
[2025.12.02-13.26.05:839][629]LogWorld: Bringing up level for play took: 0.000859
[2025.12.02-13.26.05:839][629]LogOnline: OSS: Creating online subsystem instance for: :Context_64
[2025.12.02-13.26.05:842][629]LogGameMode: FindPlayerStart: PATHS NOT DEFINED or NO PLAYERSTART with positive rating
[2025.12.02-13.26.05:843][629]LogGameMode: Display: Match State Changed from EnteringMap to WaitingToStart
[2025.12.02-13.26.05:843][629]LogGameState: Match State Changed from EnteringMap to WaitingToStart
[2025.12.02-13.26.05:843][629]LogGameMode: Display: Match State Changed from WaitingToStart to InProgress
[2025.12.02-13.26.05:844][629]LogScript: Warning: Script Msg: Attempted to access index 0 from array 'CallFunc_GetAllActorsOfClass_OutActors' of length 0 in '/Game/Mapas/MapaPowerUp/MapaPowerUp.MapaPowerUp_C:ExecuteUbergraph_MapaPowerUp'!
[2025.12.02-13.26.05:844][629]LogGameState: Match State Changed from WaitingToStart to InProgress
[2025.12.02-13.26.05:845][629]PIE: Server logged in
[2025.12.02-13.26.05:846][629]PIE: Play in editor total start time 0.121 seconds.
[2025.12.02-13.26.08:882][980]LogSlate: Updating window title bar state: overlay mode, drag disabled, window buttons hidden, title bar hidden
[2025.12.02-13.26.08:882][980]LogWorld: BeginTearingDown for /Game/Mapas/MapaPowerUp/UEDPIE_0_MapaPowerUp
[2025.12.02-13.26.08:882][980]LogSlate: Window 'ColunaDoendoSamurai Preview [NetMode: Standalone]  (64-bit/Windows) ' being destroyed
[2025.12.02-13.26.08:888][980]LogWorld: UWorld::CleanupWorld for MapaPowerUp, bSessionEnded=true, bCleanupResources=true
[2025.12.02-13.26.08:888][980]LogSlate: InvalidateAllWidgets triggered.  All widgets were invalidated
[2025.12.02-13.26.08:898][980]LogPlayLevel: Display: Shutting down PIE online subsystems
[2025.12.02-13.26.08:907][980]LogSlate: InvalidateAllWidgets triggered.  All widgets were invalidated
[2025.12.02-13.26.08:953][980]LogAudio: Display: Audio Device unregistered from world 'None'.
[2025.12.02-13.26.08:953][980]LogAudioMixer: FMixerPlatformXAudio2::StopAudioStream() called
[2025.12.02-13.26.08:954][980]LogAudioMixer: FMixerPlatformXAudio2::StopAudioStream() called
[2025.12.02-13.26.08:964][980]LogUObjectHash: Compacting FUObjectHashTables data took   4.32ms
[2025.12.02-13.26.08:983][981]LogPlayLevel: Display: Destroying online subsystem :Context_64
[2025.12.02-13.26.19:514][221]Cmd: OBJ SAVEPACKAGE PACKAGE="/Game/Player/Blueprints/HUD/SelecaoPowerUps" FILE="E:/Unreal/Fumec_DevGames/Content/Player/Blueprints/HUD/SelecaoPowerUps.uasset" SILENT=true
[2025.12.02-13.26.19:520][221]LogSavePackage: Moving 'E:/Unreal/Fumec_DevGames/Saved/SelecaoPowerUps857007AC4B337E1878B46790F5571309.tmp' to 'E:/Unreal/Fumec_DevGames/Content/Player/Blueprints/HUD/SelecaoPowerUps.uasset'
[2025.12.02-13.26.19:543][221]AssetCheck: New page: Asset Save: SelecaoPowerUps
[2025.12.02-13.26.19:543][221]LogContentValidation: Display: Validating WidgetBlueprint /Game/Player/Blueprints/HUD/SelecaoPowerUps.SelecaoPowerUps
[2025.12.02-13.26.20:517][328]BlueprintLog: New page: Compile SelecaoPowerUps
[2025.12.02-13.26.20:585][328]LogUObjectHash: Compacting FUObjectHashTables data took   4.45ms
[2025.12.02-13.26.20:881][352]Cmd: OBJ SAVEPACKAGE PACKAGE="/Game/Player/Blueprints/HUD/SelecaoPowerUps" FILE="E:/Unreal/Fumec_DevGames/Content/Player/Blueprints/HUD/SelecaoPowerUps.uasset" SILENT=true
[2025.12.02-13.26.20:886][352]LogSavePackage: Moving 'E:/Unreal/Fumec_DevGames/Saved/SelecaoPowerUps0D057E3E43411B0F0485EE86C498D7A6.tmp' to 'E:/Unreal/Fumec_DevGames/Content/Player/Blueprints/HUD/SelecaoPowerUps.uasset'
[2025.12.02-13.26.20:906][352]AssetCheck: New page: Asset Save: SelecaoPowerUps
[2025.12.02-13.26.20:906][352]LogContentValidation: Display: Validating WidgetBlueprint /Game/Player/Blueprints/HUD/SelecaoPowerUps.SelecaoPowerUps
[2025.12.02-13.26.31:750][556]LogEditorTransaction: Undo Move Widget
[2025.12.02-13.27.22:147][167]LogEditorTransaction: Undo Add Widget
[2025.12.02-13.27.50:107][808]LogEditorTransaction: Undo Set Vector Property
[2025.12.02-13.27.50:497][817]Cmd: TRANSACTION UNDO
[2025.12.02-13.27.50:497][817]LogEditorTransaction: Undo Set Vector Property
[2025.12.02-13.28.09:131][904]LogEditorTransaction: Undo Set Vector Property
[2025.12.02-13.28.35:145][444]BlueprintLog: New page: Compile SelecaoPowerUps
[2025.12.02-13.28.35:226][444]LogUObjectHash: Compacting FUObjectHashTables data took   6.16ms
[2025.12.02-13.28.35:281][444]Cmd: OBJ SAVEPACKAGE PACKAGE="/Game/Player/Blueprints/HUD/SelecaoPowerUps" FILE="E:/Unreal/Fumec_DevGames/Content/Player/Blueprints/HUD/SelecaoPowerUps.uasset" SILENT=true
[2025.12.02-13.28.35:287][444]LogSavePackage: Moving 'E:/Unreal/Fumec_DevGames/Saved/SelecaoPowerUpsF1A93C934A6686FE11F4358CEC969FEB.tmp' to 'E:/Unreal/Fumec_DevGames/Content/Player/Blueprints/HUD/SelecaoPowerUps.uasset'
[2025.12.02-13.28.35:313][444]AssetCheck: New page: Asset Save: SelecaoPowerUps
[2025.12.02-13.28.35:313][444]LogContentValidation: Display: Validating WidgetBlueprint /Game/Player/Blueprints/HUD/SelecaoPowerUps.SelecaoPowerUps
[2025.12.02-13.28.44:000][935]Cmd: OBJ SAVEPACKAGE PACKAGE="/Game/Player/Blueprints/HUD/SelecaoPowerUps" FILE="E:/Unreal/Fumec_DevGames/Content/Player/Blueprints/HUD/SelecaoPowerUps.uasset" SILENT=true
[2025.12.02-13.28.44:006][935]LogSavePackage: Moving 'E:/Unreal/Fumec_DevGames/Saved/SelecaoPowerUpsFACCEEE8421C8EE5857A2788B2EC16B4.tmp' to 'E:/Unreal/Fumec_DevGames/Content/Player/Blueprints/HUD/SelecaoPowerUps.uasset'
[2025.12.02-13.28.44:028][935]AssetCheck: New page: Asset Save: SelecaoPowerUps
[2025.12.02-13.28.44:028][935]LogContentValidation: Display: Validating WidgetBlueprint /Game/Player/Blueprints/HUD/SelecaoPowerUps.SelecaoPowerUps
[2025.12.02-13.28.45:730][ 33]LogTemp: Repeating last play command: Selected Viewport
[2025.12.02-13.28.45:737][ 33]BlueprintLog: New page: Pre-Play auto-recompile
[2025.12.02-13.28.45:737][ 33]LogPlayLevel: [PlayLevel] Compiling SelecaoPowerUps before play...
[2025.12.02-13.28.45:852][ 33]Cmd: OBJ SAVEPACKAGE PACKAGE="/Game/Player/Blueprints/HUD/SelecaoPowerUps" FILE="E:/Unreal/Fumec_DevGames/Content/Player/Blueprints/HUD/SelecaoPowerUps.uasset" SILENT=true
[2025.12.02-13.28.45:886][ 33]LogSavePackage: Moving 'E:/Unreal/Fumec_DevGames/Saved/SelecaoPowerUpsAD2D96BD490E96CD4DF4F3982762F62A.tmp' to 'E:/Unreal/Fumec_DevGames/Content/Player/Blueprints/HUD/SelecaoPowerUps.uasset'
[2025.12.02-13.28.45:950][ 33]LogUObjectHash: Compacting FUObjectHashTables data took   5.24ms
[2025.12.02-13.28.45:951][ 33]LogPlayLevel: PlayLevel: Blueprint regeneration took 213 ms (1 blueprints)
[2025.12.02-13.28.45:951][ 33]PIE: New page: PIE session: MapaPowerUp (Dec 2, 2025, 7:28:45 AM)
[2025.12.02-13.28.45:951][ 33]LogPlayLevel: Creating play world package: /Game/Mapas/MapaPowerUp/UEDPIE_0_MapaPowerUp
[2025.12.02-13.28.45:952][ 33]LogPlayLevel: PIE: StaticDuplicateObject took: (0.001267s)
[2025.12.02-13.28.45:953][ 33]LogAIModule: Creating AISystem for world MapaPowerUp
[2025.12.02-13.28.45:953][ 33]LogPlayLevel: PIE: World Init took: (0.001164s)
[2025.12.02-13.28.45:953][ 33]LogPlayLevel: PIE: Created PIE world by copying editor world from /Game/Mapas/MapaPowerUp/MapaPowerUp.MapaPowerUp to /Game/Mapas/MapaPowerUp/UEDPIE_0_MapaPowerUp.MapaPowerUp (0.002555s)
[2025.12.02-13.28.46:001][ 33]LogUObjectHash: Compacting FUObjectHashTables data took   4.04ms
[2025.12.02-13.28.46:002][ 33]LogAudio: Display: Creating Audio Device:                 Id: 42, Scope: Unique, Realtime: True
[2025.12.02-13.28.46:002][ 33]LogAudioMixer: Display: Audio Mixer Platform Settings:
[2025.12.02-13.28.46:002][ 33]LogAudioMixer: Display: 	Sample Rate:						  48000
[2025.12.02-13.28.46:002][ 33]LogAudioMixer: Display: 	Callback Buffer Frame Size Requested: 1024
[2025.12.02-13.28.46:002][ 33]LogAudioMixer: Display: 	Callback Buffer Frame Size To Use:	  1024
[2025.12.02-13.28.46:002][ 33]LogAudioMixer: Display: 	Number of buffers to queue:			  2
[2025.12.02-13.28.46:002][ 33]LogAudioMixer: Display: 	Max Channels (voices):				  32
[2025.12.02-13.28.46:002][ 33]LogAudioMixer: Display: 	Number of Async Source Workers:		  0
[2025.12.02-13.28.46:002][ 33]LogAudio: Display: AudioDevice MaxSources: 32
[2025.12.02-13.28.46:002][ 33]LogAudio: Display: Audio Spatialization Plugin: None (built-in).
[2025.12.02-13.28.46:002][ 33]LogAudio: Display: Audio Reverb Plugin: None (built-in).
[2025.12.02-13.28.46:002][ 33]LogAudio: Display: Audio Occlusion Plugin: None (built-in).
[2025.12.02-13.28.46:002][ 33]LogAudioMixer: Display: Initializing audio mixer.
[2025.12.02-13.28.46:009][ 33]LogAudioMixer: Display: 0: FrontLeft
[2025.12.02-13.28.46:009][ 33]LogAudioMixer: Display: 1: FrontRight
[2025.12.02-13.28.46:020][ 33]LogAudioMixer: Display: Using Audio Device Alto-falantes (Realtek(R) Audio)
[2025.12.02-13.28.46:020][ 33]LogAudioMixer: Display: Initializing Sound Submixes...
[2025.12.02-13.28.46:020][ 33]LogAudioMixer: Display: Creating Master Submix 'MasterSubmixDefault'
[2025.12.02-13.28.46:020][ 33]LogAudioMixer: Display: Creating Master Submix 'MasterReverbSubmixDefault'
[2025.12.02-13.28.46:021][ 33]LogAudioMixer: Display: Creating Master Submix 'MasterEQSubmixDefault'
[2025.12.02-13.28.46:021][ 33]LogAudioMixer: FMixerPlatformXAudio2::StartAudioStream() called
[2025.12.02-13.28.46:021][ 33]LogAudioMixer: Display: Output buffers initialized: Frames=1024, Channels=2, Samples=2048
[2025.12.02-13.28.46:022][ 33]LogAudioMixer: Display: Starting AudioMixerPlatformInterface::RunInternal()
[2025.12.02-13.28.46:022][ 33]LogAudioMixer: Display: FMixerPlatformXAudio2::SubmitBuffer() called for the first time
[2025.12.02-13.28.46:022][ 33]LogInit: FAudioDevice initialized.
[2025.12.02-13.28.46:022][ 33]LogAudio: Display: Audio Device (ID: 42) registered with world 'MapaPowerUp'.
[2025.12.02-13.28.46:097][ 33]LogSlate: Updating window title bar state: overlay mode, drag disabled, window buttons hidden, title bar hidden
[2025.12.02-13.28.46:097][ 33]LogLoad: Game class is 'GameMode'
[2025.12.02-13.28.46:099][ 33]LogWorld: Bringing World /Game/Mapas/MapaPowerUp/UEDPIE_0_MapaPowerUp.MapaPowerUp up for play (max tick rate 60) at 2025.12.02-10.28.46
[2025.12.02-13.28.46:099][ 33]LogWorld: Bringing up level for play took: 0.000703
[2025.12.02-13.28.46:099][ 33]LogOnline: OSS: Creating online subsystem instance for: :Context_65
[2025.12.02-13.28.46:101][ 33]LogGameMode: FindPlayerStart: PATHS NOT DEFINED or NO PLAYERSTART with positive rating
[2025.12.02-13.28.46:102][ 33]LogGameMode: Display: Match State Changed from EnteringMap to WaitingToStart
[2025.12.02-13.28.46:102][ 33]LogGameState: Match State Changed from EnteringMap to WaitingToStart
[2025.12.02-13.28.46:102][ 33]LogGameMode: Display: Match State Changed from WaitingToStart to InProgress
[2025.12.02-13.28.46:103][ 33]LogScript: Warning: Script Msg: Attempted to access index 0 from array 'CallFunc_GetAllActorsOfClass_OutActors' of length 0 in '/Game/Mapas/MapaPowerUp/MapaPowerUp.MapaPowerUp_C:ExecuteUbergraph_MapaPowerUp'!
[2025.12.02-13.28.46:103][ 33]LogGameState: Match State Changed from WaitingToStart to InProgress
[2025.12.02-13.28.46:104][ 33]PIE: Server logged in
[2025.12.02-13.28.46:105][ 33]PIE: Play in editor total start time 0.369 seconds.
[2025.12.02-13.28.46:177][ 34]AssetCheck: New page: Asset Save: SelecaoPowerUps
[2025.12.02-13.28.46:177][ 34]LogContentValidation: Display: Validating WidgetBlueprint /Game/Player/Blueprints/HUD/SelecaoPowerUps.SelecaoPowerUps
[2025.12.02-13.28.49:631][237]LogSlate: Updating window title bar state: overlay mode, drag disabled, window buttons hidden, title bar hidden
[2025.12.02-13.28.49:632][237]LogWorld: BeginTearingDown for /Game/Mapas/MapaPowerUp/UEDPIE_0_MapaPowerUp
[2025.12.02-13.28.49:632][237]LogSlate: Window 'ColunaDoendoSamurai Preview [NetMode: Standalone]  (64-bit/Windows) ' being destroyed
[2025.12.02-13.28.49:637][237]LogWorld: UWorld::CleanupWorld for MapaPowerUp, bSessionEnded=true, bCleanupResources=true
[2025.12.02-13.28.49:637][237]LogSlate: InvalidateAllWidgets triggered.  All widgets were invalidated
[2025.12.02-13.28.49:648][237]LogPlayLevel: Display: Shutting down PIE online subsystems
[2025.12.02-13.28.49:656][237]LogSlate: InvalidateAllWidgets triggered.  All widgets were invalidated
[2025.12.02-13.28.49:702][237]LogAudioMixer: FMixerPlatformXAudio2::StopAudioStream() called
[2025.12.02-13.28.49:704][237]LogAudioMixer: FMixerPlatformXAudio2::StopAudioStream() called
[2025.12.02-13.28.49:716][237]LogUObjectHash: Compacting FUObjectHashTables data took   5.01ms
[2025.12.02-13.28.49:736][238]LogPlayLevel: Display: Destroying online subsystem :Context_65
[2025.12.02-13.29.06:004][198]LogSlate: Window 'Color Picker' being destroyed
[2025.12.02-13.29.17:942][902]LogSlate: Window 'Color Picker' being destroyed
[2025.12.02-13.29.24:245][274]LogSlate: Window 'Color Picker' being destroyed
[2025.12.02-13.29.29:844][603]LogSlate: Window 'Color Picker' being destroyed
[2025.12.02-13.31.50:278][981]LogEditorTransaction: Undo Set Vector Property
[2025.12.02-13.35.27:586][866]LogEditorTransaction: Undo Add Widget
[2025.12.02-13.36.01:941][874]LogEditorTransaction: Undo Paste clipboard contents
[2025.12.02-13.36.02:878][914]LogEditorTransaction: Undo Add Widget
[2025.12.02-13.36.04:317][998]LogEditorTransaction: Undo Remove Widget
[2025.12.02-13.36.31:823][620]LogUObjectHash: Compacting FUObjectHashTables data took   6.48ms
[2025.12.02-13.36.31:828][620]LogFileHelpers: Editor autosave (incl. external actors) for '/Game/Mapas/MapaPowerUp/MapaPowerUp' took 0.063
[2025.12.02-13.36.31:828][620]OBJ SavePackage: Generating thumbnails for [0] asset(s) in package [/Game/Player/Blueprints/HUD/SelecaoPowerUps] ([4] browsable assets)...
[2025.12.02-13.36.31:828][620]OBJ SavePackage: Finished generating thumbnails for package [/Game/Player/Blueprints/HUD/SelecaoPowerUps]
[2025.12.02-13.36.31:835][620]LogSavePackage: Moving 'E:/Unreal/Fumec_DevGames/Saved/SelecaoPowerUps_Auto500FFB2334477F56201DE9EAD31ADB754.tmp' to 'E:/Unreal/Fumec_DevGames/Saved/Autosaves/Game/Player/Blueprints/HUD/SelecaoPowerUps_Auto5.uasset'
[2025.12.02-13.36.31:835][620]LogFileHelpers: Auto-saving content packages took 0.008
[2025.12.02-13.37.49:181][205]LogEditorTransaction: Undo Set Vector Property
[2025.12.02-13.37.52:368][377]LogEditorTransaction: Undo Set Vector Property
[2025.12.02-13.37.54:003][458]LogEditorTransaction: Undo Set Vector Property
[2025.12.02-13.37.56:333][596]LogEditorTransaction: Undo Edit Angle
[2025.12.02-13.37.58:999][754]LogEditorTransaction: Undo Set Vector Property
[2025.12.02-13.40.21:582][192]LogEditorTransaction: Undo Move Widget
[2025.12.02-13.40.22:143][208]LogEditorTransaction: Undo Move Widget
[2025.12.02-13.40.22:652][236]LogEditorTransaction: Undo Move Widget
[2025.12.02-13.40.23:022][256]LogEditorTransaction: Undo Add Widget
[2025.12.02-13.40.23:417][277]LogEditorTransaction: Undo Move Widget
[2025.12.02-13.40.23:935][305]LogEditorTransaction: Undo Move Widget
[2025.12.02-13.40.24:622][344]LogEditorTransaction: Undo Move Widget
[2025.12.02-13.43.58:837][109]LogEditorTransaction: Undo Move Widget
[2025.12.02-13.45.17:357][780]LogEditorTransaction: Undo Edit Padding
[2025.12.02-13.45.17:800][791]LogEditorTransaction: Undo Edit Padding
[2025.12.02-13.45.18:102][804]LogEditorTransaction: Undo Edit Padding
[2025.12.02-13.45.18:615][833]LogEditorTransaction: Undo Edit Padding
[2025.12.02-13.45.19:008][855]LogEditorTransaction: Undo Edit Value
[2025.12.02-13.47.25:959][367]LogUObjectHash: Compacting FUObjectHashTables data took   6.89ms
[2025.12.02-13.47.25:963][367]LogFileHelpers: Editor autosave (incl. external actors) for '/Game/Mapas/MapaPowerUp/MapaPowerUp' took 0.070
[2025.12.02-13.47.25:964][367]OBJ SavePackage: Generating thumbnails for [0] asset(s) in package [/Game/Player/Blueprints/HUD/SelecaoPowerUps] ([4] browsable assets)...
[2025.12.02-13.47.25:964][367]OBJ SavePackage: Finished generating thumbnails for package [/Game/Player/Blueprints/HUD/SelecaoPowerUps]
[2025.12.02-13.47.27:243][367]LogSavePackage: Moving 'E:/Unreal/Fumec_DevGames/Saved/SelecaoPowerUps_Auto609A4822D421F0FEFE41BB9A5DE0F41E0.tmp' to 'E:/Unreal/Fumec_DevGames/Saved/Autosaves/Game/Player/Blueprints/HUD/SelecaoPowerUps_Auto6.uasset'
[2025.12.02-13.47.27:245][367]LogFileHelpers: Auto-saving content packages took 1.282
[2025.12.02-13.57.30:795][ 19]LogUObjectHash: Compacting FUObjectHashTables data took   5.42ms
[2025.12.02-13.57.30:798][ 19]LogFileHelpers: Editor autosave (incl. external actors) for '/Game/Mapas/MapaPowerUp/MapaPowerUp' took 0.053
[2025.12.02-13.57.30:799][ 19]OBJ SavePackage: Generating thumbnails for [0] asset(s) in package [/Game/Player/Blueprints/HUD/SelecaoPowerUps] ([4] browsable assets)...
[2025.12.02-13.57.30:799][ 19]OBJ SavePackage: Finished generating thumbnails for package [/Game/Player/Blueprints/HUD/SelecaoPowerUps]
[2025.12.02-13.57.30:946][ 19]LogSavePackage: Moving 'E:/Unreal/Fumec_DevGames/Saved/SelecaoPowerUps_Auto7D8FABF034B0863A2116329A04368DB05.tmp' to 'E:/Unreal/Fumec_DevGames/Saved/Autosaves/Game/Player/Blueprints/HUD/SelecaoPowerUps_Auto7.uasset'
[2025.12.02-13.57.30:947][ 19]LogFileHelpers: Auto-saving content packages took 0.149
[2025.12.02-13.58.41:779][220]LogEditorTransaction: Undo Add Widget
[2025.12.02-14.07.31:231][792]LogUObjectHash: Compacting FUObjectHashTables data took   5.70ms
[2025.12.02-14.07.31:235][792]LogFileHelpers: Editor autosave (incl. external actors) for '/Game/Mapas/MapaPowerUp/MapaPowerUp' took 0.053
[2025.12.02-14.07.31:235][792]OBJ SavePackage: Generating thumbnails for [0] asset(s) in package [/Game/Player/Blueprints/HUD/SelecaoPowerUps] ([4] browsable assets)...
[2025.12.02-14.07.31:235][792]OBJ SavePackage: Finished generating thumbnails for package [/Game/Player/Blueprints/HUD/SelecaoPowerUps]
[2025.12.02-14.07.31:244][792]LogSavePackage: Moving 'E:/Unreal/Fumec_DevGames/Saved/SelecaoPowerUps_Auto86E07AC094456EEFCCE187EA4F5B89E7E.tmp' to 'E:/Unreal/Fumec_DevGames/Saved/Autosaves/Game/Player/Blueprints/HUD/SelecaoPowerUps_Auto8.uasset'
[2025.12.02-14.07.31:244][792]LogFileHelpers: Auto-saving content packages took 0.009
[2025.12.02-14.07.46:981][184]Cmd: OBJ SAVEPACKAGE PACKAGE="/Game/Player/Blueprints/HUD/SelecaoPowerUps" FILE="E:/Unreal/Fumec_DevGames/Content/Player/Blueprints/HUD/SelecaoPowerUps.uasset" SILENT=true
[2025.12.02-14.07.47:092][184]LogSavePackage: Moving 'E:/Unreal/Fumec_DevGames/Saved/SelecaoPowerUps2B8B5EFB4908B98BD48C6A8B32CA83FE.tmp' to 'E:/Unreal/Fumec_DevGames/Content/Player/Blueprints/HUD/SelecaoPowerUps.uasset'
[2025.12.02-14.07.47:113][184]AssetCheck: New page: Asset Save: SelecaoPowerUps
[2025.12.02-14.07.47:113][184]LogContentValidation: Display: Validating WidgetBlueprint /Game/Player/Blueprints/HUD/SelecaoPowerUps.SelecaoPowerUps
[2025.12.02-14.07.48:381][257]BlueprintLog: New page: Compile SelecaoPowerUps
[2025.12.02-14.07.48:460][257]LogUObjectHash: Compacting FUObjectHashTables data took   4.03ms
[2025.12.02-14.07.51:795][444]LogUObjectHash: Compacting FUObjectHashTables data took   4.63ms
[2025.12.02-14.07.51:909][444]LogWorld: UWorld::CleanupWorld for World_27, bSessionEnded=true, bCleanupResources=true
[2025.12.02-14.07.51:909][444]LogSlate: InvalidateAllWidgets triggered.  All widgets were invalidated
[2025.12.02-14.07.52:056][444]LogWorld: UWorld::CleanupWorld for World_4, bSessionEnded=true, bCleanupResources=true
[2025.12.02-14.07.52:056][444]LogSlate: InvalidateAllWidgets triggered.  All widgets were invalidated
[2025.12.02-14.07.52:187][444]LogWorld: UWorld::CleanupWorld for World_29, bSessionEnded=true, bCleanupResources=true
[2025.12.02-14.07.52:187][444]LogSlate: InvalidateAllWidgets triggered.  All widgets were invalidated
[2025.12.02-14.07.52:203][444]LogWorld: UWorld::CleanupWorld for World_28, bSessionEnded=true, bCleanupResources=true
[2025.12.02-14.07.52:203][444]LogSlate: InvalidateAllWidgets triggered.  All widgets were invalidated
[2025.12.02-14.07.52:350][444]LogSlate: Window 'ColunaDoendoSamurai - Unreal Editor' being destroyed
[2025.12.02-14.07.52:544][445]Cmd: QUIT_EDITOR
[2025.12.02-14.07.52:544][445]LogCore: Engine exit requested (reason: UUnrealEdEngine::CloseEditor())
[2025.12.02-14.07.52:552][445]LogCore: Engine exit requested (reason: EngineExit() was called; note: exit was already requested)
[2025.12.02-14.07.52:692][445]LogAudio: Display: Beginning Audio Device Manager Shutdown (Module: AudioMixerXAudio2)...
[2025.12.02-14.07.52:692][445]LogAudio: Display: Destroying 1 Remaining Audio Device(s)...
[2025.12.02-14.07.52:692][445]LogAudio: Display: Audio Device unregistered from world 'MapaPowerUp'.
[2025.12.02-14.07.52:692][445]LogAudioMixer: FMixerPlatformXAudio2::StopAudioStream() called
[2025.12.02-14.07.52:694][445]LogAudioMixer: FMixerPlatformXAudio2::StopAudioStream() called
[2025.12.02-14.07.52:712][445]LogAudio: Display: Audio Device Manager Shutdown
[2025.12.02-14.07.52:713][445]LogWindowsTextInputMethodSystem: Display: IME system deactivated.
[2025.12.02-14.07.52:845][445]LogExit: Preparing to exit.
[2025.12.02-14.07.53:090][445]LogUObjectHash: Compacting FUObjectHashTables data took   4.53ms
[2025.12.02-14.07.53:446][445]LogActorComponent: UnregisterComponent: (None.None) Not registered. Aborting.
[2025.12.02-14.07.53:446][445]LogActorComponent: UnregisterComponent: (None.None) Not registered. Aborting.
[2025.12.02-14.07.53:446][445]LogActorComponent: UnregisterComponent: (None.None) Not registered. Aborting.
[2025.12.02-14.07.53:446][445]LogActorComponent: UnregisterComponent: (None.None) Not registered. Aborting.
[2025.12.02-14.07.53:446][445]LogActorComponent: UnregisterComponent: (None.None) Not registered. Aborting.
[2025.12.02-14.07.53:446][445]LogActorComponent: UnregisterComponent: (None.None) Not registered. Aborting.
[2025.12.02-14.07.53:446][445]LogActorComponent: UnregisterComponent: (None.None) Not registered. Aborting.
[2025.12.02-14.07.53:446][445]LogWorld: UWorld::CleanupWorld for None, bSessionEnded=true, bCleanupResources=true
[2025.12.02-14.07.53:447][445]LogActorComponent: UnregisterComponent: (None.None) Not registered. Aborting.
[2025.12.02-14.07.53:447][445]LogActorComponent: UnregisterComponent: (None.None) Not registered. Aborting.
[2025.12.02-14.07.53:447][445]LogActorComponent: UnregisterComponent: (None.None) Not registered. Aborting.
[2025.12.02-14.07.53:447][445]LogActorComponent: UnregisterComponent: (None.None) Not registered. Aborting.
[2025.12.02-14.07.53:447][445]LogActorComponent: UnregisterComponent: (None.None) Not registered. Aborting.
[2025.12.02-14.07.53:447][445]LogActorComponent: UnregisterComponent: (None.None) Not registered. Aborting.
[2025.12.02-14.07.53:447][445]LogActorComponent: UnregisterComponent: (None.None) Not registered. Aborting.
[2025.12.02-14.07.53:447][445]LogWorld: UWorld::CleanupWorld for None, bSessionEnded=true, bCleanupResources=true
[2025.12.02-14.07.53:509][445]LogDemo: Cleaned up 0 splitscreen connections with owner deletion
[2025.12.02-14.07.53:542][445]LogWorld: UWorld::CleanupWorld for None, bSessionEnded=true, bCleanupResources=true
[2025.12.02-14.07.53:550][445]LogExit: Editor shut down
[2025.12.02-14.07.53:551][445]LogExit: Transaction tracking system shut down
[2025.12.02-14.07.54:137][445]LogExit: Object subsystem successfully closed.
[2025.12.02-14.07.54:163][445]LogShaderCompilers: Display: === FShaderJobCache stats ===
[2025.12.02-14.07.54:163][445]LogShaderCompilers: Display: Total job queries 0, among them cache hits 0 (0.00%)
[2025.12.02-14.07.54:163][445]LogShaderCompilers: Display: Tracking 0 distinct input hashes that result in 0 distinct outputs (0.00%)
[2025.12.02-14.07.54:163][445]LogShaderCompilers: Display: RAM used: 0.00 MB (0.00 GB) of 716.80 MB (0.70 GB) budget. Usage: 0.00%
[2025.12.02-14.07.54:163][445]LogShaderCompilers: Display: ================================================
[2025.12.02-14.07.54:189][445]LogShaderCompilers: Display: Shaders left to compile 0
[2025.12.02-14.07.54:273][445]LogModuleManager: Shutting down and abandoning module HierarchicalLODUtilities (882)
[2025.12.02-14.07.54:273][445]LogModuleManager: Shutting down and abandoning module SequencerWidgets (880)
[2025.12.02-14.07.54:273][445]LogModuleManager: Shutting down and abandoning module ExternalImagePicker (878)
[2025.12.02-14.07.54:273][445]LogModuleManager: Shutting down and abandoning module MovieSceneCapture (876)
[2025.12.02-14.07.54:273][445]LogModuleManager: Shutting down and abandoning module Voice (874)
[2025.12.02-14.07.54:273][445]LogModuleManager: Shutting down and abandoning module BlueprintGraph (872)
[2025.12.02-14.07.54:273][445]LogModuleManager: Shutting down and abandoning module HierarchicalLODOutliner (870)
[2025.12.02-14.07.54:273][445]LogModuleManager: Shutting down and abandoning module SceneOutliner (868)
[2025.12.02-14.07.54:273][445]LogModuleManager: Shutting down and abandoning module AddContentDialog (866)
[2025.12.02-14.07.54:276][445]LogModuleManager: Shutting down and abandoning module WidgetCarousel (865)
[2025.12.02-14.07.54:276][445]LogModuleManager: Shutting down and abandoning module EditorWidgets (862)
[2025.12.02-14.07.54:276][445]LogModuleManager: Shutting down and abandoning module StatsViewer (860)
[2025.12.02-14.07.54:276][445]LogModuleManager: Shutting down and abandoning module PIEPreviewDeviceProfileSelector (858)
[2025.12.02-14.07.54:277][445]LogModuleManager: Shutting down and abandoning module SequenceRecorderSections (856)
[2025.12.02-14.07.54:277][445]LogModuleManager: Shutting down and abandoning module AutomationWorker (854)
[2025.12.02-14.07.54:277][445]LogModuleManager: Shutting down and abandoning module SteamVREditor (852)
[2025.12.02-14.07.54:277][445]LogModuleManager: Shutting down and abandoning module OculusMR (850)
[2025.12.02-14.07.54:277][445]LogModuleManager: Shutting down and abandoning module TakeRecorderSources (848)
[2025.12.02-14.07.54:278][445]LogModuleManager: Shutting down and abandoning module TakeRecorder (847)
[2025.12.02-14.07.54:278][445]LogModuleManager: Shutting down and abandoning module TakeTrackRecorders (844)
[2025.12.02-14.07.54:280][445]LogModuleManager: Shutting down and abandoning module TakesCore (842)
[2025.12.02-14.07.54:280][445]LogModuleManager: Shutting down and abandoning module OpenXRInput (840)
[2025.12.02-14.07.54:280][445]LogModuleManager: Shutting down and abandoning module GooglePADEditor (838)
[2025.12.02-14.07.54:280][445]LogModuleManager: Shutting down and abandoning module AudioCaptureEditor (836)
[2025.12.02-14.07.54:280][445]LogModuleManager: Shutting down and abandoning module TemplateSequenceEditor (834)
[2025.12.02-14.07.54:280][445]LogModuleManager: Shutting down and abandoning module MatineeToLevelSequence (832)
[2025.12.02-14.07.54:281][445]LogModuleManager: Shutting down and abandoning module LevelSequenceEditor (830)
[2025.12.02-14.07.54:282][445]LogModuleManager: Shutting down and abandoning module ActorSequenceEditor (828)
[2025.12.02-14.07.54:282][445]LogModuleManager: Shutting down and abandoning module PlanarCut (826)
[2025.12.02-14.07.54:283][445]LogModuleManager: Shutting down and abandoning module WmfMediaFactory (824)
[2025.12.02-14.07.54:283][445]LogModuleManager: Shutting down and abandoning module WmfMediaEditor (822)
[2025.12.02-14.07.54:283][445]LogModuleManager: Shutting down and abandoning module WebMMediaFactory (820)
[2025.12.02-14.07.54:283][445]LogModuleManager: Shutting down and abandoning module WebMMediaEditor (818)
[2025.12.02-14.07.54:283][445]LogModuleManager: Shutting down and abandoning module WebMMedia (816)
[2025.12.02-14.07.54:283][445]LogModuleManager: Shutting down and abandoning module MediaPlayerEditor (814)
[2025.12.02-14.07.54:284][445]LogModuleManager: Shutting down and abandoning module MediaCompositingEditor (812)
[2025.12.02-14.07.54:284][445]LogModuleManager: Shutting down and abandoning module SequenceRecorder (811)
[2025.12.02-14.07.54:284][445]LogModuleManager: Shutting down and abandoning module OpenExrWrapper (808)
[2025.12.02-14.07.54:284][445]LogModuleManager: Shutting down and abandoning module ImgMediaFactory (806)
[2025.12.02-14.07.54:284][445]LogModuleManager: Shutting down and abandoning module ImgMediaEditor (804)
[2025.12.02-14.07.54:284][445]LogModuleManager: Shutting down and abandoning module AndroidMediaFactory (802)
[2025.12.02-14.07.54:284][445]LogModuleManager: Shutting down and abandoning module AndroidMediaEditor (800)
[2025.12.02-14.07.54:284][445]LogModuleManager: Shutting down and abandoning module AvfMediaFactory (798)
[2025.12.02-14.07.54:284][445]LogModuleManager: Shutting down and abandoning module AvfMediaEditor (796)
[2025.12.02-14.07.54:284][445]LogModuleManager: Shutting down and abandoning module CharacterAI (794)
[2025.12.02-14.07.54:284][445]LogModuleManager: Shutting down and abandoning module MagicLeapMediaCodecFactory (792)
[2025.12.02-14.07.54:284][445]LogModuleManager: Shutting down and abandoning module MagicLeapMediaFactory (790)
[2025.12.02-14.07.54:284][445]LogModuleManager: Shutting down and abandoning module MagicLeapMediaEditor (788)
[2025.12.02-14.07.54:284][445]LogModuleManager: Shutting down and abandoning module TextureAlignMode (786)
[2025.12.02-14.07.54:284][445]LogModuleManager: Shutting down and abandoning module BspMode (784)
[2025.12.02-14.07.54:284][445]LogModuleManager: Shutting down and abandoning module GeometryMode (782)
[2025.12.02-14.07.54:284][445]LogModuleManager: Shutting down and abandoning module CameraShakePreviewer (780)
[2025.12.02-14.07.54:285][445]LogModuleManager: Shutting down and abandoning module SmartSnapping (778)
[2025.12.02-14.07.54:285][445]LogModuleManager: Shutting down and abandoning module SessionServices (776)
[2025.12.02-14.07.54:285][445]LogModuleManager: Shutting down and abandoning module MeshPaint (774)
[2025.12.02-14.07.54:285][445]LogModuleManager: Shutting down and abandoning module VirtualTexturingEditor (772)
[2025.12.02-14.07.54:287][445]LogModuleManager: Shutting down and abandoning module FoliageEdit (770)
[2025.12.02-14.07.54:287][445]LogModuleManager: Shutting down and abandoning module LandscapeEditor (768)
[2025.12.02-14.07.54:288][445]LogModuleManager: Shutting down and abandoning module MeshPaintMode (766)
[2025.12.02-14.07.54:288][445]LogModuleManager: Shutting down and abandoning module SceneDepthPickerMode (764)
[2025.12.02-14.07.54:288][445]LogModuleManager: Shutting down and abandoning module ActorPickerMode (762)
[2025.12.02-14.07.54:288][445]LogModuleManager: Shutting down and abandoning module PlacementMode (760)
[2025.12.02-14.07.54:288][445]LogModuleManager: Shutting down and abandoning module ViewportSnapping (758)
[2025.12.02-14.07.54:288][445]LogModuleManager: Shutting down and abandoning module ViewportInteraction (756)
[2025.12.02-14.07.54:288][445]LogModuleManager: Shutting down and abandoning module ClothPainter (754)
[2025.12.02-14.07.54:288][445]LogModuleManager: Shutting down and abandoning module SkeletalMeshEditor (753)
[2025.12.02-14.07.54:289][445]LogModuleManager: Shutting down and abandoning module LogVisualizer (750)
[2025.12.02-14.07.54:290][445]LogModuleManager: Shutting down and abandoning module IntroTutorials (748)
[2025.12.02-14.07.54:291][445]LogModuleManager: Shutting down and abandoning module GameProjectGeneration (747)
[2025.12.02-14.07.54:291][445]LogModuleManager: Shutting down and abandoning module LuminPlatformEditor (744)
[2025.12.02-14.07.54:291][445]LogModuleManager: Shutting down and abandoning module IOSPlatformEditor (742)
[2025.12.02-14.07.54:291][445]LogModuleManager: Shutting down and abandoning module AndroidPlatformEditor (740)
[2025.12.02-14.07.54:291][445]LogModuleManager: Shutting down and abandoning module AndroidDeviceDetection (739)
[2025.12.02-14.07.56:075][445]LogModuleManager: Shutting down and abandoning module WindowsPlatformEditor (736)
[2025.12.02-14.07.56:075][445]LogModuleManager: Shutting down and abandoning module LuminRuntimeSettings (734)
[2025.12.02-14.07.56:075][445]LogModuleManager: Shutting down and abandoning module IOSRuntimeSettings (732)
[2025.12.02-14.07.56:075][445]LogModuleManager: Shutting down and abandoning module AndroidRuntimeSettings (730)
[2025.12.02-14.07.56:075][445]LogModuleManager: Shutting down and abandoning module TraceInsights (728)
[2025.12.02-14.07.56:079][445]MemoryProfiler: Shutdown
[2025.12.02-14.07.56:079][445]NetworkingProfiler: Shutdown
[2025.12.02-14.07.56:079][445]LoadingProfiler: Shutdown
[2025.12.02-14.07.56:080][445]TimingProfiler: Shutdown
[2025.12.02-14.07.56:081][445]LogModuleManager: Shutting down and abandoning module TraceServices (727)
[2025.12.02-14.07.56:082][445]LogModuleManager: Shutting down and abandoning module EditorInteractiveToolsFramework (724)
[2025.12.02-14.07.56:082][445]LogModuleManager: Shutting down and abandoning module TimeManagementEditor (722)
[2025.12.02-14.07.56:082][445]LogModuleManager: Shutting down and abandoning module InputBindingEditor (720)
[2025.12.02-14.07.56:082][445]LogModuleManager: Shutting down and abandoning module MergeActors (718)
[2025.12.02-14.07.56:083][445]LogModuleManager: Shutting down and abandoning module LocalizationDashboard (716)
[2025.12.02-14.07.56:084][445]LogModuleManager: Shutting down and abandoning module LocalizationService (715)
[2025.12.02-14.07.56:084][445]LogModuleManager: Shutting down and abandoning module HardwareTargeting (712)
[2025.12.02-14.07.56:084][445]LogModuleManager: Shutting down and abandoning module DeviceProfileEditor (710)
[2025.12.02-14.07.56:084][445]LogModuleManager: Shutting down and abandoning module UndoHistory (708)
[2025.12.02-14.07.56:086][445]LogModuleManager: Shutting down and abandoning module XmlParser (706)
[2025.12.02-14.07.56:086][445]LogModuleManager: Shutting down and abandoning module Blutility (704)
[2025.12.02-14.07.56:086][445]LogModuleManager: Shutting down and abandoning module ProjectSettingsViewer (702)
[2025.12.02-14.07.56:087][445]LogModuleManager: Shutting down and abandoning module ProjectTargetPlatformEditor (701)
[2025.12.02-14.07.56:087][445]LogModuleManager: Shutting down and abandoning module EditorSettingsViewer (698)
[2025.12.02-14.07.56:087][445]LogModuleManager: Shutting down and abandoning module InternationalizationSettings (697)
[2025.12.02-14.07.56:088][445]LogModuleManager: Shutting down and abandoning module SettingsEditor (694)
[2025.12.02-14.07.56:088][445]LogModuleManager: Shutting down and abandoning module ProjectLauncher (692)
[2025.12.02-14.07.56:088][445]LogModuleManager: Shutting down and abandoning module SessionFrontend (690)
[2025.12.02-14.07.56:088][445]LogModuleManager: Shutting down and abandoning module ProfilerClient (688)
[2025.12.02-14.07.56:089][445]LogModuleManager: Shutting down and abandoning module DeviceManager (686)
[2025.12.02-14.07.56:090][445]LogModuleManager: Shutting down and abandoning module TargetDeviceServices (685)
[2025.12.02-14.07.56:123][445]LogModuleManager: Shutting down and abandoning module AutomationController (682)
[2025.12.02-14.07.56:124][445]LogModuleManager: Shutting down and abandoning module AutomationWindow (680)
[2025.12.02-14.07.56:124][445]LogModuleManager: Shutting down and abandoning module Layers (678)
[2025.12.02-14.07.56:125][445]LogModuleManager: Shutting down and abandoning module ComponentVisualizers (676)
[2025.12.02-14.07.56:125][445]LogModuleManager: Shutting down and abandoning module DetailCustomizations (674)
[2025.12.02-14.07.56:125][445]LogModuleManager: Shutting down and abandoning module PackagesDialog (672)
[2025.12.02-14.07.56:126][445]LogModuleManager: Shutting down and abandoning module AnimationBlueprintEditor (670)
[2025.12.02-14.07.56:127][445]LogModuleManager: Shutting down and abandoning module Persona (668)
[2025.12.02-14.07.56:129][445]LogModuleManager: Shutting down and abandoning module AdvancedPreviewScene (667)
[2025.12.02-14.07.56:129][445]LogModuleManager: Shutting down and abandoning module AnimGraph (665)
[2025.12.02-14.07.56:129][445]LogModuleManager: Shutting down and abandoning module Kismet (662)
[2025.12.02-14.07.56:170][445]LogModuleManager: Shutting down and abandoning module KismetWidgets (661)
[2025.12.02-14.07.56:170][445]LogModuleManager: Shutting down and abandoning module GraphEditor (658)
[2025.12.02-14.07.56:170][445]LogModuleManager: Shutting down and abandoning module StructViewer (656)
[2025.12.02-14.07.56:170][445]LogModuleManager: Shutting down and abandoning module ClassViewer (654)
[2025.12.02-14.07.56:174][445]LogModuleManager: Shutting down and abandoning module Toolbox (652)
[2025.12.02-14.07.56:175][445]LogModuleManager: Shutting down and abandoning module ModuleUI (650)
[2025.12.02-14.07.56:175][445]LogModuleManager: Shutting down and abandoning module OutputLog (648)
[2025.12.02-14.07.56:186][445]LogModuleManager: Shutting down and abandoning module GammaUI (646)
[2025.12.02-14.07.56:187][445]LogModuleManager: Shutting down and abandoning module Documentation (644)
[2025.12.02-14.07.56:191][445]LogModuleManager: Shutting down and abandoning module LiveCoding (642)
[2025.12.02-14.07.56:191][445]LogModuleManager: Shutting down and abandoning module LevelSequence (640)
[2025.12.02-14.07.56:191][445]LogModuleManager: Shutting down and abandoning module MovieSceneTracks (638)
[2025.12.02-14.07.56:191][445]LogModuleManager: Shutting down and abandoning module MovieScene (636)
[2025.12.02-14.07.56:192][445]LogModuleManager: Shutting down and abandoning module StreamingPauseRendering (634)
[2025.12.02-14.07.56:193][445]LogModuleManager: Shutting down and abandoning module LauncherPlatform (632)
[2025.12.02-14.07.56:193][445]LogModuleManager: Shutting down and abandoning module AnalyticsET (630)
[2025.12.02-14.07.56:193][445]LogModuleManager: Shutting down and abandoning module PortalServices (628)
[2025.12.02-14.07.56:193][445]LogModuleManager: Shutting down and abandoning module PortalRpc (626)
[2025.12.02-14.07.56:193][445]LogModuleManager: Shutting down and abandoning module MessagingRpc (624)
[2025.12.02-14.07.56:193][445]LogModuleManager: Shutting down and abandoning module AudioMixerXAudio2 (622)
[2025.12.02-14.07.56:193][445]LogModuleManager: Shutting down and abandoning module AudioMixerCore (621)
[2025.12.02-14.07.56:193][445]LogModuleManager: Shutting down and abandoning module AIModule (618)
[2025.12.02-14.07.56:193][445]LogModuleManager: Shutting down and abandoning module GameplayDebugger (617)
[2025.12.02-14.07.56:193][445]LogModuleManager: Shutting down and abandoning module AITestSuite (615)
[2025.12.02-14.07.56:193][445]LogModuleManager: Shutting down and abandoning module NavigationSystem (613)
[2025.12.02-14.07.56:193][445]LogModuleManager: Shutting down and abandoning module ImageWriteQueue (610)
[2025.12.02-14.07.56:193][445]LogModuleManager: Shutting down and abandoning module ProfilerService (608)
[2025.12.02-14.07.56:443][445]LogModuleManager: Shutting down and abandoning module TaskGraph (606)
[2025.12.02-14.07.56:447][445]LogModuleManager: Shutting down and abandoning module AudioSynesthesiaEditor (604)
[2025.12.02-14.07.56:447][445]LogModuleManager: Shutting down and abandoning module OculusEditor (602)
[2025.12.02-14.07.56:450][445]LogModuleManager: Shutting down and abandoning module OculusInput (600)
[2025.12.02-14.07.56:450][445]LogModuleManager: Shutting down and abandoning module ContentBrowserClassDataSource (598)
[2025.12.02-14.07.56:450][445]LogModuleManager: Shutting down and abandoning module ContentBrowserFileDataSource (596)
[2025.12.02-14.07.56:450][445]LogModuleManager: Shutting down and abandoning module ContentBrowserAssetDataSource (594)
[2025.12.02-14.07.56:450][445]LogModuleManager: Shutting down and abandoning module CollectionManager (593)
[2025.12.02-14.07.56:451][445]LogModuleManager: Shutting down and abandoning module TakeSequencer (590)
[2025.12.02-14.07.56:451][445]LogModuleManager: Shutting down and abandoning module TakeMovieScene (588)
[2025.12.02-14.07.56:451][445]LogModuleManager: Shutting down and abandoning module ScreenshotTools (586)
[2025.12.02-14.07.56:451][445]LogModuleManager: Shutting down and abandoning module SynthesisEditor (584)
[2025.12.02-14.07.56:451][445]LogModuleManager: Shutting down and abandoning module Synthesis (582)
[2025.12.02-14.07.56:452][445]LogModuleManager: Shutting down and abandoning module ProceduralMeshComponentEditor (580)
[2025.12.02-14.07.56:452][445]LogModuleManager: Shutting down and abandoning module ProceduralMeshComponent (578)
[2025.12.02-14.07.56:452][445]LogModuleManager: Shutting down and abandoning module OpenXREditor (576)
[2025.12.02-14.07.56:452][445]LogModuleManager: Shutting down and abandoning module MobilePatchingUtils (574)
[2025.12.02-14.07.56:452][445]LogModuleManager: Shutting down and abandoning module GooglePAD (572)
[2025.12.02-14.07.56:452][445]LogModuleManager: Shutting down and abandoning module EditableMesh (570)
[2025.12.02-14.07.56:452][445]LogModuleManager: Shutting down and abandoning module CustomMeshComponent (568)
[2025.12.02-14.07.56:452][445]LogModuleManager: Shutting down and abandoning module CableComponent (566)
[2025.12.02-14.07.56:452][445]LogModuleManager: Shutting down and abandoning module AudioCapture (564)
[2025.12.02-14.07.56:452][445]LogModuleManager: Shutting down and abandoning module AudioCaptureRtAudio (563)
[2025.12.02-14.07.56:454][445]LogModuleManager: Shutting down and abandoning module AssetTags (560)
[2025.12.02-14.07.56:454][445]LogModuleManager: Shutting down and abandoning module ArchVisCharacter (558)
[2025.12.02-14.07.56:454][445]LogModuleManager: Shutting down and abandoning module AppleImageUtilsBlueprintSupport (556)
[2025.12.02-14.07.56:454][445]LogModuleManager: Shutting down and abandoning module AppleImageUtils (554)
[2025.12.02-14.07.56:454][445]LogModuleManager: Shutting down and abandoning module AndroidPermission (552)
[2025.12.02-14.07.56:454][445]LogModuleManager: Shutting down and abandoning module ActorLayerUtilitiesEditor (550)
[2025.12.02-14.07.56:454][445]LogModuleManager: Shutting down and abandoning module ActorLayerUtilities (548)
[2025.12.02-14.07.56:454][445]LogModuleManager: Shutting down and abandoning module TemplateSequence (546)
[2025.12.02-14.07.56:454][445]LogModuleManager: Shutting down and abandoning module OpenImageDenoise (544)
[2025.12.02-14.07.56:454][445]LogOpenImageDenoise: OIDN shutting down
[2025.12.02-14.07.56:454][445]LogModuleManager: Shutting down and abandoning module MotoSynthEditor (542)
[2025.12.02-14.07.56:454][445]LogModuleManager: Shutting down and abandoning module MotoSynth (540)
[2025.12.02-14.07.56:454][445]LogModuleManager: Shutting down and abandoning module MeshConversion (538)
[2025.12.02-14.07.56:455][445]LogModuleManager: Shutting down and abandoning module DynamicMesh (536)
[2025.12.02-14.07.56:455][445]LogModuleManager: Shutting down and abandoning module GeometryAlgorithms (534)
[2025.12.02-14.07.56:456][445]LogModuleManager: Shutting down and abandoning module GeometricObjects (532)
[2025.12.02-14.07.56:456][445]LogModuleManager: Shutting down and abandoning module MediaCompositing (530)
[2025.12.02-14.07.56:456][445]LogModuleManager: Shutting down and abandoning module ImgMedia (528)
[2025.12.02-14.07.56:456][445]LogModuleManager: Shutting down and abandoning module GeometryCollectionTracks (526)
[2025.12.02-14.07.56:456][445]LogModuleManager: Shutting down and abandoning module GeometryCollectionSequencer (525)
[2025.12.02-14.07.56:456][445]LogModuleManager: Shutting down and abandoning module GeometryCollectionEditor (522)
[2025.12.02-14.07.56:456][445]LogModuleManager: Shutting down and abandoning module GeometryCacheTracks (520)
[2025.12.02-14.07.56:456][445]LogModuleManager: Shutting down and abandoning module GeometryCacheStreamer (518)
[2025.12.02-14.07.56:456][445]LogModuleManager: Shutting down and abandoning module GeometryCacheSequencer (516)
[2025.12.02-14.07.56:456][445]LogModuleManager: Shutting down and abandoning module MagicLeapSharedWorld (514)
[2025.12.02-14.07.56:456][445]LogModuleManager: Shutting down and abandoning module MagicLeapLightEstimation (512)
[2025.12.02-14.07.56:457][445]LogModuleManager: Shutting down and abandoning module MagicLeapHelperVulkan (510)
[2025.12.02-14.07.56:457][445]LogModuleManager: Shutting down and abandoning module MagicLeapHelperOpenGL (508)
[2025.12.02-14.07.56:457][445]LogModuleManager: Shutting down and abandoning module MagicLeapAudio (506)
[2025.12.02-14.07.56:457][445]LogModuleManager: Shutting down and abandoning module ChaosNiagara (504)
[2025.12.02-14.07.56:457][445]LogModuleManager: Shutting down and abandoning module ChaosSolverEditor (502)
[2025.12.02-14.07.56:457][445]LogModuleManager: Shutting down and abandoning module FractureEditor (500)
[2025.12.02-14.07.56:458][445]LogModuleManager: Shutting down and abandoning module FieldSystemEngine (499)
[2025.12.02-14.07.56:458][445]LogModuleManager: Shutting down and abandoning module ChaosClothEditor (496)
[2025.12.02-14.07.56:458][445]LogModuleManager: Shutting down and abandoning module BackChannel (494)
[2025.12.02-14.07.56:459][445]LogModuleManager: Shutting down and abandoning module AutomationUtilsEditor (492)
[2025.12.02-14.07.56:459][445]LogModuleManager: Shutting down and abandoning module AutomationUtils (490)
[2025.12.02-14.07.56:459][445]LogModuleManager: Shutting down and abandoning module AlembicImporter (488)
[2025.12.02-14.07.56:459][445]LogModuleManager: Shutting down and abandoning module AlembicLibrary (487)
[2025.12.02-14.07.56:459][445]LogModuleManager: Shutting down and abandoning module GeometryCache (486)
[2025.12.02-14.07.56:459][445]LogModuleManager: Shutting down and abandoning module GeometryCacheEd (485)
[2025.12.02-14.07.56:459][445]LogModuleManager: Shutting down and abandoning module NiagaraEditorWidgets (480)
[2025.12.02-14.07.56:460][445]LogModuleManager: Shutting down and abandoning module SpeedTreeImporter (478)
[2025.12.02-14.07.56:460][445]LogModuleManager: Shutting down and abandoning module PluginBrowser (476)
[2025.12.02-14.07.56:460][445]LogModuleManager: Shutting down and abandoning module MaterialAnalyzer (474)
[2025.12.02-14.07.56:460][445]LogModuleManager: Shutting down and abandoning module MobileLauncherProfileWizard (472)
[2025.12.02-14.07.56:462][445]LogModuleManager: Shutting down and abandoning module VisualStudioSourceCodeAccess (470)
[2025.12.02-14.07.56:462][445]LogModuleManager: Shutting down and abandoning module CryptoKeysOpenSSL (468)
[2025.12.02-14.07.56:462][445]LogModuleManager: Shutting down and abandoning module CryptoKeys (466)
[2025.12.02-14.07.56:462][445]LogModuleManager: Shutting down and abandoning module CurveEditorTools (464)
[2025.12.02-14.07.56:463][445]LogModuleManager: Shutting down and abandoning module VisualStudioCodeSourceCodeAccess (462)
[2025.12.02-14.07.56:463][445]LogModuleManager: Shutting down and abandoning module UObjectPlugin (460)
[2025.12.02-14.07.56:463][445]LogModuleManager: Shutting down and abandoning module SubversionSourceControl (458)
[2025.12.02-14.07.56:464][445]LogModuleManager: Shutting down and abandoning module RiderSourceCodeAccess (456)
[2025.12.02-14.07.56:464][445]LogModuleManager: Shutting down and abandoning module PluginUtils (454)
[2025.12.02-14.07.56:464][445]LogModuleManager: Shutting down and abandoning module VariantManagerContentEditor (452)
[2025.12.02-14.07.56:464][445]LogModuleManager: Shutting down and abandoning module PlasticSourceControl (450)
[2025.12.02-14.07.56:465][445]LogModuleManager: Shutting down and abandoning module PerforceSourceControl (448)
[2025.12.02-14.07.56:466][445]LogModuleManager: Shutting down and abandoning module GitSourceControl (446)
[2025.12.02-14.07.56:467][445]LogModuleManager: Shutting down and abandoning module SourceControl (445)
[2025.12.02-14.07.56:468][445]LogModuleManager: Shutting down and abandoning module DatasmithContentEditor (442)
[2025.12.02-14.07.56:468][445]LogModuleManager: Shutting down and abandoning module CLionSourceCodeAccess (440)
[2025.12.02-14.07.56:468][445]LogModuleManager: Shutting down and abandoning module OodleNetworkHandlerComponent (438)
[2025.12.02-14.07.56:468][445]LogModuleManager: Shutting down and abandoning module AnimationSharingEd (436)
[2025.12.02-14.07.56:468][445]LogModuleManager: Shutting down and abandoning module LightPropagationVolumeEditor (434)
[2025.12.02-14.07.56:468][445]LogModuleManager: Shutting down and abandoning module LiveLinkSequencer (432)
[2025.12.02-14.07.56:468][445]LogModuleManager: Shutting down and abandoning module LiveLinkMovieScene (430)
[2025.12.02-14.07.56:468][445]LogModuleManager: Shutting down and abandoning module LiveLinkGraphNode (428)
[2025.12.02-14.07.56:468][445]LogModuleManager: Shutting down and abandoning module LiveLinkEditor (426)
[2025.12.02-14.07.56:468][445]LogModuleManager: Shutting down and abandoning module LiveLinkComponents (424)
[2025.12.02-14.07.56:468][445]LogModuleManager: Shutting down and abandoning module LiveLink (422)
[2025.12.02-14.07.56:881][445]LogModuleManager: Shutting down and abandoning module PaperTiledImporter (420)
[2025.12.02-14.07.56:881][445]LogModuleManager: Shutting down and abandoning module PaperSpriteSheetImporter (418)
[2025.12.02-14.07.56:881][445]LogModuleManager: Shutting down and abandoning module Paper2DEditor (416)
[2025.12.02-14.07.56:882][445]LogModuleManager: Shutting down and abandoning module MeshPaintingToolset (414)
[2025.12.02-14.07.56:882][445]LogModuleManager: Shutting down and abandoning module MeshPaintEditorMode (412)
[2025.12.02-14.07.56:883][445]LogModuleManager: Shutting down and abandoning module SoundFields (410)
[2025.12.02-14.07.56:883][445]LogModuleManager: Shutting down and abandoning module RuntimePhysXCooking (408)
[2025.12.02-14.07.56:883][445]LogModuleManager: Shutting down and abandoning module SignificanceManager (406)
[2025.12.02-14.07.56:883][445]LogModuleManager: Shutting down and abandoning module PropertyAccessEditor (404)
[2025.12.02-14.07.56:883][445]LogModuleManager: Shutting down and abandoning module PhysXVehiclesEditor (402)
[2025.12.02-14.07.56:883][445]LogModuleManager: Shutting down and abandoning module LocationServicesBPLibrary (398)
[2025.12.02-14.07.56:883][445]LogModuleManager: Shutting down and abandoning module AudioSynesthesia (396)
[2025.12.02-14.07.56:883][445]LogModuleManager: Shutting down and abandoning module AudioSynesthesiaCore (394)
[2025.12.02-14.07.56:883][445]LogModuleManager: Shutting down and abandoning module ActorSequence (392)
[2025.12.02-14.07.56:883][445]LogModuleManager: Shutting down and abandoning module UdpMessaging (390)
[2025.12.02-14.07.56:985][445]LogModuleManager: Shutting down and abandoning module TcpMessaging (388)
[2025.12.02-14.07.57:086][445]LogModuleManager: Shutting down and abandoning module PythonScriptPlugin (386)
[2025.12.02-14.07.57:086][445]LogModuleManager: Shutting down and abandoning module ImgMediaEngine (384)
[2025.12.02-14.07.57:086][445]LogModuleManager: Shutting down and abandoning module MagicLeapARPin (382)
[2025.12.02-14.07.57:086][445]LogModuleManager: Shutting down and abandoning module MagicLeapHandMeshing (380)
[2025.12.02-14.07.57:086][445]LogModuleManager: Shutting down and abandoning module MagicLeapSecureStorage (378)
[2025.12.02-14.07.57:086][445]LogModuleManager: Shutting down and abandoning module MagicLeapPrivileges (376)
[2025.12.02-14.07.57:086][445]LogModuleManager: Shutting down and abandoning module MagicLeapPlanes (374)
[2025.12.02-14.07.57:087][445]LogMagicLeapPlanes: Planes tracker already destroyed.
[2025.12.02-14.07.57:087][445]LogModuleManager: Shutting down and abandoning module MagicLeapImageTracker (372)
[2025.12.02-14.07.57:087][445]LogModuleManager: Shutting down and abandoning module MagicLeapIdentity (370)
[2025.12.02-14.07.57:087][445]LogModuleManager: Shutting down and abandoning module MagicLeapHandTracking (368)
[2025.12.02-14.07.57:087][445]LogModuleManager: Shutting down and abandoning module MagicLeapEyeTracker (366)
[2025.12.02-14.07.57:087][445]LogModuleManager: Shutting down and abandoning module MagicLeapController (364)
[2025.12.02-14.07.57:087][445]LogModuleManager: Shutting down and abandoning module MagicLeapARPinImpl (362)
[2025.12.02-14.07.57:087][445]LogModuleManager: Shutting down and abandoning module MagicLeapAR (360)
[2025.12.02-14.07.57:087][445]LogModuleManager: Shutting down and abandoning module NiagaraAnimNotifies (358)
[2025.12.02-14.07.57:087][445]LogModuleManager: Shutting down and abandoning module Niagara (356)
[2025.12.02-14.07.57:088][445]LogModuleManager: Shutting down and abandoning module SignalProcessing (355)
[2025.12.02-14.07.57:088][445]LogModuleManager: Shutting down and abandoning module NiagaraEditor (353)
[2025.12.02-14.07.57:088][445]LogModuleManager: Shutting down and abandoning module NiagaraCore (350)
[2025.12.02-14.07.57:088][445]LogModuleManager: Shutting down and abandoning module FacialAnimationEditor (348)
[2025.12.02-14.07.57:088][445]LogModuleManager: Shutting down and abandoning module FacialAnimation (346)
[2025.12.02-14.07.57:088][445]LogModuleManager: Shutting down and abandoning module GameplayTagsEditor (344)
[2025.12.02-14.07.57:088][445]LogModuleManager: Shutting down and abandoning module DataValidation (342)
[2025.12.02-14.07.57:088][445]LogModuleManager: Shutting down and abandoning module AssetManagerEditor (340)
[2025.12.02-14.07.57:088][445]LogModuleManager: Shutting down and abandoning module LevelEditor (339)
[2025.12.02-14.07.57:093][445]LogModuleManager: Shutting down and abandoning module PixelInspectorModule (338)
[2025.12.02-14.07.57:093][445]LogModuleManager: Shutting down and abandoning module CommonMenuExtensions (336)
[2025.12.02-14.07.57:093][445]LogModuleManager: Shutting down and abandoning module MainFrame (334)
[2025.12.02-14.07.57:094][445]LogModuleManager: Shutting down and abandoning module HotReload (333)
[2025.12.02-14.07.57:095][445]LogModuleManager: Shutting down and abandoning module ToolMenus (329)
[2025.12.02-14.07.57:095][445]LogModuleManager: Shutting down and abandoning module ContentBrowser (327)
[2025.12.02-14.07.57:095][445]LogModuleManager: Shutting down and abandoning module ContentBrowserData (326)
[2025.12.02-14.07.57:095][445]LogModuleManager: Shutting down and abandoning module TreeMap (323)
[2025.12.02-14.07.57:095][445]LogModuleManager: Shutting down and abandoning module PropertyAccessNode (320)
[2025.12.02-14.07.57:095][445]LogModuleManager: Shutting down and abandoning module AnimationSharing (318)
[2025.12.02-14.07.57:095][445]LogModuleManager: Shutting down and abandoning module GameplayCameras (316)
[2025.12.02-14.07.57:095][445]LogModuleManager: Shutting down and abandoning module LightPropagationVolumeRuntime (314)
[2025.12.02-14.07.57:095][445]LogModuleManager: Shutting down and abandoning module EnvironmentQueryEditor (312)
[2025.12.02-14.07.57:096][445]LogModuleManager: Shutting down and abandoning module Paper2D (310)
[2025.12.02-14.07.57:096][445]LogModuleManager: Shutting down and abandoning module WindowsMoviePlayer (308)
[2025.12.02-14.07.57:104][445]LogModuleManager: Shutting down and abandoning module WebMMoviePlayer (306)
[2025.12.02-14.07.57:104][445]LogModuleManager: Shutting down and abandoning module NetworkReplayStreaming (304)
[2025.12.02-14.07.57:104][445]LogModuleManager: Shutting down and abandoning module PacketHandler (302)
[2025.12.02-14.07.57:104][445]LogModuleManager: Shutting down and abandoning module ClothingSystemEditor (300)
[2025.12.02-14.07.57:104][445]LogModuleManager: Shutting down and abandoning module ClothingSystemRuntimeNv (298)
[2025.12.02-14.07.57:105][445]LogModuleManager: Shutting down and abandoning module MediaAssets (296)
[2025.12.02-14.07.57:105][445]LogModuleManager: Shutting down and abandoning module Overlay (294)
[2025.12.02-14.07.57:105][445]LogModuleManager: Shutting down and abandoning module OverlayEditor (293)
[2025.12.02-14.07.57:105][445]LogModuleManager: Shutting down and abandoning module VREditor (290)
[2025.12.02-14.07.57:106][445]LogModuleManager: Shutting down and abandoning module StringTableEditor (288)
[2025.12.02-14.07.57:106][445]LogModuleManager: Shutting down and abandoning module GameplayTasksEditor (286)
[2025.12.02-14.07.57:106][445]LogModuleManager: Shutting down and abandoning module BehaviorTreeEditor (284)
[2025.12.02-14.07.57:107][445]LogModuleManager: Shutting down and abandoning module FunctionalTesting (282)
[2025.12.02-14.07.57:107][445]LogModuleManager: Shutting down and abandoning module CollisionAnalyzer (280)
[2025.12.02-14.07.57:108][445]LogModuleManager: Shutting down and abandoning module WorkspaceMenuStructure (279)
[2025.12.02-14.07.57:108][445]LogModuleManager: Shutting down and abandoning module UMG (276)
[2025.12.02-14.07.57:108][445]LogModuleManager: Shutting down and abandoning module UMGEditor (275)
[2025.12.02-14.07.57:108][445]LogModuleManager: Shutting down and abandoning module MessageLog (273)
[2025.12.02-14.07.57:108][445]LogModuleManager: Shutting down and abandoning module SlateReflector (268)
[2025.12.02-14.07.57:110][445]LogModuleManager: Shutting down and abandoning module Slate (266)
[2025.12.02-14.07.57:110][445]LogModuleManager: Shutting down and abandoning module SlateCore (264)
[2025.12.02-14.07.57:112][445]LogModuleManager: Shutting down and abandoning module LandscapeEditorUtilities (262)
[2025.12.02-14.07.57:112][445]LogModuleManager: Shutting down and abandoning module UnrealEd (260)
[2025.12.02-14.07.57:112][445]LogModuleManager: Shutting down and abandoning module MRMesh (258)
[2025.12.02-14.07.57:112][445]LogModuleManager: Shutting down and abandoning module SourceCodeAccess (256)
[2025.12.02-14.07.57:112][445]LogModuleManager: Shutting down and abandoning module HeadMountedDisplay (254)
[2025.12.02-14.07.57:112][445]LogModuleManager: Shutting down and abandoning module XAudio2 (252)
[2025.12.02-14.07.57:112][445]LogModuleManager: Shutting down and abandoning module Networking (250)
[2025.12.02-14.07.57:112][445]LogModuleManager: Shutting down and abandoning module Core (248)
[2025.12.02-14.07.57:112][445]LogModuleManager: Shutting down and abandoning module MaterialEditor (246)
[2025.12.02-14.07.57:113][445]LogModuleManager: Shutting down and abandoning module MovieSceneTools (244)
[2025.12.02-14.07.57:113][445]LogModuleManager: Shutting down and abandoning module CurveEditor (243)
[2025.12.02-14.07.57:113][445]LogModuleManager: Shutting down and abandoning module Sequencer (241)
[2025.12.02-14.07.57:114][445]LogModuleManager: Shutting down and abandoning module EditorStyle (240)
[2025.12.02-14.07.57:116][445]LogModuleManager: Shutting down and abandoning module KismetCompiler (236)
[2025.12.02-14.07.57:117][445]LogModuleManager: Shutting down and abandoning module MeshBuilder (234)
[2025.12.02-14.07.57:117][445]LogModuleManager: Shutting down and abandoning module MeshUtilities (232)
[2025.12.02-14.07.57:117][445]LogModuleManager: Shutting down and abandoning module MeshMergeUtilities (231)
[2025.12.02-14.07.57:117][445]LogModuleManager: Shutting down and abandoning module MeshReductionInterface (230)
[2025.12.02-14.07.57:117][445]LogModuleManager: Shutting down and abandoning module MeshBoneReduction (229)
[2025.12.02-14.07.57:118][445]LogModuleManager: Shutting down and abandoning module SkeletalMeshReduction (227)
[2025.12.02-14.07.57:118][445]LogModuleManager: Shutting down and abandoning module ProxyLODMeshReduction (225)
[2025.12.02-14.07.57:119][445]LogModuleManager: Shutting down and abandoning module QuadricMeshReduction (223)
[2025.12.02-14.07.57:119][445]LogModuleManager: Shutting down and abandoning module MaterialBaking (219)
[2025.12.02-14.07.57:119][445]LogModuleManager: Shutting down and abandoning module NullInstallBundleManager (214)
[2025.12.02-14.07.57:119][445]LogModuleManager: Shutting down and abandoning module DerivedDataCache (212)
[2025.12.02-14.07.57:120][445]LogModuleManager: Shutting down and abandoning module TargetPlatform (210)
[2025.12.02-14.07.57:120][445]LogModuleManager: Shutting down and abandoning module VulkanShaderFormat (209)
[2025.12.02-14.07.57:122][445]LogModuleManager: Shutting down and abandoning module ShaderFormatVectorVM (207)
[2025.12.02-14.07.57:122][445]LogModuleManager: Shutting down and abandoning module ShaderFormatOpenGL (205)
[2025.12.02-14.07.57:122][445]LogModuleManager: Shutting down and abandoning module ShaderFormatD3D (203)
[2025.12.02-14.07.57:122][445]LogModuleManager: Shutting down and abandoning module MetalShaderFormat (201)
[2025.12.02-14.07.57:123][445]LogModuleManager: Shutting down and abandoning module TextureFormatOodle (199)
[2025.12.02-14.07.57:123][445]LogModuleManager: Shutting down and abandoning module TextureFormatUncompressed (197)
[2025.12.02-14.07.57:123][445]LogModuleManager: Shutting down and abandoning module TextureFormatPVR (195)
[2025.12.02-14.07.57:123][445]LogModuleManager: Shutting down and abandoning module TextureFormatETC2 (193)
[2025.12.02-14.07.57:123][445]LogModuleManager: Shutting down and abandoning module TextureFormatDXT (191)
[2025.12.02-14.07.57:124][445]LogModuleManager: Shutting down and abandoning module TextureFormatIntelISPCTexComp (189)
[2025.12.02-14.07.57:125][445]LogModuleManager: Shutting down and abandoning module TextureFormatASTC (187)
[2025.12.02-14.07.57:125][445]LogModuleManager: Shutting down and abandoning module ImageWrapper (186)
[2025.12.02-14.07.57:125][445]LogModuleManager: Shutting down and abandoning module AudioFormatOpus (183)
[2025.12.02-14.07.57:125][445]LogModuleManager: Shutting down and abandoning module AudioFormatOgg (181)
[2025.12.02-14.07.57:125][445]LogModuleManager: Shutting down and abandoning module AudioFormatADPCM (179)
[2025.12.02-14.07.57:125][445]LogModuleManager: Shutting down and abandoning module WindowsServerTargetPlatform (177)
[2025.12.02-14.07.57:127][445]LogModuleManager: Shutting down and abandoning module WindowsClientTargetPlatform (175)
[2025.12.02-14.07.57:127][445]LogModuleManager: Shutting down and abandoning module WindowsTargetPlatform (173)
[2025.12.02-14.07.57:127][445]LogModuleManager: Shutting down and abandoning module WindowsNoEditorTargetPlatform (171)
[2025.12.02-14.07.57:127][445]LogModuleManager: Shutting down and abandoning module TVOSTargetPlatform (169)
[2025.12.02-14.07.57:132][445]LogModuleManager: Shutting down and abandoning module MacServerTargetPlatform (167)
[2025.12.02-14.07.57:132][445]LogModuleManager: Shutting down and abandoning module MacClientTargetPlatform (165)
[2025.12.02-14.07.57:132][445]LogModuleManager: Shutting down and abandoning module MacTargetPlatform (163)
[2025.12.02-14.07.57:132][445]LogModuleManager: Shutting down and abandoning module MacNoEditorTargetPlatform (161)
[2025.12.02-14.07.57:132][445]LogModuleManager: Shutting down and abandoning module LuminTargetPlatform (159)
[2025.12.02-14.07.57:138][445]LogModuleManager: Shutting down and abandoning module LinuxAArch64ServerTargetPlatform (157)
[2025.12.02-14.07.57:138][445]LogModuleManager: Shutting down and abandoning module LinuxAArch64ClientTargetPlatform (155)
[2025.12.02-14.07.57:138][445]LogModuleManager: Shutting down and abandoning module LinuxAArch64NoEditorTargetPlatform (153)
[2025.12.02-14.07.57:138][445]LogModuleManager: Shutting down and abandoning module LinuxServerTargetPlatform (151)
[2025.12.02-14.07.57:138][445]LogModuleManager: Shutting down and abandoning module LinuxClientTargetPlatform (149)
[2025.12.02-14.07.57:138][445]LogModuleManager: Shutting down and abandoning module LinuxNoEditorTargetPlatform (147)
[2025.12.02-14.07.57:138][445]LogModuleManager: Shutting down and abandoning module LinuxTargetPlatform (145)
[2025.12.02-14.07.57:138][445]LogModuleManager: Shutting down and abandoning module Messaging (143)
[2025.12.02-14.07.57:138][445]LogModuleManager: Shutting down and abandoning module IOSTargetPlatform (141)
[2025.12.02-14.07.57:143][445]LogModuleManager: Shutting down and abandoning module AndroidTargetPlatform (139)
[2025.12.02-14.07.57:158][445]LogModuleManager: Shutting down and abandoning module AllDesktopTargetPlatform (137)
[2025.12.02-14.07.57:158][445]LogModuleManager: Shutting down and abandoning module D3D11RHI (134)
[2025.12.02-14.07.57:158][445]LogModuleManager: Shutting down and abandoning module InputCore (132)
[2025.12.02-14.07.57:158][445]LogModuleManager: Shutting down and abandoning module Settings (130)
[2025.12.02-14.07.57:158][445]LogModuleManager: Shutting down and abandoning module DirectoryWatcher (128)
[2025.12.02-14.07.57:159][445]LogModuleManager: Shutting down and abandoning module PhysXCooking (126)
[2025.12.02-14.07.57:159][445]LogModuleManager: Shutting down and abandoning module Chaos (124)
[2025.12.02-14.07.57:159][445]LogModuleManager: Shutting down and abandoning module WindowsPlatformFeatures (122)
[2025.12.02-14.07.57:159][445]LogModuleManager: Shutting down and abandoning module GameplayMediaEncoder (121)
[2025.12.02-14.07.57:160][445]LogModuleManager: Shutting down and abandoning module AVEncoder (120)
[2025.12.02-14.07.57:160][445]LogModuleManager: Shutting down and abandoning module SteamVRInputDevice (116)
[2025.12.02-14.07.57:160][445]LogModuleManager: Shutting down and abandoning module SteamVRInput (114)
[2025.12.02-14.07.57:160][445]LogModuleManager: Shutting down and abandoning module SteamVR (112)
[2025.12.02-14.07.57:160][445]LogHMD: Freeing OpenVRDLLHandle.
[2025.12.02-14.07.57:160][445]LogModuleManager: Shutting down and abandoning module OculusHMD (110)
[2025.12.02-14.07.57:160][445]LogModuleManager: Shutting down and abandoning module OpenXRHandTracking (108)
[2025.12.02-14.07.57:160][445]LogSlate: Slate User Destroyed.  User Index 0, Is Virtual User: 0
[2025.12.02-14.07.57:161][445]LogModuleManager: Shutting down and abandoning module OpenXREyeTracker (106)
[2025.12.02-14.07.57:161][445]LogModuleManager: Shutting down and abandoning module OpenXRAR (104)
[2025.12.02-14.07.57:161][445]LogModuleManager: Shutting down and abandoning module AugmentedReality (103)
[2025.12.02-14.07.57:161][445]LogModuleManager: Shutting down and abandoning module OpenXRHMD (100)
[2025.12.02-14.07.57:162][445]LogModuleManager: Shutting down and abandoning module ExampleDeviceProfileSelector (98)
[2025.12.02-14.07.57:162][445]LogModuleManager: Shutting down and abandoning module ChunkDownloader (96)
[2025.12.02-14.07.57:162][445]LogModuleManager: Shutting down and abandoning module LauncherChunkInstaller (94)
[2025.12.02-14.07.57:162][445]LogModuleManager: Shutting down and abandoning module OnlineBlueprintSupport (92)
[2025.12.02-14.07.57:162][445]LogModuleManager: Shutting down and abandoning module OnlineSubsystem (88)
[2025.12.02-14.07.57:164][445]LogModuleManager: Shutting down and abandoning module XMPP (83)
[2025.12.02-14.07.57:165][445]LogModuleManager: Shutting down and abandoning module WebSockets (82)
[2025.12.02-14.07.57:188][445]LogModuleManager: Shutting down and abandoning module HTTP (79)
[2025.12.02-14.07.57:188][445]LogHttp: Display: Http module shutting down, but needs to wait on 1 outstanding Http requests:
[2025.12.02-14.07.57:188][445]LogHttp: Display: 	verb=[POST] url=[https://datarouter.ol.epicgames.com/datarouter/api/v1/public/data?SessionID=%7B756EF12C-402D-71B2-3B2D-33A03BEC4E44%7D&AppID=UEEditor.Rocket.Release&AppVersion=4.27.2-18319896%2B%2B%2BUE4%2BRelease-4.27&UserID=6b32b507452abda10a7c05ae1bad203d%7C38f7320a2cd3485499351c2be7beab48%7C53da50d7-cec7-4077-bfe3-1423eb7dc99f&AppEnvironment=datacollector-binary&UploadType=eteventstream] refs=[1] status=Processing
[2025.12.02-14.07.57:188][445]LogHttp: Display: cleaning up 1 outstanding Http requests.
[2025.12.02-14.07.57:220][445]LogModuleManager: Shutting down and abandoning module SSL (78)
[2025.12.02-14.07.57:222][445]LogModuleManager: Shutting down and abandoning module WmfMedia (74)
[2025.12.02-14.07.57:224][445]LogModuleManager: Shutting down and abandoning module Media (73)
[2025.12.02-14.07.57:227][445]LogModuleManager: Shutting down and abandoning module MediaInfo (72)
[2025.12.02-14.07.57:227][445]LogModuleManager: Shutting down and abandoning module ExrReaderGpu (68)
[2025.12.02-14.07.57:227][445]LogModuleManager: Shutting down and abandoning module MLSDK (66)
[2025.12.02-14.07.57:228][445]LogModuleManager: Shutting down and abandoning module MagicLeap (64)
[2025.12.02-14.07.57:228][445]LogModuleManager: Shutting down and abandoning module ChaosCloth (62)
[2025.12.02-14.07.57:228][445]LogModuleManager: Shutting down and abandoning module NiagaraVertexFactories (60)
[2025.12.02-14.07.57:228][445]LogModuleManager: Shutting down and abandoning module NiagaraShader (58)
[2025.12.02-14.07.57:228][445]LogModuleManager: Shutting down and abandoning module PixWinPlugin (56)
[2025.12.02-14.07.57:228][445]LogModuleManager: Shutting down and abandoning module VariantManagerContent (54)
[2025.12.02-14.07.57:228][445]LogModuleManager: Shutting down and abandoning module DatasmithContent (52)
[2025.12.02-14.07.57:228][445]LogModuleManager: Shutting down and abandoning module AISupportModule (50)
[2025.12.02-14.07.57:228][445]LogModuleManager: Shutting down and abandoning module DesktopPlatform (48)
[2025.12.02-14.07.57:229][445]LogModuleManager: Shutting down and abandoning module PythonScriptPluginPreload (46)
[2025.12.02-14.07.57:229][445]LogModuleManager: Shutting down and abandoning module PlatformCryptoOpenSSL (44)
[2025.12.02-14.07.57:229][445]LogModuleManager: Shutting down and abandoning module PlatformCryptoTypes (42)
[2025.12.02-14.07.57:229][445]LogModuleManager: Shutting down and abandoning module PlatformCrypto (40)
[2025.12.02-14.07.57:229][445]LogModuleManager: Shutting down and abandoning module OodleDataCompressionFormat (38)
[2025.12.02-14.07.57:229][445]LogModuleManager: Shutting down and abandoning module XGEController (36)
[2025.12.02-14.07.57:230][445]LogModuleManager: Shutting down and abandoning module AnimationModifiers (34)
[2025.12.02-14.07.57:230][445]LogModuleManager: Shutting down and abandoning module AudioEditor (32)
[2025.12.02-14.07.57:231][445]LogModuleManager: Shutting down and abandoning module PropertyEditor (31)
[2025.12.02-14.07.57:232][445]LogModuleManager: Shutting down and abandoning module TextureCompressor (28)
[2025.12.02-14.07.57:232][445]LogModuleManager: Shutting down and abandoning module RenderCore (26)
[2025.12.02-14.07.57:232][445]LogModuleManager: Shutting down and abandoning module Landscape (24)
[2025.12.02-14.07.57:232][445]LogModuleManager: Shutting down and abandoning module SlateRHIRenderer (22)
[2025.12.02-14.07.57:240][445]LogModuleManager: Shutting down and abandoning module AnimGraphRuntime (20)
[2025.12.02-14.07.57:241][445]LogModuleManager: Shutting down and abandoning module Renderer (18)
[2025.12.02-14.07.57:241][445]LogModuleManager: Shutting down and abandoning module Engine (16)
[2025.12.02-14.07.57:241][445]LogModuleManager: Shutting down and abandoning module CoreUObject (14)
[2025.12.02-14.07.57:241][445]LogModuleManager: Shutting down and abandoning module NetworkFile (12)
[2025.12.02-14.07.57:242][445]LogModuleManager: Shutting down and abandoning module CookedIterativeFile (10)
[2025.12.02-14.07.57:242][445]LogModuleManager: Shutting down and abandoning module StreamingFile (8)
[2025.12.02-14.07.57:242][445]LogModuleManager: Shutting down and abandoning module SandboxFile (6)
[2025.12.02-14.07.57:242][445]LogModuleManager: Shutting down and abandoning module PakFile (4)
[2025.12.02-14.07.57:242][445]LogModuleManager: Shutting down and abandoning module RSA (3)
[2025.12.02-14.07.57:242][445]LogContentStreaming: Display: There are 1 unreleased StreamingManagers
[2025.12.02-14.07.57:266][445]LogD3D11RHI: Shutdown
[2025.12.02-14.07.57:266][445]LogD3D11RHI: CleanupD3DDevice
[2025.12.02-14.07.57:274][445]LogExit: Exiting.
[2025.12.02-14.07.57:293][445]Log file closed, 12/02/25 11:07:57
