Log file open, 11/25/25 16:11:40
LogWindows: Failed to load 'aqProf.dll' (GetLastError=126)
LogWindows: File 'aqProf.dll' does not exist
LogWindows: Failed to load 'VtuneApi.dll' (GetLastError=126)
LogWindows: File 'VtuneApi.dll' does not exist
LogWindows: Failed to load 'VtuneApi32e.dll' (GetLastError=126)
LogWindows: File 'VtuneApi32e.dll' does not exist
LogConsoleResponse: Display: Failed to find resolution value strings in scalability ini. Falling back to default.
LogConsoleResponse: Display: Failed to find resolution value strings in scalability ini. Falling back to default.
LogInit: Display: Running engine for game: ColunaDoendoSamurai
LogPlatformFile: Not using cached read wrapper
LogTaskGraph: Started task graph with 5 named threads and 23 total threads with 3 sets of task threads.
LogStats: Stats thread started at 0.335833
LogICUInternationalization: ICU TimeZone Detection - Raw Offset: -3:00, Platform Override: ''
LogInit: Display: Loading text-based GConfig....
LogPluginManager: Mounting plugin MeshPainting
LogPluginManager: Mounting plugin XGEController
LogPluginManager: Mounting plugin Paper2D
LogPluginManager: Mounting plugin LiveLink
LogPluginManager: Mounting plugin EnvironmentQueryEditor
LogPluginManager: Mounting plugin AISupport
LogPluginManager: Mounting plugin LightPropagationVolume
LogPluginManager: Mounting plugin CameraShakePreviewer
LogPluginManager: Mounting plugin GameplayCameras
LogPluginManager: Mounting plugin OodleData
LogPluginManager: Mounting plugin OodleNetwork
LogPluginManager: Mounting plugin AlembicImporter
LogPluginManager: Mounting plugin AutomationUtils
LogPluginManager: Mounting plugin AnimationSharing
LogPluginManager: Mounting plugin BackChannel
LogPluginManager: Mounting plugin ChaosCloth
LogPluginManager: Mounting plugin ChaosClothEditor
LogPluginManager: Mounting plugin CLionSourceCodeAccess
LogPluginManager: Mounting plugin CodeLiteSourceCodeAccess
LogPluginManager: Mounting plugin NullSourceCodeAccess
LogPluginManager: Mounting plugin ChaosEditor
LogPluginManager: Mounting plugin KDevelopSourceCodeAccess
LogPluginManager: Mounting plugin GitSourceControl
LogPluginManager: Mounting plugin PerforceSourceControl
LogPluginManager: Mounting plugin ChaosNiagara
LogPluginManager: Mounting plugin PixWinPlugin
LogPluginManager: Mounting plugin PlasticSourceControl
LogPluginManager: Mounting plugin ChaosSolverPlugin
LogPluginManager: Mounting plugin PluginUtils
LogPluginManager: Mounting plugin CharacterAI
LogPluginManager: Mounting plugin PropertyAccessNode
LogPluginManager: Mounting plugin SubversionSourceControl
LogPluginManager: Mounting plugin RiderSourceCodeAccess
LogPluginManager: Mounting plugin AssetManagerEditor
LogPluginManager: Mounting plugin TextureFormatOodle
LogPluginManager: Mounting plugin UObjectPlugin
LogPluginManager: Mounting plugin XCodeSourceCodeAccess
LogPluginManager: Mounting plugin VisualStudioSourceCodeAccess
LogPluginManager: Mounting plugin VisualStudioCodeSourceCodeAccess
LogPluginManager: Mounting plugin GeometryCache
LogPluginManager: Mounting plugin GeometryCollectionPlugin
LogPluginManager: Mounting plugin CurveEditorTools
LogPluginManager: Mounting plugin CryptoKeys
LogPluginManager: Mounting plugin DataValidation
LogPluginManager: Mounting plugin FacialAnimation
LogPluginManager: Mounting plugin MacGraphicsSwitching
LogPluginManager: Mounting plugin GeometryMode
LogPluginManager: Mounting plugin MaterialAnalyzer
LogPluginManager: Mounting plugin Niagara
LogPluginManager: Mounting plugin GameplayTagsEditor
LogPluginManager: Mounting plugin MobileLauncherProfileWizard
LogPluginManager: Mounting plugin PluginBrowser
LogPluginManager: Mounting plugin GeometryProcessing
LogPluginManager: Mounting plugin SpeedTreeImporter
LogPluginManager: Mounting plugin MotoSynth
LogPluginManager: Mounting plugin OpenImageDenoise
LogPluginManager: Mounting plugin PlatformCrypto
LogPluginManager: Mounting plugin PlanarCut
LogPluginManager: Mounting plugin PythonScriptPlugin
LogPluginManager: Mounting plugin ProxyLODPlugin
LogPluginManager: Mounting plugin SkeletalReduction
LogPluginManager: Mounting plugin LuminPlatformFeatures
LogPluginManager: Mounting plugin MagicLeap
LogPluginManager: Mounting plugin MagicLeapLightEstimation
LogPluginManager: Mounting plugin MagicLeapMedia
LogPluginManager: Mounting plugin MagicLeapPassableWorld
LogPluginManager: Mounting plugin MLSDK
LogPluginManager: Mounting plugin TcpMessaging
LogPluginManager: Mounting plugin UdpMessaging
LogPluginManager: Mounting plugin AndroidMedia
LogPluginManager: Mounting plugin AvfMedia
LogPluginManager: Mounting plugin ImgMedia
LogPluginManager: Mounting plugin MediaCompositing
LogPluginManager: Mounting plugin MediaPlayerEditor
LogPluginManager: Mounting plugin WebMMedia
LogPluginManager: Mounting plugin WmfMedia
LogPluginManager: Mounting plugin ActorSequence
LogPluginManager: Mounting plugin LevelSequenceEditor
LogPluginManager: Mounting plugin MatineeToLevelSequence
LogPluginManager: Mounting plugin TemplateSequence
LogPluginManager: Mounting plugin OnlineSubsystem
LogPluginManager: Mounting plugin OnlineSubsystemNull
LogPluginManager: Mounting plugin OnlineSubsystemUtils
LogPluginManager: Mounting plugin LauncherChunkInstaller
LogPluginManager: Mounting plugin ActorLayerUtilities
LogPluginManager: Mounting plugin AndroidMoviePlayer
LogPluginManager: Mounting plugin AndroidPermission
LogPluginManager: Mounting plugin AndroidDeviceProfileSelector
LogPluginManager: Mounting plugin ArchVisCharacter
LogPluginManager: Mounting plugin AppleImageUtils
LogPluginManager: Mounting plugin AppleMoviePlayer
LogPluginManager: Mounting plugin AssetTags
LogPluginManager: Mounting plugin AudioCapture
LogPluginManager: Mounting plugin AudioSynesthesia
LogPluginManager: Mounting plugin ChunkDownloader
LogPluginManager: Mounting plugin CableComponent
LogPluginManager: Mounting plugin CustomMeshComponent
LogPluginManager: Mounting plugin EditableMesh
LogPluginManager: Mounting plugin ExampleDeviceProfileSelector
LogPluginManager: Mounting plugin GoogleCloudMessaging
LogPluginManager: Mounting plugin GooglePAD
LogPluginManager: Mounting plugin ScreenshotTools
LogPluginManager: Mounting plugin IOSDeviceProfileSelector
LogPluginManager: Mounting plugin LinuxDeviceProfileSelector
LogPluginManager: Mounting plugin LocationServicesBPLibrary
LogPluginManager: Mounting plugin MobilePatchingUtils
LogPluginManager: Mounting plugin OpenXR
LogPluginManager: Mounting plugin OpenXREyeTracker
LogPluginManager: Mounting plugin OpenXRHandTracking
LogPluginManager: Mounting plugin PostSplashScreen
LogPluginManager: Mounting plugin PhysXVehicles
LogPluginManager: Mounting plugin PropertyAccessEditor
LogPluginManager: Mounting plugin ProceduralMeshComponent
LogPluginManager: Mounting plugin RuntimePhysXCooking
LogPluginManager: Mounting plugin SignificanceManager
LogPluginManager: Mounting plugin SoundFields
LogPluginManager: Mounting plugin Synthesis
LogPluginManager: Mounting plugin WebMMoviePlayer
LogPluginManager: Mounting plugin WindowsMoviePlayer
LogPluginManager: Mounting plugin Takes
LogPluginManager: Mounting plugin DatasmithContent
LogPluginManager: Mounting plugin VariantManagerContent
LogPluginManager: Mounting plugin ContentBrowserAssetDataSource
LogPluginManager: Mounting plugin ContentBrowserClassDataSource
LogPluginManager: Mounting plugin ContentBrowserFileDataSource
LogPluginManager: Mounting plugin OnlineSubsystemGooglePlay
LogPluginManager: Mounting plugin OnlineSubsystemIOS
LogPluginManager: Mounting plugin OculusVR
LogPluginManager: Mounting plugin SteamVR
PixWinPlugin: PIX capture plugin failed to initialize! Check that the process is launched from PIX.
LogInit: Using libcurl 7.55.1-DEV
LogInit:  - built for x86_64-pc-win32
LogInit:  - supports SSL with OpenSSL/1.1.1
LogInit:  - supports HTTP deflate (compression) using libz 1.2.8
LogInit:  - other features:
LogInit:      CURL_VERSION_SSL
LogInit:      CURL_VERSION_LIBZ
LogInit:      CURL_VERSION_IPV6
LogInit:      CURL_VERSION_ASYNCHDNS
LogInit:      CURL_VERSION_LARGEFILE
LogInit:      CURL_VERSION_IDN
LogInit:  CurlRequestOptions (configurable via config and command line):
LogInit:  - bVerifyPeer = true  - Libcurl will verify peer certificate
LogInit:  - bUseHttpProxy = false  - Libcurl will NOT use HTTP proxy
LogInit:  - bDontReuseConnections = false  - Libcurl will reuse connections
LogInit:  - MaxHostConnections = 16  - Libcurl will limit the number of connections to a host
LogInit:  - LocalHostAddr = Default
LogInit:  - BufferSize = 65536
LogOnline: OSS: Creating online subsystem instance for: NULL
LogInit: WinSock: version 1.1 (2.2), MaxSocks=32767, MaxUdp=65467
LogOnline: OSS: TryLoadSubsystemAndSetDefault: Loaded subsystem for module [NULL]
LogOculusPluginWrapper: OculusPlugin initialized successfully
LogHMD: Failed initializing OVRPlugin 1.59.0
LogInit: Build: ++UE4+Release-4.27-CL-18319896
LogInit: Engine Version: 4.27.2-18319896+++UE4+Release-4.27
LogInit: Compatible Engine Version: 4.27.0-17155196+++UE4+Release-4.27
LogInit: Net CL: 17155196
LogInit: OS: Windows 10 (Release 2009) (), CPU: AMD Ryzen 7 3750H with Radeon Vega Mobile Gfx  , GPU: AMD Radeon(TM) RX Vega 10 Graphics 
LogInit: Compiled (64-bit): Nov 30 2021 07:12:08
LogInit: Compiled with Visual C++: 19.24.28315.00
LogInit: Build Configuration: Development
LogInit: Branch Name: ++UE4+Release-4.27
LogInit: Command Line: 
LogInit: Base Directory: C:/Genshin/UE_4.27/Engine/Binaries/Win64/
LogInit: Allocator: TBB
LogInit: Installed Engine Build: 1
LogDevObjectVersion: Number of dev versions registered: 29
LogDevObjectVersion:   Dev-Blueprints (B0D832E4-1F89-4F0D-ACCF-7EB736FD4AA2): 10
LogDevObjectVersion:   Dev-Build (E1C64328-A22C-4D53-A36C-8E866417BD8C): 0
LogDevObjectVersion:   Dev-Core (375EC13C-06E4-48FB-B500-84F0262A717E): 4
LogDevObjectVersion:   Dev-Editor (E4B068ED-F494-42E9-A231-DA0B2E46BB41): 40
LogDevObjectVersion:   Dev-Framework (CFFC743F-43B0-4480-9391-14DF171D2073): 37
LogDevObjectVersion:   Dev-Mobile (B02B49B5-BB20-44E9-A304-32B752E40360): 3
LogDevObjectVersion:   Dev-Networking (A4E4105C-59A1-49B5-A7C5-40C4547EDFEE): 0
LogDevObjectVersion:   Dev-Online (39C831C9-5AE6-47DC-9A44-9C173E1C8E7C): 0
LogDevObjectVersion:   Dev-Physics (78F01B33-EBEA-4F98-B9B4-84EACCB95AA2): 14
LogDevObjectVersion:   Dev-Platform (6631380F-2D4D-43E0-8009-CF276956A95A): 0
LogDevObjectVersion:   Dev-Rendering (12F88B9F-8875-4AFC-A67C-D90C383ABD29): 45
LogDevObjectVersion:   Dev-Sequencer (7B5AE74C-D270-4C10-A958-57980B212A5A): 13
LogDevObjectVersion:   Dev-VR (D7296918-1DD6-4BDD-9DE2-64A83CC13884): 3
LogDevObjectVersion:   Dev-LoadTimes (C2A15278-BFE7-4AFE-6C17-90FF531DF755): 1
LogDevObjectVersion:   Private-Geometry (6EACA3D4-40EC-4CC1-B786-8BED09428FC5): 3
LogDevObjectVersion:   Dev-AnimPhys (29E575DD-E0A3-4627-9D10-D276232CDCEA): 17
LogDevObjectVersion:   Dev-Anim (AF43A65D-7FD3-4947-9873-3E8ED9C1BB05): 15
LogDevObjectVersion:   Dev-ReflectionCapture (6B266CEC-1EC7-4B8F-A30B-E4D90942FC07): 1
LogDevObjectVersion:   Dev-Automation (0DF73D61-A23F-47EA-B727-89E90C41499A): 1
LogDevObjectVersion:   FortniteMain (601D1886-AC64-4F84-AA16-D3DE0DEAC7D6): 47
LogDevObjectVersion:   FortniteRelease (E7086368-6B23-4C58-8439-1B7016265E91): 1
LogDevObjectVersion:   Dev-Enterprise (9DFFBCD6-494F-0158-E221-12823C92A888): 10
LogDevObjectVersion:   Dev-Niagara (F2AED0AC-9AFE-416F-8664-AA7FFA26D6FC): 1
LogDevObjectVersion:   Dev-Destruction (174F1F0B-B4C6-45A5-B13F-2EE8D0FB917D): 10
LogDevObjectVersion:   Dev-Physics-Ext (35F94A83-E258-406C-A318-09F59610247C): 41
LogDevObjectVersion:   Dev-PhysicsMaterial-Chaos (B68FC16E-8B1B-42E2-B453-215C058844FE): 1
LogDevObjectVersion:   Dev-CineCamera (B2E18506-4273-CFC2-A54E-F4BB758BBA07): 1
LogDevObjectVersion:   Dev-VirtualProduction (64F58936-FD1B-42BA-BA96-7289D5D0FA4E): 1
LogDevObjectVersion:   Dev-MediaFramework (6F0ED827-A609-4895-9C91-998D90180EA4): 2
LogInit: Presizing for max 25165824 objects, including 0 objects not considered by GC, pre-allocating 0 bytes for permanent pool.
LogConfig: Applying CVar settings from Section [/Script/Engine.StreamingSettings] File [E:/Unreal/Fumec_DevGames/Saved/Config/Windows/Engine.ini]
LogConfig: Setting CVar [[s.MinBulkDataSizeForAsyncLoading:131072]]
LogConfig: Setting CVar [[s.AsyncLoadingThreadEnabled:0]]
LogConfig: Setting CVar [[s.EventDrivenLoaderEnabled:1]]
LogConfig: Setting CVar [[s.WarnIfTimeLimitExceeded:0]]
LogConfig: Setting CVar [[s.TimeLimitExceededMultiplier:1.5]]
LogConfig: Setting CVar [[s.TimeLimitExceededMinTime:0.005]]
LogConfig: Setting CVar [[s.UseBackgroundLevelStreaming:1]]
LogConfig: Setting CVar [[s.PriorityAsyncLoadingExtraTime:15.0]]
LogConfig: Setting CVar [[s.LevelStreamingActorsUpdateTimeLimit:5.0]]
LogConfig: Setting CVar [[s.PriorityLevelStreamingActorsUpdateExtraTime:5.0]]
LogConfig: Setting CVar [[s.LevelStreamingComponentsRegistrationGranularity:10]]
LogConfig: Setting CVar [[s.UnregisterComponentsTimeLimit:1.0]]
LogConfig: Setting CVar [[s.LevelStreamingComponentsUnregistrationGranularity:5]]
LogConfig: Setting CVar [[s.FlushStreamingOnExit:1]]
LogInit: Object subsystem initialized
LogConfig: Setting CVar [[con.DebugEarlyDefault:1]]
LogConfig: Setting CVar [[r.setres:1280x720]]
[2025.11.25-19.11.42:772][  0]LogConfig: Setting CVar [[r.VSync:0]]
[2025.11.25-19.11.42:772][  0]LogConfig: Setting CVar [[r.RHICmdBypass:0]]
[2025.11.25-19.11.42:772][  0]LogConfig: Applying CVar settings from Section [/Script/Engine.RendererSettings] File [E:/Unreal/Fumec_DevGames/Saved/Config/Windows/Engine.ini]
[2025.11.25-19.11.42:773][  0]LogConfig: Setting CVar [[r.GPUCrashDebugging:0]]
[2025.11.25-19.11.42:773][  0]LogConfig: Setting CVar [[r.Mobile.DisableVertexFog:1]]
[2025.11.25-19.11.42:773][  0]LogConfig: Setting CVar [[r.Shadow.CSM.MaxMobileCascades:2]]
[2025.11.25-19.11.42:773][  0]LogConfig: Setting CVar [[r.MobileMSAA:1]]
[2025.11.25-19.11.42:773][  0]LogConfig: Setting CVar [[r.Mobile.AllowDitheredLODTransition:0]]
[2025.11.25-19.11.42:773][  0]LogConfig: Setting CVar [[r.Mobile.AllowSoftwareOcclusion:0]]
[2025.11.25-19.11.42:773][  0]LogConfig: Setting CVar [[r.Mobile.VirtualTextures:0]]
[2025.11.25-19.11.42:773][  0]LogConfig: Setting CVar [[r.DiscardUnusedQuality:0]]
[2025.11.25-19.11.42:773][  0]LogConfig: Setting CVar [[r.AllowOcclusionQueries:1]]
[2025.11.25-19.11.42:773][  0]LogConfig: Setting CVar [[r.MinScreenRadiusForLights:0.030000]]
[2025.11.25-19.11.42:773][  0]LogConfig: Setting CVar [[r.MinScreenRadiusForDepthPrepass:0.030000]]
[2025.11.25-19.11.42:773][  0]LogConfig: Setting CVar [[r.MinScreenRadiusForCSMDepth:0.010000]]
[2025.11.25-19.11.42:773][  0]LogConfig: Setting CVar [[r.PrecomputedVisibilityWarning:0]]
[2025.11.25-19.11.42:773][  0]LogConfig: Setting CVar [[r.TextureStreaming:1]]
[2025.11.25-19.11.42:773][  0]LogConfig: Setting CVar [[Compat.UseDXT5NormalMaps:0]]
[2025.11.25-19.11.42:773][  0]LogConfig: Setting CVar [[r.VirtualTextures:0]]
[2025.11.25-19.11.42:773][  0]LogConfig: Setting CVar [[r.VT.EnableAutoImport:1]]
[2025.11.25-19.11.42:773][  0]LogConfig: Setting CVar [[r.VirtualTexturedLightmaps:0]]
[2025.11.25-19.11.42:773][  0]LogConfig: Setting CVar [[r.VT.TileSize:128]]
[2025.11.25-19.11.42:773][  0]LogConfig: Setting CVar [[r.VT.TileBorderSize:4]]
[2025.11.25-19.11.42:773][  0]LogConfig: Setting CVar [[r.vt.FeedbackFactor:16]]
[2025.11.25-19.11.42:773][  0]LogConfig: Setting CVar [[r.VT.EnableCompressZlib:1]]
[2025.11.25-19.11.42:773][  0]LogConfig: Setting CVar [[r.VT.EnableCompressCrunch:0]]
[2025.11.25-19.11.42:773][  0]LogConfig: Setting CVar [[r.ClearCoatNormal:0]]
[2025.11.25-19.11.42:773][  0]LogConfig: Setting CVar [[r.ReflectionCaptureResolution:128]]
[2025.11.25-19.11.42:773][  0]LogConfig: Setting CVar [[r.Mobile.ReflectionCaptureCompression:0]]
[2025.11.25-19.11.42:773][  0]LogConfig: Setting CVar [[r.ReflectionEnvironmentLightmapMixBasedOnRoughness:1]]
[2025.11.25-19.11.42:773][  0]LogConfig: Setting CVar [[r.ForwardShading:0]]
[2025.11.25-19.11.42:773][  0]LogConfig: Setting CVar [[r.VertexFoggingForOpaque:1]]
[2025.11.25-19.11.42:773][  0]LogConfig: Setting CVar [[r.AllowStaticLighting:1]]
[2025.11.25-19.11.42:773][  0]LogConfig: Setting CVar [[r.NormalMapsForStaticLighting:0]]
[2025.11.25-19.11.42:773][  0]LogConfig: Setting CVar [[r.GenerateMeshDistanceFields:0]]
[2025.11.25-19.11.42:773][  0]LogConfig: Setting CVar [[r.DistanceFieldBuild.EightBit:0]]
[2025.11.25-19.11.42:773][  0]LogConfig: Setting CVar [[r.GenerateLandscapeGIData:0]]
[2025.11.25-19.11.42:773][  0]LogConfig: Setting CVar [[r.DistanceFieldBuild.Compress:0]]
[2025.11.25-19.11.42:773][  0]LogConfig: Setting CVar [[r.TessellationAdaptivePixelsPerTriangle:48.000000]]
[2025.11.25-19.11.42:773][  0]LogConfig: Setting CVar [[r.SeparateTranslucency:1]]
[2025.11.25-19.11.42:773][  0]LogConfig: Setting CVar [[r.TranslucentSortPolicy:0]]
[2025.11.25-19.11.42:773][  0]LogConfig: Setting CVar [[vr.VRS.HMDFixedFoveationLevel:0]]
[2025.11.25-19.11.42:773][  0]LogConfig: Setting CVar [[r.CustomDepth:1]]
[2025.11.25-19.11.42:773][  0]LogConfig: Setting CVar [[r.CustomDepthTemporalAAJitter:1]]
[2025.11.25-19.11.42:773][  0]LogConfig: Setting CVar [[r.PostProcessing.PropagateAlpha:0]]
[2025.11.25-19.11.42:773][  0]LogConfig: Setting CVar [[r.DefaultFeature.Bloom:1]]
[2025.11.25-19.11.42:773][  0]LogConfig: Setting CVar [[r.DefaultFeature.AmbientOcclusion:1]]
[2025.11.25-19.11.42:773][  0]LogConfig: Setting CVar [[r.DefaultFeature.AmbientOcclusionStaticFraction:1]]
[2025.11.25-19.11.42:773][  0]LogConfig: Setting CVar [[r.DefaultFeature.AutoExposure:0]]
[2025.11.25-19.11.42:773][  0]LogConfig: Setting CVar [[r.DefaultFeature.AutoExposure.Method:0]]
[2025.11.25-19.11.42:773][  0]LogConfig: Setting CVar [[r.DefaultFeature.AutoExposure.Bias:1.000000]]
[2025.11.25-19.11.42:773][  0]LogConfig: Setting CVar [[r.DefaultFeature.AutoExposure.ExtendDefaultLuminanceRange:0]]
[2025.11.25-19.11.42:773][  0]LogConfig: Setting CVar [[r.UsePreExposure:1]]
[2025.11.25-19.11.42:773][  0]LogConfig: Setting CVar [[r.EyeAdaptation.EditorOnly:0]]
[2025.11.25-19.11.42:773][  0]LogConfig: Setting CVar [[r.DefaultFeature.MotionBlur:0]]
[2025.11.25-19.11.42:773][  0]LogConfig: Setting CVar [[r.DefaultFeature.LensFlare:0]]
[2025.11.25-19.11.42:773][  0]LogConfig: Setting CVar [[r.TemporalAA.Upsampling:0]]
[2025.11.25-19.11.42:773][  0]LogConfig: Setting CVar [[r.SSGI.Enable:0]]
[2025.11.25-19.11.42:773][  0]LogConfig: Setting CVar [[r.DefaultFeature.AntiAliasing:0]]
[2025.11.25-19.11.42:773][  0]LogConfig: Setting CVar [[r.DefaultFeature.LightUnits:1]]
[2025.11.25-19.11.42:773][  0]LogConfig: Setting CVar [[r.DefaultBackBufferPixelFormat:4]]
[2025.11.25-19.11.42:774][  0]LogConfig: Setting CVar [[r.Shadow.UnbuiltPreviewInGame:1]]
[2025.11.25-19.11.42:774][  0]LogConfig: Setting CVar [[r.StencilForLODDither:0]]
[2025.11.25-19.11.42:774][  0]LogConfig: Setting CVar [[r.EarlyZPass:3]]
[2025.11.25-19.11.42:774][  0]LogConfig: Setting CVar [[r.EarlyZPassOnlyMaterialMasking:0]]
[2025.11.25-19.11.42:774][  0]LogConfig: Setting CVar [[r.DBuffer:1]]
[2025.11.25-19.11.42:774][  0]LogConfig: Setting CVar [[r.ClearSceneMethod:1]]
[2025.11.25-19.11.42:774][  0]LogConfig: Setting CVar [[r.BasePassOutputsVelocity:0]]
[2025.11.25-19.11.42:774][  0]LogConfig: Setting CVar [[r.VertexDeformationOutputsVelocity:0]]
[2025.11.25-19.11.42:774][  0]LogConfig: Setting CVar [[r.SelectiveBasePassOutputs:0]]
[2025.11.25-19.11.42:774][  0]LogConfig: Setting CVar [[fx.GPUSimulationTextureSizeX:1024]]
[2025.11.25-19.11.42:774][  0]LogConfig: Setting CVar [[fx.GPUSimulationTextureSizeY:1024]]
[2025.11.25-19.11.42:774][  0]LogConfig: Setting CVar [[r.AllowGlobalClipPlane:0]]
[2025.11.25-19.11.42:774][  0]LogConfig: Setting CVar [[r.GBufferFormat:1]]
[2025.11.25-19.11.42:774][  0]LogConfig: Setting CVar [[r.MorphTarget.Mode:1]]
[2025.11.25-19.11.42:774][  0]LogConfig: Setting CVar [[vr.InstancedStereo:0]]
[2025.11.25-19.11.42:774][  0]LogConfig: Setting CVar [[r.MobileHDR:1]]
[2025.11.25-19.11.42:774][  0]LogConfig: Setting CVar [[vr.MobileMultiView:0]]
[2025.11.25-19.11.42:774][  0]LogConfig: Setting CVar [[r.Mobile.UseHWsRGBEncoding:0]]
[2025.11.25-19.11.42:774][  0]LogConfig: Setting CVar [[vr.RoundRobinOcclusion:0]]
[2025.11.25-19.11.42:774][  0]LogConfig: Setting CVar [[vr.ODSCapture:0]]
[2025.11.25-19.11.42:774][  0]LogConfig: Setting CVar [[r.MeshStreaming:0]]
[2025.11.25-19.11.42:774][  0]LogConfig: Setting CVar [[r.WireframeCullThreshold:5.000000]]
[2025.11.25-19.11.42:774][  0]LogConfig: Setting CVar [[r.RayTracing:0]]
[2025.11.25-19.11.42:774][  0]LogConfig: Setting CVar [[r.RayTracing.UseTextureLod:0]]
[2025.11.25-19.11.42:774][  0]LogConfig: Setting CVar [[r.SupportStationarySkylight:1]]
[2025.11.25-19.11.42:774][  0]LogConfig: Setting CVar [[r.SupportLowQualityLightmaps:1]]
[2025.11.25-19.11.42:774][  0]LogConfig: Setting CVar [[r.SupportPointLightWholeSceneShadows:1]]
[2025.11.25-19.11.42:774][  0]LogConfig: Setting CVar [[r.SupportAtmosphericFog:1]]
[2025.11.25-19.11.42:774][  0]LogConfig: Setting CVar [[r.SupportSkyAtmosphere:1]]
[2025.11.25-19.11.42:774][  0]LogConfig: Setting CVar [[r.SupportSkyAtmosphereAffectsHeightFog:0]]
[2025.11.25-19.11.42:774][  0]LogConfig: Setting CVar [[r.SkinCache.CompileShaders:0]]
[2025.11.25-19.11.42:774][  0]LogConfig: Setting CVar [[r.SkinCache.DefaultBehavior:1]]
[2025.11.25-19.11.42:774][  0]LogConfig: Setting CVar [[r.SkinCache.SceneMemoryLimitInMB:128.000000]]
[2025.11.25-19.11.42:774][  0]LogConfig: Setting CVar [[r.Mobile.EnableStaticAndCSMShadowReceivers:1]]
[2025.11.25-19.11.42:774][  0]LogConfig: Setting CVar [[r.Mobile.EnableMovableLightCSMShaderCulling:1]]
[2025.11.25-19.11.42:774][  0]LogConfig: Setting CVar [[r.Mobile.AllowDistanceFieldShadows:1]]
[2025.11.25-19.11.42:774][  0]LogConfig: Setting CVar [[r.Mobile.AllowMovableDirectionalLights:1]]
[2025.11.25-19.11.42:774][  0]LogConfig: Setting CVar [[r.MobileNumDynamicPointLights:4]]
[2025.11.25-19.11.42:774][  0]LogConfig: Setting CVar [[r.MobileDynamicPointLightsUseStaticBranch:1]]
[2025.11.25-19.11.42:774][  0]LogConfig: Setting CVar [[r.Mobile.EnableMovableSpotlights:0]]
[2025.11.25-19.11.42:774][  0]LogConfig: Setting CVar [[r.Mobile.EnableMovableSpotlightsShadow:0]]
[2025.11.25-19.11.42:774][  0]LogConfig: Setting CVar [[r.GPUSkin.Support16BitBoneIndex:0]]
[2025.11.25-19.11.42:774][  0]LogConfig: Setting CVar [[r.GPUSkin.Limit2BoneInfluences:0]]
[2025.11.25-19.11.42:774][  0]LogConfig: Setting CVar [[r.SupportDepthOnlyIndexBuffers:1]]
[2025.11.25-19.11.42:774][  0]LogConfig: Setting CVar [[r.SupportReversedIndexBuffers:1]]
[2025.11.25-19.11.42:774][  0]LogConfig: Setting CVar [[r.LightPropagationVolume:0]]
[2025.11.25-19.11.42:774][  0]LogConfig: Setting CVar [[r.Mobile.AmbientOcclusion:0]]
[2025.11.25-19.11.42:774][  0]LogConfig: Setting CVar [[r.GPUSkin.UnlimitedBoneInfluences:0]]
[2025.11.25-19.11.42:774][  0]LogConfig: Setting CVar [[r.GPUSkin.UnlimitedBoneInfluencesThreshold:8]]
[2025.11.25-19.11.42:774][  0]LogConfig: Setting CVar [[r.Mobile.PlanarReflectionMode:0]]
[2025.11.25-19.11.42:774][  0]LogConfig: Setting CVar [[r.Mobile.SupportsGen4TAA:0]]
[2025.11.25-19.11.42:774][  0]LogConfig: Applying CVar settings from Section [/Script/Engine.RendererOverrideSettings] File [E:/Unreal/Fumec_DevGames/Saved/Config/Windows/Engine.ini]
[2025.11.25-19.11.42:774][  0]LogConfig: Applying CVar settings from Section [/Script/Engine.StreamingSettings] File [E:/Unreal/Fumec_DevGames/Saved/Config/Windows/Engine.ini]
[2025.11.25-19.11.42:774][  0]LogConfig: Setting CVar [[s.MinBulkDataSizeForAsyncLoading:131072]]
[2025.11.25-19.11.42:774][  0]LogConfig: Setting CVar [[s.AsyncLoadingThreadEnabled:0]]
[2025.11.25-19.11.42:775][  0]LogConfig: Setting CVar [[s.EventDrivenLoaderEnabled:1]]
[2025.11.25-19.11.42:775][  0]LogConfig: Setting CVar [[s.WarnIfTimeLimitExceeded:0]]
[2025.11.25-19.11.42:775][  0]LogConfig: Setting CVar [[s.TimeLimitExceededMultiplier:1.5]]
[2025.11.25-19.11.42:775][  0]LogConfig: Setting CVar [[s.TimeLimitExceededMinTime:0.005]]
[2025.11.25-19.11.42:775][  0]LogConfig: Setting CVar [[s.UseBackgroundLevelStreaming:1]]
[2025.11.25-19.11.42:775][  0]LogConfig: Setting CVar [[s.PriorityAsyncLoadingExtraTime:15.0]]
[2025.11.25-19.11.42:775][  0]LogConfig: Setting CVar [[s.LevelStreamingActorsUpdateTimeLimit:5.0]]
[2025.11.25-19.11.42:775][  0]LogConfig: Setting CVar [[s.PriorityLevelStreamingActorsUpdateExtraTime:5.0]]
[2025.11.25-19.11.42:775][  0]LogConfig: Setting CVar [[s.LevelStreamingComponentsRegistrationGranularity:10]]
[2025.11.25-19.11.42:775][  0]LogConfig: Setting CVar [[s.UnregisterComponentsTimeLimit:1.0]]
[2025.11.25-19.11.42:775][  0]LogConfig: Setting CVar [[s.LevelStreamingComponentsUnregistrationGranularity:5]]
[2025.11.25-19.11.42:775][  0]LogConfig: Setting CVar [[s.FlushStreamingOnExit:1]]
[2025.11.25-19.11.42:775][  0]LogConfig: Applying CVar settings from Section [/Script/Engine.GarbageCollectionSettings] File [E:/Unreal/Fumec_DevGames/Saved/Config/Windows/Engine.ini]
[2025.11.25-19.11.42:775][  0]LogConfig: Setting CVar [[gc.MaxObjectsNotConsideredByGC:1]]
[2025.11.25-19.11.42:775][  0]LogConfig: Setting CVar [[gc.SizeOfPermanentObjectPool:0]]
[2025.11.25-19.11.42:775][  0]LogConfig: Setting CVar [[gc.FlushStreamingOnGC:0]]
[2025.11.25-19.11.42:775][  0]LogConfig: Setting CVar [[gc.NumRetriesBeforeForcingGC:10]]
[2025.11.25-19.11.42:775][  0]LogConfig: Setting CVar [[gc.AllowParallelGC:1]]
[2025.11.25-19.11.42:775][  0]LogConfig: Setting CVar [[gc.TimeBetweenPurgingPendingKillObjects:61.1]]
[2025.11.25-19.11.42:775][  0]LogConfig: Setting CVar [[gc.MaxObjectsInEditor:25165824]]
[2025.11.25-19.11.42:775][  0]LogConfig: Setting CVar [[gc.IncrementalBeginDestroyEnabled:1]]
[2025.11.25-19.11.42:775][  0]LogConfig: Setting CVar [[gc.CreateGCClusters:1]]
[2025.11.25-19.11.42:775][  0]LogConfig: Setting CVar [[gc.MinGCClusterSize:5]]
[2025.11.25-19.11.42:775][  0]LogConfig: Setting CVar [[gc.ActorClusteringEnabled:0]]
[2025.11.25-19.11.42:775][  0]LogConfig: Setting CVar [[gc.BlueprintClusteringEnabled:0]]
[2025.11.25-19.11.42:775][  0]LogConfig: Setting CVar [[gc.UseDisregardForGCOnDedicatedServers:0]]
[2025.11.25-19.11.42:775][  0]LogConfig: Setting CVar [[gc.MultithreadedDestructionEnabled:1]]
[2025.11.25-19.11.42:775][  0]LogConfig: Applying CVar settings from Section [/Script/Engine.NetworkSettings] File [E:/Unreal/Fumec_DevGames/Saved/Config/Windows/Engine.ini]
[2025.11.25-19.11.42:775][  0]LogConfig: Applying CVar settings from Section [/Script/UnrealEd.CookerSettings] File [E:/Unreal/Fumec_DevGames/Saved/Config/Windows/Engine.ini]
[2025.11.25-19.11.42:780][  0]LogConfig: Applying CVar settings from Section [ViewDistanceQuality@3] File [E:/Unreal/Fumec_DevGames/Saved/Config/Windows/Scalability.ini]
[2025.11.25-19.11.42:780][  0]LogConfig: Setting CVar [[r.SkeletalMeshLODBias:0]]
[2025.11.25-19.11.42:780][  0]LogConfig: Setting CVar [[r.ViewDistanceScale:1.0]]
[2025.11.25-19.11.42:780][  0]LogConfig: Applying CVar settings from Section [AntiAliasingQuality@3] File [E:/Unreal/Fumec_DevGames/Saved/Config/Windows/Scalability.ini]
[2025.11.25-19.11.42:780][  0]LogConfig: Setting CVar [[r.PostProcessAAQuality:4]]
[2025.11.25-19.11.42:780][  0]LogConfig: Applying CVar settings from Section [ShadowQuality@3] File [E:/Unreal/Fumec_DevGames/Saved/Config/Windows/Scalability.ini]
[2025.11.25-19.11.42:780][  0]LogConfig: Setting CVar [[r.LightFunctionQuality:1]]
[2025.11.25-19.11.42:780][  0]LogConfig: Setting CVar [[r.ShadowQuality:5]]
[2025.11.25-19.11.42:780][  0]LogConfig: Setting CVar [[r.Shadow.CSM.MaxCascades:10]]
[2025.11.25-19.11.42:780][  0]LogConfig: Setting CVar [[r.Shadow.MaxResolution:2048]]
[2025.11.25-19.11.42:780][  0]LogConfig: Setting CVar [[r.Shadow.MaxCSMResolution:2048]]
[2025.11.25-19.11.42:780][  0]LogConfig: Setting CVar [[r.Shadow.RadiusThreshold:0.01]]
[2025.11.25-19.11.42:780][  0]LogConfig: Setting CVar [[r.Shadow.DistanceScale:1.0]]
[2025.11.25-19.11.42:780][  0]LogConfig: Setting CVar [[r.Shadow.CSM.TransitionScale:1.0]]
[2025.11.25-19.11.42:780][  0]LogConfig: Setting CVar [[r.Shadow.PreShadowResolutionFactor:1.0]]
[2025.11.25-19.11.42:780][  0]LogConfig: Setting CVar [[r.DistanceFieldShadowing:1]]
[2025.11.25-19.11.42:780][  0]LogConfig: Setting CVar [[r.DistanceFieldAO:1]]
[2025.11.25-19.11.42:780][  0]LogConfig: Setting CVar [[r.AOQuality:2]]
[2025.11.25-19.11.42:780][  0]LogConfig: Setting CVar [[r.VolumetricFog:1]]
[2025.11.25-19.11.42:780][  0]LogConfig: Setting CVar [[r.VolumetricFog.GridPixelSize:8]]
[2025.11.25-19.11.42:780][  0]LogConfig: Setting CVar [[r.VolumetricFog.GridSizeZ:128]]
[2025.11.25-19.11.42:780][  0]LogConfig: Setting CVar [[r.VolumetricFog.HistoryMissSupersampleCount:4]]
[2025.11.25-19.11.42:780][  0]LogConfig: Setting CVar [[r.LightMaxDrawDistanceScale:1]]
[2025.11.25-19.11.42:780][  0]LogConfig: Setting CVar [[r.CapsuleShadows:1]]
[2025.11.25-19.11.42:780][  0]LogConfig: Applying CVar settings from Section [PostProcessQuality@3] File [E:/Unreal/Fumec_DevGames/Saved/Config/Windows/Scalability.ini]
[2025.11.25-19.11.42:780][  0]LogConfig: Setting CVar [[r.MotionBlurQuality:4]]
[2025.11.25-19.11.42:780][  0]LogConfig: Setting CVar [[r.AmbientOcclusionMipLevelFactor:0.4]]
[2025.11.25-19.11.42:780][  0]LogConfig: Setting CVar [[r.AmbientOcclusionMaxQuality:100]]
[2025.11.25-19.11.42:780][  0]LogConfig: Setting CVar [[r.AmbientOcclusionLevels:-1]]
[2025.11.25-19.11.42:780][  0]LogConfig: Setting CVar [[r.AmbientOcclusionRadiusScale:1.0]]
[2025.11.25-19.11.42:780][  0]LogConfig: Setting CVar [[r.DepthOfFieldQuality:2]]
[2025.11.25-19.11.42:780][  0]LogConfig: Setting CVar [[r.RenderTargetPoolMin:400]]
[2025.11.25-19.11.42:780][  0]LogConfig: Setting CVar [[r.LensFlareQuality:2]]
[2025.11.25-19.11.42:780][  0]LogConfig: Setting CVar [[r.SceneColorFringeQuality:1]]
[2025.11.25-19.11.42:780][  0]LogConfig: Setting CVar [[r.EyeAdaptationQuality:2]]
[2025.11.25-19.11.42:780][  0]LogConfig: Setting CVar [[r.BloomQuality:5]]
[2025.11.25-19.11.42:780][  0]LogConfig: Setting CVar [[r.FastBlurThreshold:100]]
[2025.11.25-19.11.42:780][  0]LogConfig: Setting CVar [[r.Upscale.Quality:3]]
[2025.11.25-19.11.42:780][  0]LogConfig: Setting CVar [[r.Tonemapper.GrainQuantization:1]]
[2025.11.25-19.11.42:780][  0]LogConfig: Setting CVar [[r.LightShaftQuality:1]]
[2025.11.25-19.11.42:780][  0]LogConfig: Setting CVar [[r.Filter.SizeScale:1]]
[2025.11.25-19.11.42:780][  0]LogConfig: Setting CVar [[r.Tonemapper.Quality:5]]
[2025.11.25-19.11.42:780][  0]LogConfig: Setting CVar [[r.DOF.Gather.AccumulatorQuality:1        ; higher gathering accumulator quality]]
[2025.11.25-19.11.42:780][  0]LogConfig: Setting CVar [[r.DOF.Gather.PostfilterMethod:1          ; Median3x3 postfilering method]]
[2025.11.25-19.11.42:780][  0]LogConfig: Setting CVar [[r.DOF.Gather.EnableBokehSettings:0       ; no bokeh simulation when gathering]]
[2025.11.25-19.11.42:780][  0]LogConfig: Setting CVar [[r.DOF.Gather.RingCount:4                 ; medium number of samples when gathering]]
[2025.11.25-19.11.42:780][  0]LogConfig: Setting CVar [[r.DOF.Scatter.ForegroundCompositing:1    ; additive foreground scattering]]
[2025.11.25-19.11.42:780][  0]LogConfig: Setting CVar [[r.DOF.Scatter.BackgroundCompositing:2    ; additive background scattering]]
[2025.11.25-19.11.42:780][  0]LogConfig: Setting CVar [[r.DOF.Scatter.EnableBokehSettings:1      ; bokeh simulation when scattering]]
[2025.11.25-19.11.42:780][  0]LogConfig: Setting CVar [[r.DOF.Scatter.MaxSpriteRatio:0.1         ; only a maximum of 10% of scattered bokeh]]
[2025.11.25-19.11.42:780][  0]LogConfig: Setting CVar [[r.DOF.Recombine.Quality:1                ; cheap slight out of focus]]
[2025.11.25-19.11.42:780][  0]LogConfig: Setting CVar [[r.DOF.Recombine.EnableBokehSettings:0    ; no bokeh simulation on slight out of focus]]
[2025.11.25-19.11.42:780][  0]LogConfig: Setting CVar [[r.DOF.TemporalAAQuality:1                ; more stable temporal accumulation]]
[2025.11.25-19.11.42:780][  0]LogConfig: Setting CVar [[r.DOF.Kernel.MaxForegroundRadius:0.025]]
[2025.11.25-19.11.42:780][  0]LogConfig: Setting CVar [[r.DOF.Kernel.MaxBackgroundRadius:0.025]]
[2025.11.25-19.11.42:780][  0]LogConfig: Applying CVar settings from Section [TextureQuality@3] File [E:/Unreal/Fumec_DevGames/Saved/Config/Windows/Scalability.ini]
[2025.11.25-19.11.42:780][  0]LogConfig: Setting CVar [[r.Streaming.MipBias:0]]
[2025.11.25-19.11.42:780][  0]LogConfig: Setting CVar [[r.Streaming.AmortizeCPUToGPUCopy:0]]
[2025.11.25-19.11.42:780][  0]LogConfig: Setting CVar [[r.Streaming.MaxNumTexturesToStreamPerFrame:0]]
[2025.11.25-19.11.42:780][  0]LogConfig: Setting CVar [[r.Streaming.Boost:1]]
[2025.11.25-19.11.42:780][  0]LogConfig: Setting CVar [[r.MaxAnisotropy:8]]
[2025.11.25-19.11.42:780][  0]LogConfig: Setting CVar [[r.VT.MaxAnisotropy:8]]
[2025.11.25-19.11.42:780][  0]LogConfig: Setting CVar [[r.Streaming.LimitPoolSizeToVRAM:0]]
[2025.11.25-19.11.42:780][  0]LogConfig: Setting CVar [[r.Streaming.PoolSize:1000]]
[2025.11.25-19.11.42:780][  0]LogConfig: Setting CVar [[r.Streaming.MaxEffectiveScreenSize:0]]
[2025.11.25-19.11.42:780][  0]LogConfig: Applying CVar settings from Section [EffectsQuality@3] File [E:/Unreal/Fumec_DevGames/Saved/Config/Windows/Scalability.ini]
[2025.11.25-19.11.42:780][  0]LogConfig: Setting CVar [[r.TranslucencyLightingVolumeDim:64]]
[2025.11.25-19.11.42:780][  0]LogConfig: Setting CVar [[r.RefractionQuality:2]]
[2025.11.25-19.11.42:780][  0]LogConfig: Setting CVar [[r.SSR.Quality:3]]
[2025.11.25-19.11.42:780][  0]LogConfig: Setting CVar [[r.SSR.HalfResSceneColor:0]]
[2025.11.25-19.11.42:780][  0]LogConfig: Setting CVar [[r.SceneColorFormat:4]]
[2025.11.25-19.11.42:780][  0]LogConfig: Setting CVar [[r.DetailMode:2]]
[2025.11.25-19.11.42:780][  0]LogConfig: Setting CVar [[r.TranslucencyVolumeBlur:1]]
[2025.11.25-19.11.42:780][  0]LogConfig: Setting CVar [[r.MaterialQualityLevel:1 ; High quality]]
[2025.11.25-19.11.42:780][  0]LogConfig: Setting CVar [[r.AnisotropicMaterials:1]]
[2025.11.25-19.11.42:780][  0]LogConfig: Setting CVar [[r.SSS.Scale:1]]
[2025.11.25-19.11.42:780][  0]LogConfig: Setting CVar [[r.SSS.SampleSet:2]]
[2025.11.25-19.11.42:780][  0]LogConfig: Setting CVar [[r.SSS.Quality:1]]
[2025.11.25-19.11.42:780][  0]LogConfig: Setting CVar [[r.SSS.HalfRes:0]]
[2025.11.25-19.11.42:780][  0]LogConfig: Setting CVar [[r.SSGI.Quality:3]]
[2025.11.25-19.11.42:780][  0]LogConfig: Setting CVar [[r.EmitterSpawnRateScale:1.0]]
[2025.11.25-19.11.42:780][  0]LogConfig: Setting CVar [[r.ParticleLightQuality:2]]
[2025.11.25-19.11.42:781][  0]LogConfig: Setting CVar [[r.SkyAtmosphere.AerialPerspectiveLUT.FastApplyOnOpaque:1 ; Always have FastSkyLUT 1 in this case to avoid wrong sky]]
[2025.11.25-19.11.42:781][  0]LogConfig: Setting CVar [[r.SkyAtmosphere.AerialPerspectiveLUT.SampleCountMaxPerSlice:4]]
[2025.11.25-19.11.42:781][  0]LogConfig: Setting CVar [[r.SkyAtmosphere.AerialPerspectiveLUT.DepthResolution:16.0]]
[2025.11.25-19.11.42:781][  0]LogConfig: Setting CVar [[r.SkyAtmosphere.FastSkyLUT:1]]
[2025.11.25-19.11.42:781][  0]LogConfig: Setting CVar [[r.SkyAtmosphere.FastSkyLUT.SampleCountMin:4.0]]
[2025.11.25-19.11.42:781][  0]LogConfig: Setting CVar [[r.SkyAtmosphere.FastSkyLUT.SampleCountMax:128.0]]
[2025.11.25-19.11.42:781][  0]LogConfig: Setting CVar [[r.SkyAtmosphere.SampleCountMin:4.0]]
[2025.11.25-19.11.42:781][  0]LogConfig: Setting CVar [[r.SkyAtmosphere.SampleCountMax:128.0]]
[2025.11.25-19.11.42:781][  0]LogConfig: Setting CVar [[r.SkyAtmosphere.TransmittanceLUT.UseSmallFormat:0]]
[2025.11.25-19.11.42:781][  0]LogConfig: Setting CVar [[r.SkyAtmosphere.TransmittanceLUT.SampleCount:10.0]]
[2025.11.25-19.11.42:781][  0]LogConfig: Setting CVar [[r.SkyAtmosphere.MultiScatteringLUT.SampleCount:15.0]]
[2025.11.25-19.11.42:781][  0]LogConfig: Setting CVar [[r.SkyLight.RealTimeReflectionCapture:1]]
[2025.11.25-19.11.42:781][  0]LogConfig: Applying CVar settings from Section [FoliageQuality@3] File [E:/Unreal/Fumec_DevGames/Saved/Config/Windows/Scalability.ini]
[2025.11.25-19.11.42:781][  0]LogConfig: Setting CVar [[foliage.DensityScale:1.0]]
[2025.11.25-19.11.42:781][  0]LogConfig: Setting CVar [[grass.DensityScale:1.0]]
[2025.11.25-19.11.42:781][  0]LogConfig: Applying CVar settings from Section [ShadingQuality@3] File [E:/Unreal/Fumec_DevGames/Saved/Config/Windows/Scalability.ini]
[2025.11.25-19.11.42:781][  0]LogConfig: Setting CVar [[r.HairStrands.SkyLighting.IntegrationType:2]]
[2025.11.25-19.11.42:781][  0]LogConfig: Setting CVar [[r.HairStrands.SkyAO.SampleCount:4]]
[2025.11.25-19.11.42:781][  0]LogConfig: Setting CVar [[r.HairStrands.Visibility.MSAA.SamplePerPixel:4]]
[2025.11.25-19.11.42:781][  0]LogInit: Selected Device Profile: [Windows]
[2025.11.25-19.11.42:781][  0]LogInit: Applying CVar settings loaded from the selected device profile: [Windows]
[2025.11.25-19.11.42:781][  0]LogHAL: Display: Platform has ~ 14 GB [14968041472 / 17179869184 / 14], which maps to Larger [LargestMinGB=32, LargerMinGB=12, DefaultMinGB=8, SmallerMinGB=6, SmallestMinGB=0)
[2025.11.25-19.11.42:781][  0]LogInit: Going up to parent DeviceProfile []
[2025.11.25-19.11.42:781][  0]LogConfig: Applying CVar settings from Section [ViewDistanceQuality@3] File [E:/Unreal/Fumec_DevGames/Saved/Config/Windows/Scalability.ini]
[2025.11.25-19.11.42:781][  0]LogConfig: Setting CVar [[r.SkeletalMeshLODBias:0]]
[2025.11.25-19.11.42:781][  0]LogConfig: Setting CVar [[r.ViewDistanceScale:1.0]]
[2025.11.25-19.11.42:781][  0]LogConfig: Applying CVar settings from Section [AntiAliasingQuality@3] File [E:/Unreal/Fumec_DevGames/Saved/Config/Windows/Scalability.ini]
[2025.11.25-19.11.42:781][  0]LogConfig: Setting CVar [[r.PostProcessAAQuality:4]]
[2025.11.25-19.11.42:781][  0]LogConfig: Applying CVar settings from Section [ShadowQuality@3] File [E:/Unreal/Fumec_DevGames/Saved/Config/Windows/Scalability.ini]
[2025.11.25-19.11.42:781][  0]LogConfig: Setting CVar [[r.LightFunctionQuality:1]]
[2025.11.25-19.11.42:781][  0]LogConfig: Setting CVar [[r.ShadowQuality:5]]
[2025.11.25-19.11.42:781][  0]LogConfig: Setting CVar [[r.Shadow.CSM.MaxCascades:10]]
[2025.11.25-19.11.42:781][  0]LogConfig: Setting CVar [[r.Shadow.MaxResolution:2048]]
[2025.11.25-19.11.42:781][  0]LogConfig: Setting CVar [[r.Shadow.MaxCSMResolution:2048]]
[2025.11.25-19.11.42:781][  0]LogConfig: Setting CVar [[r.Shadow.RadiusThreshold:0.01]]
[2025.11.25-19.11.42:781][  0]LogConfig: Setting CVar [[r.Shadow.DistanceScale:1.0]]
[2025.11.25-19.11.42:781][  0]LogConfig: Setting CVar [[r.Shadow.CSM.TransitionScale:1.0]]
[2025.11.25-19.11.42:781][  0]LogConfig: Setting CVar [[r.Shadow.PreShadowResolutionFactor:1.0]]
[2025.11.25-19.11.42:781][  0]LogConfig: Setting CVar [[r.DistanceFieldShadowing:1]]
[2025.11.25-19.11.42:781][  0]LogConfig: Setting CVar [[r.DistanceFieldAO:1]]
[2025.11.25-19.11.42:781][  0]LogConfig: Setting CVar [[r.AOQuality:2]]
[2025.11.25-19.11.42:781][  0]LogConfig: Setting CVar [[r.VolumetricFog:1]]
[2025.11.25-19.11.42:781][  0]LogConfig: Setting CVar [[r.VolumetricFog.GridPixelSize:8]]
[2025.11.25-19.11.42:781][  0]LogConfig: Setting CVar [[r.VolumetricFog.GridSizeZ:128]]
[2025.11.25-19.11.42:781][  0]LogConfig: Setting CVar [[r.VolumetricFog.HistoryMissSupersampleCount:4]]
[2025.11.25-19.11.42:781][  0]LogConfig: Setting CVar [[r.LightMaxDrawDistanceScale:1]]
[2025.11.25-19.11.42:781][  0]LogConfig: Setting CVar [[r.CapsuleShadows:1]]
[2025.11.25-19.11.42:781][  0]LogConfig: Applying CVar settings from Section [PostProcessQuality@3] File [E:/Unreal/Fumec_DevGames/Saved/Config/Windows/Scalability.ini]
[2025.11.25-19.11.42:781][  0]LogConfig: Setting CVar [[r.MotionBlurQuality:4]]
[2025.11.25-19.11.42:781][  0]LogConfig: Setting CVar [[r.AmbientOcclusionMipLevelFactor:0.4]]
[2025.11.25-19.11.42:781][  0]LogConfig: Setting CVar [[r.AmbientOcclusionMaxQuality:100]]
[2025.11.25-19.11.42:781][  0]LogConfig: Setting CVar [[r.AmbientOcclusionLevels:-1]]
[2025.11.25-19.11.42:781][  0]LogConfig: Setting CVar [[r.AmbientOcclusionRadiusScale:1.0]]
[2025.11.25-19.11.42:781][  0]LogConfig: Setting CVar [[r.DepthOfFieldQuality:2]]
[2025.11.25-19.11.42:781][  0]LogConfig: Setting CVar [[r.RenderTargetPoolMin:400]]
[2025.11.25-19.11.42:781][  0]LogConfig: Setting CVar [[r.LensFlareQuality:2]]
[2025.11.25-19.11.42:781][  0]LogConfig: Setting CVar [[r.SceneColorFringeQuality:1]]
[2025.11.25-19.11.42:781][  0]LogConfig: Setting CVar [[r.EyeAdaptationQuality:2]]
[2025.11.25-19.11.42:781][  0]LogConfig: Setting CVar [[r.BloomQuality:5]]
[2025.11.25-19.11.42:781][  0]LogConfig: Setting CVar [[r.FastBlurThreshold:100]]
[2025.11.25-19.11.42:781][  0]LogConfig: Setting CVar [[r.Upscale.Quality:3]]
[2025.11.25-19.11.42:781][  0]LogConfig: Setting CVar [[r.Tonemapper.GrainQuantization:1]]
[2025.11.25-19.11.42:781][  0]LogConfig: Setting CVar [[r.LightShaftQuality:1]]
[2025.11.25-19.11.42:781][  0]LogConfig: Setting CVar [[r.Filter.SizeScale:1]]
[2025.11.25-19.11.42:781][  0]LogConfig: Setting CVar [[r.Tonemapper.Quality:5]]
[2025.11.25-19.11.42:781][  0]LogConfig: Setting CVar [[r.DOF.Gather.AccumulatorQuality:1        ; higher gathering accumulator quality]]
[2025.11.25-19.11.42:781][  0]LogConfig: Setting CVar [[r.DOF.Gather.PostfilterMethod:1          ; Median3x3 postfilering method]]
[2025.11.25-19.11.42:781][  0]LogConfig: Setting CVar [[r.DOF.Gather.EnableBokehSettings:0       ; no bokeh simulation when gathering]]
[2025.11.25-19.11.42:781][  0]LogConfig: Setting CVar [[r.DOF.Gather.RingCount:4                 ; medium number of samples when gathering]]
[2025.11.25-19.11.42:781][  0]LogConfig: Setting CVar [[r.DOF.Scatter.ForegroundCompositing:1    ; additive foreground scattering]]
[2025.11.25-19.11.42:781][  0]LogConfig: Setting CVar [[r.DOF.Scatter.BackgroundCompositing:2    ; additive background scattering]]
[2025.11.25-19.11.42:781][  0]LogConfig: Setting CVar [[r.DOF.Scatter.EnableBokehSettings:1      ; bokeh simulation when scattering]]
[2025.11.25-19.11.42:781][  0]LogConfig: Setting CVar [[r.DOF.Scatter.MaxSpriteRatio:0.1         ; only a maximum of 10% of scattered bokeh]]
[2025.11.25-19.11.42:781][  0]LogConfig: Setting CVar [[r.DOF.Recombine.Quality:1                ; cheap slight out of focus]]
[2025.11.25-19.11.42:781][  0]LogConfig: Setting CVar [[r.DOF.Recombine.EnableBokehSettings:0    ; no bokeh simulation on slight out of focus]]
[2025.11.25-19.11.42:781][  0]LogConfig: Setting CVar [[r.DOF.TemporalAAQuality:1                ; more stable temporal accumulation]]
[2025.11.25-19.11.42:781][  0]LogConfig: Setting CVar [[r.DOF.Kernel.MaxForegroundRadius:0.025]]
[2025.11.25-19.11.42:782][  0]LogConfig: Setting CVar [[r.DOF.Kernel.MaxBackgroundRadius:0.025]]
[2025.11.25-19.11.42:782][  0]LogConfig: Applying CVar settings from Section [TextureQuality@3] File [E:/Unreal/Fumec_DevGames/Saved/Config/Windows/Scalability.ini]
[2025.11.25-19.11.42:782][  0]LogConfig: Setting CVar [[r.Streaming.MipBias:0]]
[2025.11.25-19.11.42:782][  0]LogConfig: Setting CVar [[r.Streaming.AmortizeCPUToGPUCopy:0]]
[2025.11.25-19.11.42:782][  0]LogConfig: Setting CVar [[r.Streaming.MaxNumTexturesToStreamPerFrame:0]]
[2025.11.25-19.11.42:782][  0]LogConfig: Setting CVar [[r.Streaming.Boost:1]]
[2025.11.25-19.11.42:782][  0]LogConfig: Setting CVar [[r.MaxAnisotropy:8]]
[2025.11.25-19.11.42:782][  0]LogConfig: Setting CVar [[r.VT.MaxAnisotropy:8]]
[2025.11.25-19.11.42:782][  0]LogConfig: Setting CVar [[r.Streaming.LimitPoolSizeToVRAM:0]]
[2025.11.25-19.11.42:782][  0]LogConfig: Setting CVar [[r.Streaming.PoolSize:1000]]
[2025.11.25-19.11.42:782][  0]LogConfig: Setting CVar [[r.Streaming.MaxEffectiveScreenSize:0]]
[2025.11.25-19.11.42:782][  0]LogConfig: Applying CVar settings from Section [EffectsQuality@3] File [E:/Unreal/Fumec_DevGames/Saved/Config/Windows/Scalability.ini]
[2025.11.25-19.11.42:782][  0]LogConfig: Setting CVar [[r.TranslucencyLightingVolumeDim:64]]
[2025.11.25-19.11.42:782][  0]LogConfig: Setting CVar [[r.RefractionQuality:2]]
[2025.11.25-19.11.42:782][  0]LogConfig: Setting CVar [[r.SSR.Quality:3]]
[2025.11.25-19.11.42:782][  0]LogConfig: Setting CVar [[r.SSR.HalfResSceneColor:0]]
[2025.11.25-19.11.42:782][  0]LogConfig: Setting CVar [[r.SceneColorFormat:4]]
[2025.11.25-19.11.42:782][  0]LogConfig: Setting CVar [[r.DetailMode:2]]
[2025.11.25-19.11.42:782][  0]LogConfig: Setting CVar [[r.TranslucencyVolumeBlur:1]]
[2025.11.25-19.11.42:782][  0]LogConfig: Setting CVar [[r.MaterialQualityLevel:1 ; High quality]]
[2025.11.25-19.11.42:782][  0]LogConfig: Setting CVar [[r.AnisotropicMaterials:1]]
[2025.11.25-19.11.42:782][  0]LogConfig: Setting CVar [[r.SSS.Scale:1]]
[2025.11.25-19.11.42:782][  0]LogConfig: Setting CVar [[r.SSS.SampleSet:2]]
[2025.11.25-19.11.42:782][  0]LogConfig: Setting CVar [[r.SSS.Quality:1]]
[2025.11.25-19.11.42:782][  0]LogConfig: Setting CVar [[r.SSS.HalfRes:0]]
[2025.11.25-19.11.42:782][  0]LogConfig: Setting CVar [[r.SSGI.Quality:3]]
[2025.11.25-19.11.42:782][  0]LogConfig: Setting CVar [[r.EmitterSpawnRateScale:1.0]]
[2025.11.25-19.11.42:782][  0]LogConfig: Setting CVar [[r.ParticleLightQuality:2]]
[2025.11.25-19.11.42:782][  0]LogConfig: Setting CVar [[r.SkyAtmosphere.AerialPerspectiveLUT.FastApplyOnOpaque:1 ; Always have FastSkyLUT 1 in this case to avoid wrong sky]]
[2025.11.25-19.11.42:782][  0]LogConfig: Setting CVar [[r.SkyAtmosphere.AerialPerspectiveLUT.SampleCountMaxPerSlice:4]]
[2025.11.25-19.11.42:782][  0]LogConfig: Setting CVar [[r.SkyAtmosphere.AerialPerspectiveLUT.DepthResolution:16.0]]
[2025.11.25-19.11.42:782][  0]LogConfig: Setting CVar [[r.SkyAtmosphere.FastSkyLUT:1]]
[2025.11.25-19.11.42:782][  0]LogConfig: Setting CVar [[r.SkyAtmosphere.FastSkyLUT.SampleCountMin:4.0]]
[2025.11.25-19.11.42:782][  0]LogConfig: Setting CVar [[r.SkyAtmosphere.FastSkyLUT.SampleCountMax:128.0]]
[2025.11.25-19.11.42:782][  0]LogConfig: Setting CVar [[r.SkyAtmosphere.SampleCountMin:4.0]]
[2025.11.25-19.11.42:782][  0]LogConfig: Setting CVar [[r.SkyAtmosphere.SampleCountMax:128.0]]
[2025.11.25-19.11.42:782][  0]LogConfig: Setting CVar [[r.SkyAtmosphere.TransmittanceLUT.UseSmallFormat:0]]
[2025.11.25-19.11.42:782][  0]LogConfig: Setting CVar [[r.SkyAtmosphere.TransmittanceLUT.SampleCount:10.0]]
[2025.11.25-19.11.42:782][  0]LogConfig: Setting CVar [[r.SkyAtmosphere.MultiScatteringLUT.SampleCount:15.0]]
[2025.11.25-19.11.42:782][  0]LogConfig: Setting CVar [[r.SkyLight.RealTimeReflectionCapture:1]]
[2025.11.25-19.11.42:782][  0]LogConfig: Applying CVar settings from Section [FoliageQuality@3] File [E:/Unreal/Fumec_DevGames/Saved/Config/Windows/Scalability.ini]
[2025.11.25-19.11.42:782][  0]LogConfig: Setting CVar [[foliage.DensityScale:1.0]]
[2025.11.25-19.11.42:782][  0]LogConfig: Setting CVar [[grass.DensityScale:1.0]]
[2025.11.25-19.11.42:782][  0]LogConfig: Applying CVar settings from Section [ShadingQuality@3] File [E:/Unreal/Fumec_DevGames/Saved/Config/Windows/Scalability.ini]
[2025.11.25-19.11.42:782][  0]LogConfig: Setting CVar [[r.HairStrands.SkyLighting.IntegrationType:2]]
[2025.11.25-19.11.42:782][  0]LogConfig: Setting CVar [[r.HairStrands.SkyAO.SampleCount:4]]
[2025.11.25-19.11.42:782][  0]LogConfig: Setting CVar [[r.HairStrands.Visibility.MSAA.SamplePerPixel:4]]
[2025.11.25-19.11.42:782][  0]LogConfig: Applying CVar settings from Section [Startup] File [../../../Engine/Config/ConsoleVariables.ini]
[2025.11.25-19.11.42:782][  0]LogConfig: Setting CVar [[net.UseAdaptiveNetUpdateFrequency:0]]
[2025.11.25-19.11.42:782][  0]LogConfig: Setting CVar [[p.chaos.AllowCreatePhysxBodies:1]]
[2025.11.25-19.11.42:782][  0]LogConfig: Setting CVar [[fx.SkipVectorVMBackendOptimizations:1]]
[2025.11.25-19.11.42:782][  0]LogConfig: Applying CVar settings from Section [ConsoleVariables] File [E:/Unreal/Fumec_DevGames/Saved/Config/Windows/Engine.ini]
[2025.11.25-19.11.42:782][  0]LogConfig: Applying CVar settings from Section [ConsoleVariables] File [E:/Unreal/Fumec_DevGames/Saved/Config/Windows/Editor.ini]
[2025.11.25-19.11.42:782][  0]LogInit: Computer: LUCY
[2025.11.25-19.11.42:782][  0]LogInit: User: Gabriel
[2025.11.25-19.11.42:782][  0]LogInit: CPU Page size=4096, Cores=4
[2025.11.25-19.11.42:782][  0]LogInit: High frequency timer resolution =10.000000 MHz
[2025.11.25-19.11.42:783][  0]LogMemory: Memory total: Physical=13.9GB (14GB approx)
[2025.11.25-19.11.42:783][  0]LogMemory: Platform Memory Stats for Windows
[2025.11.25-19.11.42:783][  0]LogMemory: Process Physical Memory: 147.36 MB used, 147.36 MB peak
[2025.11.25-19.11.42:783][  0]LogMemory: Process Virtual Memory: 126.78 MB used, 126.78 MB peak
[2025.11.25-19.11.42:783][  0]LogMemory: Physical Memory: 7058.38 MB used,  7216.26 MB free, 14274.64 MB total
[2025.11.25-19.11.42:783][  0]LogMemory: Virtual Memory: 134206128.00 MB used,  11603.85 MB free, 134217728.00 MB total
[2025.11.25-19.11.42:791][  0]LogWindows: WindowsPlatformFeatures enabled
[2025.11.25-19.11.42:859][  0]LogInit: Physics initialised using underlying interface: PhysX
[2025.11.25-19.11.42:860][  0]LogInit: Overriding language with editor language configuration option (en).
[2025.11.25-19.11.42:860][  0]LogInit: Overriding language with editor locale configuration option (en).
[2025.11.25-19.11.43:122][  0]LogInit: Setting process to per monitor DPI aware
[2025.11.25-19.11.43:141][  0]LogWindowsTextInputMethodSystem: Display: IME system deactivated.
[2025.11.25-19.11.43:158][  0]LogSlate: New Slate User Created.  User Index 0, Is Virtual User: 0
[2025.11.25-19.11.43:158][  0]LogSlate: Slate User Registered.  User Index 0, Is Virtual User: 0
[2025.11.25-19.11.43:333][  0]LogD3D11RHI: Loaded GFSDK_Aftermath_Lib.x64.dll
[2025.11.25-19.11.43:430][  0]LogHMD: Failed to initialize OpenVR with code 110
[2025.11.25-19.11.43:430][  0]LogD3D11RHI: D3D11 min allowed feature level: 11_0
[2025.11.25-19.11.43:430][  0]LogD3D11RHI: D3D11 max allowed feature level: 11_0
[2025.11.25-19.11.43:430][  0]LogD3D11RHI: D3D11 adapters:
[2025.11.25-19.11.43:656][  0]LogD3D11RHI:    0. 'NVIDIA GeForce GTX 1650' (Feature Level 11_0)
[2025.11.25-19.11.43:656][  0]LogD3D11RHI:       3938/0/7137 MB DedicatedVideo/DedicatedSystem/SharedSystem, Outputs:1, VendorId:0x10de
[2025.11.25-19.11.43:702][  0]LogD3D11RHI:    1. 'AMD Radeon(TM) RX Vega 10 Graphics' (Feature Level 11_0)
[2025.11.25-19.11.43:702][  0]LogD3D11RHI:       2034/0/7137 MB DedicatedVideo/DedicatedSystem/SharedSystem, Outputs:0, VendorId:0x1002
[2025.11.25-19.11.43:705][  0]LogD3D11RHI:    2. 'Microsoft Basic Render Driver' (Feature Level 11_0)
[2025.11.25-19.11.43:705][  0]LogD3D11RHI:       0/0/7137 MB DedicatedVideo/DedicatedSystem/SharedSystem, Outputs:0, VendorId:0x1414
[2025.11.25-19.11.43:739][  0]LogD3D11RHI:    3. 'AMD Radeon(TM) RX Vega 10 Graphics' (Feature Level 11_0)
[2025.11.25-19.11.43:739][  0]LogD3D11RHI:       2034/0/7137 MB DedicatedVideo/DedicatedSystem/SharedSystem, Outputs:0, VendorId:0x1002
[2025.11.25-19.11.43:772][  0]LogD3D11RHI:    4. 'AMD Radeon(TM) RX Vega 10 Graphics' (Feature Level 11_0)
[2025.11.25-19.11.43:772][  0]LogD3D11RHI:       2034/0/7137 MB DedicatedVideo/DedicatedSystem/SharedSystem, Outputs:0, VendorId:0x1002
[2025.11.25-19.11.43:805][  0]LogD3D11RHI:    5. 'AMD Radeon(TM) RX Vega 10 Graphics' (Feature Level 11_0)
[2025.11.25-19.11.43:805][  0]LogD3D11RHI:       2034/0/7137 MB DedicatedVideo/DedicatedSystem/SharedSystem, Outputs:0, VendorId:0x1002
[2025.11.25-19.11.43:838][  0]LogD3D11RHI:    6. 'AMD Radeon(TM) RX Vega 10 Graphics' (Feature Level 11_0)
[2025.11.25-19.11.43:838][  0]LogD3D11RHI:       2034/0/7137 MB DedicatedVideo/DedicatedSystem/SharedSystem, Outputs:0, VendorId:0x1002
[2025.11.25-19.11.43:838][  0]LogD3D11RHI: Chosen D3D11 Adapter:
[2025.11.25-19.11.43:838][  0]LogD3D11RHI:     Description : NVIDIA GeForce GTX 1650
[2025.11.25-19.11.43:838][  0]LogD3D11RHI:     VendorId    : 10de
[2025.11.25-19.11.43:838][  0]LogD3D11RHI:     DeviceId    : 1f91
[2025.11.25-19.11.43:838][  0]LogD3D11RHI:     SubSysId    : 142a1025
[2025.11.25-19.11.43:838][  0]LogD3D11RHI:     Revision    : 00a1
[2025.11.25-19.11.43:838][  0]LogD3D11RHI:     DedicatedVideoMemory : 4129292288 bytes
[2025.11.25-19.11.43:838][  0]LogD3D11RHI:     DedicatedSystemMemory : 0 bytes
[2025.11.25-19.11.43:838][  0]LogD3D11RHI:     SharedSystemMemory : 7484020736 bytes
[2025.11.25-19.11.43:838][  0]LogD3D11RHI:     AdapterLuid : 0 66929
[2025.11.25-19.11.43:846][  0]LogD3D11RHI: Creating new Direct3DDevice
[2025.11.25-19.11.43:846][  0]LogD3D11RHI:     GPU DeviceId: 0x1f91 (for the marketing name, search the web for "GPU Device Id")
[2025.11.25-19.11.43:846][  0]LogWindows: EnumDisplayDevices:
[2025.11.25-19.11.43:846][  0]LogWindows:    0. 'AMD Radeon(TM) RX Vega 10 Graphics ' (P:1 D:1)
[2025.11.25-19.11.43:847][  0]LogWindows:    1. 'AMD Radeon(TM) RX Vega 10 Graphics ' (P:0 D:0)
[2025.11.25-19.11.43:847][  0]LogWindows:    2. 'AMD Radeon(TM) RX Vega 10 Graphics ' (P:0 D:0)
[2025.11.25-19.11.43:847][  0]LogWindows:    3. 'AMD Radeon(TM) RX Vega 10 Graphics ' (P:0 D:0)
[2025.11.25-19.11.43:848][  0]LogWindows:    4. 'MS Idd Device' (P:0 D:0)
[2025.11.25-19.11.43:848][  0]LogWindows:    5. 'Parsec Virtual Display Adapter' (P:0 D:0)
[2025.11.25-19.11.43:848][  0]LogWindows:    6. 'Parsec Virtual Display Adapter' (P:0 D:0)
[2025.11.25-19.11.43:849][  0]LogWindows:    7. 'Parsec Virtual Display Adapter' (P:0 D:0)
[2025.11.25-19.11.43:849][  0]LogWindows:    8. 'Parsec Virtual Display Adapter' (P:0 D:0)
[2025.11.25-19.11.43:849][  0]LogWindows:    9. 'Parsec Virtual Display Adapter' (P:0 D:0)
[2025.11.25-19.11.43:849][  0]LogWindows:    10. 'Parsec Virtual Display Adapter' (P:0 D:0)
[2025.11.25-19.11.43:849][  0]LogWindows:    11. 'Parsec Virtual Display Adapter' (P:0 D:0)
[2025.11.25-19.11.43:850][  0]LogWindows:    12. 'Parsec Virtual Display Adapter' (P:0 D:0)
[2025.11.25-19.11.43:850][  0]LogWindows:    13. 'Parsec Virtual Display Adapter' (P:0 D:0)
[2025.11.25-19.11.43:850][  0]LogWindows:    14. 'Parsec Virtual Display Adapter' (P:0 D:0)
[2025.11.25-19.11.43:850][  0]LogWindows:    15. 'Parsec Virtual Display Adapter' (P:0 D:0)
[2025.11.25-19.11.43:850][  0]LogWindows:    16. 'Parsec Virtual Display Adapter' (P:0 D:0)
[2025.11.25-19.11.43:851][  0]LogWindows:    17. 'Parsec Virtual Display Adapter' (P:0 D:0)
[2025.11.25-19.11.43:851][  0]LogWindows:    18. 'Parsec Virtual Display Adapter' (P:0 D:0)
[2025.11.25-19.11.43:851][  0]LogWindows:    19. 'Parsec Virtual Display Adapter' (P:0 D:0)
[2025.11.25-19.11.43:851][  0]LogWindows:    20. 'Parsec Virtual Display Adapter' (P:0 D:0)
[2025.11.25-19.11.43:852][  0]LogWindows:    21. 'MS Idd Device' (P:0 D:0)
[2025.11.25-19.11.43:852][  0]LogWindows:    22. 'MS Idd Device' (P:0 D:0)
[2025.11.25-19.11.43:852][  0]LogWindows: DebugString: PrimaryIsNotTheChoosenAdapter PrimaryIsNotTheChoosenAdapter PrimaryIsNotTheChoosenAdapter PrimaryIsNotTheChoosenAdapter GetVideoDriverDetailsInvalid PrimaryIsNotTheChoosenAdapter GetVideoDriverDetailsInvalid PrimaryIsNotTheChoosenAdapter GetVideoDriverDetailsInvalid PrimaryIsNotTheChoosenAdapter GetVideoDriverDetailsInvalid PrimaryIsNotTheChoosenAdapter GetVideoDriverDetailsInvalid PrimaryIsNotTheChoosenAdapter GetVideoDriverDetailsInvalid PrimaryIsNotTheChoosenAdapter GetVideoDriverDetailsInvalid PrimaryIsNotTheChoosenAdapter GetVideoDriverDetailsInvalid PrimaryIsNotTheChoosenAdapter GetVideoDriverDetailsInvalid PrimaryIsNotTheChoosenAdapter GetVideoDriverDetailsInvalid PrimaryIsNotTheChoosenAdapter GetVideoDriverDetailsInvalid PrimaryIsNotTheChoosenAdapter GetVideoDriverDetailsInvalid PrimaryIsNotTheChoosenAdapter GetVideoDriverDetailsInvalid PrimaryIsNotTheChoosenAdapter GetVideoDriverDetailsInvalid PrimaryIsNotTheChoosenAdapter GetVideoDriverDetailsInvalid PrimaryIsNotTheChoosenAdapter GetVideoDriverDetailsInvalid PrimaryIsNotTheChoosenAdapter GetVideoDriverDetailsInvalid PrimaryIsNotTheChoosenAdapter GetVideoDriverDetailsInvalid PrimaryIsNotTheChoosenAdapter GetVideoDriverDetailsInvalid PrimaryIsNotTheChoosenAdapter FoundDriverCount:0 
[2025.11.25-19.11.43:852][  0]LogD3D11RHI:     Adapter Name: NVIDIA GeForce GTX 1650
[2025.11.25-19.11.43:852][  0]LogD3D11RHI:   Driver Version: Unknown (internal:Unknown, unified:Unknown)
[2025.11.25-19.11.43:852][  0]LogD3D11RHI:      Driver Date: Unknown
[2025.11.25-19.11.43:852][  0]LogRHI: Texture pool is 2756 MB (70% of 3938 MB)
[2025.11.25-19.11.43:852][  0]LogD3D11RHI: Creating D3DDevice using adapter:
[2025.11.25-19.11.43:852][  0]LogD3D11RHI:     Description : NVIDIA GeForce GTX 1650
[2025.11.25-19.11.43:852][  0]LogD3D11RHI:     VendorId    : 10de
[2025.11.25-19.11.43:852][  0]LogD3D11RHI:     DeviceId    : 1f91
[2025.11.25-19.11.43:852][  0]LogD3D11RHI:     SubSysId    : 142a1025
[2025.11.25-19.11.43:852][  0]LogD3D11RHI:     Revision    : 00a1
[2025.11.25-19.11.43:852][  0]LogD3D11RHI:     DedicatedVideoMemory : 4129292288 bytes
[2025.11.25-19.11.43:852][  0]LogD3D11RHI:     DedicatedSystemMemory : 0 bytes
[2025.11.25-19.11.43:852][  0]LogD3D11RHI:     SharedSystemMemory : 7484020736 bytes
[2025.11.25-19.11.43:852][  0]LogD3D11RHI:     AdapterLuid : 0 66929
[2025.11.25-19.11.44:011][  0]LogD3D11RHI: RHI has support for 64 bit atomics
[2025.11.25-19.11.44:011][  0]LogD3D11RHI: Async texture creation enabled
[2025.11.25-19.11.44:011][  0]LogD3D11RHI: Array index from any shader is supported
[2025.11.25-19.11.44:056][  0]LogD3D11RHI: GPU Timing Frequency: 1000.000000 (Debug: 2 1)
[2025.11.25-19.11.44:092][  0]LogRHI: GeForceNow SDK initialized: 1
[2025.11.25-19.11.44:448][  0]LogTargetPlatformManager: Display: Loaded TargetPlatform 'AllDesktop'
[2025.11.25-19.11.44:473][  0]LogTargetPlatformManager: Display: Loaded TargetPlatform 'Android'
[2025.11.25-19.11.44:473][  0]LogTargetPlatformManager: Display: Loaded TargetPlatform 'Android_ASTC'
[2025.11.25-19.11.44:473][  0]LogTargetPlatformManager: Display: Loaded TargetPlatform 'Android_DXT'
[2025.11.25-19.11.44:473][  0]LogTargetPlatformManager: Display: Loaded TargetPlatform 'Android_ETC2'
[2025.11.25-19.11.44:474][  0]LogTargetPlatformManager: Display: Loaded TargetPlatform 'AndroidClient'
[2025.11.25-19.11.44:474][  0]LogTargetPlatformManager: Display: Loaded TargetPlatform 'Android_ASTCClient'
[2025.11.25-19.11.44:474][  0]LogTargetPlatformManager: Display: Loaded TargetPlatform 'Android_DXTClient'
[2025.11.25-19.11.44:474][  0]LogTargetPlatformManager: Display: Loaded TargetPlatform 'Android_ETC2Client'
[2025.11.25-19.11.44:474][  0]LogTargetPlatformManager: Display: Loaded TargetPlatform 'Android_Multi'
[2025.11.25-19.11.44:474][  0]LogTargetPlatformManager: Display: Loaded TargetPlatform 'Android_MultiClient'
[2025.11.25-19.11.44:496][  0]LogTargetPlatformManager: Display: Loaded TargetPlatform 'IOSClient'
[2025.11.25-19.11.44:496][  0]LogTargetPlatformManager: Display: Loaded TargetPlatform 'IOS'
[2025.11.25-19.11.44:506][  0]LogTargetPlatformManager: Display: Loaded TargetPlatform 'Linux'
[2025.11.25-19.11.44:512][  0]LogTargetPlatformManager: Display: Loaded TargetPlatform 'LinuxNoEditor'
[2025.11.25-19.11.44:517][  0]LogTargetPlatformManager: Display: Loaded TargetPlatform 'LinuxClient'
[2025.11.25-19.11.44:524][  0]LogTargetPlatformManager: Display: Loaded TargetPlatform 'LinuxServer'
[2025.11.25-19.11.44:535][  0]LogTargetPlatformManager: Display: Loaded TargetPlatform 'LinuxAArch64NoEditor'
[2025.11.25-19.11.44:542][  0]LogTargetPlatformManager: Display: Loaded TargetPlatform 'LinuxAArch64Client'
[2025.11.25-19.11.44:548][  0]LogTargetPlatformManager: Display: Loaded TargetPlatform 'LinuxAArch64Server'
[2025.11.25-19.11.44:575][  0]LogTargetPlatformManager: Display: Loaded TargetPlatform 'Lumin'
[2025.11.25-19.11.44:575][  0]LogTargetPlatformManager: Display: Loaded TargetPlatform 'LuminClient'
[2025.11.25-19.11.44:585][  0]LogTargetPlatformManager: Display: Loaded TargetPlatform 'MacNoEditor'
[2025.11.25-19.11.44:591][  0]LogTargetPlatformManager: Display: Loaded TargetPlatform 'Mac'
[2025.11.25-19.11.44:596][  0]LogTargetPlatformManager: Display: Loaded TargetPlatform 'MacClient'
[2025.11.25-19.11.44:602][  0]LogTargetPlatformManager: Display: Loaded TargetPlatform 'MacServer'
[2025.11.25-19.11.44:614][  0]LogTargetPlatformManager: Display: Loaded TargetPlatform 'TVOSClient'
[2025.11.25-19.11.44:614][  0]LogTargetPlatformManager: Display: Loaded TargetPlatform 'TVOS'
[2025.11.25-19.11.44:625][  0]LogTargetPlatformManager: Display: Loaded TargetPlatform 'WindowsNoEditor'
[2025.11.25-19.11.44:631][  0]LogTargetPlatformManager: Display: Loaded TargetPlatform 'Windows'
[2025.11.25-19.11.44:637][  0]LogTargetPlatformManager: Display: Loaded TargetPlatform 'WindowsClient'
[2025.11.25-19.11.44:643][  0]LogTargetPlatformManager: Display: Loaded TargetPlatform 'WindowsServer'
[2025.11.25-19.11.44:643][  0]LogTargetPlatformManager: Display: Building Assets For Windows
[2025.11.25-19.11.44:652][  0]LogAudioDebug: Display: Lib vorbis DLL was dynamically loaded.
[2025.11.25-19.11.44:694][  0]LogTextureFormatOodle: Display: Oodle Texture 2.9.0 init RDO Off
[2025.11.25-19.11.44:742][  0]LogRendererCore: Ray tracing is disabled. Reason: r.RayTracing=0.
[2025.11.25-19.11.44:743][  0]LogShaderCompilers: Guid format shader working directory is 24 characters bigger than the processId version (E:/Unreal/Fumec_DevGames/Intermediate/Shaders/WorkingDirectory/6616/).
[2025.11.25-19.11.44:743][  0]LogShaderCompilers: Cleaned the shader compiler working directory 'C:/Users/Gabriel/AppData/Local/Temp/UnrealShaderWorkingDir/31D63D2B4DCEB1F5A62697A174BCCF69/'.
[2025.11.25-19.11.44:743][  0]LogXGEController: Cannot use XGE Controller as Incredibuild is not installed on this machine.
[2025.11.25-19.11.44:743][  0]LogShaderCompilers: Cannot use XGE Shader Compiler as Incredibuild is not installed on this machine.
[2025.11.25-19.11.44:743][  0]LogShaderCompilers: Display: Using Local Shader Compiler.
[2025.11.25-19.11.45:554][  0]LogDerivedDataCache: Display: Max Cache Size: 512 MB
[2025.11.25-19.11.45:612][  0]LogDerivedDataCache: Loaded boot cache 0.06s 94MB C:/Users/Gabriel/AppData/Local/UnrealEngine/4.27/DerivedDataCache/Boot.ddc.
[2025.11.25-19.11.45:612][  0]LogDerivedDataCache: Display: Loaded Boot cache: C:/Users/Gabriel/AppData/Local/UnrealEngine/4.27/DerivedDataCache/Boot.ddc
[2025.11.25-19.11.45:612][  0]LogDerivedDataCache: FDerivedDataBackendGraph:  Pak pak cache file E:/Unreal/Fumec_DevGames/DerivedDataCache/DDC.ddp not found, will not use a pak cache.
[2025.11.25-19.11.45:612][  0]LogDerivedDataCache: Unable to find inner node Pak for hierarchical cache Hierarchy.
[2025.11.25-19.11.45:612][  0]LogDerivedDataCache: FDerivedDataBackendGraph:  CompressedPak pak cache file E:/Unreal/Fumec_DevGames/DerivedDataCache/Compressed.ddp not found, will not use a pak cache.
[2025.11.25-19.11.45:612][  0]LogDerivedDataCache: Unable to find inner node CompressedPak for hierarchical cache Hierarchy.
[2025.11.25-19.11.45:631][  0]LogDerivedDataCache: Display: Pak cache opened for reading ../../../Engine/DerivedDataCache/Compressed.ddp.
[2025.11.25-19.11.45:631][  0]LogDerivedDataCache: FDerivedDataBackendGraph:  EnterprisePak pak cache file ../../../Enterprise/DerivedDataCache/Compressed.ddp not found, will not use a pak cache.
[2025.11.25-19.11.45:631][  0]LogDerivedDataCache: Unable to find inner node EnterprisePak for hierarchical cache Hierarchy.
[2025.11.25-19.11.45:645][  0]LogDerivedDataCache: Speed tests for C:/Users/Gabriel/AppData/Local/UnrealEngine/Common/DerivedDataCache took 0.01 seconds
[2025.11.25-19.11.45:645][  0]LogDerivedDataCache: Display: Performance to C:/Users/Gabriel/AppData/Local/UnrealEngine/Common/DerivedDataCache: Latency=0.03ms. RandomReadSpeed=769.23MBs, RandomWriteSpeed=81.21MBs. Assigned SpeedClass 'Local'
[2025.11.25-19.11.45:645][  0]LogDerivedDataCache: Using Local data cache path C:/Users/Gabriel/AppData/Local/UnrealEngine/Common/DerivedDataCache: Writable
[2025.11.25-19.11.45:645][  0]LogDerivedDataCache: Shared data cache path not found in *engine.ini, will not use an Shared cache.
[2025.11.25-19.11.45:645][  0]LogDerivedDataCache: Unable to find inner node Shared for hierarchical cache Hierarchy.
[2025.11.25-19.11.45:703][  0]LogSlate: Using FreeType 2.10.0
[2025.11.25-19.11.45:703][  0]LogSlate: SlateFontServices - WITH_FREETYPE: 1, WITH_HARFBUZZ: 1
[2025.11.25-19.11.45:733][  0]LogAssetRegistry: FAssetRegistry took 0.0033 seconds to start up
[2025.11.25-19.11.46:003][  0]LogInit: Selected Device Profile: [Windows]
[2025.11.25-19.11.46:003][  0]LogInit: Active device profile: [000002E5BBED3900][000002E5BA860140 49] Windows
[2025.11.25-19.11.46:003][  0]LogInit: Profiles: [000002E5BBED3900][000002E5BA860140 49] Windows, [000002E5BBE7CB00][000002E5B62082C0 49] WindowsNoEditor, [000002E5BBED0B00][000002E5B620C440 49] WindowsServer, [000002E5BBE7F700][000002E5B1B0C5C0 49] WindowsClient, [000002E5BBED3700][000002E5B1B10740 49] IOS, [000002E5BBE7C100][000002E5B4A64880 49] iPadAir, [000002E5BBED0500][000002E5B1B149C0 49] iPadAir2, [000002E5BBE3CC00][000002E5B1B20C40 49] IPadPro, [000002E5BBE3CD00][000002E5B1B18C80 49] iPadAir3, [000002E5BBED3500][000002E5B1B24E00 49] iPadAir4, [000002E5BBE3FE00][000002E5B1B28F80 49] iPadMini2, [000002E5BBED0400][000002E5B1B2D100 49] iPadMini3, [000002E5BBE3D700][000002E5B1B31280 49] iPadMini4, [000002E5BBED3400][000002E5B1B35400 49] iPadMini5, [000002E5BBE7F000][000002E5B1B3D6C0 49] iPhone6, [000002E5BBE7EF00][000002E5B1B39700 49] iPodTouch6, [000002E5BBE3F500][000002E5B1B459C0 49] iPhone7, [000002E5BBE3F400][000002E5B1B41A00 49] iPodTouch7, [000002E5BBE7FA00][000002E5B1B49B80 49] iPhone5S, [000002E5BBE3CA00][000002E5B1B4C180 49] iPhone6Plus, [000002E5BBE7E600][000002E5B1B50300 49] iPhone6S, [000002E5BBE3EC00][000002E5BA912480 49] iPhone6SPlus, [000002E5BBE7C500][000002E5BA916600 49] iPhone7Plus, [000002E5BBE3D200][000002E5BA91A780 49] iPhoneSE, [000002E5BBE7E200][000002E5BA91E900 49] iPhone8, [000002E5BBE3E800][000002E5B1B1CA40 49] iPhone8Plus, [000002E5BBE7C600][000002E5BA922B80 49] iPhoneX, [000002E5BBE3D400][000002E5BA926CC0 49] iPhoneXS, [000002E5BBE7DF00][000002E5BA92EE40 49] iPhoneXSMax, [000002E5BBE3E500][000002E5BA932FC0 49] iPhoneXR, [000002E5BBE7CE00][000002E5BA937140 49] iPhone11, [000002E5BBE3C300][000002E5BA93B2C0 49] iPhone11Pro, [000002E5BBE7DC00][000002E5BA93F440 49] iPhone11ProMax, [000002E5BBE3FA00][000002E5BA9435C0 49] iPhoneSE2, [000002E5BBE7ED00][000002E5BA947740 49] iPhone12Mini, [000002E5BBE3DA00][000002E5BA94B8C0 49] iPhone12, [000002E5BBE7F200][000002E5BA94FA40 49] iPhone12Pro, [000002E5BBE3C800][000002E5BA953BC0 49] iPhone12ProMax, [000002E5BBE7E800][000002E5BA9561C0 49] iPadPro105, [000002E5BBE3DC00][000002E5BA95A340 49] iPadPro129, [000002E5BBE7C700][000002E5BA95E4C0 49] iPadPro97, [000002E5BBE3E100][000002E5BA962640 49] iPadPro2_129, [000002E5BBE7D600][000002E5BA9667C0 49] iPad5, [000002E5BBE3DE00][000002E5BA96A940 49] iPad6, [000002E5BBE7D900][000002E5BA96EAC0 49] iPad7, [000002E5BBE3DF00][000002E5BA92AC00 49] iPad8, [000002E5BBE7FC00][000002E5BA972D40 49] iPadPro11, [000002E5BBE3E400][000002E5BA976E80 49] iPadPro2_11, [000002E5BBE7C400][000002E5BA97AFC0 49] iPadPro3_129, [000002E5BBE3C900][000002E5BCCAD140 49] iPadPro4_129, [000002E5BBE7E900][000002E5BCCB12C0 49] AppleTV, [000002E5BBE3F100][000002E5BCCB5440 49] AppleTV4K, [000002E5BBE7F400][000002E5BCCB95C0 49] TVOS, [000002E5BBE3C700][000002E5BCCBD740 49] Mac, [000002E5BBE7D800][000002E5BCCC18C0 49] MacClient, [000002E5BBE3F600][000002E5BCCC5A40 49] MacNoEditor, [000002E5BBE7DE00][000002E5BCCC9BC0 49] MacServer, [000002E5BBE3EB00][000002E5BCCCC1C0 49] Linux, [000002E5BBE7F100][000002E5BCCD0340 49] LinuxAArch64, [000002E5BBE3EE00][000002E5BCCD44C0 49] LinuxNoEditor, [000002E5BBE7FE00][000002E5BCCD8640 49] LinuxAArch64NoEditor, [000002E5BBE3E000][000002E5BCCDC7C0 49] LinuxClient, [000002E5BBE7E000][000002E5BCCE0940 49] LinuxAArch64Client, [000002E5BBE3FC00][000002E5BCCE4AC0 49] LinuxServer, [000002E5BBE7E100][000002E5BCCE8C40 49] LinuxAArch64Server, [000002E5BBED1000][000002E5BCCA8D80 49] Android, [000002E5BBF11500][000002E5BCCECEC0 49] Android_Low, [000002E5BBED2B00][000002E5BCCF1000 49] Android_Mid, [000002E5BBF11200][000002E5BCCF5140 49] Android_High, [000002E5BBED1E00][000002E5BCD232C0 49] Android_Default, [000002E5BBF10F00][000002E5BCD2B440 49] Android_Adreno4xx, [000002E5BBED1100][000002E5BCD335C0 49] Android_Adreno5xx_Low, [000002E5BBF11C00][000002E5BCD67740 49] Android_Adreno5xx, [000002E5BBED0100][000002E5BCD858C0 49] Android_Adreno6xx, [000002E5BBF10B00][000002E5BCD89A40 49] Android_Adreno6xx_Vulkan, [000002E5BBED2400][000002E5BCD8DBC0 49] Android_Mali_T6xx, [000002E5BBF12400][000002E5BCEFC1C0 49] Android_Mali_T7xx, [000002E5BBED2E00][000002E5B1762340 49] Android_Mali_T8xx, [000002E5BBF11300][000002E5B17864C0 49] Android_Mali_G71, [000002E5BBED1500][000002E5BA8E2640 49] Android_Mali_G72, [000002E5BBF10600][000002E5BA8E67C0 49] Android_Mali_G72_Vulkan, [000002E5BBED1900][000002E5BA8EA940 49] Android_Mali_G76, [000002E5BBF12000][000002E5B1AE4AC0 49] Android_Mali_G76_Vulkan, [000002E5BBED1A00][000002E5B1AE8C40 49] Android_Mali_G77, [000002E5BBF12300][000002E5B17E6DC0 49] Android_Mali_G77_Vulkan, [000002E5BBE7DB00][000002E5B17EAF40 49] Android_Mali_G78, [000002E5BBE3EF00][000002E5BCD1F080 49] Android_Mali_G78_Vulkan, [000002E5BBE7DA00][000002E5B1AED1C0 49] Android_Mali_G710, [000002E5BBE3D600][000002E5B1AF9300 49] Android_Mali_G710_Vulkan, [000002E5BBE7D500][000002E5BA8FB480 49] Android_Vulkan_SM5, [000002E5BBE3CE00][000002E5BA8FF600 49] Android_PowerVR_G6xxx, [000002E5BBE7E700][000002E5BA903780 49] Android_PowerVR_GT7xxx, [000002E5BBF11A00][000002E5BA90B900 49] Android_PowerVR_GE8xxx, [000002E5BBE7F900][000002E5BA90FA80 49] Android_PowerVR_GM9xxx, [000002E5BBF11100][000002E5BCACFC00 49] Android_PowerVR_GM9xxx_Vulkan, [000002E5BBE7D000][000002E5BCADC200 49] Android_TegraK1, [000002E5BBF10100][000002E5BCAE0380 49] Android_Unknown_Vulkan, [000002E5BBE7D200][000002E5BCAE4500 49] Lumin, [000002E5BBF10200][000002E5BCAE8680 49] Lumin_Desktop, [000002E5BBE7EE00][000002E5BCAEC800 49] HoloLens, 
[2025.11.25-19.11.46:145][  0]LogMeshReduction: Using QuadricMeshReduction for automatic static mesh reduction
[2025.11.25-19.11.46:145][  0]LogMeshReduction: Using SimplygonMeshReduction for automatic skeletal mesh reduction
[2025.11.25-19.11.46:145][  0]LogMeshReduction: Using ProxyLODMeshReduction for automatic mesh merging
[2025.11.25-19.11.46:145][  0]LogMeshReduction: No distributed automatic mesh merging module available
[2025.11.25-19.11.46:145][  0]LogMeshMerging: No distributed automatic mesh merging module available
[2025.11.25-19.11.46:166][  0]LogNetVersion: ColunaDoendoSamurai 1.0.0, NetCL: 17155196, EngineNetVer: 17, GameNetVer: 0 (Checksum: 440667709)
[2025.11.25-19.11.46:634][  0]LogTexture: Default maximum texture size for cubemaps generated from long-lat sources has been changed from 512 to unlimited. In order to preserve old behaiour for '/Engine/MapTemplates/Sky/DaylightAmbientCubemap.DaylightAmbientCubemap', its maximum texture size has been explicitly set to 512.
[2025.11.25-19.11.46:698][  0]LogHMD: PokeAHoleMaterial loaded successfully
[2025.11.25-19.11.46:705][  0]LogUObjectArray: 17178 objects as part of root set at end of initial load.
[2025.11.25-19.11.46:705][  0]LogUObjectAllocator: 4302048 out of 0 bytes used by permanent object pool.
[2025.11.25-19.11.46:705][  0]LogUObjectArray: CloseDisregardForGC: 0/0 objects in disregard for GC pool
[2025.11.25-19.11.47:059][  0]LogNiagaraDebuggerClient: Niagara Debugger Client Initialized | Session: E7201C234E048387183E5591DFA10FE3 | Instance: ECDA4305413C50890C5ADC8C942DA815 (LUCY-6616).
[2025.11.25-19.11.47:111][  0]LogPython: Using Python 3.7.7
[2025.11.25-19.11.47:795][  0]LogTcpMessaging: Initializing TcpMessaging bridge
[2025.11.25-19.11.47:801][  0]LogUdpMessaging: Initializing bridge on interface 0.0.0.0:0 to multicast group 230.0.0.1:6666.
[2025.11.25-19.11.48:125][  0]SourceControl: Source control is disabled
[2025.11.25-19.11.48:126][  0]SourceControl: Source control is disabled
[2025.11.25-19.11.48:129][  0]SourceControl: Source control is disabled
[2025.11.25-19.11.48:141][  0]SourceControl: Source control is disabled
[2025.11.25-19.11.48:156][  0]SourceControl: Source control is disabled
[2025.11.25-19.11.48:170][  0]LogUProjectInfo: Found projects:
[2025.11.25-19.11.48:296][  0]LogOpenImageDenoise: OIDN starting up
[2025.11.25-19.11.48:357][  0]LogAndroidPermission: UAndroidPermissionCallbackProxy::GetInstance
[2025.11.25-19.11.48:390][  0]LogAudioCaptureCore: Display: No Audio Capture implementations found. Audio input will be silent.
[2025.11.25-19.11.48:390][  0]LogAudioCaptureCore: Display: No Audio Capture implementations found. Audio input will be silent.
[2025.11.25-19.11.48:562][  0]LogCollectionManager: Loaded 0 collections in 0.002190 seconds
[2025.11.25-19.11.48:596][  0]LogFileCache: Scanning file cache for directory 'E:/Unreal/Fumec_DevGames/Saved/Collections/' took 0.00s
[2025.11.25-19.11.48:596][  0]LogFileCache: Scanning file cache for directory 'E:/Unreal/Fumec_DevGames/Content/Developers/Gabriel/Collections/' took 0.00s
[2025.11.25-19.11.48:596][  0]LogFileCache: Scanning file cache for directory 'E:/Unreal/Fumec_DevGames/Content/Collections/' took 0.00s
[2025.11.25-19.11.48:596][  0]LogOcInput: OculusInput pre-init called
[2025.11.25-19.11.48:866][  0]LogEngine: Initializing Engine...
[2025.11.25-19.11.48:869][  0]LogHMD: Failed to enumerate extensions. Please check that you have a valid OpenXR runtime installed.
[2025.11.25-19.11.48:869][  0]LogHMD: Failed to initialize OpenVR with code 110
[2025.11.25-19.11.48:869][  0]LogMagicLeap: Warning: VR disabled because ZI is not enabled.  To enable, in the editor, Edit -> Project Settings -> Plugins -> Magic Leap Plugin -> Enable Zero Iteration
[2025.11.25-19.11.48:870][  0]LogStats: UGameplayTagsManager::InitializeManager -  0.000 s
[2025.11.25-19.11.48:995][  0]LogInit: Initializing FReadOnlyCVARCache
[2025.11.25-19.11.49:006][  0]LogAIModule: Creating AISystem for world Untitled
[2025.11.25-19.11.49:007][  0]LogAudio: Display: Initializing Audio Device Manager...
[2025.11.25-19.11.49:013][  0]LogAudio: Display: Loading Default Audio Settings Objects...
[2025.11.25-19.11.49:013][  0]LogAudio: Display: No default SoundConcurrencyObject specified (or failed to load).
[2025.11.25-19.11.49:014][  0]LogAudio: Display: Audio Device Manager Initialized
[2025.11.25-19.11.49:014][  0]LogAudio: Display: Creating Audio Device:                 Id: 1, Scope: Shared, Realtime: True
[2025.11.25-19.11.49:014][  0]LogAudioMixer: Display: Audio Mixer Platform Settings:
[2025.11.25-19.11.49:014][  0]LogAudioMixer: Display: 	Sample Rate:						  48000
[2025.11.25-19.11.49:014][  0]LogAudioMixer: Display: 	Callback Buffer Frame Size Requested: 1024
[2025.11.25-19.11.49:014][  0]LogAudioMixer: Display: 	Callback Buffer Frame Size To Use:	  1024
[2025.11.25-19.11.49:014][  0]LogAudioMixer: Display: 	Number of buffers to queue:			  2
[2025.11.25-19.11.49:014][  0]LogAudioMixer: Display: 	Max Channels (voices):				  32
[2025.11.25-19.11.49:014][  0]LogAudioMixer: Display: 	Number of Async Source Workers:		  0
[2025.11.25-19.11.49:014][  0]LogAudio: Display: AudioDevice MaxSources: 32
[2025.11.25-19.11.49:014][  0]LogAudio: Display: Audio Spatialization Plugin: None (built-in).
[2025.11.25-19.11.49:014][  0]LogAudio: Display: Audio Reverb Plugin: None (built-in).
[2025.11.25-19.11.49:014][  0]LogAudio: Display: Audio Occlusion Plugin: None (built-in).
[2025.11.25-19.11.49:014][  0]LogAudioMixer: Display: Initializing audio mixer.
[2025.11.25-19.11.49:030][  0]LogAudioMixer: Display: 0: FrontLeft
[2025.11.25-19.11.49:030][  0]LogAudioMixer: Display: 1: FrontRight
[2025.11.25-19.11.49:155][  0]LogAudioMixer: Display: Using Audio Device Alto-falantes (Realtek(R) Audio)
[2025.11.25-19.11.49:158][  0]LogAudioMixer: Display: Initializing Sound Submixes...
[2025.11.25-19.11.49:161][  0]LogAudioMixer: Display: Creating Master Submix 'MasterSubmixDefault'
[2025.11.25-19.11.49:161][  0]LogAudioMixer: Display: Creating Master Submix 'MasterReverbSubmixDefault'
[2025.11.25-19.11.49:162][  0]LogAudioMixer: Display: Creating Master Submix 'MasterEQSubmixDefault'
[2025.11.25-19.11.49:162][  0]LogAudioMixer: FMixerPlatformXAudio2::StartAudioStream() called
[2025.11.25-19.11.49:162][  0]LogAudioMixer: Display: Output buffers initialized: Frames=1024, Channels=2, Samples=2048
[2025.11.25-19.11.49:163][  0]LogAudioMixer: Display: Starting AudioMixerPlatformInterface::RunInternal()
[2025.11.25-19.11.49:163][  0]LogAudioMixer: Display: FMixerPlatformXAudio2::SubmitBuffer() called for the first time
[2025.11.25-19.11.49:163][  0]LogInit: FAudioDevice initialized.
[2025.11.25-19.11.49:163][  0]LogAudio: Display: Audio Device (ID: 1) registered with world 'Untitled'.
[2025.11.25-19.11.49:163][  0]LogNetVersion: Set ProjectVersion to 1.0.0.0. Version Checksum will be recalculated on next use.
[2025.11.25-19.11.49:245][  0]LogDerivedDataCache: Saved boot cache 0.08s 94MB C:/Users/Gabriel/AppData/Local/UnrealEngine/4.27/DerivedDataCache/Boot.ddc.
[2025.11.25-19.11.49:246][  0]LogInit: Texture streaming: Enabled
[2025.11.25-19.11.49:262][  0]LogAnalytics: Display: [UEEditor.Rocket.Release] APIServer = https://datarouter.ol.epicgames.com/. AppVersion = 4.27.2-18319896+++UE4+Release-4.27
[2025.11.25-19.11.49:267][  0]LogEngineSessionManager: EngineSessionManager initialized
[2025.11.25-19.11.49:267][  0]LogEditorSessionSummary: Verbose: Initializing EditorSessionSummaryWriter for editor session tracking
[2025.11.25-19.11.49:269][  0]LogEditorSessionSummary: EditorSessionSummaryWriter initialized
[2025.11.25-19.11.49:305][  0]LogInit: Transaction tracking system initialized
[2025.11.25-19.11.49:336][  0]BlueprintLog: New page: Editor Load
[2025.11.25-19.11.49:418][  0]LocalizationService: Localization service is disabled
[2025.11.25-19.11.49:450][  0]TimingProfiler: Initialize
[2025.11.25-19.11.49:450][  0]TimingProfiler: OnSessionChanged
[2025.11.25-19.11.49:450][  0]LoadingProfiler: Initialize
[2025.11.25-19.11.49:450][  0]LoadingProfiler: OnSessionChanged
[2025.11.25-19.11.49:450][  0]NetworkingProfiler: Initialize
[2025.11.25-19.11.49:450][  0]NetworkingProfiler: OnSessionChanged
[2025.11.25-19.11.49:450][  0]MemoryProfiler: Initialize
[2025.11.25-19.11.49:450][  0]MemoryProfiler: OnSessionChanged
[2025.11.25-19.11.49:642][  0]LogCook: Display: CookSettings for Memory: MemoryMaxUsedVirtual 0MiB, MemoryMaxUsedPhysical 16384MiB, MemoryMinFreeVirtual 0MiB, MemoryMinFreePhysical 1024MiB
[2025.11.25-19.11.49:642][  0]LogCook: Display: Mobile HDR setting 1
[2025.11.25-19.11.49:899][  0]LogFileCache: Scanning file cache for directory 'E:/Unreal/Fumec_DevGames/Content/' took 0.01s
[2025.11.25-19.11.50:106][  0]LogInit: Display: Engine is initialized. Leaving FEngineLoop::Init()
[2025.11.25-19.11.50:110][  0]SourceControl: Source control is disabled
[2025.11.25-19.11.50:110][  0]LogUnrealEdMisc: Loading editor; pre map load, took 10.346
[2025.11.25-19.11.50:110][  0]Cmd: MAP LOAD FILE="E:/Unreal/Fumec_DevGames/Content/Mapas/Menu/MainMenu.umap" TEMPLATE=0 SHOWPROGRESS=1 FEATURELEVEL=3
[2025.11.25-19.11.50:110][  0]LightingResults: New page: Lighting Build
[2025.11.25-19.11.50:112][  0]LogWorld: UWorld::CleanupWorld for Untitled, bSessionEnded=true, bCleanupResources=true
[2025.11.25-19.11.50:112][  0]LogSlate: InvalidateAllWidgets triggered.  All widgets were invalidated
[2025.11.25-19.11.50:112][  0]MapCheck: New page: Map Check
[2025.11.25-19.11.50:112][  0]LightingResults: New page: Lighting Build
[2025.11.25-19.11.50:119][  0]LogAudio: Display: Audio Device unregistered from world 'None'.
[2025.11.25-19.11.50:122][  0]LogUObjectHash: Compacting FUObjectHashTables data took   0.87ms
[2025.11.25-19.11.50:152][  0]LogAudio: Display: Audio Device (ID: 1) registered with world 'MainMenu'.
[2025.11.25-19.11.50:152][  0]LogAIModule: Creating AISystem for world MainMenu
[2025.11.25-19.11.50:157][  0]LogEditorServer: Finished looking for orphan Actors (0.000 secs)
[2025.11.25-19.11.50:166][  0]LogUObjectHash: Compacting FUObjectHashTables data took   0.89ms
[2025.11.25-19.11.50:166][  0]Cmd: MAP CHECKDEP NOCLEARLOG
[2025.11.25-19.11.50:166][  0]MapCheck: Map check complete: 0 Error(s), 0 Warning(s), took 0.14ms to complete.
[2025.11.25-19.11.50:166][  0]LogFileHelpers: Loading map 'MainMenu' took 0.056
[2025.11.25-19.11.50:168][  0]LogUnrealEdMisc: Total Editor Startup Time, took 10.404
[2025.11.25-19.11.50:647][  0]LogSlate: Only BGRA pngs, bmps or icos are supported in by External Image Picker
[2025.11.25-19.11.50:747][  0]LogSlate: Updating window title bar state: overlay mode, drag disabled, window buttons hidden, title bar hidden
[2025.11.25-19.11.50:755][  0]LogSlate: Updating window title bar state: overlay mode, drag disabled, window buttons hidden, title bar hidden
[2025.11.25-19.11.50:762][  0]LogSlate: Updating window title bar state: overlay mode, drag disabled, window buttons hidden, title bar hidden
[2025.11.25-19.11.50:769][  0]LogSlate: Updating window title bar state: overlay mode, drag disabled, window buttons hidden, title bar hidden
[2025.11.25-19.11.50:787][  0]LogNativeClassHierarchy: Verbose: Native class hierarchy populated in 0.0117 seconds. Added 3822 classes and 928 folders.
[2025.11.25-19.11.50:790][  0]LogNativeClassHierarchy: Verbose: Native class hierarchy updated for 'WidgetCarousel' in 0.0003 seconds. Added 0 classes and 0 folders.
[2025.11.25-19.11.50:792][  0]LogPakFile: PakFile PrimaryIndexSize=187
[2025.11.25-19.11.50:792][  0]LogPakFile: PakFile PathHashIndexSize=101
[2025.11.25-19.11.50:792][  0]LogPakFile: PakFile FullDirectoryIndexSize=148
[2025.11.25-19.11.50:792][  0]LogShaderLibrary: Display: ShaderCodeLibraryPakFileMountedCallback: PakFile 'C:/Genshin/UE_4.27/FeaturePacks/FP_FirstPerson.upack' (chunk index -1, root 'root:/') mounted
[2025.11.25-19.11.50:792][  0]LogShaderLibrary: Display: ShaderCodeLibraryPakFileMountedCallback: pending pak file info (ChunkID:-1 Root:root:/ File:C:/Genshin/UE_4.27/FeaturePacks/FP_FirstPerson.upack)
[2025.11.25-19.11.50:792][  0]LogPakFile: OnPakFileMounted2Time == 0.000061
[2025.11.25-19.11.50:792][  0]LogPakFile: PakFile PrimaryIndexSize=189
[2025.11.25-19.11.50:792][  0]LogPakFile: PakFile PathHashIndexSize=101
[2025.11.25-19.11.50:792][  0]LogPakFile: PakFile FullDirectoryIndexSize=152
[2025.11.25-19.11.50:792][  0]LogShaderLibrary: Display: ShaderCodeLibraryPakFileMountedCallback: PakFile 'C:/Genshin/UE_4.27/FeaturePacks/FP_FirstPersonBP.upack' (chunk index -1, root 'root:/') mounted
[2025.11.25-19.11.50:792][  0]LogShaderLibrary: Display: ShaderCodeLibraryPakFileMountedCallback: pending pak file info (ChunkID:-1 Root:root:/ File:C:/Genshin/UE_4.27/FeaturePacks/FP_FirstPersonBP.upack)
[2025.11.25-19.11.50:792][  0]LogPakFile: OnPakFileMounted2Time == 0.000038
[2025.11.25-19.11.50:793][  0]LogPakFile: PakFile PrimaryIndexSize=191
[2025.11.25-19.11.50:793][  0]LogPakFile: PakFile PathHashIndexSize=101
[2025.11.25-19.11.50:793][  0]LogPakFile: PakFile FullDirectoryIndexSize=160
[2025.11.25-19.11.50:793][  0]LogShaderLibrary: Display: ShaderCodeLibraryPakFileMountedCallback: PakFile 'C:/Genshin/UE_4.27/FeaturePacks/MobileStarterContent.upack' (chunk index -1, root 'root:/') mounted
[2025.11.25-19.11.50:793][  0]LogShaderLibrary: Display: ShaderCodeLibraryPakFileMountedCallback: pending pak file info (ChunkID:-1 Root:root:/ File:C:/Genshin/UE_4.27/FeaturePacks/MobileStarterContent.upack)
[2025.11.25-19.11.50:793][  0]LogPakFile: OnPakFileMounted2Time == 0.000034
[2025.11.25-19.11.50:793][  0]LogPakFile: PakFile PrimaryIndexSize=185
[2025.11.25-19.11.50:793][  0]LogPakFile: PakFile PathHashIndexSize=101
[2025.11.25-19.11.50:793][  0]LogPakFile: PakFile FullDirectoryIndexSize=148
[2025.11.25-19.11.50:793][  0]LogShaderLibrary: Display: ShaderCodeLibraryPakFileMountedCallback: PakFile 'C:/Genshin/UE_4.27/FeaturePacks/StarterContent.upack' (chunk index -1, root 'root:/') mounted
[2025.11.25-19.11.50:793][  0]LogShaderLibrary: Display: ShaderCodeLibraryPakFileMountedCallback: pending pak file info (ChunkID:-1 Root:root:/ File:C:/Genshin/UE_4.27/FeaturePacks/StarterContent.upack)
[2025.11.25-19.11.50:793][  0]LogPakFile: OnPakFileMounted2Time == 0.000035
[2025.11.25-19.11.50:795][  0]LogPakFile: PakFile PrimaryIndexSize=190
[2025.11.25-19.11.50:795][  0]LogPakFile: PakFile PathHashIndexSize=101
[2025.11.25-19.11.50:795][  0]LogPakFile: PakFile FullDirectoryIndexSize=154
[2025.11.25-19.11.50:795][  0]LogShaderLibrary: Display: ShaderCodeLibraryPakFileMountedCallback: PakFile 'C:/Genshin/UE_4.27/FeaturePacks/TP_2DSideScroller.upack' (chunk index -1, root 'root:/') mounted
[2025.11.25-19.11.50:795][  0]LogShaderLibrary: Display: ShaderCodeLibraryPakFileMountedCallback: pending pak file info (ChunkID:-1 Root:root:/ File:C:/Genshin/UE_4.27/FeaturePacks/TP_2DSideScroller.upack)
[2025.11.25-19.11.50:795][  0]LogPakFile: OnPakFileMounted2Time == 0.000040
[2025.11.25-19.11.50:795][  0]LogPakFile: PakFile PrimaryIndexSize=192
[2025.11.25-19.11.50:795][  0]LogPakFile: PakFile PathHashIndexSize=101
[2025.11.25-19.11.50:795][  0]LogPakFile: PakFile FullDirectoryIndexSize=158
[2025.11.25-19.11.50:795][  0]LogShaderLibrary: Display: ShaderCodeLibraryPakFileMountedCallback: PakFile 'C:/Genshin/UE_4.27/FeaturePacks/TP_2DSideScrollerBP.upack' (chunk index -1, root 'root:/') mounted
[2025.11.25-19.11.50:795][  0]LogShaderLibrary: Display: ShaderCodeLibraryPakFileMountedCallback: pending pak file info (ChunkID:-1 Root:root:/ File:C:/Genshin/UE_4.27/FeaturePacks/TP_2DSideScrollerBP.upack)
[2025.11.25-19.11.50:795][  0]LogPakFile: OnPakFileMounted2Time == 0.000037
[2025.11.25-19.11.50:796][  0]LogPakFile: PakFile PrimaryIndexSize=182
[2025.11.25-19.11.50:796][  0]LogPakFile: PakFile PathHashIndexSize=101
[2025.11.25-19.11.50:796][  0]LogPakFile: PakFile FullDirectoryIndexSize=138
[2025.11.25-19.11.50:796][  0]LogShaderLibrary: Display: ShaderCodeLibraryPakFileMountedCallback: PakFile 'C:/Genshin/UE_4.27/FeaturePacks/TP_Flying.upack' (chunk index -1, root 'root:/') mounted
[2025.11.25-19.11.50:796][  0]LogShaderLibrary: Display: ShaderCodeLibraryPakFileMountedCallback: pending pak file info (ChunkID:-1 Root:root:/ File:C:/Genshin/UE_4.27/FeaturePacks/TP_Flying.upack)
[2025.11.25-19.11.50:796][  0]LogPakFile: OnPakFileMounted2Time == 0.000033
[2025.11.25-19.11.50:796][  0]LogPakFile: PakFile PrimaryIndexSize=184
[2025.11.25-19.11.50:797][  0]LogPakFile: PakFile PathHashIndexSize=101
[2025.11.25-19.11.50:797][  0]LogPakFile: PakFile FullDirectoryIndexSize=142
[2025.11.25-19.11.50:797][  0]LogShaderLibrary: Display: ShaderCodeLibraryPakFileMountedCallback: PakFile 'C:/Genshin/UE_4.27/FeaturePacks/TP_FlyingBP.upack' (chunk index -1, root 'root:/') mounted
[2025.11.25-19.11.50:797][  0]LogShaderLibrary: Display: ShaderCodeLibraryPakFileMountedCallback: pending pak file info (ChunkID:-1 Root:root:/ File:C:/Genshin/UE_4.27/FeaturePacks/TP_FlyingBP.upack)
[2025.11.25-19.11.50:797][  0]LogPakFile: OnPakFileMounted2Time == 0.000057
[2025.11.25-19.11.50:797][  0]LogPakFile: PakFile PrimaryIndexSize=188
[2025.11.25-19.11.50:797][  0]LogPakFile: PakFile PathHashIndexSize=101
[2025.11.25-19.11.50:797][  0]LogPakFile: PakFile FullDirectoryIndexSize=150
[2025.11.25-19.11.50:797][  0]LogShaderLibrary: Display: ShaderCodeLibraryPakFileMountedCallback: PakFile 'C:/Genshin/UE_4.27/FeaturePacks/TP_HandheldARBP.upack' (chunk index -1, root 'root:/') mounted
[2025.11.25-19.11.50:797][  0]LogShaderLibrary: Display: ShaderCodeLibraryPakFileMountedCallback: pending pak file info (ChunkID:-1 Root:root:/ File:C:/Genshin/UE_4.27/FeaturePacks/TP_HandheldARBP.upack)
[2025.11.25-19.11.50:797][  0]LogPakFile: OnPakFileMounted2Time == 0.000034
[2025.11.25-19.11.50:798][  0]LogPakFile: PakFile PrimaryIndexSize=182
[2025.11.25-19.11.50:798][  0]LogPakFile: PakFile PathHashIndexSize=101
[2025.11.25-19.11.50:798][  0]LogPakFile: PakFile FullDirectoryIndexSize=138
[2025.11.25-19.11.50:798][  0]LogShaderLibrary: Display: ShaderCodeLibraryPakFileMountedCallback: PakFile 'C:/Genshin/UE_4.27/FeaturePacks/TP_Puzzle.upack' (chunk index -1, root 'root:/') mounted
[2025.11.25-19.11.50:798][  0]LogShaderLibrary: Display: ShaderCodeLibraryPakFileMountedCallback: pending pak file info (ChunkID:-1 Root:root:/ File:C:/Genshin/UE_4.27/FeaturePacks/TP_Puzzle.upack)
[2025.11.25-19.11.50:798][  0]LogPakFile: OnPakFileMounted2Time == 0.000037
[2025.11.25-19.11.50:798][  0]LogPakFile: PakFile PrimaryIndexSize=184
[2025.11.25-19.11.50:798][  0]LogPakFile: PakFile PathHashIndexSize=101
[2025.11.25-19.11.50:798][  0]LogPakFile: PakFile FullDirectoryIndexSize=142
[2025.11.25-19.11.50:798][  0]LogShaderLibrary: Display: ShaderCodeLibraryPakFileMountedCallback: PakFile 'C:/Genshin/UE_4.27/FeaturePacks/TP_PuzzleBP.upack' (chunk index -1, root 'root:/') mounted
[2025.11.25-19.11.50:798][  0]LogShaderLibrary: Display: ShaderCodeLibraryPakFileMountedCallback: pending pak file info (ChunkID:-1 Root:root:/ File:C:/Genshin/UE_4.27/FeaturePacks/TP_PuzzleBP.upack)
[2025.11.25-19.11.50:798][  0]LogPakFile: OnPakFileMounted2Time == 0.000040
[2025.11.25-19.11.50:799][  0]LogPakFile: PakFile PrimaryIndexSize=183
[2025.11.25-19.11.50:799][  0]LogPakFile: PakFile PathHashIndexSize=101
[2025.11.25-19.11.50:799][  0]LogPakFile: PakFile FullDirectoryIndexSize=140
[2025.11.25-19.11.50:799][  0]LogShaderLibrary: Display: ShaderCodeLibraryPakFileMountedCallback: PakFile 'C:/Genshin/UE_4.27/FeaturePacks/TP_Rolling.upack' (chunk index -1, root 'root:/') mounted
[2025.11.25-19.11.50:799][  0]LogShaderLibrary: Display: ShaderCodeLibraryPakFileMountedCallback: pending pak file info (ChunkID:-1 Root:root:/ File:C:/Genshin/UE_4.27/FeaturePacks/TP_Rolling.upack)
[2025.11.25-19.11.50:799][  0]LogPakFile: OnPakFileMounted2Time == 0.000033
[2025.11.25-19.11.50:799][  0]LogPakFile: PakFile PrimaryIndexSize=185
[2025.11.25-19.11.50:800][  0]LogPakFile: PakFile PathHashIndexSize=101
[2025.11.25-19.11.50:800][  0]LogPakFile: PakFile FullDirectoryIndexSize=144
[2025.11.25-19.11.50:800][  0]LogShaderLibrary: Display: ShaderCodeLibraryPakFileMountedCallback: PakFile 'C:/Genshin/UE_4.27/FeaturePacks/TP_RollingBP.upack' (chunk index -1, root 'root:/') mounted
[2025.11.25-19.11.50:800][  0]LogShaderLibrary: Display: ShaderCodeLibraryPakFileMountedCallback: pending pak file info (ChunkID:-1 Root:root:/ File:C:/Genshin/UE_4.27/FeaturePacks/TP_RollingBP.upack)
[2025.11.25-19.11.50:800][  0]LogPakFile: OnPakFileMounted2Time == 0.000036
[2025.11.25-19.11.50:800][  0]LogPakFile: PakFile PrimaryIndexSize=188
[2025.11.25-19.11.50:800][  0]LogPakFile: PakFile PathHashIndexSize=101
[2025.11.25-19.11.50:800][  0]LogPakFile: PakFile FullDirectoryIndexSize=150
[2025.11.25-19.11.50:800][  0]LogShaderLibrary: Display: ShaderCodeLibraryPakFileMountedCallback: PakFile 'C:/Genshin/UE_4.27/FeaturePacks/TP_SideScroller.upack' (chunk index -1, root 'root:/') mounted
[2025.11.25-19.11.50:800][  0]LogShaderLibrary: Display: ShaderCodeLibraryPakFileMountedCallback: pending pak file info (ChunkID:-1 Root:root:/ File:C:/Genshin/UE_4.27/FeaturePacks/TP_SideScroller.upack)
[2025.11.25-19.11.50:800][  0]LogPakFile: OnPakFileMounted2Time == 0.000032
[2025.11.25-19.11.50:801][  0]LogPakFile: PakFile PrimaryIndexSize=190
[2025.11.25-19.11.50:801][  0]LogPakFile: PakFile PathHashIndexSize=101
[2025.11.25-19.11.50:801][  0]LogPakFile: PakFile FullDirectoryIndexSize=154
[2025.11.25-19.11.50:801][  0]LogShaderLibrary: Display: ShaderCodeLibraryPakFileMountedCallback: PakFile 'C:/Genshin/UE_4.27/FeaturePacks/TP_SideScrollerBP.upack' (chunk index -1, root 'root:/') mounted
[2025.11.25-19.11.50:801][  0]LogShaderLibrary: Display: ShaderCodeLibraryPakFileMountedCallback: pending pak file info (ChunkID:-1 Root:root:/ File:C:/Genshin/UE_4.27/FeaturePacks/TP_SideScrollerBP.upack)
[2025.11.25-19.11.50:801][  0]LogPakFile: OnPakFileMounted2Time == 0.000033
[2025.11.25-19.11.50:801][  0]LogPakFile: PakFile PrimaryIndexSize=187
[2025.11.25-19.11.50:801][  0]LogPakFile: PakFile PathHashIndexSize=101
[2025.11.25-19.11.50:801][  0]LogPakFile: PakFile FullDirectoryIndexSize=148
[2025.11.25-19.11.50:801][  0]LogShaderLibrary: Display: ShaderCodeLibraryPakFileMountedCallback: PakFile 'C:/Genshin/UE_4.27/FeaturePacks/TP_ThirdPerson.upack' (chunk index -1, root 'root:/') mounted
[2025.11.25-19.11.50:801][  0]LogShaderLibrary: Display: ShaderCodeLibraryPakFileMountedCallback: pending pak file info (ChunkID:-1 Root:root:/ File:C:/Genshin/UE_4.27/FeaturePacks/TP_ThirdPerson.upack)
[2025.11.25-19.11.50:801][  0]LogPakFile: OnPakFileMounted2Time == 0.000041
[2025.11.25-19.11.50:802][  0]LogPakFile: PakFile PrimaryIndexSize=189
[2025.11.25-19.11.50:802][  0]LogPakFile: PakFile PathHashIndexSize=101
[2025.11.25-19.11.50:802][  0]LogPakFile: PakFile FullDirectoryIndexSize=152
[2025.11.25-19.11.50:802][  0]LogShaderLibrary: Display: ShaderCodeLibraryPakFileMountedCallback: PakFile 'C:/Genshin/UE_4.27/FeaturePacks/TP_ThirdPersonBP.upack' (chunk index -1, root 'root:/') mounted
[2025.11.25-19.11.50:802][  0]LogShaderLibrary: Display: ShaderCodeLibraryPakFileMountedCallback: pending pak file info (ChunkID:-1 Root:root:/ File:C:/Genshin/UE_4.27/FeaturePacks/TP_ThirdPersonBP.upack)
[2025.11.25-19.11.50:802][  0]LogPakFile: OnPakFileMounted2Time == 0.000041
[2025.11.25-19.11.50:802][  0]LogPakFile: PakFile PrimaryIndexSize=183
[2025.11.25-19.11.50:802][  0]LogPakFile: PakFile PathHashIndexSize=101
[2025.11.25-19.11.50:802][  0]LogPakFile: PakFile FullDirectoryIndexSize=140
[2025.11.25-19.11.50:802][  0]LogShaderLibrary: Display: ShaderCodeLibraryPakFileMountedCallback: PakFile 'C:/Genshin/UE_4.27/FeaturePacks/TP_TopDown.upack' (chunk index -1, root 'root:/') mounted
[2025.11.25-19.11.50:802][  0]LogShaderLibrary: Display: ShaderCodeLibraryPakFileMountedCallback: pending pak file info (ChunkID:-1 Root:root:/ File:C:/Genshin/UE_4.27/FeaturePacks/TP_TopDown.upack)
[2025.11.25-19.11.50:802][  0]LogPakFile: OnPakFileMounted2Time == 0.000046
[2025.11.25-19.11.50:803][  0]LogPakFile: PakFile PrimaryIndexSize=185
[2025.11.25-19.11.50:803][  0]LogPakFile: PakFile PathHashIndexSize=101
[2025.11.25-19.11.50:803][  0]LogPakFile: PakFile FullDirectoryIndexSize=144
[2025.11.25-19.11.50:803][  0]LogShaderLibrary: Display: ShaderCodeLibraryPakFileMountedCallback: PakFile 'C:/Genshin/UE_4.27/FeaturePacks/TP_TopDownBP.upack' (chunk index -1, root 'root:/') mounted
[2025.11.25-19.11.50:804][  0]LogShaderLibrary: Display: ShaderCodeLibraryPakFileMountedCallback: pending pak file info (ChunkID:-1 Root:root:/ File:C:/Genshin/UE_4.27/FeaturePacks/TP_TopDownBP.upack)
[2025.11.25-19.11.50:804][  0]LogPakFile: OnPakFileMounted2Time == 0.000047
[2025.11.25-19.11.50:804][  0]LogPakFile: PakFile PrimaryIndexSize=185
[2025.11.25-19.11.50:804][  0]LogPakFile: PakFile PathHashIndexSize=101
[2025.11.25-19.11.50:804][  0]LogPakFile: PakFile FullDirectoryIndexSize=144
[2025.11.25-19.11.50:804][  0]LogShaderLibrary: Display: ShaderCodeLibraryPakFileMountedCallback: PakFile 'C:/Genshin/UE_4.27/FeaturePacks/TP_TwinStick.upack' (chunk index -1, root 'root:/') mounted
[2025.11.25-19.11.50:804][  0]LogShaderLibrary: Display: ShaderCodeLibraryPakFileMountedCallback: pending pak file info (ChunkID:-1 Root:root:/ File:C:/Genshin/UE_4.27/FeaturePacks/TP_TwinStick.upack)
[2025.11.25-19.11.50:804][  0]LogPakFile: OnPakFileMounted2Time == 0.000041
[2025.11.25-19.11.50:805][  0]LogPakFile: PakFile PrimaryIndexSize=187
[2025.11.25-19.11.50:805][  0]LogPakFile: PakFile PathHashIndexSize=101
[2025.11.25-19.11.50:805][  0]LogPakFile: PakFile FullDirectoryIndexSize=148
[2025.11.25-19.11.50:805][  0]LogShaderLibrary: Display: ShaderCodeLibraryPakFileMountedCallback: PakFile 'C:/Genshin/UE_4.27/FeaturePacks/TP_TwinStickBP.upack' (chunk index -1, root 'root:/') mounted
[2025.11.25-19.11.50:805][  0]LogShaderLibrary: Display: ShaderCodeLibraryPakFileMountedCallback: pending pak file info (ChunkID:-1 Root:root:/ File:C:/Genshin/UE_4.27/FeaturePacks/TP_TwinStickBP.upack)
[2025.11.25-19.11.50:805][  0]LogPakFile: OnPakFileMounted2Time == 0.000040
[2025.11.25-19.11.50:806][  0]LogPakFile: PakFile PrimaryIndexSize=183
[2025.11.25-19.11.50:806][  0]LogPakFile: PakFile PathHashIndexSize=101
[2025.11.25-19.11.50:806][  0]LogPakFile: PakFile FullDirectoryIndexSize=140
[2025.11.25-19.11.50:806][  0]LogShaderLibrary: Display: ShaderCodeLibraryPakFileMountedCallback: PakFile 'C:/Genshin/UE_4.27/FeaturePacks/TP_Vehicle.upack' (chunk index -1, root 'root:/') mounted
[2025.11.25-19.11.50:806][  0]LogShaderLibrary: Display: ShaderCodeLibraryPakFileMountedCallback: pending pak file info (ChunkID:-1 Root:root:/ File:C:/Genshin/UE_4.27/FeaturePacks/TP_Vehicle.upack)
[2025.11.25-19.11.50:806][  0]LogPakFile: OnPakFileMounted2Time == 0.000033
[2025.11.25-19.11.50:806][  0]LogPakFile: PakFile PrimaryIndexSize=186
[2025.11.25-19.11.50:806][  0]LogPakFile: PakFile PathHashIndexSize=101
[2025.11.25-19.11.50:806][  0]LogPakFile: PakFile FullDirectoryIndexSize=146
[2025.11.25-19.11.50:806][  0]LogShaderLibrary: Display: ShaderCodeLibraryPakFileMountedCallback: PakFile 'C:/Genshin/UE_4.27/FeaturePacks/TP_VehicleAdv.upack' (chunk index -1, root 'root:/') mounted
[2025.11.25-19.11.50:806][  0]LogShaderLibrary: Display: ShaderCodeLibraryPakFileMountedCallback: pending pak file info (ChunkID:-1 Root:root:/ File:C:/Genshin/UE_4.27/FeaturePacks/TP_VehicleAdv.upack)
[2025.11.25-19.11.50:806][  0]LogPakFile: OnPakFileMounted2Time == 0.000038
[2025.11.25-19.11.50:807][  0]LogPakFile: PakFile PrimaryIndexSize=188
[2025.11.25-19.11.50:807][  0]LogPakFile: PakFile PathHashIndexSize=101
[2025.11.25-19.11.50:807][  0]LogPakFile: PakFile FullDirectoryIndexSize=150
[2025.11.25-19.11.50:807][  0]LogShaderLibrary: Display: ShaderCodeLibraryPakFileMountedCallback: PakFile 'C:/Genshin/UE_4.27/FeaturePacks/TP_VehicleAdvBP.upack' (chunk index -1, root 'root:/') mounted
[2025.11.25-19.11.50:807][  0]LogShaderLibrary: Display: ShaderCodeLibraryPakFileMountedCallback: pending pak file info (ChunkID:-1 Root:root:/ File:C:/Genshin/UE_4.27/FeaturePacks/TP_VehicleAdvBP.upack)
[2025.11.25-19.11.50:807][  0]LogPakFile: OnPakFileMounted2Time == 0.000037
[2025.11.25-19.11.50:807][  0]LogPakFile: PakFile PrimaryIndexSize=185
[2025.11.25-19.11.50:807][  0]LogPakFile: PakFile PathHashIndexSize=101
[2025.11.25-19.11.50:807][  0]LogPakFile: PakFile FullDirectoryIndexSize=144
[2025.11.25-19.11.50:807][  0]LogShaderLibrary: Display: ShaderCodeLibraryPakFileMountedCallback: PakFile 'C:/Genshin/UE_4.27/FeaturePacks/TP_VehicleBP.upack' (chunk index -1, root 'root:/') mounted
[2025.11.25-19.11.50:807][  0]LogShaderLibrary: Display: ShaderCodeLibraryPakFileMountedCallback: pending pak file info (ChunkID:-1 Root:root:/ File:C:/Genshin/UE_4.27/FeaturePacks/TP_VehicleBP.upack)
[2025.11.25-19.11.50:807][  0]LogPakFile: OnPakFileMounted2Time == 0.000032
[2025.11.25-19.11.50:808][  0]LogPakFile: PakFile PrimaryIndexSize=192
[2025.11.25-19.11.50:808][  0]LogPakFile: PakFile PathHashIndexSize=101
[2025.11.25-19.11.50:808][  0]LogPakFile: PakFile FullDirectoryIndexSize=158
[2025.11.25-19.11.50:808][  0]LogShaderLibrary: Display: ShaderCodeLibraryPakFileMountedCallback: PakFile 'C:/Genshin/UE_4.27/FeaturePacks/TP_VirtualRealityBP.upack' (chunk index -1, root 'root:/') mounted
[2025.11.25-19.11.50:808][  0]LogShaderLibrary: Display: ShaderCodeLibraryPakFileMountedCallback: pending pak file info (ChunkID:-1 Root:root:/ File:C:/Genshin/UE_4.27/FeaturePacks/TP_VirtualRealityBP.upack)
[2025.11.25-19.11.50:808][  0]LogPakFile: OnPakFileMounted2Time == 0.000033
[2025.11.25-19.11.50:868][  0]LogNativeClassHierarchy: Verbose: Native class hierarchy updated for 'AddContentDialog' in 0.0003 seconds. Added 0 classes and 0 folders.
[2025.11.25-19.11.50:870][  0]LogNativeClassHierarchy: Verbose: Native class hierarchy updated for 'SceneOutliner' in 0.0003 seconds. Added 2 classes and 0 folders.
[2025.11.25-19.11.50:969][  0]LogSlate: Took 0.000257 seconds to synchronously load lazily loaded font '../../../Engine/Content/Slate/Fonts/Roboto-Regular.ttf' (155K)
[2025.11.25-19.11.50:971][  0]LogSlate: Took 0.000304 seconds to synchronously load lazily loaded font '../../../Engine/Content/Editor/Slate/Fonts/FontAwesome.ttf' (139K)
[2025.11.25-19.11.50:973][  0]LogSlate: Took 0.000281 seconds to synchronously load lazily loaded font '../../../Engine/Content/Slate/Fonts/Roboto-Bold.ttf' (160K)
[2025.11.25-19.11.51:062][  0]LogRenderer: Reallocating scene render targets to support 908x428 Format 10 NumSamples 1 (Frame:1).
[2025.11.25-19.11.51:175][  0]LogNativeClassHierarchy: Verbose: Native class hierarchy updated for 'HierarchicalLODOutliner' in 0.0004 seconds. Added 0 classes and 0 folders.
[2025.11.25-19.11.51:176][  0]LogLoad: (Engine Initialization) Total time: 11.41 seconds
[2025.11.25-19.11.51:176][  0]LogLoad: (Engine Initialization) Total Blueprint compile time: 0.00 seconds
[2025.11.25-19.11.51:383][  0]LogAssetRegistry: Asset discovery search completed in 5.6520 seconds
[2025.11.25-19.11.51:391][  0]LogCollectionManager: Fixed up redirectors for 0 collections in 0.000004 seconds (updated 0 objects)
[2025.11.25-19.11.51:393][  0]LogContentStreaming: Texture pool size now 1000 MB
[2025.11.25-19.11.51:440][  2]LogSlate: Took 0.000304 seconds to synchronously load lazily loaded font '../../../Engine/Content/Slate/Fonts/Roboto-Light.ttf' (167K)
[2025.11.25-19.12.22:196][840]LogUObjectHash: Compacting FUObjectHashTables data took   0.66ms
[2025.11.25-19.12.22:202][840]LogSlate: Took 0.000230 seconds to synchronously load lazily loaded font '../../../Engine/Content/Slate/Fonts/Roboto-Light.ttf' (167K)
[2025.11.25-19.12.22:494][840]LogAssetEditorSubsystem: Opening Asset editor for World /Game/Mapas/Fases/MapadeTeste/MapadeTeste.MapadeTeste
[2025.11.25-19.12.22:495][840]Cmd: MAP LOAD FILE="E:/Unreal/Fumec_DevGames/Content/Mapas/Fases/MapadeTeste/MapadeTeste.umap" TEMPLATE=0 SHOWPROGRESS=1 FEATURELEVEL=3
[2025.11.25-19.12.22:495][840]LightingResults: New page: Lighting Build
[2025.11.25-19.12.22:495][840]LoadErrors: New page: Loading map: MapadeTeste.umap
[2025.11.25-19.12.22:499][840]LogWorld: UWorld::CleanupWorld for MainMenu, bSessionEnded=true, bCleanupResources=true
[2025.11.25-19.12.22:499][840]LogSlate: InvalidateAllWidgets triggered.  All widgets were invalidated
[2025.11.25-19.12.22:499][840]MapCheck: New page: Map Check
[2025.11.25-19.12.22:499][840]LightingResults: New page: Lighting Build
[2025.11.25-19.12.22:505][840]LogAudio: Display: Audio Device unregistered from world 'None'.
[2025.11.25-19.12.22:508][840]LogUObjectHash: Compacting FUObjectHashTables data took   1.21ms
[2025.11.25-19.12.22:509][840]LogAudio: Display: Audio Device (ID: 1) registered with world 'MapadeTeste'.
[2025.11.25-19.12.22:595][840]LogEditorServer: Finished looking for orphan Actors (0.000 secs)
[2025.11.25-19.12.22:595][840]LogAIModule: Creating AISystem for world MapadeTeste
[2025.11.25-19.12.22:605][840]LogUObjectHash: Compacting FUObjectHashTables data took   0.85ms
[2025.11.25-19.12.22:625][840]Cmd: MAP CHECKDEP NOCLEARLOG
[2025.11.25-19.12.22:625][840]MapCheck: Map check complete: 0 Error(s), 0 Warning(s), took 0.108ms to complete.
[2025.11.25-19.12.22:625][840]LogFileHelpers: Loading map 'MapadeTeste' took 0.130
[2025.11.25-19.12.23:442][883]LogTemp: Repeating last play command: Selected Viewport
[2025.11.25-19.12.23:451][883]LogPlayLevel: PlayLevel: No blueprints needed recompiling
[2025.11.25-19.12.23:451][883]PIE: New page: PIE session: MapadeTeste (Nov 25, 2025, 1:12:23 PM)
[2025.11.25-19.12.23:453][883]LogOnline: OSS: Creating online subsystem instance for: NULL
[2025.11.25-19.12.23:454][883]LogOnline: OSS: TryLoadSubsystemAndSetDefault: Loaded subsystem for module [NULL]
[2025.11.25-19.12.23:454][883]LogPlayLevel: Creating play world package: /Game/Mapas/Fases/MapadeTeste/UEDPIE_0_MapadeTeste
[2025.11.25-19.12.23:476][883]LogPlayLevel: PIE: StaticDuplicateObject took: (0.020739s)
[2025.11.25-19.12.23:476][883]LogAIModule: Creating AISystem for world MapadeTeste
[2025.11.25-19.12.23:477][883]LogPlayLevel: PIE: World Init took: (0.001234s)
[2025.11.25-19.12.23:477][883]LogPlayLevel: PIE: Created PIE world by copying editor world from /Game/Mapas/Fases/MapadeTeste/MapadeTeste.MapadeTeste to /Game/Mapas/Fases/MapadeTeste/UEDPIE_0_MapadeTeste.MapadeTeste (0.022156s)
[2025.11.25-19.12.23:484][883]LogUObjectHash: Compacting FUObjectHashTables data took   0.94ms
[2025.11.25-19.12.23:484][883]LogAudio: Display: Creating Audio Device:                 Id: 2, Scope: Unique, Realtime: True
[2025.11.25-19.12.23:485][883]LogAudioMixer: Display: Audio Mixer Platform Settings:
[2025.11.25-19.12.23:485][883]LogAudioMixer: Display: 	Sample Rate:						  48000
[2025.11.25-19.12.23:485][883]LogAudioMixer: Display: 	Callback Buffer Frame Size Requested: 1024
[2025.11.25-19.12.23:485][883]LogAudioMixer: Display: 	Callback Buffer Frame Size To Use:	  1024
[2025.11.25-19.12.23:485][883]LogAudioMixer: Display: 	Number of buffers to queue:			  2
[2025.11.25-19.12.23:485][883]LogAudioMixer: Display: 	Max Channels (voices):				  32
[2025.11.25-19.12.23:485][883]LogAudioMixer: Display: 	Number of Async Source Workers:		  0
[2025.11.25-19.12.23:485][883]LogAudio: Display: AudioDevice MaxSources: 32
[2025.11.25-19.12.23:485][883]LogAudio: Display: Audio Spatialization Plugin: None (built-in).
[2025.11.25-19.12.23:485][883]LogAudio: Display: Audio Reverb Plugin: None (built-in).
[2025.11.25-19.12.23:485][883]LogAudio: Display: Audio Occlusion Plugin: None (built-in).
[2025.11.25-19.12.23:485][883]LogAudioMixer: Display: Initializing audio mixer.
[2025.11.25-19.12.23:492][883]LogAudioMixer: Display: 0: FrontLeft
[2025.11.25-19.12.23:492][883]LogAudioMixer: Display: 1: FrontRight
[2025.11.25-19.12.23:501][883]LogAudioMixer: Display: Using Audio Device Alto-falantes (Realtek(R) Audio)
[2025.11.25-19.12.23:502][883]LogAudioMixer: Display: Initializing Sound Submixes...
[2025.11.25-19.12.23:502][883]LogAudioMixer: Display: Creating Master Submix 'MasterSubmixDefault'
[2025.11.25-19.12.23:502][883]LogAudioMixer: Display: Creating Master Submix 'MasterReverbSubmixDefault'
[2025.11.25-19.12.23:502][883]LogAudioMixer: Display: Creating Master Submix 'MasterEQSubmixDefault'
[2025.11.25-19.12.23:502][883]LogAudioMixer: FMixerPlatformXAudio2::StartAudioStream() called
[2025.11.25-19.12.23:502][883]LogAudioMixer: Display: Output buffers initialized: Frames=1024, Channels=2, Samples=2048
[2025.11.25-19.12.23:504][883]LogAudioMixer: Display: Starting AudioMixerPlatformInterface::RunInternal()
[2025.11.25-19.12.23:504][883]LogAudioMixer: Display: FMixerPlatformXAudio2::SubmitBuffer() called for the first time
[2025.11.25-19.12.23:504][883]LogInit: FAudioDevice initialized.
[2025.11.25-19.12.23:504][883]LogAudio: Display: Audio Device (ID: 2) registered with world 'MapadeTeste'.
[2025.11.25-19.12.23:520][883]LogLoad: Game class is 'GameModeRL_C'
[2025.11.25-19.12.23:522][883]LogWorld: Bringing World /Game/Mapas/Fases/MapadeTeste/UEDPIE_0_MapadeTeste.MapadeTeste up for play (max tick rate 60) at 2025.11.25-16.12.23
[2025.11.25-19.12.23:524][883]LogWorld: Bringing up level for play took: 0.002263
[2025.11.25-19.12.23:524][883]LogOnline: OSS: Creating online subsystem instance for: :Context_2
[2025.11.25-19.12.23:529][883]LogNativeClassHierarchy: Verbose: Native class hierarchy updated for 'MovieSceneCapture' in 0.0004 seconds. Added 20 classes and 0 folders.
[2025.11.25-19.12.23:531][883]PIE: Server logged in
[2025.11.25-19.12.23:533][883]PIE: Play in editor total start time 0.083 seconds.
[2025.11.25-19.12.35:366][589]LogSlate: Updating window title bar state: overlay mode, drag disabled, window buttons hidden, title bar hidden
[2025.11.25-19.12.35:366][589]LogWorld: BeginTearingDown for /Game/Mapas/Fases/MapadeTeste/UEDPIE_0_MapadeTeste
[2025.11.25-19.12.35:366][589]LogWorld: UWorld::CleanupWorld for MapadeTeste, bSessionEnded=true, bCleanupResources=true
[2025.11.25-19.12.35:367][589]LogSlate: InvalidateAllWidgets triggered.  All widgets were invalidated
[2025.11.25-19.12.35:375][589]LogPlayLevel: Display: Shutting down PIE online subsystems
[2025.11.25-19.12.35:377][589]LogSlate: InvalidateAllWidgets triggered.  All widgets were invalidated
[2025.11.25-19.12.35:384][589]LogSlate: Updating window title bar state: overlay mode, drag disabled, window buttons hidden, title bar hidden
[2025.11.25-19.12.35:384][589]LogAudioMixer: FMixerPlatformXAudio2::StopAudioStream() called
[2025.11.25-19.12.35:385][589]LogAudioMixer: FMixerPlatformXAudio2::StopAudioStream() called
[2025.11.25-19.12.35:389][589]LogUObjectHash: Compacting FUObjectHashTables data took   0.86ms
[2025.11.25-19.12.35:441][591]LogPlayLevel: Display: Destroying online subsystem :Context_2
[2025.11.25-19.14.16:823][606]LogSlate: Window 'New Level' being destroyed
[2025.11.25-19.14.23:508][606]LogSlate: Window 'Save Content' being destroyed
[2025.11.25-19.14.23:515][606]Cmd: MAP LOAD FILE="../../../Engine/Content/Maps/Templates/Template_Default.umap" TEMPLATE=1 SHOWPROGRESS=1 FEATURELEVEL=3
[2025.11.25-19.14.23:541][606]LightingResults: New page: Lighting Build
[2025.11.25-19.14.23:541][606]LoadErrors: New page: Loading map: Template_Default.umap
[2025.11.25-19.14.23:543][606]LogWorld: UWorld::CleanupWorld for MapadeTeste, bSessionEnded=true, bCleanupResources=true
[2025.11.25-19.14.23:543][606]LogSlate: InvalidateAllWidgets triggered.  All widgets were invalidated
[2025.11.25-19.14.23:543][606]MapCheck: New page: Map Check
[2025.11.25-19.14.23:543][606]LightingResults: New page: Lighting Build
[2025.11.25-19.14.23:549][606]LogAudio: Display: Audio Device unregistered from world 'None'.
[2025.11.25-19.14.23:552][606]LogUObjectHash: Compacting FUObjectHashTables data took   1.32ms
[2025.11.25-19.14.23:596][606]LogTexture: Display: Building textures: DeprecatedTextureEB9CBE3C423008B5E8E130901E171C89 (BGRA8, 128X128)
[2025.11.25-19.14.23:605][606]LogAudio: Display: Audio Device (ID: 1) registered with world 'Untitled_1'.
[2025.11.25-19.14.23:606][606]LogAIModule: Creating AISystem for world Untitled_1
[2025.11.25-19.14.23:678][606]LogEditorServer: Finished looking for orphan Actors (0.000 secs)
[2025.11.25-19.14.23:688][606]LogUObjectHash: Compacting FUObjectHashTables data took   1.16ms
[2025.11.25-19.14.23:700][606]Cmd: MAP CHECKDEP NOCLEARLOG
[2025.11.25-19.14.23:700][606]MapCheck: Map check complete: 0 Error(s), 0 Warning(s), took 0.122ms to complete.
[2025.11.25-19.14.23:700][606]LogFileHelpers: Loading map 'Template_Default' took 0.185
[2025.11.25-19.24.43:633][764]LogEditorViewport: Clicking on Actor (LMB): StaticMeshActor (Floor)
[2025.11.25-19.26.01:517][435]LogEditorViewport: Clicking on Actor (LMB): StaticMeshActor (Floor)
[2025.11.25-19.26.19:073][471]LogEditorViewport: Clicking on Actor (LMB): BP_Sky_Sphere_C (Sky Sphere)
[2025.11.25-19.26.38:669][640]Cmd: BRUSH ADD SELECTNEWBRUSH
[2025.11.25-19.27.04:867][209]LogEditorViewport: Clicking on Actor (LMB): StaticMeshActor (Floor)
[2025.11.25-19.27.25:605][448]Cmd: TRANSACTION UNDO
[2025.11.25-19.27.25:606][448]LogEditorTransaction: Undo Edit X
[2025.11.25-19.27.26:058][460]Cmd: TRANSACTION UNDO
[2025.11.25-19.27.26:058][460]LogEditorTransaction: Undo Edit X
[2025.11.25-19.27.26:792][499]Cmd: TRANSACTION UNDO
[2025.11.25-19.27.26:793][499]LogEditorTransaction: Undo Edit X
[2025.11.25-19.27.27:414][535]Cmd: TRANSACTION UNDO
[2025.11.25-19.27.27:414][535]LogEditorTransaction: Undo Edit X
[2025.11.25-19.27.29:103][635]LogEditorViewport: Clicking on Actor (LMB): BP_Sky_Sphere_C (Sky Sphere)
[2025.11.25-19.27.37:830][155]LogEditorViewport: Clicking on Actor (LMB): StaticMeshActor (Floor)
[2025.11.25-19.27.39:393][246]Cmd: DELETE
[2025.11.25-19.27.39:393][246]Cmd: ACTOR DELETE
[2025.11.25-19.27.39:399][246]LogEditorActor: Deleted Actor: StaticMeshActor
[2025.11.25-19.27.39:409][246]LogUObjectHash: Compacting FUObjectHashTables data took   1.04ms
[2025.11.25-19.27.39:410][246]LogEditorActor: Deleted 1 Actors (0.017 secs)
[2025.11.25-19.27.42:193][413]LogTemp: Repeating last play command: Selected Viewport
[2025.11.25-19.27.42:200][413]LogPlayLevel: PlayLevel: No blueprints needed recompiling
[2025.11.25-19.27.42:200][413]PIE: New page: PIE session: Untitled_1 (Nov 25, 2025, 1:27:42 PM)
[2025.11.25-19.27.42:200][413]LogPlayLevel: Creating play world package: /Temp/UEDPIE_0_Untitled_1
[2025.11.25-19.27.42:206][413]LogPlayLevel: PIE: StaticDuplicateObject took: (0.004918s)
[2025.11.25-19.27.42:208][413]LogAIModule: Creating AISystem for world Untitled_1
[2025.11.25-19.27.42:208][413]LogPlayLevel: PIE: World Init took: (0.002585s)
[2025.11.25-19.27.42:209][413]LogPlayLevel: PIE: Created PIE world by copying editor world from /Temp/Untitled_1.Untitled_1 to /Temp/UEDPIE_0_Untitled_1.Untitled_1 (0.007745s)
[2025.11.25-19.27.42:216][413]LogUObjectHash: Compacting FUObjectHashTables data took   0.96ms
[2025.11.25-19.27.42:217][413]LogAudio: Display: Creating Audio Device:                 Id: 3, Scope: Unique, Realtime: True
[2025.11.25-19.27.42:217][413]LogAudioMixer: Display: Audio Mixer Platform Settings:
[2025.11.25-19.27.42:217][413]LogAudioMixer: Display: 	Sample Rate:						  48000
[2025.11.25-19.27.42:217][413]LogAudioMixer: Display: 	Callback Buffer Frame Size Requested: 1024
[2025.11.25-19.27.42:217][413]LogAudioMixer: Display: 	Callback Buffer Frame Size To Use:	  1024
[2025.11.25-19.27.42:217][413]LogAudioMixer: Display: 	Number of buffers to queue:			  2
[2025.11.25-19.27.42:217][413]LogAudioMixer: Display: 	Max Channels (voices):				  32
[2025.11.25-19.27.42:217][413]LogAudioMixer: Display: 	Number of Async Source Workers:		  0
[2025.11.25-19.27.42:217][413]LogAudio: Display: AudioDevice MaxSources: 32
[2025.11.25-19.27.42:217][413]LogAudio: Display: Audio Spatialization Plugin: None (built-in).
[2025.11.25-19.27.42:217][413]LogAudio: Display: Audio Reverb Plugin: None (built-in).
[2025.11.25-19.27.42:217][413]LogAudio: Display: Audio Occlusion Plugin: None (built-in).
[2025.11.25-19.27.42:217][413]LogAudioMixer: Display: Initializing audio mixer.
[2025.11.25-19.27.42:226][413]LogAudioMixer: Display: 0: FrontLeft
[2025.11.25-19.27.42:226][413]LogAudioMixer: Display: 1: FrontRight
[2025.11.25-19.27.42:233][413]LogAudioMixer: Display: Using Audio Device Alto-falantes (Realtek(R) Audio)
[2025.11.25-19.27.42:234][413]LogAudioMixer: Display: Initializing Sound Submixes...
[2025.11.25-19.27.42:234][413]LogAudioMixer: Display: Creating Master Submix 'MasterSubmixDefault'
[2025.11.25-19.27.42:234][413]LogAudioMixer: Display: Creating Master Submix 'MasterReverbSubmixDefault'
[2025.11.25-19.27.42:234][413]LogAudioMixer: Display: Creating Master Submix 'MasterEQSubmixDefault'
[2025.11.25-19.27.42:235][413]LogAudioMixer: FMixerPlatformXAudio2::StartAudioStream() called
[2025.11.25-19.27.42:235][413]LogAudioMixer: Display: Output buffers initialized: Frames=1024, Channels=2, Samples=2048
[2025.11.25-19.27.42:237][413]LogAudioMixer: Display: Starting AudioMixerPlatformInterface::RunInternal()
[2025.11.25-19.27.42:237][413]LogAudioMixer: Display: FMixerPlatformXAudio2::SubmitBuffer() called for the first time
[2025.11.25-19.27.42:237][413]LogInit: FAudioDevice initialized.
[2025.11.25-19.27.42:237][413]LogAudio: Display: Audio Device (ID: 3) registered with world 'Untitled_1'.
[2025.11.25-19.27.42:246][413]LogLoad: Game class is 'GameModeRL_C'
[2025.11.25-19.27.42:246][413]LogWorld: Bringing World /Temp/UEDPIE_0_Untitled_1.Untitled_1 up for play (max tick rate 60) at 2025.11.25-16.27.42
[2025.11.25-19.27.42:246][413]LogWorld: Bringing up level for play took: 0.000592
[2025.11.25-19.27.42:248][413]LogOnline: OSS: Creating online subsystem instance for: :Context_4
[2025.11.25-19.27.42:250][413]LogGameMode: FindPlayerStart: PATHS NOT DEFINED or NO PLAYERSTART with positive rating
[2025.11.25-19.27.42:253][413]PIE: Server logged in
[2025.11.25-19.27.42:254][413]PIE: Play in editor total start time 0.054 seconds.
[2025.11.25-19.27.43:834][506]LogSlate: Updating window title bar state: overlay mode, drag disabled, window buttons hidden, title bar hidden
[2025.11.25-19.27.43:834][506]LogWorld: BeginTearingDown for /Temp/UEDPIE_0_Untitled_1
[2025.11.25-19.27.43:834][506]LogWorld: UWorld::CleanupWorld for Untitled_1, bSessionEnded=true, bCleanupResources=true
[2025.11.25-19.27.43:834][506]LogSlate: InvalidateAllWidgets triggered.  All widgets were invalidated
[2025.11.25-19.27.43:846][506]LogPlayLevel: Display: Shutting down PIE online subsystems
[2025.11.25-19.27.43:848][506]LogSlate: InvalidateAllWidgets triggered.  All widgets were invalidated
[2025.11.25-19.27.43:854][506]LogSlate: Updating window title bar state: overlay mode, drag disabled, window buttons hidden, title bar hidden
[2025.11.25-19.27.43:855][506]LogAudioMixer: FMixerPlatformXAudio2::StopAudioStream() called
[2025.11.25-19.27.43:856][506]LogAudioMixer: FMixerPlatformXAudio2::StopAudioStream() called
[2025.11.25-19.27.43:859][506]LogUObjectHash: Compacting FUObjectHashTables data took   0.73ms
[2025.11.25-19.27.43:924][509]LogPlayLevel: Display: Destroying online subsystem :Context_4
[2025.11.25-19.29.02:210][203]LogEditorViewport: Clicking on Actor (LMB): NavMeshBoundsVolume (NavMeshBoundsVolume)
[2025.11.25-19.29.08:464][576]LogEditorViewport: Clicking on Actor (LMB): BP_Sky_Sphere_C (Sky Sphere)
[2025.11.25-19.30.25:825][837]LogSlate: Window 'Save Level As' being destroyed
[2025.11.25-19.30.25:864][837]Cmd: OBJ SAVEPACKAGE PACKAGE="/Game/Mapas/Fases/NewMap" FILE="E:/Unreal/Fumec_DevGames/Content/Mapas/Fases/NewMap.umap" SILENT=true AUTOSAVING=false KEEPDIRTY=false
[2025.11.25-19.30.25:872][837]LogUObjectHash: Compacting FUObjectHashTables data took   0.98ms
[2025.11.25-19.30.25:884][837]LogSavePackage: Moving 'E:/Unreal/Fumec_DevGames/Saved/NewMap6B5E44A9479A31E2E648F39F0D233642.tmp' to 'E:/Unreal/Fumec_DevGames/Content/Mapas/Fases/NewMap.umap'
[2025.11.25-19.30.27:539][837]Cmd: OBJ SAVEPACKAGE PACKAGE="/Game/Mapas/Fases/NewMap_BuiltData" FILE="E:/Unreal/Fumec_DevGames/Content/Mapas/Fases/NewMap_BuiltData.uasset" SILENT=true
[2025.11.25-19.30.27:788][837]LogSavePackage: Moving 'E:/Unreal/Fumec_DevGames/Saved/NewMap_BuiltData4C9CB8374BEDEDCD6350789060B30A54.tmp' to 'E:/Unreal/Fumec_DevGames/Content/Mapas/Fases/NewMap_BuiltData.uasset'
[2025.11.25-19.30.27:795][837]LogFileHelpers: Saving map 'NewMap' took 1.963
[2025.11.25-19.30.27:807][837]AssetCheck: New page: Asset Save: multiple assets
[2025.11.25-19.30.27:807][837]LogContentValidation: Display: Validating World /Game/Mapas/Fases/NewMap.NewMap
[2025.11.25-19.30.27:807][837]LogContentValidation: Display: Validating MapBuildDataRegistry /Game/Mapas/Fases/NewMap_BuiltData.NewMap_BuiltData
[2025.11.25-19.30.40:068][563]LogUObjectHash: Compacting FUObjectHashTables data took   0.83ms
[2025.11.25-19.30.40:135][563]LogAssetEditorSubsystem: Opening Asset editor for World /Game/Mapas/Fases/MapadeTeste/MapadeTeste.MapadeTeste
[2025.11.25-19.30.40:135][563]Cmd: MAP LOAD FILE="E:/Unreal/Fumec_DevGames/Content/Mapas/Fases/MapadeTeste/MapadeTeste.umap" TEMPLATE=0 SHOWPROGRESS=1 FEATURELEVEL=3
[2025.11.25-19.30.40:135][563]LightingResults: New page: Lighting Build
[2025.11.25-19.30.40:135][563]LoadErrors: New page: Loading map: MapadeTeste.umap
[2025.11.25-19.30.40:136][563]LogWorld: UWorld::CleanupWorld for NewMap, bSessionEnded=true, bCleanupResources=true
[2025.11.25-19.30.40:137][563]LogSlate: InvalidateAllWidgets triggered.  All widgets were invalidated
[2025.11.25-19.30.40:137][563]MapCheck: New page: Map Check
[2025.11.25-19.30.40:137][563]LightingResults: New page: Lighting Build
[2025.11.25-19.30.40:144][563]LogAudio: Display: Audio Device unregistered from world 'None'.
[2025.11.25-19.30.40:147][563]LogUObjectHash: Compacting FUObjectHashTables data took   1.21ms
[2025.11.25-19.30.40:147][563]LogAudio: Display: Audio Device (ID: 1) registered with world 'MapadeTeste'.
[2025.11.25-19.30.40:239][563]LogEditorServer: Finished looking for orphan Actors (0.000 secs)
[2025.11.25-19.30.40:239][563]LogAIModule: Creating AISystem for world MapadeTeste
[2025.11.25-19.30.40:248][563]LogUObjectHash: Compacting FUObjectHashTables data took   0.85ms
[2025.11.25-19.30.40:268][563]Cmd: MAP CHECKDEP NOCLEARLOG
[2025.11.25-19.30.40:268][563]MapCheck: Map check complete: 0 Error(s), 0 Warning(s), took 0.105ms to complete.
[2025.11.25-19.30.40:268][563]LogFileHelpers: Loading map 'MapadeTeste' took 0.133
[2025.11.25-19.30.52:877][292]Cmd: ACTOR SELECT ALL
[2025.11.25-19.30.55:826][468]Cmd: EDIT COPY
[2025.11.25-19.30.59:223][671]LogUObjectHash: Compacting FUObjectHashTables data took   0.85ms
[2025.11.25-19.31.02:550][671]LogSlate: Window 'Save Content' being destroyed
[2025.11.25-19.31.02:586][671]LogAssetEditorSubsystem: Opening Asset editor for World /Game/Mapas/Fases/NewMap.NewMap
[2025.11.25-19.31.02:587][671]Cmd: MAP LOAD FILE="E:/Unreal/Fumec_DevGames/Content/Mapas/Fases/NewMap.umap" TEMPLATE=0 SHOWPROGRESS=1 FEATURELEVEL=3
[2025.11.25-19.31.02:587][671]LightingResults: New page: Lighting Build
[2025.11.25-19.31.02:587][671]LoadErrors: New page: Loading map: NewMap.umap
[2025.11.25-19.31.02:589][671]LogWorld: UWorld::CleanupWorld for MapadeTeste, bSessionEnded=true, bCleanupResources=true
[2025.11.25-19.31.02:589][671]LogSlate: InvalidateAllWidgets triggered.  All widgets were invalidated
[2025.11.25-19.31.02:590][671]MapCheck: New page: Map Check
[2025.11.25-19.31.02:590][671]LightingResults: New page: Lighting Build
[2025.11.25-19.31.02:595][671]LogAudio: Display: Audio Device unregistered from world 'None'.
[2025.11.25-19.31.02:597][671]LogUObjectHash: Compacting FUObjectHashTables data took   0.89ms
[2025.11.25-19.31.02:597][671]LogAudio: Display: Audio Device (ID: 1) registered with world 'NewMap'.
[2025.11.25-19.31.02:661][671]LogEditorServer: Finished looking for orphan Actors (0.000 secs)
[2025.11.25-19.31.02:661][671]LogAIModule: Creating AISystem for world NewMap
[2025.11.25-19.31.02:671][671]LogUObjectHash: Compacting FUObjectHashTables data took   0.91ms
[2025.11.25-19.31.02:691][671]Cmd: MAP CHECKDEP NOCLEARLOG
[2025.11.25-19.31.02:691][671]MapCheck: Map check complete: 0 Error(s), 0 Warning(s), took 0.107ms to complete.
[2025.11.25-19.31.02:691][671]LogFileHelpers: Loading map 'NewMap' took 0.105
[2025.11.25-19.31.04:234][761]Cmd: EDIT PASTE
[2025.11.25-19.31.04:293][761]LogNavigationPoint: PostEditMove Clear paths rebuilt
[2025.11.25-19.31.09:529][ 52]LogNavigationPoint: PostEditMove Clear paths rebuilt
[2025.11.25-19.31.53:498][686]LogEditorViewport: Clicking on Actor (LMB): BP_Sky_Sphere_C (Sky Sphere)
[2025.11.25-19.31.58:025][956]LogEditorViewport: Clicking on Actor (LMB): BP_Sky_Sphere_C (Sky Sphere)
[2025.11.25-19.32.08:022][546]LogEditorViewport: Clicking on Actor (LMB): BP_Sky_Sphere_C (Sky Sphere)
[2025.11.25-19.33.25:272][166]LogEditorViewport: Clicking on Actor (LMB): BP_Sky_Sphere_C (Sky Sphere)
[2025.11.25-19.33.28:567][362]LogEditorViewport: Clicking on Actor (LMB): BP_Sky_Sphere_C (Sky Sphere)
[2025.11.25-19.33.29:156][397]LogEditorViewport: Clicking on Actor (LMB): BP_Sky_Sphere_C (Sky Sphere)
[2025.11.25-19.33.29:747][432]LogEditorViewport: Clicking on Actor (LMB): BP_Sky_Sphere_C (Sky Sphere)
[2025.11.25-19.33.30:285][464]LogEditorViewport: Clicking on Actor (LMB): BP_Sky_Sphere_C (Sky Sphere)
[2025.11.25-19.34.00:993][294]LogEditorViewport: Clicking on Actor (LMB): NavMeshBoundsVolume (NavMeshBoundsVolume)
[2025.11.25-19.36.19:964][627]LogEditorViewport: Clicking on Actor (LMB): BP_Sky_Sphere_C (Sky Sphere)
[2025.11.25-19.36.38:969][759]LogEditorViewport: Clicking on Actor (LMB): BP_Sky_Sphere_C (Sky Sphere)
[2025.11.25-19.36.49:759][403]LogEditorViewport: Clicking on Actor (LMB): BP_Sky_Sphere_C (Sky Sphere)
[2025.11.25-19.36.55:149][723]LogEditorViewport: Clicking on Actor (LMB): BP_Sky_Sphere_C (Sky Sphere)
[2025.11.25-19.37.04:055][253]LogEditorViewport: Clicking on Actor (LMB): BP_Sky_Sphere_C (Sky Sphere)
[2025.11.25-19.37.06:316][386]LogEditorViewport: Clicking on Actor (LMB): BP_Sky_Sphere_C (Sky Sphere)
[2025.11.25-19.37.07:272][443]LogEditorViewport: Clicking on Actor (LMB): BP_Sky_Sphere_C (Sky Sphere)
[2025.11.25-19.37.15:582][940]Cmd: TRANSACTION UNDO
[2025.11.25-19.37.15:582][940]LogEditorTransaction: Undo Move Actors
[2025.11.25-19.37.16:594][984]LogEditorViewport: Clicking on Actor (LMB): BP_Sky_Sphere_C (Sky Sphere)
[2025.11.25-19.37.33:056][969]LogEditorViewport: Clicking on Actor (LMB): BP_Sky_Sphere_C (Sky Sphere)
[2025.11.25-19.37.45:858][733]LogEditorViewport: Clicking on Actor (LMB): BP_Sky_Sphere_C (Sky Sphere)
[2025.11.25-19.37.52:074][101]LogTemp: Repeating last play command: Selected Viewport
[2025.11.25-19.37.52:081][101]LogPlayLevel: PlayLevel: No blueprints needed recompiling
[2025.11.25-19.37.52:081][101]PIE: New page: PIE session: NewMap (Nov 25, 2025, 1:37:52 PM)
[2025.11.25-19.37.52:121][101]LogPlayLevel: Creating play world package: /Game/Mapas/Fases/UEDPIE_0_NewMap
[2025.11.25-19.37.52:146][101]LogPlayLevel: PIE: StaticDuplicateObject took: (0.024818s)
[2025.11.25-19.37.52:147][101]LogAIModule: Creating AISystem for world NewMap
[2025.11.25-19.37.52:147][101]LogPlayLevel: PIE: World Init took: (0.001225s)
[2025.11.25-19.37.52:147][101]LogPlayLevel: PIE: Created PIE world by copying editor world from /Game/Mapas/Fases/NewMap.NewMap to /Game/Mapas/Fases/UEDPIE_0_NewMap.NewMap (0.026321s)
[2025.11.25-19.37.52:163][101]LogUObjectHash: Compacting FUObjectHashTables data took   1.18ms
[2025.11.25-19.37.52:164][101]LogAudio: Display: Creating Audio Device:                 Id: 4, Scope: Unique, Realtime: True
[2025.11.25-19.37.52:164][101]LogAudioMixer: Display: Audio Mixer Platform Settings:
[2025.11.25-19.37.52:164][101]LogAudioMixer: Display: 	Sample Rate:						  48000
[2025.11.25-19.37.52:164][101]LogAudioMixer: Display: 	Callback Buffer Frame Size Requested: 1024
[2025.11.25-19.37.52:164][101]LogAudioMixer: Display: 	Callback Buffer Frame Size To Use:	  1024
[2025.11.25-19.37.52:164][101]LogAudioMixer: Display: 	Number of buffers to queue:			  2
[2025.11.25-19.37.52:164][101]LogAudioMixer: Display: 	Max Channels (voices):				  32
[2025.11.25-19.37.52:164][101]LogAudioMixer: Display: 	Number of Async Source Workers:		  0
[2025.11.25-19.37.52:164][101]LogAudio: Display: AudioDevice MaxSources: 32
[2025.11.25-19.37.52:164][101]LogAudio: Display: Audio Spatialization Plugin: None (built-in).
[2025.11.25-19.37.52:164][101]LogAudio: Display: Audio Reverb Plugin: None (built-in).
[2025.11.25-19.37.52:165][101]LogAudio: Display: Audio Occlusion Plugin: None (built-in).
[2025.11.25-19.37.52:165][101]LogAudioMixer: Display: Initializing audio mixer.
[2025.11.25-19.37.52:172][101]LogAudioMixer: Display: 0: FrontLeft
[2025.11.25-19.37.52:172][101]LogAudioMixer: Display: 1: FrontRight
[2025.11.25-19.37.52:181][101]LogAudioMixer: Display: Using Audio Device Alto-falantes (Realtek(R) Audio)
[2025.11.25-19.37.52:182][101]LogAudioMixer: Display: Initializing Sound Submixes...
[2025.11.25-19.37.52:182][101]LogAudioMixer: Display: Creating Master Submix 'MasterSubmixDefault'
[2025.11.25-19.37.52:182][101]LogAudioMixer: Display: Creating Master Submix 'MasterReverbSubmixDefault'
[2025.11.25-19.37.52:182][101]LogAudioMixer: Display: Creating Master Submix 'MasterEQSubmixDefault'
[2025.11.25-19.37.52:182][101]LogAudioMixer: FMixerPlatformXAudio2::StartAudioStream() called
[2025.11.25-19.37.52:182][101]LogAudioMixer: Display: Output buffers initialized: Frames=1024, Channels=2, Samples=2048
[2025.11.25-19.37.52:184][101]LogAudioMixer: Display: Starting AudioMixerPlatformInterface::RunInternal()
[2025.11.25-19.37.52:184][101]LogAudioMixer: Display: FMixerPlatformXAudio2::SubmitBuffer() called for the first time
[2025.11.25-19.37.52:184][101]LogInit: FAudioDevice initialized.
[2025.11.25-19.37.52:184][101]LogAudio: Display: Audio Device (ID: 4) registered with world 'NewMap'.
[2025.11.25-19.37.52:191][101]LogLoad: Game class is 'GameModeRL_C'
[2025.11.25-19.37.52:192][101]LogWorld: Bringing World /Game/Mapas/Fases/UEDPIE_0_NewMap.NewMap up for play (max tick rate 60) at 2025.11.25-16.37.52
[2025.11.25-19.37.52:194][101]LogWorld: Bringing up level for play took: 0.001776
[2025.11.25-19.37.52:194][101]LogOnline: OSS: Creating online subsystem instance for: :Context_5
[2025.11.25-19.37.52:198][101]PIE: Server logged in
[2025.11.25-19.37.52:199][101]PIE: Play in editor total start time 0.119 seconds.
[2025.11.25-19.38.05:222][880]LogSlate: Updating window title bar state: overlay mode, drag disabled, window buttons hidden, title bar hidden
[2025.11.25-19.38.05:222][880]LogWorld: BeginTearingDown for /Game/Mapas/Fases/UEDPIE_0_NewMap
[2025.11.25-19.38.05:222][880]LogWorld: UWorld::CleanupWorld for NewMap, bSessionEnded=true, bCleanupResources=true
[2025.11.25-19.38.05:223][880]LogSlate: InvalidateAllWidgets triggered.  All widgets were invalidated
[2025.11.25-19.38.05:235][880]LogPlayLevel: Display: Shutting down PIE online subsystems
[2025.11.25-19.38.05:244][880]LogSlate: InvalidateAllWidgets triggered.  All widgets were invalidated
[2025.11.25-19.38.05:251][880]LogAudio: Display: Audio Device unregistered from world 'None'.
[2025.11.25-19.38.05:251][880]LogAudioMixer: FMixerPlatformXAudio2::StopAudioStream() called
[2025.11.25-19.38.05:252][880]LogAudioMixer: FMixerPlatformXAudio2::StopAudioStream() called
[2025.11.25-19.38.05:254][880]LogSlate: Updating window title bar state: overlay mode, drag disabled, window buttons hidden, title bar hidden
[2025.11.25-19.38.05:256][880]LogUObjectHash: Compacting FUObjectHashTables data took   0.81ms
[2025.11.25-19.38.05:288][881]LogPlayLevel: Display: Destroying online subsystem :Context_5
[2025.11.25-19.38.09:207][110]Cmd: DELETE
[2025.11.25-19.38.09:207][110]Cmd: ACTOR DELETE
[2025.11.25-19.38.09:210][110]LogEditorActor: Deleted Actor: Brush
[2025.11.25-19.38.09:217][110]LogUObjectHash: Compacting FUObjectHashTables data took   0.86ms
[2025.11.25-19.38.09:225][110]LogEditorActor: Deleted 1 Actors (0.018 secs)
[2025.11.25-19.38.10:245][168]Cmd: DELETE
[2025.11.25-19.38.10:245][168]Cmd: ACTOR DELETE
[2025.11.25-19.38.10:249][168]LogEditorActor: Deleted Actor: Brush
[2025.11.25-19.38.10:256][168]LogUObjectHash: Compacting FUObjectHashTables data took   0.74ms
[2025.11.25-19.38.10:262][168]LogEditorActor: Deleted 1 Actors (0.016 secs)
[2025.11.25-19.38.11:209][222]Cmd: DELETE
[2025.11.25-19.38.11:209][222]Cmd: ACTOR DELETE
[2025.11.25-19.38.11:212][222]LogEditorActor: Deleted Actor: Brush
[2025.11.25-19.38.11:218][222]LogUObjectHash: Compacting FUObjectHashTables data took   0.72ms
[2025.11.25-19.38.11:224][222]LogEditorActor: Deleted 1 Actors (0.017 secs)
[2025.11.25-19.38.12:307][284]Cmd: DELETE
[2025.11.25-19.38.12:307][284]Cmd: ACTOR DELETE
[2025.11.25-19.38.12:310][284]LogEditorActor: Deleted Actor: Brush
[2025.11.25-19.38.12:317][284]LogUObjectHash: Compacting FUObjectHashTables data took   0.72ms
[2025.11.25-19.38.12:323][284]LogEditorActor: Deleted 1 Actors (0.016 secs)
[2025.11.25-19.38.13:292][342]LogEditorViewport: Clicking on Actor (context menu): BP_Sky_Sphere_C (Sky Sphere)
[2025.11.25-19.38.14:035][382]LogEditorViewport: Clicking on Actor (LMB): NavMeshBoundsVolume (NavMeshBoundsVolume2)
[2025.11.25-19.38.14:473][406]Cmd: DELETE
[2025.11.25-19.38.14:473][406]Cmd: ACTOR DELETE
[2025.11.25-19.38.14:476][406]LogEditorActor: Deleted Actor: NavMeshBoundsVolume
[2025.11.25-19.38.14:484][406]LogUObjectHash: Compacting FUObjectHashTables data took   0.94ms
[2025.11.25-19.38.14:485][406]LogEditorActor: Deleted 1 Actors (0.011 secs)
[2025.11.25-19.38.21:704][839]LogEditorViewport: Clicking on Actor (LMB): PaperSpriteActor (BG_1_Sprite)
[2025.11.25-19.38.59:030][ 22]LogEditorViewport: Clicking on Actor (LMB): BP_Sky_Sphere_C (Sky Sphere)
[2025.11.25-19.38.59:507][ 49]LogEditorViewport: Clicking on Actor (LMB): BP_Sky_Sphere_C (Sky Sphere)
[2025.11.25-19.39.00:796][126]LogEditorViewport: Clicking on Actor (LMB): NavMeshBoundsVolume (NavMeshBoundsVolume)
[2025.11.25-19.39.13:702][897]LogEditorViewport: Clicking on Actor (LMB): BP_Sky_Sphere_C (Sky Sphere)
[2025.11.25-19.39.20:615][310]LogEditorViewport: Clicking on Actor (LMB): BP_Sky_Sphere_C (Sky Sphere)
[2025.11.25-19.39.21:338][353]LogEditorViewport: Clicking on Actor (LMB): InimigoTeste_C (InimigoTeste3)
[2025.11.25-19.39.23:000][449]Cmd: DELETE
[2025.11.25-19.39.23:000][449]Cmd: ACTOR DELETE
[2025.11.25-19.39.23:003][449]LogEditorActor: Deleted Actor: InimigoTeste_C
[2025.11.25-19.39.23:012][449]LogUObjectHash: Compacting FUObjectHashTables data took   0.86ms
[2025.11.25-19.39.23:013][449]LogEditorActor: Deleted 1 Actors (0.012 secs)
[2025.11.25-19.39.23:737][493]LogEditorViewport: Clicking on Actor (LMB): InimigoTeste_C (InimigoTeste)
[2025.11.25-19.39.24:063][509]Cmd: DELETE
[2025.11.25-19.39.24:063][509]Cmd: ACTOR DELETE
[2025.11.25-19.39.24:066][509]LogEditorActor: Deleted Actor: InimigoTeste_C
[2025.11.25-19.39.24:074][509]LogUObjectHash: Compacting FUObjectHashTables data took   0.53ms
[2025.11.25-19.39.24:075][509]LogEditorActor: Deleted 1 Actors (0.012 secs)
[2025.11.25-19.39.31:405][947]Cmd: TRANSACTION UNDO
[2025.11.25-19.39.31:405][947]LogEditorTransaction: Undo Apply Material to Selected Surfaces
[2025.11.25-19.39.38:920][379]Cmd: TRANSACTION UNDO
[2025.11.25-19.39.38:921][379]LogEditorTransaction: Undo Snap Selection to 2D Layer
[2025.11.25-19.39.39:663][405]LogEditorViewport: Clicking on Actor (LMB): BP_Sky_Sphere_C (Sky Sphere)
[2025.11.25-19.39.43:166][606]LogTemp: Repeating last play command: Selected Viewport
[2025.11.25-19.39.43:172][606]LogPlayLevel: PlayLevel: No blueprints needed recompiling
[2025.11.25-19.39.43:172][606]PIE: New page: PIE session: NewMap (Nov 25, 2025, 1:39:43 PM)
[2025.11.25-19.39.43:172][606]LogPlayLevel: Creating play world package: /Game/Mapas/Fases/UEDPIE_0_NewMap
[2025.11.25-19.39.43:193][606]LogPlayLevel: PIE: StaticDuplicateObject took: (0.021275s)
[2025.11.25-19.39.43:194][606]LogAIModule: Creating AISystem for world NewMap
[2025.11.25-19.39.43:195][606]LogPlayLevel: PIE: World Init took: (0.001341s)
[2025.11.25-19.39.43:195][606]LogPlayLevel: PIE: Created PIE world by copying editor world from /Game/Mapas/Fases/NewMap.NewMap to /Game/Mapas/Fases/UEDPIE_0_NewMap.NewMap (0.022790s)
[2025.11.25-19.39.43:202][606]LogUObjectHash: Compacting FUObjectHashTables data took   0.90ms
[2025.11.25-19.39.43:203][606]LogAudio: Display: Creating Audio Device:                 Id: 5, Scope: Unique, Realtime: True
[2025.11.25-19.39.43:203][606]LogAudioMixer: Display: Audio Mixer Platform Settings:
[2025.11.25-19.39.43:203][606]LogAudioMixer: Display: 	Sample Rate:						  48000
[2025.11.25-19.39.43:203][606]LogAudioMixer: Display: 	Callback Buffer Frame Size Requested: 1024
[2025.11.25-19.39.43:203][606]LogAudioMixer: Display: 	Callback Buffer Frame Size To Use:	  1024
[2025.11.25-19.39.43:203][606]LogAudioMixer: Display: 	Number of buffers to queue:			  2
[2025.11.25-19.39.43:203][606]LogAudioMixer: Display: 	Max Channels (voices):				  32
[2025.11.25-19.39.43:203][606]LogAudioMixer: Display: 	Number of Async Source Workers:		  0
[2025.11.25-19.39.43:203][606]LogAudio: Display: AudioDevice MaxSources: 32
[2025.11.25-19.39.43:203][606]LogAudio: Display: Audio Spatialization Plugin: None (built-in).
[2025.11.25-19.39.43:203][606]LogAudio: Display: Audio Reverb Plugin: None (built-in).
[2025.11.25-19.39.43:203][606]LogAudio: Display: Audio Occlusion Plugin: None (built-in).
[2025.11.25-19.39.43:203][606]LogAudioMixer: Display: Initializing audio mixer.
[2025.11.25-19.39.43:210][606]LogAudioMixer: Display: 0: FrontLeft
[2025.11.25-19.39.43:210][606]LogAudioMixer: Display: 1: FrontRight
[2025.11.25-19.39.43:217][606]LogAudioMixer: Display: Using Audio Device Alto-falantes (Realtek(R) Audio)
[2025.11.25-19.39.43:218][606]LogAudioMixer: Display: Initializing Sound Submixes...
[2025.11.25-19.39.43:218][606]LogAudioMixer: Display: Creating Master Submix 'MasterSubmixDefault'
[2025.11.25-19.39.43:218][606]LogAudioMixer: Display: Creating Master Submix 'MasterReverbSubmixDefault'
[2025.11.25-19.39.43:218][606]LogAudioMixer: Display: Creating Master Submix 'MasterEQSubmixDefault'
[2025.11.25-19.39.43:218][606]LogAudioMixer: FMixerPlatformXAudio2::StartAudioStream() called
[2025.11.25-19.39.43:218][606]LogAudioMixer: Display: Output buffers initialized: Frames=1024, Channels=2, Samples=2048
[2025.11.25-19.39.43:221][606]LogAudioMixer: Display: Starting AudioMixerPlatformInterface::RunInternal()
[2025.11.25-19.39.43:221][606]LogAudioMixer: Display: FMixerPlatformXAudio2::SubmitBuffer() called for the first time
[2025.11.25-19.39.43:221][606]LogInit: FAudioDevice initialized.
[2025.11.25-19.39.43:221][606]LogAudio: Display: Audio Device (ID: 5) registered with world 'NewMap'.
[2025.11.25-19.39.43:233][606]LogLoad: Game class is 'GameModeRL_C'
[2025.11.25-19.39.43:234][606]LogWorld: Bringing World /Game/Mapas/Fases/UEDPIE_0_NewMap.NewMap up for play (max tick rate 60) at 2025.11.25-16.39.43
[2025.11.25-19.39.43:235][606]LogWorld: Bringing up level for play took: 0.001383
[2025.11.25-19.39.43:235][606]LogOnline: OSS: Creating online subsystem instance for: :Context_6
[2025.11.25-19.39.43:238][606]PIE: Server logged in
[2025.11.25-19.39.43:240][606]PIE: Play in editor total start time 0.068 seconds.
[2025.11.25-19.39.45:002][709]LogSlate: Updating window title bar state: overlay mode, drag disabled, window buttons hidden, title bar hidden
[2025.11.25-19.39.45:002][709]LogWorld: BeginTearingDown for /Game/Mapas/Fases/UEDPIE_0_NewMap
[2025.11.25-19.39.45:002][709]LogWorld: UWorld::CleanupWorld for NewMap, bSessionEnded=true, bCleanupResources=true
[2025.11.25-19.39.45:003][709]LogSlate: InvalidateAllWidgets triggered.  All widgets were invalidated
[2025.11.25-19.39.45:016][709]LogPlayLevel: Display: Shutting down PIE online subsystems
[2025.11.25-19.39.45:031][709]LogSlate: InvalidateAllWidgets triggered.  All widgets were invalidated
[2025.11.25-19.39.45:038][709]LogAudio: Display: Audio Device unregistered from world 'None'.
[2025.11.25-19.39.45:038][709]LogAudioMixer: FMixerPlatformXAudio2::StopAudioStream() called
[2025.11.25-19.39.45:041][709]LogAudioMixer: FMixerPlatformXAudio2::StopAudioStream() called
[2025.11.25-19.39.45:042][709]LogSlate: Updating window title bar state: overlay mode, drag disabled, window buttons hidden, title bar hidden
[2025.11.25-19.39.45:044][709]LogUObjectHash: Compacting FUObjectHashTables data took   0.75ms
[2025.11.25-19.39.45:075][710]LogPlayLevel: Display: Destroying online subsystem :Context_6
[2025.11.25-19.40.30:960][462]LogEditorViewport: Clicking on Actor (LMB): PaperSpriteActor (BG_1_Sprite)
[2025.11.25-19.40.32:493][552]LogEditorViewport: Clicking on Actor (LMB): BP_Sky_Sphere_C (Sky Sphere)
[2025.11.25-19.40.33:138][589]LogEditorViewport: Clicking on Actor (LMB): BP_Sky_Sphere_C (Sky Sphere)
[2025.11.25-19.40.33:627][618]LogEditorViewport: Clicking on Actor (LMB): NavMeshBoundsVolume (NavMeshBoundsVolume)
[2025.11.25-19.40.47:222][428]Cmd: TRANSACTION UNDO
[2025.11.25-19.40.47:222][428]LogEditorTransaction: Undo Apply Material to Selected Surfaces
[2025.11.25-19.40.56:430][957]Cmd: TRANSACTION UNDO
[2025.11.25-19.40.56:430][957]LogEditorTransaction: Undo Snap Selection to 2D Layer
[2025.11.25-19.40.56:842][968]Cmd: TRANSACTION UNDO
[2025.11.25-19.40.56:842][968]LogEditorTransaction: Undo Snap Selection to 2D Layer
[2025.11.25-19.42.33:944][758]LogEditorViewport: Clicking on Actor (LMB): BP_Sky_Sphere_C (Sky Sphere)
[2025.11.25-19.42.34:421][785]LogEditorViewport: Clicking on Actor (LMB): BP_Sky_Sphere_C (Sky Sphere)
[2025.11.25-19.42.36:645][918]LogEditorViewport: Clicking on Actor (LMB): DirectionalLight (DirectionalLight)
[2025.11.25-19.42.38:992][ 57]Cmd: DELETE
[2025.11.25-19.42.38:992][ 57]Cmd: ACTOR DELETE
[2025.11.25-19.42.38:996][ 57]LogEditorActor: Deleted Actor: DirectionalLight
[2025.11.25-19.42.39:004][ 57]LogUObjectHash: Compacting FUObjectHashTables data took   0.93ms
[2025.11.25-19.42.39:005][ 57]LogEditorActor: Deleted 1 Actors (0.013 secs)
[2025.11.25-19.42.39:641][ 95]LogEditorViewport: Clicking on Actor (LMB): PlayerStart (PlayerStart)
[2025.11.25-19.42.39:964][113]Cmd: DELETE
[2025.11.25-19.42.39:964][113]Cmd: ACTOR DELETE
[2025.11.25-19.42.39:968][113]LogEditorActor: Deleted Actor: PlayerStart
[2025.11.25-19.42.39:976][113]LogUObjectHash: Compacting FUObjectHashTables data took   0.41ms
[2025.11.25-19.42.39:976][113]LogEditorActor: Deleted 1 Actors (0.012 secs)
[2025.11.25-19.42.40:694][156]LogEditorViewport: Clicking on Actor (LMB): PointLight (PointLight5)
[2025.11.25-19.42.40:934][169]Cmd: DELETE
[2025.11.25-19.42.40:934][169]Cmd: ACTOR DELETE
[2025.11.25-19.42.40:939][169]LogEditorActor: Deleted Actor: PointLight
[2025.11.25-19.42.40:946][169]LogUObjectHash: Compacting FUObjectHashTables data took   0.36ms
[2025.11.25-19.42.40:947][169]LogEditorActor: Deleted 1 Actors (0.012 secs)
[2025.11.25-19.42.41:605][209]LogEditorViewport: Clicking on Actor (LMB): PointLight (PointLight2)
[2025.11.25-19.42.41:842][222]Cmd: DELETE
[2025.11.25-19.42.41:842][222]Cmd: ACTOR DELETE
[2025.11.25-19.42.41:846][222]LogEditorActor: Deleted Actor: PointLight
[2025.11.25-19.42.41:853][222]LogUObjectHash: Compacting FUObjectHashTables data took   0.32ms
[2025.11.25-19.42.41:854][222]LogEditorActor: Deleted 1 Actors (0.011 secs)
[2025.11.25-19.42.42:906][285]LogEditorViewport: Clicking on Actor (LMB): InimigoTeste_C (InimigoTeste2)
[2025.11.25-19.42.43:100][293]Cmd: DELETE
[2025.11.25-19.42.43:100][293]Cmd: ACTOR DELETE
[2025.11.25-19.42.43:105][293]LogEditorActor: Deleted Actor: InimigoTeste_C
[2025.11.25-19.42.43:112][293]LogUObjectHash: Compacting FUObjectHashTables data took   0.54ms
[2025.11.25-19.42.43:113][293]LogEditorActor: Deleted 1 Actors (0.012 secs)
[2025.11.25-19.42.43:797][334]LogEditorViewport: Clicking on Actor (LMB): PointLight (PointLight)
[2025.11.25-19.42.44:024][346]Cmd: DELETE
[2025.11.25-19.42.44:024][346]Cmd: ACTOR DELETE
[2025.11.25-19.42.44:028][346]LogEditorActor: Deleted Actor: PointLight
[2025.11.25-19.42.44:035][346]LogUObjectHash: Compacting FUObjectHashTables data took   0.36ms
[2025.11.25-19.42.44:036][346]LogEditorActor: Deleted 1 Actors (0.012 secs)
[2025.11.25-19.42.44:471][372]LogEditorViewport: Clicking on Actor (LMB): PointLight (PointLight4)
[2025.11.25-19.42.44:674][383]Cmd: DELETE
[2025.11.25-19.42.44:674][383]Cmd: ACTOR DELETE
[2025.11.25-19.42.44:677][383]LogEditorActor: Deleted Actor: PointLight
[2025.11.25-19.42.44:685][383]LogUObjectHash: Compacting FUObjectHashTables data took   0.32ms
[2025.11.25-19.42.44:687][383]LogEditorActor: Deleted 1 Actors (0.012 secs)
[2025.11.25-19.42.45:187][413]LogEditorViewport: Clicking on Actor (LMB): PointLight (PointLight6)
[2025.11.25-19.42.45:407][425]Cmd: DELETE
[2025.11.25-19.42.45:407][425]Cmd: ACTOR DELETE
[2025.11.25-19.42.45:411][425]LogEditorActor: Deleted Actor: PointLight
[2025.11.25-19.42.45:418][425]LogUObjectHash: Compacting FUObjectHashTables data took   0.32ms
[2025.11.25-19.42.45:418][425]LogEditorActor: Deleted 1 Actors (0.011 secs)
[2025.11.25-19.42.46:892][514]LogEditorViewport: Clicking on Actor (LMB): PointLight (PointLight3)
[2025.11.25-19.42.47:165][529]Cmd: DELETE
[2025.11.25-19.42.47:166][529]Cmd: ACTOR DELETE
[2025.11.25-19.42.47:170][529]LogEditorActor: Deleted Actor: PointLight
[2025.11.25-19.42.47:178][529]LogUObjectHash: Compacting FUObjectHashTables data took   0.41ms
[2025.11.25-19.42.47:178][529]LogEditorActor: Deleted 1 Actors (0.012 secs)
[2025.11.25-19.42.52:229][832]LogTemp: Repeating last play command: Selected Viewport
[2025.11.25-19.42.52:237][832]LogPlayLevel: PlayLevel: No blueprints needed recompiling
[2025.11.25-19.42.52:237][832]PIE: New page: PIE session: NewMap (Nov 25, 2025, 1:42:52 PM)
[2025.11.25-19.42.52:260][832]LogPlayLevel: Creating play world package: /Game/Mapas/Fases/UEDPIE_0_NewMap
[2025.11.25-19.42.52:281][832]LogPlayLevel: PIE: StaticDuplicateObject took: (0.021560s)
[2025.11.25-19.42.52:282][832]LogAIModule: Creating AISystem for world NewMap
[2025.11.25-19.42.52:283][832]LogPlayLevel: PIE: World Init took: (0.001265s)
[2025.11.25-19.42.52:283][832]LogPlayLevel: PIE: Created PIE world by copying editor world from /Game/Mapas/Fases/NewMap.NewMap to /Game/Mapas/Fases/UEDPIE_0_NewMap.NewMap (0.023039s)
[2025.11.25-19.42.52:291][832]LogUObjectHash: Compacting FUObjectHashTables data took   0.82ms
[2025.11.25-19.42.52:291][832]LogAudio: Display: Creating Audio Device:                 Id: 6, Scope: Unique, Realtime: True
[2025.11.25-19.42.52:291][832]LogAudioMixer: Display: Audio Mixer Platform Settings:
[2025.11.25-19.42.52:291][832]LogAudioMixer: Display: 	Sample Rate:						  48000
[2025.11.25-19.42.52:291][832]LogAudioMixer: Display: 	Callback Buffer Frame Size Requested: 1024
[2025.11.25-19.42.52:292][832]LogAudioMixer: Display: 	Callback Buffer Frame Size To Use:	  1024
[2025.11.25-19.42.52:292][832]LogAudioMixer: Display: 	Number of buffers to queue:			  2
[2025.11.25-19.42.52:292][832]LogAudioMixer: Display: 	Max Channels (voices):				  32
[2025.11.25-19.42.52:292][832]LogAudioMixer: Display: 	Number of Async Source Workers:		  0
[2025.11.25-19.42.52:292][832]LogAudio: Display: AudioDevice MaxSources: 32
[2025.11.25-19.42.52:292][832]LogAudio: Display: Audio Spatialization Plugin: None (built-in).
[2025.11.25-19.42.52:292][832]LogAudio: Display: Audio Reverb Plugin: None (built-in).
[2025.11.25-19.42.52:292][832]LogAudio: Display: Audio Occlusion Plugin: None (built-in).
[2025.11.25-19.42.52:292][832]LogAudioMixer: Display: Initializing audio mixer.
[2025.11.25-19.42.52:299][832]LogAudioMixer: Display: 0: FrontLeft
[2025.11.25-19.42.52:299][832]LogAudioMixer: Display: 1: FrontRight
[2025.11.25-19.42.52:307][832]LogAudioMixer: Display: Using Audio Device Alto-falantes (Realtek(R) Audio)
[2025.11.25-19.42.52:307][832]LogAudioMixer: Display: Initializing Sound Submixes...
[2025.11.25-19.42.52:307][832]LogAudioMixer: Display: Creating Master Submix 'MasterSubmixDefault'
[2025.11.25-19.42.52:307][832]LogAudioMixer: Display: Creating Master Submix 'MasterReverbSubmixDefault'
[2025.11.25-19.42.52:308][832]LogAudioMixer: Display: Creating Master Submix 'MasterEQSubmixDefault'
[2025.11.25-19.42.52:308][832]LogAudioMixer: FMixerPlatformXAudio2::StartAudioStream() called
[2025.11.25-19.42.52:308][832]LogAudioMixer: Display: Output buffers initialized: Frames=1024, Channels=2, Samples=2048
[2025.11.25-19.42.52:310][832]LogAudioMixer: Display: Starting AudioMixerPlatformInterface::RunInternal()
[2025.11.25-19.42.52:310][832]LogAudioMixer: Display: FMixerPlatformXAudio2::SubmitBuffer() called for the first time
[2025.11.25-19.42.52:310][832]LogInit: FAudioDevice initialized.
[2025.11.25-19.42.52:310][832]LogAudio: Display: Audio Device (ID: 6) registered with world 'NewMap'.
[2025.11.25-19.42.52:319][832]LogLoad: Game class is 'GameModeRL_C'
[2025.11.25-19.42.52:321][832]LogWorld: Bringing World /Game/Mapas/Fases/UEDPIE_0_NewMap.NewMap up for play (max tick rate 60) at 2025.11.25-16.42.52
[2025.11.25-19.42.52:321][832]LogWorld: Bringing up level for play took: 0.001205
[2025.11.25-19.42.52:321][832]LogOnline: OSS: Creating online subsystem instance for: :Context_7
[2025.11.25-19.42.52:325][832]PIE: Server logged in
[2025.11.25-19.42.52:326][832]PIE: Play in editor total start time 0.09 seconds.
[2025.11.25-19.43.01:661][390]LogSlate: Updating window title bar state: overlay mode, drag disabled, window buttons hidden, title bar hidden
[2025.11.25-19.43.01:661][390]LogWorld: BeginTearingDown for /Game/Mapas/Fases/UEDPIE_0_NewMap
[2025.11.25-19.43.01:661][390]LogWorld: UWorld::CleanupWorld for NewMap, bSessionEnded=true, bCleanupResources=true
[2025.11.25-19.43.01:661][390]LogSlate: InvalidateAllWidgets triggered.  All widgets were invalidated
[2025.11.25-19.43.01:671][390]LogPlayLevel: Display: Shutting down PIE online subsystems
[2025.11.25-19.43.01:674][390]LogSlate: InvalidateAllWidgets triggered.  All widgets were invalidated
[2025.11.25-19.43.01:680][390]LogSlate: Updating window title bar state: overlay mode, drag disabled, window buttons hidden, title bar hidden
[2025.11.25-19.43.01:680][390]LogAudioMixer: FMixerPlatformXAudio2::StopAudioStream() called
[2025.11.25-19.43.01:682][390]LogAudioMixer: FMixerPlatformXAudio2::StopAudioStream() called
[2025.11.25-19.43.01:685][390]LogUObjectHash: Compacting FUObjectHashTables data took   0.75ms
[2025.11.25-19.43.01:734][392]LogPlayLevel: Display: Destroying online subsystem :Context_7
[2025.11.25-19.43.13:231][ 78]LogAssetEditorSubsystem: Opening Asset editor for Blueprint /Game/Player/Blueprints/Player_BP.Player_BP
[2025.11.25-19.43.14:641][ 78]LogNativeClassHierarchy: Verbose: Native class hierarchy updated for 'BlueprintGraph' in 0.0007 seconds. Added 126 classes and 0 folders.
[2025.11.25-19.43.15:892][ 78]LogSlate: Took 0.000298 seconds to synchronously load lazily loaded font '../../../Engine/Content/Slate/Fonts/Roboto-BoldCondensed.ttf' (158K)
[2025.11.25-19.43.16:143][ 78]LogSlate: Took 0.010683 seconds to synchronously load lazily loaded font '../../../Engine/Content/Slate/Fonts/DroidSansMono.ttf' (77K)
[2025.11.25-19.43.16:164][ 79]LogSlate: Took 0.000355 seconds to synchronously load lazily loaded font '../../../Engine/Content/Slate/Fonts/Roboto-Italic.ttf' (157K)
[2025.11.25-19.43.17:751][170]LogRenderer: Reallocating scene render targets to support 908x512 Format 10 NumSamples 1 (Frame:1).
[2025.11.25-19.43.39:601][459]LogEditorTransaction: Undo Modify Component(s)
[2025.11.25-19.43.52:683][190]LogEditorTransaction: Undo Modify Component(s)
[2025.11.25-19.44.18:345][682]BlueprintLog: New page: Compile Player_BP
[2025.11.25-19.44.18:537][682]LogUObjectHash: Compacting FUObjectHashTables data took   2.68ms
[2025.11.25-19.44.18:590][682]Cmd: OBJ SAVEPACKAGE PACKAGE="/Game/Player/Blueprints/Player_BP" FILE="E:/Unreal/Fumec_DevGames/Content/Player/Blueprints/Player_BP.uasset" SILENT=true
[2025.11.25-19.44.18:693][682]LogSavePackage: Moving 'E:/Unreal/Fumec_DevGames/Saved/Player_BP222678B54841BFD8795F7597C1AD43CD.tmp' to 'E:/Unreal/Fumec_DevGames/Content/Player/Blueprints/Player_BP.uasset'
[2025.11.25-19.44.18:714][682]AssetCheck: New page: Asset Save: Player_BP
[2025.11.25-19.44.18:714][682]LogContentValidation: Display: Validating Blueprint /Game/Player/Blueprints/Player_BP.Player_BP
[2025.11.25-19.44.21:617][852]LogTemp: Repeating last play command: Selected Viewport
[2025.11.25-19.44.21:624][852]LogPlayLevel: PlayLevel: No blueprints needed recompiling
[2025.11.25-19.44.21:624][852]PIE: New page: PIE session: NewMap (Nov 25, 2025, 1:44:21 PM)
[2025.11.25-19.44.21:626][852]LogPlayLevel: Creating play world package: /Game/Mapas/Fases/UEDPIE_0_NewMap
[2025.11.25-19.44.21:647][852]LogPlayLevel: PIE: StaticDuplicateObject took: (0.020774s)
[2025.11.25-19.44.21:647][852]LogAIModule: Creating AISystem for world NewMap
[2025.11.25-19.44.21:648][852]LogPlayLevel: PIE: World Init took: (0.001171s)
[2025.11.25-19.44.21:648][852]LogPlayLevel: PIE: Created PIE world by copying editor world from /Game/Mapas/Fases/NewMap.NewMap to /Game/Mapas/Fases/UEDPIE_0_NewMap.NewMap (0.022102s)
[2025.11.25-19.44.21:671][852]LogUObjectHash: Compacting FUObjectHashTables data took   2.73ms
[2025.11.25-19.44.21:673][852]LogAudio: Display: Creating Audio Device:                 Id: 7, Scope: Unique, Realtime: True
[2025.11.25-19.44.21:673][852]LogAudioMixer: Display: Audio Mixer Platform Settings:
[2025.11.25-19.44.21:673][852]LogAudioMixer: Display: 	Sample Rate:						  48000
[2025.11.25-19.44.21:673][852]LogAudioMixer: Display: 	Callback Buffer Frame Size Requested: 1024
[2025.11.25-19.44.21:673][852]LogAudioMixer: Display: 	Callback Buffer Frame Size To Use:	  1024
[2025.11.25-19.44.21:673][852]LogAudioMixer: Display: 	Number of buffers to queue:			  2
[2025.11.25-19.44.21:673][852]LogAudioMixer: Display: 	Max Channels (voices):				  32
[2025.11.25-19.44.21:673][852]LogAudioMixer: Display: 	Number of Async Source Workers:		  0
[2025.11.25-19.44.21:673][852]LogAudio: Display: AudioDevice MaxSources: 32
[2025.11.25-19.44.21:673][852]LogAudio: Display: Audio Spatialization Plugin: None (built-in).
[2025.11.25-19.44.21:673][852]LogAudio: Display: Audio Reverb Plugin: None (built-in).
[2025.11.25-19.44.21:673][852]LogAudio: Display: Audio Occlusion Plugin: None (built-in).
[2025.11.25-19.44.21:673][852]LogAudioMixer: Display: Initializing audio mixer.
[2025.11.25-19.44.21:679][852]LogAudioMixer: Display: 0: FrontLeft
[2025.11.25-19.44.21:679][852]LogAudioMixer: Display: 1: FrontRight
[2025.11.25-19.44.21:687][852]LogAudioMixer: Display: Using Audio Device Alto-falantes (Realtek(R) Audio)
[2025.11.25-19.44.21:687][852]LogAudioMixer: Display: Initializing Sound Submixes...
[2025.11.25-19.44.21:687][852]LogAudioMixer: Display: Creating Master Submix 'MasterSubmixDefault'
[2025.11.25-19.44.21:687][852]LogAudioMixer: Display: Creating Master Submix 'MasterReverbSubmixDefault'
[2025.11.25-19.44.21:688][852]LogAudioMixer: Display: Creating Master Submix 'MasterEQSubmixDefault'
[2025.11.25-19.44.21:688][852]LogAudioMixer: FMixerPlatformXAudio2::StartAudioStream() called
[2025.11.25-19.44.21:688][852]LogAudioMixer: Display: Output buffers initialized: Frames=1024, Channels=2, Samples=2048
[2025.11.25-19.44.21:690][852]LogAudioMixer: Display: Starting AudioMixerPlatformInterface::RunInternal()
[2025.11.25-19.44.21:690][852]LogAudioMixer: Display: FMixerPlatformXAudio2::SubmitBuffer() called for the first time
[2025.11.25-19.44.21:690][852]LogInit: FAudioDevice initialized.
[2025.11.25-19.44.21:690][852]LogAudio: Display: Audio Device (ID: 7) registered with world 'NewMap'.
[2025.11.25-19.44.21:698][852]LogLoad: Game class is 'GameModeRL_C'
[2025.11.25-19.44.21:699][852]LogWorld: Bringing World /Game/Mapas/Fases/UEDPIE_0_NewMap.NewMap up for play (max tick rate 60) at 2025.11.25-16.44.21
[2025.11.25-19.44.21:699][852]LogWorld: Bringing up level for play took: 0.000975
[2025.11.25-19.44.21:700][852]LogOnline: OSS: Creating online subsystem instance for: :Context_9
[2025.11.25-19.44.21:703][852]PIE: Server logged in
[2025.11.25-19.44.21:704][852]PIE: Play in editor total start time 0.08 seconds.
[2025.11.25-19.44.28:061][231]LogSlate: Updating window title bar state: overlay mode, drag disabled, window buttons hidden, title bar hidden
[2025.11.25-19.44.28:061][231]LogWorld: BeginTearingDown for /Game/Mapas/Fases/UEDPIE_0_NewMap
[2025.11.25-19.44.28:061][231]LogWorld: UWorld::CleanupWorld for NewMap, bSessionEnded=true, bCleanupResources=true
[2025.11.25-19.44.28:062][231]LogSlate: InvalidateAllWidgets triggered.  All widgets were invalidated
[2025.11.25-19.44.28:072][231]LogPlayLevel: Display: Shutting down PIE online subsystems
[2025.11.25-19.44.28:076][231]LogSlate: InvalidateAllWidgets triggered.  All widgets were invalidated
[2025.11.25-19.44.28:099][231]LogSlate: Updating window title bar state: overlay mode, drag disabled, window buttons hidden, title bar hidden
[2025.11.25-19.44.28:099][231]LogAudioMixer: FMixerPlatformXAudio2::StopAudioStream() called
[2025.11.25-19.44.28:100][231]LogAudioMixer: FMixerPlatformXAudio2::StopAudioStream() called
[2025.11.25-19.44.28:106][231]LogUObjectHash: Compacting FUObjectHashTables data took   2.36ms
[2025.11.25-19.44.28:130][232]LogPlayLevel: Display: Destroying online subsystem :Context_9
[2025.11.25-19.44.29:369][303]LogTemp: Repeating last play command: Selected Viewport
[2025.11.25-19.44.29:376][303]LogPlayLevel: PlayLevel: No blueprints needed recompiling
[2025.11.25-19.44.29:377][303]PIE: New page: PIE session: NewMap (Nov 25, 2025, 1:44:29 PM)
[2025.11.25-19.44.29:377][303]LogPlayLevel: Creating play world package: /Game/Mapas/Fases/UEDPIE_0_NewMap
[2025.11.25-19.44.29:397][303]LogPlayLevel: PIE: StaticDuplicateObject took: (0.020812s)
[2025.11.25-19.44.29:398][303]LogAIModule: Creating AISystem for world NewMap
[2025.11.25-19.44.29:399][303]LogPlayLevel: PIE: World Init took: (0.001198s)
[2025.11.25-19.44.29:399][303]LogPlayLevel: PIE: Created PIE world by copying editor world from /Game/Mapas/Fases/NewMap.NewMap to /Game/Mapas/Fases/UEDPIE_0_NewMap.NewMap (0.022159s)
[2025.11.25-19.44.29:422][303]LogUObjectHash: Compacting FUObjectHashTables data took   2.16ms
[2025.11.25-19.44.29:423][303]LogAudio: Display: Creating Audio Device:                 Id: 8, Scope: Unique, Realtime: True
[2025.11.25-19.44.29:423][303]LogAudioMixer: Display: Audio Mixer Platform Settings:
[2025.11.25-19.44.29:423][303]LogAudioMixer: Display: 	Sample Rate:						  48000
[2025.11.25-19.44.29:423][303]LogAudioMixer: Display: 	Callback Buffer Frame Size Requested: 1024
[2025.11.25-19.44.29:423][303]LogAudioMixer: Display: 	Callback Buffer Frame Size To Use:	  1024
[2025.11.25-19.44.29:423][303]LogAudioMixer: Display: 	Number of buffers to queue:			  2
[2025.11.25-19.44.29:423][303]LogAudioMixer: Display: 	Max Channels (voices):				  32
[2025.11.25-19.44.29:423][303]LogAudioMixer: Display: 	Number of Async Source Workers:		  0
[2025.11.25-19.44.29:423][303]LogAudio: Display: AudioDevice MaxSources: 32
[2025.11.25-19.44.29:423][303]LogAudio: Display: Audio Spatialization Plugin: None (built-in).
[2025.11.25-19.44.29:423][303]LogAudio: Display: Audio Reverb Plugin: None (built-in).
[2025.11.25-19.44.29:423][303]LogAudio: Display: Audio Occlusion Plugin: None (built-in).
[2025.11.25-19.44.29:423][303]LogAudioMixer: Display: Initializing audio mixer.
[2025.11.25-19.44.29:429][303]LogAudioMixer: Display: 0: FrontLeft
[2025.11.25-19.44.29:429][303]LogAudioMixer: Display: 1: FrontRight
[2025.11.25-19.44.29:436][303]LogAudioMixer: Display: Using Audio Device Alto-falantes (Realtek(R) Audio)
[2025.11.25-19.44.29:436][303]LogAudioMixer: Display: Initializing Sound Submixes...
[2025.11.25-19.44.29:436][303]LogAudioMixer: Display: Creating Master Submix 'MasterSubmixDefault'
[2025.11.25-19.44.29:436][303]LogAudioMixer: Display: Creating Master Submix 'MasterReverbSubmixDefault'
[2025.11.25-19.44.29:438][303]LogAudioMixer: Display: Creating Master Submix 'MasterEQSubmixDefault'
[2025.11.25-19.44.29:438][303]LogAudioMixer: FMixerPlatformXAudio2::StartAudioStream() called
[2025.11.25-19.44.29:438][303]LogAudioMixer: Display: Output buffers initialized: Frames=1024, Channels=2, Samples=2048
[2025.11.25-19.44.29:439][303]LogAudioMixer: Display: Starting AudioMixerPlatformInterface::RunInternal()
[2025.11.25-19.44.29:440][303]LogAudioMixer: Display: FMixerPlatformXAudio2::SubmitBuffer() called for the first time
[2025.11.25-19.44.29:440][303]LogInit: FAudioDevice initialized.
[2025.11.25-19.44.29:440][303]LogAudio: Display: Audio Device (ID: 8) registered with world 'NewMap'.
[2025.11.25-19.44.29:449][303]LogLoad: Game class is 'GameModeRL_C'
[2025.11.25-19.44.29:451][303]LogWorld: Bringing World /Game/Mapas/Fases/UEDPIE_0_NewMap.NewMap up for play (max tick rate 60) at 2025.11.25-16.44.29
[2025.11.25-19.44.29:451][303]LogWorld: Bringing up level for play took: 0.001233
[2025.11.25-19.44.29:451][303]LogOnline: OSS: Creating online subsystem instance for: :Context_10
[2025.11.25-19.44.29:456][303]PIE: Server logged in
[2025.11.25-19.44.29:457][303]PIE: Play in editor total start time 0.081 seconds.
[2025.11.25-19.44.40:871][985]LogSlate: Updating window title bar state: overlay mode, drag disabled, window buttons hidden, title bar hidden
[2025.11.25-19.44.40:871][985]LogWorld: BeginTearingDown for /Game/Mapas/Fases/UEDPIE_0_NewMap
[2025.11.25-19.44.40:871][985]LogWorld: UWorld::CleanupWorld for NewMap, bSessionEnded=true, bCleanupResources=true
[2025.11.25-19.44.40:871][985]LogSlate: InvalidateAllWidgets triggered.  All widgets were invalidated
[2025.11.25-19.44.40:881][985]LogPlayLevel: Display: Shutting down PIE online subsystems
[2025.11.25-19.44.40:887][985]LogSlate: InvalidateAllWidgets triggered.  All widgets were invalidated
[2025.11.25-19.44.40:909][985]LogSlate: Updating window title bar state: overlay mode, drag disabled, window buttons hidden, title bar hidden
[2025.11.25-19.44.40:909][985]LogAudioMixer: FMixerPlatformXAudio2::StopAudioStream() called
[2025.11.25-19.44.40:910][985]LogAudioMixer: FMixerPlatformXAudio2::StopAudioStream() called
[2025.11.25-19.44.40:917][985]LogUObjectHash: Compacting FUObjectHashTables data took   2.34ms
[2025.11.25-19.44.40:940][986]LogPlayLevel: Display: Destroying online subsystem :Context_10
[2025.11.25-19.44.43:273][123]LogEditorTransaction: Undo Modify Component(s)
[2025.11.25-19.44.44:581][183]Cmd: OBJ SAVEPACKAGE PACKAGE="/Game/Player/Blueprints/Player_BP" FILE="E:/Unreal/Fumec_DevGames/Content/Player/Blueprints/Player_BP.uasset" SILENT=true
[2025.11.25-19.44.44:682][183]LogSavePackage: Moving 'E:/Unreal/Fumec_DevGames/Saved/Player_BP4EDE999C408460E3CF8963A480138C81.tmp' to 'E:/Unreal/Fumec_DevGames/Content/Player/Blueprints/Player_BP.uasset'
[2025.11.25-19.44.44:700][183]AssetCheck: New page: Asset Save: Player_BP
[2025.11.25-19.44.44:700][183]LogContentValidation: Display: Validating Blueprint /Game/Player/Blueprints/Player_BP.Player_BP
[2025.11.25-19.44.53:849][705]Cmd: OBJ SAVEPACKAGE PACKAGE="/Game/Player/Blueprints/Player_BP" FILE="E:/Unreal/Fumec_DevGames/Content/Player/Blueprints/Player_BP.uasset" SILENT=true
[2025.11.25-19.44.53:955][705]LogSavePackage: Moving 'E:/Unreal/Fumec_DevGames/Saved/Player_BP68C818AB4952A5712F6E578CB4E82547.tmp' to 'E:/Unreal/Fumec_DevGames/Content/Player/Blueprints/Player_BP.uasset'
[2025.11.25-19.44.53:973][705]AssetCheck: New page: Asset Save: Player_BP
[2025.11.25-19.44.53:974][705]LogContentValidation: Display: Validating Blueprint /Game/Player/Blueprints/Player_BP.Player_BP
[2025.11.25-19.44.55:001][765]Cmd: OBJ SAVEPACKAGE PACKAGE="/Game/Mapas/Fases/NewMap" FILE="E:/Unreal/Fumec_DevGames/Content/Mapas/Fases/NewMap.umap" SILENT=true AUTOSAVING=false KEEPDIRTY=false
[2025.11.25-19.44.55:025][765]LogUObjectHash: Compacting FUObjectHashTables data took   1.95ms
[2025.11.25-19.44.55:164][765]LogSavePackage: Moving 'E:/Unreal/Fumec_DevGames/Saved/NewMap4851D2F545B67A3B23E68FAD7E459CA1.tmp' to 'E:/Unreal/Fumec_DevGames/Content/Mapas/Fases/NewMap.umap'
[2025.11.25-19.44.55:191][765]Cmd: OBJ SAVEPACKAGE PACKAGE="/Game/Mapas/Fases/NewMap_BuiltData" FILE="E:/Unreal/Fumec_DevGames/Content/Mapas/Fases/NewMap_BuiltData.uasset" SILENT=true
[2025.11.25-19.44.55:212][765]LogSavePackage: Moving 'E:/Unreal/Fumec_DevGames/Saved/NewMap_BuiltData0C1931354595BD1A237B1B8F6305EB2A.tmp' to 'E:/Unreal/Fumec_DevGames/Content/Mapas/Fases/NewMap_BuiltData.uasset'
[2025.11.25-19.44.55:229][765]AssetCheck: New page: Asset Save: multiple assets
[2025.11.25-19.44.55:229][765]LogContentValidation: Display: Validating World /Game/Mapas/Fases/NewMap.NewMap
[2025.11.25-19.44.55:229][765]LogContentValidation: Display: Validating MapBuildDataRegistry /Game/Mapas/Fases/NewMap_BuiltData.NewMap_BuiltData
[2025.11.25-19.44.57:579][904]LogTemp: Repeating last play command: Selected Viewport
[2025.11.25-19.44.57:585][904]LogPlayLevel: PlayLevel: No blueprints needed recompiling
[2025.11.25-19.44.57:585][904]PIE: New page: PIE session: NewMap (Nov 25, 2025, 1:44:57 PM)
[2025.11.25-19.44.57:585][904]LogPlayLevel: Creating play world package: /Game/Mapas/Fases/UEDPIE_0_NewMap
[2025.11.25-19.44.57:606][904]LogPlayLevel: PIE: StaticDuplicateObject took: (0.020222s)
[2025.11.25-19.44.57:607][904]LogAIModule: Creating AISystem for world NewMap
[2025.11.25-19.44.57:607][904]LogPlayLevel: PIE: World Init took: (0.001130s)
[2025.11.25-19.44.57:607][904]LogPlayLevel: PIE: Created PIE world by copying editor world from /Game/Mapas/Fases/NewMap.NewMap to /Game/Mapas/Fases/UEDPIE_0_NewMap.NewMap (0.021496s)
[2025.11.25-19.44.57:633][904]LogUObjectHash: Compacting FUObjectHashTables data took   2.72ms
[2025.11.25-19.44.57:634][904]LogAudio: Display: Creating Audio Device:                 Id: 9, Scope: Unique, Realtime: True
[2025.11.25-19.44.57:634][904]LogAudioMixer: Display: Audio Mixer Platform Settings:
[2025.11.25-19.44.57:634][904]LogAudioMixer: Display: 	Sample Rate:						  48000
[2025.11.25-19.44.57:634][904]LogAudioMixer: Display: 	Callback Buffer Frame Size Requested: 1024
[2025.11.25-19.44.57:634][904]LogAudioMixer: Display: 	Callback Buffer Frame Size To Use:	  1024
[2025.11.25-19.44.57:634][904]LogAudioMixer: Display: 	Number of buffers to queue:			  2
[2025.11.25-19.44.57:634][904]LogAudioMixer: Display: 	Max Channels (voices):				  32
[2025.11.25-19.44.57:634][904]LogAudioMixer: Display: 	Number of Async Source Workers:		  0
[2025.11.25-19.44.57:634][904]LogAudio: Display: AudioDevice MaxSources: 32
[2025.11.25-19.44.57:635][904]LogAudio: Display: Audio Spatialization Plugin: None (built-in).
[2025.11.25-19.44.57:635][904]LogAudio: Display: Audio Reverb Plugin: None (built-in).
[2025.11.25-19.44.57:635][904]LogAudio: Display: Audio Occlusion Plugin: None (built-in).
[2025.11.25-19.44.57:635][904]LogAudioMixer: Display: Initializing audio mixer.
[2025.11.25-19.44.57:641][904]LogAudioMixer: Display: 0: FrontLeft
[2025.11.25-19.44.57:641][904]LogAudioMixer: Display: 1: FrontRight
[2025.11.25-19.44.57:649][904]LogAudioMixer: Display: Using Audio Device Alto-falantes (Realtek(R) Audio)
[2025.11.25-19.44.57:650][904]LogAudioMixer: Display: Initializing Sound Submixes...
[2025.11.25-19.44.57:650][904]LogAudioMixer: Display: Creating Master Submix 'MasterSubmixDefault'
[2025.11.25-19.44.57:650][904]LogAudioMixer: Display: Creating Master Submix 'MasterReverbSubmixDefault'
[2025.11.25-19.44.57:650][904]LogAudioMixer: Display: Creating Master Submix 'MasterEQSubmixDefault'
[2025.11.25-19.44.57:650][904]LogAudioMixer: FMixerPlatformXAudio2::StartAudioStream() called
[2025.11.25-19.44.57:650][904]LogAudioMixer: Display: Output buffers initialized: Frames=1024, Channels=2, Samples=2048
[2025.11.25-19.44.57:652][904]LogAudioMixer: Display: Starting AudioMixerPlatformInterface::RunInternal()
[2025.11.25-19.44.57:652][904]LogAudioMixer: Display: FMixerPlatformXAudio2::SubmitBuffer() called for the first time
[2025.11.25-19.44.57:652][904]LogInit: FAudioDevice initialized.
[2025.11.25-19.44.57:652][904]LogAudio: Display: Audio Device (ID: 9) registered with world 'NewMap'.
[2025.11.25-19.44.57:662][904]LogLoad: Game class is 'GameModeRL_C'
[2025.11.25-19.44.57:664][904]LogWorld: Bringing World /Game/Mapas/Fases/UEDPIE_0_NewMap.NewMap up for play (max tick rate 60) at 2025.11.25-16.44.57
[2025.11.25-19.44.57:664][904]LogWorld: Bringing up level for play took: 0.000970
[2025.11.25-19.44.57:664][904]LogOnline: OSS: Creating online subsystem instance for: :Context_11
[2025.11.25-19.44.57:668][904]PIE: Server logged in
[2025.11.25-19.44.57:669][904]PIE: Play in editor total start time 0.084 seconds.
[2025.11.25-19.45.02:541][194]LogSlate: Updating window title bar state: overlay mode, drag disabled, window buttons hidden, title bar hidden
[2025.11.25-19.45.02:541][194]LogWorld: BeginTearingDown for /Game/Mapas/Fases/UEDPIE_0_NewMap
[2025.11.25-19.45.02:541][194]LogWorld: UWorld::CleanupWorld for NewMap, bSessionEnded=true, bCleanupResources=true
[2025.11.25-19.45.02:541][194]LogSlate: InvalidateAllWidgets triggered.  All widgets were invalidated
[2025.11.25-19.45.02:555][194]LogPlayLevel: Display: Shutting down PIE online subsystems
[2025.11.25-19.45.02:560][194]LogSlate: InvalidateAllWidgets triggered.  All widgets were invalidated
[2025.11.25-19.45.02:582][194]LogSlate: Updating window title bar state: overlay mode, drag disabled, window buttons hidden, title bar hidden
[2025.11.25-19.45.02:582][194]LogAudioMixer: FMixerPlatformXAudio2::StopAudioStream() called
[2025.11.25-19.45.02:583][194]LogAudioMixer: FMixerPlatformXAudio2::StopAudioStream() called
[2025.11.25-19.45.02:590][194]LogUObjectHash: Compacting FUObjectHashTables data took   2.43ms
[2025.11.25-19.45.02:614][195]LogPlayLevel: Display: Destroying online subsystem :Context_11
[2025.11.25-19.45.39:515][395]Cmd: OBJ SAVEPACKAGE PACKAGE="/Game/Mapas/Fases/NewMap" FILE="E:/Unreal/Fumec_DevGames/Content/Mapas/Fases/NewMap.umap" SILENT=true AUTOSAVING=false KEEPDIRTY=false
[2025.11.25-19.45.39:540][395]LogUObjectHash: Compacting FUObjectHashTables data took   2.71ms
[2025.11.25-19.45.39:681][395]LogSavePackage: Moving 'E:/Unreal/Fumec_DevGames/Saved/NewMap36E5D2D243BA030E3A6128AE7EB51366.tmp' to 'E:/Unreal/Fumec_DevGames/Content/Mapas/Fases/NewMap.umap'
[2025.11.25-19.45.39:703][395]Cmd: OBJ SAVEPACKAGE PACKAGE="/Game/Mapas/Fases/NewMap_BuiltData" FILE="E:/Unreal/Fumec_DevGames/Content/Mapas/Fases/NewMap_BuiltData.uasset" SILENT=true
[2025.11.25-19.45.39:720][395]LogSavePackage: Moving 'E:/Unreal/Fumec_DevGames/Saved/NewMap_BuiltData09D878144FFC27D9F2DE45A5B7BB365B.tmp' to 'E:/Unreal/Fumec_DevGames/Content/Mapas/Fases/NewMap_BuiltData.uasset'
[2025.11.25-19.45.39:738][395]AssetCheck: New page: Asset Save: multiple assets
[2025.11.25-19.45.39:738][395]LogContentValidation: Display: Validating World /Game/Mapas/Fases/NewMap.NewMap
[2025.11.25-19.45.39:738][395]LogContentValidation: Display: Validating MapBuildDataRegistry /Game/Mapas/Fases/NewMap_BuiltData.NewMap_BuiltData
[2025.11.25-19.45.40:699][452]Cmd: OBJ SAVEPACKAGE PACKAGE="/Game/Mapas/Fases/NewMap" FILE="E:/Unreal/Fumec_DevGames/Content/Mapas/Fases/NewMap.umap" SILENT=true AUTOSAVING=false KEEPDIRTY=false
[2025.11.25-19.45.40:719][452]LogUObjectHash: Compacting FUObjectHashTables data took   0.64ms
[2025.11.25-19.45.40:857][452]LogSavePackage: Moving 'E:/Unreal/Fumec_DevGames/Saved/NewMapA2936C5C49D85C3FCE0DA69DAAB014BA.tmp' to 'E:/Unreal/Fumec_DevGames/Content/Mapas/Fases/NewMap.umap'
[2025.11.25-19.45.40:882][452]Cmd: OBJ SAVEPACKAGE PACKAGE="/Game/Mapas/Fases/NewMap_BuiltData" FILE="E:/Unreal/Fumec_DevGames/Content/Mapas/Fases/NewMap_BuiltData.uasset" SILENT=true
[2025.11.25-19.45.40:899][452]LogSavePackage: Moving 'E:/Unreal/Fumec_DevGames/Saved/NewMap_BuiltData39BF75A140DA7255F1BD17B974015DF3.tmp' to 'E:/Unreal/Fumec_DevGames/Content/Mapas/Fases/NewMap_BuiltData.uasset'
[2025.11.25-19.45.40:917][452]AssetCheck: New page: Asset Save: multiple assets
[2025.11.25-19.45.40:917][452]LogContentValidation: Display: Validating World /Game/Mapas/Fases/NewMap.NewMap
[2025.11.25-19.45.40:917][452]LogContentValidation: Display: Validating MapBuildDataRegistry /Game/Mapas/Fases/NewMap_BuiltData.NewMap_BuiltData
[2025.11.25-19.45.41:509][488]LogTemp: Repeating last play command: Selected Viewport
[2025.11.25-19.45.41:516][488]LogPlayLevel: PlayLevel: No blueprints needed recompiling
[2025.11.25-19.45.41:517][488]PIE: New page: PIE session: NewMap (Nov 25, 2025, 1:45:41 PM)
[2025.11.25-19.45.41:540][488]LogPlayLevel: Creating play world package: /Game/Mapas/Fases/UEDPIE_0_NewMap
[2025.11.25-19.45.41:561][488]LogPlayLevel: PIE: StaticDuplicateObject took: (0.021600s)
[2025.11.25-19.45.41:562][488]LogAIModule: Creating AISystem for world NewMap
[2025.11.25-19.45.41:563][488]LogPlayLevel: PIE: World Init took: (0.001146s)
[2025.11.25-19.45.41:563][488]LogPlayLevel: PIE: Created PIE world by copying editor world from /Game/Mapas/Fases/NewMap.NewMap to /Game/Mapas/Fases/UEDPIE_0_NewMap.NewMap (0.022942s)
[2025.11.25-19.45.41:586][488]LogUObjectHash: Compacting FUObjectHashTables data took   2.56ms
[2025.11.25-19.45.41:587][488]LogAudio: Display: Creating Audio Device:                 Id: 10, Scope: Unique, Realtime: True
[2025.11.25-19.45.41:587][488]LogAudioMixer: Display: Audio Mixer Platform Settings:
[2025.11.25-19.45.41:587][488]LogAudioMixer: Display: 	Sample Rate:						  48000
[2025.11.25-19.45.41:587][488]LogAudioMixer: Display: 	Callback Buffer Frame Size Requested: 1024
[2025.11.25-19.45.41:587][488]LogAudioMixer: Display: 	Callback Buffer Frame Size To Use:	  1024
[2025.11.25-19.45.41:587][488]LogAudioMixer: Display: 	Number of buffers to queue:			  2
[2025.11.25-19.45.41:587][488]LogAudioMixer: Display: 	Max Channels (voices):				  32
[2025.11.25-19.45.41:587][488]LogAudioMixer: Display: 	Number of Async Source Workers:		  0
[2025.11.25-19.45.41:587][488]LogAudio: Display: AudioDevice MaxSources: 32
[2025.11.25-19.45.41:587][488]LogAudio: Display: Audio Spatialization Plugin: None (built-in).
[2025.11.25-19.45.41:587][488]LogAudio: Display: Audio Reverb Plugin: None (built-in).
[2025.11.25-19.45.41:587][488]LogAudio: Display: Audio Occlusion Plugin: None (built-in).
[2025.11.25-19.45.41:588][488]LogAudioMixer: Display: Initializing audio mixer.
[2025.11.25-19.45.41:593][488]LogAudioMixer: Display: 0: FrontLeft
[2025.11.25-19.45.41:593][488]LogAudioMixer: Display: 1: FrontRight
[2025.11.25-19.45.41:602][488]LogAudioMixer: Display: Using Audio Device Alto-falantes (Realtek(R) Audio)
[2025.11.25-19.45.41:602][488]LogAudioMixer: Display: Initializing Sound Submixes...
[2025.11.25-19.45.41:602][488]LogAudioMixer: Display: Creating Master Submix 'MasterSubmixDefault'
[2025.11.25-19.45.41:602][488]LogAudioMixer: Display: Creating Master Submix 'MasterReverbSubmixDefault'
[2025.11.25-19.45.41:603][488]LogAudioMixer: Display: Creating Master Submix 'MasterEQSubmixDefault'
[2025.11.25-19.45.41:603][488]LogAudioMixer: FMixerPlatformXAudio2::StartAudioStream() called
[2025.11.25-19.45.41:603][488]LogAudioMixer: Display: Output buffers initialized: Frames=1024, Channels=2, Samples=2048
[2025.11.25-19.45.41:604][488]LogAudioMixer: Display: Starting AudioMixerPlatformInterface::RunInternal()
[2025.11.25-19.45.41:604][488]LogAudioMixer: Display: FMixerPlatformXAudio2::SubmitBuffer() called for the first time
[2025.11.25-19.45.41:604][488]LogInit: FAudioDevice initialized.
[2025.11.25-19.45.41:604][488]LogAudio: Display: Audio Device (ID: 10) registered with world 'NewMap'.
[2025.11.25-19.45.41:618][488]LogLoad: Game class is 'GameModeRL_C'
[2025.11.25-19.45.41:620][488]LogWorld: Bringing World /Game/Mapas/Fases/UEDPIE_0_NewMap.NewMap up for play (max tick rate 60) at 2025.11.25-16.45.41
[2025.11.25-19.45.41:621][488]LogWorld: Bringing up level for play took: 0.001605
[2025.11.25-19.45.41:621][488]LogOnline: OSS: Creating online subsystem instance for: :Context_12
[2025.11.25-19.45.41:624][488]PIE: Server logged in
[2025.11.25-19.45.41:625][488]PIE: Play in editor total start time 0.11 seconds.
[2025.11.25-19.50.53:014][319]LogNavigation: Warning: Changing AgentRadius directly on RecastNavMesh instance is unsupported. Please use Project Settings > NavigationSystem > SupportedAgents to change AgentRadius
[2025.11.25-19.50.53:014][319]LogNavigation: Warning: Changing AgentRadius directly on RecastNavMesh instance is unsupported. Please use Project Settings > NavigationSystem > SupportedAgents to change AgentRadius
[2025.11.25-19.50.53:014][319]LogNavigation: Warning: Changing AgentRadius directly on RecastNavMesh instance is unsupported. Please use Project Settings > NavigationSystem > SupportedAgents to change AgentRadius
[2025.11.25-19.50.53:015][319]LogNavigation: Warning: Changing AgentRadius directly on RecastNavMesh instance is unsupported. Please use Project Settings > NavigationSystem > SupportedAgents to change AgentRadius
[2025.11.25-19.50.53:015][319]LogNavigation: Warning: Changing AgentRadius directly on RecastNavMesh instance is unsupported. Please use Project Settings > NavigationSystem > SupportedAgents to change AgentRadius
[2025.11.25-19.50.53:015][319]LogNavigation: Warning: Changing AgentRadius directly on RecastNavMesh instance is unsupported. Please use Project Settings > NavigationSystem > SupportedAgents to change AgentRadius
[2025.11.25-19.50.53:015][319]LogNavigation: Warning: Changing AgentRadius directly on RecastNavMesh instance is unsupported. Please use Project Settings > NavigationSystem > SupportedAgents to change AgentRadius
[2025.11.25-19.50.53:015][319]LogNavigation: Warning: Changing AgentRadius directly on RecastNavMesh instance is unsupported. Please use Project Settings > NavigationSystem > SupportedAgents to change AgentRadius
[2025.11.25-19.50.53:015][319]LogNavigation: Warning: Changing AgentRadius directly on RecastNavMesh instance is unsupported. Please use Project Settings > NavigationSystem > SupportedAgents to change AgentRadius
[2025.11.25-19.50.53:030][320]LogNavigation: Warning: Changing AgentRadius directly on RecastNavMesh instance is unsupported. Please use Project Settings > NavigationSystem > SupportedAgents to change AgentRadius
[2025.11.25-19.50.53:030][320]LogNavigation: Warning: Changing AgentRadius directly on RecastNavMesh instance is unsupported. Please use Project Settings > NavigationSystem > SupportedAgents to change AgentRadius
[2025.11.25-19.50.53:030][320]LogNavigation: Warning: Changing AgentRadius directly on RecastNavMesh instance is unsupported. Please use Project Settings > NavigationSystem > SupportedAgents to change AgentRadius
[2025.11.25-19.50.53:047][321]LogNavigation: Warning: Changing AgentRadius directly on RecastNavMesh instance is unsupported. Please use Project Settings > NavigationSystem > SupportedAgents to change AgentRadius
[2025.11.25-19.50.53:047][321]LogNavigation: Warning: Changing AgentRadius directly on RecastNavMesh instance is unsupported. Please use Project Settings > NavigationSystem > SupportedAgents to change AgentRadius
[2025.11.25-19.50.53:047][321]LogNavigation: Warning: Changing AgentRadius directly on RecastNavMesh instance is unsupported. Please use Project Settings > NavigationSystem > SupportedAgents to change AgentRadius
[2025.11.25-19.50.53:047][321]LogNavigation: Warning: Changing AgentRadius directly on RecastNavMesh instance is unsupported. Please use Project Settings > NavigationSystem > SupportedAgents to change AgentRadius
[2025.11.25-19.50.53:047][321]LogNavigation: Warning: Changing AgentRadius directly on RecastNavMesh instance is unsupported. Please use Project Settings > NavigationSystem > SupportedAgents to change AgentRadius
[2025.11.25-19.50.53:047][321]LogNavigation: Warning: Changing AgentRadius directly on RecastNavMesh instance is unsupported. Please use Project Settings > NavigationSystem > SupportedAgents to change AgentRadius
[2025.11.25-19.50.53:063][322]LogNavigation: Warning: Changing AgentRadius directly on RecastNavMesh instance is unsupported. Please use Project Settings > NavigationSystem > SupportedAgents to change AgentRadius
[2025.11.25-19.50.53:063][322]LogNavigation: Warning: Changing AgentRadius directly on RecastNavMesh instance is unsupported. Please use Project Settings > NavigationSystem > SupportedAgents to change AgentRadius
[2025.11.25-19.50.53:063][322]LogNavigation: Warning: Changing AgentRadius directly on RecastNavMesh instance is unsupported. Please use Project Settings > NavigationSystem > SupportedAgents to change AgentRadius
[2025.11.25-19.50.53:080][323]LogNavigation: Warning: Changing AgentRadius directly on RecastNavMesh instance is unsupported. Please use Project Settings > NavigationSystem > SupportedAgents to change AgentRadius
[2025.11.25-19.50.53:080][323]LogNavigation: Warning: Changing AgentRadius directly on RecastNavMesh instance is unsupported. Please use Project Settings > NavigationSystem > SupportedAgents to change AgentRadius
[2025.11.25-19.50.53:080][323]LogNavigation: Warning: Changing AgentRadius directly on RecastNavMesh instance is unsupported. Please use Project Settings > NavigationSystem > SupportedAgents to change AgentRadius
[2025.11.25-19.50.53:080][323]LogNavigation: Warning: Changing AgentRadius directly on RecastNavMesh instance is unsupported. Please use Project Settings > NavigationSystem > SupportedAgents to change AgentRadius
[2025.11.25-19.50.53:081][323]LogNavigation: Warning: Changing AgentRadius directly on RecastNavMesh instance is unsupported. Please use Project Settings > NavigationSystem > SupportedAgents to change AgentRadius
[2025.11.25-19.50.53:081][323]LogNavigation: Warning: Changing AgentRadius directly on RecastNavMesh instance is unsupported. Please use Project Settings > NavigationSystem > SupportedAgents to change AgentRadius
[2025.11.25-19.50.53:096][324]LogNavigation: Warning: Changing AgentRadius directly on RecastNavMesh instance is unsupported. Please use Project Settings > NavigationSystem > SupportedAgents to change AgentRadius
[2025.11.25-19.50.53:096][324]LogNavigation: Warning: Changing AgentRadius directly on RecastNavMesh instance is unsupported. Please use Project Settings > NavigationSystem > SupportedAgents to change AgentRadius
[2025.11.25-19.50.53:096][324]LogNavigation: Warning: Changing AgentRadius directly on RecastNavMesh instance is unsupported. Please use Project Settings > NavigationSystem > SupportedAgents to change AgentRadius
[2025.11.25-19.50.53:096][324]LogNavigation: Warning: Changing AgentRadius directly on RecastNavMesh instance is unsupported. Please use Project Settings > NavigationSystem > SupportedAgents to change AgentRadius
[2025.11.25-19.50.53:096][324]LogNavigation: Warning: Changing AgentRadius directly on RecastNavMesh instance is unsupported. Please use Project Settings > NavigationSystem > SupportedAgents to change AgentRadius
[2025.11.25-19.50.53:096][324]LogNavigation: Warning: Changing AgentRadius directly on RecastNavMesh instance is unsupported. Please use Project Settings > NavigationSystem > SupportedAgents to change AgentRadius
[2025.11.25-19.50.53:113][325]LogNavigation: Warning: Changing AgentRadius directly on RecastNavMesh instance is unsupported. Please use Project Settings > NavigationSystem > SupportedAgents to change AgentRadius
[2025.11.25-19.50.53:114][325]LogNavigation: Warning: Changing AgentRadius directly on RecastNavMesh instance is unsupported. Please use Project Settings > NavigationSystem > SupportedAgents to change AgentRadius
[2025.11.25-19.50.53:114][325]LogNavigation: Warning: Changing AgentRadius directly on RecastNavMesh instance is unsupported. Please use Project Settings > NavigationSystem > SupportedAgents to change AgentRadius
[2025.11.25-19.50.53:130][326]LogNavigation: Warning: Changing AgentRadius directly on RecastNavMesh instance is unsupported. Please use Project Settings > NavigationSystem > SupportedAgents to change AgentRadius
[2025.11.25-19.50.53:130][326]LogNavigation: Warning: Changing AgentRadius directly on RecastNavMesh instance is unsupported. Please use Project Settings > NavigationSystem > SupportedAgents to change AgentRadius
[2025.11.25-19.50.53:130][326]LogNavigation: Warning: Changing AgentRadius directly on RecastNavMesh instance is unsupported. Please use Project Settings > NavigationSystem > SupportedAgents to change AgentRadius
[2025.11.25-19.50.53:180][329]LogNavigation: Warning: Changing AgentRadius directly on RecastNavMesh instance is unsupported. Please use Project Settings > NavigationSystem > SupportedAgents to change AgentRadius
[2025.11.25-19.50.53:180][329]LogNavigation: Warning: Changing AgentRadius directly on RecastNavMesh instance is unsupported. Please use Project Settings > NavigationSystem > SupportedAgents to change AgentRadius
[2025.11.25-19.50.53:180][329]LogNavigation: Warning: Changing AgentRadius directly on RecastNavMesh instance is unsupported. Please use Project Settings > NavigationSystem > SupportedAgents to change AgentRadius
[2025.11.25-19.50.53:197][330]LogNavigation: Warning: Changing AgentRadius directly on RecastNavMesh instance is unsupported. Please use Project Settings > NavigationSystem > SupportedAgents to change AgentRadius
[2025.11.25-19.50.53:197][330]LogNavigation: Warning: Changing AgentRadius directly on RecastNavMesh instance is unsupported. Please use Project Settings > NavigationSystem > SupportedAgents to change AgentRadius
[2025.11.25-19.50.53:197][330]LogNavigation: Warning: Changing AgentRadius directly on RecastNavMesh instance is unsupported. Please use Project Settings > NavigationSystem > SupportedAgents to change AgentRadius
[2025.11.25-19.50.53:213][331]LogNavigation: Warning: Changing AgentRadius directly on RecastNavMesh instance is unsupported. Please use Project Settings > NavigationSystem > SupportedAgents to change AgentRadius
[2025.11.25-19.50.53:213][331]LogNavigation: Warning: Changing AgentRadius directly on RecastNavMesh instance is unsupported. Please use Project Settings > NavigationSystem > SupportedAgents to change AgentRadius
[2025.11.25-19.50.53:213][331]LogNavigation: Warning: Changing AgentRadius directly on RecastNavMesh instance is unsupported. Please use Project Settings > NavigationSystem > SupportedAgents to change AgentRadius
[2025.11.25-19.50.53:297][336]LogNavigation: Warning: Changing AgentRadius directly on RecastNavMesh instance is unsupported. Please use Project Settings > NavigationSystem > SupportedAgents to change AgentRadius
[2025.11.25-19.50.53:297][336]LogNavigation: Warning: Changing AgentRadius directly on RecastNavMesh instance is unsupported. Please use Project Settings > NavigationSystem > SupportedAgents to change AgentRadius
[2025.11.25-19.50.53:297][336]LogNavigation: Warning: Changing AgentRadius directly on RecastNavMesh instance is unsupported. Please use Project Settings > NavigationSystem > SupportedAgents to change AgentRadius
[2025.11.25-19.50.53:314][337]LogNavigation: Warning: Changing AgentRadius directly on RecastNavMesh instance is unsupported. Please use Project Settings > NavigationSystem > SupportedAgents to change AgentRadius
[2025.11.25-19.50.53:314][337]LogNavigation: Warning: Changing AgentRadius directly on RecastNavMesh instance is unsupported. Please use Project Settings > NavigationSystem > SupportedAgents to change AgentRadius
[2025.11.25-19.50.53:314][337]LogNavigation: Warning: Changing AgentRadius directly on RecastNavMesh instance is unsupported. Please use Project Settings > NavigationSystem > SupportedAgents to change AgentRadius
[2025.11.25-19.50.53:314][337]LogNavigation: Warning: Changing AgentRadius directly on RecastNavMesh instance is unsupported. Please use Project Settings > NavigationSystem > SupportedAgents to change AgentRadius
[2025.11.25-19.50.53:314][337]LogNavigation: Warning: Changing AgentRadius directly on RecastNavMesh instance is unsupported. Please use Project Settings > NavigationSystem > SupportedAgents to change AgentRadius
[2025.11.25-19.50.53:315][337]LogNavigation: Warning: Changing AgentRadius directly on RecastNavMesh instance is unsupported. Please use Project Settings > NavigationSystem > SupportedAgents to change AgentRadius
[2025.11.25-19.50.53:330][338]LogNavigation: Warning: Changing AgentRadius directly on RecastNavMesh instance is unsupported. Please use Project Settings > NavigationSystem > SupportedAgents to change AgentRadius
[2025.11.25-19.50.53:330][338]LogNavigation: Warning: Changing AgentRadius directly on RecastNavMesh instance is unsupported. Please use Project Settings > NavigationSystem > SupportedAgents to change AgentRadius
[2025.11.25-19.50.53:330][338]LogNavigation: Warning: Changing AgentRadius directly on RecastNavMesh instance is unsupported. Please use Project Settings > NavigationSystem > SupportedAgents to change AgentRadius
[2025.11.25-19.50.53:346][339]LogNavigation: Warning: Changing AgentRadius directly on RecastNavMesh instance is unsupported. Please use Project Settings > NavigationSystem > SupportedAgents to change AgentRadius
[2025.11.25-19.50.53:347][339]LogNavigation: Warning: Changing AgentRadius directly on RecastNavMesh instance is unsupported. Please use Project Settings > NavigationSystem > SupportedAgents to change AgentRadius
[2025.11.25-19.50.53:347][339]LogNavigation: Warning: Changing AgentRadius directly on RecastNavMesh instance is unsupported. Please use Project Settings > NavigationSystem > SupportedAgents to change AgentRadius
[2025.11.25-19.50.53:347][339]LogNavigation: Warning: Changing AgentRadius directly on RecastNavMesh instance is unsupported. Please use Project Settings > NavigationSystem > SupportedAgents to change AgentRadius
[2025.11.25-19.50.53:347][339]LogNavigation: Warning: Changing AgentRadius directly on RecastNavMesh instance is unsupported. Please use Project Settings > NavigationSystem > SupportedAgents to change AgentRadius
[2025.11.25-19.50.53:347][339]LogNavigation: Warning: Changing AgentRadius directly on RecastNavMesh instance is unsupported. Please use Project Settings > NavigationSystem > SupportedAgents to change AgentRadius
[2025.11.25-19.50.53:363][340]LogNavigation: Warning: Changing AgentRadius directly on RecastNavMesh instance is unsupported. Please use Project Settings > NavigationSystem > SupportedAgents to change AgentRadius
[2025.11.25-19.50.53:363][340]LogNavigation: Warning: Changing AgentRadius directly on RecastNavMesh instance is unsupported. Please use Project Settings > NavigationSystem > SupportedAgents to change AgentRadius
[2025.11.25-19.50.53:363][340]LogNavigation: Warning: Changing AgentRadius directly on RecastNavMesh instance is unsupported. Please use Project Settings > NavigationSystem > SupportedAgents to change AgentRadius
[2025.11.25-19.50.53:380][341]LogNavigation: Warning: Changing AgentRadius directly on RecastNavMesh instance is unsupported. Please use Project Settings > NavigationSystem > SupportedAgents to change AgentRadius
[2025.11.25-19.50.53:380][341]LogNavigation: Warning: Changing AgentRadius directly on RecastNavMesh instance is unsupported. Please use Project Settings > NavigationSystem > SupportedAgents to change AgentRadius
[2025.11.25-19.50.53:380][341]LogNavigation: Warning: Changing AgentRadius directly on RecastNavMesh instance is unsupported. Please use Project Settings > NavigationSystem > SupportedAgents to change AgentRadius
[2025.11.25-19.50.53:381][341]LogNavigation: Warning: Changing AgentRadius directly on RecastNavMesh instance is unsupported. Please use Project Settings > NavigationSystem > SupportedAgents to change AgentRadius
[2025.11.25-19.50.53:381][341]LogNavigation: Warning: Changing AgentRadius directly on RecastNavMesh instance is unsupported. Please use Project Settings > NavigationSystem > SupportedAgents to change AgentRadius
[2025.11.25-19.50.53:381][341]LogNavigation: Warning: Changing AgentRadius directly on RecastNavMesh instance is unsupported. Please use Project Settings > NavigationSystem > SupportedAgents to change AgentRadius
[2025.11.25-19.50.53:396][342]LogNavigation: Warning: Changing AgentRadius directly on RecastNavMesh instance is unsupported. Please use Project Settings > NavigationSystem > SupportedAgents to change AgentRadius
[2025.11.25-19.50.53:396][342]LogNavigation: Warning: Changing AgentRadius directly on RecastNavMesh instance is unsupported. Please use Project Settings > NavigationSystem > SupportedAgents to change AgentRadius
[2025.11.25-19.50.53:396][342]LogNavigation: Warning: Changing AgentRadius directly on RecastNavMesh instance is unsupported. Please use Project Settings > NavigationSystem > SupportedAgents to change AgentRadius
[2025.11.25-19.50.53:396][342]LogNavigation: Warning: Changing AgentRadius directly on RecastNavMesh instance is unsupported. Please use Project Settings > NavigationSystem > SupportedAgents to change AgentRadius
[2025.11.25-19.50.53:396][342]LogNavigation: Warning: Changing AgentRadius directly on RecastNavMesh instance is unsupported. Please use Project Settings > NavigationSystem > SupportedAgents to change AgentRadius
[2025.11.25-19.50.53:396][342]LogNavigation: Warning: Changing AgentRadius directly on RecastNavMesh instance is unsupported. Please use Project Settings > NavigationSystem > SupportedAgents to change AgentRadius
[2025.11.25-19.50.53:414][343]LogNavigation: Warning: Changing AgentRadius directly on RecastNavMesh instance is unsupported. Please use Project Settings > NavigationSystem > SupportedAgents to change AgentRadius
[2025.11.25-19.50.53:414][343]LogNavigation: Warning: Changing AgentRadius directly on RecastNavMesh instance is unsupported. Please use Project Settings > NavigationSystem > SupportedAgents to change AgentRadius
[2025.11.25-19.50.53:414][343]LogNavigation: Warning: Changing AgentRadius directly on RecastNavMesh instance is unsupported. Please use Project Settings > NavigationSystem > SupportedAgents to change AgentRadius
[2025.11.25-19.50.53:414][343]LogNavigation: Warning: Changing AgentRadius directly on RecastNavMesh instance is unsupported. Please use Project Settings > NavigationSystem > SupportedAgents to change AgentRadius
[2025.11.25-19.50.53:414][343]LogNavigation: Warning: Changing AgentRadius directly on RecastNavMesh instance is unsupported. Please use Project Settings > NavigationSystem > SupportedAgents to change AgentRadius
[2025.11.25-19.50.53:414][343]LogNavigation: Warning: Changing AgentRadius directly on RecastNavMesh instance is unsupported. Please use Project Settings > NavigationSystem > SupportedAgents to change AgentRadius
[2025.11.25-19.50.53:414][343]LogNavigation: Warning: Changing AgentRadius directly on RecastNavMesh instance is unsupported. Please use Project Settings > NavigationSystem > SupportedAgents to change AgentRadius
[2025.11.25-19.50.53:415][343]LogNavigation: Warning: Changing AgentRadius directly on RecastNavMesh instance is unsupported. Please use Project Settings > NavigationSystem > SupportedAgents to change AgentRadius
[2025.11.25-19.50.53:415][343]LogNavigation: Warning: Changing AgentRadius directly on RecastNavMesh instance is unsupported. Please use Project Settings > NavigationSystem > SupportedAgents to change AgentRadius
[2025.11.25-19.50.53:430][344]LogNavigation: Warning: Changing AgentRadius directly on RecastNavMesh instance is unsupported. Please use Project Settings > NavigationSystem > SupportedAgents to change AgentRadius
[2025.11.25-19.50.53:430][344]LogNavigation: Warning: Changing AgentRadius directly on RecastNavMesh instance is unsupported. Please use Project Settings > NavigationSystem > SupportedAgents to change AgentRadius
[2025.11.25-19.50.53:430][344]LogNavigation: Warning: Changing AgentRadius directly on RecastNavMesh instance is unsupported. Please use Project Settings > NavigationSystem > SupportedAgents to change AgentRadius
[2025.11.25-19.50.53:480][347]LogNavigation: Warning: Changing AgentRadius directly on RecastNavMesh instance is unsupported. Please use Project Settings > NavigationSystem > SupportedAgents to change AgentRadius
[2025.11.25-19.50.53:480][347]LogNavigation: Warning: Changing AgentRadius directly on RecastNavMesh instance is unsupported. Please use Project Settings > NavigationSystem > SupportedAgents to change AgentRadius
[2025.11.25-19.50.53:480][347]LogNavigation: Warning: Changing AgentRadius directly on RecastNavMesh instance is unsupported. Please use Project Settings > NavigationSystem > SupportedAgents to change AgentRadius
[2025.11.25-19.50.53:481][347]LogNavigation: Warning: Changing AgentRadius directly on RecastNavMesh instance is unsupported. Please use Project Settings > NavigationSystem > SupportedAgents to change AgentRadius
[2025.11.25-19.50.53:481][347]LogNavigation: Warning: Changing AgentRadius directly on RecastNavMesh instance is unsupported. Please use Project Settings > NavigationSystem > SupportedAgents to change AgentRadius
[2025.11.25-19.50.53:481][347]LogNavigation: Warning: Changing AgentRadius directly on RecastNavMesh instance is unsupported. Please use Project Settings > NavigationSystem > SupportedAgents to change AgentRadius
[2025.11.25-19.50.53:496][348]LogNavigation: Warning: Changing AgentRadius directly on RecastNavMesh instance is unsupported. Please use Project Settings > NavigationSystem > SupportedAgents to change AgentRadius
[2025.11.25-19.50.53:497][348]LogNavigation: Warning: Changing AgentRadius directly on RecastNavMesh instance is unsupported. Please use Project Settings > NavigationSystem > SupportedAgents to change AgentRadius
[2025.11.25-19.50.53:497][348]LogNavigation: Warning: Changing AgentRadius directly on RecastNavMesh instance is unsupported. Please use Project Settings > NavigationSystem > SupportedAgents to change AgentRadius
[2025.11.25-19.50.53:513][349]LogNavigation: Warning: Changing AgentRadius directly on RecastNavMesh instance is unsupported. Please use Project Settings > NavigationSystem > SupportedAgents to change AgentRadius
[2025.11.25-19.50.53:513][349]LogNavigation: Warning: Changing AgentRadius directly on RecastNavMesh instance is unsupported. Please use Project Settings > NavigationSystem > SupportedAgents to change AgentRadius
[2025.11.25-19.50.53:513][349]LogNavigation: Warning: Changing AgentRadius directly on RecastNavMesh instance is unsupported. Please use Project Settings > NavigationSystem > SupportedAgents to change AgentRadius
[2025.11.25-19.50.53:514][349]LogNavigation: Warning: Changing AgentRadius directly on RecastNavMesh instance is unsupported. Please use Project Settings > NavigationSystem > SupportedAgents to change AgentRadius
[2025.11.25-19.50.53:514][349]LogNavigation: Warning: Changing AgentRadius directly on RecastNavMesh instance is unsupported. Please use Project Settings > NavigationSystem > SupportedAgents to change AgentRadius
[2025.11.25-19.50.53:514][349]LogNavigation: Warning: Changing AgentRadius directly on RecastNavMesh instance is unsupported. Please use Project Settings > NavigationSystem > SupportedAgents to change AgentRadius
[2025.11.25-19.50.53:647][357]LogNavigation: Warning: Changing AgentRadius directly on RecastNavMesh instance is unsupported. Please use Project Settings > NavigationSystem > SupportedAgents to change AgentRadius
[2025.11.25-19.50.53:647][357]LogNavigation: Warning: Changing AgentRadius directly on RecastNavMesh instance is unsupported. Please use Project Settings > NavigationSystem > SupportedAgents to change AgentRadius
[2025.11.25-19.50.53:647][357]LogNavigation: Warning: Changing AgentRadius directly on RecastNavMesh instance is unsupported. Please use Project Settings > NavigationSystem > SupportedAgents to change AgentRadius
[2025.11.25-19.50.53:647][357]LogNavigation: Warning: Changing AgentRadius directly on RecastNavMesh instance is unsupported. Please use Project Settings > NavigationSystem > SupportedAgents to change AgentRadius
[2025.11.25-19.50.53:648][357]LogNavigation: Warning: Changing AgentRadius directly on RecastNavMesh instance is unsupported. Please use Project Settings > NavigationSystem > SupportedAgents to change AgentRadius
[2025.11.25-19.50.53:648][357]LogNavigation: Warning: Changing AgentRadius directly on RecastNavMesh instance is unsupported. Please use Project Settings > NavigationSystem > SupportedAgents to change AgentRadius
[2025.11.25-19.50.53:648][357]LogNavigation: Warning: Changing AgentRadius directly on RecastNavMesh instance is unsupported. Please use Project Settings > NavigationSystem > SupportedAgents to change AgentRadius
[2025.11.25-19.50.53:648][357]LogNavigation: Warning: Changing AgentRadius directly on RecastNavMesh instance is unsupported. Please use Project Settings > NavigationSystem > SupportedAgents to change AgentRadius
[2025.11.25-19.50.53:648][357]LogNavigation: Warning: Changing AgentRadius directly on RecastNavMesh instance is unsupported. Please use Project Settings > NavigationSystem > SupportedAgents to change AgentRadius
[2025.11.25-19.50.53:663][358]LogNavigation: Warning: Changing AgentRadius directly on RecastNavMesh instance is unsupported. Please use Project Settings > NavigationSystem > SupportedAgents to change AgentRadius
[2025.11.25-19.50.53:663][358]LogNavigation: Warning: Changing AgentRadius directly on RecastNavMesh instance is unsupported. Please use Project Settings > NavigationSystem > SupportedAgents to change AgentRadius
[2025.11.25-19.50.53:663][358]LogNavigation: Warning: Changing AgentRadius directly on RecastNavMesh instance is unsupported. Please use Project Settings > NavigationSystem > SupportedAgents to change AgentRadius
[2025.11.25-19.50.53:763][364]LogNavigation: Warning: Changing AgentRadius directly on RecastNavMesh instance is unsupported. Please use Project Settings > NavigationSystem > SupportedAgents to change AgentRadius
[2025.11.25-19.50.53:763][364]LogNavigation: Warning: Changing AgentRadius directly on RecastNavMesh instance is unsupported. Please use Project Settings > NavigationSystem > SupportedAgents to change AgentRadius
[2025.11.25-19.50.53:763][364]LogNavigation: Warning: Changing AgentRadius directly on RecastNavMesh instance is unsupported. Please use Project Settings > NavigationSystem > SupportedAgents to change AgentRadius
[2025.11.25-19.50.53:764][364]LogNavigation: Warning: Changing AgentRadius directly on RecastNavMesh instance is unsupported. Please use Project Settings > NavigationSystem > SupportedAgents to change AgentRadius
[2025.11.25-19.50.53:764][364]LogNavigation: Warning: Changing AgentRadius directly on RecastNavMesh instance is unsupported. Please use Project Settings > NavigationSystem > SupportedAgents to change AgentRadius
[2025.11.25-19.50.53:764][364]LogNavigation: Warning: Changing AgentRadius directly on RecastNavMesh instance is unsupported. Please use Project Settings > NavigationSystem > SupportedAgents to change AgentRadius
[2025.11.25-19.50.53:780][365]LogNavigation: Warning: Changing AgentRadius directly on RecastNavMesh instance is unsupported. Please use Project Settings > NavigationSystem > SupportedAgents to change AgentRadius
[2025.11.25-19.50.53:780][365]LogNavigation: Warning: Changing AgentRadius directly on RecastNavMesh instance is unsupported. Please use Project Settings > NavigationSystem > SupportedAgents to change AgentRadius
[2025.11.25-19.50.53:780][365]LogNavigation: Warning: Changing AgentRadius directly on RecastNavMesh instance is unsupported. Please use Project Settings > NavigationSystem > SupportedAgents to change AgentRadius
[2025.11.25-19.50.53:814][367]LogNavigation: Warning: Changing AgentRadius directly on RecastNavMesh instance is unsupported. Please use Project Settings > NavigationSystem > SupportedAgents to change AgentRadius
[2025.11.25-19.50.53:814][367]LogNavigation: Warning: Changing AgentRadius directly on RecastNavMesh instance is unsupported. Please use Project Settings > NavigationSystem > SupportedAgents to change AgentRadius
[2025.11.25-19.50.53:814][367]LogNavigation: Warning: Changing AgentRadius directly on RecastNavMesh instance is unsupported. Please use Project Settings > NavigationSystem > SupportedAgents to change AgentRadius
[2025.11.25-19.50.53:830][368]LogNavigation: Warning: Changing AgentRadius directly on RecastNavMesh instance is unsupported. Please use Project Settings > NavigationSystem > SupportedAgents to change AgentRadius
[2025.11.25-19.50.53:830][368]LogNavigation: Warning: Changing AgentRadius directly on RecastNavMesh instance is unsupported. Please use Project Settings > NavigationSystem > SupportedAgents to change AgentRadius
[2025.11.25-19.50.53:830][368]LogNavigation: Warning: Changing AgentRadius directly on RecastNavMesh instance is unsupported. Please use Project Settings > NavigationSystem > SupportedAgents to change AgentRadius
[2025.11.25-19.50.53:831][368]LogNavigation: Warning: Changing AgentRadius directly on RecastNavMesh instance is unsupported. Please use Project Settings > NavigationSystem > SupportedAgents to change AgentRadius
[2025.11.25-19.50.53:831][368]LogNavigation: Warning: Changing AgentRadius directly on RecastNavMesh instance is unsupported. Please use Project Settings > NavigationSystem > SupportedAgents to change AgentRadius
[2025.11.25-19.50.53:831][368]LogNavigation: Warning: Changing AgentRadius directly on RecastNavMesh instance is unsupported. Please use Project Settings > NavigationSystem > SupportedAgents to change AgentRadius
[2025.11.25-19.50.53:831][368]LogNavigation: Warning: Changing AgentRadius directly on RecastNavMesh instance is unsupported. Please use Project Settings > NavigationSystem > SupportedAgents to change AgentRadius
[2025.11.25-19.50.53:832][368]LogNavigation: Warning: Changing AgentRadius directly on RecastNavMesh instance is unsupported. Please use Project Settings > NavigationSystem > SupportedAgents to change AgentRadius
[2025.11.25-19.50.53:832][368]LogNavigation: Warning: Changing AgentRadius directly on RecastNavMesh instance is unsupported. Please use Project Settings > NavigationSystem > SupportedAgents to change AgentRadius
[2025.11.25-19.50.53:864][370]LogNavigation: Warning: Changing AgentRadius directly on RecastNavMesh instance is unsupported. Please use Project Settings > NavigationSystem > SupportedAgents to change AgentRadius
[2025.11.25-19.50.53:864][370]LogNavigation: Warning: Changing AgentRadius directly on RecastNavMesh instance is unsupported. Please use Project Settings > NavigationSystem > SupportedAgents to change AgentRadius
[2025.11.25-19.50.53:864][370]LogNavigation: Warning: Changing AgentRadius directly on RecastNavMesh instance is unsupported. Please use Project Settings > NavigationSystem > SupportedAgents to change AgentRadius
[2025.11.25-19.50.53:880][371]LogNavigation: Warning: Changing AgentRadius directly on RecastNavMesh instance is unsupported. Please use Project Settings > NavigationSystem > SupportedAgents to change AgentRadius
[2025.11.25-19.50.53:881][371]LogNavigation: Warning: Changing AgentRadius directly on RecastNavMesh instance is unsupported. Please use Project Settings > NavigationSystem > SupportedAgents to change AgentRadius
[2025.11.25-19.50.53:881][371]LogNavigation: Warning: Changing AgentRadius directly on RecastNavMesh instance is unsupported. Please use Project Settings > NavigationSystem > SupportedAgents to change AgentRadius
[2025.11.25-19.50.53:881][371]LogNavigation: Warning: Changing AgentRadius directly on RecastNavMesh instance is unsupported. Please use Project Settings > NavigationSystem > SupportedAgents to change AgentRadius
[2025.11.25-19.50.53:881][371]LogNavigation: Warning: Changing AgentRadius directly on RecastNavMesh instance is unsupported. Please use Project Settings > NavigationSystem > SupportedAgents to change AgentRadius
[2025.11.25-19.50.53:881][371]LogNavigation: Warning: Changing AgentRadius directly on RecastNavMesh instance is unsupported. Please use Project Settings > NavigationSystem > SupportedAgents to change AgentRadius
[2025.11.25-19.50.53:897][372]LogNavigation: Warning: Changing AgentRadius directly on RecastNavMesh instance is unsupported. Please use Project Settings > NavigationSystem > SupportedAgents to change AgentRadius
[2025.11.25-19.50.53:897][372]LogNavigation: Warning: Changing AgentRadius directly on RecastNavMesh instance is unsupported. Please use Project Settings > NavigationSystem > SupportedAgents to change AgentRadius
[2025.11.25-19.50.53:897][372]LogNavigation: Warning: Changing AgentRadius directly on RecastNavMesh instance is unsupported. Please use Project Settings > NavigationSystem > SupportedAgents to change AgentRadius
[2025.11.25-19.50.53:913][373]LogNavigation: Warning: Changing AgentRadius directly on RecastNavMesh instance is unsupported. Please use Project Settings > NavigationSystem > SupportedAgents to change AgentRadius
[2025.11.25-19.50.53:913][373]LogNavigation: Warning: Changing AgentRadius directly on RecastNavMesh instance is unsupported. Please use Project Settings > NavigationSystem > SupportedAgents to change AgentRadius
[2025.11.25-19.50.53:913][373]LogNavigation: Warning: Changing AgentRadius directly on RecastNavMesh instance is unsupported. Please use Project Settings > NavigationSystem > SupportedAgents to change AgentRadius
[2025.11.25-19.50.53:914][373]LogNavigation: Warning: Changing AgentRadius directly on RecastNavMesh instance is unsupported. Please use Project Settings > NavigationSystem > SupportedAgents to change AgentRadius
[2025.11.25-19.50.53:914][373]LogNavigation: Warning: Changing AgentRadius directly on RecastNavMesh instance is unsupported. Please use Project Settings > NavigationSystem > SupportedAgents to change AgentRadius
[2025.11.25-19.50.53:914][373]LogNavigation: Warning: Changing AgentRadius directly on RecastNavMesh instance is unsupported. Please use Project Settings > NavigationSystem > SupportedAgents to change AgentRadius
[2025.11.25-19.50.53:930][374]LogNavigation: Warning: Changing AgentRadius directly on RecastNavMesh instance is unsupported. Please use Project Settings > NavigationSystem > SupportedAgents to change AgentRadius
[2025.11.25-19.50.53:930][374]LogNavigation: Warning: Changing AgentRadius directly on RecastNavMesh instance is unsupported. Please use Project Settings > NavigationSystem > SupportedAgents to change AgentRadius
[2025.11.25-19.50.53:930][374]LogNavigation: Warning: Changing AgentRadius directly on RecastNavMesh instance is unsupported. Please use Project Settings > NavigationSystem > SupportedAgents to change AgentRadius
[2025.11.25-19.50.53:931][374]LogNavigation: Warning: Changing AgentRadius directly on RecastNavMesh instance is unsupported. Please use Project Settings > NavigationSystem > SupportedAgents to change AgentRadius
[2025.11.25-19.50.53:931][374]LogNavigation: Warning: Changing AgentRadius directly on RecastNavMesh instance is unsupported. Please use Project Settings > NavigationSystem > SupportedAgents to change AgentRadius
[2025.11.25-19.50.53:931][374]LogNavigation: Warning: Changing AgentRadius directly on RecastNavMesh instance is unsupported. Please use Project Settings > NavigationSystem > SupportedAgents to change AgentRadius
[2025.11.25-19.50.53:946][375]LogNavigation: Warning: Changing AgentRadius directly on RecastNavMesh instance is unsupported. Please use Project Settings > NavigationSystem > SupportedAgents to change AgentRadius
[2025.11.25-19.50.53:946][375]LogNavigation: Warning: Changing AgentRadius directly on RecastNavMesh instance is unsupported. Please use Project Settings > NavigationSystem > SupportedAgents to change AgentRadius
[2025.11.25-19.50.53:946][375]LogNavigation: Warning: Changing AgentRadius directly on RecastNavMesh instance is unsupported. Please use Project Settings > NavigationSystem > SupportedAgents to change AgentRadius
[2025.11.25-19.50.53:946][375]LogNavigation: Warning: Changing AgentRadius directly on RecastNavMesh instance is unsupported. Please use Project Settings > NavigationSystem > SupportedAgents to change AgentRadius
[2025.11.25-19.50.53:946][375]LogNavigation: Warning: Changing AgentRadius directly on RecastNavMesh instance is unsupported. Please use Project Settings > NavigationSystem > SupportedAgents to change AgentRadius
[2025.11.25-19.50.53:946][375]LogNavigation: Warning: Changing AgentRadius directly on RecastNavMesh instance is unsupported. Please use Project Settings > NavigationSystem > SupportedAgents to change AgentRadius
[2025.11.25-19.50.53:964][376]LogNavigation: Warning: Changing AgentRadius directly on RecastNavMesh instance is unsupported. Please use Project Settings > NavigationSystem > SupportedAgents to change AgentRadius
[2025.11.25-19.50.53:964][376]LogNavigation: Warning: Changing AgentRadius directly on RecastNavMesh instance is unsupported. Please use Project Settings > NavigationSystem > SupportedAgents to change AgentRadius
[2025.11.25-19.50.53:964][376]LogNavigation: Warning: Changing AgentRadius directly on RecastNavMesh instance is unsupported. Please use Project Settings > NavigationSystem > SupportedAgents to change AgentRadius
[2025.11.25-19.50.53:964][376]LogNavigation: Warning: Changing AgentRadius directly on RecastNavMesh instance is unsupported. Please use Project Settings > NavigationSystem > SupportedAgents to change AgentRadius
[2025.11.25-19.50.53:964][376]LogNavigation: Warning: Changing AgentRadius directly on RecastNavMesh instance is unsupported. Please use Project Settings > NavigationSystem > SupportedAgents to change AgentRadius
[2025.11.25-19.50.53:964][376]LogNavigation: Warning: Changing AgentRadius directly on RecastNavMesh instance is unsupported. Please use Project Settings > NavigationSystem > SupportedAgents to change AgentRadius
[2025.11.25-19.50.53:980][377]LogNavigation: Warning: Changing AgentRadius directly on RecastNavMesh instance is unsupported. Please use Project Settings > NavigationSystem > SupportedAgents to change AgentRadius
[2025.11.25-19.50.53:980][377]LogNavigation: Warning: Changing AgentRadius directly on RecastNavMesh instance is unsupported. Please use Project Settings > NavigationSystem > SupportedAgents to change AgentRadius
[2025.11.25-19.50.53:980][377]LogNavigation: Warning: Changing AgentRadius directly on RecastNavMesh instance is unsupported. Please use Project Settings > NavigationSystem > SupportedAgents to change AgentRadius
[2025.11.25-19.50.53:980][377]LogNavigation: Warning: Changing AgentRadius directly on RecastNavMesh instance is unsupported. Please use Project Settings > NavigationSystem > SupportedAgents to change AgentRadius
[2025.11.25-19.50.53:980][377]LogNavigation: Warning: Changing AgentRadius directly on RecastNavMesh instance is unsupported. Please use Project Settings > NavigationSystem > SupportedAgents to change AgentRadius
[2025.11.25-19.50.53:980][377]LogNavigation: Warning: Changing AgentRadius directly on RecastNavMesh instance is unsupported. Please use Project Settings > NavigationSystem > SupportedAgents to change AgentRadius
[2025.11.25-19.50.53:997][378]LogNavigation: Warning: Changing AgentRadius directly on RecastNavMesh instance is unsupported. Please use Project Settings > NavigationSystem > SupportedAgents to change AgentRadius
[2025.11.25-19.50.53:997][378]LogNavigation: Warning: Changing AgentRadius directly on RecastNavMesh instance is unsupported. Please use Project Settings > NavigationSystem > SupportedAgents to change AgentRadius
[2025.11.25-19.50.53:997][378]LogNavigation: Warning: Changing AgentRadius directly on RecastNavMesh instance is unsupported. Please use Project Settings > NavigationSystem > SupportedAgents to change AgentRadius
[2025.11.25-19.50.53:997][378]LogNavigation: Warning: Changing AgentRadius directly on RecastNavMesh instance is unsupported. Please use Project Settings > NavigationSystem > SupportedAgents to change AgentRadius
[2025.11.25-19.50.53:997][378]LogNavigation: Warning: Changing AgentRadius directly on RecastNavMesh instance is unsupported. Please use Project Settings > NavigationSystem > SupportedAgents to change AgentRadius
[2025.11.25-19.50.53:997][378]LogNavigation: Warning: Changing AgentRadius directly on RecastNavMesh instance is unsupported. Please use Project Settings > NavigationSystem > SupportedAgents to change AgentRadius
[2025.11.25-19.50.54:014][379]LogNavigation: Warning: Changing AgentRadius directly on RecastNavMesh instance is unsupported. Please use Project Settings > NavigationSystem > SupportedAgents to change AgentRadius
[2025.11.25-19.50.54:014][379]LogNavigation: Warning: Changing AgentRadius directly on RecastNavMesh instance is unsupported. Please use Project Settings > NavigationSystem > SupportedAgents to change AgentRadius
[2025.11.25-19.50.54:014][379]LogNavigation: Warning: Changing AgentRadius directly on RecastNavMesh instance is unsupported. Please use Project Settings > NavigationSystem > SupportedAgents to change AgentRadius
[2025.11.25-19.50.54:014][379]LogNavigation: Warning: Changing AgentRadius directly on RecastNavMesh instance is unsupported. Please use Project Settings > NavigationSystem > SupportedAgents to change AgentRadius
[2025.11.25-19.50.54:014][379]LogNavigation: Warning: Changing AgentRadius directly on RecastNavMesh instance is unsupported. Please use Project Settings > NavigationSystem > SupportedAgents to change AgentRadius
[2025.11.25-19.50.54:014][379]LogNavigation: Warning: Changing AgentRadius directly on RecastNavMesh instance is unsupported. Please use Project Settings > NavigationSystem > SupportedAgents to change AgentRadius
[2025.11.25-19.50.54:030][380]LogNavigation: Warning: Changing AgentRadius directly on RecastNavMesh instance is unsupported. Please use Project Settings > NavigationSystem > SupportedAgents to change AgentRadius
[2025.11.25-19.50.54:030][380]LogNavigation: Warning: Changing AgentRadius directly on RecastNavMesh instance is unsupported. Please use Project Settings > NavigationSystem > SupportedAgents to change AgentRadius
[2025.11.25-19.50.54:030][380]LogNavigation: Warning: Changing AgentRadius directly on RecastNavMesh instance is unsupported. Please use Project Settings > NavigationSystem > SupportedAgents to change AgentRadius
[2025.11.25-19.50.54:030][380]LogNavigation: Warning: Changing AgentRadius directly on RecastNavMesh instance is unsupported. Please use Project Settings > NavigationSystem > SupportedAgents to change AgentRadius
[2025.11.25-19.50.54:030][380]LogNavigation: Warning: Changing AgentRadius directly on RecastNavMesh instance is unsupported. Please use Project Settings > NavigationSystem > SupportedAgents to change AgentRadius
[2025.11.25-19.50.54:031][380]LogNavigation: Warning: Changing AgentRadius directly on RecastNavMesh instance is unsupported. Please use Project Settings > NavigationSystem > SupportedAgents to change AgentRadius
[2025.11.25-19.50.54:031][380]LogNavigation: Warning: Changing AgentRadius directly on RecastNavMesh instance is unsupported. Please use Project Settings > NavigationSystem > SupportedAgents to change AgentRadius
[2025.11.25-19.50.54:031][380]LogNavigation: Warning: Changing AgentRadius directly on RecastNavMesh instance is unsupported. Please use Project Settings > NavigationSystem > SupportedAgents to change AgentRadius
[2025.11.25-19.50.54:031][380]LogNavigation: Warning: Changing AgentRadius directly on RecastNavMesh instance is unsupported. Please use Project Settings > NavigationSystem > SupportedAgents to change AgentRadius
[2025.11.25-19.50.54:047][381]LogNavigation: Warning: Changing AgentRadius directly on RecastNavMesh instance is unsupported. Please use Project Settings > NavigationSystem > SupportedAgents to change AgentRadius
[2025.11.25-19.50.54:047][381]LogNavigation: Warning: Changing AgentRadius directly on RecastNavMesh instance is unsupported. Please use Project Settings > NavigationSystem > SupportedAgents to change AgentRadius
[2025.11.25-19.50.54:047][381]LogNavigation: Warning: Changing AgentRadius directly on RecastNavMesh instance is unsupported. Please use Project Settings > NavigationSystem > SupportedAgents to change AgentRadius
[2025.11.25-19.50.54:047][381]LogNavigation: Warning: Changing AgentRadius directly on RecastNavMesh instance is unsupported. Please use Project Settings > NavigationSystem > SupportedAgents to change AgentRadius
[2025.11.25-19.50.54:047][381]LogNavigation: Warning: Changing AgentRadius directly on RecastNavMesh instance is unsupported. Please use Project Settings > NavigationSystem > SupportedAgents to change AgentRadius
[2025.11.25-19.50.54:047][381]LogNavigation: Warning: Changing AgentRadius directly on RecastNavMesh instance is unsupported. Please use Project Settings > NavigationSystem > SupportedAgents to change AgentRadius
[2025.11.25-19.50.54:063][382]LogNavigation: Warning: Changing AgentRadius directly on RecastNavMesh instance is unsupported. Please use Project Settings > NavigationSystem > SupportedAgents to change AgentRadius
[2025.11.25-19.50.54:063][382]LogNavigation: Warning: Changing AgentRadius directly on RecastNavMesh instance is unsupported. Please use Project Settings > NavigationSystem > SupportedAgents to change AgentRadius
[2025.11.25-19.50.54:063][382]LogNavigation: Warning: Changing AgentRadius directly on RecastNavMesh instance is unsupported. Please use Project Settings > NavigationSystem > SupportedAgents to change AgentRadius
[2025.11.25-19.50.54:064][382]LogNavigation: Warning: Changing AgentRadius directly on RecastNavMesh instance is unsupported. Please use Project Settings > NavigationSystem > SupportedAgents to change AgentRadius
[2025.11.25-19.50.54:064][382]LogNavigation: Warning: Changing AgentRadius directly on RecastNavMesh instance is unsupported. Please use Project Settings > NavigationSystem > SupportedAgents to change AgentRadius
[2025.11.25-19.50.54:064][382]LogNavigation: Warning: Changing AgentRadius directly on RecastNavMesh instance is unsupported. Please use Project Settings > NavigationSystem > SupportedAgents to change AgentRadius
[2025.11.25-19.50.54:080][383]LogNavigation: Warning: Changing AgentRadius directly on RecastNavMesh instance is unsupported. Please use Project Settings > NavigationSystem > SupportedAgents to change AgentRadius
[2025.11.25-19.50.54:080][383]LogNavigation: Warning: Changing AgentRadius directly on RecastNavMesh instance is unsupported. Please use Project Settings > NavigationSystem > SupportedAgents to change AgentRadius
[2025.11.25-19.50.54:080][383]LogNavigation: Warning: Changing AgentRadius directly on RecastNavMesh instance is unsupported. Please use Project Settings > NavigationSystem > SupportedAgents to change AgentRadius
[2025.11.25-19.50.54:081][383]LogNavigation: Warning: Changing AgentRadius directly on RecastNavMesh instance is unsupported. Please use Project Settings > NavigationSystem > SupportedAgents to change AgentRadius
[2025.11.25-19.50.54:081][383]LogNavigation: Warning: Changing AgentRadius directly on RecastNavMesh instance is unsupported. Please use Project Settings > NavigationSystem > SupportedAgents to change AgentRadius
[2025.11.25-19.50.54:081][383]LogNavigation: Warning: Changing AgentRadius directly on RecastNavMesh instance is unsupported. Please use Project Settings > NavigationSystem > SupportedAgents to change AgentRadius
[2025.11.25-19.50.54:096][384]LogNavigation: Warning: Changing AgentRadius directly on RecastNavMesh instance is unsupported. Please use Project Settings > NavigationSystem > SupportedAgents to change AgentRadius
[2025.11.25-19.50.54:096][384]LogNavigation: Warning: Changing AgentRadius directly on RecastNavMesh instance is unsupported. Please use Project Settings > NavigationSystem > SupportedAgents to change AgentRadius
[2025.11.25-19.50.54:097][384]LogNavigation: Warning: Changing AgentRadius directly on RecastNavMesh instance is unsupported. Please use Project Settings > NavigationSystem > SupportedAgents to change AgentRadius
[2025.11.25-19.50.54:097][384]LogNavigation: Warning: Changing AgentRadius directly on RecastNavMesh instance is unsupported. Please use Project Settings > NavigationSystem > SupportedAgents to change AgentRadius
[2025.11.25-19.50.54:097][384]LogNavigation: Warning: Changing AgentRadius directly on RecastNavMesh instance is unsupported. Please use Project Settings > NavigationSystem > SupportedAgents to change AgentRadius
[2025.11.25-19.50.54:097][384]LogNavigation: Warning: Changing AgentRadius directly on RecastNavMesh instance is unsupported. Please use Project Settings > NavigationSystem > SupportedAgents to change AgentRadius
[2025.11.25-19.50.54:114][385]LogNavigation: Warning: Changing AgentRadius directly on RecastNavMesh instance is unsupported. Please use Project Settings > NavigationSystem > SupportedAgents to change AgentRadius
[2025.11.25-19.50.54:114][385]LogNavigation: Warning: Changing AgentRadius directly on RecastNavMesh instance is unsupported. Please use Project Settings > NavigationSystem > SupportedAgents to change AgentRadius
[2025.11.25-19.50.54:114][385]LogNavigation: Warning: Changing AgentRadius directly on RecastNavMesh instance is unsupported. Please use Project Settings > NavigationSystem > SupportedAgents to change AgentRadius
[2025.11.25-19.50.54:130][386]LogNavigation: Warning: Changing AgentRadius directly on RecastNavMesh instance is unsupported. Please use Project Settings > NavigationSystem > SupportedAgents to change AgentRadius
[2025.11.25-19.50.54:130][386]LogNavigation: Warning: Changing AgentRadius directly on RecastNavMesh instance is unsupported. Please use Project Settings > NavigationSystem > SupportedAgents to change AgentRadius
[2025.11.25-19.50.54:130][386]LogNavigation: Warning: Changing AgentRadius directly on RecastNavMesh instance is unsupported. Please use Project Settings > NavigationSystem > SupportedAgents to change AgentRadius
[2025.11.25-19.50.54:131][386]LogNavigation: Warning: Changing AgentRadius directly on RecastNavMesh instance is unsupported. Please use Project Settings > NavigationSystem > SupportedAgents to change AgentRadius
[2025.11.25-19.50.54:131][386]LogNavigation: Warning: Changing AgentRadius directly on RecastNavMesh instance is unsupported. Please use Project Settings > NavigationSystem > SupportedAgents to change AgentRadius
[2025.11.25-19.50.54:131][386]LogNavigation: Warning: Changing AgentRadius directly on RecastNavMesh instance is unsupported. Please use Project Settings > NavigationSystem > SupportedAgents to change AgentRadius
[2025.11.25-19.50.54:147][387]LogNavigation: Warning: Changing AgentRadius directly on RecastNavMesh instance is unsupported. Please use Project Settings > NavigationSystem > SupportedAgents to change AgentRadius
[2025.11.25-19.50.54:147][387]LogNavigation: Warning: Changing AgentRadius directly on RecastNavMesh instance is unsupported. Please use Project Settings > NavigationSystem > SupportedAgents to change AgentRadius
[2025.11.25-19.50.54:147][387]LogNavigation: Warning: Changing AgentRadius directly on RecastNavMesh instance is unsupported. Please use Project Settings > NavigationSystem > SupportedAgents to change AgentRadius
[2025.11.25-19.50.54:147][387]LogNavigation: Warning: Changing AgentRadius directly on RecastNavMesh instance is unsupported. Please use Project Settings > NavigationSystem > SupportedAgents to change AgentRadius
[2025.11.25-19.50.54:147][387]LogNavigation: Warning: Changing AgentRadius directly on RecastNavMesh instance is unsupported. Please use Project Settings > NavigationSystem > SupportedAgents to change AgentRadius
[2025.11.25-19.50.54:147][387]LogNavigation: Warning: Changing AgentRadius directly on RecastNavMesh instance is unsupported. Please use Project Settings > NavigationSystem > SupportedAgents to change AgentRadius
[2025.11.25-19.50.54:163][388]LogNavigation: Warning: Changing AgentRadius directly on RecastNavMesh instance is unsupported. Please use Project Settings > NavigationSystem > SupportedAgents to change AgentRadius
[2025.11.25-19.50.54:163][388]LogNavigation: Warning: Changing AgentRadius directly on RecastNavMesh instance is unsupported. Please use Project Settings > NavigationSystem > SupportedAgents to change AgentRadius
[2025.11.25-19.50.54:163][388]LogNavigation: Warning: Changing AgentRadius directly on RecastNavMesh instance is unsupported. Please use Project Settings > NavigationSystem > SupportedAgents to change AgentRadius
[2025.11.25-19.50.54:163][388]LogNavigation: Warning: Changing AgentRadius directly on RecastNavMesh instance is unsupported. Please use Project Settings > NavigationSystem > SupportedAgents to change AgentRadius
[2025.11.25-19.50.54:164][388]LogNavigation: Warning: Changing AgentRadius directly on RecastNavMesh instance is unsupported. Please use Project Settings > NavigationSystem > SupportedAgents to change AgentRadius
[2025.11.25-19.50.54:164][388]LogNavigation: Warning: Changing AgentRadius directly on RecastNavMesh instance is unsupported. Please use Project Settings > NavigationSystem > SupportedAgents to change AgentRadius
[2025.11.25-19.50.54:180][389]LogNavigation: Warning: Changing AgentRadius directly on RecastNavMesh instance is unsupported. Please use Project Settings > NavigationSystem > SupportedAgents to change AgentRadius
[2025.11.25-19.50.54:180][389]LogNavigation: Warning: Changing AgentRadius directly on RecastNavMesh instance is unsupported. Please use Project Settings > NavigationSystem > SupportedAgents to change AgentRadius
[2025.11.25-19.50.54:180][389]LogNavigation: Warning: Changing AgentRadius directly on RecastNavMesh instance is unsupported. Please use Project Settings > NavigationSystem > SupportedAgents to change AgentRadius
[2025.11.25-19.50.54:313][397]LogNavigation: Warning: Changing AgentRadius directly on RecastNavMesh instance is unsupported. Please use Project Settings > NavigationSystem > SupportedAgents to change AgentRadius
[2025.11.25-19.50.54:314][397]LogNavigation: Warning: Changing AgentRadius directly on RecastNavMesh instance is unsupported. Please use Project Settings > NavigationSystem > SupportedAgents to change AgentRadius
[2025.11.25-19.50.54:314][397]LogNavigation: Warning: Changing AgentRadius directly on RecastNavMesh instance is unsupported. Please use Project Settings > NavigationSystem > SupportedAgents to change AgentRadius
[2025.11.25-19.50.54:330][398]LogNavigation: Warning: Changing AgentRadius directly on RecastNavMesh instance is unsupported. Please use Project Settings > NavigationSystem > SupportedAgents to change AgentRadius
[2025.11.25-19.50.54:330][398]LogNavigation: Warning: Changing AgentRadius directly on RecastNavMesh instance is unsupported. Please use Project Settings > NavigationSystem > SupportedAgents to change AgentRadius
[2025.11.25-19.50.54:330][398]LogNavigation: Warning: Changing AgentRadius directly on RecastNavMesh instance is unsupported. Please use Project Settings > NavigationSystem > SupportedAgents to change AgentRadius
[2025.11.25-19.50.54:330][398]LogNavigation: Warning: Changing AgentRadius directly on RecastNavMesh instance is unsupported. Please use Project Settings > NavigationSystem > SupportedAgents to change AgentRadius
[2025.11.25-19.50.54:331][398]LogNavigation: Warning: Changing AgentRadius directly on RecastNavMesh instance is unsupported. Please use Project Settings > NavigationSystem > SupportedAgents to change AgentRadius
[2025.11.25-19.50.54:331][398]LogNavigation: Warning: Changing AgentRadius directly on RecastNavMesh instance is unsupported. Please use Project Settings > NavigationSystem > SupportedAgents to change AgentRadius
[2025.11.25-19.50.54:430][404]LogNavigation: Warning: Changing AgentRadius directly on RecastNavMesh instance is unsupported. Please use Project Settings > NavigationSystem > SupportedAgents to change AgentRadius
[2025.11.25-19.50.54:430][404]LogNavigation: Warning: Changing AgentRadius directly on RecastNavMesh instance is unsupported. Please use Project Settings > NavigationSystem > SupportedAgents to change AgentRadius
[2025.11.25-19.50.54:430][404]LogNavigation: Warning: Changing AgentRadius directly on RecastNavMesh instance is unsupported. Please use Project Settings > NavigationSystem > SupportedAgents to change AgentRadius
[2025.11.25-19.50.54:446][405]LogNavigation: Warning: Changing AgentRadius directly on RecastNavMesh instance is unsupported. Please use Project Settings > NavigationSystem > SupportedAgents to change AgentRadius
[2025.11.25-19.50.54:446][405]LogNavigation: Warning: Changing AgentRadius directly on RecastNavMesh instance is unsupported. Please use Project Settings > NavigationSystem > SupportedAgents to change AgentRadius
[2025.11.25-19.50.54:446][405]LogNavigation: Warning: Changing AgentRadius directly on RecastNavMesh instance is unsupported. Please use Project Settings > NavigationSystem > SupportedAgents to change AgentRadius
[2025.11.25-19.50.54:448][405]LogNavigation: Warning: Changing AgentRadius directly on RecastNavMesh instance is unsupported. Please use Project Settings > NavigationSystem > SupportedAgents to change AgentRadius
[2025.11.25-19.50.54:448][405]LogNavigation: Warning: Changing AgentRadius directly on RecastNavMesh instance is unsupported. Please use Project Settings > NavigationSystem > SupportedAgents to change AgentRadius
[2025.11.25-19.50.54:448][405]LogNavigation: Warning: Changing AgentRadius directly on RecastNavMesh instance is unsupported. Please use Project Settings > NavigationSystem > SupportedAgents to change AgentRadius
[2025.11.25-19.50.54:448][405]LogNavigation: Warning: Changing AgentRadius directly on RecastNavMesh instance is unsupported. Please use Project Settings > NavigationSystem > SupportedAgents to change AgentRadius
[2025.11.25-19.50.54:448][405]LogNavigation: Warning: Changing AgentRadius directly on RecastNavMesh instance is unsupported. Please use Project Settings > NavigationSystem > SupportedAgents to change AgentRadius
[2025.11.25-19.50.54:448][405]LogNavigation: Warning: Changing AgentRadius directly on RecastNavMesh instance is unsupported. Please use Project Settings > NavigationSystem > SupportedAgents to change AgentRadius
[2025.11.25-19.50.54:514][409]LogNavigation: Warning: Changing AgentRadius directly on RecastNavMesh instance is unsupported. Please use Project Settings > NavigationSystem > SupportedAgents to change AgentRadius
[2025.11.25-19.50.54:514][409]LogNavigation: Warning: Changing AgentRadius directly on RecastNavMesh instance is unsupported. Please use Project Settings > NavigationSystem > SupportedAgents to change AgentRadius
[2025.11.25-19.50.54:514][409]LogNavigation: Warning: Changing AgentRadius directly on RecastNavMesh instance is unsupported. Please use Project Settings > NavigationSystem > SupportedAgents to change AgentRadius
[2025.11.25-19.50.54:530][410]LogNavigation: Warning: Changing AgentRadius directly on RecastNavMesh instance is unsupported. Please use Project Settings > NavigationSystem > SupportedAgents to change AgentRadius
[2025.11.25-19.50.54:531][410]LogNavigation: Warning: Changing AgentRadius directly on RecastNavMesh instance is unsupported. Please use Project Settings > NavigationSystem > SupportedAgents to change AgentRadius
[2025.11.25-19.50.54:531][410]LogNavigation: Warning: Changing AgentRadius directly on RecastNavMesh instance is unsupported. Please use Project Settings > NavigationSystem > SupportedAgents to change AgentRadius
[2025.11.25-19.50.54:531][410]LogNavigation: Warning: Changing AgentRadius directly on RecastNavMesh instance is unsupported. Please use Project Settings > NavigationSystem > SupportedAgents to change AgentRadius
[2025.11.25-19.50.54:531][410]LogNavigation: Warning: Changing AgentRadius directly on RecastNavMesh instance is unsupported. Please use Project Settings > NavigationSystem > SupportedAgents to change AgentRadius
[2025.11.25-19.50.54:531][410]LogNavigation: Warning: Changing AgentRadius directly on RecastNavMesh instance is unsupported. Please use Project Settings > NavigationSystem > SupportedAgents to change AgentRadius
[2025.11.25-19.50.54:596][414]LogNavigation: Warning: Changing AgentRadius directly on RecastNavMesh instance is unsupported. Please use Project Settings > NavigationSystem > SupportedAgents to change AgentRadius
[2025.11.25-19.50.54:596][414]LogNavigation: Warning: Changing AgentRadius directly on RecastNavMesh instance is unsupported. Please use Project Settings > NavigationSystem > SupportedAgents to change AgentRadius
[2025.11.25-19.50.54:596][414]LogNavigation: Warning: Changing AgentRadius directly on RecastNavMesh instance is unsupported. Please use Project Settings > NavigationSystem > SupportedAgents to change AgentRadius
[2025.11.25-19.50.54:597][414]LogNavigation: Warning: Changing AgentRadius directly on RecastNavMesh instance is unsupported. Please use Project Settings > NavigationSystem > SupportedAgents to change AgentRadius
[2025.11.25-19.50.54:598][414]LogNavigation: Warning: Changing AgentRadius directly on RecastNavMesh instance is unsupported. Please use Project Settings > NavigationSystem > SupportedAgents to change AgentRadius
[2025.11.25-19.50.54:598][414]LogNavigation: Warning: Changing AgentRadius directly on RecastNavMesh instance is unsupported. Please use Project Settings > NavigationSystem > SupportedAgents to change AgentRadius
[2025.11.25-19.50.54:613][415]LogNavigation: Warning: Changing AgentRadius directly on RecastNavMesh instance is unsupported. Please use Project Settings > NavigationSystem > SupportedAgents to change AgentRadius
[2025.11.25-19.50.54:613][415]LogNavigation: Warning: Changing AgentRadius directly on RecastNavMesh instance is unsupported. Please use Project Settings > NavigationSystem > SupportedAgents to change AgentRadius
[2025.11.25-19.50.54:613][415]LogNavigation: Warning: Changing AgentRadius directly on RecastNavMesh instance is unsupported. Please use Project Settings > NavigationSystem > SupportedAgents to change AgentRadius
[2025.11.25-19.50.54:613][415]LogNavigation: Warning: Changing AgentRadius directly on RecastNavMesh instance is unsupported. Please use Project Settings > NavigationSystem > SupportedAgents to change AgentRadius
[2025.11.25-19.50.54:614][415]LogNavigation: Warning: Changing AgentRadius directly on RecastNavMesh instance is unsupported. Please use Project Settings > NavigationSystem > SupportedAgents to change AgentRadius
[2025.11.25-19.50.54:614][415]LogNavigation: Warning: Changing AgentRadius directly on RecastNavMesh instance is unsupported. Please use Project Settings > NavigationSystem > SupportedAgents to change AgentRadius
[2025.11.25-19.50.54:614][415]LogNavigation: Warning: Changing AgentRadius directly on RecastNavMesh instance is unsupported. Please use Project Settings > NavigationSystem > SupportedAgents to change AgentRadius
[2025.11.25-19.50.54:614][415]LogNavigation: Warning: Changing AgentRadius directly on RecastNavMesh instance is unsupported. Please use Project Settings > NavigationSystem > SupportedAgents to change AgentRadius
[2025.11.25-19.50.54:614][415]LogNavigation: Warning: Changing AgentRadius directly on RecastNavMesh instance is unsupported. Please use Project Settings > NavigationSystem > SupportedAgents to change AgentRadius
[2025.11.25-19.50.54:630][416]LogNavigation: Warning: Changing AgentRadius directly on RecastNavMesh instance is unsupported. Please use Project Settings > NavigationSystem > SupportedAgents to change AgentRadius
[2025.11.25-19.50.54:630][416]LogNavigation: Warning: Changing AgentRadius directly on RecastNavMesh instance is unsupported. Please use Project Settings > NavigationSystem > SupportedAgents to change AgentRadius
[2025.11.25-19.50.54:630][416]LogNavigation: Warning: Changing AgentRadius directly on RecastNavMesh instance is unsupported. Please use Project Settings > NavigationSystem > SupportedAgents to change AgentRadius
[2025.11.25-19.50.54:631][416]LogNavigation: Warning: Changing AgentRadius directly on RecastNavMesh instance is unsupported. Please use Project Settings > NavigationSystem > SupportedAgents to change AgentRadius
[2025.11.25-19.50.54:631][416]LogNavigation: Warning: Changing AgentRadius directly on RecastNavMesh instance is unsupported. Please use Project Settings > NavigationSystem > SupportedAgents to change AgentRadius
[2025.11.25-19.50.54:631][416]LogNavigation: Warning: Changing AgentRadius directly on RecastNavMesh instance is unsupported. Please use Project Settings > NavigationSystem > SupportedAgents to change AgentRadius
[2025.11.25-19.50.54:646][417]LogNavigation: Warning: Changing AgentRadius directly on RecastNavMesh instance is unsupported. Please use Project Settings > NavigationSystem > SupportedAgents to change AgentRadius
[2025.11.25-19.50.54:646][417]LogNavigation: Warning: Changing AgentRadius directly on RecastNavMesh instance is unsupported. Please use Project Settings > NavigationSystem > SupportedAgents to change AgentRadius
[2025.11.25-19.50.54:646][417]LogNavigation: Warning: Changing AgentRadius directly on RecastNavMesh instance is unsupported. Please use Project Settings > NavigationSystem > SupportedAgents to change AgentRadius
[2025.11.25-19.50.54:648][417]LogNavigation: Warning: Changing AgentRadius directly on RecastNavMesh instance is unsupported. Please use Project Settings > NavigationSystem > SupportedAgents to change AgentRadius
[2025.11.25-19.50.54:648][417]LogNavigation: Warning: Changing AgentRadius directly on RecastNavMesh instance is unsupported. Please use Project Settings > NavigationSystem > SupportedAgents to change AgentRadius
[2025.11.25-19.50.54:648][417]LogNavigation: Warning: Changing AgentRadius directly on RecastNavMesh instance is unsupported. Please use Project Settings > NavigationSystem > SupportedAgents to change AgentRadius
[2025.11.25-19.50.54:730][422]LogNavigation: Warning: Changing AgentRadius directly on RecastNavMesh instance is unsupported. Please use Project Settings > NavigationSystem > SupportedAgents to change AgentRadius
[2025.11.25-19.50.54:731][422]LogNavigation: Warning: Changing AgentRadius directly on RecastNavMesh instance is unsupported. Please use Project Settings > NavigationSystem > SupportedAgents to change AgentRadius
[2025.11.25-19.50.54:731][422]LogNavigation: Warning: Changing AgentRadius directly on RecastNavMesh instance is unsupported. Please use Project Settings > NavigationSystem > SupportedAgents to change AgentRadius
[2025.11.25-19.50.54:746][423]LogNavigation: Warning: Changing AgentRadius directly on RecastNavMesh instance is unsupported. Please use Project Settings > NavigationSystem > SupportedAgents to change AgentRadius
[2025.11.25-19.50.54:746][423]LogNavigation: Warning: Changing AgentRadius directly on RecastNavMesh instance is unsupported. Please use Project Settings > NavigationSystem > SupportedAgents to change AgentRadius
[2025.11.25-19.50.54:746][423]LogNavigation: Warning: Changing AgentRadius directly on RecastNavMesh instance is unsupported. Please use Project Settings > NavigationSystem > SupportedAgents to change AgentRadius
[2025.11.25-19.50.54:748][423]LogNavigation: Warning: Changing AgentRadius directly on RecastNavMesh instance is unsupported. Please use Project Settings > NavigationSystem > SupportedAgents to change AgentRadius
[2025.11.25-19.50.54:748][423]LogNavigation: Warning: Changing AgentRadius directly on RecastNavMesh instance is unsupported. Please use Project Settings > NavigationSystem > SupportedAgents to change AgentRadius
[2025.11.25-19.50.54:748][423]LogNavigation: Warning: Changing AgentRadius directly on RecastNavMesh instance is unsupported. Please use Project Settings > NavigationSystem > SupportedAgents to change AgentRadius
[2025.11.25-19.50.54:763][424]LogNavigation: Warning: Changing AgentRadius directly on RecastNavMesh instance is unsupported. Please use Project Settings > NavigationSystem > SupportedAgents to change AgentRadius
[2025.11.25-19.50.54:763][424]LogNavigation: Warning: Changing AgentRadius directly on RecastNavMesh instance is unsupported. Please use Project Settings > NavigationSystem > SupportedAgents to change AgentRadius
[2025.11.25-19.50.54:763][424]LogNavigation: Warning: Changing AgentRadius directly on RecastNavMesh instance is unsupported. Please use Project Settings > NavigationSystem > SupportedAgents to change AgentRadius
[2025.11.25-19.50.54:764][424]LogNavigation: Warning: Changing AgentRadius directly on RecastNavMesh instance is unsupported. Please use Project Settings > NavigationSystem > SupportedAgents to change AgentRadius
[2025.11.25-19.50.54:764][424]LogNavigation: Warning: Changing AgentRadius directly on RecastNavMesh instance is unsupported. Please use Project Settings > NavigationSystem > SupportedAgents to change AgentRadius
[2025.11.25-19.50.54:764][424]LogNavigation: Warning: Changing AgentRadius directly on RecastNavMesh instance is unsupported. Please use Project Settings > NavigationSystem > SupportedAgents to change AgentRadius
[2025.11.25-19.50.54:963][436]LogNavigation: Warning: Changing AgentRadius directly on RecastNavMesh instance is unsupported. Please use Project Settings > NavigationSystem > SupportedAgents to change AgentRadius
[2025.11.25-19.50.54:963][436]LogNavigation: Warning: Changing AgentRadius directly on RecastNavMesh instance is unsupported. Please use Project Settings > NavigationSystem > SupportedAgents to change AgentRadius
[2025.11.25-19.50.54:963][436]LogNavigation: Warning: Changing AgentRadius directly on RecastNavMesh instance is unsupported. Please use Project Settings > NavigationSystem > SupportedAgents to change AgentRadius
[2025.11.25-19.50.54:980][437]LogNavigation: Warning: Changing AgentRadius directly on RecastNavMesh instance is unsupported. Please use Project Settings > NavigationSystem > SupportedAgents to change AgentRadius
[2025.11.25-19.50.54:980][437]LogNavigation: Warning: Changing AgentRadius directly on RecastNavMesh instance is unsupported. Please use Project Settings > NavigationSystem > SupportedAgents to change AgentRadius
[2025.11.25-19.50.54:980][437]LogNavigation: Warning: Changing AgentRadius directly on RecastNavMesh instance is unsupported. Please use Project Settings > NavigationSystem > SupportedAgents to change AgentRadius
[2025.11.25-19.50.54:980][437]LogNavigation: Warning: Changing AgentRadius directly on RecastNavMesh instance is unsupported. Please use Project Settings > NavigationSystem > SupportedAgents to change AgentRadius
[2025.11.25-19.50.54:981][437]LogNavigation: Warning: Changing AgentRadius directly on RecastNavMesh instance is unsupported. Please use Project Settings > NavigationSystem > SupportedAgents to change AgentRadius
[2025.11.25-19.50.54:981][437]LogNavigation: Warning: Changing AgentRadius directly on RecastNavMesh instance is unsupported. Please use Project Settings > NavigationSystem > SupportedAgents to change AgentRadius
[2025.11.25-19.50.55:014][439]LogNavigation: Warning: Changing AgentRadius directly on RecastNavMesh instance is unsupported. Please use Project Settings > NavigationSystem > SupportedAgents to change AgentRadius
[2025.11.25-19.50.55:014][439]LogNavigation: Warning: Changing AgentRadius directly on RecastNavMesh instance is unsupported. Please use Project Settings > NavigationSystem > SupportedAgents to change AgentRadius
[2025.11.25-19.50.55:014][439]LogNavigation: Warning: Changing AgentRadius directly on RecastNavMesh instance is unsupported. Please use Project Settings > NavigationSystem > SupportedAgents to change AgentRadius
[2025.11.25-19.50.55:015][439]LogNavigation: Warning: Changing AgentRadius directly on RecastNavMesh instance is unsupported. Please use Project Settings > NavigationSystem > SupportedAgents to change AgentRadius
[2025.11.25-19.50.55:015][439]LogNavigation: Warning: Changing AgentRadius directly on RecastNavMesh instance is unsupported. Please use Project Settings > NavigationSystem > SupportedAgents to change AgentRadius
[2025.11.25-19.50.55:015][439]LogNavigation: Warning: Changing AgentRadius directly on RecastNavMesh instance is unsupported. Please use Project Settings > NavigationSystem > SupportedAgents to change AgentRadius
[2025.11.25-19.50.55:030][440]LogNavigation: Warning: Changing AgentRadius directly on RecastNavMesh instance is unsupported. Please use Project Settings > NavigationSystem > SupportedAgents to change AgentRadius
[2025.11.25-19.50.55:030][440]LogNavigation: Warning: Changing AgentRadius directly on RecastNavMesh instance is unsupported. Please use Project Settings > NavigationSystem > SupportedAgents to change AgentRadius
[2025.11.25-19.50.55:030][440]LogNavigation: Warning: Changing AgentRadius directly on RecastNavMesh instance is unsupported. Please use Project Settings > NavigationSystem > SupportedAgents to change AgentRadius
[2025.11.25-19.50.55:096][444]LogNavigation: Warning: Changing AgentRadius directly on RecastNavMesh instance is unsupported. Please use Project Settings > NavigationSystem > SupportedAgents to change AgentRadius
[2025.11.25-19.50.55:096][444]LogNavigation: Warning: Changing AgentRadius directly on RecastNavMesh instance is unsupported. Please use Project Settings > NavigationSystem > SupportedAgents to change AgentRadius
[2025.11.25-19.50.55:096][444]LogNavigation: Warning: Changing AgentRadius directly on RecastNavMesh instance is unsupported. Please use Project Settings > NavigationSystem > SupportedAgents to change AgentRadius
[2025.11.25-19.50.55:096][444]LogNavigation: Warning: Changing AgentRadius directly on RecastNavMesh instance is unsupported. Please use Project Settings > NavigationSystem > SupportedAgents to change AgentRadius
[2025.11.25-19.50.55:096][444]LogNavigation: Warning: Changing AgentRadius directly on RecastNavMesh instance is unsupported. Please use Project Settings > NavigationSystem > SupportedAgents to change AgentRadius
[2025.11.25-19.50.55:096][444]LogNavigation: Warning: Changing AgentRadius directly on RecastNavMesh instance is unsupported. Please use Project Settings > NavigationSystem > SupportedAgents to change AgentRadius
[2025.11.25-19.50.55:180][449]LogNavigation: Warning: Changing AgentRadius directly on RecastNavMesh instance is unsupported. Please use Project Settings > NavigationSystem > SupportedAgents to change AgentRadius
[2025.11.25-19.50.55:180][449]LogNavigation: Warning: Changing AgentRadius directly on RecastNavMesh instance is unsupported. Please use Project Settings > NavigationSystem > SupportedAgents to change AgentRadius
[2025.11.25-19.50.55:180][449]LogNavigation: Warning: Changing AgentRadius directly on RecastNavMesh instance is unsupported. Please use Project Settings > NavigationSystem > SupportedAgents to change AgentRadius
[2025.11.25-19.50.55:196][450]LogNavigation: Warning: Changing AgentRadius directly on RecastNavMesh instance is unsupported. Please use Project Settings > NavigationSystem > SupportedAgents to change AgentRadius
[2025.11.25-19.50.55:196][450]LogNavigation: Warning: Changing AgentRadius directly on RecastNavMesh instance is unsupported. Please use Project Settings > NavigationSystem > SupportedAgents to change AgentRadius
[2025.11.25-19.50.55:196][450]LogNavigation: Warning: Changing AgentRadius directly on RecastNavMesh instance is unsupported. Please use Project Settings > NavigationSystem > SupportedAgents to change AgentRadius
[2025.11.25-19.50.55:196][450]LogNavigation: Warning: Changing AgentRadius directly on RecastNavMesh instance is unsupported. Please use Project Settings > NavigationSystem > SupportedAgents to change AgentRadius
[2025.11.25-19.50.55:196][450]LogNavigation: Warning: Changing AgentRadius directly on RecastNavMesh instance is unsupported. Please use Project Settings > NavigationSystem > SupportedAgents to change AgentRadius
[2025.11.25-19.50.55:196][450]LogNavigation: Warning: Changing AgentRadius directly on RecastNavMesh instance is unsupported. Please use Project Settings > NavigationSystem > SupportedAgents to change AgentRadius
[2025.11.25-19.50.55:213][451]LogNavigation: Warning: Changing AgentRadius directly on RecastNavMesh instance is unsupported. Please use Project Settings > NavigationSystem > SupportedAgents to change AgentRadius
[2025.11.25-19.50.55:213][451]LogNavigation: Warning: Changing AgentRadius directly on RecastNavMesh instance is unsupported. Please use Project Settings > NavigationSystem > SupportedAgents to change AgentRadius
[2025.11.25-19.50.55:214][451]LogNavigation: Warning: Changing AgentRadius directly on RecastNavMesh instance is unsupported. Please use Project Settings > NavigationSystem > SupportedAgents to change AgentRadius
[2025.11.25-19.50.55:263][454]LogNavigation: Warning: Changing AgentRadius directly on RecastNavMesh instance is unsupported. Please use Project Settings > NavigationSystem > SupportedAgents to change AgentRadius
[2025.11.25-19.50.55:263][454]LogNavigation: Warning: Changing AgentRadius directly on RecastNavMesh instance is unsupported. Please use Project Settings > NavigationSystem > SupportedAgents to change AgentRadius
[2025.11.25-19.50.55:263][454]LogNavigation: Warning: Changing AgentRadius directly on RecastNavMesh instance is unsupported. Please use Project Settings > NavigationSystem > SupportedAgents to change AgentRadius
[2025.11.25-19.50.55:264][454]LogNavigation: Warning: Changing AgentRadius directly on RecastNavMesh instance is unsupported. Please use Project Settings > NavigationSystem > SupportedAgents to change AgentRadius
[2025.11.25-19.50.55:264][454]LogNavigation: Warning: Changing AgentRadius directly on RecastNavMesh instance is unsupported. Please use Project Settings > NavigationSystem > SupportedAgents to change AgentRadius
[2025.11.25-19.50.55:264][454]LogNavigation: Warning: Changing AgentRadius directly on RecastNavMesh instance is unsupported. Please use Project Settings > NavigationSystem > SupportedAgents to change AgentRadius
[2025.11.25-19.50.55:280][455]LogNavigation: Warning: Changing AgentRadius directly on RecastNavMesh instance is unsupported. Please use Project Settings > NavigationSystem > SupportedAgents to change AgentRadius
[2025.11.25-19.50.55:280][455]LogNavigation: Warning: Changing AgentRadius directly on RecastNavMesh instance is unsupported. Please use Project Settings > NavigationSystem > SupportedAgents to change AgentRadius
[2025.11.25-19.50.55:280][455]LogNavigation: Warning: Changing AgentRadius directly on RecastNavMesh instance is unsupported. Please use Project Settings > NavigationSystem > SupportedAgents to change AgentRadius
[2025.11.25-19.50.55:281][455]LogNavigation: Warning: Changing AgentRadius directly on RecastNavMesh instance is unsupported. Please use Project Settings > NavigationSystem > SupportedAgents to change AgentRadius
[2025.11.25-19.50.55:281][455]LogNavigation: Warning: Changing AgentRadius directly on RecastNavMesh instance is unsupported. Please use Project Settings > NavigationSystem > SupportedAgents to change AgentRadius
[2025.11.25-19.50.55:281][455]LogNavigation: Warning: Changing AgentRadius directly on RecastNavMesh instance is unsupported. Please use Project Settings > NavigationSystem > SupportedAgents to change AgentRadius
[2025.11.25-19.50.55:281][455]LogNavigation: Warning: Changing AgentRadius directly on RecastNavMesh instance is unsupported. Please use Project Settings > NavigationSystem > SupportedAgents to change AgentRadius
[2025.11.25-19.50.55:281][455]LogNavigation: Warning: Changing AgentRadius directly on RecastNavMesh instance is unsupported. Please use Project Settings > NavigationSystem > SupportedAgents to change AgentRadius
[2025.11.25-19.50.55:281][455]LogNavigation: Warning: Changing AgentRadius directly on RecastNavMesh instance is unsupported. Please use Project Settings > NavigationSystem > SupportedAgents to change AgentRadius
[2025.11.25-19.50.55:297][456]LogNavigation: Warning: Changing AgentRadius directly on RecastNavMesh instance is unsupported. Please use Project Settings > NavigationSystem > SupportedAgents to change AgentRadius
[2025.11.25-19.50.55:297][456]LogNavigation: Warning: Changing AgentRadius directly on RecastNavMesh instance is unsupported. Please use Project Settings > NavigationSystem > SupportedAgents to change AgentRadius
[2025.11.25-19.50.55:297][456]LogNavigation: Warning: Changing AgentRadius directly on RecastNavMesh instance is unsupported. Please use Project Settings > NavigationSystem > SupportedAgents to change AgentRadius
[2025.11.25-19.50.55:297][456]LogNavigation: Warning: Changing AgentRadius directly on RecastNavMesh instance is unsupported. Please use Project Settings > NavigationSystem > SupportedAgents to change AgentRadius
[2025.11.25-19.50.55:297][456]LogNavigation: Warning: Changing AgentRadius directly on RecastNavMesh instance is unsupported. Please use Project Settings > NavigationSystem > SupportedAgents to change AgentRadius
[2025.11.25-19.50.55:297][456]LogNavigation: Warning: Changing AgentRadius directly on RecastNavMesh instance is unsupported. Please use Project Settings > NavigationSystem > SupportedAgents to change AgentRadius
[2025.11.25-19.50.55:397][462]LogNavigation: Warning: Changing AgentRadius directly on RecastNavMesh instance is unsupported. Please use Project Settings > NavigationSystem > SupportedAgents to change AgentRadius
[2025.11.25-19.50.55:397][462]LogNavigation: Warning: Changing AgentRadius directly on RecastNavMesh instance is unsupported. Please use Project Settings > NavigationSystem > SupportedAgents to change AgentRadius
[2025.11.25-19.50.55:397][462]LogNavigation: Warning: Changing AgentRadius directly on RecastNavMesh instance is unsupported. Please use Project Settings > NavigationSystem > SupportedAgents to change AgentRadius
[2025.11.25-19.50.55:447][465]LogNavigation: Warning: Changing AgentRadius directly on RecastNavMesh instance is unsupported. Please use Project Settings > NavigationSystem > SupportedAgents to change AgentRadius
[2025.11.25-19.50.55:447][465]LogNavigation: Warning: Changing AgentRadius directly on RecastNavMesh instance is unsupported. Please use Project Settings > NavigationSystem > SupportedAgents to change AgentRadius
[2025.11.25-19.50.55:447][465]LogNavigation: Warning: Changing AgentRadius directly on RecastNavMesh instance is unsupported. Please use Project Settings > NavigationSystem > SupportedAgents to change AgentRadius
[2025.11.25-19.50.55:447][465]LogNavigation: Warning: Changing AgentRadius directly on RecastNavMesh instance is unsupported. Please use Project Settings > NavigationSystem > SupportedAgents to change AgentRadius
[2025.11.25-19.50.55:448][465]LogNavigation: Warning: Changing AgentRadius directly on RecastNavMesh instance is unsupported. Please use Project Settings > NavigationSystem > SupportedAgents to change AgentRadius
[2025.11.25-19.50.55:448][465]LogNavigation: Warning: Changing AgentRadius directly on RecastNavMesh instance is unsupported. Please use Project Settings > NavigationSystem > SupportedAgents to change AgentRadius
[2025.11.25-19.50.55:580][473]LogNavigation: Warning: Changing AgentRadius directly on RecastNavMesh instance is unsupported. Please use Project Settings > NavigationSystem > SupportedAgents to change AgentRadius
[2025.11.25-19.50.55:580][473]LogNavigation: Warning: Changing AgentRadius directly on RecastNavMesh instance is unsupported. Please use Project Settings > NavigationSystem > SupportedAgents to change AgentRadius
[2025.11.25-19.50.55:580][473]LogNavigation: Warning: Changing AgentRadius directly on RecastNavMesh instance is unsupported. Please use Project Settings > NavigationSystem > SupportedAgents to change AgentRadius
[2025.11.25-19.50.55:581][473]LogNavigation: Warning: Changing AgentRadius directly on RecastNavMesh instance is unsupported. Please use Project Settings > NavigationSystem > SupportedAgents to change AgentRadius
[2025.11.25-19.50.55:581][473]LogNavigation: Warning: Changing AgentRadius directly on RecastNavMesh instance is unsupported. Please use Project Settings > NavigationSystem > SupportedAgents to change AgentRadius
[2025.11.25-19.50.55:581][473]LogNavigation: Warning: Changing AgentRadius directly on RecastNavMesh instance is unsupported. Please use Project Settings > NavigationSystem > SupportedAgents to change AgentRadius
[2025.11.25-19.50.55:730][482]LogNavigation: Warning: Changing AgentRadius directly on RecastNavMesh instance is unsupported. Please use Project Settings > NavigationSystem > SupportedAgents to change AgentRadius
[2025.11.25-19.50.55:731][482]LogNavigation: Warning: Changing AgentRadius directly on RecastNavMesh instance is unsupported. Please use Project Settings > NavigationSystem > SupportedAgents to change AgentRadius
[2025.11.25-19.50.55:731][482]LogNavigation: Warning: Changing AgentRadius directly on RecastNavMesh instance is unsupported. Please use Project Settings > NavigationSystem > SupportedAgents to change AgentRadius
[2025.11.25-19.50.57:478][585]LogNavigation: Warning: Changing AgentRadius directly on RecastNavMesh instance is unsupported. Please use Project Settings > NavigationSystem > SupportedAgents to change AgentRadius
[2025.11.25-19.50.57:478][585]LogNavigation: Warning: Changing AgentRadius directly on RecastNavMesh instance is unsupported. Please use Project Settings > NavigationSystem > SupportedAgents to change AgentRadius
[2025.11.25-19.50.57:478][585]LogNavigation: Warning: Changing AgentRadius directly on RecastNavMesh instance is unsupported. Please use Project Settings > NavigationSystem > SupportedAgents to change AgentRadius
[2025.11.25-19.51.02:763][901]Cmd: OBJ SAVEPACKAGE PACKAGE="/Game/Mapas/Fases/NewMap" FILE="E:/Unreal/Fumec_DevGames/Content/Mapas/Fases/NewMap.umap" SILENT=true AUTOSAVING=false KEEPDIRTY=false
[2025.11.25-19.51.02:787][901]LogUObjectHash: Compacting FUObjectHashTables data took   2.35ms
[2025.11.25-19.51.03:039][901]LogSavePackage: Moving 'E:/Unreal/Fumec_DevGames/Saved/NewMapF5F1ED8D4035EBA1CEE97FBF3A9ED4EE.tmp' to 'E:/Unreal/Fumec_DevGames/Content/Mapas/Fases/NewMap.umap'
[2025.11.25-19.51.03:062][901]Cmd: OBJ SAVEPACKAGE PACKAGE="/Game/Mapas/Fases/NewMap_BuiltData" FILE="E:/Unreal/Fumec_DevGames/Content/Mapas/Fases/NewMap_BuiltData.uasset" SILENT=true
[2025.11.25-19.51.03:076][901]LogSavePackage: Moving 'E:/Unreal/Fumec_DevGames/Saved/NewMap_BuiltData0F47B694427793EEC213019191D7E5B6.tmp' to 'E:/Unreal/Fumec_DevGames/Content/Mapas/Fases/NewMap_BuiltData.uasset'
[2025.11.25-19.51.03:090][901]AssetCheck: New page: Asset Save: multiple assets
[2025.11.25-19.51.03:090][901]LogContentValidation: Display: Validating World /Game/Mapas/Fases/NewMap.NewMap
[2025.11.25-19.51.03:090][901]LogContentValidation: Display: Validating MapBuildDataRegistry /Game/Mapas/Fases/NewMap_BuiltData.NewMap_BuiltData
[2025.11.25-19.51.05:347][ 37]Cmd: SELECT NONE
[2025.11.25-19.51.06:470][103]LogSlate: Updating window title bar state: overlay mode, drag disabled, window buttons hidden, title bar hidden
[2025.11.25-19.51.06:470][103]LogWorld: BeginTearingDown for /Game/Mapas/Fases/UEDPIE_0_NewMap
[2025.11.25-19.51.06:470][103]LogWorld: UWorld::CleanupWorld for NewMap, bSessionEnded=true, bCleanupResources=true
[2025.11.25-19.51.06:470][103]LogSlate: InvalidateAllWidgets triggered.  All widgets were invalidated
[2025.11.25-19.51.06:484][103]LogPlayLevel: Display: Shutting down PIE online subsystems
[2025.11.25-19.51.06:528][103]LogSlate: InvalidateAllWidgets triggered.  All widgets were invalidated
[2025.11.25-19.51.06:550][103]LogSlate: Updating window title bar state: overlay mode, drag disabled, window buttons hidden, title bar hidden
[2025.11.25-19.51.06:550][103]LogAudioMixer: FMixerPlatformXAudio2::StopAudioStream() called
[2025.11.25-19.51.06:552][103]LogAudioMixer: FMixerPlatformXAudio2::StopAudioStream() called
[2025.11.25-19.51.06:558][103]LogUObjectHash: Compacting FUObjectHashTables data took   2.36ms
[2025.11.25-19.51.06:597][104]LogPlayLevel: Display: Destroying online subsystem :Context_12
[2025.11.25-19.51.07:921][181]Cmd: OBJ SAVEPACKAGE PACKAGE="/Game/Mapas/Fases/NewMap" FILE="E:/Unreal/Fumec_DevGames/Content/Mapas/Fases/NewMap.umap" SILENT=true AUTOSAVING=false KEEPDIRTY=false
[2025.11.25-19.51.07:945][181]LogUObjectHash: Compacting FUObjectHashTables data took   2.37ms
[2025.11.25-19.51.08:092][181]LogSavePackage: Moving 'E:/Unreal/Fumec_DevGames/Saved/NewMap9565B5264D390ED182792BAA9F2370B3.tmp' to 'E:/Unreal/Fumec_DevGames/Content/Mapas/Fases/NewMap.umap'
[2025.11.25-19.51.08:115][181]Cmd: OBJ SAVEPACKAGE PACKAGE="/Game/Mapas/Fases/NewMap_BuiltData" FILE="E:/Unreal/Fumec_DevGames/Content/Mapas/Fases/NewMap_BuiltData.uasset" SILENT=true
[2025.11.25-19.51.08:132][181]LogSavePackage: Moving 'E:/Unreal/Fumec_DevGames/Saved/NewMap_BuiltData7B3D7623466F1005E7433AA9E8A1DCED.tmp' to 'E:/Unreal/Fumec_DevGames/Content/Mapas/Fases/NewMap_BuiltData.uasset'
[2025.11.25-19.51.08:151][181]AssetCheck: New page: Asset Save: multiple assets
[2025.11.25-19.51.08:151][181]LogContentValidation: Display: Validating World /Game/Mapas/Fases/NewMap.NewMap
[2025.11.25-19.51.08:151][181]LogContentValidation: Display: Validating MapBuildDataRegistry /Game/Mapas/Fases/NewMap_BuiltData.NewMap_BuiltData
[2025.11.25-19.51.58:343][184]LogUObjectHash: Compacting FUObjectHashTables data took   0.61ms
[2025.11.25-19.51.58:404][184]LogAssetEditorSubsystem: Opening Asset editor for World /Game/Mapas/Fases/MapadeTeste/MapadeTeste.MapadeTeste
[2025.11.25-19.51.58:404][184]Cmd: MAP LOAD FILE="E:/Unreal/Fumec_DevGames/Content/Mapas/Fases/MapadeTeste/MapadeTeste.umap" TEMPLATE=0 SHOWPROGRESS=1 FEATURELEVEL=3
[2025.11.25-19.51.58:404][184]LightingResults: New page: Lighting Build
[2025.11.25-19.51.58:404][184]LoadErrors: New page: Loading map: MapadeTeste.umap
[2025.11.25-19.51.58:429][184]LogWorld: UWorld::CleanupWorld for NewMap, bSessionEnded=true, bCleanupResources=true
[2025.11.25-19.51.58:430][184]LogSlate: InvalidateAllWidgets triggered.  All widgets were invalidated
[2025.11.25-19.51.58:430][184]MapCheck: New page: Map Check
[2025.11.25-19.51.58:430][184]LightingResults: New page: Lighting Build
[2025.11.25-19.51.58:452][184]LogAudio: Display: Audio Device unregistered from world 'None'.
[2025.11.25-19.51.58:455][184]LogUObjectHash: Compacting FUObjectHashTables data took   2.36ms
[2025.11.25-19.51.58:456][184]LogAudio: Display: Audio Device (ID: 1) registered with world 'MapadeTeste'.
[2025.11.25-19.51.58:552][184]LogEditorServer: Finished looking for orphan Actors (0.000 secs)
[2025.11.25-19.51.58:552][184]LogAIModule: Creating AISystem for world MapadeTeste
[2025.11.25-19.51.58:579][184]LogUObjectHash: Compacting FUObjectHashTables data took   1.95ms
[2025.11.25-19.51.58:603][184]Cmd: MAP CHECKDEP NOCLEARLOG
[2025.11.25-19.51.58:603][184]MapCheck: Map check complete: 0 Error(s), 0 Warning(s), took 0.092ms to complete.
[2025.11.25-19.51.58:603][184]LogFileHelpers: Loading map 'MapadeTeste' took 0.198
[2025.11.25-19.55.09:893][657]LogEditorViewport: Clicking Background
[2025.11.25-19.55.10:212][676]LogEditorViewport: Clicking Background
[2025.11.25-19.55.10:514][694]LogEditorViewport: Clicking Background
[2025.11.25-19.55.11:047][726]LogEditorViewport: Clicking on Actor (LMB): NavMeshBoundsVolume (NavMeshBoundsVolume)
[2025.11.25-19.55.38:532][359]LogTemp: Repeating last play command: Selected Viewport
[2025.11.25-19.55.38:540][359]LogPlayLevel: PlayLevel: No blueprints needed recompiling
[2025.11.25-19.55.38:540][359]PIE: New page: PIE session: MapadeTeste (Nov 25, 2025, 1:55:38 PM)
[2025.11.25-19.55.38:541][359]LogPlayLevel: Creating play world package: /Game/Mapas/Fases/MapadeTeste/UEDPIE_0_MapadeTeste
[2025.11.25-19.55.38:562][359]LogPlayLevel: PIE: StaticDuplicateObject took: (0.021474s)
[2025.11.25-19.55.38:563][359]LogAIModule: Creating AISystem for world MapadeTeste
[2025.11.25-19.55.38:563][359]LogPlayLevel: PIE: World Init took: (0.001194s)
[2025.11.25-19.55.38:563][359]LogPlayLevel: PIE: Created PIE world by copying editor world from /Game/Mapas/Fases/MapadeTeste/MapadeTeste.MapadeTeste to /Game/Mapas/Fases/MapadeTeste/UEDPIE_0_MapadeTeste.MapadeTeste (0.022813s)
[2025.11.25-19.55.38:586][359]LogUObjectHash: Compacting FUObjectHashTables data took   2.20ms
[2025.11.25-19.55.38:588][359]LogAudio: Display: Creating Audio Device:                 Id: 11, Scope: Unique, Realtime: True
[2025.11.25-19.55.38:588][359]LogAudioMixer: Display: Audio Mixer Platform Settings:
[2025.11.25-19.55.38:588][359]LogAudioMixer: Display: 	Sample Rate:						  48000
[2025.11.25-19.55.38:589][359]LogAudioMixer: Display: 	Callback Buffer Frame Size Requested: 1024
[2025.11.25-19.55.38:589][359]LogAudioMixer: Display: 	Callback Buffer Frame Size To Use:	  1024
[2025.11.25-19.55.38:589][359]LogAudioMixer: Display: 	Number of buffers to queue:			  2
[2025.11.25-19.55.38:589][359]LogAudioMixer: Display: 	Max Channels (voices):				  32
[2025.11.25-19.55.38:589][359]LogAudioMixer: Display: 	Number of Async Source Workers:		  0
[2025.11.25-19.55.38:589][359]LogAudio: Display: AudioDevice MaxSources: 32
[2025.11.25-19.55.38:589][359]LogAudio: Display: Audio Spatialization Plugin: None (built-in).
[2025.11.25-19.55.38:589][359]LogAudio: Display: Audio Reverb Plugin: None (built-in).
[2025.11.25-19.55.38:589][359]LogAudio: Display: Audio Occlusion Plugin: None (built-in).
[2025.11.25-19.55.38:589][359]LogAudioMixer: Display: Initializing audio mixer.
[2025.11.25-19.55.38:595][359]LogAudioMixer: Display: 0: FrontLeft
[2025.11.25-19.55.38:595][359]LogAudioMixer: Display: 1: FrontRight
[2025.11.25-19.55.38:605][359]LogAudioMixer: Display: Using Audio Device Alto-falantes (Realtek(R) Audio)
[2025.11.25-19.55.38:605][359]LogAudioMixer: Display: Initializing Sound Submixes...
[2025.11.25-19.55.38:605][359]LogAudioMixer: Display: Creating Master Submix 'MasterSubmixDefault'
[2025.11.25-19.55.38:605][359]LogAudioMixer: Display: Creating Master Submix 'MasterReverbSubmixDefault'
[2025.11.25-19.55.38:605][359]LogAudioMixer: Display: Creating Master Submix 'MasterEQSubmixDefault'
[2025.11.25-19.55.38:606][359]LogAudioMixer: FMixerPlatformXAudio2::StartAudioStream() called
[2025.11.25-19.55.38:606][359]LogAudioMixer: Display: Output buffers initialized: Frames=1024, Channels=2, Samples=2048
[2025.11.25-19.55.38:607][359]LogAudioMixer: Display: Starting AudioMixerPlatformInterface::RunInternal()
[2025.11.25-19.55.38:607][359]LogAudioMixer: Display: FMixerPlatformXAudio2::SubmitBuffer() called for the first time
[2025.11.25-19.55.38:607][359]LogInit: FAudioDevice initialized.
[2025.11.25-19.55.38:607][359]LogAudio: Display: Audio Device (ID: 11) registered with world 'MapadeTeste'.
[2025.11.25-19.55.38:620][359]LogLoad: Game class is 'GameModeRL_C'
[2025.11.25-19.55.38:622][359]LogWorld: Bringing World /Game/Mapas/Fases/MapadeTeste/UEDPIE_0_MapadeTeste.MapadeTeste up for play (max tick rate 60) at 2025.11.25-16.55.38
[2025.11.25-19.55.38:623][359]LogWorld: Bringing up level for play took: 0.002050
[2025.11.25-19.55.38:623][359]LogOnline: OSS: Creating online subsystem instance for: :Context_13
[2025.11.25-19.55.38:628][359]PIE: Server logged in
[2025.11.25-19.55.38:628][359]PIE: Play in editor total start time 0.09 seconds.
[2025.11.25-19.55.57:269][475]LogSlate: Updating window title bar state: overlay mode, drag disabled, window buttons hidden, title bar hidden
[2025.11.25-19.55.57:269][475]LogWorld: BeginTearingDown for /Game/Mapas/Fases/MapadeTeste/UEDPIE_0_MapadeTeste
[2025.11.25-19.55.57:269][475]LogWorld: UWorld::CleanupWorld for MapadeTeste, bSessionEnded=true, bCleanupResources=true
[2025.11.25-19.55.57:269][475]LogSlate: InvalidateAllWidgets triggered.  All widgets were invalidated
[2025.11.25-19.55.57:280][475]LogPlayLevel: Display: Shutting down PIE online subsystems
[2025.11.25-19.55.57:297][475]LogSlate: InvalidateAllWidgets triggered.  All widgets were invalidated
[2025.11.25-19.55.57:320][475]LogSlate: Updating window title bar state: overlay mode, drag disabled, window buttons hidden, title bar hidden
[2025.11.25-19.55.57:320][475]LogAudioMixer: FMixerPlatformXAudio2::StopAudioStream() called
[2025.11.25-19.55.57:321][475]LogAudioMixer: FMixerPlatformXAudio2::StopAudioStream() called
[2025.11.25-19.55.57:326][475]LogUObjectHash: Compacting FUObjectHashTables data took   1.98ms
[2025.11.25-19.55.57:360][476]LogPlayLevel: Display: Destroying online subsystem :Context_13
[2025.11.25-19.58.27:608][484]LogTemp: Repeating last play command: Selected Viewport
[2025.11.25-19.58.27:615][484]LogPlayLevel: PlayLevel: No blueprints needed recompiling
[2025.11.25-19.58.27:615][484]PIE: New page: PIE session: MapadeTeste (Nov 25, 2025, 1:58:27 PM)
[2025.11.25-19.58.27:615][484]LogPlayLevel: Creating play world package: /Game/Mapas/Fases/MapadeTeste/UEDPIE_0_MapadeTeste
[2025.11.25-19.58.27:638][484]LogPlayLevel: PIE: StaticDuplicateObject took: (0.021265s)
[2025.11.25-19.58.27:639][484]LogAIModule: Creating AISystem for world MapadeTeste
[2025.11.25-19.58.27:639][484]LogPlayLevel: PIE: World Init took: (0.001283s)
[2025.11.25-19.58.27:639][484]LogPlayLevel: PIE: Created PIE world by copying editor world from /Game/Mapas/Fases/MapadeTeste/MapadeTeste.MapadeTeste to /Game/Mapas/Fases/MapadeTeste/UEDPIE_0_MapadeTeste.MapadeTeste (0.022700s)
[2025.11.25-19.58.27:663][484]LogUObjectHash: Compacting FUObjectHashTables data took   2.45ms
[2025.11.25-19.58.27:664][484]LogAudio: Display: Creating Audio Device:                 Id: 12, Scope: Unique, Realtime: True
[2025.11.25-19.58.27:664][484]LogAudioMixer: Display: Audio Mixer Platform Settings:
[2025.11.25-19.58.27:664][484]LogAudioMixer: Display: 	Sample Rate:						  48000
[2025.11.25-19.58.27:664][484]LogAudioMixer: Display: 	Callback Buffer Frame Size Requested: 1024
[2025.11.25-19.58.27:664][484]LogAudioMixer: Display: 	Callback Buffer Frame Size To Use:	  1024
[2025.11.25-19.58.27:665][484]LogAudioMixer: Display: 	Number of buffers to queue:			  2
[2025.11.25-19.58.27:665][484]LogAudioMixer: Display: 	Max Channels (voices):				  32
[2025.11.25-19.58.27:665][484]LogAudioMixer: Display: 	Number of Async Source Workers:		  0
[2025.11.25-19.58.27:665][484]LogAudio: Display: AudioDevice MaxSources: 32
[2025.11.25-19.58.27:665][484]LogAudio: Display: Audio Spatialization Plugin: None (built-in).
[2025.11.25-19.58.27:665][484]LogAudio: Display: Audio Reverb Plugin: None (built-in).
[2025.11.25-19.58.27:665][484]LogAudio: Display: Audio Occlusion Plugin: None (built-in).
[2025.11.25-19.58.27:665][484]LogAudioMixer: Display: Initializing audio mixer.
[2025.11.25-19.58.27:671][484]LogAudioMixer: Display: 0: FrontLeft
[2025.11.25-19.58.27:671][484]LogAudioMixer: Display: 1: FrontRight
[2025.11.25-19.58.27:679][484]LogAudioMixer: Display: Using Audio Device Alto-falantes (Realtek(R) Audio)
[2025.11.25-19.58.27:679][484]LogAudioMixer: Display: Initializing Sound Submixes...
[2025.11.25-19.58.27:680][484]LogAudioMixer: Display: Creating Master Submix 'MasterSubmixDefault'
[2025.11.25-19.58.27:680][484]LogAudioMixer: Display: Creating Master Submix 'MasterReverbSubmixDefault'
[2025.11.25-19.58.27:680][484]LogAudioMixer: Display: Creating Master Submix 'MasterEQSubmixDefault'
[2025.11.25-19.58.27:680][484]LogAudioMixer: FMixerPlatformXAudio2::StartAudioStream() called
[2025.11.25-19.58.27:680][484]LogAudioMixer: Display: Output buffers initialized: Frames=1024, Channels=2, Samples=2048
[2025.11.25-19.58.27:682][484]LogAudioMixer: Display: Starting AudioMixerPlatformInterface::RunInternal()
[2025.11.25-19.58.27:682][484]LogAudioMixer: Display: FMixerPlatformXAudio2::SubmitBuffer() called for the first time
[2025.11.25-19.58.27:682][484]LogInit: FAudioDevice initialized.
[2025.11.25-19.58.27:682][484]LogAudio: Display: Audio Device (ID: 12) registered with world 'MapadeTeste'.
[2025.11.25-19.58.27:695][484]LogLoad: Game class is 'GameModeRL_C'
[2025.11.25-19.58.27:698][484]LogWorld: Bringing World /Game/Mapas/Fases/MapadeTeste/UEDPIE_0_MapadeTeste.MapadeTeste up for play (max tick rate 60) at 2025.11.25-16.58.27
[2025.11.25-19.58.27:699][484]LogWorld: Bringing up level for play took: 0.001817
[2025.11.25-19.58.27:699][484]LogOnline: OSS: Creating online subsystem instance for: :Context_14
[2025.11.25-19.58.27:703][484]PIE: Server logged in
[2025.11.25-19.58.27:703][484]PIE: Play in editor total start time 0.089 seconds.
[2025.11.25-19.58.36:789][ 27]LogSlate: Updating window title bar state: overlay mode, drag disabled, window buttons hidden, title bar hidden
[2025.11.25-19.58.36:789][ 27]LogWorld: BeginTearingDown for /Game/Mapas/Fases/MapadeTeste/UEDPIE_0_MapadeTeste
[2025.11.25-19.58.36:789][ 27]LogWorld: UWorld::CleanupWorld for MapadeTeste, bSessionEnded=true, bCleanupResources=true
[2025.11.25-19.58.36:789][ 27]LogSlate: InvalidateAllWidgets triggered.  All widgets were invalidated
[2025.11.25-19.58.36:801][ 27]LogPlayLevel: Display: Shutting down PIE online subsystems
[2025.11.25-19.58.36:820][ 27]LogSlate: InvalidateAllWidgets triggered.  All widgets were invalidated
[2025.11.25-19.58.36:842][ 27]LogSlate: Updating window title bar state: overlay mode, drag disabled, window buttons hidden, title bar hidden
[2025.11.25-19.58.36:842][ 27]LogAudioMixer: FMixerPlatformXAudio2::StopAudioStream() called
[2025.11.25-19.58.36:843][ 27]LogAudioMixer: FMixerPlatformXAudio2::StopAudioStream() called
[2025.11.25-19.58.36:849][ 27]LogUObjectHash: Compacting FUObjectHashTables data took   1.98ms
[2025.11.25-19.58.36:882][ 28]LogPlayLevel: Display: Destroying online subsystem :Context_14
[2025.11.25-19.59.00:847][456]Cmd: DELETE
[2025.11.25-19.59.00:847][456]Cmd: ACTOR DELETE
[2025.11.25-19.59.00:850][456]LogEditorActor: Deleted Actor: NavMeshBoundsVolume
[2025.11.25-19.59.00:874][456]LogUObjectHash: Compacting FUObjectHashTables data took   2.00ms
[2025.11.25-19.59.00:875][456]LogEditorActor: Deleted 1 Actors (0.029 secs)
[2025.11.25-19.59.09:849][990]Cmd: TRANSACTION UNDO
[2025.11.25-19.59.09:850][990]LogEditorTransaction: Undo Scale Actors
[2025.11.25-19.59.24:277][836]LogEditorViewport: Clicking Background
[2025.11.25-19.59.24:930][875]Cmd: TRANSACTION UNDO
[2025.11.25-19.59.24:930][875]LogEditorTransaction: Undo Clicking Background
[2025.11.25-19.59.25:388][887]Cmd: TRANSACTION UNDO
[2025.11.25-19.59.25:388][887]LogEditorTransaction: Undo Scale Actors
[2025.11.25-19.59.25:793][908]Cmd: TRANSACTION UNDO
[2025.11.25-19.59.25:793][908]LogEditorTransaction: Undo Select Brush Surface
[2025.11.25-19.59.26:179][929]Cmd: TRANSACTION UNDO
[2025.11.25-19.59.26:179][929]LogEditorTransaction: Undo Delete Actors
[2025.11.25-19.59.26:555][949]Cmd: TRANSACTION UNDO
[2025.11.25-19.59.26:555][949]LogEditorTransaction: Undo Move Actors
[2025.11.25-19.59.26:921][971]Cmd: TRANSACTION UNDO
[2025.11.25-19.59.26:921][971]LogEditorTransaction: Undo Move Actors
[2025.11.25-19.59.27:254][991]Cmd: TRANSACTION UNDO
[2025.11.25-19.59.27:254][991]LogEditorTransaction: Undo Create Actors
[2025.11.25-19.59.27:269][991]LogNavigationDirtyArea: Warning: Skipping dirty area creation because of invalid bounds (object: None)
[2025.11.25-19.59.27:520][  4]Cmd: TRANSACTION UNDO
[2025.11.25-19.59.27:520][  4]LogEditorTransaction: Undo Scale Actors
[2025.11.25-19.59.27:782][ 17]Cmd: TRANSACTION UNDO
[2025.11.25-19.59.27:782][ 17]LogEditorTransaction: Undo Scale Actors
[2025.11.25-19.59.28:125][ 36]Cmd: TRANSACTION UNDO
[2025.11.25-19.59.28:125][ 36]LogEditorTransaction: Undo Scale Actors
[2025.11.25-19.59.28:458][ 54]Cmd: TRANSACTION UNDO
[2025.11.25-19.59.28:458][ 54]LogEditorTransaction: Undo Scale Actors
[2025.11.25-19.59.28:849][ 76]Cmd: TRANSACTION UNDO
[2025.11.25-19.59.28:849][ 76]LogEditorTransaction: Undo Scale Actors
[2025.11.25-19.59.29:224][ 97]Cmd: TRANSACTION UNDO
[2025.11.25-19.59.29:224][ 97]LogEditorTransaction: Undo Scale Actors
[2025.11.25-19.59.29:584][117]Cmd: TRANSACTION UNDO
[2025.11.25-19.59.29:584][117]LogEditorTransaction: Undo Scale Actors
[2025.11.25-19.59.30:037][142]Cmd: TRANSACTION UNDO
[2025.11.25-19.59.30:037][142]LogEditorTransaction: Undo Select Brush Surface
[2025.11.25-20.02.26:355][698]LogUObjectHash: Compacting FUObjectHashTables data took   2.33ms
[2025.11.25-20.02.26:661][698]LogSavePackage: Moving 'E:/Unreal/Fumec_DevGames/Saved/MapadeTeste_Auto1FE12CEED499A58626AA009A971EDEEFB.tmp' to 'E:/Unreal/Fumec_DevGames/Saved/Autosaves/Game/Mapas/Fases/MapadeTeste/MapadeTeste_Auto1.umap'
[2025.11.25-20.02.26:663][698]LogFileHelpers: Editor autosave (incl. external actors) for '/Game/Mapas/Fases/MapadeTeste/MapadeTeste' took 0.331
[2025.11.25-20.02.26:663][698]LogFileHelpers: Editor autosave (incl. sublevels & external actors) for all levels took 0.331
[2025.11.25-20.17.24:252][593]LogTemp: Repeating last play command: Selected Viewport
[2025.11.25-20.17.24:260][593]LogPlayLevel: PlayLevel: No blueprints needed recompiling
[2025.11.25-20.17.24:260][593]PIE: New page: PIE session: MapadeTeste (Nov 25, 2025, 2:17:24 PM)
[2025.11.25-20.17.24:260][593]LogPlayLevel: Creating play world package: /Game/Mapas/Fases/MapadeTeste/UEDPIE_0_MapadeTeste
[2025.11.25-20.17.24:287][593]LogPlayLevel: PIE: StaticDuplicateObject took: (0.025470s)
[2025.11.25-20.17.24:288][593]LogAIModule: Creating AISystem for world MapadeTeste
[2025.11.25-20.17.24:288][593]LogPlayLevel: PIE: World Init took: (0.001389s)
[2025.11.25-20.17.24:288][593]LogPlayLevel: PIE: Created PIE world by copying editor world from /Game/Mapas/Fases/MapadeTeste/MapadeTeste.MapadeTeste to /Game/Mapas/Fases/MapadeTeste/UEDPIE_0_MapadeTeste.MapadeTeste (0.027050s)
[2025.11.25-20.17.24:312][593]LogUObjectHash: Compacting FUObjectHashTables data took   2.45ms
[2025.11.25-20.17.24:313][593]LogAudio: Display: Creating Audio Device:                 Id: 13, Scope: Unique, Realtime: True
[2025.11.25-20.17.24:314][593]LogAudioMixer: Display: Audio Mixer Platform Settings:
[2025.11.25-20.17.24:314][593]LogAudioMixer: Display: 	Sample Rate:						  48000
[2025.11.25-20.17.24:314][593]LogAudioMixer: Display: 	Callback Buffer Frame Size Requested: 1024
[2025.11.25-20.17.24:314][593]LogAudioMixer: Display: 	Callback Buffer Frame Size To Use:	  1024
[2025.11.25-20.17.24:314][593]LogAudioMixer: Display: 	Number of buffers to queue:			  2
[2025.11.25-20.17.24:314][593]LogAudioMixer: Display: 	Max Channels (voices):				  32
[2025.11.25-20.17.24:314][593]LogAudioMixer: Display: 	Number of Async Source Workers:		  0
[2025.11.25-20.17.24:314][593]LogAudio: Display: AudioDevice MaxSources: 32
[2025.11.25-20.17.24:314][593]LogAudio: Display: Audio Spatialization Plugin: None (built-in).
[2025.11.25-20.17.24:314][593]LogAudio: Display: Audio Reverb Plugin: None (built-in).
[2025.11.25-20.17.24:314][593]LogAudio: Display: Audio Occlusion Plugin: None (built-in).
[2025.11.25-20.17.24:314][593]LogAudioMixer: Display: Initializing audio mixer.
[2025.11.25-20.17.24:321][593]LogAudioMixer: Display: 0: FrontLeft
[2025.11.25-20.17.24:321][593]LogAudioMixer: Display: 1: FrontRight
[2025.11.25-20.17.24:331][593]LogAudioMixer: Display: Using Audio Device Alto-falantes (Realtek(R) Audio)
[2025.11.25-20.17.24:331][593]LogAudioMixer: Display: Initializing Sound Submixes...
[2025.11.25-20.17.24:331][593]LogAudioMixer: Display: Creating Master Submix 'MasterSubmixDefault'
[2025.11.25-20.17.24:331][593]LogAudioMixer: Display: Creating Master Submix 'MasterReverbSubmixDefault'
[2025.11.25-20.17.24:332][593]LogAudioMixer: Display: Creating Master Submix 'MasterEQSubmixDefault'
[2025.11.25-20.17.24:332][593]LogAudioMixer: FMixerPlatformXAudio2::StartAudioStream() called
[2025.11.25-20.17.24:332][593]LogAudioMixer: Display: Output buffers initialized: Frames=1024, Channels=2, Samples=2048
[2025.11.25-20.17.24:333][593]LogAudioMixer: Display: Starting AudioMixerPlatformInterface::RunInternal()
[2025.11.25-20.17.24:333][593]LogAudioMixer: Display: FMixerPlatformXAudio2::SubmitBuffer() called for the first time
[2025.11.25-20.17.24:333][593]LogInit: FAudioDevice initialized.
[2025.11.25-20.17.24:333][593]LogAudio: Display: Audio Device (ID: 13) registered with world 'MapadeTeste'.
[2025.11.25-20.17.24:344][593]LogLoad: Game class is 'GameModeRL_C'
[2025.11.25-20.17.24:346][593]LogWorld: Bringing World /Game/Mapas/Fases/MapadeTeste/UEDPIE_0_MapadeTeste.MapadeTeste up for play (max tick rate 60) at 2025.11.25-17.17.24
[2025.11.25-20.17.24:347][593]LogWorld: Bringing up level for play took: 0.002426
[2025.11.25-20.17.24:348][593]LogOnline: OSS: Creating online subsystem instance for: :Context_15
[2025.11.25-20.17.24:352][593]PIE: Server logged in
[2025.11.25-20.17.24:353][593]PIE: Play in editor total start time 0.095 seconds.
[2025.11.25-20.17.30:307][947]LogSlate: Updating window title bar state: overlay mode, drag disabled, window buttons hidden, title bar hidden
[2025.11.25-20.17.30:307][947]LogWorld: BeginTearingDown for /Game/Mapas/Fases/MapadeTeste/UEDPIE_0_MapadeTeste
[2025.11.25-20.17.30:307][947]LogWorld: UWorld::CleanupWorld for MapadeTeste, bSessionEnded=true, bCleanupResources=true
[2025.11.25-20.17.30:307][947]LogSlate: InvalidateAllWidgets triggered.  All widgets were invalidated
[2025.11.25-20.17.30:317][947]LogPlayLevel: Display: Shutting down PIE online subsystems
[2025.11.25-20.17.30:364][947]LogSlate: InvalidateAllWidgets triggered.  All widgets were invalidated
[2025.11.25-20.17.30:388][947]LogSlate: Updating window title bar state: overlay mode, drag disabled, window buttons hidden, title bar hidden
[2025.11.25-20.17.30:388][947]LogAudioMixer: FMixerPlatformXAudio2::StopAudioStream() called
[2025.11.25-20.17.30:389][947]LogAudioMixer: FMixerPlatformXAudio2::StopAudioStream() called
[2025.11.25-20.17.30:395][947]LogUObjectHash: Compacting FUObjectHashTables data took   2.45ms
[2025.11.25-20.17.30:432][948]LogPlayLevel: Display: Destroying online subsystem :Context_15
[2025.11.25-20.17.34:694][201]LogUObjectHash: Compacting FUObjectHashTables data took   2.30ms
[2025.11.25-20.17.36:281][201]LogSlate: Window 'Save Content' being destroyed
[2025.11.25-20.17.36:334][201]LogAssetEditorSubsystem: Opening Asset editor for World /Game/Mapas/Fases/NewMap.NewMap
[2025.11.25-20.17.36:334][201]Cmd: MAP LOAD FILE="E:/Unreal/Fumec_DevGames/Content/Mapas/Fases/NewMap.umap" TEMPLATE=0 SHOWPROGRESS=1 FEATURELEVEL=3
[2025.11.25-20.17.36:334][201]LightingResults: New page: Lighting Build
[2025.11.25-20.17.36:335][201]LoadErrors: New page: Loading map: NewMap.umap
[2025.11.25-20.17.36:338][201]LogWorld: UWorld::CleanupWorld for MapadeTeste, bSessionEnded=true, bCleanupResources=true
[2025.11.25-20.17.36:338][201]LogSlate: InvalidateAllWidgets triggered.  All widgets were invalidated
[2025.11.25-20.17.36:338][201]MapCheck: New page: Map Check
[2025.11.25-20.17.36:338][201]LightingResults: New page: Lighting Build
[2025.11.25-20.17.36:358][201]LogAudio: Display: Audio Device unregistered from world 'None'.
[2025.11.25-20.17.36:363][201]LogUObjectHash: Compacting FUObjectHashTables data took   2.52ms
[2025.11.25-20.17.36:365][201]LogAudio: Display: Audio Device (ID: 1) registered with world 'NewMap'.
[2025.11.25-20.17.36:478][201]LogEditorServer: Finished looking for orphan Actors (0.000 secs)
[2025.11.25-20.17.36:478][201]LogAIModule: Creating AISystem for world NewMap
[2025.11.25-20.17.36:505][201]LogUObjectHash: Compacting FUObjectHashTables data took   2.36ms
[2025.11.25-20.17.36:526][201]Cmd: MAP CHECKDEP NOCLEARLOG
[2025.11.25-20.17.36:527][201]MapCheck: Map check complete: 0 Error(s), 0 Warning(s), took 0.642ms to complete.
[2025.11.25-20.17.36:527][201]LogFileHelpers: Loading map 'NewMap' took 0.193
[2025.11.25-20.17.40:670][446]LogTemp: Repeating last play command: Selected Viewport
[2025.11.25-20.17.40:681][446]LogPlayLevel: PlayLevel: No blueprints needed recompiling
[2025.11.25-20.17.40:681][446]PIE: New page: PIE session: NewMap (Nov 25, 2025, 2:17:40 PM)
[2025.11.25-20.17.40:705][446]LogPlayLevel: Creating play world package: /Game/Mapas/Fases/UEDPIE_0_NewMap
[2025.11.25-20.17.40:729][446]LogPlayLevel: PIE: StaticDuplicateObject took: (0.023309s)
[2025.11.25-20.17.40:729][446]LogAIModule: Creating AISystem for world NewMap
[2025.11.25-20.17.40:730][446]LogPlayLevel: PIE: World Init took: (0.001318s)
[2025.11.25-20.17.40:730][446]LogPlayLevel: PIE: Created PIE world by copying editor world from /Game/Mapas/Fases/NewMap.NewMap to /Game/Mapas/Fases/UEDPIE_0_NewMap.NewMap (0.024858s)
[2025.11.25-20.17.40:754][446]LogUObjectHash: Compacting FUObjectHashTables data took   2.56ms
[2025.11.25-20.17.40:755][446]LogAudio: Display: Creating Audio Device:                 Id: 14, Scope: Unique, Realtime: True
[2025.11.25-20.17.40:755][446]LogAudioMixer: Display: Audio Mixer Platform Settings:
[2025.11.25-20.17.40:755][446]LogAudioMixer: Display: 	Sample Rate:						  48000
[2025.11.25-20.17.40:755][446]LogAudioMixer: Display: 	Callback Buffer Frame Size Requested: 1024
[2025.11.25-20.17.40:755][446]LogAudioMixer: Display: 	Callback Buffer Frame Size To Use:	  1024
[2025.11.25-20.17.40:755][446]LogAudioMixer: Display: 	Number of buffers to queue:			  2
[2025.11.25-20.17.40:755][446]LogAudioMixer: Display: 	Max Channels (voices):				  32
[2025.11.25-20.17.40:755][446]LogAudioMixer: Display: 	Number of Async Source Workers:		  0
[2025.11.25-20.17.40:755][446]LogAudio: Display: AudioDevice MaxSources: 32
[2025.11.25-20.17.40:755][446]LogAudio: Display: Audio Spatialization Plugin: None (built-in).
[2025.11.25-20.17.40:755][446]LogAudio: Display: Audio Reverb Plugin: None (built-in).
[2025.11.25-20.17.40:755][446]LogAudio: Display: Audio Occlusion Plugin: None (built-in).
[2025.11.25-20.17.40:755][446]LogAudioMixer: Display: Initializing audio mixer.
[2025.11.25-20.17.40:761][446]LogAudioMixer: Display: 0: FrontLeft
[2025.11.25-20.17.40:762][446]LogAudioMixer: Display: 1: FrontRight
[2025.11.25-20.17.40:770][446]LogAudioMixer: Display: Using Audio Device Alto-falantes (Realtek(R) Audio)
[2025.11.25-20.17.40:770][446]LogAudioMixer: Display: Initializing Sound Submixes...
[2025.11.25-20.17.40:770][446]LogAudioMixer: Display: Creating Master Submix 'MasterSubmixDefault'
[2025.11.25-20.17.40:770][446]LogAudioMixer: Display: Creating Master Submix 'MasterReverbSubmixDefault'
[2025.11.25-20.17.40:770][446]LogAudioMixer: Display: Creating Master Submix 'MasterEQSubmixDefault'
[2025.11.25-20.17.40:771][446]LogAudioMixer: FMixerPlatformXAudio2::StartAudioStream() called
[2025.11.25-20.17.40:771][446]LogAudioMixer: Display: Output buffers initialized: Frames=1024, Channels=2, Samples=2048
[2025.11.25-20.17.40:772][446]LogAudioMixer: Display: Starting AudioMixerPlatformInterface::RunInternal()
[2025.11.25-20.17.40:772][446]LogAudioMixer: Display: FMixerPlatformXAudio2::SubmitBuffer() called for the first time
[2025.11.25-20.17.40:772][446]LogInit: FAudioDevice initialized.
[2025.11.25-20.17.40:772][446]LogAudio: Display: Audio Device (ID: 14) registered with world 'NewMap'.
[2025.11.25-20.17.40:780][446]LogLoad: Game class is 'GameModeRL_C'
[2025.11.25-20.17.40:781][446]LogWorld: Bringing World /Game/Mapas/Fases/UEDPIE_0_NewMap.NewMap up for play (max tick rate 60) at 2025.11.25-17.17.40
[2025.11.25-20.17.40:781][446]LogWorld: Bringing up level for play took: 0.001290
[2025.11.25-20.17.40:782][446]LogOnline: OSS: Creating online subsystem instance for: :Context_16
[2025.11.25-20.17.40:786][446]PIE: Server logged in
[2025.11.25-20.17.40:787][446]PIE: Play in editor total start time 0.107 seconds.
[2025.11.25-20.17.50:226][  9]LogSlate: Updating window title bar state: overlay mode, drag disabled, window buttons hidden, title bar hidden
[2025.11.25-20.17.50:226][  9]LogWorld: BeginTearingDown for /Game/Mapas/Fases/UEDPIE_0_NewMap
[2025.11.25-20.17.50:226][  9]LogWorld: UWorld::CleanupWorld for NewMap, bSessionEnded=true, bCleanupResources=true
[2025.11.25-20.17.50:226][  9]LogSlate: InvalidateAllWidgets triggered.  All widgets were invalidated
[2025.11.25-20.17.50:240][  9]LogPlayLevel: Display: Shutting down PIE online subsystems
[2025.11.25-20.17.50:245][  9]LogSlate: InvalidateAllWidgets triggered.  All widgets were invalidated
[2025.11.25-20.17.50:266][  9]LogAudio: Display: Audio Device unregistered from world 'None'.
[2025.11.25-20.17.50:266][  9]LogAudioMixer: FMixerPlatformXAudio2::StopAudioStream() called
[2025.11.25-20.17.50:267][  9]LogAudioMixer: FMixerPlatformXAudio2::StopAudioStream() called
[2025.11.25-20.17.50:269][  9]LogSlate: Updating window title bar state: overlay mode, drag disabled, window buttons hidden, title bar hidden
[2025.11.25-20.17.50:273][  9]LogUObjectHash: Compacting FUObjectHashTables data took   2.31ms
[2025.11.25-20.17.50:299][ 10]LogPlayLevel: Display: Destroying online subsystem :Context_16
[2025.11.25-20.18.24:939][ 71]BlueprintLog: New page: Compile Player_BP
[2025.11.25-20.18.25:008][ 71]LogUObjectHash: Compacting FUObjectHashTables data took   2.48ms
[2025.11.25-20.18.25:061][ 71]Cmd: OBJ SAVEPACKAGE PACKAGE="/Game/Player/Blueprints/Player_BP" FILE="E:/Unreal/Fumec_DevGames/Content/Player/Blueprints/Player_BP.uasset" SILENT=true
[2025.11.25-20.18.25:167][ 71]LogSavePackage: Moving 'E:/Unreal/Fumec_DevGames/Saved/Player_BP8B3894924AA3117A45B84B8A16D27D54.tmp' to 'E:/Unreal/Fumec_DevGames/Content/Player/Blueprints/Player_BP.uasset'
[2025.11.25-20.18.25:191][ 71]AssetCheck: New page: Asset Save: Player_BP
[2025.11.25-20.18.25:191][ 71]LogContentValidation: Display: Validating Blueprint /Game/Player/Blueprints/Player_BP.Player_BP
[2025.11.25-20.18.26:406][137]LogTemp: Repeating last play command: Selected Viewport
[2025.11.25-20.18.26:413][137]LogPlayLevel: PlayLevel: No blueprints needed recompiling
[2025.11.25-20.18.26:413][137]PIE: New page: PIE session: NewMap (Nov 25, 2025, 2:18:26 PM)
[2025.11.25-20.18.26:413][137]LogPlayLevel: Creating play world package: /Game/Mapas/Fases/UEDPIE_0_NewMap
[2025.11.25-20.18.26:435][137]LogPlayLevel: PIE: StaticDuplicateObject took: (0.021582s)
[2025.11.25-20.18.26:436][137]LogAIModule: Creating AISystem for world NewMap
[2025.11.25-20.18.26:436][137]LogPlayLevel: PIE: World Init took: (0.001170s)
[2025.11.25-20.18.26:436][137]LogPlayLevel: PIE: Created PIE world by copying editor world from /Game/Mapas/Fases/NewMap.NewMap to /Game/Mapas/Fases/UEDPIE_0_NewMap.NewMap (0.022913s)
[2025.11.25-20.18.26:462][137]LogUObjectHash: Compacting FUObjectHashTables data took   2.89ms
[2025.11.25-20.18.26:462][137]LogAudio: Display: Creating Audio Device:                 Id: 15, Scope: Unique, Realtime: True
[2025.11.25-20.18.26:462][137]LogAudioMixer: Display: Audio Mixer Platform Settings:
[2025.11.25-20.18.26:462][137]LogAudioMixer: Display: 	Sample Rate:						  48000
[2025.11.25-20.18.26:462][137]LogAudioMixer: Display: 	Callback Buffer Frame Size Requested: 1024
[2025.11.25-20.18.26:462][137]LogAudioMixer: Display: 	Callback Buffer Frame Size To Use:	  1024
[2025.11.25-20.18.26:462][137]LogAudioMixer: Display: 	Number of buffers to queue:			  2
[2025.11.25-20.18.26:462][137]LogAudioMixer: Display: 	Max Channels (voices):				  32
[2025.11.25-20.18.26:462][137]LogAudioMixer: Display: 	Number of Async Source Workers:		  0
[2025.11.25-20.18.26:462][137]LogAudio: Display: AudioDevice MaxSources: 32
[2025.11.25-20.18.26:463][137]LogAudio: Display: Audio Spatialization Plugin: None (built-in).
[2025.11.25-20.18.26:463][137]LogAudio: Display: Audio Reverb Plugin: None (built-in).
[2025.11.25-20.18.26:463][137]LogAudio: Display: Audio Occlusion Plugin: None (built-in).
[2025.11.25-20.18.26:463][137]LogAudioMixer: Display: Initializing audio mixer.
[2025.11.25-20.18.26:469][137]LogAudioMixer: Display: 0: FrontLeft
[2025.11.25-20.18.26:469][137]LogAudioMixer: Display: 1: FrontRight
[2025.11.25-20.18.26:477][137]LogAudioMixer: Display: Using Audio Device Alto-falantes (Realtek(R) Audio)
[2025.11.25-20.18.26:477][137]LogAudioMixer: Display: Initializing Sound Submixes...
[2025.11.25-20.18.26:478][137]LogAudioMixer: Display: Creating Master Submix 'MasterSubmixDefault'
[2025.11.25-20.18.26:478][137]LogAudioMixer: Display: Creating Master Submix 'MasterReverbSubmixDefault'
[2025.11.25-20.18.26:478][137]LogAudioMixer: Display: Creating Master Submix 'MasterEQSubmixDefault'
[2025.11.25-20.18.26:478][137]LogAudioMixer: FMixerPlatformXAudio2::StartAudioStream() called
[2025.11.25-20.18.26:478][137]LogAudioMixer: Display: Output buffers initialized: Frames=1024, Channels=2, Samples=2048
[2025.11.25-20.18.26:480][137]LogAudioMixer: Display: Starting AudioMixerPlatformInterface::RunInternal()
[2025.11.25-20.18.26:480][137]LogAudioMixer: Display: FMixerPlatformXAudio2::SubmitBuffer() called for the first time
[2025.11.25-20.18.26:480][137]LogInit: FAudioDevice initialized.
[2025.11.25-20.18.26:480][137]LogAudio: Display: Audio Device (ID: 15) registered with world 'NewMap'.
[2025.11.25-20.18.26:523][137]LogSlate: Updating window title bar state: overlay mode, drag disabled, window buttons hidden, title bar hidden
[2025.11.25-20.18.26:524][137]LogLoad: Game class is 'GameModeRL_C'
[2025.11.25-20.18.26:526][137]LogWorld: Bringing World /Game/Mapas/Fases/UEDPIE_0_NewMap.NewMap up for play (max tick rate 60) at 2025.11.25-17.18.26
[2025.11.25-20.18.26:526][137]LogWorld: Bringing up level for play took: 0.002226
[2025.11.25-20.18.26:527][137]LogOnline: OSS: Creating online subsystem instance for: :Context_17
[2025.11.25-20.18.26:534][137]PIE: Server logged in
[2025.11.25-20.18.26:539][137]PIE: Play in editor total start time 0.126 seconds.
[2025.11.25-20.18.26:575][138]LogRenderer: Reallocating scene render targets to support 1192x784 Format 10 NumSamples 1 (Frame:1).
[2025.11.25-20.18.35:166][641]LogSlate: Updating window title bar state: overlay mode, drag disabled, window buttons hidden, title bar hidden
[2025.11.25-20.18.35:166][641]LogWorld: BeginTearingDown for /Game/Mapas/Fases/UEDPIE_0_NewMap
[2025.11.25-20.18.35:167][641]LogSlate: Window 'ColunaDoendoSamurai Preview [NetMode: Standalone]  (64-bit/Windows) ' being destroyed
[2025.11.25-20.18.35:172][641]LogWorld: UWorld::CleanupWorld for NewMap, bSessionEnded=true, bCleanupResources=true
[2025.11.25-20.18.35:173][641]LogSlate: InvalidateAllWidgets triggered.  All widgets were invalidated
[2025.11.25-20.18.35:182][641]LogPlayLevel: Display: Shutting down PIE online subsystems
[2025.11.25-20.18.35:185][641]LogSlate: InvalidateAllWidgets triggered.  All widgets were invalidated
[2025.11.25-20.18.35:208][641]LogAudio: Display: Audio Device unregistered from world 'None'.
[2025.11.25-20.18.35:208][641]LogAudioMixer: FMixerPlatformXAudio2::StopAudioStream() called
[2025.11.25-20.18.35:209][641]LogAudioMixer: FMixerPlatformXAudio2::StopAudioStream() called
[2025.11.25-20.18.35:215][641]LogUObjectHash: Compacting FUObjectHashTables data took   2.00ms
[2025.11.25-20.18.35:236][642]LogPlayLevel: Display: Destroying online subsystem :Context_17
[2025.11.25-20.18.50:687][549]LogEditorTransaction: Undo Change Vector Pin Value
[2025.11.25-20.18.51:552][580]LogEditorTransaction: Undo Change Vector Pin Value
[2025.11.25-20.18.57:205][902]Cmd: OBJ SAVEPACKAGE PACKAGE="/Game/Player/Blueprints/Player_BP" FILE="E:/Unreal/Fumec_DevGames/Content/Player/Blueprints/Player_BP.uasset" SILENT=true
[2025.11.25-20.18.57:307][902]LogSavePackage: Moving 'E:/Unreal/Fumec_DevGames/Saved/Player_BP39948B4B4DA8CFBF53B3E29C44CB5D2B.tmp' to 'E:/Unreal/Fumec_DevGames/Content/Player/Blueprints/Player_BP.uasset'
[2025.11.25-20.18.57:326][902]AssetCheck: New page: Asset Save: Player_BP
[2025.11.25-20.18.57:326][902]LogContentValidation: Display: Validating Blueprint /Game/Player/Blueprints/Player_BP.Player_BP
[2025.11.25-20.18.59:484][ 30]LogTemp: Repeating last play command: Selected Viewport
[2025.11.25-20.18.59:493][ 30]BlueprintLog: New page: Pre-Play auto-recompile
[2025.11.25-20.18.59:495][ 30]LogPlayLevel: [PlayLevel] Compiling Player_BP before play...
[2025.11.25-20.18.59:615][ 30]LogUObjectHash: Compacting FUObjectHashTables data took   3.52ms
[2025.11.25-20.18.59:616][ 30]LogPlayLevel: PlayLevel: Blueprint regeneration took 123 ms (1 blueprints)
[2025.11.25-20.18.59:616][ 30]PIE: New page: PIE session: NewMap (Nov 25, 2025, 2:18:59 PM)
[2025.11.25-20.18.59:616][ 30]LogPlayLevel: Creating play world package: /Game/Mapas/Fases/UEDPIE_0_NewMap
[2025.11.25-20.18.59:642][ 30]LogPlayLevel: PIE: StaticDuplicateObject took: (0.026549s)
[2025.11.25-20.18.59:644][ 30]LogAIModule: Creating AISystem for world NewMap
[2025.11.25-20.18.59:644][ 30]LogPlayLevel: PIE: World Init took: (0.001447s)
[2025.11.25-20.18.59:644][ 30]LogPlayLevel: PIE: Created PIE world by copying editor world from /Game/Mapas/Fases/NewMap.NewMap to /Game/Mapas/Fases/UEDPIE_0_NewMap.NewMap (0.028211s)
[2025.11.25-20.18.59:668][ 30]LogUObjectHash: Compacting FUObjectHashTables data took   2.14ms
[2025.11.25-20.18.59:669][ 30]LogAudio: Display: Creating Audio Device:                 Id: 16, Scope: Unique, Realtime: True
[2025.11.25-20.18.59:669][ 30]LogAudioMixer: Display: Audio Mixer Platform Settings:
[2025.11.25-20.18.59:669][ 30]LogAudioMixer: Display: 	Sample Rate:						  48000
[2025.11.25-20.18.59:669][ 30]LogAudioMixer: Display: 	Callback Buffer Frame Size Requested: 1024
[2025.11.25-20.18.59:669][ 30]LogAudioMixer: Display: 	Callback Buffer Frame Size To Use:	  1024
[2025.11.25-20.18.59:669][ 30]LogAudioMixer: Display: 	Number of buffers to queue:			  2
[2025.11.25-20.18.59:669][ 30]LogAudioMixer: Display: 	Max Channels (voices):				  32
[2025.11.25-20.18.59:669][ 30]LogAudioMixer: Display: 	Number of Async Source Workers:		  0
[2025.11.25-20.18.59:669][ 30]LogAudio: Display: AudioDevice MaxSources: 32
[2025.11.25-20.18.59:669][ 30]LogAudio: Display: Audio Spatialization Plugin: None (built-in).
[2025.11.25-20.18.59:669][ 30]LogAudio: Display: Audio Reverb Plugin: None (built-in).
[2025.11.25-20.18.59:669][ 30]LogAudio: Display: Audio Occlusion Plugin: None (built-in).
[2025.11.25-20.18.59:669][ 30]LogAudioMixer: Display: Initializing audio mixer.
[2025.11.25-20.18.59:675][ 30]LogAudioMixer: Display: 0: FrontLeft
[2025.11.25-20.18.59:675][ 30]LogAudioMixer: Display: 1: FrontRight
[2025.11.25-20.18.59:683][ 30]LogAudioMixer: Display: Using Audio Device Alto-falantes (Realtek(R) Audio)
[2025.11.25-20.18.59:684][ 30]LogAudioMixer: Display: Initializing Sound Submixes...
[2025.11.25-20.18.59:684][ 30]LogAudioMixer: Display: Creating Master Submix 'MasterSubmixDefault'
[2025.11.25-20.18.59:684][ 30]LogAudioMixer: Display: Creating Master Submix 'MasterReverbSubmixDefault'
[2025.11.25-20.18.59:684][ 30]LogAudioMixer: Display: Creating Master Submix 'MasterEQSubmixDefault'
[2025.11.25-20.18.59:684][ 30]LogAudioMixer: FMixerPlatformXAudio2::StartAudioStream() called
[2025.11.25-20.18.59:684][ 30]LogAudioMixer: Display: Output buffers initialized: Frames=1024, Channels=2, Samples=2048
[2025.11.25-20.18.59:685][ 30]LogAudioMixer: Display: Starting AudioMixerPlatformInterface::RunInternal()
[2025.11.25-20.18.59:687][ 30]LogAudioMixer: Display: FMixerPlatformXAudio2::SubmitBuffer() called for the first time
[2025.11.25-20.18.59:687][ 30]LogInit: FAudioDevice initialized.
[2025.11.25-20.18.59:687][ 30]LogAudio: Display: Audio Device (ID: 16) registered with world 'NewMap'.
[2025.11.25-20.18.59:719][ 30]LogSlate: Updating window title bar state: overlay mode, drag disabled, window buttons hidden, title bar hidden
[2025.11.25-20.18.59:720][ 30]LogLoad: Game class is 'GameModeRL_C'
[2025.11.25-20.18.59:722][ 30]LogWorld: Bringing World /Game/Mapas/Fases/UEDPIE_0_NewMap.NewMap up for play (max tick rate 60) at 2025.11.25-17.18.59
[2025.11.25-20.18.59:722][ 30]LogWorld: Bringing up level for play took: 0.002229
[2025.11.25-20.18.59:723][ 30]LogOnline: OSS: Creating online subsystem instance for: :Context_18
[2025.11.25-20.18.59:727][ 30]PIE: Server logged in
[2025.11.25-20.18.59:728][ 30]PIE: Play in editor total start time 0.237 seconds.
[2025.11.25-20.18.59:883][ 31]LogRenderer: Reallocating scene render targets to support 1196x784 Format 10 NumSamples 1 (Frame:1).
[2025.11.25-20.19.10:356][652]LogSlate: Updating window title bar state: overlay mode, drag disabled, window buttons hidden, title bar hidden
[2025.11.25-20.19.10:356][652]LogWorld: BeginTearingDown for /Game/Mapas/Fases/UEDPIE_0_NewMap
[2025.11.25-20.19.10:357][652]LogSlate: Window 'ColunaDoendoSamurai Preview [NetMode: Standalone]  (64-bit/Windows) ' being destroyed
[2025.11.25-20.19.10:362][652]LogWorld: UWorld::CleanupWorld for NewMap, bSessionEnded=true, bCleanupResources=true
[2025.11.25-20.19.10:363][652]LogSlate: InvalidateAllWidgets triggered.  All widgets were invalidated
[2025.11.25-20.19.10:371][652]LogPlayLevel: Display: Shutting down PIE online subsystems
[2025.11.25-20.19.10:375][652]LogSlate: InvalidateAllWidgets triggered.  All widgets were invalidated
[2025.11.25-20.19.10:396][652]LogAudioMixer: FMixerPlatformXAudio2::StopAudioStream() called
[2025.11.25-20.19.10:397][652]LogAudioMixer: FMixerPlatformXAudio2::StopAudioStream() called
[2025.11.25-20.19.10:404][652]LogUObjectHash: Compacting FUObjectHashTables data took   2.38ms
[2025.11.25-20.19.10:439][654]LogPlayLevel: Display: Destroying online subsystem :Context_18
[2025.11.25-20.20.23:870][863]Cmd: OBJ SAVEPACKAGE PACKAGE="/Game/Player/Blueprints/Player_BP" FILE="E:/Unreal/Fumec_DevGames/Content/Player/Blueprints/Player_BP.uasset" SILENT=true
[2025.11.25-20.20.23:971][863]LogSavePackage: Moving 'E:/Unreal/Fumec_DevGames/Saved/Player_BP7FFBA3654533D1FA602C84BF5132B6A1.tmp' to 'E:/Unreal/Fumec_DevGames/Content/Player/Blueprints/Player_BP.uasset'
[2025.11.25-20.20.23:994][863]AssetCheck: New page: Asset Save: Player_BP
[2025.11.25-20.20.23:994][863]LogContentValidation: Display: Validating Blueprint /Game/Player/Blueprints/Player_BP.Player_BP
[2025.11.25-20.20.29:207][162]Cmd: OBJ SAVEPACKAGE PACKAGE="/Game/Player/Blueprints/Player_BP" FILE="E:/Unreal/Fumec_DevGames/Content/Player/Blueprints/Player_BP.uasset" SILENT=true
[2025.11.25-20.20.29:312][162]LogSavePackage: Moving 'E:/Unreal/Fumec_DevGames/Saved/Player_BPF2FC23FC48B6F4380B562CAD4C18095A.tmp' to 'E:/Unreal/Fumec_DevGames/Content/Player/Blueprints/Player_BP.uasset'
[2025.11.25-20.20.29:331][162]AssetCheck: New page: Asset Save: Player_BP
[2025.11.25-20.20.29:331][162]LogContentValidation: Display: Validating Blueprint /Game/Player/Blueprints/Player_BP.Player_BP
[2025.11.25-20.20.30:119][209]LogTemp: Repeating last play command: Selected Viewport
[2025.11.25-20.20.30:127][209]BlueprintLog: New page: Pre-Play auto-recompile
[2025.11.25-20.20.30:129][209]LogPlayLevel: [PlayLevel] Compiling Player_BP before play...
[2025.11.25-20.20.30:230][209]LogUObjectHash: Compacting FUObjectHashTables data took   2.56ms
[2025.11.25-20.20.30:230][209]LogPlayLevel: PlayLevel: Blueprint regeneration took 104 ms (1 blueprints)
[2025.11.25-20.20.30:231][209]PIE: New page: PIE session: NewMap (Nov 25, 2025, 2:20:30 PM)
[2025.11.25-20.20.30:231][209]LogPlayLevel: Creating play world package: /Game/Mapas/Fases/UEDPIE_0_NewMap
[2025.11.25-20.20.30:251][209]LogPlayLevel: PIE: StaticDuplicateObject took: (0.020162s)
[2025.11.25-20.20.30:252][209]LogAIModule: Creating AISystem for world NewMap
[2025.11.25-20.20.30:252][209]LogPlayLevel: PIE: World Init took: (0.001163s)
[2025.11.25-20.20.30:252][209]LogPlayLevel: PIE: Created PIE world by copying editor world from /Game/Mapas/Fases/NewMap.NewMap to /Game/Mapas/Fases/UEDPIE_0_NewMap.NewMap (0.021483s)
[2025.11.25-20.20.30:277][209]LogUObjectHash: Compacting FUObjectHashTables data took   2.60ms
[2025.11.25-20.20.30:278][209]LogAudio: Display: Creating Audio Device:                 Id: 17, Scope: Unique, Realtime: True
[2025.11.25-20.20.30:278][209]LogAudioMixer: Display: Audio Mixer Platform Settings:
[2025.11.25-20.20.30:278][209]LogAudioMixer: Display: 	Sample Rate:						  48000
[2025.11.25-20.20.30:278][209]LogAudioMixer: Display: 	Callback Buffer Frame Size Requested: 1024
[2025.11.25-20.20.30:278][209]LogAudioMixer: Display: 	Callback Buffer Frame Size To Use:	  1024
[2025.11.25-20.20.30:278][209]LogAudioMixer: Display: 	Number of buffers to queue:			  2
[2025.11.25-20.20.30:278][209]LogAudioMixer: Display: 	Max Channels (voices):				  32
[2025.11.25-20.20.30:278][209]LogAudioMixer: Display: 	Number of Async Source Workers:		  0
[2025.11.25-20.20.30:278][209]LogAudio: Display: AudioDevice MaxSources: 32
[2025.11.25-20.20.30:278][209]LogAudio: Display: Audio Spatialization Plugin: None (built-in).
[2025.11.25-20.20.30:278][209]LogAudio: Display: Audio Reverb Plugin: None (built-in).
[2025.11.25-20.20.30:278][209]LogAudio: Display: Audio Occlusion Plugin: None (built-in).
[2025.11.25-20.20.30:278][209]LogAudioMixer: Display: Initializing audio mixer.
[2025.11.25-20.20.30:285][209]LogAudioMixer: Display: 0: FrontLeft
[2025.11.25-20.20.30:285][209]LogAudioMixer: Display: 1: FrontRight
[2025.11.25-20.20.30:292][209]LogAudioMixer: Display: Using Audio Device Alto-falantes (Realtek(R) Audio)
[2025.11.25-20.20.30:292][209]LogAudioMixer: Display: Initializing Sound Submixes...
[2025.11.25-20.20.30:294][209]LogAudioMixer: Display: Creating Master Submix 'MasterSubmixDefault'
[2025.11.25-20.20.30:294][209]LogAudioMixer: Display: Creating Master Submix 'MasterReverbSubmixDefault'
[2025.11.25-20.20.30:294][209]LogAudioMixer: Display: Creating Master Submix 'MasterEQSubmixDefault'
[2025.11.25-20.20.30:294][209]LogAudioMixer: FMixerPlatformXAudio2::StartAudioStream() called
[2025.11.25-20.20.30:294][209]LogAudioMixer: Display: Output buffers initialized: Frames=1024, Channels=2, Samples=2048
[2025.11.25-20.20.30:296][209]LogAudioMixer: Display: Starting AudioMixerPlatformInterface::RunInternal()
[2025.11.25-20.20.30:296][209]LogAudioMixer: Display: FMixerPlatformXAudio2::SubmitBuffer() called for the first time
[2025.11.25-20.20.30:296][209]LogInit: FAudioDevice initialized.
[2025.11.25-20.20.30:296][209]LogAudio: Display: Audio Device (ID: 17) registered with world 'NewMap'.
[2025.11.25-20.20.30:335][209]LogSlate: Updating window title bar state: overlay mode, drag disabled, window buttons hidden, title bar hidden
[2025.11.25-20.20.30:335][209]LogLoad: Game class is 'GameModeRL_C'
[2025.11.25-20.20.30:339][209]LogWorld: Bringing World /Game/Mapas/Fases/UEDPIE_0_NewMap.NewMap up for play (max tick rate 60) at 2025.11.25-17.20.30
[2025.11.25-20.20.30:339][209]LogWorld: Bringing up level for play took: 0.002523
[2025.11.25-20.20.30:340][209]LogOnline: OSS: Creating online subsystem instance for: :Context_19
[2025.11.25-20.20.30:345][209]PIE: Server logged in
[2025.11.25-20.20.30:346][209]PIE: Play in editor total start time 0.22 seconds.
[2025.11.25-20.20.34:057][414]LogSlate: Updating window title bar state: overlay mode, drag disabled, window buttons hidden, title bar hidden
[2025.11.25-20.20.34:057][414]LogWorld: BeginTearingDown for /Game/Mapas/Fases/UEDPIE_0_NewMap
[2025.11.25-20.20.34:057][414]LogSlate: Window 'ColunaDoendoSamurai Preview [NetMode: Standalone]  (64-bit/Windows) ' being destroyed
[2025.11.25-20.20.34:063][414]LogWorld: UWorld::CleanupWorld for NewMap, bSessionEnded=true, bCleanupResources=true
[2025.11.25-20.20.34:063][414]LogSlate: InvalidateAllWidgets triggered.  All widgets were invalidated
[2025.11.25-20.20.34:071][414]LogPlayLevel: Display: Shutting down PIE online subsystems
[2025.11.25-20.20.34:075][414]LogSlate: InvalidateAllWidgets triggered.  All widgets were invalidated
[2025.11.25-20.20.34:096][414]LogAudioMixer: FMixerPlatformXAudio2::StopAudioStream() called
[2025.11.25-20.20.34:097][414]LogAudioMixer: FMixerPlatformXAudio2::StopAudioStream() called
[2025.11.25-20.20.34:104][414]LogUObjectHash: Compacting FUObjectHashTables data took   2.33ms
[2025.11.25-20.20.34:123][415]LogPlayLevel: Display: Destroying online subsystem :Context_19
[2025.11.25-20.20.35:920][507]LogTemp: Repeating last play command: Selected Viewport
[2025.11.25-20.20.35:927][507]LogPlayLevel: PlayLevel: No blueprints needed recompiling
[2025.11.25-20.20.35:927][507]PIE: New page: PIE session: NewMap (Nov 25, 2025, 2:20:35 PM)
[2025.11.25-20.20.35:927][507]LogPlayLevel: Creating play world package: /Game/Mapas/Fases/UEDPIE_0_NewMap
[2025.11.25-20.20.35:949][507]LogPlayLevel: PIE: StaticDuplicateObject took: (0.021885s)
[2025.11.25-20.20.35:950][507]LogAIModule: Creating AISystem for world NewMap
[2025.11.25-20.20.35:950][507]LogPlayLevel: PIE: World Init took: (0.001147s)
[2025.11.25-20.20.35:951][507]LogPlayLevel: PIE: Created PIE world by copying editor world from /Game/Mapas/Fases/NewMap.NewMap to /Game/Mapas/Fases/UEDPIE_0_NewMap.NewMap (0.023203s)
[2025.11.25-20.20.35:975][507]LogUObjectHash: Compacting FUObjectHashTables data took   2.18ms
[2025.11.25-20.20.35:976][507]LogAudio: Display: Creating Audio Device:                 Id: 18, Scope: Unique, Realtime: True
[2025.11.25-20.20.35:976][507]LogAudioMixer: Display: Audio Mixer Platform Settings:
[2025.11.25-20.20.35:976][507]LogAudioMixer: Display: 	Sample Rate:						  48000
[2025.11.25-20.20.35:976][507]LogAudioMixer: Display: 	Callback Buffer Frame Size Requested: 1024
[2025.11.25-20.20.35:976][507]LogAudioMixer: Display: 	Callback Buffer Frame Size To Use:	  1024
[2025.11.25-20.20.35:976][507]LogAudioMixer: Display: 	Number of buffers to queue:			  2
[2025.11.25-20.20.35:976][507]LogAudioMixer: Display: 	Max Channels (voices):				  32
[2025.11.25-20.20.35:976][507]LogAudioMixer: Display: 	Number of Async Source Workers:		  0
[2025.11.25-20.20.35:976][507]LogAudio: Display: AudioDevice MaxSources: 32
[2025.11.25-20.20.35:976][507]LogAudio: Display: Audio Spatialization Plugin: None (built-in).
[2025.11.25-20.20.35:976][507]LogAudio: Display: Audio Reverb Plugin: None (built-in).
[2025.11.25-20.20.35:976][507]LogAudio: Display: Audio Occlusion Plugin: None (built-in).
[2025.11.25-20.20.35:976][507]LogAudioMixer: Display: Initializing audio mixer.
[2025.11.25-20.20.35:982][507]LogAudioMixer: Display: 0: FrontLeft
[2025.11.25-20.20.35:982][507]LogAudioMixer: Display: 1: FrontRight
[2025.11.25-20.20.35:989][507]LogAudioMixer: Display: Using Audio Device Alto-falantes (Realtek(R) Audio)
[2025.11.25-20.20.35:991][507]LogAudioMixer: Display: Initializing Sound Submixes...
[2025.11.25-20.20.35:991][507]LogAudioMixer: Display: Creating Master Submix 'MasterSubmixDefault'
[2025.11.25-20.20.35:991][507]LogAudioMixer: Display: Creating Master Submix 'MasterReverbSubmixDefault'
[2025.11.25-20.20.35:991][507]LogAudioMixer: Display: Creating Master Submix 'MasterEQSubmixDefault'
[2025.11.25-20.20.35:991][507]LogAudioMixer: FMixerPlatformXAudio2::StartAudioStream() called
[2025.11.25-20.20.35:992][507]LogAudioMixer: Display: Output buffers initialized: Frames=1024, Channels=2, Samples=2048
[2025.11.25-20.20.35:993][507]LogAudioMixer: Display: Starting AudioMixerPlatformInterface::RunInternal()
[2025.11.25-20.20.35:993][507]LogAudioMixer: Display: FMixerPlatformXAudio2::SubmitBuffer() called for the first time
[2025.11.25-20.20.35:993][507]LogInit: FAudioDevice initialized.
[2025.11.25-20.20.35:993][507]LogAudio: Display: Audio Device (ID: 18) registered with world 'NewMap'.
[2025.11.25-20.20.36:037][507]LogSlate: Updating window title bar state: overlay mode, drag disabled, window buttons hidden, title bar hidden
[2025.11.25-20.20.36:037][507]LogLoad: Game class is 'GameModeRL_C'
[2025.11.25-20.20.36:040][507]LogWorld: Bringing World /Game/Mapas/Fases/UEDPIE_0_NewMap.NewMap up for play (max tick rate 60) at 2025.11.25-17.20.36
[2025.11.25-20.20.36:041][507]LogWorld: Bringing up level for play took: 0.002000
[2025.11.25-20.20.36:041][507]LogOnline: OSS: Creating online subsystem instance for: :Context_20
[2025.11.25-20.20.36:048][507]PIE: Server logged in
[2025.11.25-20.20.36:052][507]PIE: Play in editor total start time 0.126 seconds.
[2025.11.25-20.20.36:101][509]LogRenderer: Reallocating scene render targets to support 1200x784 Format 10 NumSamples 1 (Frame:1).
[2025.11.25-20.20.39:636][717]LogSlate: Updating window title bar state: overlay mode, drag disabled, window buttons hidden, title bar hidden
[2025.11.25-20.20.39:636][717]LogWorld: BeginTearingDown for /Game/Mapas/Fases/UEDPIE_0_NewMap
[2025.11.25-20.20.39:636][717]LogSlate: Window 'ColunaDoendoSamurai Preview [NetMode: Standalone]  (64-bit/Windows) ' being destroyed
[2025.11.25-20.20.39:641][717]LogWorld: UWorld::CleanupWorld for NewMap, bSessionEnded=true, bCleanupResources=true
[2025.11.25-20.20.39:642][717]LogSlate: InvalidateAllWidgets triggered.  All widgets were invalidated
[2025.11.25-20.20.39:650][717]LogPlayLevel: Display: Shutting down PIE online subsystems
[2025.11.25-20.20.39:655][717]LogSlate: InvalidateAllWidgets triggered.  All widgets were invalidated
[2025.11.25-20.20.39:677][717]LogAudioMixer: FMixerPlatformXAudio2::StopAudioStream() called
[2025.11.25-20.20.39:678][717]LogAudioMixer: FMixerPlatformXAudio2::StopAudioStream() called
[2025.11.25-20.20.39:684][717]LogUObjectHash: Compacting FUObjectHashTables data took   2.06ms
[2025.11.25-20.20.39:719][719]LogPlayLevel: Display: Destroying online subsystem :Context_20
[2025.11.25-20.20.55:983][674]LogEditorTransaction: Undo Edit Hidden in Game
[2025.11.25-20.20.56:748][694]LogEditorTransaction: Undo Attach Component
[2025.11.25-20.20.59:677][850]LogTemp: Repeating last play command: Selected Viewport
[2025.11.25-20.20.59:686][850]LogPlayLevel: PlayLevel: No blueprints needed recompiling
[2025.11.25-20.20.59:686][850]PIE: New page: PIE session: NewMap (Nov 25, 2025, 2:20:59 PM)
[2025.11.25-20.20.59:686][850]LogPlayLevel: Creating play world package: /Game/Mapas/Fases/UEDPIE_0_NewMap
[2025.11.25-20.20.59:706][850]LogPlayLevel: PIE: StaticDuplicateObject took: (0.020414s)
[2025.11.25-20.20.59:707][850]LogAIModule: Creating AISystem for world NewMap
[2025.11.25-20.20.59:707][850]LogPlayLevel: PIE: World Init took: (0.001185s)
[2025.11.25-20.20.59:707][850]LogPlayLevel: PIE: Created PIE world by copying editor world from /Game/Mapas/Fases/NewMap.NewMap to /Game/Mapas/Fases/UEDPIE_0_NewMap.NewMap (0.021750s)
[2025.11.25-20.20.59:730][850]LogUObjectHash: Compacting FUObjectHashTables data took   2.34ms
[2025.11.25-20.20.59:731][850]LogAudio: Display: Creating Audio Device:                 Id: 19, Scope: Unique, Realtime: True
[2025.11.25-20.20.59:731][850]LogAudioMixer: Display: Audio Mixer Platform Settings:
[2025.11.25-20.20.59:731][850]LogAudioMixer: Display: 	Sample Rate:						  48000
[2025.11.25-20.20.59:731][850]LogAudioMixer: Display: 	Callback Buffer Frame Size Requested: 1024
[2025.11.25-20.20.59:731][850]LogAudioMixer: Display: 	Callback Buffer Frame Size To Use:	  1024
[2025.11.25-20.20.59:731][850]LogAudioMixer: Display: 	Number of buffers to queue:			  2
[2025.11.25-20.20.59:731][850]LogAudioMixer: Display: 	Max Channels (voices):				  32
[2025.11.25-20.20.59:731][850]LogAudioMixer: Display: 	Number of Async Source Workers:		  0
[2025.11.25-20.20.59:731][850]LogAudio: Display: AudioDevice MaxSources: 32
[2025.11.25-20.20.59:732][850]LogAudio: Display: Audio Spatialization Plugin: None (built-in).
[2025.11.25-20.20.59:732][850]LogAudio: Display: Audio Reverb Plugin: None (built-in).
[2025.11.25-20.20.59:732][850]LogAudio: Display: Audio Occlusion Plugin: None (built-in).
[2025.11.25-20.20.59:732][850]LogAudioMixer: Display: Initializing audio mixer.
[2025.11.25-20.20.59:738][850]LogAudioMixer: Display: 0: FrontLeft
[2025.11.25-20.20.59:738][850]LogAudioMixer: Display: 1: FrontRight
[2025.11.25-20.20.59:745][850]LogAudioMixer: Display: Using Audio Device Alto-falantes (Realtek(R) Audio)
[2025.11.25-20.20.59:745][850]LogAudioMixer: Display: Initializing Sound Submixes...
[2025.11.25-20.20.59:745][850]LogAudioMixer: Display: Creating Master Submix 'MasterSubmixDefault'
[2025.11.25-20.20.59:745][850]LogAudioMixer: Display: Creating Master Submix 'MasterReverbSubmixDefault'
[2025.11.25-20.20.59:746][850]LogAudioMixer: Display: Creating Master Submix 'MasterEQSubmixDefault'
[2025.11.25-20.20.59:746][850]LogAudioMixer: FMixerPlatformXAudio2::StartAudioStream() called
[2025.11.25-20.20.59:746][850]LogAudioMixer: Display: Output buffers initialized: Frames=1024, Channels=2, Samples=2048
[2025.11.25-20.20.59:747][850]LogAudioMixer: Display: Starting AudioMixerPlatformInterface::RunInternal()
[2025.11.25-20.20.59:747][850]LogAudioMixer: Display: FMixerPlatformXAudio2::SubmitBuffer() called for the first time
[2025.11.25-20.20.59:747][850]LogInit: FAudioDevice initialized.
[2025.11.25-20.20.59:747][850]LogAudio: Display: Audio Device (ID: 19) registered with world 'NewMap'.
[2025.11.25-20.20.59:797][850]LogSlate: Updating window title bar state: overlay mode, drag disabled, window buttons hidden, title bar hidden
[2025.11.25-20.20.59:798][850]LogLoad: Game class is 'GameModeRL_C'
[2025.11.25-20.20.59:800][850]LogWorld: Bringing World /Game/Mapas/Fases/UEDPIE_0_NewMap.NewMap up for play (max tick rate 60) at 2025.11.25-17.20.59
[2025.11.25-20.20.59:801][850]LogWorld: Bringing up level for play took: 0.002464
[2025.11.25-20.20.59:801][850]LogOnline: OSS: Creating online subsystem instance for: :Context_21
[2025.11.25-20.20.59:809][850]PIE: Server logged in
[2025.11.25-20.20.59:812][850]PIE: Play in editor total start time 0.128 seconds.
[2025.11.25-20.21.01:776][958]LogSlate: Updating window title bar state: overlay mode, drag disabled, window buttons hidden, title bar hidden
[2025.11.25-20.21.01:776][958]LogWorld: BeginTearingDown for /Game/Mapas/Fases/UEDPIE_0_NewMap
[2025.11.25-20.21.01:776][958]LogSlate: Window 'ColunaDoendoSamurai Preview [NetMode: Standalone]  (64-bit/Windows) ' being destroyed
[2025.11.25-20.21.01:782][958]LogWorld: UWorld::CleanupWorld for NewMap, bSessionEnded=true, bCleanupResources=true
[2025.11.25-20.21.01:782][958]LogSlate: InvalidateAllWidgets triggered.  All widgets were invalidated
[2025.11.25-20.21.01:795][958]LogPlayLevel: Display: Shutting down PIE online subsystems
[2025.11.25-20.21.01:800][958]LogSlate: InvalidateAllWidgets triggered.  All widgets were invalidated
[2025.11.25-20.21.01:821][958]LogAudio: Display: Audio Device unregistered from world 'None'.
[2025.11.25-20.21.01:821][958]LogAudioMixer: FMixerPlatformXAudio2::StopAudioStream() called
[2025.11.25-20.21.01:822][958]LogAudioMixer: FMixerPlatformXAudio2::StopAudioStream() called
[2025.11.25-20.21.01:829][958]LogUObjectHash: Compacting FUObjectHashTables data took   2.05ms
[2025.11.25-20.21.01:862][960]LogPlayLevel: Display: Destroying online subsystem :Context_21
[2025.11.25-20.21.05:670][164]Cmd: OBJ SAVEPACKAGE PACKAGE="/Game/Player/Blueprints/Player_BP" FILE="E:/Unreal/Fumec_DevGames/Content/Player/Blueprints/Player_BP.uasset" SILENT=true
[2025.11.25-20.21.05:771][164]LogSavePackage: Moving 'E:/Unreal/Fumec_DevGames/Saved/Player_BP0086BDA04E89C40AC0DBF293D06314CC.tmp' to 'E:/Unreal/Fumec_DevGames/Content/Player/Blueprints/Player_BP.uasset'
[2025.11.25-20.21.05:791][164]AssetCheck: New page: Asset Save: Player_BP
[2025.11.25-20.21.05:791][164]LogContentValidation: Display: Validating Blueprint /Game/Player/Blueprints/Player_BP.Player_BP
[2025.11.25-20.21.06:499][201]BlueprintLog: New page: Compile Player_BP
[2025.11.25-20.21.06:567][201]LogUObjectHash: Compacting FUObjectHashTables data took   2.33ms
[2025.11.25-20.21.07:099][222]LogTemp: Repeating last play command: Selected Viewport
[2025.11.25-20.21.07:107][222]LogPlayLevel: PlayLevel: No blueprints needed recompiling
[2025.11.25-20.21.07:107][222]PIE: New page: PIE session: NewMap (Nov 25, 2025, 2:21:07 PM)
[2025.11.25-20.21.07:107][222]LogPlayLevel: Creating play world package: /Game/Mapas/Fases/UEDPIE_0_NewMap
[2025.11.25-20.21.07:128][222]LogPlayLevel: PIE: StaticDuplicateObject took: (0.020575s)
[2025.11.25-20.21.07:129][222]LogAIModule: Creating AISystem for world NewMap
[2025.11.25-20.21.07:129][222]LogPlayLevel: PIE: World Init took: (0.001254s)
[2025.11.25-20.21.07:129][222]LogPlayLevel: PIE: Created PIE world by copying editor world from /Game/Mapas/Fases/NewMap.NewMap to /Game/Mapas/Fases/UEDPIE_0_NewMap.NewMap (0.022002s)
[2025.11.25-20.21.07:155][222]LogUObjectHash: Compacting FUObjectHashTables data took   2.81ms
[2025.11.25-20.21.07:155][222]LogAudio: Display: Creating Audio Device:                 Id: 20, Scope: Unique, Realtime: True
[2025.11.25-20.21.07:155][222]LogAudioMixer: Display: Audio Mixer Platform Settings:
[2025.11.25-20.21.07:155][222]LogAudioMixer: Display: 	Sample Rate:						  48000
[2025.11.25-20.21.07:155][222]LogAudioMixer: Display: 	Callback Buffer Frame Size Requested: 1024
[2025.11.25-20.21.07:155][222]LogAudioMixer: Display: 	Callback Buffer Frame Size To Use:	  1024
[2025.11.25-20.21.07:155][222]LogAudioMixer: Display: 	Number of buffers to queue:			  2
[2025.11.25-20.21.07:156][222]LogAudioMixer: Display: 	Max Channels (voices):				  32
[2025.11.25-20.21.07:156][222]LogAudioMixer: Display: 	Number of Async Source Workers:		  0
[2025.11.25-20.21.07:156][222]LogAudio: Display: AudioDevice MaxSources: 32
[2025.11.25-20.21.07:156][222]LogAudio: Display: Audio Spatialization Plugin: None (built-in).
[2025.11.25-20.21.07:156][222]LogAudio: Display: Audio Reverb Plugin: None (built-in).
[2025.11.25-20.21.07:156][222]LogAudio: Display: Audio Occlusion Plugin: None (built-in).
[2025.11.25-20.21.07:156][222]LogAudioMixer: Display: Initializing audio mixer.
[2025.11.25-20.21.07:161][222]LogAudioMixer: Display: 0: FrontLeft
[2025.11.25-20.21.07:161][222]LogAudioMixer: Display: 1: FrontRight
[2025.11.25-20.21.07:169][222]LogAudioMixer: Display: Using Audio Device Alto-falantes (Realtek(R) Audio)
[2025.11.25-20.21.07:169][222]LogAudioMixer: Display: Initializing Sound Submixes...
[2025.11.25-20.21.07:169][222]LogAudioMixer: Display: Creating Master Submix 'MasterSubmixDefault'
[2025.11.25-20.21.07:169][222]LogAudioMixer: Display: Creating Master Submix 'MasterReverbSubmixDefault'
[2025.11.25-20.21.07:170][222]LogAudioMixer: Display: Creating Master Submix 'MasterEQSubmixDefault'
[2025.11.25-20.21.07:170][222]LogAudioMixer: FMixerPlatformXAudio2::StartAudioStream() called
[2025.11.25-20.21.07:170][222]LogAudioMixer: Display: Output buffers initialized: Frames=1024, Channels=2, Samples=2048
[2025.11.25-20.21.07:171][222]LogAudioMixer: Display: Starting AudioMixerPlatformInterface::RunInternal()
[2025.11.25-20.21.07:171][222]LogAudioMixer: Display: FMixerPlatformXAudio2::SubmitBuffer() called for the first time
[2025.11.25-20.21.07:171][222]LogInit: FAudioDevice initialized.
[2025.11.25-20.21.07:171][222]LogAudio: Display: Audio Device (ID: 20) registered with world 'NewMap'.
[2025.11.25-20.21.07:216][222]LogSlate: Updating window title bar state: overlay mode, drag disabled, window buttons hidden, title bar hidden
[2025.11.25-20.21.07:216][222]LogLoad: Game class is 'GameModeRL_C'
[2025.11.25-20.21.07:218][222]LogWorld: Bringing World /Game/Mapas/Fases/UEDPIE_0_NewMap.NewMap up for play (max tick rate 60) at 2025.11.25-17.21.07
[2025.11.25-20.21.07:219][222]LogWorld: Bringing up level for play took: 0.002449
[2025.11.25-20.21.07:219][222]LogOnline: OSS: Creating online subsystem instance for: :Context_22
[2025.11.25-20.21.07:227][222]PIE: Server logged in
[2025.11.25-20.21.07:231][222]PIE: Play in editor total start time 0.125 seconds.
[2025.11.25-20.21.10:476][406]LogSlate: Updating window title bar state: overlay mode, drag disabled, window buttons hidden, title bar hidden
[2025.11.25-20.21.10:476][406]LogWorld: BeginTearingDown for /Game/Mapas/Fases/UEDPIE_0_NewMap
[2025.11.25-20.21.10:477][406]LogSlate: Window 'ColunaDoendoSamurai Preview [NetMode: Standalone]  (64-bit/Windows) ' being destroyed
[2025.11.25-20.21.10:483][406]LogWorld: UWorld::CleanupWorld for NewMap, bSessionEnded=true, bCleanupResources=true
[2025.11.25-20.21.10:483][406]LogSlate: InvalidateAllWidgets triggered.  All widgets were invalidated
[2025.11.25-20.21.10:491][406]LogPlayLevel: Display: Shutting down PIE online subsystems
[2025.11.25-20.21.10:495][406]LogSlate: InvalidateAllWidgets triggered.  All widgets were invalidated
[2025.11.25-20.21.10:517][406]LogAudioMixer: FMixerPlatformXAudio2::StopAudioStream() called
[2025.11.25-20.21.10:518][406]LogAudioMixer: FMixerPlatformXAudio2::StopAudioStream() called
[2025.11.25-20.21.10:527][406]LogUObjectHash: Compacting FUObjectHashTables data took   2.85ms
[2025.11.25-20.21.10:547][407]LogPlayLevel: Display: Destroying online subsystem :Context_22
[2025.11.25-20.21.36:417][936]LogUObjectHash: Compacting FUObjectHashTables data took   2.42ms
[2025.11.25-20.21.36:450][936]Cmd: OBJ SAVEPACKAGE PACKAGE="/Game/Player/Blueprints/Player_BP" FILE="E:/Unreal/Fumec_DevGames/Content/Player/Blueprints/Player_BP.uasset" SILENT=true
[2025.11.25-20.21.36:552][936]LogSavePackage: Moving 'E:/Unreal/Fumec_DevGames/Saved/Player_BPE56689934E51093E658704836DE7D50E.tmp' to 'E:/Unreal/Fumec_DevGames/Content/Player/Blueprints/Player_BP.uasset'
[2025.11.25-20.21.36:572][936]AssetCheck: New page: Asset Save: Player_BP
[2025.11.25-20.21.36:572][936]LogContentValidation: Display: Validating Blueprint /Game/Player/Blueprints/Player_BP.Player_BP
[2025.11.25-20.21.42:120][262]LogUObjectHash: Compacting FUObjectHashTables data took   0.64ms
[2025.11.25-20.21.42:182][262]LogAssetEditorSubsystem: Opening Asset editor for World /Game/Mapas/Fases/MapadeTeste/MapadeTeste.MapadeTeste
[2025.11.25-20.21.42:182][262]Cmd: MAP LOAD FILE="E:/Unreal/Fumec_DevGames/Content/Mapas/Fases/MapadeTeste/MapadeTeste.umap" TEMPLATE=0 SHOWPROGRESS=1 FEATURELEVEL=3
[2025.11.25-20.21.42:182][262]LightingResults: New page: Lighting Build
[2025.11.25-20.21.42:182][262]LoadErrors: New page: Loading map: MapadeTeste.umap
[2025.11.25-20.21.42:215][262]LogWorld: UWorld::CleanupWorld for NewMap, bSessionEnded=true, bCleanupResources=true
[2025.11.25-20.21.42:215][262]LogSlate: InvalidateAllWidgets triggered.  All widgets were invalidated
[2025.11.25-20.21.42:216][262]MapCheck: New page: Map Check
[2025.11.25-20.21.42:216][262]LightingResults: New page: Lighting Build
[2025.11.25-20.21.42:239][262]LogAudio: Display: Audio Device unregistered from world 'None'.
[2025.11.25-20.21.42:243][262]LogUObjectHash: Compacting FUObjectHashTables data took   2.57ms
[2025.11.25-20.21.42:243][262]LogAudio: Display: Audio Device (ID: 1) registered with world 'MapadeTeste'.
[2025.11.25-20.21.42:342][262]LogEditorServer: Finished looking for orphan Actors (0.000 secs)
[2025.11.25-20.21.42:342][262]LogAIModule: Creating AISystem for world MapadeTeste
[2025.11.25-20.21.42:368][262]LogUObjectHash: Compacting FUObjectHashTables data took   2.34ms
[2025.11.25-20.21.42:390][262]Cmd: MAP CHECKDEP NOCLEARLOG
[2025.11.25-20.21.42:390][262]MapCheck: Map check complete: 0 Error(s), 0 Warning(s), took 0.101ms to complete.
[2025.11.25-20.21.42:390][262]LogFileHelpers: Loading map 'MapadeTeste' took 0.207
[2025.11.25-20.21.46:815][513]LogAssetEditorSubsystem: Opening Asset editor for LevelScriptBlueprint /Game/Mapas/Fases/MapadeTeste/MapadeTeste.MapadeTeste:PersistentLevel.MapadeTeste
[2025.11.25-20.21.58:818][204]LogSlate: Window 'MapadeTeste' being destroyed
[2025.11.25-20.21.58:824][204]LogSlate: Window 'MapadeTeste' being destroyed
[2025.11.25-20.21.58:827][204]LogWorld: UWorld::CleanupWorld for World_3, bSessionEnded=true, bCleanupResources=true
[2025.11.25-20.21.58:827][204]LogSlate: InvalidateAllWidgets triggered.  All widgets were invalidated
[2025.11.25-20.22.02:726][434]LogUObjectHash: Compacting FUObjectHashTables data took   1.98ms
[2025.11.25-20.22.04:155][434]LogSlate: Window 'Save Content' being destroyed
[2025.11.25-20.22.04:216][434]LogAssetEditorSubsystem: Opening Asset editor for World /Game/Mapas/Fases/NewMap.NewMap
[2025.11.25-20.22.04:217][434]Cmd: MAP LOAD FILE="E:/Unreal/Fumec_DevGames/Content/Mapas/Fases/NewMap.umap" TEMPLATE=0 SHOWPROGRESS=1 FEATURELEVEL=3
[2025.11.25-20.22.04:217][434]LightingResults: New page: Lighting Build
[2025.11.25-20.22.04:217][434]LoadErrors: New page: Loading map: NewMap.umap
[2025.11.25-20.22.04:218][434]LogWorld: UWorld::CleanupWorld for MapadeTeste, bSessionEnded=true, bCleanupResources=true
[2025.11.25-20.22.04:218][434]LogSlate: InvalidateAllWidgets triggered.  All widgets were invalidated
[2025.11.25-20.22.04:219][434]MapCheck: New page: Map Check
[2025.11.25-20.22.04:219][434]LightingResults: New page: Lighting Build
[2025.11.25-20.22.04:240][434]LogAudio: Display: Audio Device unregistered from world 'None'.
[2025.11.25-20.22.04:244][434]LogUObjectHash: Compacting FUObjectHashTables data took   2.79ms
[2025.11.25-20.22.04:244][434]LogAudio: Display: Audio Device (ID: 1) registered with world 'NewMap'.
[2025.11.25-20.22.04:344][434]LogEditorServer: Finished looking for orphan Actors (0.000 secs)
[2025.11.25-20.22.04:344][434]LogAIModule: Creating AISystem for world NewMap
[2025.11.25-20.22.04:372][434]LogUObjectHash: Compacting FUObjectHashTables data took   2.36ms
[2025.11.25-20.22.04:393][434]Cmd: MAP CHECKDEP NOCLEARLOG
[2025.11.25-20.22.04:394][434]MapCheck: Map check complete: 0 Error(s), 0 Warning(s), took 0.777ms to complete.
[2025.11.25-20.22.04:394][434]LogFileHelpers: Loading map 'NewMap' took 0.177
[2025.11.25-20.22.07:790][628]LogAssetEditorSubsystem: Opening Asset editor for LevelScriptBlueprint /Game/Mapas/Fases/NewMap.NewMap:PersistentLevel.NewMap
[2025.11.25-20.22.10:525][764]LogSlate: Window 'NewMap' being destroyed
[2025.11.25-20.22.17:247][162]Cmd: OBJ SAVEPACKAGE PACKAGE="/Game/Mapas/Fases/NewMap" FILE="E:/Unreal/Fumec_DevGames/Content/Mapas/Fases/NewMap.umap" SILENT=true AUTOSAVING=false KEEPDIRTY=false
[2025.11.25-20.22.17:275][162]LogUObjectHash: Compacting FUObjectHashTables data took   2.31ms
[2025.11.25-20.22.17:417][162]LogSavePackage: Moving 'E:/Unreal/Fumec_DevGames/Saved/NewMap41AC9F3348B49292F506BAA26D68C01D.tmp' to 'E:/Unreal/Fumec_DevGames/Content/Mapas/Fases/NewMap.umap'
[2025.11.25-20.22.17:438][162]LogFileHelpers: Saving map 'NewMap' took 0.191
[2025.11.25-20.22.17:458][162]AssetCheck: New page: Asset Save: NewMap
[2025.11.25-20.22.17:458][162]LogContentValidation: Display: Validating World /Game/Mapas/Fases/NewMap.NewMap
[2025.11.25-20.22.18:677][234]BlueprintLog: New page: Compile NewMap
[2025.11.25-20.22.18:710][234]LogUObjectHash: Compacting FUObjectHashTables data took   2.52ms
[2025.11.25-20.22.19:994][307]LogTemp: Repeating last play command: Selected Viewport
[2025.11.25-20.22.20:001][307]BlueprintLog: New page: Pre-Play auto-recompile
[2025.11.25-20.22.20:006][307]LogPlayLevel: [PlayLevel] Compiling Player_BP before play...
[2025.11.25-20.22.20:025][307]LogBlueprint: Error: [AssetLog] E:\Unreal\Fumec_DevGames\Content\Player\Blueprints\Player_BP.uasset: [Compiler] This blueprint (self) is not a SceneComponent, therefore ' Target ' must have a connection.
[2025.11.25-20.22.20:110][307]LogUObjectHash: Compacting FUObjectHashTables data took   2.98ms
[2025.11.25-20.22.20:110][307]LogPlayLevel: PlayLevel: Blueprint regeneration took 108 ms (1 blueprints)
[2025.11.25-20.22.20:110][307]BlueprintLog: Warning: Blueprint failed to compile:  Player_BP
[2025.11.25-20.22.20:110][307]LogCustomDialog: Dialog displayed:
[2025.11.25-20.22.21:534][307]LogSlate: Window 'Blueprint Compilation Errors' being destroyed
[2025.11.25-20.22.24:123][458]LogSlate: Window 'Message Log' being destroyed
[2025.11.25-20.22.24:127][458]LogSlate: Window 'Message Log' being destroyed
[2025.11.25-20.22.32:264][914]BlueprintLog: New page: Compile Player_BP
[2025.11.25-20.22.32:338][914]LogUObjectHash: Compacting FUObjectHashTables data took   2.91ms
[2025.11.25-20.22.32:404][914]Cmd: OBJ SAVEPACKAGE PACKAGE="/Game/Player/Blueprints/Player_BP" FILE="E:/Unreal/Fumec_DevGames/Content/Player/Blueprints/Player_BP.uasset" SILENT=true
[2025.11.25-20.22.32:507][914]LogSavePackage: Moving 'E:/Unreal/Fumec_DevGames/Saved/Player_BPAAC818FC41A1FB453E2340ABB6280BD7.tmp' to 'E:/Unreal/Fumec_DevGames/Content/Player/Blueprints/Player_BP.uasset'
[2025.11.25-20.22.32:528][914]AssetCheck: New page: Asset Save: Player_BP
[2025.11.25-20.22.32:528][914]LogContentValidation: Display: Validating Blueprint /Game/Player/Blueprints/Player_BP.Player_BP
[2025.11.25-20.22.33:431][956]LogTemp: Repeating last play command: Selected Viewport
[2025.11.25-20.22.33:438][956]LogPlayLevel: PlayLevel: No blueprints needed recompiling
[2025.11.25-20.22.33:438][956]PIE: New page: PIE session: NewMap (Nov 25, 2025, 2:22:33 PM)
[2025.11.25-20.22.33:438][956]LogPlayLevel: Creating play world package: /Game/Mapas/Fases/UEDPIE_0_NewMap
[2025.11.25-20.22.33:463][956]LogPlayLevel: PIE: StaticDuplicateObject took: (0.023761s)
[2025.11.25-20.22.33:463][956]LogAIModule: Creating AISystem for world NewMap
[2025.11.25-20.22.33:463][956]LogPlayLevel: PIE: World Init took: (0.001207s)
[2025.11.25-20.22.33:463][956]LogPlayLevel: PIE: Created PIE world by copying editor world from /Game/Mapas/Fases/NewMap.NewMap to /Game/Mapas/Fases/UEDPIE_0_NewMap.NewMap (0.025109s)
[2025.11.25-20.22.33:494][956]LogUObjectHash: Compacting FUObjectHashTables data took   3.44ms
[2025.11.25-20.22.33:494][956]LogAudio: Display: Creating Audio Device:                 Id: 21, Scope: Unique, Realtime: True
[2025.11.25-20.22.33:494][956]LogAudioMixer: Display: Audio Mixer Platform Settings:
[2025.11.25-20.22.33:494][956]LogAudioMixer: Display: 	Sample Rate:						  48000
[2025.11.25-20.22.33:494][956]LogAudioMixer: Display: 	Callback Buffer Frame Size Requested: 1024
[2025.11.25-20.22.33:494][956]LogAudioMixer: Display: 	Callback Buffer Frame Size To Use:	  1024
[2025.11.25-20.22.33:494][956]LogAudioMixer: Display: 	Number of buffers to queue:			  2
[2025.11.25-20.22.33:494][956]LogAudioMixer: Display: 	Max Channels (voices):				  32
[2025.11.25-20.22.33:494][956]LogAudioMixer: Display: 	Number of Async Source Workers:		  0
[2025.11.25-20.22.33:494][956]LogAudio: Display: AudioDevice MaxSources: 32
[2025.11.25-20.22.33:495][956]LogAudio: Display: Audio Spatialization Plugin: None (built-in).
[2025.11.25-20.22.33:495][956]LogAudio: Display: Audio Reverb Plugin: None (built-in).
[2025.11.25-20.22.33:495][956]LogAudio: Display: Audio Occlusion Plugin: None (built-in).
[2025.11.25-20.22.33:495][956]LogAudioMixer: Display: Initializing audio mixer.
[2025.11.25-20.22.33:501][956]LogAudioMixer: Display: 0: FrontLeft
[2025.11.25-20.22.33:501][956]LogAudioMixer: Display: 1: FrontRight
[2025.11.25-20.22.33:510][956]LogAudioMixer: Display: Using Audio Device Alto-falantes (Realtek(R) Audio)
[2025.11.25-20.22.33:510][956]LogAudioMixer: Display: Initializing Sound Submixes...
[2025.11.25-20.22.33:510][956]LogAudioMixer: Display: Creating Master Submix 'MasterSubmixDefault'
[2025.11.25-20.22.33:510][956]LogAudioMixer: Display: Creating Master Submix 'MasterReverbSubmixDefault'
[2025.11.25-20.22.33:510][956]LogAudioMixer: Display: Creating Master Submix 'MasterEQSubmixDefault'
[2025.11.25-20.22.33:510][956]LogAudioMixer: FMixerPlatformXAudio2::StartAudioStream() called
[2025.11.25-20.22.33:510][956]LogAudioMixer: Display: Output buffers initialized: Frames=1024, Channels=2, Samples=2048
[2025.11.25-20.22.33:512][956]LogAudioMixer: Display: Starting AudioMixerPlatformInterface::RunInternal()
[2025.11.25-20.22.33:512][956]LogAudioMixer: Display: FMixerPlatformXAudio2::SubmitBuffer() called for the first time
[2025.11.25-20.22.33:512][956]LogInit: FAudioDevice initialized.
[2025.11.25-20.22.33:512][956]LogAudio: Display: Audio Device (ID: 21) registered with world 'NewMap'.
[2025.11.25-20.22.33:564][956]LogSlate: Updating window title bar state: overlay mode, drag disabled, window buttons hidden, title bar hidden
[2025.11.25-20.22.33:564][956]LogLoad: Game class is 'GameModeRL_C'
[2025.11.25-20.22.33:567][956]LogWorld: Bringing World /Game/Mapas/Fases/UEDPIE_0_NewMap.NewMap up for play (max tick rate 60) at 2025.11.25-17.22.33
[2025.11.25-20.22.33:567][956]LogWorld: Bringing up level for play took: 0.002572
[2025.11.25-20.22.33:568][956]LogOnline: OSS: Creating online subsystem instance for: :Context_25
[2025.11.25-20.22.33:576][956]PIE: Server logged in
[2025.11.25-20.22.33:580][956]PIE: Play in editor total start time 0.142 seconds.
[2025.11.25-20.22.33:616][957]LogRenderer: Reallocating scene render targets to support 1204x784 Format 10 NumSamples 1 (Frame:1).
[2025.11.25-20.22.41:235][405]LogSlate: Updating window title bar state: overlay mode, drag disabled, window buttons hidden, title bar hidden
[2025.11.25-20.22.41:235][405]LogWorld: BeginTearingDown for /Game/Mapas/Fases/UEDPIE_0_NewMap
[2025.11.25-20.22.41:235][405]LogSlate: Window 'ColunaDoendoSamurai Preview [NetMode: Standalone]  (64-bit/Windows) ' being destroyed
[2025.11.25-20.22.41:243][405]LogWorld: UWorld::CleanupWorld for NewMap, bSessionEnded=true, bCleanupResources=true
[2025.11.25-20.22.41:243][405]LogSlate: InvalidateAllWidgets triggered.  All widgets were invalidated
[2025.11.25-20.22.41:252][405]LogPlayLevel: Display: Shutting down PIE online subsystems
[2025.11.25-20.22.41:256][405]LogSlate: InvalidateAllWidgets triggered.  All widgets were invalidated
[2025.11.25-20.22.41:281][405]LogAudio: Display: Audio Device unregistered from world 'None'.
[2025.11.25-20.22.41:281][405]LogAudioMixer: FMixerPlatformXAudio2::StopAudioStream() called
[2025.11.25-20.22.41:282][405]LogAudioMixer: FMixerPlatformXAudio2::StopAudioStream() called
[2025.11.25-20.22.41:288][405]LogUObjectHash: Compacting FUObjectHashTables data took   2.43ms
[2025.11.25-20.22.41:309][406]LogPlayLevel: Display: Destroying online subsystem :Context_25
[2025.11.25-20.22.54:720][167]LogEditorTransaction: Undo Resize Node
[2025.11.25-20.23.00:405][483]BlueprintLog: New page: Compile Player_BP
[2025.11.25-20.23.00:478][483]LogUObjectHash: Compacting FUObjectHashTables data took   3.12ms
[2025.11.25-20.23.00:548][483]Cmd: OBJ SAVEPACKAGE PACKAGE="/Game/Player/Blueprints/Player_BP" FILE="E:/Unreal/Fumec_DevGames/Content/Player/Blueprints/Player_BP.uasset" SILENT=true
[2025.11.25-20.23.00:649][483]LogSavePackage: Moving 'E:/Unreal/Fumec_DevGames/Saved/Player_BP9787251742826851898146978672AD30.tmp' to 'E:/Unreal/Fumec_DevGames/Content/Player/Blueprints/Player_BP.uasset'
[2025.11.25-20.23.00:673][483]AssetCheck: New page: Asset Save: Player_BP
[2025.11.25-20.23.00:673][483]LogContentValidation: Display: Validating Blueprint /Game/Player/Blueprints/Player_BP.Player_BP
[2025.11.25-20.23.01:224][509]LogTemp: Repeating last play command: Selected Viewport
[2025.11.25-20.23.01:230][509]LogPlayLevel: PlayLevel: No blueprints needed recompiling
[2025.11.25-20.23.01:231][509]PIE: New page: PIE session: NewMap (Nov 25, 2025, 2:23:01 PM)
[2025.11.25-20.23.01:231][509]LogPlayLevel: Creating play world package: /Game/Mapas/Fases/UEDPIE_0_NewMap
[2025.11.25-20.23.01:252][509]LogPlayLevel: PIE: StaticDuplicateObject took: (0.021747s)
[2025.11.25-20.23.01:253][509]LogAIModule: Creating AISystem for world NewMap
[2025.11.25-20.23.01:253][509]LogPlayLevel: PIE: World Init took: (0.001174s)
[2025.11.25-20.23.01:253][509]LogPlayLevel: PIE: Created PIE world by copying editor world from /Game/Mapas/Fases/NewMap.NewMap to /Game/Mapas/Fases/UEDPIE_0_NewMap.NewMap (0.023069s)
[2025.11.25-20.23.01:282][509]LogUObjectHash: Compacting FUObjectHashTables data took   2.96ms
[2025.11.25-20.23.01:282][509]LogAudio: Display: Creating Audio Device:                 Id: 22, Scope: Unique, Realtime: True
[2025.11.25-20.23.01:282][509]LogAudioMixer: Display: Audio Mixer Platform Settings:
[2025.11.25-20.23.01:282][509]LogAudioMixer: Display: 	Sample Rate:						  48000
[2025.11.25-20.23.01:282][509]LogAudioMixer: Display: 	Callback Buffer Frame Size Requested: 1024
[2025.11.25-20.23.01:282][509]LogAudioMixer: Display: 	Callback Buffer Frame Size To Use:	  1024
[2025.11.25-20.23.01:282][509]LogAudioMixer: Display: 	Number of buffers to queue:			  2
[2025.11.25-20.23.01:282][509]LogAudioMixer: Display: 	Max Channels (voices):				  32
[2025.11.25-20.23.01:282][509]LogAudioMixer: Display: 	Number of Async Source Workers:		  0
[2025.11.25-20.23.01:282][509]LogAudio: Display: AudioDevice MaxSources: 32
[2025.11.25-20.23.01:282][509]LogAudio: Display: Audio Spatialization Plugin: None (built-in).
[2025.11.25-20.23.01:282][509]LogAudio: Display: Audio Reverb Plugin: None (built-in).
[2025.11.25-20.23.01:282][509]LogAudio: Display: Audio Occlusion Plugin: None (built-in).
[2025.11.25-20.23.01:282][509]LogAudioMixer: Display: Initializing audio mixer.
[2025.11.25-20.23.01:288][509]LogAudioMixer: Display: 0: FrontLeft
[2025.11.25-20.23.01:288][509]LogAudioMixer: Display: 1: FrontRight
[2025.11.25-20.23.01:297][509]LogAudioMixer: Display: Using Audio Device Alto-falantes (Realtek(R) Audio)
[2025.11.25-20.23.01:297][509]LogAudioMixer: Display: Initializing Sound Submixes...
[2025.11.25-20.23.01:297][509]LogAudioMixer: Display: Creating Master Submix 'MasterSubmixDefault'
[2025.11.25-20.23.01:297][509]LogAudioMixer: Display: Creating Master Submix 'MasterReverbSubmixDefault'
[2025.11.25-20.23.01:297][509]LogAudioMixer: Display: Creating Master Submix 'MasterEQSubmixDefault'
[2025.11.25-20.23.01:297][509]LogAudioMixer: FMixerPlatformXAudio2::StartAudioStream() called
[2025.11.25-20.23.01:297][509]LogAudioMixer: Display: Output buffers initialized: Frames=1024, Channels=2, Samples=2048
[2025.11.25-20.23.01:299][509]LogAudioMixer: Display: Starting AudioMixerPlatformInterface::RunInternal()
[2025.11.25-20.23.01:299][509]LogAudioMixer: Display: FMixerPlatformXAudio2::SubmitBuffer() called for the first time
[2025.11.25-20.23.01:299][509]LogInit: FAudioDevice initialized.
[2025.11.25-20.23.01:299][509]LogAudio: Display: Audio Device (ID: 22) registered with world 'NewMap'.
[2025.11.25-20.23.01:342][509]LogSlate: Updating window title bar state: overlay mode, drag disabled, window buttons hidden, title bar hidden
[2025.11.25-20.23.01:342][509]LogLoad: Game class is 'GameModeRL_C'
[2025.11.25-20.23.01:345][509]LogWorld: Bringing World /Game/Mapas/Fases/UEDPIE_0_NewMap.NewMap up for play (max tick rate 60) at 2025.11.25-17.23.01
[2025.11.25-20.23.01:345][509]LogWorld: Bringing up level for play took: 0.002698
[2025.11.25-20.23.01:346][509]LogOnline: OSS: Creating online subsystem instance for: :Context_26
[2025.11.25-20.23.01:354][509]PIE: Server logged in
[2025.11.25-20.23.01:357][509]PIE: Play in editor total start time 0.128 seconds.
[2025.11.25-20.23.06:766][825]LogSlate: Updating window title bar state: overlay mode, drag disabled, window buttons hidden, title bar hidden
[2025.11.25-20.23.06:766][825]LogWorld: BeginTearingDown for /Game/Mapas/Fases/UEDPIE_0_NewMap
[2025.11.25-20.23.06:766][825]LogSlate: Window 'ColunaDoendoSamurai Preview [NetMode: Standalone]  (64-bit/Windows) ' being destroyed
[2025.11.25-20.23.06:772][825]LogWorld: UWorld::CleanupWorld for NewMap, bSessionEnded=true, bCleanupResources=true
[2025.11.25-20.23.06:772][825]LogSlate: InvalidateAllWidgets triggered.  All widgets were invalidated
[2025.11.25-20.23.06:783][825]LogPlayLevel: Display: Shutting down PIE online subsystems
[2025.11.25-20.23.06:788][825]LogSlate: InvalidateAllWidgets triggered.  All widgets were invalidated
[2025.11.25-20.23.06:811][825]LogAudio: Display: Audio Device unregistered from world 'None'.
[2025.11.25-20.23.06:811][825]LogAudioMixer: FMixerPlatformXAudio2::StopAudioStream() called
[2025.11.25-20.23.06:812][825]LogAudioMixer: FMixerPlatformXAudio2::StopAudioStream() called
[2025.11.25-20.23.06:819][825]LogUObjectHash: Compacting FUObjectHashTables data took   2.42ms
[2025.11.25-20.23.06:837][826]LogPlayLevel: Display: Destroying online subsystem :Context_26
[2025.11.25-20.23.07:758][881]LogTemp: Repeating last play command: Selected Viewport
[2025.11.25-20.23.07:766][881]LogPlayLevel: PlayLevel: No blueprints needed recompiling
[2025.11.25-20.23.07:766][881]PIE: New page: PIE session: NewMap (Nov 25, 2025, 2:23:07 PM)
[2025.11.25-20.23.07:766][881]LogPlayLevel: Creating play world package: /Game/Mapas/Fases/UEDPIE_0_NewMap
[2025.11.25-20.23.07:790][881]LogPlayLevel: PIE: StaticDuplicateObject took: (0.023885s)
[2025.11.25-20.23.07:791][881]LogAIModule: Creating AISystem for world NewMap
[2025.11.25-20.23.07:791][881]LogPlayLevel: PIE: World Init took: (0.001172s)
[2025.11.25-20.23.07:791][881]LogPlayLevel: PIE: Created PIE world by copying editor world from /Game/Mapas/Fases/NewMap.NewMap to /Game/Mapas/Fases/UEDPIE_0_NewMap.NewMap (0.025202s)
[2025.11.25-20.23.07:818][881]LogUObjectHash: Compacting FUObjectHashTables data took   2.64ms
[2025.11.25-20.23.07:818][881]LogAudio: Display: Creating Audio Device:                 Id: 23, Scope: Unique, Realtime: True
[2025.11.25-20.23.07:818][881]LogAudioMixer: Display: Audio Mixer Platform Settings:
[2025.11.25-20.23.07:818][881]LogAudioMixer: Display: 	Sample Rate:						  48000
[2025.11.25-20.23.07:818][881]LogAudioMixer: Display: 	Callback Buffer Frame Size Requested: 1024
[2025.11.25-20.23.07:818][881]LogAudioMixer: Display: 	Callback Buffer Frame Size To Use:	  1024
[2025.11.25-20.23.07:818][881]LogAudioMixer: Display: 	Number of buffers to queue:			  2
[2025.11.25-20.23.07:818][881]LogAudioMixer: Display: 	Max Channels (voices):				  32
[2025.11.25-20.23.07:818][881]LogAudioMixer: Display: 	Number of Async Source Workers:		  0
[2025.11.25-20.23.07:818][881]LogAudio: Display: AudioDevice MaxSources: 32
[2025.11.25-20.23.07:819][881]LogAudio: Display: Audio Spatialization Plugin: None (built-in).
[2025.11.25-20.23.07:819][881]LogAudio: Display: Audio Reverb Plugin: None (built-in).
[2025.11.25-20.23.07:819][881]LogAudio: Display: Audio Occlusion Plugin: None (built-in).
[2025.11.25-20.23.07:819][881]LogAudioMixer: Display: Initializing audio mixer.
[2025.11.25-20.23.07:825][881]LogAudioMixer: Display: 0: FrontLeft
[2025.11.25-20.23.07:825][881]LogAudioMixer: Display: 1: FrontRight
[2025.11.25-20.23.07:831][881]LogAudioMixer: Display: Using Audio Device Alto-falantes (Realtek(R) Audio)
[2025.11.25-20.23.07:833][881]LogAudioMixer: Display: Initializing Sound Submixes...
[2025.11.25-20.23.07:833][881]LogAudioMixer: Display: Creating Master Submix 'MasterSubmixDefault'
[2025.11.25-20.23.07:833][881]LogAudioMixer: Display: Creating Master Submix 'MasterReverbSubmixDefault'
[2025.11.25-20.23.07:833][881]LogAudioMixer: Display: Creating Master Submix 'MasterEQSubmixDefault'
[2025.11.25-20.23.07:833][881]LogAudioMixer: FMixerPlatformXAudio2::StartAudioStream() called
[2025.11.25-20.23.07:834][881]LogAudioMixer: Display: Output buffers initialized: Frames=1024, Channels=2, Samples=2048
[2025.11.25-20.23.07:835][881]LogAudioMixer: Display: Starting AudioMixerPlatformInterface::RunInternal()
[2025.11.25-20.23.07:835][881]LogAudioMixer: Display: FMixerPlatformXAudio2::SubmitBuffer() called for the first time
[2025.11.25-20.23.07:835][881]LogInit: FAudioDevice initialized.
[2025.11.25-20.23.07:835][881]LogAudio: Display: Audio Device (ID: 23) registered with world 'NewMap'.
[2025.11.25-20.23.07:893][881]LogSlate: Updating window title bar state: overlay mode, drag disabled, window buttons hidden, title bar hidden
[2025.11.25-20.23.07:893][881]LogLoad: Game class is 'GameModeRL_C'
[2025.11.25-20.23.07:896][881]LogWorld: Bringing World /Game/Mapas/Fases/UEDPIE_0_NewMap.NewMap up for play (max tick rate 60) at 2025.11.25-17.23.07
[2025.11.25-20.23.07:896][881]LogWorld: Bringing up level for play took: 0.002505
[2025.11.25-20.23.07:898][881]LogOnline: OSS: Creating online subsystem instance for: :Context_27
[2025.11.25-20.23.07:905][881]PIE: Server logged in
[2025.11.25-20.23.07:908][881]PIE: Play in editor total start time 0.144 seconds.
[2025.11.25-20.23.07:940][882]LogRenderer: Reallocating scene render targets to support 1208x784 Format 10 NumSamples 1 (Frame:1).
[2025.11.25-20.23.10:125][  9]LogSlate: Updating window title bar state: overlay mode, drag disabled, window buttons hidden, title bar hidden
[2025.11.25-20.23.10:125][  9]LogWorld: BeginTearingDown for /Game/Mapas/Fases/UEDPIE_0_NewMap
[2025.11.25-20.23.10:126][  9]LogSlate: Window 'ColunaDoendoSamurai Preview [NetMode: Standalone]  (64-bit/Windows) ' being destroyed
[2025.11.25-20.23.10:132][  9]LogWorld: UWorld::CleanupWorld for NewMap, bSessionEnded=true, bCleanupResources=true
[2025.11.25-20.23.10:132][  9]LogSlate: InvalidateAllWidgets triggered.  All widgets were invalidated
[2025.11.25-20.23.10:141][  9]LogPlayLevel: Display: Shutting down PIE online subsystems
[2025.11.25-20.23.10:144][  9]LogSlate: InvalidateAllWidgets triggered.  All widgets were invalidated
[2025.11.25-20.23.10:171][  9]LogAudio: Display: Audio Device unregistered from world 'None'.
[2025.11.25-20.23.10:171][  9]LogAudioMixer: FMixerPlatformXAudio2::StopAudioStream() called
[2025.11.25-20.23.10:172][  9]LogAudioMixer: FMixerPlatformXAudio2::StopAudioStream() called
[2025.11.25-20.23.10:178][  9]LogUObjectHash: Compacting FUObjectHashTables data took   2.04ms
[2025.11.25-20.23.10:194][ 10]LogPlayLevel: Display: Destroying online subsystem :Context_27
[2025.11.25-20.23.23:739][817]Cmd: OBJ SAVEPACKAGE PACKAGE="/Game/Player/Blueprints/Player_BP" FILE="E:/Unreal/Fumec_DevGames/Content/Player/Blueprints/Player_BP.uasset" SILENT=true
[2025.11.25-20.23.23:840][817]LogSavePackage: Moving 'E:/Unreal/Fumec_DevGames/Saved/Player_BP154EFCB543AA7109B0B43C976CE5E135.tmp' to 'E:/Unreal/Fumec_DevGames/Content/Player/Blueprints/Player_BP.uasset'
[2025.11.25-20.23.23:857][817]AssetCheck: New page: Asset Save: Player_BP
[2025.11.25-20.23.23:857][817]LogContentValidation: Display: Validating Blueprint /Game/Player/Blueprints/Player_BP.Player_BP
[2025.11.25-20.23.24:465][848]BlueprintLog: New page: Compile Player_BP
[2025.11.25-20.23.24:537][848]LogUObjectHash: Compacting FUObjectHashTables data took   2.39ms
[2025.11.25-20.23.25:150][876]LogTemp: Repeating last play command: Selected Viewport
[2025.11.25-20.23.25:157][876]LogPlayLevel: PlayLevel: No blueprints needed recompiling
[2025.11.25-20.23.25:158][876]PIE: New page: PIE session: NewMap (Nov 25, 2025, 2:23:25 PM)
[2025.11.25-20.23.25:158][876]LogPlayLevel: Creating play world package: /Game/Mapas/Fases/UEDPIE_0_NewMap
[2025.11.25-20.23.25:181][876]LogPlayLevel: PIE: StaticDuplicateObject took: (0.024276s)
[2025.11.25-20.23.25:183][876]LogAIModule: Creating AISystem for world NewMap
[2025.11.25-20.23.25:184][876]LogPlayLevel: PIE: World Init took: (0.001340s)
[2025.11.25-20.23.25:184][876]LogPlayLevel: PIE: Created PIE world by copying editor world from /Game/Mapas/Fases/NewMap.NewMap to /Game/Mapas/Fases/UEDPIE_0_NewMap.NewMap (0.025796s)
[2025.11.25-20.23.25:212][876]LogUObjectHash: Compacting FUObjectHashTables data took   3.01ms
[2025.11.25-20.23.25:212][876]LogAudio: Display: Creating Audio Device:                 Id: 24, Scope: Unique, Realtime: True
[2025.11.25-20.23.25:212][876]LogAudioMixer: Display: Audio Mixer Platform Settings:
[2025.11.25-20.23.25:212][876]LogAudioMixer: Display: 	Sample Rate:						  48000
[2025.11.25-20.23.25:212][876]LogAudioMixer: Display: 	Callback Buffer Frame Size Requested: 1024
[2025.11.25-20.23.25:212][876]LogAudioMixer: Display: 	Callback Buffer Frame Size To Use:	  1024
[2025.11.25-20.23.25:212][876]LogAudioMixer: Display: 	Number of buffers to queue:			  2
[2025.11.25-20.23.25:212][876]LogAudioMixer: Display: 	Max Channels (voices):				  32
[2025.11.25-20.23.25:212][876]LogAudioMixer: Display: 	Number of Async Source Workers:		  0
[2025.11.25-20.23.25:212][876]LogAudio: Display: AudioDevice MaxSources: 32
[2025.11.25-20.23.25:213][876]LogAudio: Display: Audio Spatialization Plugin: None (built-in).
[2025.11.25-20.23.25:213][876]LogAudio: Display: Audio Reverb Plugin: None (built-in).
[2025.11.25-20.23.25:213][876]LogAudio: Display: Audio Occlusion Plugin: None (built-in).
[2025.11.25-20.23.25:213][876]LogAudioMixer: Display: Initializing audio mixer.
[2025.11.25-20.23.25:219][876]LogAudioMixer: Display: 0: FrontLeft
[2025.11.25-20.23.25:219][876]LogAudioMixer: Display: 1: FrontRight
[2025.11.25-20.23.25:228][876]LogAudioMixer: Display: Using Audio Device Alto-falantes (Realtek(R) Audio)
[2025.11.25-20.23.25:228][876]LogAudioMixer: Display: Initializing Sound Submixes...
[2025.11.25-20.23.25:228][876]LogAudioMixer: Display: Creating Master Submix 'MasterSubmixDefault'
[2025.11.25-20.23.25:228][876]LogAudioMixer: Display: Creating Master Submix 'MasterReverbSubmixDefault'
[2025.11.25-20.23.25:228][876]LogAudioMixer: Display: Creating Master Submix 'MasterEQSubmixDefault'
[2025.11.25-20.23.25:229][876]LogAudioMixer: FMixerPlatformXAudio2::StartAudioStream() called
[2025.11.25-20.23.25:229][876]LogAudioMixer: Display: Output buffers initialized: Frames=1024, Channels=2, Samples=2048
[2025.11.25-20.23.25:230][876]LogAudioMixer: Display: Starting AudioMixerPlatformInterface::RunInternal()
[2025.11.25-20.23.25:230][876]LogAudioMixer: Display: FMixerPlatformXAudio2::SubmitBuffer() called for the first time
[2025.11.25-20.23.25:230][876]LogInit: FAudioDevice initialized.
[2025.11.25-20.23.25:230][876]LogAudio: Display: Audio Device (ID: 24) registered with world 'NewMap'.
[2025.11.25-20.23.25:284][876]LogSlate: Updating window title bar state: overlay mode, drag disabled, window buttons hidden, title bar hidden
[2025.11.25-20.23.25:284][876]LogLoad: Game class is 'GameModeRL_C'
[2025.11.25-20.23.25:286][876]LogWorld: Bringing World /Game/Mapas/Fases/UEDPIE_0_NewMap.NewMap up for play (max tick rate 60) at 2025.11.25-17.23.25
[2025.11.25-20.23.25:287][876]LogWorld: Bringing up level for play took: 0.002217
[2025.11.25-20.23.25:287][876]LogOnline: OSS: Creating online subsystem instance for: :Context_28
[2025.11.25-20.23.25:295][876]PIE: Server logged in
[2025.11.25-20.23.25:299][876]PIE: Play in editor total start time 0.142 seconds.
[2025.11.25-20.23.37:025][568]LogSlate: Updating window title bar state: overlay mode, drag disabled, window buttons hidden, title bar hidden
[2025.11.25-20.23.37:025][568]LogWorld: BeginTearingDown for /Game/Mapas/Fases/UEDPIE_0_NewMap
[2025.11.25-20.23.37:026][568]LogSlate: Window 'ColunaDoendoSamurai Preview [NetMode: Standalone]  (64-bit/Windows) ' being destroyed
[2025.11.25-20.23.37:032][568]LogWorld: UWorld::CleanupWorld for NewMap, bSessionEnded=true, bCleanupResources=true
[2025.11.25-20.23.37:033][568]LogSlate: InvalidateAllWidgets triggered.  All widgets were invalidated
[2025.11.25-20.23.37:045][568]LogPlayLevel: Display: Shutting down PIE online subsystems
[2025.11.25-20.23.37:049][568]LogSlate: InvalidateAllWidgets triggered.  All widgets were invalidated
[2025.11.25-20.23.37:073][568]LogAudio: Display: Audio Device unregistered from world 'None'.
[2025.11.25-20.23.37:074][568]LogAudioMixer: FMixerPlatformXAudio2::StopAudioStream() called
[2025.11.25-20.23.37:075][568]LogAudioMixer: FMixerPlatformXAudio2::StopAudioStream() called
[2025.11.25-20.23.37:080][568]LogUObjectHash: Compacting FUObjectHashTables data took   2.04ms
[2025.11.25-20.23.37:097][569]LogPlayLevel: Display: Destroying online subsystem :Context_28
[2025.11.25-20.23.48:982][270]Cmd: OBJ SAVEPACKAGE PACKAGE="/Game/Player/Blueprints/Player_BP" FILE="E:/Unreal/Fumec_DevGames/Content/Player/Blueprints/Player_BP.uasset" SILENT=true
[2025.11.25-20.23.49:089][270]LogSavePackage: Moving 'E:/Unreal/Fumec_DevGames/Saved/Player_BP61C1E9BB4BA6A0F35D7B70852EBC1796.tmp' to 'E:/Unreal/Fumec_DevGames/Content/Player/Blueprints/Player_BP.uasset'
[2025.11.25-20.23.49:107][270]AssetCheck: New page: Asset Save: Player_BP
[2025.11.25-20.23.49:107][270]LogContentValidation: Display: Validating Blueprint /Game/Player/Blueprints/Player_BP.Player_BP
[2025.11.25-20.23.49:773][310]BlueprintLog: New page: Compile Player_BP
[2025.11.25-20.23.49:853][310]LogUObjectHash: Compacting FUObjectHashTables data took   2.32ms
[2025.11.25-20.23.56:648][696]BlueprintLog: New page: Compile Player_BP
[2025.11.25-20.23.56:722][696]LogUObjectHash: Compacting FUObjectHashTables data took   2.78ms
[2025.11.25-20.23.56:783][696]Cmd: OBJ SAVEPACKAGE PACKAGE="/Game/Player/Blueprints/Player_BP" FILE="E:/Unreal/Fumec_DevGames/Content/Player/Blueprints/Player_BP.uasset" SILENT=true
[2025.11.25-20.23.56:892][696]LogSavePackage: Moving 'E:/Unreal/Fumec_DevGames/Saved/Player_BPF7D0493D4802058C55B5A785E069FD91.tmp' to 'E:/Unreal/Fumec_DevGames/Content/Player/Blueprints/Player_BP.uasset'
[2025.11.25-20.23.56:914][696]AssetCheck: New page: Asset Save: Player_BP
[2025.11.25-20.23.56:914][696]LogContentValidation: Display: Validating Blueprint /Game/Player/Blueprints/Player_BP.Player_BP
[2025.11.25-20.23.58:678][793]LogTemp: Repeating last play command: Selected Viewport
[2025.11.25-20.23.58:686][793]LogPlayLevel: PlayLevel: No blueprints needed recompiling
[2025.11.25-20.23.58:686][793]PIE: New page: PIE session: NewMap (Nov 25, 2025, 2:23:58 PM)
[2025.11.25-20.23.58:686][793]LogPlayLevel: Creating play world package: /Game/Mapas/Fases/UEDPIE_0_NewMap
[2025.11.25-20.23.58:708][793]LogPlayLevel: PIE: StaticDuplicateObject took: (0.021590s)
[2025.11.25-20.23.58:709][793]LogAIModule: Creating AISystem for world NewMap
[2025.11.25-20.23.58:709][793]LogPlayLevel: PIE: World Init took: (0.001165s)
[2025.11.25-20.23.58:709][793]LogPlayLevel: PIE: Created PIE world by copying editor world from /Game/Mapas/Fases/NewMap.NewMap to /Game/Mapas/Fases/UEDPIE_0_NewMap.NewMap (0.022903s)
[2025.11.25-20.23.58:736][793]LogUObjectHash: Compacting FUObjectHashTables data took   2.88ms
[2025.11.25-20.23.58:736][793]LogAudio: Display: Creating Audio Device:                 Id: 25, Scope: Unique, Realtime: True
[2025.11.25-20.23.58:736][793]LogAudioMixer: Display: Audio Mixer Platform Settings:
[2025.11.25-20.23.58:737][793]LogAudioMixer: Display: 	Sample Rate:						  48000
[2025.11.25-20.23.58:737][793]LogAudioMixer: Display: 	Callback Buffer Frame Size Requested: 1024
[2025.11.25-20.23.58:737][793]LogAudioMixer: Display: 	Callback Buffer Frame Size To Use:	  1024
[2025.11.25-20.23.58:737][793]LogAudioMixer: Display: 	Number of buffers to queue:			  2
[2025.11.25-20.23.58:737][793]LogAudioMixer: Display: 	Max Channels (voices):				  32
[2025.11.25-20.23.58:737][793]LogAudioMixer: Display: 	Number of Async Source Workers:		  0
[2025.11.25-20.23.58:737][793]LogAudio: Display: AudioDevice MaxSources: 32
[2025.11.25-20.23.58:737][793]LogAudio: Display: Audio Spatialization Plugin: None (built-in).
[2025.11.25-20.23.58:737][793]LogAudio: Display: Audio Reverb Plugin: None (built-in).
[2025.11.25-20.23.58:737][793]LogAudio: Display: Audio Occlusion Plugin: None (built-in).
[2025.11.25-20.23.58:737][793]LogAudioMixer: Display: Initializing audio mixer.
[2025.11.25-20.23.58:744][793]LogAudioMixer: Display: 0: FrontLeft
[2025.11.25-20.23.58:744][793]LogAudioMixer: Display: 1: FrontRight
[2025.11.25-20.23.58:750][793]LogAudioMixer: Display: Using Audio Device Alto-falantes (Realtek(R) Audio)
[2025.11.25-20.23.58:750][793]LogAudioMixer: Display: Initializing Sound Submixes...
[2025.11.25-20.23.58:751][793]LogAudioMixer: Display: Creating Master Submix 'MasterSubmixDefault'
[2025.11.25-20.23.58:751][793]LogAudioMixer: Display: Creating Master Submix 'MasterReverbSubmixDefault'
[2025.11.25-20.23.58:752][793]LogAudioMixer: Display: Creating Master Submix 'MasterEQSubmixDefault'
[2025.11.25-20.23.58:752][793]LogAudioMixer: FMixerPlatformXAudio2::StartAudioStream() called
[2025.11.25-20.23.58:752][793]LogAudioMixer: Display: Output buffers initialized: Frames=1024, Channels=2, Samples=2048
[2025.11.25-20.23.58:753][793]LogAudioMixer: Display: Starting AudioMixerPlatformInterface::RunInternal()
[2025.11.25-20.23.58:753][793]LogAudioMixer: Display: FMixerPlatformXAudio2::SubmitBuffer() called for the first time
[2025.11.25-20.23.58:753][793]LogInit: FAudioDevice initialized.
[2025.11.25-20.23.58:753][793]LogAudio: Display: Audio Device (ID: 25) registered with world 'NewMap'.
[2025.11.25-20.23.58:812][793]LogSlate: Updating window title bar state: overlay mode, drag disabled, window buttons hidden, title bar hidden
[2025.11.25-20.23.58:812][793]LogLoad: Game class is 'GameModeRL_C'
[2025.11.25-20.23.58:816][793]LogWorld: Bringing World /Game/Mapas/Fases/UEDPIE_0_NewMap.NewMap up for play (max tick rate 60) at 2025.11.25-17.23.58
[2025.11.25-20.23.58:816][793]LogWorld: Bringing up level for play took: 0.002540
[2025.11.25-20.23.58:817][793]LogOnline: OSS: Creating online subsystem instance for: :Context_29
[2025.11.25-20.23.58:824][793]PIE: Server logged in
[2025.11.25-20.23.58:829][793]PIE: Play in editor total start time 0.143 seconds.
[2025.11.25-20.24.15:776][802]LogSlate: Updating window title bar state: overlay mode, drag disabled, window buttons hidden, title bar hidden
[2025.11.25-20.24.15:776][802]LogWorld: BeginTearingDown for /Game/Mapas/Fases/UEDPIE_0_NewMap
[2025.11.25-20.24.15:777][802]LogSlate: Window 'ColunaDoendoSamurai Preview [NetMode: Standalone]  (64-bit/Windows) ' being destroyed
[2025.11.25-20.24.15:784][802]LogWorld: UWorld::CleanupWorld for NewMap, bSessionEnded=true, bCleanupResources=true
[2025.11.25-20.24.15:784][802]LogSlate: InvalidateAllWidgets triggered.  All widgets were invalidated
[2025.11.25-20.24.15:795][802]LogPlayLevel: Display: Shutting down PIE online subsystems
[2025.11.25-20.24.15:799][802]LogSlate: InvalidateAllWidgets triggered.  All widgets were invalidated
[2025.11.25-20.24.15:823][802]LogAudio: Display: Audio Device unregistered from world 'None'.
[2025.11.25-20.24.15:823][802]LogAudioMixer: FMixerPlatformXAudio2::StopAudioStream() called
[2025.11.25-20.24.15:826][802]LogAudioMixer: FMixerPlatformXAudio2::StopAudioStream() called
[2025.11.25-20.24.15:832][802]LogUObjectHash: Compacting FUObjectHashTables data took   2.50ms
[2025.11.25-20.24.15:850][803]LogPlayLevel: Display: Destroying online subsystem :Context_29
[2025.11.25-20.24.25:747][390]Cmd: OBJ SAVEPACKAGE PACKAGE="/Game/Player/Blueprints/Player_BP" FILE="E:/Unreal/Fumec_DevGames/Content/Player/Blueprints/Player_BP.uasset" SILENT=true
[2025.11.25-20.24.25:861][390]LogSavePackage: Moving 'E:/Unreal/Fumec_DevGames/Saved/Player_BPD15B7A8F4E7F1A8264F4B68612C35459.tmp' to 'E:/Unreal/Fumec_DevGames/Content/Player/Blueprints/Player_BP.uasset'
[2025.11.25-20.24.25:886][390]AssetCheck: New page: Asset Save: Player_BP
[2025.11.25-20.24.25:886][390]LogContentValidation: Display: Validating Blueprint /Game/Player/Blueprints/Player_BP.Player_BP
[2025.11.25-20.24.26:555][424]BlueprintLog: New page: Compile Player_BP
[2025.11.25-20.24.26:626][424]LogUObjectHash: Compacting FUObjectHashTables data took   2.29ms
[2025.11.25-20.24.27:239][451]LogTemp: Repeating last play command: Selected Viewport
[2025.11.25-20.24.27:247][451]LogPlayLevel: PlayLevel: No blueprints needed recompiling
[2025.11.25-20.24.27:247][451]PIE: New page: PIE session: NewMap (Nov 25, 2025, 2:24:27 PM)
[2025.11.25-20.24.27:247][451]LogPlayLevel: Creating play world package: /Game/Mapas/Fases/UEDPIE_0_NewMap
[2025.11.25-20.24.27:271][451]LogPlayLevel: PIE: StaticDuplicateObject took: (0.024516s)
[2025.11.25-20.24.27:272][451]LogAIModule: Creating AISystem for world NewMap
[2025.11.25-20.24.27:272][451]LogPlayLevel: PIE: World Init took: (0.001214s)
[2025.11.25-20.24.27:272][451]LogPlayLevel: PIE: Created PIE world by copying editor world from /Game/Mapas/Fases/NewMap.NewMap to /Game/Mapas/Fases/UEDPIE_0_NewMap.NewMap (0.025896s)
[2025.11.25-20.24.27:300][451]LogUObjectHash: Compacting FUObjectHashTables data took   2.87ms
[2025.11.25-20.24.27:301][451]LogAudio: Display: Creating Audio Device:                 Id: 26, Scope: Unique, Realtime: True
[2025.11.25-20.24.27:301][451]LogAudioMixer: Display: Audio Mixer Platform Settings:
[2025.11.25-20.24.27:301][451]LogAudioMixer: Display: 	Sample Rate:						  48000
[2025.11.25-20.24.27:301][451]LogAudioMixer: Display: 	Callback Buffer Frame Size Requested: 1024
[2025.11.25-20.24.27:301][451]LogAudioMixer: Display: 	Callback Buffer Frame Size To Use:	  1024
[2025.11.25-20.24.27:301][451]LogAudioMixer: Display: 	Number of buffers to queue:			  2
[2025.11.25-20.24.27:301][451]LogAudioMixer: Display: 	Max Channels (voices):				  32
[2025.11.25-20.24.27:301][451]LogAudioMixer: Display: 	Number of Async Source Workers:		  0
[2025.11.25-20.24.27:301][451]LogAudio: Display: AudioDevice MaxSources: 32
[2025.11.25-20.24.27:301][451]LogAudio: Display: Audio Spatialization Plugin: None (built-in).
[2025.11.25-20.24.27:301][451]LogAudio: Display: Audio Reverb Plugin: None (built-in).
[2025.11.25-20.24.27:301][451]LogAudio: Display: Audio Occlusion Plugin: None (built-in).
[2025.11.25-20.24.27:301][451]LogAudioMixer: Display: Initializing audio mixer.
[2025.11.25-20.24.27:308][451]LogAudioMixer: Display: 0: FrontLeft
[2025.11.25-20.24.27:308][451]LogAudioMixer: Display: 1: FrontRight
[2025.11.25-20.24.27:314][451]LogAudioMixer: Display: Using Audio Device Alto-falantes (Realtek(R) Audio)
[2025.11.25-20.24.27:315][451]LogAudioMixer: Display: Initializing Sound Submixes...
[2025.11.25-20.24.27:315][451]LogAudioMixer: Display: Creating Master Submix 'MasterSubmixDefault'
[2025.11.25-20.24.27:315][451]LogAudioMixer: Display: Creating Master Submix 'MasterReverbSubmixDefault'
[2025.11.25-20.24.27:315][451]LogAudioMixer: Display: Creating Master Submix 'MasterEQSubmixDefault'
[2025.11.25-20.24.27:315][451]LogAudioMixer: FMixerPlatformXAudio2::StartAudioStream() called
[2025.11.25-20.24.27:315][451]LogAudioMixer: Display: Output buffers initialized: Frames=1024, Channels=2, Samples=2048
[2025.11.25-20.24.27:318][451]LogAudioMixer: Display: Starting AudioMixerPlatformInterface::RunInternal()
[2025.11.25-20.24.27:318][451]LogAudioMixer: Display: FMixerPlatformXAudio2::SubmitBuffer() called for the first time
[2025.11.25-20.24.27:318][451]LogInit: FAudioDevice initialized.
[2025.11.25-20.24.27:318][451]LogAudio: Display: Audio Device (ID: 26) registered with world 'NewMap'.
[2025.11.25-20.24.27:373][451]LogSlate: Updating window title bar state: overlay mode, drag disabled, window buttons hidden, title bar hidden
[2025.11.25-20.24.27:373][451]LogLoad: Game class is 'GameModeRL_C'
[2025.11.25-20.24.27:375][451]LogWorld: Bringing World /Game/Mapas/Fases/UEDPIE_0_NewMap.NewMap up for play (max tick rate 60) at 2025.11.25-17.24.27
[2025.11.25-20.24.27:377][451]LogWorld: Bringing up level for play took: 0.002308
[2025.11.25-20.24.27:377][451]LogOnline: OSS: Creating online subsystem instance for: :Context_30
[2025.11.25-20.24.27:386][451]PIE: Server logged in
[2025.11.25-20.24.27:389][451]PIE: Play in editor total start time 0.144 seconds.
[2025.11.25-20.24.27:427][452]LogRenderer: Reallocating scene render targets to support 1212x784 Format 10 NumSamples 1 (Frame:1).
[2025.11.25-20.24.38:716][118]LogSlate: Updating window title bar state: overlay mode, drag disabled, window buttons hidden, title bar hidden
[2025.11.25-20.24.38:716][118]LogWorld: BeginTearingDown for /Game/Mapas/Fases/UEDPIE_0_NewMap
[2025.11.25-20.24.38:716][118]LogSlate: Window 'ColunaDoendoSamurai Preview [NetMode: Standalone]  (64-bit/Windows) ' being destroyed
[2025.11.25-20.24.38:724][118]LogWorld: UWorld::CleanupWorld for NewMap, bSessionEnded=true, bCleanupResources=true
[2025.11.25-20.24.38:724][118]LogSlate: InvalidateAllWidgets triggered.  All widgets were invalidated
[2025.11.25-20.24.38:737][118]LogPlayLevel: Display: Shutting down PIE online subsystems
[2025.11.25-20.24.38:742][118]LogSlate: InvalidateAllWidgets triggered.  All widgets were invalidated
[2025.11.25-20.24.38:766][118]LogAudio: Display: Audio Device unregistered from world 'None'.
[2025.11.25-20.24.38:766][118]LogAudioMixer: FMixerPlatformXAudio2::StopAudioStream() called
[2025.11.25-20.24.38:767][118]LogAudioMixer: FMixerPlatformXAudio2::StopAudioStream() called
[2025.11.25-20.24.38:774][118]LogUObjectHash: Compacting FUObjectHashTables data took   2.95ms
[2025.11.25-20.24.38:792][119]LogPlayLevel: Display: Destroying online subsystem :Context_30
[2025.11.25-20.24.48:652][704]LogAssetEditorSubsystem: Opening Asset editor for Blueprint /Game/Inimigos/InimigoBaseBP.InimigoBaseBP
[2025.11.25-20.25.03:142][505]Cmd: OBJ SAVEPACKAGE PACKAGE="/Game/Inimigos/InimigoBaseBP" FILE="E:/Unreal/Fumec_DevGames/Content/Inimigos/InimigoBaseBP.uasset" SILENT=true
[2025.11.25-20.25.03:157][505]LogSavePackage: Moving 'E:/Unreal/Fumec_DevGames/Saved/InimigoBaseBP62546CBA4000B2B8D69EBBAF0A73E37D.tmp' to 'E:/Unreal/Fumec_DevGames/Content/Inimigos/InimigoBaseBP.uasset'
[2025.11.25-20.25.03:176][505]AssetCheck: New page: Asset Save: InimigoBaseBP
[2025.11.25-20.25.03:176][505]LogContentValidation: Display: Validating Blueprint /Game/Inimigos/InimigoBaseBP.InimigoBaseBP
[2025.11.25-20.25.03:671][531]BlueprintLog: New page: Compile InimigoBaseBP
[2025.11.25-20.25.03:749][531]LogUObjectHash: Compacting FUObjectHashTables data took   2.27ms
[2025.11.25-20.25.05:742][643]Cmd: OBJ SAVEPACKAGE PACKAGE="/Game/Mapas/Fases/NewMap" FILE="E:/Unreal/Fumec_DevGames/Content/Mapas/Fases/NewMap.umap" SILENT=true AUTOSAVING=false KEEPDIRTY=false
[2025.11.25-20.25.05:775][643]LogUObjectHash: Compacting FUObjectHashTables data took   2.74ms
[2025.11.25-20.25.05:918][643]LogSavePackage: Moving 'E:/Unreal/Fumec_DevGames/Saved/NewMapD09546834CE090214BCB73A707E2DAF4.tmp' to 'E:/Unreal/Fumec_DevGames/Content/Mapas/Fases/NewMap.umap'
[2025.11.25-20.25.05:941][643]LogFileHelpers: Saving map 'NewMap' took 0.198
[2025.11.25-20.25.05:955][643]AssetCheck: New page: Asset Save: NewMap
[2025.11.25-20.25.05:955][643]LogContentValidation: Display: Validating World /Game/Mapas/Fases/NewMap.NewMap
[2025.11.25-20.25.11:080][936]LogSlate: Window 'NewMap' being destroyed
[2025.11.25-20.25.12:369][ 13]LogTemp: Repeating last play command: Selected Viewport
[2025.11.25-20.25.12:377][ 13]LogPlayLevel: PlayLevel: No blueprints needed recompiling
[2025.11.25-20.25.12:377][ 13]PIE: New page: PIE session: NewMap (Nov 25, 2025, 2:25:12 PM)
[2025.11.25-20.25.12:378][ 13]LogPlayLevel: Creating play world package: /Game/Mapas/Fases/UEDPIE_0_NewMap
[2025.11.25-20.25.12:398][ 13]LogPlayLevel: PIE: StaticDuplicateObject took: (0.021383s)
[2025.11.25-20.25.12:399][ 13]LogAIModule: Creating AISystem for world NewMap
[2025.11.25-20.25.12:399][ 13]LogPlayLevel: PIE: World Init took: (0.001142s)
[2025.11.25-20.25.12:400][ 13]LogPlayLevel: PIE: Created PIE world by copying editor world from /Game/Mapas/Fases/NewMap.NewMap to /Game/Mapas/Fases/UEDPIE_0_NewMap.NewMap (0.022682s)
[2025.11.25-20.25.12:430][ 13]LogUObjectHash: Compacting FUObjectHashTables data took   2.38ms
[2025.11.25-20.25.12:431][ 13]LogAudio: Display: Creating Audio Device:                 Id: 27, Scope: Unique, Realtime: True
[2025.11.25-20.25.12:431][ 13]LogAudioMixer: Display: Audio Mixer Platform Settings:
[2025.11.25-20.25.12:431][ 13]LogAudioMixer: Display: 	Sample Rate:						  48000
[2025.11.25-20.25.12:431][ 13]LogAudioMixer: Display: 	Callback Buffer Frame Size Requested: 1024
[2025.11.25-20.25.12:431][ 13]LogAudioMixer: Display: 	Callback Buffer Frame Size To Use:	  1024
[2025.11.25-20.25.12:431][ 13]LogAudioMixer: Display: 	Number of buffers to queue:			  2
[2025.11.25-20.25.12:431][ 13]LogAudioMixer: Display: 	Max Channels (voices):				  32
[2025.11.25-20.25.12:431][ 13]LogAudioMixer: Display: 	Number of Async Source Workers:		  0
[2025.11.25-20.25.12:431][ 13]LogAudio: Display: AudioDevice MaxSources: 32
[2025.11.25-20.25.12:432][ 13]LogAudio: Display: Audio Spatialization Plugin: None (built-in).
[2025.11.25-20.25.12:432][ 13]LogAudio: Display: Audio Reverb Plugin: None (built-in).
[2025.11.25-20.25.12:432][ 13]LogAudio: Display: Audio Occlusion Plugin: None (built-in).
[2025.11.25-20.25.12:432][ 13]LogAudioMixer: Display: Initializing audio mixer.
[2025.11.25-20.25.12:438][ 13]LogAudioMixer: Display: 0: FrontLeft
[2025.11.25-20.25.12:438][ 13]LogAudioMixer: Display: 1: FrontRight
[2025.11.25-20.25.12:445][ 13]LogAudioMixer: Display: Using Audio Device Alto-falantes (Realtek(R) Audio)
[2025.11.25-20.25.12:445][ 13]LogAudioMixer: Display: Initializing Sound Submixes...
[2025.11.25-20.25.12:445][ 13]LogAudioMixer: Display: Creating Master Submix 'MasterSubmixDefault'
[2025.11.25-20.25.12:445][ 13]LogAudioMixer: Display: Creating Master Submix 'MasterReverbSubmixDefault'
[2025.11.25-20.25.12:446][ 13]LogAudioMixer: Display: Creating Master Submix 'MasterEQSubmixDefault'
[2025.11.25-20.25.12:446][ 13]LogAudioMixer: FMixerPlatformXAudio2::StartAudioStream() called
[2025.11.25-20.25.12:446][ 13]LogAudioMixer: Display: Output buffers initialized: Frames=1024, Channels=2, Samples=2048
[2025.11.25-20.25.12:447][ 13]LogAudioMixer: Display: Starting AudioMixerPlatformInterface::RunInternal()
[2025.11.25-20.25.12:448][ 13]LogAudioMixer: Display: FMixerPlatformXAudio2::SubmitBuffer() called for the first time
[2025.11.25-20.25.12:448][ 13]LogInit: FAudioDevice initialized.
[2025.11.25-20.25.12:448][ 13]LogAudio: Display: Audio Device (ID: 27) registered with world 'NewMap'.
[2025.11.25-20.25.12:460][ 13]LogLoad: Game class is 'GameModeRL_C'
[2025.11.25-20.25.12:461][ 13]LogWorld: Bringing World /Game/Mapas/Fases/UEDPIE_0_NewMap.NewMap up for play (max tick rate 60) at 2025.11.25-17.25.12
[2025.11.25-20.25.12:461][ 13]LogWorld: Bringing up level for play took: 0.001292
[2025.11.25-20.25.12:461][ 13]LogOnline: OSS: Creating online subsystem instance for: :Context_32
[2025.11.25-20.25.12:466][ 13]PIE: Server logged in
[2025.11.25-20.25.12:467][ 13]PIE: Play in editor total start time 0.09 seconds.
[2025.11.25-20.25.25:295][779]LogSlate: Updating window title bar state: overlay mode, drag disabled, window buttons hidden, title bar hidden
[2025.11.25-20.25.25:295][779]LogWorld: BeginTearingDown for /Game/Mapas/Fases/UEDPIE_0_NewMap
[2025.11.25-20.25.25:295][779]LogWorld: UWorld::CleanupWorld for NewMap, bSessionEnded=true, bCleanupResources=true
[2025.11.25-20.25.25:296][779]LogSlate: InvalidateAllWidgets triggered.  All widgets were invalidated
[2025.11.25-20.25.25:306][779]LogPlayLevel: Display: Shutting down PIE online subsystems
[2025.11.25-20.25.25:311][779]LogSlate: InvalidateAllWidgets triggered.  All widgets were invalidated
[2025.11.25-20.25.25:338][779]LogSlate: Updating window title bar state: overlay mode, drag disabled, window buttons hidden, title bar hidden
[2025.11.25-20.25.25:338][779]LogAudioMixer: FMixerPlatformXAudio2::StopAudioStream() called
[2025.11.25-20.25.25:340][779]LogAudioMixer: FMixerPlatformXAudio2::StopAudioStream() called
[2025.11.25-20.25.25:346][779]LogUObjectHash: Compacting FUObjectHashTables data took   2.44ms
[2025.11.25-20.25.25:371][780]LogPlayLevel: Display: Destroying online subsystem :Context_32
[2025.11.25-20.25.32:040][177]Cmd: OBJ SAVEPACKAGE PACKAGE="/Game/Mapas/Fases/NewMap" FILE="E:/Unreal/Fumec_DevGames/Content/Mapas/Fases/NewMap.umap" SILENT=true AUTOSAVING=false KEEPDIRTY=false
[2025.11.25-20.25.32:071][177]LogUObjectHash: Compacting FUObjectHashTables data took   2.72ms
[2025.11.25-20.25.32:242][177]LogSavePackage: Moving 'E:/Unreal/Fumec_DevGames/Saved/NewMap93D040254D98045B58478EA2867F529E.tmp' to 'E:/Unreal/Fumec_DevGames/Content/Mapas/Fases/NewMap.umap'
[2025.11.25-20.25.32:263][177]LogFileHelpers: Saving map 'NewMap' took 0.224
[2025.11.25-20.25.32:276][177]AssetCheck: New page: Asset Save: NewMap
[2025.11.25-20.25.32:276][177]LogContentValidation: Display: Validating World /Game/Mapas/Fases/NewMap.NewMap
[2025.11.25-20.25.33:032][223]LogTemp: Repeating last play command: Selected Viewport
[2025.11.25-20.25.33:038][223]BlueprintLog: New page: Pre-Play auto-recompile
[2025.11.25-20.25.33:038][223]LogPlayLevel: [PlayLevel] Compiling NewMap before play...
[2025.11.25-20.25.33:085][223]Cmd: OBJ SAVEPACKAGE PACKAGE="/Game/Mapas/Fases/NewMap" FILE="E:/Unreal/Fumec_DevGames/Content/Mapas/Fases/NewMap.umap" SILENT=true AUTOSAVING=false KEEPDIRTY=false
[2025.11.25-20.25.33:116][223]LogUObjectHash: Compacting FUObjectHashTables data took   2.33ms
[2025.11.25-20.25.33:256][223]LogSavePackage: Moving 'E:/Unreal/Fumec_DevGames/Saved/NewMap0150802E46918F173A4D5AB0C4079586.tmp' to 'E:/Unreal/Fumec_DevGames/Content/Mapas/Fases/NewMap.umap'
[2025.11.25-20.25.33:278][223]LogFileHelpers: Saving map 'NewMap' took 0.193
[2025.11.25-20.25.33:313][223]LogUObjectHash: Compacting FUObjectHashTables data took   0.56ms
[2025.11.25-20.25.33:313][223]LogPlayLevel: PlayLevel: Blueprint regeneration took 275 ms (1 blueprints)
[2025.11.25-20.25.33:313][223]PIE: New page: PIE session: NewMap (Nov 25, 2025, 2:25:33 PM)
[2025.11.25-20.25.33:314][223]LogPlayLevel: Creating play world package: /Game/Mapas/Fases/UEDPIE_0_NewMap
[2025.11.25-20.25.33:335][223]LogPlayLevel: PIE: StaticDuplicateObject took: (0.021323s)
[2025.11.25-20.25.33:336][223]LogAIModule: Creating AISystem for world NewMap
[2025.11.25-20.25.33:336][223]LogPlayLevel: PIE: World Init took: (0.001206s)
[2025.11.25-20.25.33:336][223]LogPlayLevel: PIE: Created PIE world by copying editor world from /Game/Mapas/Fases/NewMap.NewMap to /Game/Mapas/Fases/UEDPIE_0_NewMap.NewMap (0.022679s)
[2025.11.25-20.25.33:366][223]LogUObjectHash: Compacting FUObjectHashTables data took   2.13ms
[2025.11.25-20.25.33:366][223]LogAudio: Display: Creating Audio Device:                 Id: 28, Scope: Unique, Realtime: True
[2025.11.25-20.25.33:366][223]LogAudioMixer: Display: Audio Mixer Platform Settings:
[2025.11.25-20.25.33:366][223]LogAudioMixer: Display: 	Sample Rate:						  48000
[2025.11.25-20.25.33:366][223]LogAudioMixer: Display: 	Callback Buffer Frame Size Requested: 1024
[2025.11.25-20.25.33:366][223]LogAudioMixer: Display: 	Callback Buffer Frame Size To Use:	  1024
[2025.11.25-20.25.33:366][223]LogAudioMixer: Display: 	Number of buffers to queue:			  2
[2025.11.25-20.25.33:366][223]LogAudioMixer: Display: 	Max Channels (voices):				  32
[2025.11.25-20.25.33:366][223]LogAudioMixer: Display: 	Number of Async Source Workers:		  0
[2025.11.25-20.25.33:366][223]LogAudio: Display: AudioDevice MaxSources: 32
[2025.11.25-20.25.33:367][223]LogAudio: Display: Audio Spatialization Plugin: None (built-in).
[2025.11.25-20.25.33:367][223]LogAudio: Display: Audio Reverb Plugin: None (built-in).
[2025.11.25-20.25.33:367][223]LogAudio: Display: Audio Occlusion Plugin: None (built-in).
[2025.11.25-20.25.33:367][223]LogAudioMixer: Display: Initializing audio mixer.
[2025.11.25-20.25.33:374][223]LogAudioMixer: Display: 0: FrontLeft
[2025.11.25-20.25.33:374][223]LogAudioMixer: Display: 1: FrontRight
[2025.11.25-20.25.33:380][223]LogAudioMixer: Display: Using Audio Device Alto-falantes (Realtek(R) Audio)
[2025.11.25-20.25.33:380][223]LogAudioMixer: Display: Initializing Sound Submixes...
[2025.11.25-20.25.33:380][223]LogAudioMixer: Display: Creating Master Submix 'MasterSubmixDefault'
[2025.11.25-20.25.33:380][223]LogAudioMixer: Display: Creating Master Submix 'MasterReverbSubmixDefault'
[2025.11.25-20.25.33:381][223]LogAudioMixer: Display: Creating Master Submix 'MasterEQSubmixDefault'
[2025.11.25-20.25.33:381][223]LogAudioMixer: FMixerPlatformXAudio2::StartAudioStream() called
[2025.11.25-20.25.33:381][223]LogAudioMixer: Display: Output buffers initialized: Frames=1024, Channels=2, Samples=2048
[2025.11.25-20.25.33:383][223]LogAudioMixer: Display: Starting AudioMixerPlatformInterface::RunInternal()
[2025.11.25-20.25.33:383][223]LogAudioMixer: Display: FMixerPlatformXAudio2::SubmitBuffer() called for the first time
[2025.11.25-20.25.33:383][223]LogInit: FAudioDevice initialized.
[2025.11.25-20.25.33:383][223]LogAudio: Display: Audio Device (ID: 28) registered with world 'NewMap'.
[2025.11.25-20.25.33:432][223]LogSlate: Updating window title bar state: overlay mode, drag disabled, window buttons hidden, title bar hidden
[2025.11.25-20.25.33:432][223]LogLoad: Game class is 'GameModeRL_C'
[2025.11.25-20.25.33:434][223]LogWorld: Bringing World /Game/Mapas/Fases/UEDPIE_0_NewMap.NewMap up for play (max tick rate 60) at 2025.11.25-17.25.33
[2025.11.25-20.25.33:436][223]LogWorld: Bringing up level for play took: 0.002487
[2025.11.25-20.25.33:436][223]LogOnline: OSS: Creating online subsystem instance for: :Context_33
[2025.11.25-20.25.33:441][223]PIE: Server logged in
[2025.11.25-20.25.33:443][223]PIE: Play in editor total start time 0.405 seconds.
[2025.11.25-20.25.33:499][224]AssetCheck: New page: Asset Save: NewMap
[2025.11.25-20.25.33:499][224]LogContentValidation: Display: Validating World /Game/Mapas/Fases/NewMap.NewMap
[2025.11.25-20.25.34:705][293]LogSlate: Updating window title bar state: overlay mode, drag disabled, window buttons hidden, title bar hidden
[2025.11.25-20.25.34:705][293]LogWorld: BeginTearingDown for /Game/Mapas/Fases/UEDPIE_0_NewMap
[2025.11.25-20.25.34:705][293]LogSlate: Window 'ColunaDoendoSamurai Preview [NetMode: Standalone]  (64-bit/Windows) ' being destroyed
[2025.11.25-20.25.34:711][293]LogWorld: UWorld::CleanupWorld for NewMap, bSessionEnded=true, bCleanupResources=true
[2025.11.25-20.25.34:712][293]LogSlate: InvalidateAllWidgets triggered.  All widgets were invalidated
[2025.11.25-20.25.34:722][293]LogPlayLevel: Display: Shutting down PIE online subsystems
[2025.11.25-20.25.34:726][293]LogSlate: InvalidateAllWidgets triggered.  All widgets were invalidated
[2025.11.25-20.25.34:755][293]LogAudioMixer: FMixerPlatformXAudio2::StopAudioStream() called
[2025.11.25-20.25.34:756][293]LogAudioMixer: FMixerPlatformXAudio2::StopAudioStream() called
[2025.11.25-20.25.34:762][293]LogUObjectHash: Compacting FUObjectHashTables data took   2.00ms
[2025.11.25-20.25.34:778][294]LogPlayLevel: Display: Destroying online subsystem :Context_33
[2025.11.25-20.25.40:673][646]Cmd: OBJ SAVEPACKAGE PACKAGE="/Game/Mapas/Fases/NewMap" FILE="E:/Unreal/Fumec_DevGames/Content/Mapas/Fases/NewMap.umap" SILENT=true AUTOSAVING=false KEEPDIRTY=false
[2025.11.25-20.25.40:704][646]LogUObjectHash: Compacting FUObjectHashTables data took   2.60ms
[2025.11.25-20.25.40:881][646]LogSavePackage: Moving 'E:/Unreal/Fumec_DevGames/Saved/NewMap27BD2C36446ED1D7286A44A7763BDE30.tmp' to 'E:/Unreal/Fumec_DevGames/Content/Mapas/Fases/NewMap.umap'
[2025.11.25-20.25.40:902][646]LogFileHelpers: Saving map 'NewMap' took 0.229
[2025.11.25-20.25.40:915][646]AssetCheck: New page: Asset Save: NewMap
[2025.11.25-20.25.40:915][646]LogContentValidation: Display: Validating World /Game/Mapas/Fases/NewMap.NewMap
[2025.11.25-20.25.42:503][742]LogTemp: Repeating last play command: Selected Viewport
[2025.11.25-20.25.42:511][742]BlueprintLog: New page: Pre-Play auto-recompile
[2025.11.25-20.25.42:511][742]LogPlayLevel: [PlayLevel] Compiling NewMap before play...
[2025.11.25-20.25.42:555][742]Cmd: OBJ SAVEPACKAGE PACKAGE="/Game/Mapas/Fases/NewMap" FILE="E:/Unreal/Fumec_DevGames/Content/Mapas/Fases/NewMap.umap" SILENT=true AUTOSAVING=false KEEPDIRTY=false
[2025.11.25-20.25.42:585][742]LogUObjectHash: Compacting FUObjectHashTables data took   2.64ms
[2025.11.25-20.25.42:725][742]LogSavePackage: Moving 'E:/Unreal/Fumec_DevGames/Saved/NewMapD5221EB243DCBD438E462CA99EA86369.tmp' to 'E:/Unreal/Fumec_DevGames/Content/Mapas/Fases/NewMap.umap'
[2025.11.25-20.25.42:746][742]LogFileHelpers: Saving map 'NewMap' took 0.192
[2025.11.25-20.25.42:782][742]LogUObjectHash: Compacting FUObjectHashTables data took   0.58ms
[2025.11.25-20.25.42:782][742]LogPlayLevel: PlayLevel: Blueprint regeneration took 271 ms (1 blueprints)
[2025.11.25-20.25.42:782][742]PIE: New page: PIE session: NewMap (Nov 25, 2025, 2:25:42 PM)
[2025.11.25-20.25.42:782][742]LogPlayLevel: Creating play world package: /Game/Mapas/Fases/UEDPIE_0_NewMap
[2025.11.25-20.25.42:803][742]LogPlayLevel: PIE: StaticDuplicateObject took: (0.021274s)
[2025.11.25-20.25.42:804][742]LogAIModule: Creating AISystem for world NewMap
[2025.11.25-20.25.42:804][742]LogPlayLevel: PIE: World Init took: (0.001212s)
[2025.11.25-20.25.42:804][742]LogPlayLevel: PIE: Created PIE world by copying editor world from /Game/Mapas/Fases/NewMap.NewMap to /Game/Mapas/Fases/UEDPIE_0_NewMap.NewMap (0.022637s)
[2025.11.25-20.25.42:833][742]LogUObjectHash: Compacting FUObjectHashTables data took   2.18ms
[2025.11.25-20.25.42:834][742]LogAudio: Display: Creating Audio Device:                 Id: 29, Scope: Unique, Realtime: True
[2025.11.25-20.25.42:834][742]LogAudioMixer: Display: Audio Mixer Platform Settings:
[2025.11.25-20.25.42:834][742]LogAudioMixer: Display: 	Sample Rate:						  48000
[2025.11.25-20.25.42:834][742]LogAudioMixer: Display: 	Callback Buffer Frame Size Requested: 1024
[2025.11.25-20.25.42:834][742]LogAudioMixer: Display: 	Callback Buffer Frame Size To Use:	  1024
[2025.11.25-20.25.42:834][742]LogAudioMixer: Display: 	Number of buffers to queue:			  2
[2025.11.25-20.25.42:834][742]LogAudioMixer: Display: 	Max Channels (voices):				  32
[2025.11.25-20.25.42:834][742]LogAudioMixer: Display: 	Number of Async Source Workers:		  0
[2025.11.25-20.25.42:834][742]LogAudio: Display: AudioDevice MaxSources: 32
[2025.11.25-20.25.42:834][742]LogAudio: Display: Audio Spatialization Plugin: None (built-in).
[2025.11.25-20.25.42:834][742]LogAudio: Display: Audio Reverb Plugin: None (built-in).
[2025.11.25-20.25.42:834][742]LogAudio: Display: Audio Occlusion Plugin: None (built-in).
[2025.11.25-20.25.42:834][742]LogAudioMixer: Display: Initializing audio mixer.
[2025.11.25-20.25.42:841][742]LogAudioMixer: Display: 0: FrontLeft
[2025.11.25-20.25.42:841][742]LogAudioMixer: Display: 1: FrontRight
[2025.11.25-20.25.42:847][742]LogAudioMixer: Display: Using Audio Device Alto-falantes (Realtek(R) Audio)
[2025.11.25-20.25.42:847][742]LogAudioMixer: Display: Initializing Sound Submixes...
[2025.11.25-20.25.42:847][742]LogAudioMixer: Display: Creating Master Submix 'MasterSubmixDefault'
[2025.11.25-20.25.42:847][742]LogAudioMixer: Display: Creating Master Submix 'MasterReverbSubmixDefault'
[2025.11.25-20.25.42:848][742]LogAudioMixer: Display: Creating Master Submix 'MasterEQSubmixDefault'
[2025.11.25-20.25.42:848][742]LogAudioMixer: FMixerPlatformXAudio2::StartAudioStream() called
[2025.11.25-20.25.42:848][742]LogAudioMixer: Display: Output buffers initialized: Frames=1024, Channels=2, Samples=2048
[2025.11.25-20.25.42:850][742]LogAudioMixer: Display: Starting AudioMixerPlatformInterface::RunInternal()
[2025.11.25-20.25.42:850][742]LogAudioMixer: Display: FMixerPlatformXAudio2::SubmitBuffer() called for the first time
[2025.11.25-20.25.42:850][742]LogInit: FAudioDevice initialized.
[2025.11.25-20.25.42:850][742]LogAudio: Display: Audio Device (ID: 29) registered with world 'NewMap'.
[2025.11.25-20.25.42:902][742]LogSlate: Updating window title bar state: overlay mode, drag disabled, window buttons hidden, title bar hidden
[2025.11.25-20.25.42:902][742]LogLoad: Game class is 'GameModeRL_C'
[2025.11.25-20.25.42:904][742]LogWorld: Bringing World /Game/Mapas/Fases/UEDPIE_0_NewMap.NewMap up for play (max tick rate 60) at 2025.11.25-17.25.42
[2025.11.25-20.25.42:904][742]LogWorld: Bringing up level for play took: 0.002097
[2025.11.25-20.25.42:905][742]LogOnline: OSS: Creating online subsystem instance for: :Context_34
[2025.11.25-20.25.42:910][742]PIE: Server logged in
[2025.11.25-20.25.42:911][742]PIE: Play in editor total start time 0.402 seconds.
[2025.11.25-20.25.42:973][743]LogRenderer: Reallocating scene render targets to support 1216x784 Format 10 NumSamples 1 (Frame:1).
[2025.11.25-20.25.42:973][743]AssetCheck: New page: Asset Save: NewMap
[2025.11.25-20.25.42:973][743]LogContentValidation: Display: Validating World /Game/Mapas/Fases/NewMap.NewMap
[2025.11.25-20.25.43:785][787]LogSlate: Updating window title bar state: overlay mode, drag disabled, window buttons hidden, title bar hidden
[2025.11.25-20.25.43:785][787]LogWorld: BeginTearingDown for /Game/Mapas/Fases/UEDPIE_0_NewMap
[2025.11.25-20.25.43:785][787]LogSlate: Window 'ColunaDoendoSamurai Preview [NetMode: Standalone]  (64-bit/Windows) ' being destroyed
[2025.11.25-20.25.43:791][787]LogWorld: UWorld::CleanupWorld for NewMap, bSessionEnded=true, bCleanupResources=true
[2025.11.25-20.25.43:791][787]LogSlate: InvalidateAllWidgets triggered.  All widgets were invalidated
[2025.11.25-20.25.43:803][787]LogPlayLevel: Display: Shutting down PIE online subsystems
[2025.11.25-20.25.43:807][787]LogSlate: InvalidateAllWidgets triggered.  All widgets were invalidated
[2025.11.25-20.25.43:836][787]LogAudioMixer: FMixerPlatformXAudio2::StopAudioStream() called
[2025.11.25-20.25.43:837][787]LogAudioMixer: FMixerPlatformXAudio2::StopAudioStream() called
[2025.11.25-20.25.43:842][787]LogUObjectHash: Compacting FUObjectHashTables data took   1.96ms
[2025.11.25-20.25.43:857][788]LogPlayLevel: Display: Destroying online subsystem :Context_34
[2025.11.25-20.25.50:393][163]Cmd: OBJ SAVEPACKAGE PACKAGE="/Game/Mapas/Fases/NewMap" FILE="E:/Unreal/Fumec_DevGames/Content/Mapas/Fases/NewMap.umap" SILENT=true AUTOSAVING=false KEEPDIRTY=false
[2025.11.25-20.25.50:423][163]LogUObjectHash: Compacting FUObjectHashTables data took   2.30ms
[2025.11.25-20.25.50:568][163]LogSavePackage: Moving 'E:/Unreal/Fumec_DevGames/Saved/NewMapB90A5C454D94A9D4DD5C1BA8E4C7F1A9.tmp' to 'E:/Unreal/Fumec_DevGames/Content/Mapas/Fases/NewMap.umap'
[2025.11.25-20.25.50:588][163]LogFileHelpers: Saving map 'NewMap' took 0.196
[2025.11.25-20.25.50:600][163]AssetCheck: New page: Asset Save: NewMap
[2025.11.25-20.25.50:600][163]LogContentValidation: Display: Validating World /Game/Mapas/Fases/NewMap.NewMap
[2025.11.25-20.25.59:847][717]Cmd: OBJ SAVEPACKAGE PACKAGE="/Game/Mapas/Fases/NewMap" FILE="E:/Unreal/Fumec_DevGames/Content/Mapas/Fases/NewMap.umap" SILENT=true AUTOSAVING=false KEEPDIRTY=false
[2025.11.25-20.25.59:874][717]LogUObjectHash: Compacting FUObjectHashTables data took   0.64ms
[2025.11.25-20.26.00:018][717]LogSavePackage: Moving 'E:/Unreal/Fumec_DevGames/Saved/NewMap8267FD46472315D02A7BFB81C795E7B9.tmp' to 'E:/Unreal/Fumec_DevGames/Content/Mapas/Fases/NewMap.umap'
[2025.11.25-20.26.00:042][717]LogFileHelpers: Saving map 'NewMap' took 0.195
[2025.11.25-20.26.00:058][717]AssetCheck: New page: Asset Save: NewMap
[2025.11.25-20.26.00:058][717]LogContentValidation: Display: Validating World /Game/Mapas/Fases/NewMap.NewMap
[2025.11.25-20.26.00:739][758]LogTemp: Repeating last play command: Selected Viewport
[2025.11.25-20.26.00:746][758]BlueprintLog: New page: Pre-Play auto-recompile
[2025.11.25-20.26.00:747][758]LogPlayLevel: [PlayLevel] Compiling NewMap before play...
[2025.11.25-20.26.00:798][758]Cmd: OBJ SAVEPACKAGE PACKAGE="/Game/Mapas/Fases/NewMap" FILE="E:/Unreal/Fumec_DevGames/Content/Mapas/Fases/NewMap.umap" SILENT=true AUTOSAVING=false KEEPDIRTY=false
[2025.11.25-20.26.00:827][758]LogUObjectHash: Compacting FUObjectHashTables data took   2.27ms
[2025.11.25-20.26.01:108][758]LogSavePackage: Moving 'E:/Unreal/Fumec_DevGames/Saved/NewMapF5A160AA4BB0CFA733ADCAA94849CD63.tmp' to 'E:/Unreal/Fumec_DevGames/Content/Mapas/Fases/NewMap.umap'
[2025.11.25-20.26.01:128][758]LogFileHelpers: Saving map 'NewMap' took 0.332
[2025.11.25-20.26.01:163][758]LogUObjectHash: Compacting FUObjectHashTables data took   0.56ms
[2025.11.25-20.26.01:165][758]LogPlayLevel: PlayLevel: Blueprint regeneration took 417 ms (1 blueprints)
[2025.11.25-20.26.01:165][758]PIE: New page: PIE session: NewMap (Nov 25, 2025, 2:26:01 PM)
[2025.11.25-20.26.01:165][758]LogPlayLevel: Creating play world package: /Game/Mapas/Fases/UEDPIE_0_NewMap
[2025.11.25-20.26.01:186][758]LogPlayLevel: PIE: StaticDuplicateObject took: (0.021387s)
[2025.11.25-20.26.01:186][758]LogAIModule: Creating AISystem for world NewMap
[2025.11.25-20.26.01:187][758]LogPlayLevel: PIE: World Init took: (0.001215s)
[2025.11.25-20.26.01:187][758]LogPlayLevel: PIE: Created PIE world by copying editor world from /Game/Mapas/Fases/NewMap.NewMap to /Game/Mapas/Fases/UEDPIE_0_NewMap.NewMap (0.022765s)
[2025.11.25-20.26.01:215][758]LogUObjectHash: Compacting FUObjectHashTables data took   2.13ms
[2025.11.25-20.26.01:217][758]LogAudio: Display: Creating Audio Device:                 Id: 30, Scope: Unique, Realtime: True
[2025.11.25-20.26.01:217][758]LogAudioMixer: Display: Audio Mixer Platform Settings:
[2025.11.25-20.26.01:217][758]LogAudioMixer: Display: 	Sample Rate:						  48000
[2025.11.25-20.26.01:217][758]LogAudioMixer: Display: 	Callback Buffer Frame Size Requested: 1024
[2025.11.25-20.26.01:217][758]LogAudioMixer: Display: 	Callback Buffer Frame Size To Use:	  1024
[2025.11.25-20.26.01:217][758]LogAudioMixer: Display: 	Number of buffers to queue:			  2
[2025.11.25-20.26.01:217][758]LogAudioMixer: Display: 	Max Channels (voices):				  32
[2025.11.25-20.26.01:217][758]LogAudioMixer: Display: 	Number of Async Source Workers:		  0
[2025.11.25-20.26.01:217][758]LogAudio: Display: AudioDevice MaxSources: 32
[2025.11.25-20.26.01:217][758]LogAudio: Display: Audio Spatialization Plugin: None (built-in).
[2025.11.25-20.26.01:217][758]LogAudio: Display: Audio Reverb Plugin: None (built-in).
[2025.11.25-20.26.01:217][758]LogAudio: Display: Audio Occlusion Plugin: None (built-in).
[2025.11.25-20.26.01:217][758]LogAudioMixer: Display: Initializing audio mixer.
[2025.11.25-20.26.01:223][758]LogAudioMixer: Display: 0: FrontLeft
[2025.11.25-20.26.01:223][758]LogAudioMixer: Display: 1: FrontRight
[2025.11.25-20.26.01:230][758]LogAudioMixer: Display: Using Audio Device Alto-falantes (Realtek(R) Audio)
[2025.11.25-20.26.01:231][758]LogAudioMixer: Display: Initializing Sound Submixes...
[2025.11.25-20.26.01:231][758]LogAudioMixer: Display: Creating Master Submix 'MasterSubmixDefault'
[2025.11.25-20.26.01:231][758]LogAudioMixer: Display: Creating Master Submix 'MasterReverbSubmixDefault'
[2025.11.25-20.26.01:231][758]LogAudioMixer: Display: Creating Master Submix 'MasterEQSubmixDefault'
[2025.11.25-20.26.01:231][758]LogAudioMixer: FMixerPlatformXAudio2::StartAudioStream() called
[2025.11.25-20.26.01:231][758]LogAudioMixer: Display: Output buffers initialized: Frames=1024, Channels=2, Samples=2048
[2025.11.25-20.26.01:232][758]LogAudioMixer: Display: Starting AudioMixerPlatformInterface::RunInternal()
[2025.11.25-20.26.01:232][758]LogAudioMixer: Display: FMixerPlatformXAudio2::SubmitBuffer() called for the first time
[2025.11.25-20.26.01:232][758]LogInit: FAudioDevice initialized.
[2025.11.25-20.26.01:233][758]LogAudio: Display: Audio Device (ID: 30) registered with world 'NewMap'.
[2025.11.25-20.26.01:292][758]LogSlate: Updating window title bar state: overlay mode, drag disabled, window buttons hidden, title bar hidden
[2025.11.25-20.26.01:292][758]LogLoad: Game class is 'GameModeRL_C'
[2025.11.25-20.26.01:294][758]LogWorld: Bringing World /Game/Mapas/Fases/UEDPIE_0_NewMap.NewMap up for play (max tick rate 60) at 2025.11.25-17.26.01
[2025.11.25-20.26.01:294][758]LogWorld: Bringing up level for play took: 0.002314
[2025.11.25-20.26.01:296][758]LogOnline: OSS: Creating online subsystem instance for: :Context_35
[2025.11.25-20.26.01:300][758]PIE: Server logged in
[2025.11.25-20.26.01:301][758]PIE: Play in editor total start time 0.555 seconds.
[2025.11.25-20.26.01:361][759]AssetCheck: New page: Asset Save: NewMap
[2025.11.25-20.26.01:362][759]LogContentValidation: Display: Validating World /Game/Mapas/Fases/NewMap.NewMap
[2025.11.25-20.26.03:005][853]LogSlate: Updating window title bar state: overlay mode, drag disabled, window buttons hidden, title bar hidden
[2025.11.25-20.26.03:005][853]LogWorld: BeginTearingDown for /Game/Mapas/Fases/UEDPIE_0_NewMap
[2025.11.25-20.26.03:005][853]LogSlate: Window 'ColunaDoendoSamurai Preview [NetMode: Standalone]  (64-bit/Windows) ' being destroyed
[2025.11.25-20.26.03:012][853]LogWorld: UWorld::CleanupWorld for NewMap, bSessionEnded=true, bCleanupResources=true
[2025.11.25-20.26.03:012][853]LogSlate: InvalidateAllWidgets triggered.  All widgets were invalidated
[2025.11.25-20.26.03:020][853]LogPlayLevel: Display: Shutting down PIE online subsystems
[2025.11.25-20.26.03:025][853]LogSlate: InvalidateAllWidgets triggered.  All widgets were invalidated
[2025.11.25-20.26.03:052][853]LogAudioMixer: FMixerPlatformXAudio2::StopAudioStream() called
[2025.11.25-20.26.03:053][853]LogAudioMixer: FMixerPlatformXAudio2::StopAudioStream() called
[2025.11.25-20.26.03:059][853]LogUObjectHash: Compacting FUObjectHashTables data took   2.31ms
[2025.11.25-20.26.03:073][854]LogPlayLevel: Display: Destroying online subsystem :Context_35
[2025.11.25-20.26.08:049][149]Cmd: OBJ SAVEPACKAGE PACKAGE="/Game/Mapas/Fases/NewMap" FILE="E:/Unreal/Fumec_DevGames/Content/Mapas/Fases/NewMap.umap" SILENT=true AUTOSAVING=false KEEPDIRTY=false
[2025.11.25-20.26.08:078][149]LogUObjectHash: Compacting FUObjectHashTables data took   2.30ms
[2025.11.25-20.26.08:220][149]LogSavePackage: Moving 'E:/Unreal/Fumec_DevGames/Saved/NewMap4825999E48443FE9FB757797433B0D2E.tmp' to 'E:/Unreal/Fumec_DevGames/Content/Mapas/Fases/NewMap.umap'
[2025.11.25-20.26.08:242][149]LogFileHelpers: Saving map 'NewMap' took 0.192
[2025.11.25-20.26.08:257][149]AssetCheck: New page: Asset Save: NewMap
[2025.11.25-20.26.08:257][149]LogContentValidation: Display: Validating World /Game/Mapas/Fases/NewMap.NewMap
[2025.11.25-20.26.08:795][182]LogTemp: Repeating last play command: Selected Viewport
[2025.11.25-20.26.08:803][182]BlueprintLog: New page: Pre-Play auto-recompile
[2025.11.25-20.26.08:803][182]LogPlayLevel: [PlayLevel] Compiling NewMap before play...
[2025.11.25-20.26.08:849][182]Cmd: OBJ SAVEPACKAGE PACKAGE="/Game/Mapas/Fases/NewMap" FILE="E:/Unreal/Fumec_DevGames/Content/Mapas/Fases/NewMap.umap" SILENT=true AUTOSAVING=false KEEPDIRTY=false
[2025.11.25-20.26.08:879][182]LogUObjectHash: Compacting FUObjectHashTables data took   2.21ms
[2025.11.25-20.26.09:033][182]LogSavePackage: Moving 'E:/Unreal/Fumec_DevGames/Saved/NewMap306A3F404B41C63BD6CC6F929EA51751.tmp' to 'E:/Unreal/Fumec_DevGames/Content/Mapas/Fases/NewMap.umap'
[2025.11.25-20.26.09:054][182]LogFileHelpers: Saving map 'NewMap' took 0.205
[2025.11.25-20.26.09:094][182]LogUObjectHash: Compacting FUObjectHashTables data took   0.57ms
[2025.11.25-20.26.09:094][182]LogPlayLevel: PlayLevel: Blueprint regeneration took 291 ms (1 blueprints)
[2025.11.25-20.26.09:094][182]PIE: New page: PIE session: NewMap (Nov 25, 2025, 2:26:09 PM)
[2025.11.25-20.26.09:094][182]LogPlayLevel: Creating play world package: /Game/Mapas/Fases/UEDPIE_0_NewMap
[2025.11.25-20.26.09:117][182]LogPlayLevel: PIE: StaticDuplicateObject took: (0.021799s)
[2025.11.25-20.26.09:118][182]LogAIModule: Creating AISystem for world NewMap
[2025.11.25-20.26.09:118][182]LogPlayLevel: PIE: World Init took: (0.001209s)
[2025.11.25-20.26.09:118][182]LogPlayLevel: PIE: Created PIE world by copying editor world from /Game/Mapas/Fases/NewMap.NewMap to /Game/Mapas/Fases/UEDPIE_0_NewMap.NewMap (0.023162s)
[2025.11.25-20.26.09:147][182]LogUObjectHash: Compacting FUObjectHashTables data took   2.15ms
[2025.11.25-20.26.09:147][182]LogAudio: Display: Creating Audio Device:                 Id: 31, Scope: Unique, Realtime: True
[2025.11.25-20.26.09:147][182]LogAudioMixer: Display: Audio Mixer Platform Settings:
[2025.11.25-20.26.09:147][182]LogAudioMixer: Display: 	Sample Rate:						  48000
[2025.11.25-20.26.09:147][182]LogAudioMixer: Display: 	Callback Buffer Frame Size Requested: 1024
[2025.11.25-20.26.09:147][182]LogAudioMixer: Display: 	Callback Buffer Frame Size To Use:	  1024
[2025.11.25-20.26.09:147][182]LogAudioMixer: Display: 	Number of buffers to queue:			  2
[2025.11.25-20.26.09:147][182]LogAudioMixer: Display: 	Max Channels (voices):				  32
[2025.11.25-20.26.09:147][182]LogAudioMixer: Display: 	Number of Async Source Workers:		  0
[2025.11.25-20.26.09:147][182]LogAudio: Display: AudioDevice MaxSources: 32
[2025.11.25-20.26.09:148][182]LogAudio: Display: Audio Spatialization Plugin: None (built-in).
[2025.11.25-20.26.09:148][182]LogAudio: Display: Audio Reverb Plugin: None (built-in).
[2025.11.25-20.26.09:148][182]LogAudio: Display: Audio Occlusion Plugin: None (built-in).
[2025.11.25-20.26.09:148][182]LogAudioMixer: Display: Initializing audio mixer.
[2025.11.25-20.26.09:154][182]LogAudioMixer: Display: 0: FrontLeft
[2025.11.25-20.26.09:154][182]LogAudioMixer: Display: 1: FrontRight
[2025.11.25-20.26.09:162][182]LogAudioMixer: Display: Using Audio Device Alto-falantes (Realtek(R) Audio)
[2025.11.25-20.26.09:162][182]LogAudioMixer: Display: Initializing Sound Submixes...
[2025.11.25-20.26.09:162][182]LogAudioMixer: Display: Creating Master Submix 'MasterSubmixDefault'
[2025.11.25-20.26.09:162][182]LogAudioMixer: Display: Creating Master Submix 'MasterReverbSubmixDefault'
[2025.11.25-20.26.09:162][182]LogAudioMixer: Display: Creating Master Submix 'MasterEQSubmixDefault'
[2025.11.25-20.26.09:162][182]LogAudioMixer: FMixerPlatformXAudio2::StartAudioStream() called
[2025.11.25-20.26.09:162][182]LogAudioMixer: Display: Output buffers initialized: Frames=1024, Channels=2, Samples=2048
[2025.11.25-20.26.09:164][182]LogAudioMixer: Display: Starting AudioMixerPlatformInterface::RunInternal()
[2025.11.25-20.26.09:164][182]LogAudioMixer: Display: FMixerPlatformXAudio2::SubmitBuffer() called for the first time
[2025.11.25-20.26.09:164][182]LogInit: FAudioDevice initialized.
[2025.11.25-20.26.09:164][182]LogAudio: Display: Audio Device (ID: 31) registered with world 'NewMap'.
[2025.11.25-20.26.09:213][182]LogSlate: Updating window title bar state: overlay mode, drag disabled, window buttons hidden, title bar hidden
[2025.11.25-20.26.09:215][182]LogLoad: Game class is 'GameModeRL_C'
[2025.11.25-20.26.09:217][182]LogWorld: Bringing World /Game/Mapas/Fases/UEDPIE_0_NewMap.NewMap up for play (max tick rate 60) at 2025.11.25-17.26.09
[2025.11.25-20.26.09:217][182]LogWorld: Bringing up level for play took: 0.001933
[2025.11.25-20.26.09:218][182]LogOnline: OSS: Creating online subsystem instance for: :Context_36
[2025.11.25-20.26.09:224][182]PIE: Server logged in
[2025.11.25-20.26.09:225][182]PIE: Play in editor total start time 0.424 seconds.
[2025.11.25-20.26.09:283][183]AssetCheck: New page: Asset Save: NewMap
[2025.11.25-20.26.09:283][183]LogContentValidation: Display: Validating World /Game/Mapas/Fases/NewMap.NewMap
[2025.11.25-20.26.13:965][381]LogSlate: Window 'ColunaDoendoSamurai Preview [NetMode: Standalone]  (64-bit/Windows) ' being destroyed
[2025.11.25-20.26.13:971][381]LogWorld: BeginTearingDown for /Game/Mapas/Fases/UEDPIE_0_NewMap
[2025.11.25-20.26.14:014][381]LogWorld: UWorld::CleanupWorld for NewMap, bSessionEnded=true, bCleanupResources=true
[2025.11.25-20.26.14:014][381]LogSlate: InvalidateAllWidgets triggered.  All widgets were invalidated
[2025.11.25-20.26.14:022][381]LogPlayLevel: Display: Shutting down PIE online subsystems
[2025.11.25-20.26.14:027][381]LogSlate: InvalidateAllWidgets triggered.  All widgets were invalidated
[2025.11.25-20.26.14:054][381]LogAudioMixer: FMixerPlatformXAudio2::StopAudioStream() called
[2025.11.25-20.26.14:055][381]LogAudioMixer: FMixerPlatformXAudio2::StopAudioStream() called
[2025.11.25-20.26.14:061][381]LogUObjectHash: Compacting FUObjectHashTables data took   1.97ms
[2025.11.25-20.26.14:076][382]LogPlayLevel: Display: Destroying online subsystem :Context_36
[2025.11.25-20.26.17:423][581]Cmd: OBJ SAVEPACKAGE PACKAGE="/Game/Mapas/Fases/NewMap" FILE="E:/Unreal/Fumec_DevGames/Content/Mapas/Fases/NewMap.umap" SILENT=true AUTOSAVING=false KEEPDIRTY=false
[2025.11.25-20.26.17:453][581]LogUObjectHash: Compacting FUObjectHashTables data took   1.91ms
[2025.11.25-20.26.17:593][581]LogSavePackage: Moving 'E:/Unreal/Fumec_DevGames/Saved/NewMapBBDD9F0646B2BEB04093DA8030B626C6.tmp' to 'E:/Unreal/Fumec_DevGames/Content/Mapas/Fases/NewMap.umap'
[2025.11.25-20.26.17:618][581]LogFileHelpers: Saving map 'NewMap' took 0.195
[2025.11.25-20.26.17:633][581]AssetCheck: New page: Asset Save: NewMap
[2025.11.25-20.26.17:633][581]LogContentValidation: Display: Validating World /Game/Mapas/Fases/NewMap.NewMap
[2025.11.25-20.26.18:094][609]LogTemp: Repeating last play command: Selected Viewport
[2025.11.25-20.26.18:101][609]BlueprintLog: New page: Pre-Play auto-recompile
[2025.11.25-20.26.18:101][609]LogPlayLevel: [PlayLevel] Compiling NewMap before play...
[2025.11.25-20.26.18:152][609]Cmd: OBJ SAVEPACKAGE PACKAGE="/Game/Mapas/Fases/NewMap" FILE="E:/Unreal/Fumec_DevGames/Content/Mapas/Fases/NewMap.umap" SILENT=true AUTOSAVING=false KEEPDIRTY=false
[2025.11.25-20.26.18:182][609]LogUObjectHash: Compacting FUObjectHashTables data took   2.64ms
[2025.11.25-20.26.18:322][609]LogSavePackage: Moving 'E:/Unreal/Fumec_DevGames/Saved/NewMap9085E8414AF9B9A6F7256F86BE87E1A1.tmp' to 'E:/Unreal/Fumec_DevGames/Content/Mapas/Fases/NewMap.umap'
[2025.11.25-20.26.18:343][609]LogFileHelpers: Saving map 'NewMap' took 0.192
[2025.11.25-20.26.18:379][609]LogUObjectHash: Compacting FUObjectHashTables data took   0.67ms
[2025.11.25-20.26.18:379][609]LogPlayLevel: PlayLevel: Blueprint regeneration took 277 ms (1 blueprints)
[2025.11.25-20.26.18:379][609]PIE: New page: PIE session: NewMap (Nov 25, 2025, 2:26:18 PM)
[2025.11.25-20.26.18:379][609]LogPlayLevel: Creating play world package: /Game/Mapas/Fases/UEDPIE_0_NewMap
[2025.11.25-20.26.18:401][609]LogPlayLevel: PIE: StaticDuplicateObject took: (0.021718s)
[2025.11.25-20.26.18:402][609]LogAIModule: Creating AISystem for world NewMap
[2025.11.25-20.26.18:402][609]LogPlayLevel: PIE: World Init took: (0.001202s)
[2025.11.25-20.26.18:402][609]LogPlayLevel: PIE: Created PIE world by copying editor world from /Game/Mapas/Fases/NewMap.NewMap to /Game/Mapas/Fases/UEDPIE_0_NewMap.NewMap (0.023069s)
[2025.11.25-20.26.18:431][609]LogUObjectHash: Compacting FUObjectHashTables data took   2.10ms
[2025.11.25-20.26.18:432][609]LogAudio: Display: Creating Audio Device:                 Id: 32, Scope: Unique, Realtime: True
[2025.11.25-20.26.18:432][609]LogAudioMixer: Display: Audio Mixer Platform Settings:
[2025.11.25-20.26.18:432][609]LogAudioMixer: Display: 	Sample Rate:						  48000
[2025.11.25-20.26.18:432][609]LogAudioMixer: Display: 	Callback Buffer Frame Size Requested: 1024
[2025.11.25-20.26.18:432][609]LogAudioMixer: Display: 	Callback Buffer Frame Size To Use:	  1024
[2025.11.25-20.26.18:432][609]LogAudioMixer: Display: 	Number of buffers to queue:			  2
[2025.11.25-20.26.18:432][609]LogAudioMixer: Display: 	Max Channels (voices):				  32
[2025.11.25-20.26.18:432][609]LogAudioMixer: Display: 	Number of Async Source Workers:		  0
[2025.11.25-20.26.18:432][609]LogAudio: Display: AudioDevice MaxSources: 32
[2025.11.25-20.26.18:432][609]LogAudio: Display: Audio Spatialization Plugin: None (built-in).
[2025.11.25-20.26.18:432][609]LogAudio: Display: Audio Reverb Plugin: None (built-in).
[2025.11.25-20.26.18:432][609]LogAudio: Display: Audio Occlusion Plugin: None (built-in).
[2025.11.25-20.26.18:432][609]LogAudioMixer: Display: Initializing audio mixer.
[2025.11.25-20.26.18:438][609]LogAudioMixer: Display: 0: FrontLeft
[2025.11.25-20.26.18:438][609]LogAudioMixer: Display: 1: FrontRight
[2025.11.25-20.26.18:445][609]LogAudioMixer: Display: Using Audio Device Alto-falantes (Realtek(R) Audio)
[2025.11.25-20.26.18:446][609]LogAudioMixer: Display: Initializing Sound Submixes...
[2025.11.25-20.26.18:446][609]LogAudioMixer: Display: Creating Master Submix 'MasterSubmixDefault'
[2025.11.25-20.26.18:446][609]LogAudioMixer: Display: Creating Master Submix 'MasterReverbSubmixDefault'
[2025.11.25-20.26.18:446][609]LogAudioMixer: Display: Creating Master Submix 'MasterEQSubmixDefault'
[2025.11.25-20.26.18:446][609]LogAudioMixer: FMixerPlatformXAudio2::StartAudioStream() called
[2025.11.25-20.26.18:446][609]LogAudioMixer: Display: Output buffers initialized: Frames=1024, Channels=2, Samples=2048
[2025.11.25-20.26.18:448][609]LogAudioMixer: Display: Starting AudioMixerPlatformInterface::RunInternal()
[2025.11.25-20.26.18:448][609]LogAudioMixer: Display: FMixerPlatformXAudio2::SubmitBuffer() called for the first time
[2025.11.25-20.26.18:448][609]LogInit: FAudioDevice initialized.
[2025.11.25-20.26.18:448][609]LogAudio: Display: Audio Device (ID: 32) registered with world 'NewMap'.
[2025.11.25-20.26.18:497][609]LogSlate: Updating window title bar state: overlay mode, drag disabled, window buttons hidden, title bar hidden
[2025.11.25-20.26.18:497][609]LogLoad: Game class is 'GameModeRL_C'
[2025.11.25-20.26.18:500][609]LogWorld: Bringing World /Game/Mapas/Fases/UEDPIE_0_NewMap.NewMap up for play (max tick rate 60) at 2025.11.25-17.26.18
[2025.11.25-20.26.18:501][609]LogWorld: Bringing up level for play took: 0.002191
[2025.11.25-20.26.18:501][609]LogOnline: OSS: Creating online subsystem instance for: :Context_37
[2025.11.25-20.26.18:506][609]PIE: Server logged in
[2025.11.25-20.26.18:507][609]PIE: Play in editor total start time 0.407 seconds.
[2025.11.25-20.26.18:555][610]LogRenderer: Reallocating scene render targets to support 1220x784 Format 10 NumSamples 1 (Frame:1).
[2025.11.25-20.26.18:555][610]AssetCheck: New page: Asset Save: NewMap
[2025.11.25-20.26.18:555][610]LogContentValidation: Display: Validating World /Game/Mapas/Fases/NewMap.NewMap
[2025.11.25-20.26.23:205][879]LogSlate: Updating window title bar state: overlay mode, drag disabled, window buttons hidden, title bar hidden
[2025.11.25-20.26.23:205][879]LogWorld: BeginTearingDown for /Game/Mapas/Fases/UEDPIE_0_NewMap
[2025.11.25-20.26.23:206][879]LogSlate: Window 'ColunaDoendoSamurai Preview [NetMode: Standalone]  (64-bit/Windows) ' being destroyed
[2025.11.25-20.26.23:212][879]LogWorld: UWorld::CleanupWorld for NewMap, bSessionEnded=true, bCleanupResources=true
[2025.11.25-20.26.23:212][879]LogSlate: InvalidateAllWidgets triggered.  All widgets were invalidated
[2025.11.25-20.26.23:223][879]LogPlayLevel: Display: Shutting down PIE online subsystems
[2025.11.25-20.26.23:228][879]LogSlate: InvalidateAllWidgets triggered.  All widgets were invalidated
[2025.11.25-20.26.23:255][879]LogAudioMixer: FMixerPlatformXAudio2::StopAudioStream() called
[2025.11.25-20.26.23:256][879]LogAudioMixer: FMixerPlatformXAudio2::StopAudioStream() called
[2025.11.25-20.26.23:262][879]LogUObjectHash: Compacting FUObjectHashTables data took   2.01ms
[2025.11.25-20.26.23:277][880]LogPlayLevel: Display: Destroying online subsystem :Context_37
[2025.11.25-20.26.30:633][321]LogTemp: Repeating last play command: Selected Viewport
[2025.11.25-20.26.30:641][321]LogPlayLevel: PlayLevel: No blueprints needed recompiling
[2025.11.25-20.26.30:641][321]PIE: New page: PIE session: NewMap (Nov 25, 2025, 2:26:30 PM)
[2025.11.25-20.26.30:641][321]LogPlayLevel: Creating play world package: /Game/Mapas/Fases/UEDPIE_0_NewMap
[2025.11.25-20.26.30:664][321]LogPlayLevel: PIE: StaticDuplicateObject took: (0.023486s)
[2025.11.25-20.26.30:665][321]LogAIModule: Creating AISystem for world NewMap
[2025.11.25-20.26.30:665][321]LogPlayLevel: PIE: World Init took: (0.001238s)
[2025.11.25-20.26.30:665][321]LogPlayLevel: PIE: Created PIE world by copying editor world from /Game/Mapas/Fases/NewMap.NewMap to /Game/Mapas/Fases/UEDPIE_0_NewMap.NewMap (0.024880s)
[2025.11.25-20.26.30:697][321]LogUObjectHash: Compacting FUObjectHashTables data took   2.16ms
[2025.11.25-20.26.30:697][321]LogAudio: Display: Creating Audio Device:                 Id: 33, Scope: Unique, Realtime: True
[2025.11.25-20.26.30:697][321]LogAudioMixer: Display: Audio Mixer Platform Settings:
[2025.11.25-20.26.30:697][321]LogAudioMixer: Display: 	Sample Rate:						  48000
[2025.11.25-20.26.30:697][321]LogAudioMixer: Display: 	Callback Buffer Frame Size Requested: 1024
[2025.11.25-20.26.30:697][321]LogAudioMixer: Display: 	Callback Buffer Frame Size To Use:	  1024
[2025.11.25-20.26.30:697][321]LogAudioMixer: Display: 	Number of buffers to queue:			  2
[2025.11.25-20.26.30:697][321]LogAudioMixer: Display: 	Max Channels (voices):				  32
[2025.11.25-20.26.30:697][321]LogAudioMixer: Display: 	Number of Async Source Workers:		  0
[2025.11.25-20.26.30:697][321]LogAudio: Display: AudioDevice MaxSources: 32
[2025.11.25-20.26.30:698][321]LogAudio: Display: Audio Spatialization Plugin: None (built-in).
[2025.11.25-20.26.30:698][321]LogAudio: Display: Audio Reverb Plugin: None (built-in).
[2025.11.25-20.26.30:698][321]LogAudio: Display: Audio Occlusion Plugin: None (built-in).
[2025.11.25-20.26.30:698][321]LogAudioMixer: Display: Initializing audio mixer.
[2025.11.25-20.26.30:703][321]LogAudioMixer: Display: 0: FrontLeft
[2025.11.25-20.26.30:703][321]LogAudioMixer: Display: 1: FrontRight
[2025.11.25-20.26.30:710][321]LogAudioMixer: Display: Using Audio Device Alto-falantes (Realtek(R) Audio)
[2025.11.25-20.26.30:710][321]LogAudioMixer: Display: Initializing Sound Submixes...
[2025.11.25-20.26.30:710][321]LogAudioMixer: Display: Creating Master Submix 'MasterSubmixDefault'
[2025.11.25-20.26.30:710][321]LogAudioMixer: Display: Creating Master Submix 'MasterReverbSubmixDefault'
[2025.11.25-20.26.30:712][321]LogAudioMixer: Display: Creating Master Submix 'MasterEQSubmixDefault'
[2025.11.25-20.26.30:712][321]LogAudioMixer: FMixerPlatformXAudio2::StartAudioStream() called
[2025.11.25-20.26.30:712][321]LogAudioMixer: Display: Output buffers initialized: Frames=1024, Channels=2, Samples=2048
[2025.11.25-20.26.30:713][321]LogAudioMixer: Display: Starting AudioMixerPlatformInterface::RunInternal()
[2025.11.25-20.26.30:713][321]LogAudioMixer: Display: FMixerPlatformXAudio2::SubmitBuffer() called for the first time
[2025.11.25-20.26.30:713][321]LogInit: FAudioDevice initialized.
[2025.11.25-20.26.30:713][321]LogAudio: Display: Audio Device (ID: 33) registered with world 'NewMap'.
[2025.11.25-20.26.30:769][321]LogSlate: Updating window title bar state: overlay mode, drag disabled, window buttons hidden, title bar hidden
[2025.11.25-20.26.30:769][321]LogLoad: Game class is 'GameModeRL_C'
[2025.11.25-20.26.30:771][321]LogWorld: Bringing World /Game/Mapas/Fases/UEDPIE_0_NewMap.NewMap up for play (max tick rate 60) at 2025.11.25-17.26.30
[2025.11.25-20.26.30:772][321]LogWorld: Bringing up level for play took: 0.002496
[2025.11.25-20.26.30:773][321]LogOnline: OSS: Creating online subsystem instance for: :Context_38
[2025.11.25-20.26.30:778][321]PIE: Server logged in
[2025.11.25-20.26.30:779][321]PIE: Play in editor total start time 0.14 seconds.
[2025.11.25-20.26.34:165][514]LogSlate: Updating window title bar state: overlay mode, drag disabled, window buttons hidden, title bar hidden
[2025.11.25-20.26.34:166][514]LogWorld: BeginTearingDown for /Game/Mapas/Fases/UEDPIE_0_NewMap
[2025.11.25-20.26.34:166][514]LogSlate: Window 'ColunaDoendoSamurai Preview [NetMode: Standalone]  (64-bit/Windows) ' being destroyed
[2025.11.25-20.26.34:172][514]LogWorld: UWorld::CleanupWorld for NewMap, bSessionEnded=true, bCleanupResources=true
[2025.11.25-20.26.34:172][514]LogSlate: InvalidateAllWidgets triggered.  All widgets were invalidated
[2025.11.25-20.26.34:180][514]LogPlayLevel: Display: Shutting down PIE online subsystems
[2025.11.25-20.26.34:185][514]LogSlate: InvalidateAllWidgets triggered.  All widgets were invalidated
[2025.11.25-20.26.34:211][514]LogAudio: Display: Audio Device unregistered from world 'None'.
[2025.11.25-20.26.34:212][514]LogAudioMixer: FMixerPlatformXAudio2::StopAudioStream() called
[2025.11.25-20.26.34:214][514]LogAudioMixer: FMixerPlatformXAudio2::StopAudioStream() called
[2025.11.25-20.26.34:220][514]LogUObjectHash: Compacting FUObjectHashTables data took   2.38ms
[2025.11.25-20.26.34:251][516]LogPlayLevel: Display: Destroying online subsystem :Context_38
[2025.11.25-20.26.39:411][824]Cmd: OBJ SAVEPACKAGE PACKAGE="/Game/Mapas/Fases/NewMap" FILE="E:/Unreal/Fumec_DevGames/Content/Mapas/Fases/NewMap.umap" SILENT=true AUTOSAVING=false KEEPDIRTY=false
[2025.11.25-20.26.39:439][824]LogUObjectHash: Compacting FUObjectHashTables data took   1.90ms
[2025.11.25-20.26.39:581][824]LogSavePackage: Moving 'E:/Unreal/Fumec_DevGames/Saved/NewMapDAB5CDD9442D4B0E4D88BE900D47D4DC.tmp' to 'E:/Unreal/Fumec_DevGames/Content/Mapas/Fases/NewMap.umap'
[2025.11.25-20.26.39:603][824]LogFileHelpers: Saving map 'NewMap' took 0.192
[2025.11.25-20.26.39:618][824]AssetCheck: New page: Asset Save: NewMap
[2025.11.25-20.26.39:618][824]LogContentValidation: Display: Validating World /Game/Mapas/Fases/NewMap.NewMap
[2025.11.25-20.26.40:256][863]LogTemp: Repeating last play command: Selected Viewport
[2025.11.25-20.26.40:264][863]BlueprintLog: New page: Pre-Play auto-recompile
[2025.11.25-20.26.40:264][863]LogPlayLevel: [PlayLevel] Compiling NewMap before play...
[2025.11.25-20.26.40:311][863]Cmd: OBJ SAVEPACKAGE PACKAGE="/Game/Mapas/Fases/NewMap" FILE="E:/Unreal/Fumec_DevGames/Content/Mapas/Fases/NewMap.umap" SILENT=true AUTOSAVING=false KEEPDIRTY=false
[2025.11.25-20.26.40:342][863]LogUObjectHash: Compacting FUObjectHashTables data took   2.66ms
[2025.11.25-20.26.40:484][863]LogSavePackage: Moving 'E:/Unreal/Fumec_DevGames/Saved/NewMap65F2DCF44C260946CC6236BEC7071F7C.tmp' to 'E:/Unreal/Fumec_DevGames/Content/Mapas/Fases/NewMap.umap'
[2025.11.25-20.26.40:505][863]LogFileHelpers: Saving map 'NewMap' took 0.194
[2025.11.25-20.26.40:540][863]LogUObjectHash: Compacting FUObjectHashTables data took   0.57ms
[2025.11.25-20.26.40:540][863]LogPlayLevel: PlayLevel: Blueprint regeneration took 276 ms (1 blueprints)
[2025.11.25-20.26.40:540][863]PIE: New page: PIE session: NewMap (Nov 25, 2025, 2:26:40 PM)
[2025.11.25-20.26.40:540][863]LogPlayLevel: Creating play world package: /Game/Mapas/Fases/UEDPIE_0_NewMap
[2025.11.25-20.26.40:562][863]LogPlayLevel: PIE: StaticDuplicateObject took: (0.021284s)
[2025.11.25-20.26.40:563][863]LogAIModule: Creating AISystem for world NewMap
[2025.11.25-20.26.40:563][863]LogPlayLevel: PIE: World Init took: (0.001203s)
[2025.11.25-20.26.40:563][863]LogPlayLevel: PIE: Created PIE world by copying editor world from /Game/Mapas/Fases/NewMap.NewMap to /Game/Mapas/Fases/UEDPIE_0_NewMap.NewMap (0.022630s)
[2025.11.25-20.26.40:593][863]LogUObjectHash: Compacting FUObjectHashTables data took   2.22ms
[2025.11.25-20.26.40:594][863]LogAudio: Display: Creating Audio Device:                 Id: 34, Scope: Unique, Realtime: True
[2025.11.25-20.26.40:594][863]LogAudioMixer: Display: Audio Mixer Platform Settings:
[2025.11.25-20.26.40:594][863]LogAudioMixer: Display: 	Sample Rate:						  48000
[2025.11.25-20.26.40:594][863]LogAudioMixer: Display: 	Callback Buffer Frame Size Requested: 1024
[2025.11.25-20.26.40:594][863]LogAudioMixer: Display: 	Callback Buffer Frame Size To Use:	  1024
[2025.11.25-20.26.40:594][863]LogAudioMixer: Display: 	Number of buffers to queue:			  2
[2025.11.25-20.26.40:594][863]LogAudioMixer: Display: 	Max Channels (voices):				  32
[2025.11.25-20.26.40:594][863]LogAudioMixer: Display: 	Number of Async Source Workers:		  0
[2025.11.25-20.26.40:594][863]LogAudio: Display: AudioDevice MaxSources: 32
[2025.11.25-20.26.40:594][863]LogAudio: Display: Audio Spatialization Plugin: None (built-in).
[2025.11.25-20.26.40:594][863]LogAudio: Display: Audio Reverb Plugin: None (built-in).
[2025.11.25-20.26.40:594][863]LogAudio: Display: Audio Occlusion Plugin: None (built-in).
[2025.11.25-20.26.40:594][863]LogAudioMixer: Display: Initializing audio mixer.
[2025.11.25-20.26.40:600][863]LogAudioMixer: Display: 0: FrontLeft
[2025.11.25-20.26.40:600][863]LogAudioMixer: Display: 1: FrontRight
[2025.11.25-20.26.40:606][863]LogAudioMixer: Display: Using Audio Device Alto-falantes (Realtek(R) Audio)
[2025.11.25-20.26.40:607][863]LogAudioMixer: Display: Initializing Sound Submixes...
[2025.11.25-20.26.40:607][863]LogAudioMixer: Display: Creating Master Submix 'MasterSubmixDefault'
[2025.11.25-20.26.40:607][863]LogAudioMixer: Display: Creating Master Submix 'MasterReverbSubmixDefault'
[2025.11.25-20.26.40:607][863]LogAudioMixer: Display: Creating Master Submix 'MasterEQSubmixDefault'
[2025.11.25-20.26.40:607][863]LogAudioMixer: FMixerPlatformXAudio2::StartAudioStream() called
[2025.11.25-20.26.40:607][863]LogAudioMixer: Display: Output buffers initialized: Frames=1024, Channels=2, Samples=2048
[2025.11.25-20.26.40:610][863]LogAudioMixer: Display: Starting AudioMixerPlatformInterface::RunInternal()
[2025.11.25-20.26.40:610][863]LogAudioMixer: Display: FMixerPlatformXAudio2::SubmitBuffer() called for the first time
[2025.11.25-20.26.40:610][863]LogInit: FAudioDevice initialized.
[2025.11.25-20.26.40:610][863]LogAudio: Display: Audio Device (ID: 34) registered with world 'NewMap'.
[2025.11.25-20.26.40:658][863]LogSlate: Updating window title bar state: overlay mode, drag disabled, window buttons hidden, title bar hidden
[2025.11.25-20.26.40:658][863]LogLoad: Game class is 'GameModeRL_C'
[2025.11.25-20.26.40:661][863]LogWorld: Bringing World /Game/Mapas/Fases/UEDPIE_0_NewMap.NewMap up for play (max tick rate 60) at 2025.11.25-17.26.40
[2025.11.25-20.26.40:662][863]LogWorld: Bringing up level for play took: 0.002180
[2025.11.25-20.26.40:662][863]LogOnline: OSS: Creating online subsystem instance for: :Context_39
[2025.11.25-20.26.40:667][863]PIE: Server logged in
[2025.11.25-20.26.40:668][863]PIE: Play in editor total start time 0.406 seconds.
[2025.11.25-20.26.40:721][864]LogRenderer: Reallocating scene render targets to support 1224x784 Format 10 NumSamples 1 (Frame:1).
[2025.11.25-20.26.40:721][864]AssetCheck: New page: Asset Save: NewMap
[2025.11.25-20.26.40:722][864]LogContentValidation: Display: Validating World /Game/Mapas/Fases/NewMap.NewMap
[2025.11.25-20.26.45:135][118]LogSlate: Updating window title bar state: overlay mode, drag disabled, window buttons hidden, title bar hidden
[2025.11.25-20.26.45:135][118]LogWorld: BeginTearingDown for /Game/Mapas/Fases/UEDPIE_0_NewMap
[2025.11.25-20.26.45:136][118]LogSlate: Window 'ColunaDoendoSamurai Preview [NetMode: Standalone]  (64-bit/Windows) ' being destroyed
[2025.11.25-20.26.45:141][118]LogWorld: UWorld::CleanupWorld for NewMap, bSessionEnded=true, bCleanupResources=true
[2025.11.25-20.26.45:141][118]LogSlate: InvalidateAllWidgets triggered.  All widgets were invalidated
[2025.11.25-20.26.45:155][118]LogPlayLevel: Display: Shutting down PIE online subsystems
[2025.11.25-20.26.45:160][118]LogSlate: InvalidateAllWidgets triggered.  All widgets were invalidated
[2025.11.25-20.26.45:188][118]LogAudioMixer: FMixerPlatformXAudio2::StopAudioStream() called
[2025.11.25-20.26.45:189][118]LogAudioMixer: FMixerPlatformXAudio2::StopAudioStream() called
[2025.11.25-20.26.45:195][118]LogUObjectHash: Compacting FUObjectHashTables data took   2.36ms
[2025.11.25-20.26.45:210][119]LogPlayLevel: Display: Destroying online subsystem :Context_39
[2025.11.25-20.26.48:432][311]Cmd: OBJ SAVEPACKAGE PACKAGE="/Game/Mapas/Fases/NewMap" FILE="E:/Unreal/Fumec_DevGames/Content/Mapas/Fases/NewMap.umap" SILENT=true AUTOSAVING=false KEEPDIRTY=false
[2025.11.25-20.26.48:460][311]LogUObjectHash: Compacting FUObjectHashTables data took   2.31ms
[2025.11.25-20.26.48:602][311]LogSavePackage: Moving 'E:/Unreal/Fumec_DevGames/Saved/NewMap5C734CA042C591371AF82EB4C09789F6.tmp' to 'E:/Unreal/Fumec_DevGames/Content/Mapas/Fases/NewMap.umap'
[2025.11.25-20.26.48:624][311]LogFileHelpers: Saving map 'NewMap' took 0.193
[2025.11.25-20.26.48:638][311]AssetCheck: New page: Asset Save: NewMap
[2025.11.25-20.26.48:639][311]LogContentValidation: Display: Validating World /Game/Mapas/Fases/NewMap.NewMap
[2025.11.25-20.26.49:343][354]LogTemp: Repeating last play command: Selected Viewport
[2025.11.25-20.26.49:351][354]BlueprintLog: New page: Pre-Play auto-recompile
[2025.11.25-20.26.49:351][354]LogPlayLevel: [PlayLevel] Compiling NewMap before play...
[2025.11.25-20.26.49:396][354]Cmd: OBJ SAVEPACKAGE PACKAGE="/Game/Mapas/Fases/NewMap" FILE="E:/Unreal/Fumec_DevGames/Content/Mapas/Fases/NewMap.umap" SILENT=true AUTOSAVING=false KEEPDIRTY=false
[2025.11.25-20.26.49:427][354]LogUObjectHash: Compacting FUObjectHashTables data took   2.65ms
[2025.11.25-20.26.49:567][354]LogSavePackage: Moving 'E:/Unreal/Fumec_DevGames/Saved/NewMapE0C40B78476E9EB9EB0D0DB8450A9C25.tmp' to 'E:/Unreal/Fumec_DevGames/Content/Mapas/Fases/NewMap.umap'
[2025.11.25-20.26.49:589][354]LogFileHelpers: Saving map 'NewMap' took 0.192
[2025.11.25-20.26.49:623][354]LogUObjectHash: Compacting FUObjectHashTables data took   0.65ms
[2025.11.25-20.26.49:623][354]LogPlayLevel: PlayLevel: Blueprint regeneration took 272 ms (1 blueprints)
[2025.11.25-20.26.49:623][354]PIE: New page: PIE session: NewMap (Nov 25, 2025, 2:26:49 PM)
[2025.11.25-20.26.49:624][354]LogPlayLevel: Creating play world package: /Game/Mapas/Fases/UEDPIE_0_NewMap
[2025.11.25-20.26.49:645][354]LogPlayLevel: PIE: StaticDuplicateObject took: (0.021647s)
[2025.11.25-20.26.49:646][354]LogAIModule: Creating AISystem for world NewMap
[2025.11.25-20.26.49:646][354]LogPlayLevel: PIE: World Init took: (0.001199s)
[2025.11.25-20.26.49:646][354]LogPlayLevel: PIE: Created PIE world by copying editor world from /Game/Mapas/Fases/NewMap.NewMap to /Game/Mapas/Fases/UEDPIE_0_NewMap.NewMap (0.023003s)
[2025.11.25-20.26.49:676][354]LogUObjectHash: Compacting FUObjectHashTables data took   2.12ms
[2025.11.25-20.26.49:677][354]LogAudio: Display: Creating Audio Device:                 Id: 35, Scope: Unique, Realtime: True
[2025.11.25-20.26.49:677][354]LogAudioMixer: Display: Audio Mixer Platform Settings:
[2025.11.25-20.26.49:677][354]LogAudioMixer: Display: 	Sample Rate:						  48000
[2025.11.25-20.26.49:677][354]LogAudioMixer: Display: 	Callback Buffer Frame Size Requested: 1024
[2025.11.25-20.26.49:677][354]LogAudioMixer: Display: 	Callback Buffer Frame Size To Use:	  1024
[2025.11.25-20.26.49:677][354]LogAudioMixer: Display: 	Number of buffers to queue:			  2
[2025.11.25-20.26.49:677][354]LogAudioMixer: Display: 	Max Channels (voices):				  32
[2025.11.25-20.26.49:677][354]LogAudioMixer: Display: 	Number of Async Source Workers:		  0
[2025.11.25-20.26.49:677][354]LogAudio: Display: AudioDevice MaxSources: 32
[2025.11.25-20.26.49:677][354]LogAudio: Display: Audio Spatialization Plugin: None (built-in).
[2025.11.25-20.26.49:677][354]LogAudio: Display: Audio Reverb Plugin: None (built-in).
[2025.11.25-20.26.49:677][354]LogAudio: Display: Audio Occlusion Plugin: None (built-in).
[2025.11.25-20.26.49:677][354]LogAudioMixer: Display: Initializing audio mixer.
[2025.11.25-20.26.49:683][354]LogAudioMixer: Display: 0: FrontLeft
[2025.11.25-20.26.49:683][354]LogAudioMixer: Display: 1: FrontRight
[2025.11.25-20.26.49:690][354]LogAudioMixer: Display: Using Audio Device Alto-falantes (Realtek(R) Audio)
[2025.11.25-20.26.49:690][354]LogAudioMixer: Display: Initializing Sound Submixes...
[2025.11.25-20.26.49:691][354]LogAudioMixer: Display: Creating Master Submix 'MasterSubmixDefault'
[2025.11.25-20.26.49:691][354]LogAudioMixer: Display: Creating Master Submix 'MasterReverbSubmixDefault'
[2025.11.25-20.26.49:691][354]LogAudioMixer: Display: Creating Master Submix 'MasterEQSubmixDefault'
[2025.11.25-20.26.49:691][354]LogAudioMixer: FMixerPlatformXAudio2::StartAudioStream() called
[2025.11.25-20.26.49:691][354]LogAudioMixer: Display: Output buffers initialized: Frames=1024, Channels=2, Samples=2048
[2025.11.25-20.26.49:693][354]LogAudioMixer: Display: Starting AudioMixerPlatformInterface::RunInternal()
[2025.11.25-20.26.49:693][354]LogAudioMixer: Display: FMixerPlatformXAudio2::SubmitBuffer() called for the first time
[2025.11.25-20.26.49:693][354]LogInit: FAudioDevice initialized.
[2025.11.25-20.26.49:693][354]LogAudio: Display: Audio Device (ID: 35) registered with world 'NewMap'.
[2025.11.25-20.26.49:743][354]LogSlate: Updating window title bar state: overlay mode, drag disabled, window buttons hidden, title bar hidden
[2025.11.25-20.26.49:743][354]LogLoad: Game class is 'GameModeRL_C'
[2025.11.25-20.26.49:746][354]LogWorld: Bringing World /Game/Mapas/Fases/UEDPIE_0_NewMap.NewMap up for play (max tick rate 60) at 2025.11.25-17.26.49
[2025.11.25-20.26.49:747][354]LogWorld: Bringing up level for play took: 0.002478
[2025.11.25-20.26.49:747][354]LogOnline: OSS: Creating online subsystem instance for: :Context_40
[2025.11.25-20.26.49:751][354]PIE: Server logged in
[2025.11.25-20.26.49:753][354]PIE: Play in editor total start time 0.404 seconds.
[2025.11.25-20.26.49:809][355]AssetCheck: New page: Asset Save: NewMap
[2025.11.25-20.26.49:809][355]LogContentValidation: Display: Validating World /Game/Mapas/Fases/NewMap.NewMap
[2025.11.25-20.27.03:705][182]LogSlate: Updating window title bar state: overlay mode, drag disabled, window buttons hidden, title bar hidden
[2025.11.25-20.27.03:705][182]LogWorld: BeginTearingDown for /Game/Mapas/Fases/UEDPIE_0_NewMap
[2025.11.25-20.27.03:706][182]LogSlate: Window 'ColunaDoendoSamurai Preview [NetMode: Standalone]  (64-bit/Windows) ' being destroyed
[2025.11.25-20.27.03:711][182]LogWorld: UWorld::CleanupWorld for NewMap, bSessionEnded=true, bCleanupResources=true
[2025.11.25-20.27.03:712][182]LogSlate: InvalidateAllWidgets triggered.  All widgets were invalidated
[2025.11.25-20.27.03:724][182]LogPlayLevel: Display: Shutting down PIE online subsystems
[2025.11.25-20.27.03:729][182]LogSlate: InvalidateAllWidgets triggered.  All widgets were invalidated
[2025.11.25-20.27.03:755][182]LogAudio: Display: Audio Device unregistered from world 'None'.
[2025.11.25-20.27.03:756][182]LogAudioMixer: FMixerPlatformXAudio2::StopAudioStream() called
[2025.11.25-20.27.03:757][182]LogAudioMixer: FMixerPlatformXAudio2::StopAudioStream() called
[2025.11.25-20.27.03:764][182]LogUObjectHash: Compacting FUObjectHashTables data took   2.36ms
[2025.11.25-20.27.03:780][183]LogPlayLevel: Display: Destroying online subsystem :Context_40
[2025.11.25-20.27.08:923][490]Cmd: OBJ SAVEPACKAGE PACKAGE="/Game/Mapas/Fases/NewMap" FILE="E:/Unreal/Fumec_DevGames/Content/Mapas/Fases/NewMap.umap" SILENT=true AUTOSAVING=false KEEPDIRTY=false
[2025.11.25-20.27.08:952][490]LogUObjectHash: Compacting FUObjectHashTables data took   2.30ms
[2025.11.25-20.27.09:095][490]LogSavePackage: Moving 'E:/Unreal/Fumec_DevGames/Saved/NewMap418648D849CFA24E03C09E993AF739AE.tmp' to 'E:/Unreal/Fumec_DevGames/Content/Mapas/Fases/NewMap.umap'
[2025.11.25-20.27.09:115][490]LogFileHelpers: Saving map 'NewMap' took 0.193
[2025.11.25-20.27.09:130][490]AssetCheck: New page: Asset Save: NewMap
[2025.11.25-20.27.09:130][490]LogContentValidation: Display: Validating World /Game/Mapas/Fases/NewMap.NewMap
[2025.11.25-20.27.10:318][562]BlueprintLog: New page: Compile NewMap
[2025.11.25-20.27.10:369][562]LogUObjectHash: Compacting FUObjectHashTables data took   2.26ms
[2025.11.25-20.27.10:406][562]Cmd: OBJ SAVEPACKAGE PACKAGE="/Game/Mapas/Fases/NewMap" FILE="E:/Unreal/Fumec_DevGames/Content/Mapas/Fases/NewMap.umap" SILENT=true AUTOSAVING=false KEEPDIRTY=false
[2025.11.25-20.27.10:434][562]LogUObjectHash: Compacting FUObjectHashTables data took   0.64ms
[2025.11.25-20.27.10:577][562]LogSavePackage: Moving 'E:/Unreal/Fumec_DevGames/Saved/NewMap29E106AD48FAC35B756218A6D54DD5B4.tmp' to 'E:/Unreal/Fumec_DevGames/Content/Mapas/Fases/NewMap.umap'
[2025.11.25-20.27.10:599][562]LogFileHelpers: Saving map 'NewMap' took 0.194
[2025.11.25-20.27.10:613][562]AssetCheck: New page: Asset Save: NewMap
[2025.11.25-20.27.10:613][562]LogContentValidation: Display: Validating World /Game/Mapas/Fases/NewMap.NewMap
[2025.11.25-20.27.28:106][581]LogTemp: Repeating last play command: Selected Viewport
[2025.11.25-20.27.28:114][581]BlueprintLog: New page: Pre-Play auto-recompile
[2025.11.25-20.27.28:120][581]LogPlayLevel: [PlayLevel] Compiling Player_BP before play...
[2025.11.25-20.27.28:231][581]Cmd: OBJ SAVEPACKAGE PACKAGE="/Game/Player/Blueprints/Player_BP" FILE="E:/Unreal/Fumec_DevGames/Content/Player/Blueprints/Player_BP.uasset" SILENT=true
[2025.11.25-20.27.28:340][581]LogSavePackage: Moving 'E:/Unreal/Fumec_DevGames/Saved/Player_BP12CF8AD04C871568044B1AB9D06DC585.tmp' to 'E:/Unreal/Fumec_DevGames/Content/Player/Blueprints/Player_BP.uasset'
[2025.11.25-20.27.28:382][581]LogUObjectHash: Compacting FUObjectHashTables data took   2.78ms
[2025.11.25-20.27.28:383][581]LogPlayLevel: PlayLevel: Blueprint regeneration took 268 ms (1 blueprints)
[2025.11.25-20.27.28:383][581]PIE: New page: PIE session: NewMap (Nov 25, 2025, 2:27:28 PM)
[2025.11.25-20.27.28:383][581]LogPlayLevel: Creating play world package: /Game/Mapas/Fases/UEDPIE_0_NewMap
[2025.11.25-20.27.28:404][581]LogPlayLevel: PIE: StaticDuplicateObject took: (0.021300s)
[2025.11.25-20.27.28:405][581]LogAIModule: Creating AISystem for world NewMap
[2025.11.25-20.27.28:406][581]LogPlayLevel: PIE: World Init took: (0.001173s)
[2025.11.25-20.27.28:406][581]LogPlayLevel: PIE: Created PIE world by copying editor world from /Game/Mapas/Fases/NewMap.NewMap to /Game/Mapas/Fases/UEDPIE_0_NewMap.NewMap (0.022626s)
[2025.11.25-20.27.28:435][581]LogUObjectHash: Compacting FUObjectHashTables data took   2.18ms
[2025.11.25-20.27.28:435][581]LogAudio: Display: Creating Audio Device:                 Id: 36, Scope: Unique, Realtime: True
[2025.11.25-20.27.28:435][581]LogAudioMixer: Display: Audio Mixer Platform Settings:
[2025.11.25-20.27.28:435][581]LogAudioMixer: Display: 	Sample Rate:						  48000
[2025.11.25-20.27.28:435][581]LogAudioMixer: Display: 	Callback Buffer Frame Size Requested: 1024
[2025.11.25-20.27.28:435][581]LogAudioMixer: Display: 	Callback Buffer Frame Size To Use:	  1024
[2025.11.25-20.27.28:435][581]LogAudioMixer: Display: 	Number of buffers to queue:			  2
[2025.11.25-20.27.28:435][581]LogAudioMixer: Display: 	Max Channels (voices):				  32
[2025.11.25-20.27.28:435][581]LogAudioMixer: Display: 	Number of Async Source Workers:		  0
[2025.11.25-20.27.28:435][581]LogAudio: Display: AudioDevice MaxSources: 32
[2025.11.25-20.27.28:436][581]LogAudio: Display: Audio Spatialization Plugin: None (built-in).
[2025.11.25-20.27.28:436][581]LogAudio: Display: Audio Reverb Plugin: None (built-in).
[2025.11.25-20.27.28:436][581]LogAudio: Display: Audio Occlusion Plugin: None (built-in).
[2025.11.25-20.27.28:436][581]LogAudioMixer: Display: Initializing audio mixer.
[2025.11.25-20.27.28:442][581]LogAudioMixer: Display: 0: FrontLeft
[2025.11.25-20.27.28:442][581]LogAudioMixer: Display: 1: FrontRight
[2025.11.25-20.27.28:449][581]LogAudioMixer: Display: Using Audio Device Alto-falantes (Realtek(R) Audio)
[2025.11.25-20.27.28:449][581]LogAudioMixer: Display: Initializing Sound Submixes...
[2025.11.25-20.27.28:449][581]LogAudioMixer: Display: Creating Master Submix 'MasterSubmixDefault'
[2025.11.25-20.27.28:450][581]LogAudioMixer: Display: Creating Master Submix 'MasterReverbSubmixDefault'
[2025.11.25-20.27.28:450][581]LogAudioMixer: Display: Creating Master Submix 'MasterEQSubmixDefault'
[2025.11.25-20.27.28:450][581]LogAudioMixer: FMixerPlatformXAudio2::StartAudioStream() called
[2025.11.25-20.27.28:450][581]LogAudioMixer: Display: Output buffers initialized: Frames=1024, Channels=2, Samples=2048
[2025.11.25-20.27.28:452][581]LogAudioMixer: Display: Starting AudioMixerPlatformInterface::RunInternal()
[2025.11.25-20.27.28:452][581]LogAudioMixer: Display: FMixerPlatformXAudio2::SubmitBuffer() called for the first time
[2025.11.25-20.27.28:452][581]LogInit: FAudioDevice initialized.
[2025.11.25-20.27.28:452][581]LogAudio: Display: Audio Device (ID: 36) registered with world 'NewMap'.
[2025.11.25-20.27.28:507][581]LogSlate: Updating window title bar state: overlay mode, drag disabled, window buttons hidden, title bar hidden
[2025.11.25-20.27.28:507][581]LogLoad: Game class is 'GameModeRL_C'
[2025.11.25-20.27.28:509][581]LogWorld: Bringing World /Game/Mapas/Fases/UEDPIE_0_NewMap.NewMap up for play (max tick rate 60) at 2025.11.25-17.27.28
[2025.11.25-20.27.28:510][581]LogWorld: Bringing up level for play took: 0.002512
[2025.11.25-20.27.28:510][581]LogOnline: OSS: Creating online subsystem instance for: :Context_41
[2025.11.25-20.27.28:516][581]PIE: Server logged in
[2025.11.25-20.27.28:518][581]PIE: Play in editor total start time 0.405 seconds.
[2025.11.25-20.27.28:679][582]AssetCheck: New page: Asset Save: Player_BP
[2025.11.25-20.27.28:679][582]LogContentValidation: Display: Validating Blueprint /Game/Player/Blueprints/Player_BP.Player_BP
[2025.11.25-20.27.30:775][697]LogSlate: Updating window title bar state: overlay mode, drag disabled, window buttons hidden, title bar hidden
[2025.11.25-20.27.30:775][697]LogWorld: BeginTearingDown for /Game/Mapas/Fases/UEDPIE_0_NewMap
[2025.11.25-20.27.30:775][697]LogSlate: Window 'ColunaDoendoSamurai Preview [NetMode: Standalone]  (64-bit/Windows) ' being destroyed
[2025.11.25-20.27.30:782][697]LogWorld: UWorld::CleanupWorld for NewMap, bSessionEnded=true, bCleanupResources=true
[2025.11.25-20.27.30:782][697]LogSlate: InvalidateAllWidgets triggered.  All widgets were invalidated
[2025.11.25-20.27.30:791][697]LogPlayLevel: Display: Shutting down PIE online subsystems
[2025.11.25-20.27.30:796][697]LogSlate: InvalidateAllWidgets triggered.  All widgets were invalidated
[2025.11.25-20.27.30:824][697]LogAudio: Display: Audio Device unregistered from world 'None'.
[2025.11.25-20.27.30:825][697]LogAudioMixer: FMixerPlatformXAudio2::StopAudioStream() called
[2025.11.25-20.27.30:826][697]LogAudioMixer: FMixerPlatformXAudio2::StopAudioStream() called
[2025.11.25-20.27.30:833][697]LogUObjectHash: Compacting FUObjectHashTables data took   1.97ms
[2025.11.25-20.27.30:850][698]LogPlayLevel: Display: Destroying online subsystem :Context_41
[2025.11.25-20.27.35:925][984]BlueprintLog: New page: Compile Player_BP
[2025.11.25-20.27.36:010][984]LogUObjectHash: Compacting FUObjectHashTables data took   2.28ms
[2025.11.25-20.27.36:065][984]Cmd: OBJ SAVEPACKAGE PACKAGE="/Game/Player/Blueprints/Player_BP" FILE="E:/Unreal/Fumec_DevGames/Content/Player/Blueprints/Player_BP.uasset" SILENT=true
[2025.11.25-20.27.36:168][984]LogSavePackage: Moving 'E:/Unreal/Fumec_DevGames/Saved/Player_BP0F33F0F3429FB045ECAAF08FAC812C52.tmp' to 'E:/Unreal/Fumec_DevGames/Content/Player/Blueprints/Player_BP.uasset'
[2025.11.25-20.27.36:188][984]AssetCheck: New page: Asset Save: Player_BP
[2025.11.25-20.27.36:188][984]LogContentValidation: Display: Validating Blueprint /Game/Player/Blueprints/Player_BP.Player_BP
[2025.11.25-20.27.37:176][ 36]LogTemp: Repeating last play command: Selected Viewport
[2025.11.25-20.27.37:183][ 36]LogPlayLevel: PlayLevel: No blueprints needed recompiling
[2025.11.25-20.27.37:183][ 36]PIE: New page: PIE session: NewMap (Nov 25, 2025, 2:27:37 PM)
[2025.11.25-20.27.37:183][ 36]LogPlayLevel: Creating play world package: /Game/Mapas/Fases/UEDPIE_0_NewMap
[2025.11.25-20.27.37:207][ 36]LogPlayLevel: PIE: StaticDuplicateObject took: (0.024065s)
[2025.11.25-20.27.37:207][ 36]LogAIModule: Creating AISystem for world NewMap
[2025.11.25-20.27.37:208][ 36]LogPlayLevel: PIE: World Init took: (0.001157s)
[2025.11.25-20.27.37:208][ 36]LogPlayLevel: PIE: Created PIE world by copying editor world from /Game/Mapas/Fases/NewMap.NewMap to /Game/Mapas/Fases/UEDPIE_0_NewMap.NewMap (0.025372s)
[2025.11.25-20.27.37:240][ 36]LogUObjectHash: Compacting FUObjectHashTables data took   3.32ms
[2025.11.25-20.27.37:241][ 36]LogAudio: Display: Creating Audio Device:                 Id: 37, Scope: Unique, Realtime: True
[2025.11.25-20.27.37:241][ 36]LogAudioMixer: Display: Audio Mixer Platform Settings:
[2025.11.25-20.27.37:241][ 36]LogAudioMixer: Display: 	Sample Rate:						  48000
[2025.11.25-20.27.37:241][ 36]LogAudioMixer: Display: 	Callback Buffer Frame Size Requested: 1024
[2025.11.25-20.27.37:241][ 36]LogAudioMixer: Display: 	Callback Buffer Frame Size To Use:	  1024
[2025.11.25-20.27.37:241][ 36]LogAudioMixer: Display: 	Number of buffers to queue:			  2
[2025.11.25-20.27.37:241][ 36]LogAudioMixer: Display: 	Max Channels (voices):				  32
[2025.11.25-20.27.37:241][ 36]LogAudioMixer: Display: 	Number of Async Source Workers:		  0
[2025.11.25-20.27.37:241][ 36]LogAudio: Display: AudioDevice MaxSources: 32
[2025.11.25-20.27.37:241][ 36]LogAudio: Display: Audio Spatialization Plugin: None (built-in).
[2025.11.25-20.27.37:242][ 36]LogAudio: Display: Audio Reverb Plugin: None (built-in).
[2025.11.25-20.27.37:242][ 36]LogAudio: Display: Audio Occlusion Plugin: None (built-in).
[2025.11.25-20.27.37:242][ 36]LogAudioMixer: Display: Initializing audio mixer.
[2025.11.25-20.27.37:247][ 36]LogAudioMixer: Display: 0: FrontLeft
[2025.11.25-20.27.37:247][ 36]LogAudioMixer: Display: 1: FrontRight
[2025.11.25-20.27.37:255][ 36]LogAudioMixer: Display: Using Audio Device Alto-falantes (Realtek(R) Audio)
[2025.11.25-20.27.37:255][ 36]LogAudioMixer: Display: Initializing Sound Submixes...
[2025.11.25-20.27.37:255][ 36]LogAudioMixer: Display: Creating Master Submix 'MasterSubmixDefault'
[2025.11.25-20.27.37:255][ 36]LogAudioMixer: Display: Creating Master Submix 'MasterReverbSubmixDefault'
[2025.11.25-20.27.37:256][ 36]LogAudioMixer: Display: Creating Master Submix 'MasterEQSubmixDefault'
[2025.11.25-20.27.37:256][ 36]LogAudioMixer: FMixerPlatformXAudio2::StartAudioStream() called
[2025.11.25-20.27.37:256][ 36]LogAudioMixer: Display: Output buffers initialized: Frames=1024, Channels=2, Samples=2048
[2025.11.25-20.27.37:257][ 36]LogAudioMixer: Display: Starting AudioMixerPlatformInterface::RunInternal()
[2025.11.25-20.27.37:257][ 36]LogAudioMixer: Display: FMixerPlatformXAudio2::SubmitBuffer() called for the first time
[2025.11.25-20.27.37:257][ 36]LogInit: FAudioDevice initialized.
[2025.11.25-20.27.37:257][ 36]LogAudio: Display: Audio Device (ID: 37) registered with world 'NewMap'.
[2025.11.25-20.27.37:310][ 36]LogSlate: Updating window title bar state: overlay mode, drag disabled, window buttons hidden, title bar hidden
[2025.11.25-20.27.37:310][ 36]LogLoad: Game class is 'GameModeRL_C'
[2025.11.25-20.27.37:313][ 36]LogWorld: Bringing World /Game/Mapas/Fases/UEDPIE_0_NewMap.NewMap up for play (max tick rate 60) at 2025.11.25-17.27.37
[2025.11.25-20.27.37:313][ 36]LogWorld: Bringing up level for play took: 0.002605
[2025.11.25-20.27.37:314][ 36]LogOnline: OSS: Creating online subsystem instance for: :Context_42
[2025.11.25-20.27.37:322][ 36]PIE: Server logged in
[2025.11.25-20.27.37:326][ 36]PIE: Play in editor total start time 0.144 seconds.
[2025.11.25-20.27.37:370][ 38]LogRenderer: Reallocating scene render targets to support 1228x784 Format 10 NumSamples 1 (Frame:1).
[2025.11.25-20.27.38:905][119]LogSlate: Updating window title bar state: overlay mode, drag disabled, window buttons hidden, title bar hidden
[2025.11.25-20.27.38:906][119]LogWorld: BeginTearingDown for /Game/Mapas/Fases/UEDPIE_0_NewMap
[2025.11.25-20.27.38:906][119]LogSlate: Window 'ColunaDoendoSamurai Preview [NetMode: Standalone]  (64-bit/Windows) ' being destroyed
[2025.11.25-20.27.38:911][119]LogWorld: UWorld::CleanupWorld for NewMap, bSessionEnded=true, bCleanupResources=true
[2025.11.25-20.27.38:911][119]LogSlate: InvalidateAllWidgets triggered.  All widgets were invalidated
[2025.11.25-20.27.38:925][119]LogPlayLevel: Display: Shutting down PIE online subsystems
[2025.11.25-20.27.38:929][119]LogSlate: InvalidateAllWidgets triggered.  All widgets were invalidated
[2025.11.25-20.27.38:956][119]LogAudio: Display: Audio Device unregistered from world 'None'.
[2025.11.25-20.27.38:957][119]LogAudioMixer: FMixerPlatformXAudio2::StopAudioStream() called
[2025.11.25-20.27.38:958][119]LogAudioMixer: FMixerPlatformXAudio2::StopAudioStream() called
[2025.11.25-20.27.38:963][119]LogUObjectHash: Compacting FUObjectHashTables data took   1.96ms
[2025.11.25-20.27.38:980][120]LogPlayLevel: Display: Destroying online subsystem :Context_42
[2025.11.25-20.27.44:054][415]Cmd: OBJ SAVEPACKAGE PACKAGE="/Game/Player/Blueprints/Player_BP" FILE="E:/Unreal/Fumec_DevGames/Content/Player/Blueprints/Player_BP.uasset" SILENT=true
[2025.11.25-20.27.44:158][415]LogSavePackage: Moving 'E:/Unreal/Fumec_DevGames/Saved/Player_BP78FE02AD43842689B76A538D17486D25.tmp' to 'E:/Unreal/Fumec_DevGames/Content/Player/Blueprints/Player_BP.uasset'
[2025.11.25-20.27.44:178][415]AssetCheck: New page: Asset Save: Player_BP
[2025.11.25-20.27.44:178][415]LogContentValidation: Display: Validating Blueprint /Game/Player/Blueprints/Player_BP.Player_BP
[2025.11.25-20.27.44:612][441]LogTemp: Repeating last play command: Selected Viewport
[2025.11.25-20.27.44:619][441]BlueprintLog: New page: Pre-Play auto-recompile
[2025.11.25-20.27.44:621][441]LogPlayLevel: [PlayLevel] Compiling Player_BP before play...
[2025.11.25-20.27.44:740][441]LogUObjectHash: Compacting FUObjectHashTables data took   2.52ms
[2025.11.25-20.27.44:741][441]LogPlayLevel: PlayLevel: Blueprint regeneration took 121 ms (1 blueprints)
[2025.11.25-20.27.44:741][441]PIE: New page: PIE session: NewMap (Nov 25, 2025, 2:27:44 PM)
[2025.11.25-20.27.44:741][441]LogPlayLevel: Creating play world package: /Game/Mapas/Fases/UEDPIE_0_NewMap
[2025.11.25-20.27.44:763][441]LogPlayLevel: PIE: StaticDuplicateObject took: (0.021152s)
[2025.11.25-20.27.44:763][441]LogAIModule: Creating AISystem for world NewMap
[2025.11.25-20.27.44:764][441]LogPlayLevel: PIE: World Init took: (0.001255s)
[2025.11.25-20.27.44:764][441]LogPlayLevel: PIE: Created PIE world by copying editor world from /Game/Mapas/Fases/NewMap.NewMap to /Game/Mapas/Fases/UEDPIE_0_NewMap.NewMap (0.022572s)
[2025.11.25-20.27.44:793][441]LogUObjectHash: Compacting FUObjectHashTables data took   2.23ms
[2025.11.25-20.27.44:793][441]LogAudio: Display: Creating Audio Device:                 Id: 38, Scope: Unique, Realtime: True
[2025.11.25-20.27.44:793][441]LogAudioMixer: Display: Audio Mixer Platform Settings:
[2025.11.25-20.27.44:793][441]LogAudioMixer: Display: 	Sample Rate:						  48000
[2025.11.25-20.27.44:793][441]LogAudioMixer: Display: 	Callback Buffer Frame Size Requested: 1024
[2025.11.25-20.27.44:793][441]LogAudioMixer: Display: 	Callback Buffer Frame Size To Use:	  1024
[2025.11.25-20.27.44:793][441]LogAudioMixer: Display: 	Number of buffers to queue:			  2
[2025.11.25-20.27.44:793][441]LogAudioMixer: Display: 	Max Channels (voices):				  32
[2025.11.25-20.27.44:793][441]LogAudioMixer: Display: 	Number of Async Source Workers:		  0
[2025.11.25-20.27.44:793][441]LogAudio: Display: AudioDevice MaxSources: 32
[2025.11.25-20.27.44:794][441]LogAudio: Display: Audio Spatialization Plugin: None (built-in).
[2025.11.25-20.27.44:794][441]LogAudio: Display: Audio Reverb Plugin: None (built-in).
[2025.11.25-20.27.44:794][441]LogAudio: Display: Audio Occlusion Plugin: None (built-in).
[2025.11.25-20.27.44:794][441]LogAudioMixer: Display: Initializing audio mixer.
[2025.11.25-20.27.44:801][441]LogAudioMixer: Display: 0: FrontLeft
[2025.11.25-20.27.44:801][441]LogAudioMixer: Display: 1: FrontRight
[2025.11.25-20.27.44:807][441]LogAudioMixer: Display: Using Audio Device Alto-falantes (Realtek(R) Audio)
[2025.11.25-20.27.44:807][441]LogAudioMixer: Display: Initializing Sound Submixes...
[2025.11.25-20.27.44:808][441]LogAudioMixer: Display: Creating Master Submix 'MasterSubmixDefault'
[2025.11.25-20.27.44:808][441]LogAudioMixer: Display: Creating Master Submix 'MasterReverbSubmixDefault'
[2025.11.25-20.27.44:808][441]LogAudioMixer: Display: Creating Master Submix 'MasterEQSubmixDefault'
[2025.11.25-20.27.44:808][441]LogAudioMixer: FMixerPlatformXAudio2::StartAudioStream() called
[2025.11.25-20.27.44:808][441]LogAudioMixer: Display: Output buffers initialized: Frames=1024, Channels=2, Samples=2048
[2025.11.25-20.27.44:810][441]LogAudioMixer: Display: Starting AudioMixerPlatformInterface::RunInternal()
[2025.11.25-20.27.44:810][441]LogAudioMixer: Display: FMixerPlatformXAudio2::SubmitBuffer() called for the first time
[2025.11.25-20.27.44:810][441]LogInit: FAudioDevice initialized.
[2025.11.25-20.27.44:810][441]LogAudio: Display: Audio Device (ID: 38) registered with world 'NewMap'.
[2025.11.25-20.27.44:863][441]LogSlate: Updating window title bar state: overlay mode, drag disabled, window buttons hidden, title bar hidden
[2025.11.25-20.27.44:863][441]LogLoad: Game class is 'GameModeRL_C'
[2025.11.25-20.27.44:866][441]LogWorld: Bringing World /Game/Mapas/Fases/UEDPIE_0_NewMap.NewMap up for play (max tick rate 60) at 2025.11.25-17.27.44
[2025.11.25-20.27.44:866][441]LogWorld: Bringing up level for play took: 0.002506
[2025.11.25-20.27.44:867][441]LogOnline: OSS: Creating online subsystem instance for: :Context_43
[2025.11.25-20.27.44:872][441]PIE: Server logged in
[2025.11.25-20.27.44:874][441]PIE: Play in editor total start time 0.255 seconds.
[2025.11.25-20.27.49:655][710]LogSlate: Updating window title bar state: overlay mode, drag disabled, window buttons hidden, title bar hidden
[2025.11.25-20.27.49:655][710]LogWorld: BeginTearingDown for /Game/Mapas/Fases/UEDPIE_0_NewMap
[2025.11.25-20.27.49:656][710]LogSlate: Window 'ColunaDoendoSamurai Preview [NetMode: Standalone]  (64-bit/Windows) ' being destroyed
[2025.11.25-20.27.49:662][710]LogWorld: UWorld::CleanupWorld for NewMap, bSessionEnded=true, bCleanupResources=true
[2025.11.25-20.27.49:662][710]LogSlate: InvalidateAllWidgets triggered.  All widgets were invalidated
[2025.11.25-20.27.49:675][710]LogPlayLevel: Display: Shutting down PIE online subsystems
[2025.11.25-20.27.49:680][710]LogSlate: InvalidateAllWidgets triggered.  All widgets were invalidated
[2025.11.25-20.27.49:706][710]LogAudioMixer: FMixerPlatformXAudio2::StopAudioStream() called
[2025.11.25-20.27.49:708][710]LogAudioMixer: FMixerPlatformXAudio2::StopAudioStream() called
[2025.11.25-20.27.49:715][710]LogUObjectHash: Compacting FUObjectHashTables data took   2.38ms
[2025.11.25-20.27.49:734][711]LogPlayLevel: Display: Destroying online subsystem :Context_43
[2025.11.25-20.27.55:908][ 73]Cmd: OBJ SAVEPACKAGE PACKAGE="/Game/Mapas/Fases/NewMap" FILE="E:/Unreal/Fumec_DevGames/Content/Mapas/Fases/NewMap.umap" SILENT=true AUTOSAVING=false KEEPDIRTY=false
[2025.11.25-20.27.55:938][ 73]LogUObjectHash: Compacting FUObjectHashTables data took   1.97ms
[2025.11.25-20.27.56:080][ 73]LogSavePackage: Moving 'E:/Unreal/Fumec_DevGames/Saved/NewMapFA0AA396431AF581525A7DA17163222E.tmp' to 'E:/Unreal/Fumec_DevGames/Content/Mapas/Fases/NewMap.umap'
[2025.11.25-20.27.56:103][ 73]LogFileHelpers: Saving map 'NewMap' took 0.196
[2025.11.25-20.27.56:118][ 73]AssetCheck: New page: Asset Save: NewMap
[2025.11.25-20.27.56:118][ 73]LogContentValidation: Display: Validating World /Game/Mapas/Fases/NewMap.NewMap
[2025.11.25-20.27.56:664][106]LogTemp: Repeating last play command: Selected Viewport
[2025.11.25-20.27.56:672][106]BlueprintLog: New page: Pre-Play auto-recompile
[2025.11.25-20.27.56:672][106]LogPlayLevel: [PlayLevel] Compiling NewMap before play...
[2025.11.25-20.27.56:723][106]Cmd: OBJ SAVEPACKAGE PACKAGE="/Game/Mapas/Fases/NewMap" FILE="E:/Unreal/Fumec_DevGames/Content/Mapas/Fases/NewMap.umap" SILENT=true AUTOSAVING=false KEEPDIRTY=false
[2025.11.25-20.27.56:756][106]LogUObjectHash: Compacting FUObjectHashTables data took   2.24ms
[2025.11.25-20.27.56:897][106]LogSavePackage: Moving 'E:/Unreal/Fumec_DevGames/Saved/NewMap2AA51B084ABBD226199601A928EC1CF1.tmp' to 'E:/Unreal/Fumec_DevGames/Content/Mapas/Fases/NewMap.umap'
[2025.11.25-20.27.56:918][106]LogFileHelpers: Saving map 'NewMap' took 0.195
[2025.11.25-20.27.56:954][106]LogUObjectHash: Compacting FUObjectHashTables data took   0.56ms
[2025.11.25-20.27.56:954][106]LogPlayLevel: PlayLevel: Blueprint regeneration took 282 ms (1 blueprints)
[2025.11.25-20.27.56:954][106]PIE: New page: PIE session: NewMap (Nov 25, 2025, 2:27:56 PM)
[2025.11.25-20.27.56:954][106]LogPlayLevel: Creating play world package: /Game/Mapas/Fases/UEDPIE_0_NewMap
[2025.11.25-20.27.56:976][106]LogPlayLevel: PIE: StaticDuplicateObject took: (0.021216s)
[2025.11.25-20.27.56:976][106]LogAIModule: Creating AISystem for world NewMap
[2025.11.25-20.27.56:977][106]LogPlayLevel: PIE: World Init took: (0.001185s)
[2025.11.25-20.27.56:977][106]LogPlayLevel: PIE: Created PIE world by copying editor world from /Game/Mapas/Fases/NewMap.NewMap to /Game/Mapas/Fases/UEDPIE_0_NewMap.NewMap (0.022575s)
[2025.11.25-20.27.57:007][106]LogUObjectHash: Compacting FUObjectHashTables data took   2.17ms
[2025.11.25-20.27.57:008][106]LogAudio: Display: Creating Audio Device:                 Id: 39, Scope: Unique, Realtime: True
[2025.11.25-20.27.57:008][106]LogAudioMixer: Display: Audio Mixer Platform Settings:
[2025.11.25-20.27.57:008][106]LogAudioMixer: Display: 	Sample Rate:						  48000
[2025.11.25-20.27.57:008][106]LogAudioMixer: Display: 	Callback Buffer Frame Size Requested: 1024
[2025.11.25-20.27.57:008][106]LogAudioMixer: Display: 	Callback Buffer Frame Size To Use:	  1024
[2025.11.25-20.27.57:008][106]LogAudioMixer: Display: 	Number of buffers to queue:			  2
[2025.11.25-20.27.57:008][106]LogAudioMixer: Display: 	Max Channels (voices):				  32
[2025.11.25-20.27.57:008][106]LogAudioMixer: Display: 	Number of Async Source Workers:		  0
[2025.11.25-20.27.57:008][106]LogAudio: Display: AudioDevice MaxSources: 32
[2025.11.25-20.27.57:008][106]LogAudio: Display: Audio Spatialization Plugin: None (built-in).
[2025.11.25-20.27.57:008][106]LogAudio: Display: Audio Reverb Plugin: None (built-in).
[2025.11.25-20.27.57:008][106]LogAudio: Display: Audio Occlusion Plugin: None (built-in).
[2025.11.25-20.27.57:008][106]LogAudioMixer: Display: Initializing audio mixer.
[2025.11.25-20.27.57:014][106]LogAudioMixer: Display: 0: FrontLeft
[2025.11.25-20.27.57:014][106]LogAudioMixer: Display: 1: FrontRight
[2025.11.25-20.27.57:021][106]LogAudioMixer: Display: Using Audio Device Alto-falantes (Realtek(R) Audio)
[2025.11.25-20.27.57:021][106]LogAudioMixer: Display: Initializing Sound Submixes...
[2025.11.25-20.27.57:021][106]LogAudioMixer: Display: Creating Master Submix 'MasterSubmixDefault'
[2025.11.25-20.27.57:021][106]LogAudioMixer: Display: Creating Master Submix 'MasterReverbSubmixDefault'
[2025.11.25-20.27.57:021][106]LogAudioMixer: Display: Creating Master Submix 'MasterEQSubmixDefault'
[2025.11.25-20.27.57:023][106]LogAudioMixer: FMixerPlatformXAudio2::StartAudioStream() called
[2025.11.25-20.27.57:023][106]LogAudioMixer: Display: Output buffers initialized: Frames=1024, Channels=2, Samples=2048
[2025.11.25-20.27.57:024][106]LogAudioMixer: Display: Starting AudioMixerPlatformInterface::RunInternal()
[2025.11.25-20.27.57:024][106]LogAudioMixer: Display: FMixerPlatformXAudio2::SubmitBuffer() called for the first time
[2025.11.25-20.27.57:024][106]LogInit: FAudioDevice initialized.
[2025.11.25-20.27.57:024][106]LogAudio: Display: Audio Device (ID: 39) registered with world 'NewMap'.
[2025.11.25-20.27.57:051][106]LogSlate: Updating window title bar state: overlay mode, drag disabled, window buttons hidden, title bar hidden
[2025.11.25-20.27.57:051][106]LogLoad: Game class is 'GameModeRL_C'
[2025.11.25-20.27.57:054][106]LogWorld: Bringing World /Game/Mapas/Fases/UEDPIE_0_NewMap.NewMap up for play (max tick rate 60) at 2025.11.25-17.27.57
[2025.11.25-20.27.57:054][106]LogWorld: Bringing up level for play took: 0.002405
[2025.11.25-20.27.57:054][106]LogOnline: OSS: Creating online subsystem instance for: :Context_44
[2025.11.25-20.27.57:060][106]PIE: Server logged in
[2025.11.25-20.27.57:061][106]PIE: Play in editor total start time 0.39 seconds.
[2025.11.25-20.27.57:119][107]LogRenderer: Reallocating scene render targets to support 1232x784 Format 10 NumSamples 1 (Frame:1).
[2025.11.25-20.27.57:119][107]AssetCheck: New page: Asset Save: NewMap
[2025.11.25-20.27.57:119][107]LogContentValidation: Display: Validating World /Game/Mapas/Fases/NewMap.NewMap
[2025.11.25-20.28.03:945][508]LogSlate: Updating window title bar state: overlay mode, drag disabled, window buttons hidden, title bar hidden
[2025.11.25-20.28.03:945][508]LogWorld: BeginTearingDown for /Game/Mapas/Fases/UEDPIE_0_NewMap
[2025.11.25-20.28.03:946][508]LogSlate: Window 'ColunaDoendoSamurai Preview [NetMode: Standalone]  (64-bit/Windows) ' being destroyed
[2025.11.25-20.28.03:953][508]LogWorld: UWorld::CleanupWorld for NewMap, bSessionEnded=true, bCleanupResources=true
[2025.11.25-20.28.03:953][508]LogSlate: InvalidateAllWidgets triggered.  All widgets were invalidated
[2025.11.25-20.28.03:966][508]LogPlayLevel: Display: Shutting down PIE online subsystems
[2025.11.25-20.28.03:972][508]LogSlate: InvalidateAllWidgets triggered.  All widgets were invalidated
[2025.11.25-20.28.04:001][508]LogAudioMixer: FMixerPlatformXAudio2::StopAudioStream() called
[2025.11.25-20.28.04:002][508]LogAudioMixer: FMixerPlatformXAudio2::StopAudioStream() called
[2025.11.25-20.28.04:008][508]LogUObjectHash: Compacting FUObjectHashTables data took   2.41ms
[2025.11.25-20.28.04:024][509]LogPlayLevel: Display: Destroying online subsystem :Context_44
[2025.11.25-20.28.09:011][807]Cmd: OBJ SAVEPACKAGE PACKAGE="/Game/Mapas/Fases/NewMap" FILE="E:/Unreal/Fumec_DevGames/Content/Mapas/Fases/NewMap.umap" SILENT=true AUTOSAVING=false KEEPDIRTY=false
[2025.11.25-20.28.09:040][807]LogUObjectHash: Compacting FUObjectHashTables data took   1.93ms
[2025.11.25-20.28.09:183][807]LogSavePackage: Moving 'E:/Unreal/Fumec_DevGames/Saved/NewMap347C5F0344B677BAB3959EBEE34777C6.tmp' to 'E:/Unreal/Fumec_DevGames/Content/Mapas/Fases/NewMap.umap'
[2025.11.25-20.28.09:205][807]LogFileHelpers: Saving map 'NewMap' took 0.194
[2025.11.25-20.28.09:218][807]AssetCheck: New page: Asset Save: NewMap
[2025.11.25-20.28.09:219][807]LogContentValidation: Display: Validating World /Game/Mapas/Fases/NewMap.NewMap
[2025.11.25-20.28.09:790][842]BlueprintLog: New page: Compile NewMap
[2025.11.25-20.28.09:840][842]LogUObjectHash: Compacting FUObjectHashTables data took   2.64ms
[2025.11.25-20.28.09:877][842]Cmd: OBJ SAVEPACKAGE PACKAGE="/Game/Mapas/Fases/NewMap" FILE="E:/Unreal/Fumec_DevGames/Content/Mapas/Fases/NewMap.umap" SILENT=true AUTOSAVING=false KEEPDIRTY=false
[2025.11.25-20.28.09:903][842]LogUObjectHash: Compacting FUObjectHashTables data took   0.56ms
[2025.11.25-20.28.10:043][842]LogSavePackage: Moving 'E:/Unreal/Fumec_DevGames/Saved/NewMapC52CD55B4E2BAE89F248498B81B96685.tmp' to 'E:/Unreal/Fumec_DevGames/Content/Mapas/Fases/NewMap.umap'
[2025.11.25-20.28.10:068][842]LogFileHelpers: Saving map 'NewMap' took 0.191
[2025.11.25-20.28.10:081][842]AssetCheck: New page: Asset Save: NewMap
[2025.11.25-20.28.10:081][842]LogContentValidation: Display: Validating World /Game/Mapas/Fases/NewMap.NewMap
[2025.11.25-20.28.10:436][863]LogTemp: Repeating last play command: Selected Viewport
[2025.11.25-20.28.10:444][863]LogPlayLevel: PlayLevel: No blueprints needed recompiling
[2025.11.25-20.28.10:444][863]PIE: New page: PIE session: NewMap (Nov 25, 2025, 2:28:10 PM)
[2025.11.25-20.28.10:444][863]LogPlayLevel: Creating play world package: /Game/Mapas/Fases/UEDPIE_0_NewMap
[2025.11.25-20.28.10:466][863]LogPlayLevel: PIE: StaticDuplicateObject took: (0.022217s)
[2025.11.25-20.28.10:467][863]LogAIModule: Creating AISystem for world NewMap
[2025.11.25-20.28.10:468][863]LogPlayLevel: PIE: World Init took: (0.001231s)
[2025.11.25-20.28.10:468][863]LogPlayLevel: PIE: Created PIE world by copying editor world from /Game/Mapas/Fases/NewMap.NewMap to /Game/Mapas/Fases/UEDPIE_0_NewMap.NewMap (0.023642s)
[2025.11.25-20.28.10:498][863]LogUObjectHash: Compacting FUObjectHashTables data took   2.58ms
[2025.11.25-20.28.10:499][863]LogAudio: Display: Creating Audio Device:                 Id: 40, Scope: Unique, Realtime: True
[2025.11.25-20.28.10:499][863]LogAudioMixer: Display: Audio Mixer Platform Settings:
[2025.11.25-20.28.10:499][863]LogAudioMixer: Display: 	Sample Rate:						  48000
[2025.11.25-20.28.10:499][863]LogAudioMixer: Display: 	Callback Buffer Frame Size Requested: 1024
[2025.11.25-20.28.10:499][863]LogAudioMixer: Display: 	Callback Buffer Frame Size To Use:	  1024
[2025.11.25-20.28.10:499][863]LogAudioMixer: Display: 	Number of buffers to queue:			  2
[2025.11.25-20.28.10:499][863]LogAudioMixer: Display: 	Max Channels (voices):				  32
[2025.11.25-20.28.10:499][863]LogAudioMixer: Display: 	Number of Async Source Workers:		  0
[2025.11.25-20.28.10:499][863]LogAudio: Display: AudioDevice MaxSources: 32
[2025.11.25-20.28.10:499][863]LogAudio: Display: Audio Spatialization Plugin: None (built-in).
[2025.11.25-20.28.10:499][863]LogAudio: Display: Audio Reverb Plugin: None (built-in).
[2025.11.25-20.28.10:499][863]LogAudio: Display: Audio Occlusion Plugin: None (built-in).
[2025.11.25-20.28.10:499][863]LogAudioMixer: Display: Initializing audio mixer.
[2025.11.25-20.28.10:505][863]LogAudioMixer: Display: 0: FrontLeft
[2025.11.25-20.28.10:505][863]LogAudioMixer: Display: 1: FrontRight
[2025.11.25-20.28.10:513][863]LogAudioMixer: Display: Using Audio Device Alto-falantes (Realtek(R) Audio)
[2025.11.25-20.28.10:513][863]LogAudioMixer: Display: Initializing Sound Submixes...
[2025.11.25-20.28.10:513][863]LogAudioMixer: Display: Creating Master Submix 'MasterSubmixDefault'
[2025.11.25-20.28.10:513][863]LogAudioMixer: Display: Creating Master Submix 'MasterReverbSubmixDefault'
[2025.11.25-20.28.10:514][863]LogAudioMixer: Display: Creating Master Submix 'MasterEQSubmixDefault'
[2025.11.25-20.28.10:514][863]LogAudioMixer: FMixerPlatformXAudio2::StartAudioStream() called
[2025.11.25-20.28.10:514][863]LogAudioMixer: Display: Output buffers initialized: Frames=1024, Channels=2, Samples=2048
[2025.11.25-20.28.10:515][863]LogAudioMixer: Display: Starting AudioMixerPlatformInterface::RunInternal()
[2025.11.25-20.28.10:515][863]LogAudioMixer: Display: FMixerPlatformXAudio2::SubmitBuffer() called for the first time
[2025.11.25-20.28.10:515][863]LogInit: FAudioDevice initialized.
[2025.11.25-20.28.10:515][863]LogAudio: Display: Audio Device (ID: 40) registered with world 'NewMap'.
[2025.11.25-20.28.10:573][863]LogSlate: Updating window title bar state: overlay mode, drag disabled, window buttons hidden, title bar hidden
[2025.11.25-20.28.10:573][863]LogLoad: Game class is 'GameModeRL_C'
[2025.11.25-20.28.10:575][863]LogWorld: Bringing World /Game/Mapas/Fases/UEDPIE_0_NewMap.NewMap up for play (max tick rate 60) at 2025.11.25-17.28.10
[2025.11.25-20.28.10:576][863]LogWorld: Bringing up level for play took: 0.002285
[2025.11.25-20.28.10:576][863]LogOnline: OSS: Creating online subsystem instance for: :Context_45
[2025.11.25-20.28.10:582][863]PIE: Server logged in
[2025.11.25-20.28.10:583][863]PIE: Play in editor total start time 0.14 seconds.
[2025.11.25-20.28.15:875][172]LogSlate: Updating window title bar state: overlay mode, drag disabled, window buttons hidden, title bar hidden
[2025.11.25-20.28.15:875][172]LogWorld: BeginTearingDown for /Game/Mapas/Fases/UEDPIE_0_NewMap
[2025.11.25-20.28.15:876][172]LogSlate: Window 'ColunaDoendoSamurai Preview [NetMode: Standalone]  (64-bit/Windows) ' being destroyed
[2025.11.25-20.28.15:881][172]LogWorld: UWorld::CleanupWorld for NewMap, bSessionEnded=true, bCleanupResources=true
[2025.11.25-20.28.15:881][172]LogSlate: InvalidateAllWidgets triggered.  All widgets were invalidated
[2025.11.25-20.28.15:895][172]LogPlayLevel: Display: Shutting down PIE online subsystems
[2025.11.25-20.28.15:899][172]LogSlate: InvalidateAllWidgets triggered.  All widgets were invalidated
[2025.11.25-20.28.15:927][172]LogAudioMixer: FMixerPlatformXAudio2::StopAudioStream() called
[2025.11.25-20.28.15:928][172]LogAudioMixer: FMixerPlatformXAudio2::StopAudioStream() called
[2025.11.25-20.28.15:933][172]LogUObjectHash: Compacting FUObjectHashTables data took   2.09ms
[2025.11.25-20.28.15:948][173]LogPlayLevel: Display: Destroying online subsystem :Context_45
[2025.11.25-20.28.18:684][335]Cmd: OBJ SAVEPACKAGE PACKAGE="/Game/Mapas/Fases/NewMap" FILE="E:/Unreal/Fumec_DevGames/Content/Mapas/Fases/NewMap.umap" SILENT=true AUTOSAVING=false KEEPDIRTY=false
[2025.11.25-20.28.18:714][335]LogUObjectHash: Compacting FUObjectHashTables data took   2.06ms
[2025.11.25-20.28.18:855][335]LogSavePackage: Moving 'E:/Unreal/Fumec_DevGames/Saved/NewMap5DAE1509494DDB0FEDD0FEAB4D199F7F.tmp' to 'E:/Unreal/Fumec_DevGames/Content/Mapas/Fases/NewMap.umap'
[2025.11.25-20.28.18:876][335]LogFileHelpers: Saving map 'NewMap' took 0.192
[2025.11.25-20.28.18:891][335]AssetCheck: New page: Asset Save: NewMap
[2025.11.25-20.28.18:891][335]LogContentValidation: Display: Validating World /Game/Mapas/Fases/NewMap.NewMap
[2025.11.25-20.28.19:296][360]LogTemp: Repeating last play command: Selected Viewport
[2025.11.25-20.28.19:303][360]BlueprintLog: New page: Pre-Play auto-recompile
[2025.11.25-20.28.19:304][360]LogPlayLevel: [PlayLevel] Compiling NewMap before play...
[2025.11.25-20.28.19:348][360]Cmd: OBJ SAVEPACKAGE PACKAGE="/Game/Mapas/Fases/NewMap" FILE="E:/Unreal/Fumec_DevGames/Content/Mapas/Fases/NewMap.umap" SILENT=true AUTOSAVING=false KEEPDIRTY=false
[2025.11.25-20.28.19:379][360]LogUObjectHash: Compacting FUObjectHashTables data took   2.19ms
[2025.11.25-20.28.19:517][360]LogSavePackage: Moving 'E:/Unreal/Fumec_DevGames/Saved/NewMap5C3C155A48B0FDAE23BD308BEA888B05.tmp' to 'E:/Unreal/Fumec_DevGames/Content/Mapas/Fases/NewMap.umap'
[2025.11.25-20.28.19:539][360]LogFileHelpers: Saving map 'NewMap' took 0.191
[2025.11.25-20.28.19:574][360]LogUObjectHash: Compacting FUObjectHashTables data took   0.65ms
[2025.11.25-20.28.19:574][360]LogPlayLevel: PlayLevel: Blueprint regeneration took 270 ms (1 blueprints)
[2025.11.25-20.28.19:574][360]PIE: New page: PIE session: NewMap (Nov 25, 2025, 2:28:19 PM)
[2025.11.25-20.28.19:575][360]LogPlayLevel: Creating play world package: /Game/Mapas/Fases/UEDPIE_0_NewMap
[2025.11.25-20.28.19:596][360]LogPlayLevel: PIE: StaticDuplicateObject took: (0.021680s)
[2025.11.25-20.28.19:596][360]LogAIModule: Creating AISystem for world NewMap
[2025.11.25-20.28.19:597][360]LogPlayLevel: PIE: World Init took: (0.001183s)
[2025.11.25-20.28.19:597][360]LogPlayLevel: PIE: Created PIE world by copying editor world from /Game/Mapas/Fases/NewMap.NewMap to /Game/Mapas/Fases/UEDPIE_0_NewMap.NewMap (0.023017s)
[2025.11.25-20.28.19:628][360]LogUObjectHash: Compacting FUObjectHashTables data took   2.15ms
[2025.11.25-20.28.19:628][360]LogAudio: Display: Creating Audio Device:                 Id: 41, Scope: Unique, Realtime: True
[2025.11.25-20.28.19:628][360]LogAudioMixer: Display: Audio Mixer Platform Settings:
[2025.11.25-20.28.19:628][360]LogAudioMixer: Display: 	Sample Rate:						  48000
[2025.11.25-20.28.19:628][360]LogAudioMixer: Display: 	Callback Buffer Frame Size Requested: 1024
[2025.11.25-20.28.19:628][360]LogAudioMixer: Display: 	Callback Buffer Frame Size To Use:	  1024
[2025.11.25-20.28.19:628][360]LogAudioMixer: Display: 	Number of buffers to queue:			  2
[2025.11.25-20.28.19:628][360]LogAudioMixer: Display: 	Max Channels (voices):				  32
[2025.11.25-20.28.19:628][360]LogAudioMixer: Display: 	Number of Async Source Workers:		  0
[2025.11.25-20.28.19:628][360]LogAudio: Display: AudioDevice MaxSources: 32
[2025.11.25-20.28.19:629][360]LogAudio: Display: Audio Spatialization Plugin: None (built-in).
[2025.11.25-20.28.19:629][360]LogAudio: Display: Audio Reverb Plugin: None (built-in).
[2025.11.25-20.28.19:629][360]LogAudio: Display: Audio Occlusion Plugin: None (built-in).
[2025.11.25-20.28.19:629][360]LogAudioMixer: Display: Initializing audio mixer.
[2025.11.25-20.28.19:635][360]LogAudioMixer: Display: 0: FrontLeft
[2025.11.25-20.28.19:635][360]LogAudioMixer: Display: 1: FrontRight
[2025.11.25-20.28.19:642][360]LogAudioMixer: Display: Using Audio Device Alto-falantes (Realtek(R) Audio)
[2025.11.25-20.28.19:642][360]LogAudioMixer: Display: Initializing Sound Submixes...
[2025.11.25-20.28.19:642][360]LogAudioMixer: Display: Creating Master Submix 'MasterSubmixDefault'
[2025.11.25-20.28.19:643][360]LogAudioMixer: Display: Creating Master Submix 'MasterReverbSubmixDefault'
[2025.11.25-20.28.19:643][360]LogAudioMixer: Display: Creating Master Submix 'MasterEQSubmixDefault'
[2025.11.25-20.28.19:643][360]LogAudioMixer: FMixerPlatformXAudio2::StartAudioStream() called
[2025.11.25-20.28.19:643][360]LogAudioMixer: Display: Output buffers initialized: Frames=1024, Channels=2, Samples=2048
[2025.11.25-20.28.19:644][360]LogAudioMixer: Display: Starting AudioMixerPlatformInterface::RunInternal()
[2025.11.25-20.28.19:644][360]LogAudioMixer: Display: FMixerPlatformXAudio2::SubmitBuffer() called for the first time
[2025.11.25-20.28.19:644][360]LogInit: FAudioDevice initialized.
[2025.11.25-20.28.19:644][360]LogAudio: Display: Audio Device (ID: 41) registered with world 'NewMap'.
[2025.11.25-20.28.19:677][360]LogSlate: Updating window title bar state: overlay mode, drag disabled, window buttons hidden, title bar hidden
[2025.11.25-20.28.19:677][360]LogLoad: Game class is 'GameModeRL_C'
[2025.11.25-20.28.19:679][360]LogWorld: Bringing World /Game/Mapas/Fases/UEDPIE_0_NewMap.NewMap up for play (max tick rate 60) at 2025.11.25-17.28.19
[2025.11.25-20.28.19:680][360]LogWorld: Bringing up level for play took: 0.001793
[2025.11.25-20.28.19:680][360]LogOnline: OSS: Creating online subsystem instance for: :Context_46
[2025.11.25-20.28.19:685][360]PIE: Server logged in
[2025.11.25-20.28.19:686][360]PIE: Play in editor total start time 0.384 seconds.
[2025.11.25-20.28.19:743][361]AssetCheck: New page: Asset Save: NewMap
[2025.11.25-20.28.19:743][361]LogContentValidation: Display: Validating World /Game/Mapas/Fases/NewMap.NewMap
[2025.11.25-20.28.22:185][503]LogSlate: Updating window title bar state: overlay mode, drag disabled, window buttons hidden, title bar hidden
[2025.11.25-20.28.22:185][503]LogWorld: BeginTearingDown for /Game/Mapas/Fases/UEDPIE_0_NewMap
[2025.11.25-20.28.22:185][503]LogSlate: Window 'ColunaDoendoSamurai Preview [NetMode: Standalone]  (64-bit/Windows) ' being destroyed
[2025.11.25-20.28.22:191][503]LogWorld: UWorld::CleanupWorld for NewMap, bSessionEnded=true, bCleanupResources=true
[2025.11.25-20.28.22:191][503]LogSlate: InvalidateAllWidgets triggered.  All widgets were invalidated
[2025.11.25-20.28.22:203][503]LogPlayLevel: Display: Shutting down PIE online subsystems
[2025.11.25-20.28.22:207][503]LogSlate: InvalidateAllWidgets triggered.  All widgets were invalidated
[2025.11.25-20.28.22:233][503]LogAudio: Display: Audio Device unregistered from world 'None'.
[2025.11.25-20.28.22:235][503]LogAudioMixer: FMixerPlatformXAudio2::StopAudioStream() called
[2025.11.25-20.28.22:236][503]LogAudioMixer: FMixerPlatformXAudio2::StopAudioStream() called
[2025.11.25-20.28.22:243][503]LogUObjectHash: Compacting FUObjectHashTables data took   2.37ms
[2025.11.25-20.28.22:258][504]LogPlayLevel: Display: Destroying online subsystem :Context_46
[2025.11.25-20.28.25:218][680]Cmd: OBJ SAVEPACKAGE PACKAGE="/Game/Mapas/Fases/NewMap" FILE="E:/Unreal/Fumec_DevGames/Content/Mapas/Fases/NewMap.umap" SILENT=true AUTOSAVING=false KEEPDIRTY=false
[2025.11.25-20.28.25:248][680]LogUObjectHash: Compacting FUObjectHashTables data took   2.46ms
[2025.11.25-20.28.25:509][680]LogSavePackage: Moving 'E:/Unreal/Fumec_DevGames/Saved/NewMap6B3306904B95FB1C0EAF00BC8C888970.tmp' to 'E:/Unreal/Fumec_DevGames/Content/Mapas/Fases/NewMap.umap'
[2025.11.25-20.28.25:531][680]LogFileHelpers: Saving map 'NewMap' took 0.313
[2025.11.25-20.28.25:543][680]AssetCheck: New page: Asset Save: NewMap
[2025.11.25-20.28.25:544][680]LogContentValidation: Display: Validating World /Game/Mapas/Fases/NewMap.NewMap
[2025.11.25-20.28.25:866][700]LogTemp: Repeating last play command: Selected Viewport
[2025.11.25-20.28.25:873][700]BlueprintLog: New page: Pre-Play auto-recompile
[2025.11.25-20.28.25:874][700]LogPlayLevel: [PlayLevel] Compiling NewMap before play...
[2025.11.25-20.28.25:934][700]Cmd: OBJ SAVEPACKAGE PACKAGE="/Game/Mapas/Fases/NewMap" FILE="E:/Unreal/Fumec_DevGames/Content/Mapas/Fases/NewMap.umap" SILENT=true AUTOSAVING=false KEEPDIRTY=false
[2025.11.25-20.28.25:964][700]LogUObjectHash: Compacting FUObjectHashTables data took   2.65ms
[2025.11.25-20.28.26:107][700]LogSavePackage: Moving 'E:/Unreal/Fumec_DevGames/Saved/NewMap8E04DCA544330D3DBF2945BBAD314025.tmp' to 'E:/Unreal/Fumec_DevGames/Content/Mapas/Fases/NewMap.umap'
[2025.11.25-20.28.26:127][700]LogFileHelpers: Saving map 'NewMap' took 0.193
[2025.11.25-20.28.26:163][700]LogUObjectHash: Compacting FUObjectHashTables data took   0.59ms
[2025.11.25-20.28.26:163][700]LogPlayLevel: PlayLevel: Blueprint regeneration took 289 ms (1 blueprints)
[2025.11.25-20.28.26:163][700]PIE: New page: PIE session: NewMap (Nov 25, 2025, 2:28:26 PM)
[2025.11.25-20.28.26:163][700]LogPlayLevel: Creating play world package: /Game/Mapas/Fases/UEDPIE_0_NewMap
[2025.11.25-20.28.26:185][700]LogPlayLevel: PIE: StaticDuplicateObject took: (0.022479s)
[2025.11.25-20.28.26:186][700]LogAIModule: Creating AISystem for world NewMap
[2025.11.25-20.28.26:186][700]LogPlayLevel: PIE: World Init took: (0.001194s)
[2025.11.25-20.28.26:186][700]LogPlayLevel: PIE: Created PIE world by copying editor world from /Game/Mapas/Fases/NewMap.NewMap to /Game/Mapas/Fases/UEDPIE_0_NewMap.NewMap (0.023826s)
[2025.11.25-20.28.26:215][700]LogUObjectHash: Compacting FUObjectHashTables data took   2.16ms
[2025.11.25-20.28.26:215][700]LogAudio: Display: Creating Audio Device:                 Id: 42, Scope: Unique, Realtime: True
[2025.11.25-20.28.26:215][700]LogAudioMixer: Display: Audio Mixer Platform Settings:
[2025.11.25-20.28.26:215][700]LogAudioMixer: Display: 	Sample Rate:						  48000
[2025.11.25-20.28.26:215][700]LogAudioMixer: Display: 	Callback Buffer Frame Size Requested: 1024
[2025.11.25-20.28.26:215][700]LogAudioMixer: Display: 	Callback Buffer Frame Size To Use:	  1024
[2025.11.25-20.28.26:215][700]LogAudioMixer: Display: 	Number of buffers to queue:			  2
[2025.11.25-20.28.26:215][700]LogAudioMixer: Display: 	Max Channels (voices):				  32
[2025.11.25-20.28.26:215][700]LogAudioMixer: Display: 	Number of Async Source Workers:		  0
[2025.11.25-20.28.26:215][700]LogAudio: Display: AudioDevice MaxSources: 32
[2025.11.25-20.28.26:216][700]LogAudio: Display: Audio Spatialization Plugin: None (built-in).
[2025.11.25-20.28.26:216][700]LogAudio: Display: Audio Reverb Plugin: None (built-in).
[2025.11.25-20.28.26:216][700]LogAudio: Display: Audio Occlusion Plugin: None (built-in).
[2025.11.25-20.28.26:216][700]LogAudioMixer: Display: Initializing audio mixer.
[2025.11.25-20.28.26:221][700]LogAudioMixer: Display: 0: FrontLeft
[2025.11.25-20.28.26:221][700]LogAudioMixer: Display: 1: FrontRight
[2025.11.25-20.28.26:229][700]LogAudioMixer: Display: Using Audio Device Alto-falantes (Realtek(R) Audio)
[2025.11.25-20.28.26:229][700]LogAudioMixer: Display: Initializing Sound Submixes...
[2025.11.25-20.28.26:229][700]LogAudioMixer: Display: Creating Master Submix 'MasterSubmixDefault'
[2025.11.25-20.28.26:229][700]LogAudioMixer: Display: Creating Master Submix 'MasterReverbSubmixDefault'
[2025.11.25-20.28.26:230][700]LogAudioMixer: Display: Creating Master Submix 'MasterEQSubmixDefault'
[2025.11.25-20.28.26:230][700]LogAudioMixer: FMixerPlatformXAudio2::StartAudioStream() called
[2025.11.25-20.28.26:230][700]LogAudioMixer: Display: Output buffers initialized: Frames=1024, Channels=2, Samples=2048
[2025.11.25-20.28.26:231][700]LogAudioMixer: Display: Starting AudioMixerPlatformInterface::RunInternal()
[2025.11.25-20.28.26:231][700]LogAudioMixer: Display: FMixerPlatformXAudio2::SubmitBuffer() called for the first time
[2025.11.25-20.28.26:231][700]LogInit: FAudioDevice initialized.
[2025.11.25-20.28.26:231][700]LogAudio: Display: Audio Device (ID: 42) registered with world 'NewMap'.
[2025.11.25-20.28.26:262][700]LogSlate: Updating window title bar state: overlay mode, drag disabled, window buttons hidden, title bar hidden
[2025.11.25-20.28.26:262][700]LogLoad: Game class is 'GameModeRL_C'
[2025.11.25-20.28.26:264][700]LogWorld: Bringing World /Game/Mapas/Fases/UEDPIE_0_NewMap.NewMap up for play (max tick rate 60) at 2025.11.25-17.28.26
[2025.11.25-20.28.26:265][700]LogWorld: Bringing up level for play took: 0.002351
[2025.11.25-20.28.26:265][700]LogOnline: OSS: Creating online subsystem instance for: :Context_47
[2025.11.25-20.28.26:271][700]PIE: Server logged in
[2025.11.25-20.28.26:271][700]PIE: Play in editor total start time 0.399 seconds.
[2025.11.25-20.28.26:328][701]LogRenderer: Reallocating scene render targets to support 1236x784 Format 10 NumSamples 1 (Frame:1).
[2025.11.25-20.28.26:328][701]AssetCheck: New page: Asset Save: NewMap
[2025.11.25-20.28.26:328][701]LogContentValidation: Display: Validating World /Game/Mapas/Fases/NewMap.NewMap
[2025.11.25-20.28.34:745][198]LogSlate: Updating window title bar state: overlay mode, drag disabled, window buttons hidden, title bar hidden
[2025.11.25-20.28.34:745][198]LogWorld: BeginTearingDown for /Game/Mapas/Fases/UEDPIE_0_NewMap
[2025.11.25-20.28.34:745][198]LogSlate: Window 'ColunaDoendoSamurai Preview [NetMode: Standalone]  (64-bit/Windows) ' being destroyed
[2025.11.25-20.28.34:751][198]LogWorld: UWorld::CleanupWorld for NewMap, bSessionEnded=true, bCleanupResources=true
[2025.11.25-20.28.34:751][198]LogSlate: InvalidateAllWidgets triggered.  All widgets were invalidated
[2025.11.25-20.28.34:762][198]LogPlayLevel: Display: Shutting down PIE online subsystems
[2025.11.25-20.28.34:767][198]LogSlate: InvalidateAllWidgets triggered.  All widgets were invalidated
[2025.11.25-20.28.34:794][198]LogAudioMixer: FMixerPlatformXAudio2::StopAudioStream() called
[2025.11.25-20.28.34:795][198]LogAudioMixer: FMixerPlatformXAudio2::StopAudioStream() called
[2025.11.25-20.28.34:801][198]LogUObjectHash: Compacting FUObjectHashTables data took   2.52ms
[2025.11.25-20.28.34:817][199]LogPlayLevel: Display: Destroying online subsystem :Context_47
[2025.11.25-20.28.48:701][  3]BlueprintLog: New page: Compile Player_BP
[2025.11.25-20.28.48:800][  3]LogUObjectHash: Compacting FUObjectHashTables data took   2.36ms
[2025.11.25-20.28.48:859][  3]Cmd: OBJ SAVEPACKAGE PACKAGE="/Game/Player/Blueprints/Player_BP" FILE="E:/Unreal/Fumec_DevGames/Content/Player/Blueprints/Player_BP.uasset" SILENT=true
[2025.11.25-20.28.48:964][  3]LogSavePackage: Moving 'E:/Unreal/Fumec_DevGames/Saved/Player_BP1A7611F34B61051CACEAB19E3714BEAD.tmp' to 'E:/Unreal/Fumec_DevGames/Content/Player/Blueprints/Player_BP.uasset'
[2025.11.25-20.28.48:986][  3]AssetCheck: New page: Asset Save: Player_BP
[2025.11.25-20.28.48:986][  3]LogContentValidation: Display: Validating Blueprint /Game/Player/Blueprints/Player_BP.Player_BP
[2025.11.25-20.28.50:334][ 76]LogTemp: Repeating last play command: Selected Viewport
[2025.11.25-20.28.50:341][ 76]LogPlayLevel: PlayLevel: No blueprints needed recompiling
[2025.11.25-20.28.50:341][ 76]PIE: New page: PIE session: NewMap (Nov 25, 2025, 2:28:50 PM)
[2025.11.25-20.28.50:343][ 76]LogPlayLevel: Creating play world package: /Game/Mapas/Fases/UEDPIE_0_NewMap
[2025.11.25-20.28.50:367][ 76]LogPlayLevel: PIE: StaticDuplicateObject took: (0.024709s)
[2025.11.25-20.28.50:368][ 76]LogAIModule: Creating AISystem for world NewMap
[2025.11.25-20.28.50:369][ 76]LogPlayLevel: PIE: World Init took: (0.001251s)
[2025.11.25-20.28.50:369][ 76]LogPlayLevel: PIE: Created PIE world by copying editor world from /Game/Mapas/Fases/NewMap.NewMap to /Game/Mapas/Fases/UEDPIE_0_NewMap.NewMap (0.026170s)
[2025.11.25-20.28.50:400][ 76]LogUObjectHash: Compacting FUObjectHashTables data took   2.93ms
[2025.11.25-20.28.50:400][ 76]LogAudio: Display: Creating Audio Device:                 Id: 43, Scope: Unique, Realtime: True
[2025.11.25-20.28.50:401][ 76]LogAudioMixer: Display: Audio Mixer Platform Settings:
[2025.11.25-20.28.50:401][ 76]LogAudioMixer: Display: 	Sample Rate:						  48000
[2025.11.25-20.28.50:401][ 76]LogAudioMixer: Display: 	Callback Buffer Frame Size Requested: 1024
[2025.11.25-20.28.50:401][ 76]LogAudioMixer: Display: 	Callback Buffer Frame Size To Use:	  1024
[2025.11.25-20.28.50:401][ 76]LogAudioMixer: Display: 	Number of buffers to queue:			  2
[2025.11.25-20.28.50:401][ 76]LogAudioMixer: Display: 	Max Channels (voices):				  32
[2025.11.25-20.28.50:401][ 76]LogAudioMixer: Display: 	Number of Async Source Workers:		  0
[2025.11.25-20.28.50:401][ 76]LogAudio: Display: AudioDevice MaxSources: 32
[2025.11.25-20.28.50:401][ 76]LogAudio: Display: Audio Spatialization Plugin: None (built-in).
[2025.11.25-20.28.50:401][ 76]LogAudio: Display: Audio Reverb Plugin: None (built-in).
[2025.11.25-20.28.50:401][ 76]LogAudio: Display: Audio Occlusion Plugin: None (built-in).
[2025.11.25-20.28.50:401][ 76]LogAudioMixer: Display: Initializing audio mixer.
[2025.11.25-20.28.50:407][ 76]LogAudioMixer: Display: 0: FrontLeft
[2025.11.25-20.28.50:407][ 76]LogAudioMixer: Display: 1: FrontRight
[2025.11.25-20.28.50:415][ 76]LogAudioMixer: Display: Using Audio Device Alto-falantes (Realtek(R) Audio)
[2025.11.25-20.28.50:415][ 76]LogAudioMixer: Display: Initializing Sound Submixes...
[2025.11.25-20.28.50:415][ 76]LogAudioMixer: Display: Creating Master Submix 'MasterSubmixDefault'
[2025.11.25-20.28.50:415][ 76]LogAudioMixer: Display: Creating Master Submix 'MasterReverbSubmixDefault'
[2025.11.25-20.28.50:415][ 76]LogAudioMixer: Display: Creating Master Submix 'MasterEQSubmixDefault'
[2025.11.25-20.28.50:415][ 76]LogAudioMixer: FMixerPlatformXAudio2::StartAudioStream() called
[2025.11.25-20.28.50:415][ 76]LogAudioMixer: Display: Output buffers initialized: Frames=1024, Channels=2, Samples=2048
[2025.11.25-20.28.50:417][ 76]LogAudioMixer: Display: Starting AudioMixerPlatformInterface::RunInternal()
[2025.11.25-20.28.50:417][ 76]LogAudioMixer: Display: FMixerPlatformXAudio2::SubmitBuffer() called for the first time
[2025.11.25-20.28.50:417][ 76]LogInit: FAudioDevice initialized.
[2025.11.25-20.28.50:417][ 76]LogAudio: Display: Audio Device (ID: 43) registered with world 'NewMap'.
[2025.11.25-20.28.50:471][ 76]LogSlate: Updating window title bar state: overlay mode, drag disabled, window buttons hidden, title bar hidden
[2025.11.25-20.28.50:471][ 76]LogLoad: Game class is 'GameModeRL_C'
[2025.11.25-20.28.50:474][ 76]LogWorld: Bringing World /Game/Mapas/Fases/UEDPIE_0_NewMap.NewMap up for play (max tick rate 60) at 2025.11.25-17.28.50
[2025.11.25-20.28.50:475][ 76]LogWorld: Bringing up level for play took: 0.002380
[2025.11.25-20.28.50:475][ 76]LogOnline: OSS: Creating online subsystem instance for: :Context_48
[2025.11.25-20.28.50:483][ 76]PIE: Server logged in
[2025.11.25-20.28.50:486][ 76]PIE: Play in editor total start time 0.145 seconds.
[2025.11.25-20.28.54:775][323]LogSlate: Updating window title bar state: overlay mode, drag disabled, window buttons hidden, title bar hidden
[2025.11.25-20.28.54:775][323]LogWorld: BeginTearingDown for /Game/Mapas/Fases/UEDPIE_0_NewMap
[2025.11.25-20.28.54:776][323]LogSlate: Window 'ColunaDoendoSamurai Preview [NetMode: Standalone]  (64-bit/Windows) ' being destroyed
[2025.11.25-20.28.54:781][323]LogWorld: UWorld::CleanupWorld for NewMap, bSessionEnded=true, bCleanupResources=true
[2025.11.25-20.28.54:782][323]LogSlate: InvalidateAllWidgets triggered.  All widgets were invalidated
[2025.11.25-20.28.54:791][323]LogPlayLevel: Display: Shutting down PIE online subsystems
[2025.11.25-20.28.54:796][323]LogSlate: InvalidateAllWidgets triggered.  All widgets were invalidated
[2025.11.25-20.28.54:824][323]LogAudio: Display: Audio Device unregistered from world 'None'.
[2025.11.25-20.28.54:824][323]LogAudioMixer: FMixerPlatformXAudio2::StopAudioStream() called
[2025.11.25-20.28.54:825][323]LogAudioMixer: FMixerPlatformXAudio2::StopAudioStream() called
[2025.11.25-20.28.54:833][323]LogUObjectHash: Compacting FUObjectHashTables data took   2.72ms
[2025.11.25-20.28.54:854][324]LogPlayLevel: Display: Destroying online subsystem :Context_48
[2025.11.25-20.29.09:360][174]BlueprintLog: New page: Compile Player_BP
[2025.11.25-20.29.09:462][174]LogUObjectHash: Compacting FUObjectHashTables data took   2.30ms
[2025.11.25-20.29.09:517][174]Cmd: OBJ SAVEPACKAGE PACKAGE="/Game/Player/Blueprints/Player_BP" FILE="E:/Unreal/Fumec_DevGames/Content/Player/Blueprints/Player_BP.uasset" SILENT=true
[2025.11.25-20.29.09:634][174]LogSavePackage: Moving 'E:/Unreal/Fumec_DevGames/Saved/Player_BPE934F902417263B36434B39A71391730.tmp' to 'E:/Unreal/Fumec_DevGames/Content/Player/Blueprints/Player_BP.uasset'
[2025.11.25-20.29.09:660][174]AssetCheck: New page: Asset Save: Player_BP
[2025.11.25-20.29.09:660][174]LogContentValidation: Display: Validating Blueprint /Game/Player/Blueprints/Player_BP.Player_BP
[2025.11.25-20.29.10:243][202]LogTemp: Repeating last play command: Selected Viewport
[2025.11.25-20.29.10:251][202]LogPlayLevel: PlayLevel: No blueprints needed recompiling
[2025.11.25-20.29.10:251][202]PIE: New page: PIE session: NewMap (Nov 25, 2025, 2:29:10 PM)
[2025.11.25-20.29.10:251][202]LogPlayLevel: Creating play world package: /Game/Mapas/Fases/UEDPIE_0_NewMap
[2025.11.25-20.29.10:273][202]LogPlayLevel: PIE: StaticDuplicateObject took: (0.022062s)
[2025.11.25-20.29.10:273][202]LogAIModule: Creating AISystem for world NewMap
[2025.11.25-20.29.10:274][202]LogPlayLevel: PIE: World Init took: (0.001157s)
[2025.11.25-20.29.10:274][202]LogPlayLevel: PIE: Created PIE world by copying editor world from /Game/Mapas/Fases/NewMap.NewMap to /Game/Mapas/Fases/UEDPIE_0_NewMap.NewMap (0.023392s)
[2025.11.25-20.29.10:307][202]LogUObjectHash: Compacting FUObjectHashTables data took   2.82ms
[2025.11.25-20.29.10:307][202]LogAudio: Display: Creating Audio Device:                 Id: 44, Scope: Unique, Realtime: True
[2025.11.25-20.29.10:307][202]LogAudioMixer: Display: Audio Mixer Platform Settings:
[2025.11.25-20.29.10:307][202]LogAudioMixer: Display: 	Sample Rate:						  48000
[2025.11.25-20.29.10:307][202]LogAudioMixer: Display: 	Callback Buffer Frame Size Requested: 1024
[2025.11.25-20.29.10:307][202]LogAudioMixer: Display: 	Callback Buffer Frame Size To Use:	  1024
[2025.11.25-20.29.10:307][202]LogAudioMixer: Display: 	Number of buffers to queue:			  2
[2025.11.25-20.29.10:307][202]LogAudioMixer: Display: 	Max Channels (voices):				  32
[2025.11.25-20.29.10:307][202]LogAudioMixer: Display: 	Number of Async Source Workers:		  0
[2025.11.25-20.29.10:307][202]LogAudio: Display: AudioDevice MaxSources: 32
[2025.11.25-20.29.10:308][202]LogAudio: Display: Audio Spatialization Plugin: None (built-in).
[2025.11.25-20.29.10:308][202]LogAudio: Display: Audio Reverb Plugin: None (built-in).
[2025.11.25-20.29.10:308][202]LogAudio: Display: Audio Occlusion Plugin: None (built-in).
[2025.11.25-20.29.10:308][202]LogAudioMixer: Display: Initializing audio mixer.
[2025.11.25-20.29.10:314][202]LogAudioMixer: Display: 0: FrontLeft
[2025.11.25-20.29.10:314][202]LogAudioMixer: Display: 1: FrontRight
[2025.11.25-20.29.10:321][202]LogAudioMixer: Display: Using Audio Device Alto-falantes (Realtek(R) Audio)
[2025.11.25-20.29.10:321][202]LogAudioMixer: Display: Initializing Sound Submixes...
[2025.11.25-20.29.10:321][202]LogAudioMixer: Display: Creating Master Submix 'MasterSubmixDefault'
[2025.11.25-20.29.10:321][202]LogAudioMixer: Display: Creating Master Submix 'MasterReverbSubmixDefault'
[2025.11.25-20.29.10:321][202]LogAudioMixer: Display: Creating Master Submix 'MasterEQSubmixDefault'
[2025.11.25-20.29.10:321][202]LogAudioMixer: FMixerPlatformXAudio2::StartAudioStream() called
[2025.11.25-20.29.10:321][202]LogAudioMixer: Display: Output buffers initialized: Frames=1024, Channels=2, Samples=2048
[2025.11.25-20.29.10:324][202]LogAudioMixer: Display: Starting AudioMixerPlatformInterface::RunInternal()
[2025.11.25-20.29.10:324][202]LogAudioMixer: Display: FMixerPlatformXAudio2::SubmitBuffer() called for the first time
[2025.11.25-20.29.10:324][202]LogInit: FAudioDevice initialized.
[2025.11.25-20.29.10:324][202]LogAudio: Display: Audio Device (ID: 44) registered with world 'NewMap'.
[2025.11.25-20.29.10:379][202]LogSlate: Updating window title bar state: overlay mode, drag disabled, window buttons hidden, title bar hidden
[2025.11.25-20.29.10:379][202]LogLoad: Game class is 'GameModeRL_C'
[2025.11.25-20.29.10:381][202]LogWorld: Bringing World /Game/Mapas/Fases/UEDPIE_0_NewMap.NewMap up for play (max tick rate 60) at 2025.11.25-17.29.10
[2025.11.25-20.29.10:381][202]LogWorld: Bringing up level for play took: 0.001676
[2025.11.25-20.29.10:381][202]LogOnline: OSS: Creating online subsystem instance for: :Context_49
[2025.11.25-20.29.10:390][202]PIE: Server logged in
[2025.11.25-20.29.10:394][202]PIE: Play in editor total start time 0.145 seconds.
[2025.11.25-20.29.10:431][203]LogRenderer: Reallocating scene render targets to support 1240x784 Format 10 NumSamples 1 (Frame:1).
[2025.11.25-20.29.12:595][322]LogSlate: Updating window title bar state: overlay mode, drag disabled, window buttons hidden, title bar hidden
[2025.11.25-20.29.12:595][322]LogWorld: BeginTearingDown for /Game/Mapas/Fases/UEDPIE_0_NewMap
[2025.11.25-20.29.12:596][322]LogSlate: Window 'ColunaDoendoSamurai Preview [NetMode: Standalone]  (64-bit/Windows) ' being destroyed
[2025.11.25-20.29.12:601][322]LogWorld: UWorld::CleanupWorld for NewMap, bSessionEnded=true, bCleanupResources=true
[2025.11.25-20.29.12:601][322]LogSlate: InvalidateAllWidgets triggered.  All widgets were invalidated
[2025.11.25-20.29.12:613][322]LogPlayLevel: Display: Shutting down PIE online subsystems
[2025.11.25-20.29.12:619][322]LogSlate: InvalidateAllWidgets triggered.  All widgets were invalidated
[2025.11.25-20.29.12:647][322]LogAudio: Display: Audio Device unregistered from world 'None'.
[2025.11.25-20.29.12:648][322]LogAudioMixer: FMixerPlatformXAudio2::StopAudioStream() called
[2025.11.25-20.29.12:649][322]LogAudioMixer: FMixerPlatformXAudio2::StopAudioStream() called
[2025.11.25-20.29.12:655][322]LogUObjectHash: Compacting FUObjectHashTables data took   2.39ms
[2025.11.25-20.29.12:671][323]LogPlayLevel: Display: Destroying online subsystem :Context_49
[2025.11.25-20.29.17:518][601]BlueprintLog: New page: Compile Player_BP
[2025.11.25-20.29.17:611][601]LogUObjectHash: Compacting FUObjectHashTables data took   2.29ms
[2025.11.25-20.29.17:669][601]Cmd: OBJ SAVEPACKAGE PACKAGE="/Game/Player/Blueprints/Player_BP" FILE="E:/Unreal/Fumec_DevGames/Content/Player/Blueprints/Player_BP.uasset" SILENT=true
[2025.11.25-20.29.17:776][601]LogSavePackage: Moving 'E:/Unreal/Fumec_DevGames/Saved/Player_BP7765DCE84283ED2E1DC4D7B40CE87DD2.tmp' to 'E:/Unreal/Fumec_DevGames/Content/Player/Blueprints/Player_BP.uasset'
[2025.11.25-20.29.17:795][601]AssetCheck: New page: Asset Save: Player_BP
[2025.11.25-20.29.17:795][601]LogContentValidation: Display: Validating Blueprint /Game/Player/Blueprints/Player_BP.Player_BP
[2025.11.25-20.29.18:247][621]LogTemp: Repeating last play command: Selected Viewport
[2025.11.25-20.29.18:254][621]LogPlayLevel: PlayLevel: No blueprints needed recompiling
[2025.11.25-20.29.18:254][621]PIE: New page: PIE session: NewMap (Nov 25, 2025, 2:29:18 PM)
[2025.11.25-20.29.18:255][621]LogPlayLevel: Creating play world package: /Game/Mapas/Fases/UEDPIE_0_NewMap
[2025.11.25-20.29.18:275][621]LogPlayLevel: PIE: StaticDuplicateObject took: (0.021457s)
[2025.11.25-20.29.18:276][621]LogAIModule: Creating AISystem for world NewMap
[2025.11.25-20.29.18:276][621]LogPlayLevel: PIE: World Init took: (0.001203s)
[2025.11.25-20.29.18:276][621]LogPlayLevel: PIE: Created PIE world by copying editor world from /Game/Mapas/Fases/NewMap.NewMap to /Game/Mapas/Fases/UEDPIE_0_NewMap.NewMap (0.022822s)
[2025.11.25-20.29.18:308][621]LogUObjectHash: Compacting FUObjectHashTables data took   2.88ms
[2025.11.25-20.29.18:309][621]LogAudio: Display: Creating Audio Device:                 Id: 45, Scope: Unique, Realtime: True
[2025.11.25-20.29.18:309][621]LogAudioMixer: Display: Audio Mixer Platform Settings:
[2025.11.25-20.29.18:309][621]LogAudioMixer: Display: 	Sample Rate:						  48000
[2025.11.25-20.29.18:309][621]LogAudioMixer: Display: 	Callback Buffer Frame Size Requested: 1024
[2025.11.25-20.29.18:309][621]LogAudioMixer: Display: 	Callback Buffer Frame Size To Use:	  1024
[2025.11.25-20.29.18:309][621]LogAudioMixer: Display: 	Number of buffers to queue:			  2
[2025.11.25-20.29.18:309][621]LogAudioMixer: Display: 	Max Channels (voices):				  32
[2025.11.25-20.29.18:309][621]LogAudioMixer: Display: 	Number of Async Source Workers:		  0
[2025.11.25-20.29.18:309][621]LogAudio: Display: AudioDevice MaxSources: 32
[2025.11.25-20.29.18:309][621]LogAudio: Display: Audio Spatialization Plugin: None (built-in).
[2025.11.25-20.29.18:309][621]LogAudio: Display: Audio Reverb Plugin: None (built-in).
[2025.11.25-20.29.18:309][621]LogAudio: Display: Audio Occlusion Plugin: None (built-in).
[2025.11.25-20.29.18:309][621]LogAudioMixer: Display: Initializing audio mixer.
[2025.11.25-20.29.18:316][621]LogAudioMixer: Display: 0: FrontLeft
[2025.11.25-20.29.18:316][621]LogAudioMixer: Display: 1: FrontRight
[2025.11.25-20.29.18:323][621]LogAudioMixer: Display: Using Audio Device Alto-falantes (Realtek(R) Audio)
[2025.11.25-20.29.18:323][621]LogAudioMixer: Display: Initializing Sound Submixes...
[2025.11.25-20.29.18:323][621]LogAudioMixer: Display: Creating Master Submix 'MasterSubmixDefault'
[2025.11.25-20.29.18:323][621]LogAudioMixer: Display: Creating Master Submix 'MasterReverbSubmixDefault'
[2025.11.25-20.29.18:324][621]LogAudioMixer: Display: Creating Master Submix 'MasterEQSubmixDefault'
[2025.11.25-20.29.18:324][621]LogAudioMixer: FMixerPlatformXAudio2::StartAudioStream() called
[2025.11.25-20.29.18:324][621]LogAudioMixer: Display: Output buffers initialized: Frames=1024, Channels=2, Samples=2048
[2025.11.25-20.29.18:325][621]LogAudioMixer: Display: Starting AudioMixerPlatformInterface::RunInternal()
[2025.11.25-20.29.18:325][621]LogAudioMixer: Display: FMixerPlatformXAudio2::SubmitBuffer() called for the first time
[2025.11.25-20.29.18:325][621]LogInit: FAudioDevice initialized.
[2025.11.25-20.29.18:325][621]LogAudio: Display: Audio Device (ID: 45) registered with world 'NewMap'.
[2025.11.25-20.29.18:365][621]LogSlate: Updating window title bar state: overlay mode, drag disabled, window buttons hidden, title bar hidden
[2025.11.25-20.29.18:365][621]LogLoad: Game class is 'GameModeRL_C'
[2025.11.25-20.29.18:367][621]LogWorld: Bringing World /Game/Mapas/Fases/UEDPIE_0_NewMap.NewMap up for play (max tick rate 60) at 2025.11.25-17.29.18
[2025.11.25-20.29.18:368][621]LogWorld: Bringing up level for play took: 0.002261
[2025.11.25-20.29.18:368][621]LogOnline: OSS: Creating online subsystem instance for: :Context_50
[2025.11.25-20.29.18:378][621]PIE: Server logged in
[2025.11.25-20.29.18:382][621]PIE: Play in editor total start time 0.128 seconds.
[2025.11.25-20.29.19:635][684]LogSlate: Updating window title bar state: overlay mode, drag disabled, window buttons hidden, title bar hidden
[2025.11.25-20.29.19:635][684]LogWorld: BeginTearingDown for /Game/Mapas/Fases/UEDPIE_0_NewMap
[2025.11.25-20.29.19:635][684]LogSlate: Window 'ColunaDoendoSamurai Preview [NetMode: Standalone]  (64-bit/Windows) ' being destroyed
[2025.11.25-20.29.19:642][684]LogWorld: UWorld::CleanupWorld for NewMap, bSessionEnded=true, bCleanupResources=true
[2025.11.25-20.29.19:642][684]LogSlate: InvalidateAllWidgets triggered.  All widgets were invalidated
[2025.11.25-20.29.19:651][684]LogPlayLevel: Display: Shutting down PIE online subsystems
[2025.11.25-20.29.19:656][684]LogSlate: InvalidateAllWidgets triggered.  All widgets were invalidated
[2025.11.25-20.29.19:684][684]LogAudio: Display: Audio Device unregistered from world 'None'.
[2025.11.25-20.29.19:685][684]LogAudioMixer: FMixerPlatformXAudio2::StopAudioStream() called
[2025.11.25-20.29.19:686][684]LogAudioMixer: FMixerPlatformXAudio2::StopAudioStream() called
[2025.11.25-20.29.19:692][684]LogUObjectHash: Compacting FUObjectHashTables data took   2.00ms
[2025.11.25-20.29.19:709][685]LogPlayLevel: Display: Destroying online subsystem :Context_50
[2025.11.25-20.29.45:140][189]BlueprintLog: New page: Compile Player_BP
[2025.11.25-20.29.45:254][189]LogUObjectHash: Compacting FUObjectHashTables data took   2.78ms
[2025.11.25-20.29.45:314][189]Cmd: OBJ SAVEPACKAGE PACKAGE="/Game/Player/Blueprints/Player_BP" FILE="E:/Unreal/Fumec_DevGames/Content/Player/Blueprints/Player_BP.uasset" SILENT=true
[2025.11.25-20.29.45:418][189]LogSavePackage: Moving 'E:/Unreal/Fumec_DevGames/Saved/Player_BP1DEB07CA4DEEB8CD3D929DBBCDDF97EB.tmp' to 'E:/Unreal/Fumec_DevGames/Content/Player/Blueprints/Player_BP.uasset'
[2025.11.25-20.29.45:435][189]AssetCheck: New page: Asset Save: Player_BP
[2025.11.25-20.29.45:435][189]LogContentValidation: Display: Validating Blueprint /Game/Player/Blueprints/Player_BP.Player_BP
[2025.11.25-20.29.45:846][205]Cmd: OBJ SAVEPACKAGE PACKAGE="/Game/Player/Blueprints/Player_BP" FILE="E:/Unreal/Fumec_DevGames/Content/Player/Blueprints/Player_BP.uasset" SILENT=true
[2025.11.25-20.29.45:948][205]LogSavePackage: Moving 'E:/Unreal/Fumec_DevGames/Saved/Player_BP523FEF784224057F6D0CF7B00520B3FA.tmp' to 'E:/Unreal/Fumec_DevGames/Content/Player/Blueprints/Player_BP.uasset'
[2025.11.25-20.29.45:967][205]AssetCheck: New page: Asset Save: Player_BP
[2025.11.25-20.29.45:967][205]LogContentValidation: Display: Validating Blueprint /Game/Player/Blueprints/Player_BP.Player_BP
[2025.11.25-20.29.46:407][232]LogTemp: Repeating last play command: Selected Viewport
[2025.11.25-20.29.46:414][232]LogPlayLevel: PlayLevel: No blueprints needed recompiling
[2025.11.25-20.29.46:414][232]PIE: New page: PIE session: NewMap (Nov 25, 2025, 2:29:46 PM)
[2025.11.25-20.29.46:414][232]LogPlayLevel: Creating play world package: /Game/Mapas/Fases/UEDPIE_0_NewMap
[2025.11.25-20.29.46:437][232]LogPlayLevel: PIE: StaticDuplicateObject took: (0.022254s)
[2025.11.25-20.29.46:437][232]LogAIModule: Creating AISystem for world NewMap
[2025.11.25-20.29.46:439][232]LogPlayLevel: PIE: World Init took: (0.001151s)
[2025.11.25-20.29.46:439][232]LogPlayLevel: PIE: Created PIE world by copying editor world from /Game/Mapas/Fases/NewMap.NewMap to /Game/Mapas/Fases/UEDPIE_0_NewMap.NewMap (0.023563s)
[2025.11.25-20.29.46:470][232]LogUObjectHash: Compacting FUObjectHashTables data took   3.35ms
[2025.11.25-20.29.46:470][232]LogAudio: Display: Creating Audio Device:                 Id: 46, Scope: Unique, Realtime: True
[2025.11.25-20.29.46:470][232]LogAudioMixer: Display: Audio Mixer Platform Settings:
[2025.11.25-20.29.46:470][232]LogAudioMixer: Display: 	Sample Rate:						  48000
[2025.11.25-20.29.46:470][232]LogAudioMixer: Display: 	Callback Buffer Frame Size Requested: 1024
[2025.11.25-20.29.46:470][232]LogAudioMixer: Display: 	Callback Buffer Frame Size To Use:	  1024
[2025.11.25-20.29.46:470][232]LogAudioMixer: Display: 	Number of buffers to queue:			  2
[2025.11.25-20.29.46:470][232]LogAudioMixer: Display: 	Max Channels (voices):				  32
[2025.11.25-20.29.46:470][232]LogAudioMixer: Display: 	Number of Async Source Workers:		  0
[2025.11.25-20.29.46:470][232]LogAudio: Display: AudioDevice MaxSources: 32
[2025.11.25-20.29.46:471][232]LogAudio: Display: Audio Spatialization Plugin: None (built-in).
[2025.11.25-20.29.46:471][232]LogAudio: Display: Audio Reverb Plugin: None (built-in).
[2025.11.25-20.29.46:471][232]LogAudio: Display: Audio Occlusion Plugin: None (built-in).
[2025.11.25-20.29.46:471][232]LogAudioMixer: Display: Initializing audio mixer.
[2025.11.25-20.29.46:477][232]LogAudioMixer: Display: 0: FrontLeft
[2025.11.25-20.29.46:477][232]LogAudioMixer: Display: 1: FrontRight
[2025.11.25-20.29.46:484][232]LogAudioMixer: Display: Using Audio Device Alto-falantes (Realtek(R) Audio)
[2025.11.25-20.29.46:484][232]LogAudioMixer: Display: Initializing Sound Submixes...
[2025.11.25-20.29.46:484][232]LogAudioMixer: Display: Creating Master Submix 'MasterSubmixDefault'
[2025.11.25-20.29.46:484][232]LogAudioMixer: Display: Creating Master Submix 'MasterReverbSubmixDefault'
[2025.11.25-20.29.46:485][232]LogAudioMixer: Display: Creating Master Submix 'MasterEQSubmixDefault'
[2025.11.25-20.29.46:485][232]LogAudioMixer: FMixerPlatformXAudio2::StartAudioStream() called
[2025.11.25-20.29.46:485][232]LogAudioMixer: Display: Output buffers initialized: Frames=1024, Channels=2, Samples=2048
[2025.11.25-20.29.46:486][232]LogAudioMixer: Display: Starting AudioMixerPlatformInterface::RunInternal()
[2025.11.25-20.29.46:486][232]LogAudioMixer: Display: FMixerPlatformXAudio2::SubmitBuffer() called for the first time
[2025.11.25-20.29.46:486][232]LogInit: FAudioDevice initialized.
[2025.11.25-20.29.46:486][232]LogAudio: Display: Audio Device (ID: 46) registered with world 'NewMap'.
[2025.11.25-20.29.46:542][232]LogSlate: Updating window title bar state: overlay mode, drag disabled, window buttons hidden, title bar hidden
[2025.11.25-20.29.46:542][232]LogLoad: Game class is 'GameModeRL_C'
[2025.11.25-20.29.46:544][232]LogWorld: Bringing World /Game/Mapas/Fases/UEDPIE_0_NewMap.NewMap up for play (max tick rate 60) at 2025.11.25-17.29.46
[2025.11.25-20.29.46:544][232]LogWorld: Bringing up level for play took: 0.002048
[2025.11.25-20.29.46:545][232]LogOnline: OSS: Creating online subsystem instance for: :Context_51
[2025.11.25-20.29.46:552][232]PIE: Server logged in
[2025.11.25-20.29.46:557][232]PIE: Play in editor total start time 0.143 seconds.
[2025.11.25-20.29.48:725][351]LogSlate: Updating window title bar state: overlay mode, drag disabled, window buttons hidden, title bar hidden
[2025.11.25-20.29.48:725][351]LogWorld: BeginTearingDown for /Game/Mapas/Fases/UEDPIE_0_NewMap
[2025.11.25-20.29.48:726][351]LogSlate: Window 'ColunaDoendoSamurai Preview [NetMode: Standalone]  (64-bit/Windows) ' being destroyed
[2025.11.25-20.29.48:731][351]LogWorld: UWorld::CleanupWorld for NewMap, bSessionEnded=true, bCleanupResources=true
[2025.11.25-20.29.48:731][351]LogSlate: InvalidateAllWidgets triggered.  All widgets were invalidated
[2025.11.25-20.29.48:744][351]LogPlayLevel: Display: Shutting down PIE online subsystems
[2025.11.25-20.29.48:748][351]LogSlate: InvalidateAllWidgets triggered.  All widgets were invalidated
[2025.11.25-20.29.48:777][351]LogAudio: Display: Audio Device unregistered from world 'None'.
[2025.11.25-20.29.48:777][351]LogAudioMixer: FMixerPlatformXAudio2::StopAudioStream() called
[2025.11.25-20.29.48:778][351]LogAudioMixer: FMixerPlatformXAudio2::StopAudioStream() called
[2025.11.25-20.29.48:785][351]LogUObjectHash: Compacting FUObjectHashTables data took   2.40ms
[2025.11.25-20.29.48:801][352]LogPlayLevel: Display: Destroying online subsystem :Context_51
[2025.11.25-20.29.52:865][587]Cmd: OBJ SAVEPACKAGE PACKAGE="/Game/Player/Blueprints/Player_BP" FILE="E:/Unreal/Fumec_DevGames/Content/Player/Blueprints/Player_BP.uasset" SILENT=true
[2025.11.25-20.29.52:971][587]LogSavePackage: Moving 'E:/Unreal/Fumec_DevGames/Saved/Player_BP25D64C9F4157480A0C314B80905A7441.tmp' to 'E:/Unreal/Fumec_DevGames/Content/Player/Blueprints/Player_BP.uasset'
[2025.11.25-20.29.52:989][587]AssetCheck: New page: Asset Save: Player_BP
[2025.11.25-20.29.52:989][587]LogContentValidation: Display: Validating Blueprint /Game/Player/Blueprints/Player_BP.Player_BP
[2025.11.25-20.30.06:473][395]Cmd: OBJ SAVEPACKAGE PACKAGE="/Game/Player/Blueprints/Player_BP" FILE="E:/Unreal/Fumec_DevGames/Content/Player/Blueprints/Player_BP.uasset" SILENT=true
[2025.11.25-20.30.06:575][395]LogSavePackage: Moving 'E:/Unreal/Fumec_DevGames/Saved/Player_BPAD2C237642B2B06BBD5D72990B78E863.tmp' to 'E:/Unreal/Fumec_DevGames/Content/Player/Blueprints/Player_BP.uasset'
[2025.11.25-20.30.06:598][395]AssetCheck: New page: Asset Save: Player_BP
[2025.11.25-20.30.06:598][395]LogContentValidation: Display: Validating Blueprint /Game/Player/Blueprints/Player_BP.Player_BP
[2025.11.25-20.30.07:398][443]LogTemp: Repeating last play command: Selected Viewport
[2025.11.25-20.30.07:405][443]BlueprintLog: New page: Pre-Play auto-recompile
[2025.11.25-20.30.07:408][443]LogPlayLevel: [PlayLevel] Compiling Player_BP before play...
[2025.11.25-20.30.07:532][443]LogUObjectHash: Compacting FUObjectHashTables data took   2.61ms
[2025.11.25-20.30.07:533][443]LogPlayLevel: PlayLevel: Blueprint regeneration took 127 ms (1 blueprints)
[2025.11.25-20.30.07:533][443]PIE: New page: PIE session: NewMap (Nov 25, 2025, 2:30:07 PM)
[2025.11.25-20.30.07:533][443]LogPlayLevel: Creating play world package: /Game/Mapas/Fases/UEDPIE_0_NewMap
[2025.11.25-20.30.07:555][443]LogPlayLevel: PIE: StaticDuplicateObject took: (0.021647s)
[2025.11.25-20.30.07:556][443]LogAIModule: Creating AISystem for world NewMap
[2025.11.25-20.30.07:556][443]LogPlayLevel: PIE: World Init took: (0.001146s)
[2025.11.25-20.30.07:556][443]LogPlayLevel: PIE: Created PIE world by copying editor world from /Game/Mapas/Fases/NewMap.NewMap to /Game/Mapas/Fases/UEDPIE_0_NewMap.NewMap (0.022944s)
[2025.11.25-20.30.07:586][443]LogUObjectHash: Compacting FUObjectHashTables data took   2.18ms
[2025.11.25-20.30.07:587][443]LogAudio: Display: Creating Audio Device:                 Id: 47, Scope: Unique, Realtime: True
[2025.11.25-20.30.07:587][443]LogAudioMixer: Display: Audio Mixer Platform Settings:
[2025.11.25-20.30.07:587][443]LogAudioMixer: Display: 	Sample Rate:						  48000
[2025.11.25-20.30.07:587][443]LogAudioMixer: Display: 	Callback Buffer Frame Size Requested: 1024
[2025.11.25-20.30.07:587][443]LogAudioMixer: Display: 	Callback Buffer Frame Size To Use:	  1024
[2025.11.25-20.30.07:587][443]LogAudioMixer: Display: 	Number of buffers to queue:			  2
[2025.11.25-20.30.07:587][443]LogAudioMixer: Display: 	Max Channels (voices):				  32
[2025.11.25-20.30.07:587][443]LogAudioMixer: Display: 	Number of Async Source Workers:		  0
[2025.11.25-20.30.07:587][443]LogAudio: Display: AudioDevice MaxSources: 32
[2025.11.25-20.30.07:587][443]LogAudio: Display: Audio Spatialization Plugin: None (built-in).
[2025.11.25-20.30.07:587][443]LogAudio: Display: Audio Reverb Plugin: None (built-in).
[2025.11.25-20.30.07:587][443]LogAudio: Display: Audio Occlusion Plugin: None (built-in).
[2025.11.25-20.30.07:587][443]LogAudioMixer: Display: Initializing audio mixer.
[2025.11.25-20.30.07:593][443]LogAudioMixer: Display: 0: FrontLeft
[2025.11.25-20.30.07:593][443]LogAudioMixer: Display: 1: FrontRight
[2025.11.25-20.30.07:600][443]LogAudioMixer: Display: Using Audio Device Alto-falantes (Realtek(R) Audio)
[2025.11.25-20.30.07:600][443]LogAudioMixer: Display: Initializing Sound Submixes...
[2025.11.25-20.30.07:600][443]LogAudioMixer: Display: Creating Master Submix 'MasterSubmixDefault'
[2025.11.25-20.30.07:600][443]LogAudioMixer: Display: Creating Master Submix 'MasterReverbSubmixDefault'
[2025.11.25-20.30.07:602][443]LogAudioMixer: Display: Creating Master Submix 'MasterEQSubmixDefault'
[2025.11.25-20.30.07:602][443]LogAudioMixer: FMixerPlatformXAudio2::StartAudioStream() called
[2025.11.25-20.30.07:602][443]LogAudioMixer: Display: Output buffers initialized: Frames=1024, Channels=2, Samples=2048
[2025.11.25-20.30.07:603][443]LogAudioMixer: Display: Starting AudioMixerPlatformInterface::RunInternal()
[2025.11.25-20.30.07:603][443]LogAudioMixer: Display: FMixerPlatformXAudio2::SubmitBuffer() called for the first time
[2025.11.25-20.30.07:603][443]LogInit: FAudioDevice initialized.
[2025.11.25-20.30.07:603][443]LogAudio: Display: Audio Device (ID: 47) registered with world 'NewMap'.
[2025.11.25-20.30.07:650][443]LogSlate: Updating window title bar state: overlay mode, drag disabled, window buttons hidden, title bar hidden
[2025.11.25-20.30.07:651][443]LogLoad: Game class is 'GameModeRL_C'
[2025.11.25-20.30.07:653][443]LogWorld: Bringing World /Game/Mapas/Fases/UEDPIE_0_NewMap.NewMap up for play (max tick rate 60) at 2025.11.25-17.30.07
[2025.11.25-20.30.07:653][443]LogWorld: Bringing up level for play took: 0.002124
[2025.11.25-20.30.07:653][443]LogOnline: OSS: Creating online subsystem instance for: :Context_52
[2025.11.25-20.30.07:660][443]PIE: Server logged in
[2025.11.25-20.30.07:661][443]PIE: Play in editor total start time 0.256 seconds.
[2025.11.25-20.30.07:835][445]LogRenderer: Reallocating scene render targets to support 1244x784 Format 10 NumSamples 1 (Frame:1).
[2025.11.25-20.30.11:835][680]LogSlate: Updating window title bar state: overlay mode, drag disabled, window buttons hidden, title bar hidden
[2025.11.25-20.30.11:835][680]LogWorld: BeginTearingDown for /Game/Mapas/Fases/UEDPIE_0_NewMap
[2025.11.25-20.30.11:836][680]LogSlate: Window 'ColunaDoendoSamurai Preview [NetMode: Standalone]  (64-bit/Windows) ' being destroyed
[2025.11.25-20.30.11:841][680]LogWorld: UWorld::CleanupWorld for NewMap, bSessionEnded=true, bCleanupResources=true
[2025.11.25-20.30.11:841][680]LogSlate: InvalidateAllWidgets triggered.  All widgets were invalidated
[2025.11.25-20.30.11:853][680]LogPlayLevel: Display: Shutting down PIE online subsystems
[2025.11.25-20.30.11:858][680]LogSlate: InvalidateAllWidgets triggered.  All widgets were invalidated
[2025.11.25-20.30.11:888][680]LogAudioMixer: FMixerPlatformXAudio2::StopAudioStream() called
[2025.11.25-20.30.11:889][680]LogAudioMixer: FMixerPlatformXAudio2::StopAudioStream() called
[2025.11.25-20.30.11:895][680]LogUObjectHash: Compacting FUObjectHashTables data took   2.84ms
[2025.11.25-20.30.11:915][681]LogPlayLevel: Display: Destroying online subsystem :Context_52
[2025.11.25-20.30.20:065][155]Cmd: OBJ SAVEPACKAGE PACKAGE="/Game/Player/Blueprints/Player_BP" FILE="E:/Unreal/Fumec_DevGames/Content/Player/Blueprints/Player_BP.uasset" SILENT=true
[2025.11.25-20.30.20:172][155]LogSavePackage: Moving 'E:/Unreal/Fumec_DevGames/Saved/Player_BP5B68768D400C61B9DA314992FCFFDCA7.tmp' to 'E:/Unreal/Fumec_DevGames/Content/Player/Blueprints/Player_BP.uasset'
[2025.11.25-20.30.20:194][155]AssetCheck: New page: Asset Save: Player_BP
[2025.11.25-20.30.20:194][155]LogContentValidation: Display: Validating Blueprint /Game/Player/Blueprints/Player_BP.Player_BP
[2025.11.25-20.30.20:836][190]LogTemp: Repeating last play command: Selected Viewport
[2025.11.25-20.30.20:844][190]BlueprintLog: New page: Pre-Play auto-recompile
[2025.11.25-20.30.20:846][190]LogPlayLevel: [PlayLevel] Compiling Player_BP before play...
[2025.11.25-20.30.20:967][190]LogUObjectHash: Compacting FUObjectHashTables data took   3.01ms
[2025.11.25-20.30.20:968][190]LogPlayLevel: PlayLevel: Blueprint regeneration took 124 ms (1 blueprints)
[2025.11.25-20.30.20:968][190]PIE: New page: PIE session: NewMap (Nov 25, 2025, 2:30:20 PM)
[2025.11.25-20.30.20:968][190]LogPlayLevel: Creating play world package: /Game/Mapas/Fases/UEDPIE_0_NewMap
[2025.11.25-20.30.20:989][190]LogPlayLevel: PIE: StaticDuplicateObject took: (0.021212s)
[2025.11.25-20.30.20:990][190]LogAIModule: Creating AISystem for world NewMap
[2025.11.25-20.30.20:991][190]LogPlayLevel: PIE: World Init took: (0.001173s)
[2025.11.25-20.30.20:991][190]LogPlayLevel: PIE: Created PIE world by copying editor world from /Game/Mapas/Fases/NewMap.NewMap to /Game/Mapas/Fases/UEDPIE_0_NewMap.NewMap (0.022538s)
[2025.11.25-20.30.21:021][190]LogUObjectHash: Compacting FUObjectHashTables data took   2.16ms
[2025.11.25-20.30.21:021][190]LogAudio: Display: Creating Audio Device:                 Id: 48, Scope: Unique, Realtime: True
[2025.11.25-20.30.21:021][190]LogAudioMixer: Display: Audio Mixer Platform Settings:
[2025.11.25-20.30.21:021][190]LogAudioMixer: Display: 	Sample Rate:						  48000
[2025.11.25-20.30.21:021][190]LogAudioMixer: Display: 	Callback Buffer Frame Size Requested: 1024
[2025.11.25-20.30.21:021][190]LogAudioMixer: Display: 	Callback Buffer Frame Size To Use:	  1024
[2025.11.25-20.30.21:021][190]LogAudioMixer: Display: 	Number of buffers to queue:			  2
[2025.11.25-20.30.21:021][190]LogAudioMixer: Display: 	Max Channels (voices):				  32
[2025.11.25-20.30.21:021][190]LogAudioMixer: Display: 	Number of Async Source Workers:		  0
[2025.11.25-20.30.21:021][190]LogAudio: Display: AudioDevice MaxSources: 32
[2025.11.25-20.30.21:022][190]LogAudio: Display: Audio Spatialization Plugin: None (built-in).
[2025.11.25-20.30.21:022][190]LogAudio: Display: Audio Reverb Plugin: None (built-in).
[2025.11.25-20.30.21:022][190]LogAudio: Display: Audio Occlusion Plugin: None (built-in).
[2025.11.25-20.30.21:022][190]LogAudioMixer: Display: Initializing audio mixer.
[2025.11.25-20.30.21:028][190]LogAudioMixer: Display: 0: FrontLeft
[2025.11.25-20.30.21:028][190]LogAudioMixer: Display: 1: FrontRight
[2025.11.25-20.30.21:036][190]LogAudioMixer: Display: Using Audio Device Alto-falantes (Realtek(R) Audio)
[2025.11.25-20.30.21:036][190]LogAudioMixer: Display: Initializing Sound Submixes...
[2025.11.25-20.30.21:036][190]LogAudioMixer: Display: Creating Master Submix 'MasterSubmixDefault'
[2025.11.25-20.30.21:036][190]LogAudioMixer: Display: Creating Master Submix 'MasterReverbSubmixDefault'
[2025.11.25-20.30.21:037][190]LogAudioMixer: Display: Creating Master Submix 'MasterEQSubmixDefault'
[2025.11.25-20.30.21:037][190]LogAudioMixer: FMixerPlatformXAudio2::StartAudioStream() called
[2025.11.25-20.30.21:037][190]LogAudioMixer: Display: Output buffers initialized: Frames=1024, Channels=2, Samples=2048
[2025.11.25-20.30.21:039][190]LogAudioMixer: Display: Starting AudioMixerPlatformInterface::RunInternal()
[2025.11.25-20.30.21:039][190]LogAudioMixer: Display: FMixerPlatformXAudio2::SubmitBuffer() called for the first time
[2025.11.25-20.30.21:039][190]LogInit: FAudioDevice initialized.
[2025.11.25-20.30.21:039][190]LogAudio: Display: Audio Device (ID: 48) registered with world 'NewMap'.
[2025.11.25-20.30.21:089][190]LogSlate: Updating window title bar state: overlay mode, drag disabled, window buttons hidden, title bar hidden
[2025.11.25-20.30.21:089][190]LogLoad: Game class is 'GameModeRL_C'
[2025.11.25-20.30.21:091][190]LogWorld: Bringing World /Game/Mapas/Fases/UEDPIE_0_NewMap.NewMap up for play (max tick rate 60) at 2025.11.25-17.30.21
[2025.11.25-20.30.21:092][190]LogWorld: Bringing up level for play took: 0.002559
[2025.11.25-20.30.21:092][190]LogOnline: OSS: Creating online subsystem instance for: :Context_53
[2025.11.25-20.30.21:098][190]PIE: Server logged in
[2025.11.25-20.30.21:099][190]PIE: Play in editor total start time 0.257 seconds.
[2025.11.25-20.30.25:565][441]LogSlate: Updating window title bar state: overlay mode, drag disabled, window buttons hidden, title bar hidden
[2025.11.25-20.30.25:565][441]LogWorld: BeginTearingDown for /Game/Mapas/Fases/UEDPIE_0_NewMap
[2025.11.25-20.30.25:565][441]LogSlate: Window 'ColunaDoendoSamurai Preview [NetMode: Standalone]  (64-bit/Windows) ' being destroyed
[2025.11.25-20.30.25:571][441]LogWorld: UWorld::CleanupWorld for NewMap, bSessionEnded=true, bCleanupResources=true
[2025.11.25-20.30.25:571][441]LogSlate: InvalidateAllWidgets triggered.  All widgets were invalidated
[2025.11.25-20.30.25:580][441]LogPlayLevel: Display: Shutting down PIE online subsystems
[2025.11.25-20.30.25:586][441]LogSlate: InvalidateAllWidgets triggered.  All widgets were invalidated
[2025.11.25-20.30.25:612][441]LogAudioMixer: FMixerPlatformXAudio2::StopAudioStream() called
[2025.11.25-20.30.25:613][441]LogAudioMixer: FMixerPlatformXAudio2::StopAudioStream() called
[2025.11.25-20.30.25:620][441]LogUObjectHash: Compacting FUObjectHashTables data took   2.33ms
[2025.11.25-20.30.25:636][442]LogPlayLevel: Display: Destroying online subsystem :Context_53
[2025.11.25-20.30.30:665][736]Cmd: OBJ SAVEPACKAGE PACKAGE="/Game/Player/Blueprints/Player_BP" FILE="E:/Unreal/Fumec_DevGames/Content/Player/Blueprints/Player_BP.uasset" SILENT=true
[2025.11.25-20.30.30:770][736]LogSavePackage: Moving 'E:/Unreal/Fumec_DevGames/Saved/Player_BP41A3CE6642B8B6D2CC9F5789E7009C8B.tmp' to 'E:/Unreal/Fumec_DevGames/Content/Player/Blueprints/Player_BP.uasset'
[2025.11.25-20.30.30:789][736]AssetCheck: New page: Asset Save: Player_BP
[2025.11.25-20.30.30:789][736]LogContentValidation: Display: Validating Blueprint /Game/Player/Blueprints/Player_BP.Player_BP
[2025.11.25-20.30.31:806][797]LogTemp: Repeating last play command: Selected Viewport
[2025.11.25-20.30.31:813][797]BlueprintLog: New page: Pre-Play auto-recompile
[2025.11.25-20.30.31:815][797]LogPlayLevel: [PlayLevel] Compiling Player_BP before play...
[2025.11.25-20.30.31:934][797]LogUObjectHash: Compacting FUObjectHashTables data took   2.48ms
[2025.11.25-20.30.31:935][797]LogPlayLevel: PlayLevel: Blueprint regeneration took 121 ms (1 blueprints)
[2025.11.25-20.30.31:935][797]PIE: New page: PIE session: NewMap (Nov 25, 2025, 2:30:31 PM)
[2025.11.25-20.30.31:935][797]LogPlayLevel: Creating play world package: /Game/Mapas/Fases/UEDPIE_0_NewMap
[2025.11.25-20.30.31:955][797]LogPlayLevel: PIE: StaticDuplicateObject took: (0.021266s)
[2025.11.25-20.30.31:957][797]LogAIModule: Creating AISystem for world NewMap
[2025.11.25-20.30.31:958][797]LogPlayLevel: PIE: World Init took: (0.001191s)
[2025.11.25-20.30.31:958][797]LogPlayLevel: PIE: Created PIE world by copying editor world from /Game/Mapas/Fases/NewMap.NewMap to /Game/Mapas/Fases/UEDPIE_0_NewMap.NewMap (0.022618s)
[2025.11.25-20.30.31:987][797]LogUObjectHash: Compacting FUObjectHashTables data took   2.15ms
[2025.11.25-20.30.31:987][797]LogAudio: Display: Creating Audio Device:                 Id: 49, Scope: Unique, Realtime: True
[2025.11.25-20.30.31:987][797]LogAudioMixer: Display: Audio Mixer Platform Settings:
[2025.11.25-20.30.31:987][797]LogAudioMixer: Display: 	Sample Rate:						  48000
[2025.11.25-20.30.31:987][797]LogAudioMixer: Display: 	Callback Buffer Frame Size Requested: 1024
[2025.11.25-20.30.31:987][797]LogAudioMixer: Display: 	Callback Buffer Frame Size To Use:	  1024
[2025.11.25-20.30.31:987][797]LogAudioMixer: Display: 	Number of buffers to queue:			  2
[2025.11.25-20.30.31:987][797]LogAudioMixer: Display: 	Max Channels (voices):				  32
[2025.11.25-20.30.31:987][797]LogAudioMixer: Display: 	Number of Async Source Workers:		  0
[2025.11.25-20.30.31:987][797]LogAudio: Display: AudioDevice MaxSources: 32
[2025.11.25-20.30.31:988][797]LogAudio: Display: Audio Spatialization Plugin: None (built-in).
[2025.11.25-20.30.31:988][797]LogAudio: Display: Audio Reverb Plugin: None (built-in).
[2025.11.25-20.30.31:988][797]LogAudio: Display: Audio Occlusion Plugin: None (built-in).
[2025.11.25-20.30.31:988][797]LogAudioMixer: Display: Initializing audio mixer.
[2025.11.25-20.30.31:993][797]LogAudioMixer: Display: 0: FrontLeft
[2025.11.25-20.30.31:993][797]LogAudioMixer: Display: 1: FrontRight
[2025.11.25-20.30.32:001][797]LogAudioMixer: Display: Using Audio Device Alto-falantes (Realtek(R) Audio)
[2025.11.25-20.30.32:001][797]LogAudioMixer: Display: Initializing Sound Submixes...
[2025.11.25-20.30.32:001][797]LogAudioMixer: Display: Creating Master Submix 'MasterSubmixDefault'
[2025.11.25-20.30.32:001][797]LogAudioMixer: Display: Creating Master Submix 'MasterReverbSubmixDefault'
[2025.11.25-20.30.32:002][797]LogAudioMixer: Display: Creating Master Submix 'MasterEQSubmixDefault'
[2025.11.25-20.30.32:002][797]LogAudioMixer: FMixerPlatformXAudio2::StartAudioStream() called
[2025.11.25-20.30.32:002][797]LogAudioMixer: Display: Output buffers initialized: Frames=1024, Channels=2, Samples=2048
[2025.11.25-20.30.32:003][797]LogAudioMixer: Display: Starting AudioMixerPlatformInterface::RunInternal()
[2025.11.25-20.30.32:003][797]LogAudioMixer: Display: FMixerPlatformXAudio2::SubmitBuffer() called for the first time
[2025.11.25-20.30.32:003][797]LogInit: FAudioDevice initialized.
[2025.11.25-20.30.32:003][797]LogAudio: Display: Audio Device (ID: 49) registered with world 'NewMap'.
[2025.11.25-20.30.32:059][797]LogSlate: Updating window title bar state: overlay mode, drag disabled, window buttons hidden, title bar hidden
[2025.11.25-20.30.32:059][797]LogLoad: Game class is 'GameModeRL_C'
[2025.11.25-20.30.32:061][797]LogWorld: Bringing World /Game/Mapas/Fases/UEDPIE_0_NewMap.NewMap up for play (max tick rate 60) at 2025.11.25-17.30.32
[2025.11.25-20.30.32:061][797]LogWorld: Bringing up level for play took: 0.002334
[2025.11.25-20.30.32:062][797]LogOnline: OSS: Creating online subsystem instance for: :Context_54
[2025.11.25-20.30.32:068][797]PIE: Server logged in
[2025.11.25-20.30.32:070][797]PIE: Play in editor total start time 0.258 seconds.
[2025.11.25-20.30.32:226][798]LogRenderer: Reallocating scene render targets to support 1248x784 Format 10 NumSamples 1 (Frame:1).
[2025.11.25-20.31.03:735][682]LogSlate: Updating window title bar state: overlay mode, drag disabled, window buttons hidden, title bar hidden
[2025.11.25-20.31.03:735][682]LogWorld: BeginTearingDown for /Game/Mapas/Fases/UEDPIE_0_NewMap
[2025.11.25-20.31.03:735][682]LogSlate: Window 'ColunaDoendoSamurai Preview [NetMode: Standalone]  (64-bit/Windows) ' being destroyed
[2025.11.25-20.31.03:741][682]LogWorld: UWorld::CleanupWorld for NewMap, bSessionEnded=true, bCleanupResources=true
[2025.11.25-20.31.03:741][682]LogSlate: InvalidateAllWidgets triggered.  All widgets were invalidated
[2025.11.25-20.31.03:755][682]LogPlayLevel: Display: Shutting down PIE online subsystems
[2025.11.25-20.31.03:759][682]LogSlate: InvalidateAllWidgets triggered.  All widgets were invalidated
[2025.11.25-20.31.03:788][682]LogAudioMixer: FMixerPlatformXAudio2::StopAudioStream() called
[2025.11.25-20.31.03:789][682]LogAudioMixer: FMixerPlatformXAudio2::StopAudioStream() called
[2025.11.25-20.31.03:794][682]LogUObjectHash: Compacting FUObjectHashTables data took   2.01ms
[2025.11.25-20.31.03:812][683]LogPlayLevel: Display: Destroying online subsystem :Context_54
[2025.11.25-20.31.25:518][967]Cmd: OBJ SAVEPACKAGE PACKAGE="/Game/Player/Blueprints/Player_BP" FILE="E:/Unreal/Fumec_DevGames/Content/Player/Blueprints/Player_BP.uasset" SILENT=true
[2025.11.25-20.31.25:624][967]LogSavePackage: Moving 'E:/Unreal/Fumec_DevGames/Saved/Player_BPE200511E4653552F40E46588CFD5A9D2.tmp' to 'E:/Unreal/Fumec_DevGames/Content/Player/Blueprints/Player_BP.uasset'
[2025.11.25-20.31.25:645][967]AssetCheck: New page: Asset Save: Player_BP
[2025.11.25-20.31.25:645][967]LogContentValidation: Display: Validating Blueprint /Game/Player/Blueprints/Player_BP.Player_BP
[2025.11.25-20.31.26:616][ 18]BlueprintLog: New page: Compile Player_BP
[2025.11.25-20.31.26:703][ 18]LogUObjectHash: Compacting FUObjectHashTables data took   2.32ms
[2025.11.25-20.31.27:445][ 53]LogTemp: Repeating last play command: Selected Viewport
[2025.11.25-20.31.27:453][ 53]LogPlayLevel: PlayLevel: No blueprints needed recompiling
[2025.11.25-20.31.27:453][ 53]PIE: New page: PIE session: NewMap (Nov 25, 2025, 2:31:27 PM)
[2025.11.25-20.31.27:453][ 53]LogPlayLevel: Creating play world package: /Game/Mapas/Fases/UEDPIE_0_NewMap
[2025.11.25-20.31.27:478][ 53]LogPlayLevel: PIE: StaticDuplicateObject took: (0.024748s)
[2025.11.25-20.31.27:479][ 53]LogAIModule: Creating AISystem for world NewMap
[2025.11.25-20.31.27:479][ 53]LogPlayLevel: PIE: World Init took: (0.001187s)
[2025.11.25-20.31.27:479][ 53]LogPlayLevel: PIE: Created PIE world by copying editor world from /Game/Mapas/Fases/NewMap.NewMap to /Game/Mapas/Fases/UEDPIE_0_NewMap.NewMap (0.026101s)
[2025.11.25-20.31.27:511][ 53]LogUObjectHash: Compacting FUObjectHashTables data took   2.80ms
[2025.11.25-20.31.27:511][ 53]LogAudio: Display: Creating Audio Device:                 Id: 50, Scope: Unique, Realtime: True
[2025.11.25-20.31.27:512][ 53]LogAudioMixer: Display: Audio Mixer Platform Settings:
[2025.11.25-20.31.27:512][ 53]LogAudioMixer: Display: 	Sample Rate:						  48000
[2025.11.25-20.31.27:512][ 53]LogAudioMixer: Display: 	Callback Buffer Frame Size Requested: 1024
[2025.11.25-20.31.27:512][ 53]LogAudioMixer: Display: 	Callback Buffer Frame Size To Use:	  1024
[2025.11.25-20.31.27:512][ 53]LogAudioMixer: Display: 	Number of buffers to queue:			  2
[2025.11.25-20.31.27:512][ 53]LogAudioMixer: Display: 	Max Channels (voices):				  32
[2025.11.25-20.31.27:512][ 53]LogAudioMixer: Display: 	Number of Async Source Workers:		  0
[2025.11.25-20.31.27:512][ 53]LogAudio: Display: AudioDevice MaxSources: 32
[2025.11.25-20.31.27:513][ 53]LogAudio: Display: Audio Spatialization Plugin: None (built-in).
[2025.11.25-20.31.27:513][ 53]LogAudio: Display: Audio Reverb Plugin: None (built-in).
[2025.11.25-20.31.27:513][ 53]LogAudio: Display: Audio Occlusion Plugin: None (built-in).
[2025.11.25-20.31.27:513][ 53]LogAudioMixer: Display: Initializing audio mixer.
[2025.11.25-20.31.27:519][ 53]LogAudioMixer: Display: 0: FrontLeft
[2025.11.25-20.31.27:519][ 53]LogAudioMixer: Display: 1: FrontRight
[2025.11.25-20.31.27:526][ 53]LogAudioMixer: Display: Using Audio Device Alto-falantes (Realtek(R) Audio)
[2025.11.25-20.31.27:526][ 53]LogAudioMixer: Display: Initializing Sound Submixes...
[2025.11.25-20.31.27:526][ 53]LogAudioMixer: Display: Creating Master Submix 'MasterSubmixDefault'
[2025.11.25-20.31.27:526][ 53]LogAudioMixer: Display: Creating Master Submix 'MasterReverbSubmixDefault'
[2025.11.25-20.31.27:527][ 53]LogAudioMixer: Display: Creating Master Submix 'MasterEQSubmixDefault'
[2025.11.25-20.31.27:527][ 53]LogAudioMixer: FMixerPlatformXAudio2::StartAudioStream() called
[2025.11.25-20.31.27:527][ 53]LogAudioMixer: Display: Output buffers initialized: Frames=1024, Channels=2, Samples=2048
[2025.11.25-20.31.27:528][ 53]LogAudioMixer: Display: Starting AudioMixerPlatformInterface::RunInternal()
[2025.11.25-20.31.27:529][ 53]LogAudioMixer: Display: FMixerPlatformXAudio2::SubmitBuffer() called for the first time
[2025.11.25-20.31.27:529][ 53]LogInit: FAudioDevice initialized.
[2025.11.25-20.31.27:529][ 53]LogAudio: Display: Audio Device (ID: 50) registered with world 'NewMap'.
[2025.11.25-20.31.27:579][ 53]LogSlate: Updating window title bar state: overlay mode, drag disabled, window buttons hidden, title bar hidden
[2025.11.25-20.31.27:580][ 53]LogLoad: Game class is 'GameModeRL_C'
[2025.11.25-20.31.27:582][ 53]LogWorld: Bringing World /Game/Mapas/Fases/UEDPIE_0_NewMap.NewMap up for play (max tick rate 60) at 2025.11.25-17.31.27
[2025.11.25-20.31.27:583][ 53]LogWorld: Bringing up level for play took: 0.002509
[2025.11.25-20.31.27:583][ 53]LogOnline: OSS: Creating online subsystem instance for: :Context_55
[2025.11.25-20.31.27:591][ 53]PIE: Server logged in
[2025.11.25-20.31.27:596][ 53]PIE: Play in editor total start time 0.144 seconds.
[2025.11.25-20.31.31:544][282]LogSlate: Updating window title bar state: overlay mode, drag disabled, window buttons hidden, title bar hidden
[2025.11.25-20.31.31:544][282]LogWorld: BeginTearingDown for /Game/Mapas/Fases/UEDPIE_0_NewMap
[2025.11.25-20.31.31:545][282]LogSlate: Window 'ColunaDoendoSamurai Preview [NetMode: Standalone]  (64-bit/Windows) ' being destroyed
[2025.11.25-20.31.31:551][282]LogWorld: UWorld::CleanupWorld for NewMap, bSessionEnded=true, bCleanupResources=true
[2025.11.25-20.31.31:551][282]LogSlate: InvalidateAllWidgets triggered.  All widgets were invalidated
[2025.11.25-20.31.31:560][282]LogPlayLevel: Display: Shutting down PIE online subsystems
[2025.11.25-20.31.31:565][282]LogSlate: InvalidateAllWidgets triggered.  All widgets were invalidated
[2025.11.25-20.31.31:592][282]LogAudio: Display: Audio Device unregistered from world 'None'.
[2025.11.25-20.31.31:594][282]LogAudioMixer: FMixerPlatformXAudio2::StopAudioStream() called
[2025.11.25-20.31.31:595][282]LogAudioMixer: FMixerPlatformXAudio2::StopAudioStream() called
[2025.11.25-20.31.31:600][282]LogUObjectHash: Compacting FUObjectHashTables data took   2.02ms
[2025.11.25-20.31.31:618][283]LogPlayLevel: Display: Destroying online subsystem :Context_55
[2025.11.25-20.31.46:479][163]Cmd: OBJ SAVEPACKAGE PACKAGE="/Game/Player/Blueprints/Player_BP" FILE="E:/Unreal/Fumec_DevGames/Content/Player/Blueprints/Player_BP.uasset" SILENT=true
[2025.11.25-20.31.46:585][163]LogSavePackage: Moving 'E:/Unreal/Fumec_DevGames/Saved/Player_BPE9B7F41244427A327EAB02816EFD1A10.tmp' to 'E:/Unreal/Fumec_DevGames/Content/Player/Blueprints/Player_BP.uasset'
[2025.11.25-20.31.46:604][163]AssetCheck: New page: Asset Save: Player_BP
[2025.11.25-20.31.46:604][163]LogContentValidation: Display: Validating Blueprint /Game/Player/Blueprints/Player_BP.Player_BP
[2025.11.25-20.31.47:553][220]BlueprintLog: New page: Compile Player_BP
[2025.11.25-20.31.47:639][220]LogUObjectHash: Compacting FUObjectHashTables data took   2.75ms
[2025.11.25-20.31.48:752][277]LogTemp: Repeating last play command: Selected Viewport
[2025.11.25-20.31.48:760][277]LogPlayLevel: PlayLevel: No blueprints needed recompiling
[2025.11.25-20.31.48:760][277]PIE: New page: PIE session: NewMap (Nov 25, 2025, 2:31:48 PM)
[2025.11.25-20.31.48:760][277]LogPlayLevel: Creating play world package: /Game/Mapas/Fases/UEDPIE_0_NewMap
[2025.11.25-20.31.48:785][277]LogPlayLevel: PIE: StaticDuplicateObject took: (0.025587s)
[2025.11.25-20.31.48:786][277]LogAIModule: Creating AISystem for world NewMap
[2025.11.25-20.31.48:786][277]LogPlayLevel: PIE: World Init took: (0.001173s)
[2025.11.25-20.31.48:786][277]LogPlayLevel: PIE: Created PIE world by copying editor world from /Game/Mapas/Fases/NewMap.NewMap to /Game/Mapas/Fases/UEDPIE_0_NewMap.NewMap (0.026908s)
[2025.11.25-20.31.48:820][277]LogUObjectHash: Compacting FUObjectHashTables data took   2.83ms
[2025.11.25-20.31.48:820][277]LogAudio: Display: Creating Audio Device:                 Id: 51, Scope: Unique, Realtime: True
[2025.11.25-20.31.48:820][277]LogAudioMixer: Display: Audio Mixer Platform Settings:
[2025.11.25-20.31.48:820][277]LogAudioMixer: Display: 	Sample Rate:						  48000
[2025.11.25-20.31.48:820][277]LogAudioMixer: Display: 	Callback Buffer Frame Size Requested: 1024
[2025.11.25-20.31.48:820][277]LogAudioMixer: Display: 	Callback Buffer Frame Size To Use:	  1024
[2025.11.25-20.31.48:820][277]LogAudioMixer: Display: 	Number of buffers to queue:			  2
[2025.11.25-20.31.48:820][277]LogAudioMixer: Display: 	Max Channels (voices):				  32
[2025.11.25-20.31.48:820][277]LogAudioMixer: Display: 	Number of Async Source Workers:		  0
[2025.11.25-20.31.48:820][277]LogAudio: Display: AudioDevice MaxSources: 32
[2025.11.25-20.31.48:821][277]LogAudio: Display: Audio Spatialization Plugin: None (built-in).
[2025.11.25-20.31.48:821][277]LogAudio: Display: Audio Reverb Plugin: None (built-in).
[2025.11.25-20.31.48:821][277]LogAudio: Display: Audio Occlusion Plugin: None (built-in).
[2025.11.25-20.31.48:821][277]LogAudioMixer: Display: Initializing audio mixer.
[2025.11.25-20.31.48:826][277]LogAudioMixer: Display: 0: FrontLeft
[2025.11.25-20.31.48:826][277]LogAudioMixer: Display: 1: FrontRight
[2025.11.25-20.31.48:833][277]LogAudioMixer: Display: Using Audio Device Alto-falantes (Realtek(R) Audio)
[2025.11.25-20.31.48:833][277]LogAudioMixer: Display: Initializing Sound Submixes...
[2025.11.25-20.31.48:833][277]LogAudioMixer: Display: Creating Master Submix 'MasterSubmixDefault'
[2025.11.25-20.31.48:833][277]LogAudioMixer: Display: Creating Master Submix 'MasterReverbSubmixDefault'
[2025.11.25-20.31.48:834][277]LogAudioMixer: Display: Creating Master Submix 'MasterEQSubmixDefault'
[2025.11.25-20.31.48:834][277]LogAudioMixer: FMixerPlatformXAudio2::StartAudioStream() called
[2025.11.25-20.31.48:834][277]LogAudioMixer: Display: Output buffers initialized: Frames=1024, Channels=2, Samples=2048
[2025.11.25-20.31.48:835][277]LogAudioMixer: Display: Starting AudioMixerPlatformInterface::RunInternal()
[2025.11.25-20.31.48:835][277]LogAudioMixer: Display: FMixerPlatformXAudio2::SubmitBuffer() called for the first time
[2025.11.25-20.31.48:835][277]LogInit: FAudioDevice initialized.
[2025.11.25-20.31.48:835][277]LogAudio: Display: Audio Device (ID: 51) registered with world 'NewMap'.
[2025.11.25-20.31.48:887][277]LogSlate: Updating window title bar state: overlay mode, drag disabled, window buttons hidden, title bar hidden
[2025.11.25-20.31.48:887][277]LogLoad: Game class is 'GameModeRL_C'
[2025.11.25-20.31.48:889][277]LogWorld: Bringing World /Game/Mapas/Fases/UEDPIE_0_NewMap.NewMap up for play (max tick rate 60) at 2025.11.25-17.31.48
[2025.11.25-20.31.48:890][277]LogWorld: Bringing up level for play took: 0.002581
[2025.11.25-20.31.48:890][277]LogOnline: OSS: Creating online subsystem instance for: :Context_56
[2025.11.25-20.31.48:899][277]PIE: Server logged in
[2025.11.25-20.31.48:903][277]PIE: Play in editor total start time 0.144 seconds.
[2025.11.25-20.32.01:634][ 36]LogSlate: Updating window title bar state: overlay mode, drag disabled, window buttons hidden, title bar hidden
[2025.11.25-20.32.01:634][ 36]LogWorld: BeginTearingDown for /Game/Mapas/Fases/UEDPIE_0_NewMap
[2025.11.25-20.32.01:635][ 36]LogSlate: Window 'ColunaDoendoSamurai Preview [NetMode: Standalone]  (64-bit/Windows) ' being destroyed
[2025.11.25-20.32.01:641][ 36]LogWorld: UWorld::CleanupWorld for NewMap, bSessionEnded=true, bCleanupResources=true
[2025.11.25-20.32.01:641][ 36]LogSlate: InvalidateAllWidgets triggered.  All widgets were invalidated
[2025.11.25-20.32.01:652][ 36]LogPlayLevel: Display: Shutting down PIE online subsystems
[2025.11.25-20.32.01:656][ 36]LogSlate: InvalidateAllWidgets triggered.  All widgets were invalidated
[2025.11.25-20.32.01:685][ 36]LogAudio: Display: Audio Device unregistered from world 'None'.
[2025.11.25-20.32.01:685][ 36]LogAudioMixer: FMixerPlatformXAudio2::StopAudioStream() called
[2025.11.25-20.32.01:686][ 36]LogAudioMixer: FMixerPlatformXAudio2::StopAudioStream() called
[2025.11.25-20.32.01:691][ 36]LogUObjectHash: Compacting FUObjectHashTables data took   2.00ms
[2025.11.25-20.32.01:709][ 37]LogPlayLevel: Display: Destroying online subsystem :Context_56
[2025.11.25-20.32.09:601][499]Cmd: OBJ SAVEPACKAGE PACKAGE="/Game/Player/Blueprints/Player_BP" FILE="E:/Unreal/Fumec_DevGames/Content/Player/Blueprints/Player_BP.uasset" SILENT=true
[2025.11.25-20.32.09:712][499]LogSavePackage: Moving 'E:/Unreal/Fumec_DevGames/Saved/Player_BP09E0E7B84BF3D9FE281F4FAD9792F3D7.tmp' to 'E:/Unreal/Fumec_DevGames/Content/Player/Blueprints/Player_BP.uasset'
[2025.11.25-20.32.09:735][499]AssetCheck: New page: Asset Save: Player_BP
[2025.11.25-20.32.09:735][499]LogContentValidation: Display: Validating Blueprint /Game/Player/Blueprints/Player_BP.Player_BP
[2025.11.25-20.32.11:728][607]LogTemp: Repeating last play command: Selected Viewport
[2025.11.25-20.32.11:734][607]BlueprintLog: New page: Pre-Play auto-recompile
[2025.11.25-20.32.11:737][607]LogPlayLevel: [PlayLevel] Compiling Player_BP before play...
[2025.11.25-20.32.11:855][607]LogUObjectHash: Compacting FUObjectHashTables data took   2.67ms
[2025.11.25-20.32.11:855][607]LogPlayLevel: PlayLevel: Blueprint regeneration took 120 ms (1 blueprints)
[2025.11.25-20.32.11:855][607]PIE: New page: PIE session: NewMap (Nov 25, 2025, 2:32:11 PM)
[2025.11.25-20.32.11:855][607]LogPlayLevel: Creating play world package: /Game/Mapas/Fases/UEDPIE_0_NewMap
[2025.11.25-20.32.11:876][607]LogPlayLevel: PIE: StaticDuplicateObject took: (0.021272s)
[2025.11.25-20.32.11:878][607]LogAIModule: Creating AISystem for world NewMap
[2025.11.25-20.32.11:879][607]LogPlayLevel: PIE: World Init took: (0.001222s)
[2025.11.25-20.32.11:879][607]LogPlayLevel: PIE: Created PIE world by copying editor world from /Game/Mapas/Fases/NewMap.NewMap to /Game/Mapas/Fases/UEDPIE_0_NewMap.NewMap (0.022655s)
[2025.11.25-20.32.11:909][607]LogUObjectHash: Compacting FUObjectHashTables data took   2.16ms
[2025.11.25-20.32.11:909][607]LogAudio: Display: Creating Audio Device:                 Id: 52, Scope: Unique, Realtime: True
[2025.11.25-20.32.11:909][607]LogAudioMixer: Display: Audio Mixer Platform Settings:
[2025.11.25-20.32.11:909][607]LogAudioMixer: Display: 	Sample Rate:						  48000
[2025.11.25-20.32.11:909][607]LogAudioMixer: Display: 	Callback Buffer Frame Size Requested: 1024
[2025.11.25-20.32.11:909][607]LogAudioMixer: Display: 	Callback Buffer Frame Size To Use:	  1024
[2025.11.25-20.32.11:909][607]LogAudioMixer: Display: 	Number of buffers to queue:			  2
[2025.11.25-20.32.11:909][607]LogAudioMixer: Display: 	Max Channels (voices):				  32
[2025.11.25-20.32.11:909][607]LogAudioMixer: Display: 	Number of Async Source Workers:		  0
[2025.11.25-20.32.11:910][607]LogAudio: Display: AudioDevice MaxSources: 32
[2025.11.25-20.32.11:910][607]LogAudio: Display: Audio Spatialization Plugin: None (built-in).
[2025.11.25-20.32.11:910][607]LogAudio: Display: Audio Reverb Plugin: None (built-in).
[2025.11.25-20.32.11:910][607]LogAudio: Display: Audio Occlusion Plugin: None (built-in).
[2025.11.25-20.32.11:910][607]LogAudioMixer: Display: Initializing audio mixer.
[2025.11.25-20.32.11:916][607]LogAudioMixer: Display: 0: FrontLeft
[2025.11.25-20.32.11:916][607]LogAudioMixer: Display: 1: FrontRight
[2025.11.25-20.32.11:923][607]LogAudioMixer: Display: Using Audio Device Alto-falantes (Realtek(R) Audio)
[2025.11.25-20.32.11:924][607]LogAudioMixer: Display: Initializing Sound Submixes...
[2025.11.25-20.32.11:924][607]LogAudioMixer: Display: Creating Master Submix 'MasterSubmixDefault'
[2025.11.25-20.32.11:924][607]LogAudioMixer: Display: Creating Master Submix 'MasterReverbSubmixDefault'
[2025.11.25-20.32.11:924][607]LogAudioMixer: Display: Creating Master Submix 'MasterEQSubmixDefault'
[2025.11.25-20.32.11:924][607]LogAudioMixer: FMixerPlatformXAudio2::StartAudioStream() called
[2025.11.25-20.32.11:924][607]LogAudioMixer: Display: Output buffers initialized: Frames=1024, Channels=2, Samples=2048
[2025.11.25-20.32.11:926][607]LogAudioMixer: Display: Starting AudioMixerPlatformInterface::RunInternal()
[2025.11.25-20.32.11:926][607]LogAudioMixer: Display: FMixerPlatformXAudio2::SubmitBuffer() called for the first time
[2025.11.25-20.32.11:926][607]LogInit: FAudioDevice initialized.
[2025.11.25-20.32.11:926][607]LogAudio: Display: Audio Device (ID: 52) registered with world 'NewMap'.
[2025.11.25-20.32.11:979][607]LogSlate: Updating window title bar state: overlay mode, drag disabled, window buttons hidden, title bar hidden
[2025.11.25-20.32.11:980][607]LogLoad: Game class is 'GameModeRL_C'
[2025.11.25-20.32.11:981][607]LogWorld: Bringing World /Game/Mapas/Fases/UEDPIE_0_NewMap.NewMap up for play (max tick rate 60) at 2025.11.25-17.32.11
[2025.11.25-20.32.11:982][607]LogWorld: Bringing up level for play took: 0.001842
[2025.11.25-20.32.11:982][607]LogOnline: OSS: Creating online subsystem instance for: :Context_57
[2025.11.25-20.32.11:988][607]PIE: Server logged in
[2025.11.25-20.32.11:990][607]PIE: Play in editor total start time 0.256 seconds.
[2025.11.25-20.32.12:141][608]LogRenderer: Reallocating scene render targets to support 1252x784 Format 10 NumSamples 1 (Frame:1).
[2025.11.25-20.32.19:974][ 66]LogSlate: Updating window title bar state: overlay mode, drag disabled, window buttons hidden, title bar hidden
[2025.11.25-20.32.19:974][ 66]LogWorld: BeginTearingDown for /Game/Mapas/Fases/UEDPIE_0_NewMap
[2025.11.25-20.32.19:974][ 66]LogSlate: Window 'ColunaDoendoSamurai Preview [NetMode: Standalone]  (64-bit/Windows) ' being destroyed
[2025.11.25-20.32.19:980][ 66]LogWorld: UWorld::CleanupWorld for NewMap, bSessionEnded=true, bCleanupResources=true
[2025.11.25-20.32.19:981][ 66]LogSlate: InvalidateAllWidgets triggered.  All widgets were invalidated
[2025.11.25-20.32.19:993][ 66]LogPlayLevel: Display: Shutting down PIE online subsystems
[2025.11.25-20.32.19:997][ 66]LogSlate: InvalidateAllWidgets triggered.  All widgets were invalidated
[2025.11.25-20.32.20:024][ 66]LogAudioMixer: FMixerPlatformXAudio2::StopAudioStream() called
[2025.11.25-20.32.20:026][ 66]LogAudioMixer: FMixerPlatformXAudio2::StopAudioStream() called
[2025.11.25-20.32.20:033][ 66]LogUObjectHash: Compacting FUObjectHashTables data took   2.75ms
[2025.11.25-20.32.20:049][ 67]LogPlayLevel: Display: Destroying online subsystem :Context_57
[2025.11.25-20.32.33:785][869]BlueprintLog: New page: Compile Player_BP
[2025.11.25-20.32.33:880][869]LogUObjectHash: Compacting FUObjectHashTables data took   2.38ms
[2025.11.25-20.32.33:943][869]Cmd: OBJ SAVEPACKAGE PACKAGE="/Game/Player/Blueprints/Player_BP" FILE="E:/Unreal/Fumec_DevGames/Content/Player/Blueprints/Player_BP.uasset" SILENT=true
[2025.11.25-20.32.34:045][869]LogSavePackage: Moving 'E:/Unreal/Fumec_DevGames/Saved/Player_BPDBA7C40B4A90393516ED66B665837212.tmp' to 'E:/Unreal/Fumec_DevGames/Content/Player/Blueprints/Player_BP.uasset'
[2025.11.25-20.32.34:068][869]AssetCheck: New page: Asset Save: Player_BP
[2025.11.25-20.32.34:068][869]LogContentValidation: Display: Validating Blueprint /Game/Player/Blueprints/Player_BP.Player_BP
[2025.11.25-20.32.34:584][893]LogTemp: Repeating last play command: Selected Viewport
[2025.11.25-20.32.34:594][893]LogPlayLevel: PlayLevel: No blueprints needed recompiling
[2025.11.25-20.32.34:594][893]PIE: New page: PIE session: NewMap (Nov 25, 2025, 2:32:34 PM)
[2025.11.25-20.32.34:594][893]LogPlayLevel: Creating play world package: /Game/Mapas/Fases/UEDPIE_0_NewMap
[2025.11.25-20.32.34:616][893]LogPlayLevel: PIE: StaticDuplicateObject took: (0.022724s)
[2025.11.25-20.32.34:618][893]LogAIModule: Creating AISystem for world NewMap
[2025.11.25-20.32.34:618][893]LogPlayLevel: PIE: World Init took: (0.001158s)
[2025.11.25-20.32.34:618][893]LogPlayLevel: PIE: Created PIE world by copying editor world from /Game/Mapas/Fases/NewMap.NewMap to /Game/Mapas/Fases/UEDPIE_0_NewMap.NewMap (0.024048s)
[2025.11.25-20.32.34:650][893]LogUObjectHash: Compacting FUObjectHashTables data took   3.12ms
[2025.11.25-20.32.34:650][893]LogAudio: Display: Creating Audio Device:                 Id: 53, Scope: Unique, Realtime: True
[2025.11.25-20.32.34:651][893]LogAudioMixer: Display: Audio Mixer Platform Settings:
[2025.11.25-20.32.34:651][893]LogAudioMixer: Display: 	Sample Rate:						  48000
[2025.11.25-20.32.34:651][893]LogAudioMixer: Display: 	Callback Buffer Frame Size Requested: 1024
[2025.11.25-20.32.34:651][893]LogAudioMixer: Display: 	Callback Buffer Frame Size To Use:	  1024
[2025.11.25-20.32.34:651][893]LogAudioMixer: Display: 	Number of buffers to queue:			  2
[2025.11.25-20.32.34:651][893]LogAudioMixer: Display: 	Max Channels (voices):				  32
[2025.11.25-20.32.34:651][893]LogAudioMixer: Display: 	Number of Async Source Workers:		  0
[2025.11.25-20.32.34:651][893]LogAudio: Display: AudioDevice MaxSources: 32
[2025.11.25-20.32.34:651][893]LogAudio: Display: Audio Spatialization Plugin: None (built-in).
[2025.11.25-20.32.34:651][893]LogAudio: Display: Audio Reverb Plugin: None (built-in).
[2025.11.25-20.32.34:651][893]LogAudio: Display: Audio Occlusion Plugin: None (built-in).
[2025.11.25-20.32.34:651][893]LogAudioMixer: Display: Initializing audio mixer.
[2025.11.25-20.32.34:658][893]LogAudioMixer: Display: 0: FrontLeft
[2025.11.25-20.32.34:658][893]LogAudioMixer: Display: 1: FrontRight
[2025.11.25-20.32.34:664][893]LogAudioMixer: Display: Using Audio Device Alto-falantes (Realtek(R) Audio)
[2025.11.25-20.32.34:664][893]LogAudioMixer: Display: Initializing Sound Submixes...
[2025.11.25-20.32.34:664][893]LogAudioMixer: Display: Creating Master Submix 'MasterSubmixDefault'
[2025.11.25-20.32.34:666][893]LogAudioMixer: Display: Creating Master Submix 'MasterReverbSubmixDefault'
[2025.11.25-20.32.34:666][893]LogAudioMixer: Display: Creating Master Submix 'MasterEQSubmixDefault'
[2025.11.25-20.32.34:666][893]LogAudioMixer: FMixerPlatformXAudio2::StartAudioStream() called
[2025.11.25-20.32.34:666][893]LogAudioMixer: Display: Output buffers initialized: Frames=1024, Channels=2, Samples=2048
[2025.11.25-20.32.34:667][893]LogAudioMixer: Display: Starting AudioMixerPlatformInterface::RunInternal()
[2025.11.25-20.32.34:668][893]LogAudioMixer: Display: FMixerPlatformXAudio2::SubmitBuffer() called for the first time
[2025.11.25-20.32.34:668][893]LogInit: FAudioDevice initialized.
[2025.11.25-20.32.34:668][893]LogAudio: Display: Audio Device (ID: 53) registered with world 'NewMap'.
[2025.11.25-20.32.34:704][893]LogSlate: Updating window title bar state: overlay mode, drag disabled, window buttons hidden, title bar hidden
[2025.11.25-20.32.34:704][893]LogLoad: Game class is 'GameModeRL_C'
[2025.11.25-20.32.34:706][893]LogWorld: Bringing World /Game/Mapas/Fases/UEDPIE_0_NewMap.NewMap up for play (max tick rate 60) at 2025.11.25-17.32.34
[2025.11.25-20.32.34:707][893]LogWorld: Bringing up level for play took: 0.002291
[2025.11.25-20.32.34:707][893]LogOnline: OSS: Creating online subsystem instance for: :Context_58
[2025.11.25-20.32.34:716][893]PIE: Server logged in
[2025.11.25-20.32.34:720][893]PIE: Play in editor total start time 0.127 seconds.
[2025.11.25-20.32.46:684][602]LogSlate: Updating window title bar state: overlay mode, drag disabled, window buttons hidden, title bar hidden
[2025.11.25-20.32.46:684][602]LogWorld: BeginTearingDown for /Game/Mapas/Fases/UEDPIE_0_NewMap
[2025.11.25-20.32.46:685][602]LogSlate: Window 'ColunaDoendoSamurai Preview [NetMode: Standalone]  (64-bit/Windows) ' being destroyed
[2025.11.25-20.32.46:691][602]LogWorld: UWorld::CleanupWorld for NewMap, bSessionEnded=true, bCleanupResources=true
[2025.11.25-20.32.46:691][602]LogSlate: InvalidateAllWidgets triggered.  All widgets were invalidated
[2025.11.25-20.32.46:698][602]LogPlayLevel: Display: Shutting down PIE online subsystems
[2025.11.25-20.32.46:703][602]LogSlate: InvalidateAllWidgets triggered.  All widgets were invalidated
[2025.11.25-20.32.46:731][602]LogAudio: Display: Audio Device unregistered from world 'None'.
[2025.11.25-20.32.46:732][602]LogAudioMixer: FMixerPlatformXAudio2::StopAudioStream() called
[2025.11.25-20.32.46:734][602]LogAudioMixer: FMixerPlatformXAudio2::StopAudioStream() called
[2025.11.25-20.32.46:740][602]LogUObjectHash: Compacting FUObjectHashTables data took   2.44ms
[2025.11.25-20.32.46:758][603]LogPlayLevel: Display: Destroying online subsystem :Context_58
[2025.11.25-20.32.58:019][267]Cmd: OBJ SAVEPACKAGE PACKAGE="/Game/Player/Blueprints/Player_BP" FILE="E:/Unreal/Fumec_DevGames/Content/Player/Blueprints/Player_BP.uasset" SILENT=true
[2025.11.25-20.32.58:123][267]LogSavePackage: Moving 'E:/Unreal/Fumec_DevGames/Saved/Player_BP7F780152478373CFAD295CA0781AAEBA.tmp' to 'E:/Unreal/Fumec_DevGames/Content/Player/Blueprints/Player_BP.uasset'
[2025.11.25-20.32.58:143][267]AssetCheck: New page: Asset Save: Player_BP
[2025.11.25-20.32.58:143][267]LogContentValidation: Display: Validating Blueprint /Game/Player/Blueprints/Player_BP.Player_BP
[2025.11.25-20.32.58:878][311]LogTemp: Repeating last play command: Selected Viewport
[2025.11.25-20.32.58:886][311]BlueprintLog: New page: Pre-Play auto-recompile
[2025.11.25-20.32.58:889][311]LogPlayLevel: [PlayLevel] Compiling Player_BP before play...
[2025.11.25-20.32.59:007][311]LogUObjectHash: Compacting FUObjectHashTables data took   3.70ms
[2025.11.25-20.32.59:008][311]LogPlayLevel: PlayLevel: Blueprint regeneration took 121 ms (1 blueprints)
[2025.11.25-20.32.59:008][311]PIE: New page: PIE session: NewMap (Nov 25, 2025, 2:32:59 PM)
[2025.11.25-20.32.59:008][311]LogPlayLevel: Creating play world package: /Game/Mapas/Fases/UEDPIE_0_NewMap
[2025.11.25-20.32.59:029][311]LogPlayLevel: PIE: StaticDuplicateObject took: (0.021252s)
[2025.11.25-20.32.59:031][311]LogAIModule: Creating AISystem for world NewMap
[2025.11.25-20.32.59:031][311]LogPlayLevel: PIE: World Init took: (0.001162s)
[2025.11.25-20.32.59:031][311]LogPlayLevel: PIE: Created PIE world by copying editor world from /Game/Mapas/Fases/NewMap.NewMap to /Game/Mapas/Fases/UEDPIE_0_NewMap.NewMap (0.022563s)
[2025.11.25-20.32.59:062][311]LogUObjectHash: Compacting FUObjectHashTables data took   2.17ms
[2025.11.25-20.32.59:063][311]LogAudio: Display: Creating Audio Device:                 Id: 54, Scope: Unique, Realtime: True
[2025.11.25-20.32.59:063][311]LogAudioMixer: Display: Audio Mixer Platform Settings:
[2025.11.25-20.32.59:063][311]LogAudioMixer: Display: 	Sample Rate:						  48000
[2025.11.25-20.32.59:063][311]LogAudioMixer: Display: 	Callback Buffer Frame Size Requested: 1024
[2025.11.25-20.32.59:063][311]LogAudioMixer: Display: 	Callback Buffer Frame Size To Use:	  1024
[2025.11.25-20.32.59:063][311]LogAudioMixer: Display: 	Number of buffers to queue:			  2
[2025.11.25-20.32.59:063][311]LogAudioMixer: Display: 	Max Channels (voices):				  32
[2025.11.25-20.32.59:063][311]LogAudioMixer: Display: 	Number of Async Source Workers:		  0
[2025.11.25-20.32.59:063][311]LogAudio: Display: AudioDevice MaxSources: 32
[2025.11.25-20.32.59:063][311]LogAudio: Display: Audio Spatialization Plugin: None (built-in).
[2025.11.25-20.32.59:063][311]LogAudio: Display: Audio Reverb Plugin: None (built-in).
[2025.11.25-20.32.59:063][311]LogAudio: Display: Audio Occlusion Plugin: None (built-in).
[2025.11.25-20.32.59:063][311]LogAudioMixer: Display: Initializing audio mixer.
[2025.11.25-20.32.59:070][311]LogAudioMixer: Display: 0: FrontLeft
[2025.11.25-20.32.59:070][311]LogAudioMixer: Display: 1: FrontRight
[2025.11.25-20.32.59:077][311]LogAudioMixer: Display: Using Audio Device Alto-falantes (Realtek(R) Audio)
[2025.11.25-20.32.59:077][311]LogAudioMixer: Display: Initializing Sound Submixes...
[2025.11.25-20.32.59:077][311]LogAudioMixer: Display: Creating Master Submix 'MasterSubmixDefault'
[2025.11.25-20.32.59:077][311]LogAudioMixer: Display: Creating Master Submix 'MasterReverbSubmixDefault'
[2025.11.25-20.32.59:078][311]LogAudioMixer: Display: Creating Master Submix 'MasterEQSubmixDefault'
[2025.11.25-20.32.59:078][311]LogAudioMixer: FMixerPlatformXAudio2::StartAudioStream() called
[2025.11.25-20.32.59:078][311]LogAudioMixer: Display: Output buffers initialized: Frames=1024, Channels=2, Samples=2048
[2025.11.25-20.32.59:079][311]LogAudioMixer: Display: Starting AudioMixerPlatformInterface::RunInternal()
[2025.11.25-20.32.59:079][311]LogAudioMixer: Display: FMixerPlatformXAudio2::SubmitBuffer() called for the first time
[2025.11.25-20.32.59:079][311]LogInit: FAudioDevice initialized.
[2025.11.25-20.32.59:079][311]LogAudio: Display: Audio Device (ID: 54) registered with world 'NewMap'.
[2025.11.25-20.32.59:113][311]LogSlate: Updating window title bar state: overlay mode, drag disabled, window buttons hidden, title bar hidden
[2025.11.25-20.32.59:113][311]LogLoad: Game class is 'GameModeRL_C'
[2025.11.25-20.32.59:116][311]LogWorld: Bringing World /Game/Mapas/Fases/UEDPIE_0_NewMap.NewMap up for play (max tick rate 60) at 2025.11.25-17.32.59
[2025.11.25-20.32.59:117][311]LogWorld: Bringing up level for play took: 0.002162
[2025.11.25-20.32.59:117][311]LogOnline: OSS: Creating online subsystem instance for: :Context_59
[2025.11.25-20.32.59:123][311]PIE: Server logged in
[2025.11.25-20.32.59:124][311]PIE: Play in editor total start time 0.24 seconds.
[2025.11.25-20.32.59:301][313]LogRenderer: Reallocating scene render targets to support 1256x784 Format 10 NumSamples 1 (Frame:1).
[2025.11.25-20.33.21:844][660]LogSlate: Updating window title bar state: overlay mode, drag disabled, window buttons hidden, title bar hidden
[2025.11.25-20.33.21:844][660]LogWorld: BeginTearingDown for /Game/Mapas/Fases/UEDPIE_0_NewMap
[2025.11.25-20.33.21:845][660]LogSlate: Window 'ColunaDoendoSamurai Preview [NetMode: Standalone]  (64-bit/Windows) ' being destroyed
[2025.11.25-20.33.21:851][660]LogWorld: UWorld::CleanupWorld for NewMap, bSessionEnded=true, bCleanupResources=true
[2025.11.25-20.33.21:851][660]LogSlate: InvalidateAllWidgets triggered.  All widgets were invalidated
[2025.11.25-20.33.21:863][660]LogPlayLevel: Display: Shutting down PIE online subsystems
[2025.11.25-20.33.21:867][660]LogSlate: InvalidateAllWidgets triggered.  All widgets were invalidated
[2025.11.25-20.33.21:896][660]LogAudioMixer: FMixerPlatformXAudio2::StopAudioStream() called
[2025.11.25-20.33.21:897][660]LogAudioMixer: FMixerPlatformXAudio2::StopAudioStream() called
[2025.11.25-20.33.21:904][660]LogUObjectHash: Compacting FUObjectHashTables data took   3.55ms
[2025.11.25-20.33.21:924][661]LogPlayLevel: Display: Destroying online subsystem :Context_59
[2025.11.25-20.33.28:814][ 70]Cmd: OBJ SAVEPACKAGE PACKAGE="/Game/Mapas/Fases/NewMap" FILE="E:/Unreal/Fumec_DevGames/Content/Mapas/Fases/NewMap.umap" SILENT=true AUTOSAVING=false KEEPDIRTY=false
[2025.11.25-20.33.28:844][ 70]LogUObjectHash: Compacting FUObjectHashTables data took   1.63ms
[2025.11.25-20.33.28:986][ 70]LogSavePackage: Moving 'E:/Unreal/Fumec_DevGames/Saved/NewMap458669E8419C1CAE33B425B2D7094CAB.tmp' to 'E:/Unreal/Fumec_DevGames/Content/Mapas/Fases/NewMap.umap'
[2025.11.25-20.33.29:008][ 70]LogFileHelpers: Saving map 'NewMap' took 0.194
[2025.11.25-20.33.29:021][ 70]AssetCheck: New page: Asset Save: NewMap
[2025.11.25-20.33.29:021][ 70]LogContentValidation: Display: Validating World /Game/Mapas/Fases/NewMap.NewMap
[2025.11.25-20.33.30:076][130]BlueprintLog: New page: Compile NewMap
[2025.11.25-20.33.30:127][130]LogUObjectHash: Compacting FUObjectHashTables data took   2.42ms
[2025.11.25-20.33.30:164][130]Cmd: OBJ SAVEPACKAGE PACKAGE="/Game/Mapas/Fases/NewMap" FILE="E:/Unreal/Fumec_DevGames/Content/Mapas/Fases/NewMap.umap" SILENT=true AUTOSAVING=false KEEPDIRTY=false
[2025.11.25-20.33.30:192][130]LogUObjectHash: Compacting FUObjectHashTables data took   0.64ms
[2025.11.25-20.33.30:333][130]LogSavePackage: Moving 'E:/Unreal/Fumec_DevGames/Saved/NewMapCF2E279A4A97C97B6350B48C7875EF84.tmp' to 'E:/Unreal/Fumec_DevGames/Content/Mapas/Fases/NewMap.umap'
[2025.11.25-20.33.30:355][130]LogFileHelpers: Saving map 'NewMap' took 0.192
[2025.11.25-20.33.30:369][130]AssetCheck: New page: Asset Save: NewMap
[2025.11.25-20.33.30:369][130]LogContentValidation: Display: Validating World /Game/Mapas/Fases/NewMap.NewMap
[2025.11.25-20.33.30:857][159]LogTemp: Repeating last play command: Selected Viewport
[2025.11.25-20.33.30:865][159]LogPlayLevel: PlayLevel: No blueprints needed recompiling
[2025.11.25-20.33.30:865][159]PIE: New page: PIE session: NewMap (Nov 25, 2025, 2:33:30 PM)
[2025.11.25-20.33.30:865][159]LogPlayLevel: Creating play world package: /Game/Mapas/Fases/UEDPIE_0_NewMap
[2025.11.25-20.33.30:888][159]LogPlayLevel: PIE: StaticDuplicateObject took: (0.023139s)
[2025.11.25-20.33.30:889][159]LogAIModule: Creating AISystem for world NewMap
[2025.11.25-20.33.30:889][159]LogPlayLevel: PIE: World Init took: (0.001213s)
[2025.11.25-20.33.30:889][159]LogPlayLevel: PIE: Created PIE world by copying editor world from /Game/Mapas/Fases/NewMap.NewMap to /Game/Mapas/Fases/UEDPIE_0_NewMap.NewMap (0.024514s)
[2025.11.25-20.33.30:921][159]LogUObjectHash: Compacting FUObjectHashTables data took   2.51ms
[2025.11.25-20.33.30:921][159]LogAudio: Display: Creating Audio Device:                 Id: 55, Scope: Unique, Realtime: True
[2025.11.25-20.33.30:921][159]LogAudioMixer: Display: Audio Mixer Platform Settings:
[2025.11.25-20.33.30:921][159]LogAudioMixer: Display: 	Sample Rate:						  48000
[2025.11.25-20.33.30:921][159]LogAudioMixer: Display: 	Callback Buffer Frame Size Requested: 1024
[2025.11.25-20.33.30:921][159]LogAudioMixer: Display: 	Callback Buffer Frame Size To Use:	  1024
[2025.11.25-20.33.30:921][159]LogAudioMixer: Display: 	Number of buffers to queue:			  2
[2025.11.25-20.33.30:921][159]LogAudioMixer: Display: 	Max Channels (voices):				  32
[2025.11.25-20.33.30:921][159]LogAudioMixer: Display: 	Number of Async Source Workers:		  0
[2025.11.25-20.33.30:921][159]LogAudio: Display: AudioDevice MaxSources: 32
[2025.11.25-20.33.30:922][159]LogAudio: Display: Audio Spatialization Plugin: None (built-in).
[2025.11.25-20.33.30:922][159]LogAudio: Display: Audio Reverb Plugin: None (built-in).
[2025.11.25-20.33.30:922][159]LogAudio: Display: Audio Occlusion Plugin: None (built-in).
[2025.11.25-20.33.30:922][159]LogAudioMixer: Display: Initializing audio mixer.
[2025.11.25-20.33.30:928][159]LogAudioMixer: Display: 0: FrontLeft
[2025.11.25-20.33.30:928][159]LogAudioMixer: Display: 1: FrontRight
[2025.11.25-20.33.30:935][159]LogAudioMixer: Display: Using Audio Device Alto-falantes (Realtek(R) Audio)
[2025.11.25-20.33.30:935][159]LogAudioMixer: Display: Initializing Sound Submixes...
[2025.11.25-20.33.30:935][159]LogAudioMixer: Display: Creating Master Submix 'MasterSubmixDefault'
[2025.11.25-20.33.30:935][159]LogAudioMixer: Display: Creating Master Submix 'MasterReverbSubmixDefault'
[2025.11.25-20.33.30:936][159]LogAudioMixer: Display: Creating Master Submix 'MasterEQSubmixDefault'
[2025.11.25-20.33.30:936][159]LogAudioMixer: FMixerPlatformXAudio2::StartAudioStream() called
[2025.11.25-20.33.30:936][159]LogAudioMixer: Display: Output buffers initialized: Frames=1024, Channels=2, Samples=2048
[2025.11.25-20.33.30:937][159]LogAudioMixer: Display: Starting AudioMixerPlatformInterface::RunInternal()
[2025.11.25-20.33.30:938][159]LogAudioMixer: Display: FMixerPlatformXAudio2::SubmitBuffer() called for the first time
[2025.11.25-20.33.30:938][159]LogInit: FAudioDevice initialized.
[2025.11.25-20.33.30:938][159]LogAudio: Display: Audio Device (ID: 55) registered with world 'NewMap'.
[2025.11.25-20.33.30:974][159]LogSlate: Updating window title bar state: overlay mode, drag disabled, window buttons hidden, title bar hidden
[2025.11.25-20.33.30:975][159]LogLoad: Game class is 'GameModeRL_C'
[2025.11.25-20.33.30:977][159]LogWorld: Bringing World /Game/Mapas/Fases/UEDPIE_0_NewMap.NewMap up for play (max tick rate 60) at 2025.11.25-17.33.30
[2025.11.25-20.33.30:979][159]LogWorld: Bringing up level for play took: 0.002204
[2025.11.25-20.33.30:979][159]LogOnline: OSS: Creating online subsystem instance for: :Context_60
[2025.11.25-20.33.30:984][159]PIE: Server logged in
[2025.11.25-20.33.30:985][159]PIE: Play in editor total start time 0.122 seconds.
[2025.11.25-20.33.35:274][407]LogSlate: Updating window title bar state: overlay mode, drag disabled, window buttons hidden, title bar hidden
[2025.11.25-20.33.35:274][407]LogWorld: BeginTearingDown for /Game/Mapas/Fases/UEDPIE_0_NewMap
[2025.11.25-20.33.35:274][407]LogSlate: Window 'ColunaDoendoSamurai Preview [NetMode: Standalone]  (64-bit/Windows) ' being destroyed
[2025.11.25-20.33.35:281][407]LogWorld: UWorld::CleanupWorld for NewMap, bSessionEnded=true, bCleanupResources=true
[2025.11.25-20.33.35:281][407]LogSlate: InvalidateAllWidgets triggered.  All widgets were invalidated
[2025.11.25-20.33.35:292][407]LogPlayLevel: Display: Shutting down PIE online subsystems
[2025.11.25-20.33.35:296][407]LogSlate: InvalidateAllWidgets triggered.  All widgets were invalidated
[2025.11.25-20.33.35:325][407]LogAudio: Display: Audio Device unregistered from world 'None'.
[2025.11.25-20.33.35:325][407]LogAudioMixer: FMixerPlatformXAudio2::StopAudioStream() called
[2025.11.25-20.33.35:327][407]LogAudioMixer: FMixerPlatformXAudio2::StopAudioStream() called
[2025.11.25-20.33.35:333][407]LogUObjectHash: Compacting FUObjectHashTables data took   1.97ms
[2025.11.25-20.33.35:347][408]LogPlayLevel: Display: Destroying online subsystem :Context_60
[2025.11.25-20.33.43:303][883]Cmd: OBJ SAVEPACKAGE PACKAGE="/Game/Mapas/Fases/NewMap" FILE="E:/Unreal/Fumec_DevGames/Content/Mapas/Fases/NewMap.umap" SILENT=true AUTOSAVING=false KEEPDIRTY=false
[2025.11.25-20.33.43:334][883]LogUObjectHash: Compacting FUObjectHashTables data took   1.27ms
[2025.11.25-20.33.43:476][883]LogSavePackage: Moving 'E:/Unreal/Fumec_DevGames/Saved/NewMap5AEB30A644D2F012B5CDD9B9283D6647.tmp' to 'E:/Unreal/Fumec_DevGames/Content/Mapas/Fases/NewMap.umap'
[2025.11.25-20.33.43:497][883]LogFileHelpers: Saving map 'NewMap' took 0.194
[2025.11.25-20.33.43:511][883]AssetCheck: New page: Asset Save: NewMap
[2025.11.25-20.33.43:511][883]LogContentValidation: Display: Validating World /Game/Mapas/Fases/NewMap.NewMap
[2025.11.25-20.33.44:426][938]LogTemp: Repeating last play command: Selected Viewport
[2025.11.25-20.33.44:434][938]BlueprintLog: New page: Pre-Play auto-recompile
[2025.11.25-20.33.44:434][938]LogPlayLevel: [PlayLevel] Compiling NewMap before play...
[2025.11.25-20.33.44:486][938]Cmd: OBJ SAVEPACKAGE PACKAGE="/Game/Mapas/Fases/NewMap" FILE="E:/Unreal/Fumec_DevGames/Content/Mapas/Fases/NewMap.umap" SILENT=true AUTOSAVING=false KEEPDIRTY=false
[2025.11.25-20.33.44:517][938]LogUObjectHash: Compacting FUObjectHashTables data took   2.23ms
[2025.11.25-20.33.44:658][938]LogSavePackage: Moving 'E:/Unreal/Fumec_DevGames/Saved/NewMapB99F6C6940AAB3D98E440F94B0D58EBA.tmp' to 'E:/Unreal/Fumec_DevGames/Content/Mapas/Fases/NewMap.umap'
[2025.11.25-20.33.44:679][938]LogFileHelpers: Saving map 'NewMap' took 0.195
[2025.11.25-20.33.44:715][938]LogUObjectHash: Compacting FUObjectHashTables data took   0.57ms
[2025.11.25-20.33.44:715][938]LogPlayLevel: PlayLevel: Blueprint regeneration took 282 ms (1 blueprints)
[2025.11.25-20.33.44:716][938]PIE: New page: PIE session: NewMap (Nov 25, 2025, 2:33:44 PM)
[2025.11.25-20.33.44:716][938]LogPlayLevel: Creating play world package: /Game/Mapas/Fases/UEDPIE_0_NewMap
[2025.11.25-20.33.44:738][938]LogPlayLevel: PIE: StaticDuplicateObject took: (0.021388s)
[2025.11.25-20.33.44:738][938]LogAIModule: Creating AISystem for world NewMap
[2025.11.25-20.33.44:739][938]LogPlayLevel: PIE: World Init took: (0.001212s)
[2025.11.25-20.33.44:739][938]LogPlayLevel: PIE: Created PIE world by copying editor world from /Game/Mapas/Fases/NewMap.NewMap to /Game/Mapas/Fases/UEDPIE_0_NewMap.NewMap (0.022766s)
[2025.11.25-20.33.44:768][938]LogUObjectHash: Compacting FUObjectHashTables data took   2.18ms
[2025.11.25-20.33.44:769][938]LogAudio: Display: Creating Audio Device:                 Id: 56, Scope: Unique, Realtime: True
[2025.11.25-20.33.44:769][938]LogAudioMixer: Display: Audio Mixer Platform Settings:
[2025.11.25-20.33.44:769][938]LogAudioMixer: Display: 	Sample Rate:						  48000
[2025.11.25-20.33.44:769][938]LogAudioMixer: Display: 	Callback Buffer Frame Size Requested: 1024
[2025.11.25-20.33.44:769][938]LogAudioMixer: Display: 	Callback Buffer Frame Size To Use:	  1024
[2025.11.25-20.33.44:769][938]LogAudioMixer: Display: 	Number of buffers to queue:			  2
[2025.11.25-20.33.44:769][938]LogAudioMixer: Display: 	Max Channels (voices):				  32
[2025.11.25-20.33.44:769][938]LogAudioMixer: Display: 	Number of Async Source Workers:		  0
[2025.11.25-20.33.44:769][938]LogAudio: Display: AudioDevice MaxSources: 32
[2025.11.25-20.33.44:769][938]LogAudio: Display: Audio Spatialization Plugin: None (built-in).
[2025.11.25-20.33.44:769][938]LogAudio: Display: Audio Reverb Plugin: None (built-in).
[2025.11.25-20.33.44:769][938]LogAudio: Display: Audio Occlusion Plugin: None (built-in).
[2025.11.25-20.33.44:769][938]LogAudioMixer: Display: Initializing audio mixer.
[2025.11.25-20.33.44:776][938]LogAudioMixer: Display: 0: FrontLeft
[2025.11.25-20.33.44:776][938]LogAudioMixer: Display: 1: FrontRight
[2025.11.25-20.33.44:782][938]LogAudioMixer: Display: Using Audio Device Alto-falantes (Realtek(R) Audio)
[2025.11.25-20.33.44:783][938]LogAudioMixer: Display: Initializing Sound Submixes...
[2025.11.25-20.33.44:783][938]LogAudioMixer: Display: Creating Master Submix 'MasterSubmixDefault'
[2025.11.25-20.33.44:783][938]LogAudioMixer: Display: Creating Master Submix 'MasterReverbSubmixDefault'
[2025.11.25-20.33.44:783][938]LogAudioMixer: Display: Creating Master Submix 'MasterEQSubmixDefault'
[2025.11.25-20.33.44:783][938]LogAudioMixer: FMixerPlatformXAudio2::StartAudioStream() called
[2025.11.25-20.33.44:783][938]LogAudioMixer: Display: Output buffers initialized: Frames=1024, Channels=2, Samples=2048
[2025.11.25-20.33.44:785][938]LogAudioMixer: Display: Starting AudioMixerPlatformInterface::RunInternal()
[2025.11.25-20.33.44:785][938]LogAudioMixer: Display: FMixerPlatformXAudio2::SubmitBuffer() called for the first time
[2025.11.25-20.33.44:785][938]LogInit: FAudioDevice initialized.
[2025.11.25-20.33.44:785][938]LogAudio: Display: Audio Device (ID: 56) registered with world 'NewMap'.
[2025.11.25-20.33.44:813][938]LogSlate: Updating window title bar state: overlay mode, drag disabled, window buttons hidden, title bar hidden
[2025.11.25-20.33.44:813][938]LogLoad: Game class is 'GameModeRL_C'
[2025.11.25-20.33.44:816][938]LogWorld: Bringing World /Game/Mapas/Fases/UEDPIE_0_NewMap.NewMap up for play (max tick rate 60) at 2025.11.25-17.33.44
[2025.11.25-20.33.44:817][938]LogWorld: Bringing up level for play took: 0.002533
[2025.11.25-20.33.44:817][938]LogOnline: OSS: Creating online subsystem instance for: :Context_61
[2025.11.25-20.33.44:822][938]PIE: Server logged in
[2025.11.25-20.33.44:824][938]PIE: Play in editor total start time 0.391 seconds.
[2025.11.25-20.33.44:879][939]AssetCheck: New page: Asset Save: NewMap
[2025.11.25-20.33.44:879][939]LogContentValidation: Display: Validating World /Game/Mapas/Fases/NewMap.NewMap
[2025.11.25-20.33.50:054][243]LogSlate: Updating window title bar state: overlay mode, drag disabled, window buttons hidden, title bar hidden
[2025.11.25-20.33.50:054][243]LogWorld: BeginTearingDown for /Game/Mapas/Fases/UEDPIE_0_NewMap
[2025.11.25-20.33.50:055][243]LogSlate: Window 'ColunaDoendoSamurai Preview [NetMode: Standalone]  (64-bit/Windows) ' being destroyed
[2025.11.25-20.33.50:060][243]LogWorld: UWorld::CleanupWorld for NewMap, bSessionEnded=true, bCleanupResources=true
[2025.11.25-20.33.50:060][243]LogSlate: InvalidateAllWidgets triggered.  All widgets were invalidated
[2025.11.25-20.33.50:069][243]LogPlayLevel: Display: Shutting down PIE online subsystems
[2025.11.25-20.33.50:073][243]LogSlate: InvalidateAllWidgets triggered.  All widgets were invalidated
[2025.11.25-20.33.50:102][243]LogAudioMixer: FMixerPlatformXAudio2::StopAudioStream() called
[2025.11.25-20.33.50:103][243]LogAudioMixer: FMixerPlatformXAudio2::StopAudioStream() called
[2025.11.25-20.33.50:109][243]LogUObjectHash: Compacting FUObjectHashTables data took   2.02ms
[2025.11.25-20.33.50:124][244]LogPlayLevel: Display: Destroying online subsystem :Context_61
[2025.11.25-20.33.53:923][470]Cmd: OBJ SAVEPACKAGE PACKAGE="/Game/Mapas/Fases/NewMap" FILE="E:/Unreal/Fumec_DevGames/Content/Mapas/Fases/NewMap.umap" SILENT=true AUTOSAVING=false KEEPDIRTY=false
[2025.11.25-20.33.53:953][470]LogUObjectHash: Compacting FUObjectHashTables data took   2.31ms
[2025.11.25-20.33.54:097][470]LogSavePackage: Moving 'E:/Unreal/Fumec_DevGames/Saved/NewMap4CC6805E46551BFE7109F595F29865D3.tmp' to 'E:/Unreal/Fumec_DevGames/Content/Mapas/Fases/NewMap.umap'
[2025.11.25-20.33.54:119][470]LogFileHelpers: Saving map 'NewMap' took 0.196
[2025.11.25-20.33.54:134][470]AssetCheck: New page: Asset Save: NewMap
[2025.11.25-20.33.54:134][470]LogContentValidation: Display: Validating World /Game/Mapas/Fases/NewMap.NewMap
[2025.11.25-20.33.54:646][501]LogTemp: Repeating last play command: Selected Viewport
[2025.11.25-20.33.54:655][501]BlueprintLog: New page: Pre-Play auto-recompile
[2025.11.25-20.33.54:655][501]LogPlayLevel: [PlayLevel] Compiling NewMap before play...
[2025.11.25-20.33.54:707][501]Cmd: OBJ SAVEPACKAGE PACKAGE="/Game/Mapas/Fases/NewMap" FILE="E:/Unreal/Fumec_DevGames/Content/Mapas/Fases/NewMap.umap" SILENT=true AUTOSAVING=false KEEPDIRTY=false
[2025.11.25-20.33.54:736][501]LogUObjectHash: Compacting FUObjectHashTables data took   2.25ms
[2025.11.25-20.33.54:877][501]LogSavePackage: Moving 'E:/Unreal/Fumec_DevGames/Saved/NewMap42DC756F4C4625D147E552AC69B67D31.tmp' to 'E:/Unreal/Fumec_DevGames/Content/Mapas/Fases/NewMap.umap'
[2025.11.25-20.33.54:897][501]LogFileHelpers: Saving map 'NewMap' took 0.191
[2025.11.25-20.33.54:934][501]LogUObjectHash: Compacting FUObjectHashTables data took   0.57ms
[2025.11.25-20.33.54:934][501]LogPlayLevel: PlayLevel: Blueprint regeneration took 279 ms (1 blueprints)
[2025.11.25-20.33.54:934][501]PIE: New page: PIE session: NewMap (Nov 25, 2025, 2:33:54 PM)
[2025.11.25-20.33.54:934][501]LogPlayLevel: Creating play world package: /Game/Mapas/Fases/UEDPIE_0_NewMap
[2025.11.25-20.33.54:956][501]LogPlayLevel: PIE: StaticDuplicateObject took: (0.021114s)
[2025.11.25-20.33.54:957][501]LogAIModule: Creating AISystem for world NewMap
[2025.11.25-20.33.54:957][501]LogPlayLevel: PIE: World Init took: (0.001140s)
[2025.11.25-20.33.54:957][501]LogPlayLevel: PIE: Created PIE world by copying editor world from /Game/Mapas/Fases/NewMap.NewMap to /Game/Mapas/Fases/UEDPIE_0_NewMap.NewMap (0.022397s)
[2025.11.25-20.33.54:986][501]LogUObjectHash: Compacting FUObjectHashTables data took   2.15ms
[2025.11.25-20.33.54:986][501]LogAudio: Display: Creating Audio Device:                 Id: 57, Scope: Unique, Realtime: True
[2025.11.25-20.33.54:986][501]LogAudioMixer: Display: Audio Mixer Platform Settings:
[2025.11.25-20.33.54:986][501]LogAudioMixer: Display: 	Sample Rate:						  48000
[2025.11.25-20.33.54:986][501]LogAudioMixer: Display: 	Callback Buffer Frame Size Requested: 1024
[2025.11.25-20.33.54:986][501]LogAudioMixer: Display: 	Callback Buffer Frame Size To Use:	  1024
[2025.11.25-20.33.54:986][501]LogAudioMixer: Display: 	Number of buffers to queue:			  2
[2025.11.25-20.33.54:986][501]LogAudioMixer: Display: 	Max Channels (voices):				  32
[2025.11.25-20.33.54:986][501]LogAudioMixer: Display: 	Number of Async Source Workers:		  0
[2025.11.25-20.33.54:986][501]LogAudio: Display: AudioDevice MaxSources: 32
[2025.11.25-20.33.54:987][501]LogAudio: Display: Audio Spatialization Plugin: None (built-in).
[2025.11.25-20.33.54:987][501]LogAudio: Display: Audio Reverb Plugin: None (built-in).
[2025.11.25-20.33.54:987][501]LogAudio: Display: Audio Occlusion Plugin: None (built-in).
[2025.11.25-20.33.54:987][501]LogAudioMixer: Display: Initializing audio mixer.
[2025.11.25-20.33.54:993][501]LogAudioMixer: Display: 0: FrontLeft
[2025.11.25-20.33.54:993][501]LogAudioMixer: Display: 1: FrontRight
[2025.11.25-20.33.55:001][501]LogAudioMixer: Display: Using Audio Device Alto-falantes (Realtek(R) Audio)
[2025.11.25-20.33.55:001][501]LogAudioMixer: Display: Initializing Sound Submixes...
[2025.11.25-20.33.55:001][501]LogAudioMixer: Display: Creating Master Submix 'MasterSubmixDefault'
[2025.11.25-20.33.55:001][501]LogAudioMixer: Display: Creating Master Submix 'MasterReverbSubmixDefault'
[2025.11.25-20.33.55:001][501]LogAudioMixer: Display: Creating Master Submix 'MasterEQSubmixDefault'
[2025.11.25-20.33.55:001][501]LogAudioMixer: FMixerPlatformXAudio2::StartAudioStream() called
[2025.11.25-20.33.55:001][501]LogAudioMixer: Display: Output buffers initialized: Frames=1024, Channels=2, Samples=2048
[2025.11.25-20.33.55:003][501]LogAudioMixer: Display: Starting AudioMixerPlatformInterface::RunInternal()
[2025.11.25-20.33.55:003][501]LogAudioMixer: Display: FMixerPlatformXAudio2::SubmitBuffer() called for the first time
[2025.11.25-20.33.55:003][501]LogInit: FAudioDevice initialized.
[2025.11.25-20.33.55:003][501]LogAudio: Display: Audio Device (ID: 57) registered with world 'NewMap'.
[2025.11.25-20.33.55:050][501]LogSlate: Updating window title bar state: overlay mode, drag disabled, window buttons hidden, title bar hidden
[2025.11.25-20.33.55:050][501]LogLoad: Game class is 'GameModeRL_C'
[2025.11.25-20.33.55:053][501]LogWorld: Bringing World /Game/Mapas/Fases/UEDPIE_0_NewMap.NewMap up for play (max tick rate 60) at 2025.11.25-17.33.55
[2025.11.25-20.33.55:053][501]LogWorld: Bringing up level for play took: 0.002698
[2025.11.25-20.33.55:055][501]LogOnline: OSS: Creating online subsystem instance for: :Context_62
[2025.11.25-20.33.55:059][501]PIE: Server logged in
[2025.11.25-20.33.55:059][501]PIE: Play in editor total start time 0.406 seconds.
[2025.11.25-20.33.55:118][502]LogRenderer: Reallocating scene render targets to support 1260x784 Format 10 NumSamples 1 (Frame:1).
[2025.11.25-20.33.55:118][502]AssetCheck: New page: Asset Save: NewMap
[2025.11.25-20.33.55:118][502]LogContentValidation: Display: Validating World /Game/Mapas/Fases/NewMap.NewMap
[2025.11.25-20.34.09:454][354]LogSlate: Updating window title bar state: overlay mode, drag disabled, window buttons hidden, title bar hidden
[2025.11.25-20.34.09:454][354]LogWorld: BeginTearingDown for /Game/Mapas/Fases/UEDPIE_0_NewMap
[2025.11.25-20.34.09:455][354]LogSlate: Window 'ColunaDoendoSamurai Preview [NetMode: Standalone]  (64-bit/Windows) ' being destroyed
[2025.11.25-20.34.09:460][354]LogWorld: UWorld::CleanupWorld for NewMap, bSessionEnded=true, bCleanupResources=true
[2025.11.25-20.34.09:460][354]LogSlate: InvalidateAllWidgets triggered.  All widgets were invalidated
[2025.11.25-20.34.09:470][354]LogPlayLevel: Display: Shutting down PIE online subsystems
[2025.11.25-20.34.09:474][354]LogSlate: InvalidateAllWidgets triggered.  All widgets were invalidated
[2025.11.25-20.34.09:502][354]LogAudioMixer: FMixerPlatformXAudio2::StopAudioStream() called
[2025.11.25-20.34.09:503][354]LogAudioMixer: FMixerPlatformXAudio2::StopAudioStream() called
[2025.11.25-20.34.09:509][354]LogUObjectHash: Compacting FUObjectHashTables data took   2.26ms
[2025.11.25-20.34.09:526][355]LogPlayLevel: Display: Destroying online subsystem :Context_62
[2025.11.25-20.34.15:308][700]LogEditorViewport: Clicking on Actor (LMB): PaperSpriteActor (BG_1_Sprite)
[2025.11.25-20.34.38:238][ 51]Cmd: OBJ SAVEPACKAGE PACKAGE="/Game/Mapas/Fases/NewMap" FILE="E:/Unreal/Fumec_DevGames/Content/Mapas/Fases/NewMap.umap" SILENT=true AUTOSAVING=false KEEPDIRTY=false
[2025.11.25-20.34.38:268][ 51]LogUObjectHash: Compacting FUObjectHashTables data took   2.07ms
[2025.11.25-20.34.38:413][ 51]LogSavePackage: Moving 'E:/Unreal/Fumec_DevGames/Saved/NewMapEC0B973D45D9AE71FBC2219289F6A6FB.tmp' to 'E:/Unreal/Fumec_DevGames/Content/Mapas/Fases/NewMap.umap'
[2025.11.25-20.34.38:436][ 51]Cmd: OBJ SAVEPACKAGE PACKAGE="/Game/Mapas/Fases/NewMap_BuiltData" FILE="E:/Unreal/Fumec_DevGames/Content/Mapas/Fases/NewMap_BuiltData.uasset" SILENT=true
[2025.11.25-20.34.38:457][ 51]LogSavePackage: Moving 'E:/Unreal/Fumec_DevGames/Saved/NewMap_BuiltData40E200A94B8FBFC8E6BD31BBBAFB2E47.tmp' to 'E:/Unreal/Fumec_DevGames/Content/Mapas/Fases/NewMap_BuiltData.uasset'
[2025.11.25-20.34.38:474][ 51]AssetCheck: New page: Asset Save: multiple assets
[2025.11.25-20.34.38:474][ 51]LogContentValidation: Display: Validating World /Game/Mapas/Fases/NewMap.NewMap
[2025.11.25-20.34.38:474][ 51]LogContentValidation: Display: Validating MapBuildDataRegistry /Game/Mapas/Fases/NewMap_BuiltData.NewMap_BuiltData
[2025.11.25-20.34.39:064][ 85]LogTemp: Repeating last play command: Selected Viewport
[2025.11.25-20.34.39:072][ 85]LogPlayLevel: PlayLevel: No blueprints needed recompiling
[2025.11.25-20.34.39:072][ 85]PIE: New page: PIE session: NewMap (Nov 25, 2025, 2:34:39 PM)
[2025.11.25-20.34.39:072][ 85]LogPlayLevel: Creating play world package: /Game/Mapas/Fases/UEDPIE_0_NewMap
[2025.11.25-20.34.39:093][ 85]LogPlayLevel: PIE: StaticDuplicateObject took: (0.021449s)
[2025.11.25-20.34.39:094][ 85]LogAIModule: Creating AISystem for world NewMap
[2025.11.25-20.34.39:095][ 85]LogPlayLevel: PIE: World Init took: (0.001179s)
[2025.11.25-20.34.39:095][ 85]LogPlayLevel: PIE: Created PIE world by copying editor world from /Game/Mapas/Fases/NewMap.NewMap to /Game/Mapas/Fases/UEDPIE_0_NewMap.NewMap (0.022770s)
[2025.11.25-20.34.39:124][ 85]LogUObjectHash: Compacting FUObjectHashTables data took   2.19ms
[2025.11.25-20.34.39:125][ 85]LogAudio: Display: Creating Audio Device:                 Id: 58, Scope: Unique, Realtime: True
[2025.11.25-20.34.39:125][ 85]LogAudioMixer: Display: Audio Mixer Platform Settings:
[2025.11.25-20.34.39:125][ 85]LogAudioMixer: Display: 	Sample Rate:						  48000
[2025.11.25-20.34.39:125][ 85]LogAudioMixer: Display: 	Callback Buffer Frame Size Requested: 1024
[2025.11.25-20.34.39:125][ 85]LogAudioMixer: Display: 	Callback Buffer Frame Size To Use:	  1024
[2025.11.25-20.34.39:125][ 85]LogAudioMixer: Display: 	Number of buffers to queue:			  2
[2025.11.25-20.34.39:125][ 85]LogAudioMixer: Display: 	Max Channels (voices):				  32
[2025.11.25-20.34.39:125][ 85]LogAudioMixer: Display: 	Number of Async Source Workers:		  0
[2025.11.25-20.34.39:125][ 85]LogAudio: Display: AudioDevice MaxSources: 32
[2025.11.25-20.34.39:125][ 85]LogAudio: Display: Audio Spatialization Plugin: None (built-in).
[2025.11.25-20.34.39:125][ 85]LogAudio: Display: Audio Reverb Plugin: None (built-in).
[2025.11.25-20.34.39:125][ 85]LogAudio: Display: Audio Occlusion Plugin: None (built-in).
[2025.11.25-20.34.39:125][ 85]LogAudioMixer: Display: Initializing audio mixer.
[2025.11.25-20.34.39:131][ 85]LogAudioMixer: Display: 0: FrontLeft
[2025.11.25-20.34.39:131][ 85]LogAudioMixer: Display: 1: FrontRight
[2025.11.25-20.34.39:140][ 85]LogAudioMixer: Display: Using Audio Device Alto-falantes (Realtek(R) Audio)
[2025.11.25-20.34.39:140][ 85]LogAudioMixer: Display: Initializing Sound Submixes...
[2025.11.25-20.34.39:140][ 85]LogAudioMixer: Display: Creating Master Submix 'MasterSubmixDefault'
[2025.11.25-20.34.39:140][ 85]LogAudioMixer: Display: Creating Master Submix 'MasterReverbSubmixDefault'
[2025.11.25-20.34.39:140][ 85]LogAudioMixer: Display: Creating Master Submix 'MasterEQSubmixDefault'
[2025.11.25-20.34.39:140][ 85]LogAudioMixer: FMixerPlatformXAudio2::StartAudioStream() called
[2025.11.25-20.34.39:140][ 85]LogAudioMixer: Display: Output buffers initialized: Frames=1024, Channels=2, Samples=2048
[2025.11.25-20.34.39:142][ 85]LogAudioMixer: Display: Starting AudioMixerPlatformInterface::RunInternal()
[2025.11.25-20.34.39:142][ 85]LogAudioMixer: Display: FMixerPlatformXAudio2::SubmitBuffer() called for the first time
[2025.11.25-20.34.39:142][ 85]LogInit: FAudioDevice initialized.
[2025.11.25-20.34.39:142][ 85]LogAudio: Display: Audio Device (ID: 58) registered with world 'NewMap'.
[2025.11.25-20.34.39:155][ 85]LogLoad: Game class is 'GameModeRL_C'
[2025.11.25-20.34.39:157][ 85]LogWorld: Bringing World /Game/Mapas/Fases/UEDPIE_0_NewMap.NewMap up for play (max tick rate 60) at 2025.11.25-17.34.39
[2025.11.25-20.34.39:157][ 85]LogWorld: Bringing up level for play took: 0.001473
[2025.11.25-20.34.39:158][ 85]LogOnline: OSS: Creating online subsystem instance for: :Context_63
[2025.11.25-20.34.39:162][ 85]PIE: Server logged in
[2025.11.25-20.34.39:163][ 85]PIE: Play in editor total start time 0.092 seconds.
[2025.11.25-20.34.53:904][967]LogSlate: Updating window title bar state: overlay mode, drag disabled, window buttons hidden, title bar hidden
[2025.11.25-20.34.53:904][967]LogWorld: BeginTearingDown for /Game/Mapas/Fases/UEDPIE_0_NewMap
[2025.11.25-20.34.53:904][967]LogWorld: UWorld::CleanupWorld for NewMap, bSessionEnded=true, bCleanupResources=true
[2025.11.25-20.34.53:905][967]LogSlate: InvalidateAllWidgets triggered.  All widgets were invalidated
[2025.11.25-20.34.53:913][967]LogPlayLevel: Display: Shutting down PIE online subsystems
[2025.11.25-20.34.53:933][967]LogSlate: InvalidateAllWidgets triggered.  All widgets were invalidated
[2025.11.25-20.34.53:960][967]LogAudio: Display: Audio Device unregistered from world 'None'.
[2025.11.25-20.34.53:962][967]LogAudioMixer: FMixerPlatformXAudio2::StopAudioStream() called
[2025.11.25-20.34.53:963][967]LogAudioMixer: FMixerPlatformXAudio2::StopAudioStream() called
[2025.11.25-20.34.53:966][967]LogSlate: Updating window title bar state: overlay mode, drag disabled, window buttons hidden, title bar hidden
[2025.11.25-20.34.53:969][967]LogUObjectHash: Compacting FUObjectHashTables data took   1.96ms
[2025.11.25-20.34.54:008][968]LogPlayLevel: Display: Destroying online subsystem :Context_63
[2025.11.25-20.35.01:714][427]Cmd: EDIT COPY
[2025.11.25-20.35.02:348][465]Cmd: EDIT PASTE
[2025.11.25-20.35.20:354][537]Cmd: OBJ SAVEPACKAGE PACKAGE="/Game/Mapas/Fases/NewMap" FILE="E:/Unreal/Fumec_DevGames/Content/Mapas/Fases/NewMap.umap" SILENT=true AUTOSAVING=false KEEPDIRTY=false
[2025.11.25-20.35.20:385][537]LogUObjectHash: Compacting FUObjectHashTables data took   1.97ms
[2025.11.25-20.35.20:530][537]LogSavePackage: Moving 'E:/Unreal/Fumec_DevGames/Saved/NewMapD379E1CA43C4BD692A28139AB5E5137A.tmp' to 'E:/Unreal/Fumec_DevGames/Content/Mapas/Fases/NewMap.umap'
[2025.11.25-20.35.20:556][537]Cmd: OBJ SAVEPACKAGE PACKAGE="/Game/Mapas/Fases/NewMap_BuiltData" FILE="E:/Unreal/Fumec_DevGames/Content/Mapas/Fases/NewMap_BuiltData.uasset" SILENT=true
[2025.11.25-20.35.20:573][537]LogSavePackage: Moving 'E:/Unreal/Fumec_DevGames/Saved/NewMap_BuiltData7EBCB8BD4508E5346EE4A6983605716B.tmp' to 'E:/Unreal/Fumec_DevGames/Content/Mapas/Fases/NewMap_BuiltData.uasset'
[2025.11.25-20.35.20:588][537]AssetCheck: New page: Asset Save: multiple assets
[2025.11.25-20.35.20:588][537]LogContentValidation: Display: Validating World /Game/Mapas/Fases/NewMap.NewMap
[2025.11.25-20.35.20:588][537]LogContentValidation: Display: Validating MapBuildDataRegistry /Game/Mapas/Fases/NewMap_BuiltData.NewMap_BuiltData
[2025.11.25-20.42.22:273][833]LogTemp: Repeating last play command: Selected Viewport
[2025.11.25-20.42.22:280][833]LogPlayLevel: PlayLevel: No blueprints needed recompiling
[2025.11.25-20.42.22:280][833]PIE: New page: PIE session: NewMap (Nov 25, 2025, 2:42:22 PM)
[2025.11.25-20.42.22:302][833]LogPlayLevel: Creating play world package: /Game/Mapas/Fases/UEDPIE_0_NewMap
[2025.11.25-20.42.22:326][833]LogPlayLevel: PIE: StaticDuplicateObject took: (0.023932s)
[2025.11.25-20.42.22:327][833]LogAIModule: Creating AISystem for world NewMap
[2025.11.25-20.42.22:327][833]LogPlayLevel: PIE: World Init took: (0.001272s)
[2025.11.25-20.42.22:327][833]LogPlayLevel: PIE: Created PIE world by copying editor world from /Game/Mapas/Fases/NewMap.NewMap to /Game/Mapas/Fases/UEDPIE_0_NewMap.NewMap (0.025410s)
[2025.11.25-20.42.22:360][833]LogUObjectHash: Compacting FUObjectHashTables data took   2.57ms
[2025.11.25-20.42.22:364][833]LogAudio: Display: Creating Audio Device:                 Id: 59, Scope: Unique, Realtime: True
[2025.11.25-20.42.22:364][833]LogAudioMixer: Display: Audio Mixer Platform Settings:
[2025.11.25-20.42.22:365][833]LogAudioMixer: Display: 	Sample Rate:						  48000
[2025.11.25-20.42.22:365][833]LogAudioMixer: Display: 	Callback Buffer Frame Size Requested: 1024
[2025.11.25-20.42.22:365][833]LogAudioMixer: Display: 	Callback Buffer Frame Size To Use:	  1024
[2025.11.25-20.42.22:365][833]LogAudioMixer: Display: 	Number of buffers to queue:			  2
[2025.11.25-20.42.22:365][833]LogAudioMixer: Display: 	Max Channels (voices):				  32
[2025.11.25-20.42.22:365][833]LogAudioMixer: Display: 	Number of Async Source Workers:		  0
[2025.11.25-20.42.22:365][833]LogAudio: Display: AudioDevice MaxSources: 32
[2025.11.25-20.42.22:365][833]LogAudio: Display: Audio Spatialization Plugin: None (built-in).
[2025.11.25-20.42.22:365][833]LogAudio: Display: Audio Reverb Plugin: None (built-in).
[2025.11.25-20.42.22:365][833]LogAudio: Display: Audio Occlusion Plugin: None (built-in).
[2025.11.25-20.42.22:365][833]LogAudioMixer: Display: Initializing audio mixer.
[2025.11.25-20.42.22:372][833]LogAudioMixer: Display: 0: FrontLeft
[2025.11.25-20.42.22:372][833]LogAudioMixer: Display: 1: FrontRight
[2025.11.25-20.42.22:380][833]LogAudioMixer: Display: Using Audio Device Alto-falantes (Realtek(R) Audio)
[2025.11.25-20.42.22:380][833]LogAudioMixer: Display: Initializing Sound Submixes...
[2025.11.25-20.42.22:380][833]LogAudioMixer: Display: Creating Master Submix 'MasterSubmixDefault'
[2025.11.25-20.42.22:381][833]LogAudioMixer: Display: Creating Master Submix 'MasterReverbSubmixDefault'
[2025.11.25-20.42.22:382][833]LogAudioMixer: Display: Creating Master Submix 'MasterEQSubmixDefault'
[2025.11.25-20.42.22:382][833]LogAudioMixer: FMixerPlatformXAudio2::StartAudioStream() called
[2025.11.25-20.42.22:382][833]LogAudioMixer: Display: Output buffers initialized: Frames=1024, Channels=2, Samples=2048
[2025.11.25-20.42.22:383][833]LogAudioMixer: Display: Starting AudioMixerPlatformInterface::RunInternal()
[2025.11.25-20.42.22:383][833]LogAudioMixer: Display: FMixerPlatformXAudio2::SubmitBuffer() called for the first time
[2025.11.25-20.42.22:383][833]LogInit: FAudioDevice initialized.
[2025.11.25-20.42.22:383][833]LogAudio: Display: Audio Device (ID: 59) registered with world 'NewMap'.
[2025.11.25-20.42.22:395][833]LogLoad: Game class is 'GameModeRL_C'
[2025.11.25-20.42.22:397][833]LogWorld: Bringing World /Game/Mapas/Fases/UEDPIE_0_NewMap.NewMap up for play (max tick rate 60) at 2025.11.25-17.42.22
[2025.11.25-20.42.22:397][833]LogWorld: Bringing up level for play took: 0.001411
[2025.11.25-20.42.22:398][833]LogOnline: OSS: Creating online subsystem instance for: :Context_64
[2025.11.25-20.42.22:402][833]PIE: Server logged in
[2025.11.25-20.42.22:403][833]PIE: Play in editor total start time 0.124 seconds.
[2025.11.25-20.42.27:483][135]LogSlate: Updating window title bar state: overlay mode, drag disabled, window buttons hidden, title bar hidden
[2025.11.25-20.42.27:483][135]LogWorld: BeginTearingDown for /Game/Mapas/Fases/UEDPIE_0_NewMap
[2025.11.25-20.42.27:483][135]LogWorld: UWorld::CleanupWorld for NewMap, bSessionEnded=true, bCleanupResources=true
[2025.11.25-20.42.27:484][135]LogSlate: InvalidateAllWidgets triggered.  All widgets were invalidated
[2025.11.25-20.42.27:494][135]LogPlayLevel: Display: Shutting down PIE online subsystems
[2025.11.25-20.42.27:513][135]LogSlate: InvalidateAllWidgets triggered.  All widgets were invalidated
[2025.11.25-20.42.27:541][135]LogSlate: Updating window title bar state: overlay mode, drag disabled, window buttons hidden, title bar hidden
[2025.11.25-20.42.27:541][135]LogAudioMixer: FMixerPlatformXAudio2::StopAudioStream() called
[2025.11.25-20.42.27:541][135]LogAudioMixer: FMixerPlatformXAudio2::StopAudioStream() called
[2025.11.25-20.42.27:547][135]LogUObjectHash: Compacting FUObjectHashTables data took   2.04ms
[2025.11.25-20.42.27:581][136]LogPlayLevel: Display: Destroying online subsystem :Context_64
[2025.11.25-20.42.30:489][309]LogTemp: Repeating last play command: Selected Viewport
[2025.11.25-20.42.30:495][309]LogPlayLevel: PlayLevel: No blueprints needed recompiling
[2025.11.25-20.42.30:495][309]PIE: New page: PIE session: NewMap (Nov 25, 2025, 2:42:30 PM)
[2025.11.25-20.42.30:495][309]LogPlayLevel: Creating play world package: /Game/Mapas/Fases/UEDPIE_0_NewMap
[2025.11.25-20.42.30:518][309]LogPlayLevel: PIE: StaticDuplicateObject took: (0.022842s)
[2025.11.25-20.42.30:519][309]LogAIModule: Creating AISystem for world NewMap
[2025.11.25-20.42.30:519][309]LogPlayLevel: PIE: World Init took: (0.001149s)
[2025.11.25-20.42.30:519][309]LogPlayLevel: PIE: Created PIE world by copying editor world from /Game/Mapas/Fases/NewMap.NewMap to /Game/Mapas/Fases/UEDPIE_0_NewMap.NewMap (0.024148s)
[2025.11.25-20.42.30:549][309]LogUObjectHash: Compacting FUObjectHashTables data took   2.18ms
[2025.11.25-20.42.30:549][309]LogAudio: Display: Creating Audio Device:                 Id: 60, Scope: Unique, Realtime: True
[2025.11.25-20.42.30:551][309]LogAudioMixer: Display: Audio Mixer Platform Settings:
[2025.11.25-20.42.30:551][309]LogAudioMixer: Display: 	Sample Rate:						  48000
[2025.11.25-20.42.30:551][309]LogAudioMixer: Display: 	Callback Buffer Frame Size Requested: 1024
[2025.11.25-20.42.30:551][309]LogAudioMixer: Display: 	Callback Buffer Frame Size To Use:	  1024
[2025.11.25-20.42.30:551][309]LogAudioMixer: Display: 	Number of buffers to queue:			  2
[2025.11.25-20.42.30:551][309]LogAudioMixer: Display: 	Max Channels (voices):				  32
[2025.11.25-20.42.30:551][309]LogAudioMixer: Display: 	Number of Async Source Workers:		  0
[2025.11.25-20.42.30:551][309]LogAudio: Display: AudioDevice MaxSources: 32
[2025.11.25-20.42.30:551][309]LogAudio: Display: Audio Spatialization Plugin: None (built-in).
[2025.11.25-20.42.30:551][309]LogAudio: Display: Audio Reverb Plugin: None (built-in).
[2025.11.25-20.42.30:551][309]LogAudio: Display: Audio Occlusion Plugin: None (built-in).
[2025.11.25-20.42.30:551][309]LogAudioMixer: Display: Initializing audio mixer.
[2025.11.25-20.42.30:557][309]LogAudioMixer: Display: 0: FrontLeft
[2025.11.25-20.42.30:557][309]LogAudioMixer: Display: 1: FrontRight
[2025.11.25-20.42.30:564][309]LogAudioMixer: Display: Using Audio Device Alto-falantes (Realtek(R) Audio)
[2025.11.25-20.42.30:564][309]LogAudioMixer: Display: Initializing Sound Submixes...
[2025.11.25-20.42.30:564][309]LogAudioMixer: Display: Creating Master Submix 'MasterSubmixDefault'
[2025.11.25-20.42.30:564][309]LogAudioMixer: Display: Creating Master Submix 'MasterReverbSubmixDefault'
[2025.11.25-20.42.30:565][309]LogAudioMixer: Display: Creating Master Submix 'MasterEQSubmixDefault'
[2025.11.25-20.42.30:565][309]LogAudioMixer: FMixerPlatformXAudio2::StartAudioStream() called
[2025.11.25-20.42.30:565][309]LogAudioMixer: Display: Output buffers initialized: Frames=1024, Channels=2, Samples=2048
[2025.11.25-20.42.30:567][309]LogAudioMixer: Display: Starting AudioMixerPlatformInterface::RunInternal()
[2025.11.25-20.42.30:567][309]LogAudioMixer: Display: FMixerPlatformXAudio2::SubmitBuffer() called for the first time
[2025.11.25-20.42.30:567][309]LogInit: FAudioDevice initialized.
[2025.11.25-20.42.30:567][309]LogAudio: Display: Audio Device (ID: 60) registered with world 'NewMap'.
[2025.11.25-20.42.30:625][309]LogSlate: Updating window title bar state: overlay mode, drag disabled, window buttons hidden, title bar hidden
[2025.11.25-20.42.30:625][309]LogLoad: Game class is 'GameModeRL_C'
[2025.11.25-20.42.30:629][309]LogWorld: Bringing World /Game/Mapas/Fases/UEDPIE_0_NewMap.NewMap up for play (max tick rate 60) at 2025.11.25-17.42.30
[2025.11.25-20.42.30:629][309]LogWorld: Bringing up level for play took: 0.002580
[2025.11.25-20.42.30:630][309]LogOnline: OSS: Creating online subsystem instance for: :Context_65
[2025.11.25-20.42.30:635][309]PIE: Server logged in
[2025.11.25-20.42.30:636][309]PIE: Play in editor total start time 0.142 seconds.
[2025.11.25-20.43.04:513][215]LogSlate: Updating window title bar state: overlay mode, drag disabled, window buttons hidden, title bar hidden
[2025.11.25-20.43.04:513][215]LogWorld: BeginTearingDown for /Game/Mapas/Fases/UEDPIE_0_NewMap
[2025.11.25-20.43.04:513][215]LogSlate: Window 'ColunaDoendoSamurai Preview [NetMode: Standalone]  (64-bit/Windows) ' being destroyed
[2025.11.25-20.43.04:519][215]LogWorld: UWorld::CleanupWorld for NewMap, bSessionEnded=true, bCleanupResources=true
[2025.11.25-20.43.04:519][215]LogSlate: InvalidateAllWidgets triggered.  All widgets were invalidated
[2025.11.25-20.43.04:529][215]LogPlayLevel: Display: Shutting down PIE online subsystems
[2025.11.25-20.43.04:547][215]LogSlate: InvalidateAllWidgets triggered.  All widgets were invalidated
[2025.11.25-20.43.04:575][215]LogAudioMixer: FMixerPlatformXAudio2::StopAudioStream() called
[2025.11.25-20.43.04:577][215]LogAudioMixer: FMixerPlatformXAudio2::StopAudioStream() called
[2025.11.25-20.43.04:582][215]LogUObjectHash: Compacting FUObjectHashTables data took   2.08ms
[2025.11.25-20.43.04:598][216]LogPlayLevel: Display: Destroying online subsystem :Context_65
[2025.11.25-20.43.28:404][642]Cmd: OBJ SAVEPACKAGE PACKAGE="/Game/Mapas/Fases/NewMap" FILE="E:/Unreal/Fumec_DevGames/Content/Mapas/Fases/NewMap.umap" SILENT=true AUTOSAVING=false KEEPDIRTY=false
[2025.11.25-20.43.28:433][642]LogUObjectHash: Compacting FUObjectHashTables data took   1.89ms
[2025.11.25-20.43.28:575][642]LogSavePackage: Moving 'E:/Unreal/Fumec_DevGames/Saved/NewMap578778A249AF99D27A99BB951496D4E8.tmp' to 'E:/Unreal/Fumec_DevGames/Content/Mapas/Fases/NewMap.umap'
[2025.11.25-20.43.28:596][642]LogFileHelpers: Saving map 'NewMap' took 0.193
[2025.11.25-20.43.28:611][642]AssetCheck: New page: Asset Save: NewMap
[2025.11.25-20.43.28:611][642]LogContentValidation: Display: Validating World /Game/Mapas/Fases/NewMap.NewMap
[2025.11.25-20.43.29:000][666]BlueprintLog: New page: Compile NewMap
[2025.11.25-20.43.29:049][666]LogUObjectHash: Compacting FUObjectHashTables data took   2.23ms
[2025.11.25-20.43.29:084][666]Cmd: OBJ SAVEPACKAGE PACKAGE="/Game/Mapas/Fases/NewMap" FILE="E:/Unreal/Fumec_DevGames/Content/Mapas/Fases/NewMap.umap" SILENT=true AUTOSAVING=false KEEPDIRTY=false
[2025.11.25-20.43.29:112][666]LogUObjectHash: Compacting FUObjectHashTables data took   0.57ms
[2025.11.25-20.43.29:254][666]LogSavePackage: Moving 'E:/Unreal/Fumec_DevGames/Saved/NewMapC1295B754D0012E8D07494A7BD6191E3.tmp' to 'E:/Unreal/Fumec_DevGames/Content/Mapas/Fases/NewMap.umap'
[2025.11.25-20.43.29:275][666]LogFileHelpers: Saving map 'NewMap' took 0.192
[2025.11.25-20.43.29:292][666]AssetCheck: New page: Asset Save: NewMap
[2025.11.25-20.43.29:292][666]LogContentValidation: Display: Validating World /Game/Mapas/Fases/NewMap.NewMap
[2025.11.25-20.43.35:771][ 52]Cmd: DELETE
[2025.11.25-20.43.35:771][ 52]Cmd: ACTOR DELETE
[2025.11.25-20.43.35:774][ 52]LogEditorActor: Deleted Actor: AtmosphericFog
[2025.11.25-20.43.35:804][ 52]LogUObjectHash: Compacting FUObjectHashTables data took   0.57ms
[2025.11.25-20.43.35:806][ 52]LogEditorActor: Deleted 1 Actors (0.035 secs)
[2025.11.25-20.43.46:628][700]Cmd: DELETE
[2025.11.25-20.43.46:628][700]Cmd: ACTOR DELETE
[2025.11.25-20.43.46:632][700]LogEditorActor: Deleted Actor: SkyLight
[2025.11.25-20.43.46:659][700]LogUObjectHash: Compacting FUObjectHashTables data took   0.57ms
[2025.11.25-20.43.46:661][700]LogEditorActor: Deleted 1 Actors (0.033 secs)
[2025.11.25-20.43.50:968][958]Cmd: DELETE
[2025.11.25-20.43.50:968][958]Cmd: ACTOR DELETE
[2025.11.25-20.43.50:970][958]LogEditorActor: Deleted Actor: SphereReflectionCapture
[2025.11.25-20.43.50:999][958]LogUObjectHash: Compacting FUObjectHashTables data took   0.57ms
[2025.11.25-20.43.51:001][958]LogEditorActor: Deleted 1 Actors (0.033 secs)
[2025.11.25-20.43.54:853][189]Cmd: DELETE
[2025.11.25-20.43.54:853][189]Cmd: ACTOR DELETE
[2025.11.25-20.43.54:855][189]LogEditorActor: Deleted Actor: BP_Sky_Sphere_C
[2025.11.25-20.43.54:883][189]LogUObjectHash: Compacting FUObjectHashTables data took   1.66ms
[2025.11.25-20.43.54:885][189]LogEditorActor: Deleted 1 Actors (0.032 secs)
[2025.11.25-20.44.03:328][696]LogWindowsTextInputMethodSystem: Display: IME system deactivated.
[2025.11.25-20.44.03:328][696]LogWindowsTextInputMethodSystem: Display: IME system deactivated.
[2025.11.25-20.44.03:655][714]LogUObjectHash: Compacting FUObjectHashTables data took   0.57ms
[2025.11.25-20.44.03:681][714]Cmd: OBJ SAVEPACKAGE PACKAGE="/Game/Mapas/Fases/NewMap" FILE="E:/Unreal/Fumec_DevGames/Content/Mapas/Fases/NewMap.umap" SILENT=true AUTOSAVING=false KEEPDIRTY=false
[2025.11.25-20.44.03:707][714]LogUObjectHash: Compacting FUObjectHashTables data took   0.57ms
[2025.11.25-20.44.03:850][714]LogSavePackage: Moving 'E:/Unreal/Fumec_DevGames/Saved/NewMap76FF67AF487C511C85CAEE9ED65763F2.tmp' to 'E:/Unreal/Fumec_DevGames/Content/Mapas/Fases/NewMap.umap'
[2025.11.25-20.44.03:871][714]LogFileHelpers: Saving map 'NewMap' took 0.190
[2025.11.25-20.44.03:883][714]AssetCheck: New page: Asset Save: NewMap
[2025.11.25-20.44.03:883][714]LogContentValidation: Display: Validating World /Game/Mapas/Fases/NewMap.NewMap
[2025.11.25-20.44.19:602][657]Cmd: DELETE
[2025.11.25-20.44.19:602][657]Cmd: ACTOR DELETE
[2025.11.25-20.44.19:605][657]LogEditorActor: Deleted Actor: RecastNavMesh
[2025.11.25-20.44.19:605][657]LogCrowdFollowing: Error: Unable to find RecastNavMesh instance while trying to create UCrowdManager instance
[2025.11.25-20.44.19:635][657]LogUObjectHash: Compacting FUObjectHashTables data took   1.69ms
[2025.11.25-20.44.19:638][657]LogEditorActor: Deleted 1 Actors (0.035 secs)
[2025.11.25-20.44.22:095][805]Cmd: TRANSACTION UNDO
[2025.11.25-20.44.22:095][805]LogEditorTransaction: Undo Delete Actors
[2025.11.25-20.44.22:114][805]LogNavigation: Warning: Recreating dtNavMesh instance due to saved navmesh origin (X=0.000 Y=0.000 Z=171.000, usually the RecastNavMesh location) not being aligned with tile size (988 uu) 
[2025.11.25-20.44.33:868][489]Cmd: DELETE
[2025.11.25-20.44.33:868][489]Cmd: ACTOR DELETE
[2025.11.25-20.44.33:870][489]LogEditorActor: Deleted Actor: DirectionalLight
[2025.11.25-20.44.33:899][489]LogUObjectHash: Compacting FUObjectHashTables data took   1.62ms
[2025.11.25-20.44.33:902][489]LogEditorActor: Deleted 1 Actors (0.034 secs)
[2025.11.25-20.44.41:392][934]LogEditorViewport: Clicking Background
[2025.11.25-20.44.52:459][595]Cmd: EDIT COPY
[2025.11.25-20.44.52:759][613]Cmd: EDIT PASTE
[2025.11.25-20.45.22:473][393]Cmd: EDIT COPY
[2025.11.25-20.45.22:791][412]Cmd: EDIT PASTE
[2025.11.25-20.45.30:502][873]Cmd: EDIT COPY
[2025.11.25-20.45.30:752][888]Cmd: EDIT PASTE
[2025.11.25-20.45.34:419][105]LogEditorViewport: Clicking on Actor (LMB): AudioActor_C (AudioActor)
[2025.11.25-20.45.35:466][167]LogEditorViewport: Clicking on Actor (LMB): PointLight (PointLight3)
[2025.11.25-20.45.48:234][931]LogEditorViewport: Clicking on Actor (LMB): PointLight (PointLight4)
[2025.11.25-20.45.50:537][ 68]Cmd: EDIT COPY
[2025.11.25-20.45.50:820][ 85]Cmd: EDIT PASTE
[2025.11.25-20.45.55:711][377]Cmd: DELETE
[2025.11.25-20.45.55:711][377]Cmd: ACTOR DELETE
[2025.11.25-20.45.55:713][377]LogEditorActor: Deleted Actor: PointLight
[2025.11.25-20.45.55:744][377]LogUObjectHash: Compacting FUObjectHashTables data took   1.71ms
[2025.11.25-20.45.55:748][377]LogEditorActor: Deleted 1 Actors (0.038 secs)
[2025.11.25-20.52.12:758][994]LogUObjectHash: Compacting FUObjectHashTables data took   0.75ms
[2025.11.25-20.52.12:793][994]Cmd: OBJ SAVEPACKAGE PACKAGE="/Game/Mapas/Fases/NewMap" FILE="E:/Unreal/Fumec_DevGames/Content/Mapas/Fases/NewMap.umap" SILENT=true AUTOSAVING=false KEEPDIRTY=false
[2025.11.25-20.52.12:823][994]LogUObjectHash: Compacting FUObjectHashTables data took   0.57ms
[2025.11.25-20.52.12:961][994]LogSavePackage: Moving 'E:/Unreal/Fumec_DevGames/Saved/NewMapD54E72B4488A53ED4EBF9E87CE85ECE7.tmp' to 'E:/Unreal/Fumec_DevGames/Content/Mapas/Fases/NewMap.umap'
[2025.11.25-20.52.12:985][994]LogFileHelpers: Saving map 'NewMap' took 0.191
[2025.11.25-20.52.12:998][994]AssetCheck: New page: Asset Save: NewMap
[2025.11.25-20.52.12:998][994]LogContentValidation: Display: Validating World /Game/Mapas/Fases/NewMap.NewMap
