Log file open, 11/22/25 23:54:58
LogWindows: Failed to load 'aqProf.dll' (GetLastError=126)
LogWindows: File 'aqProf.dll' does not exist
LogWindows: Failed to load 'VtuneApi.dll' (GetLastError=126)
LogWindows: File 'VtuneApi.dll' does not exist
LogWindows: Failed to load 'VtuneApi32e.dll' (GetLastError=126)
LogWindows: File 'VtuneApi32e.dll' does not exist
LogConsoleResponse: Display: Failed to find resolution value strings in scalability ini. Falling back to default.
LogConsoleResponse: Display: Failed to find resolution value strings in scalability ini. Falling back to default.
LogInit: Display: Running engine for game: ColunaDoendoSamurai
LogPlatformFile: Not using cached read wrapper
LogTaskGraph: Started task graph with 5 named threads and 23 total threads with 3 sets of task threads.
LogStats: Stats thread started at 0.476941
LogICUInternationalization: ICU TimeZone Detection - Raw Offset: -3:00, Platform Override: ''
LogInit: Display: Loading text-based GConfig....
LogPluginManager: Mounting plugin MeshPainting
LogPluginManager: Mounting plugin XGEController
LogPluginManager: Mounting plugin Paper2D
LogPluginManager: Mounting plugin AISupport
LogPluginManager: Mounting plugin LightPropagationVolume
LogPluginManager: Mounting plugin EnvironmentQueryEditor
LogPluginManager: Mounting plugin LiveLink
LogPluginManager: Mounting plugin OodleData
LogPluginManager: Mounting plugin GameplayCameras
LogPluginManager: Mounting plugin CameraShakePreviewer
LogPluginManager: Mounting plugin OodleNetwork
LogPluginManager: Mounting plugin AnimationSharing
LogPluginManager: Mounting plugin CLionSourceCodeAccess
LogPluginManager: Mounting plugin GitSourceControl
LogPluginManager: Mounting plugin KDevelopSourceCodeAccess
LogPluginManager: Mounting plugin NullSourceCodeAccess
LogPluginManager: Mounting plugin CodeLiteSourceCodeAccess
LogPluginManager: Mounting plugin PixWinPlugin
LogPluginManager: Mounting plugin PerforceSourceControl
LogPluginManager: Mounting plugin PlasticSourceControl
LogPluginManager: Mounting plugin PropertyAccessNode
LogPluginManager: Mounting plugin PluginUtils
LogPluginManager: Mounting plugin RiderSourceCodeAccess
LogPluginManager: Mounting plugin SubversionSourceControl
LogPluginManager: Mounting plugin TextureFormatOodle
LogPluginManager: Mounting plugin DatasmithContent
LogPluginManager: Mounting plugin UObjectPlugin
LogPluginManager: Mounting plugin VisualStudioCodeSourceCodeAccess
LogPluginManager: Mounting plugin VisualStudioSourceCodeAccess
LogPluginManager: Mounting plugin AssetManagerEditor
LogPluginManager: Mounting plugin XCodeSourceCodeAccess
LogPluginManager: Mounting plugin CurveEditorTools
LogPluginManager: Mounting plugin CryptoKeys
LogPluginManager: Mounting plugin DataValidation
LogPluginManager: Mounting plugin FacialAnimation
LogPluginManager: Mounting plugin GameplayTagsEditor
LogPluginManager: Mounting plugin GeometryMode
LogPluginManager: Mounting plugin MacGraphicsSwitching
LogPluginManager: Mounting plugin MaterialAnalyzer
LogPluginManager: Mounting plugin MobileLauncherProfileWizard
LogPluginManager: Mounting plugin PluginBrowser
LogPluginManager: Mounting plugin Niagara
LogPluginManager: Mounting plugin SpeedTreeImporter
LogPluginManager: Mounting plugin LuminPlatformFeatures
LogPluginManager: Mounting plugin MagicLeap
LogPluginManager: Mounting plugin VariantManagerContent
LogPluginManager: Mounting plugin MagicLeapLightEstimation
LogPluginManager: Mounting plugin MagicLeapMedia
LogPluginManager: Mounting plugin MagicLeapPassableWorld
LogPluginManager: Mounting plugin MLSDK
LogPluginManager: Mounting plugin AlembicImporter
LogPluginManager: Mounting plugin AutomationUtils
LogPluginManager: Mounting plugin BackChannel
LogPluginManager: Mounting plugin ChaosEditor
LogPluginManager: Mounting plugin ChaosCloth
LogPluginManager: Mounting plugin ChaosNiagara
LogPluginManager: Mounting plugin ChaosSolverPlugin
LogPluginManager: Mounting plugin ChaosClothEditor
LogPluginManager: Mounting plugin CharacterAI
LogPluginManager: Mounting plugin GeometryCollectionPlugin
LogPluginManager: Mounting plugin ActorSequence
LogPluginManager: Mounting plugin LevelSequenceEditor
LogPluginManager: Mounting plugin MatineeToLevelSequence
LogPluginManager: Mounting plugin GeometryCache
LogPluginManager: Mounting plugin TcpMessaging
LogPluginManager: Mounting plugin TemplateSequence
LogPluginManager: Mounting plugin UdpMessaging
LogPluginManager: Mounting plugin GeometryProcessing
LogPluginManager: Mounting plugin MotoSynth
LogPluginManager: Mounting plugin OpenImageDenoise
LogPluginManager: Mounting plugin PlatformCrypto
LogPluginManager: Mounting plugin PlanarCut
LogPluginManager: Mounting plugin ProxyLODPlugin
LogPluginManager: Mounting plugin PythonScriptPlugin
LogPluginManager: Mounting plugin SkeletalReduction
LogPluginManager: Mounting plugin AndroidMedia
LogPluginManager: Mounting plugin AvfMedia
LogPluginManager: Mounting plugin MediaCompositing
LogPluginManager: Mounting plugin ImgMedia
LogPluginManager: Mounting plugin MediaPlayerEditor
LogPluginManager: Mounting plugin WebMMedia
LogPluginManager: Mounting plugin WmfMedia
LogPluginManager: Mounting plugin OnlineSubsystem
LogPluginManager: Mounting plugin OnlineSubsystemNull
LogPluginManager: Mounting plugin OnlineSubsystemUtils
LogPluginManager: Mounting plugin ActorLayerUtilities
LogPluginManager: Mounting plugin AndroidDeviceProfileSelector
LogPluginManager: Mounting plugin AndroidMoviePlayer
LogPluginManager: Mounting plugin AndroidPermission
LogPluginManager: Mounting plugin ScreenshotTools
LogPluginManager: Mounting plugin AppleImageUtils
LogPluginManager: Mounting plugin AppleMoviePlayer
LogPluginManager: Mounting plugin AssetTags
LogPluginManager: Mounting plugin ArchVisCharacter
LogPluginManager: Mounting plugin AudioCapture
LogPluginManager: Mounting plugin AudioSynesthesia
LogPluginManager: Mounting plugin CableComponent
LogPluginManager: Mounting plugin ChunkDownloader
LogPluginManager: Mounting plugin CustomMeshComponent
LogPluginManager: Mounting plugin LauncherChunkInstaller
LogPluginManager: Mounting plugin EditableMesh
LogPluginManager: Mounting plugin ExampleDeviceProfileSelector
LogPluginManager: Mounting plugin GoogleCloudMessaging
LogPluginManager: Mounting plugin GooglePAD
LogPluginManager: Mounting plugin IOSDeviceProfileSelector
LogPluginManager: Mounting plugin LinuxDeviceProfileSelector
LogPluginManager: Mounting plugin LocationServicesBPLibrary
LogPluginManager: Mounting plugin MobilePatchingUtils
LogPluginManager: Mounting plugin OpenXR
LogPluginManager: Mounting plugin OpenXRHandTracking
LogPluginManager: Mounting plugin OpenXREyeTracker
LogPluginManager: Mounting plugin PhysXVehicles
LogPluginManager: Mounting plugin PostSplashScreen
LogPluginManager: Mounting plugin ProceduralMeshComponent
LogPluginManager: Mounting plugin PropertyAccessEditor
LogPluginManager: Mounting plugin RuntimePhysXCooking
LogPluginManager: Mounting plugin SignificanceManager
LogPluginManager: Mounting plugin SoundFields
LogPluginManager: Mounting plugin Takes
LogPluginManager: Mounting plugin Synthesis
LogPluginManager: Mounting plugin WebMMoviePlayer
LogPluginManager: Mounting plugin WindowsMoviePlayer
LogPluginManager: Mounting plugin ContentBrowserAssetDataSource
LogPluginManager: Mounting plugin ContentBrowserClassDataSource
LogPluginManager: Mounting plugin ContentBrowserFileDataSource
LogPluginManager: Mounting plugin OnlineSubsystemGooglePlay
LogPluginManager: Mounting plugin OnlineSubsystemIOS
LogPluginManager: Mounting plugin OculusVR
LogPluginManager: Mounting plugin SteamVR
PixWinPlugin: PIX capture plugin failed to initialize! Check that the process is launched from PIX.
LogInit: Using libcurl 7.55.1-DEV
LogInit:  - built for x86_64-pc-win32
LogInit:  - supports SSL with OpenSSL/1.1.1
LogInit:  - supports HTTP deflate (compression) using libz 1.2.8
LogInit:  - other features:
LogInit:      CURL_VERSION_SSL
LogInit:      CURL_VERSION_LIBZ
LogInit:      CURL_VERSION_IPV6
LogInit:      CURL_VERSION_ASYNCHDNS
LogInit:      CURL_VERSION_LARGEFILE
LogInit:      CURL_VERSION_IDN
LogInit:  CurlRequestOptions (configurable via config and command line):
LogInit:  - bVerifyPeer = true  - Libcurl will verify peer certificate
LogInit:  - bUseHttpProxy = false  - Libcurl will NOT use HTTP proxy
LogInit:  - bDontReuseConnections = false  - Libcurl will reuse connections
LogInit:  - MaxHostConnections = 16  - Libcurl will limit the number of connections to a host
LogInit:  - LocalHostAddr = Default
LogInit:  - BufferSize = 65536
LogOnline: OSS: Creating online subsystem instance for: NULL
LogInit: WinSock: version 1.1 (2.2), MaxSocks=32767, MaxUdp=65467
LogOnline: OSS: TryLoadSubsystemAndSetDefault: Loaded subsystem for module [NULL]
LogOculusPluginWrapper: OculusPlugin initialized successfully
LogHMD: Failed initializing OVRPlugin 1.59.0
LogInit: Build: ++UE4+Release-4.27-CL-18319896
LogInit: Engine Version: 4.27.2-18319896+++UE4+Release-4.27
LogInit: Compatible Engine Version: 4.27.0-17155196+++UE4+Release-4.27
LogInit: Net CL: 17155196
LogInit: OS: Windows 10 (Release 2009) (), CPU: AMD Ryzen 7 3750H with Radeon Vega Mobile Gfx  , GPU: AMD Radeon(TM) RX Vega 10 Graphics 
LogInit: Compiled (64-bit): Nov 30 2021 07:12:08
LogInit: Compiled with Visual C++: 19.24.28315.00
LogInit: Build Configuration: Development
LogInit: Branch Name: ++UE4+Release-4.27
LogInit: Command Line: 
LogInit: Base Directory: C:/Genshin/UE_4.27/Engine/Binaries/Win64/
LogInit: Allocator: TBB
LogInit: Installed Engine Build: 1
LogDevObjectVersion: Number of dev versions registered: 29
LogDevObjectVersion:   Dev-Blueprints (B0D832E4-1F89-4F0D-ACCF-7EB736FD4AA2): 10
LogDevObjectVersion:   Dev-Build (E1C64328-A22C-4D53-A36C-8E866417BD8C): 0
LogDevObjectVersion:   Dev-Core (375EC13C-06E4-48FB-B500-84F0262A717E): 4
LogDevObjectVersion:   Dev-Editor (E4B068ED-F494-42E9-A231-DA0B2E46BB41): 40
LogDevObjectVersion:   Dev-Framework (CFFC743F-43B0-4480-9391-14DF171D2073): 37
LogDevObjectVersion:   Dev-Mobile (B02B49B5-BB20-44E9-A304-32B752E40360): 3
LogDevObjectVersion:   Dev-Networking (A4E4105C-59A1-49B5-A7C5-40C4547EDFEE): 0
LogDevObjectVersion:   Dev-Online (39C831C9-5AE6-47DC-9A44-9C173E1C8E7C): 0
LogDevObjectVersion:   Dev-Physics (78F01B33-EBEA-4F98-B9B4-84EACCB95AA2): 14
LogDevObjectVersion:   Dev-Platform (6631380F-2D4D-43E0-8009-CF276956A95A): 0
LogDevObjectVersion:   Dev-Rendering (12F88B9F-8875-4AFC-A67C-D90C383ABD29): 45
LogDevObjectVersion:   Dev-Sequencer (7B5AE74C-D270-4C10-A958-57980B212A5A): 13
LogDevObjectVersion:   Dev-VR (D7296918-1DD6-4BDD-9DE2-64A83CC13884): 3
LogDevObjectVersion:   Dev-LoadTimes (C2A15278-BFE7-4AFE-6C17-90FF531DF755): 1
LogDevObjectVersion:   Private-Geometry (6EACA3D4-40EC-4CC1-B786-8BED09428FC5): 3
LogDevObjectVersion:   Dev-AnimPhys (29E575DD-E0A3-4627-9D10-D276232CDCEA): 17
LogDevObjectVersion:   Dev-Anim (AF43A65D-7FD3-4947-9873-3E8ED9C1BB05): 15
LogDevObjectVersion:   Dev-ReflectionCapture (6B266CEC-1EC7-4B8F-A30B-E4D90942FC07): 1
LogDevObjectVersion:   Dev-Automation (0DF73D61-A23F-47EA-B727-89E90C41499A): 1
LogDevObjectVersion:   FortniteMain (601D1886-AC64-4F84-AA16-D3DE0DEAC7D6): 47
LogDevObjectVersion:   FortniteRelease (E7086368-6B23-4C58-8439-1B7016265E91): 1
LogDevObjectVersion:   Dev-Enterprise (9DFFBCD6-494F-0158-E221-12823C92A888): 10
LogDevObjectVersion:   Dev-Niagara (F2AED0AC-9AFE-416F-8664-AA7FFA26D6FC): 1
LogDevObjectVersion:   Dev-Destruction (174F1F0B-B4C6-45A5-B13F-2EE8D0FB917D): 10
LogDevObjectVersion:   Dev-Physics-Ext (35F94A83-E258-406C-A318-09F59610247C): 41
LogDevObjectVersion:   Dev-PhysicsMaterial-Chaos (B68FC16E-8B1B-42E2-B453-215C058844FE): 1
LogDevObjectVersion:   Dev-CineCamera (B2E18506-4273-CFC2-A54E-F4BB758BBA07): 1
LogDevObjectVersion:   Dev-VirtualProduction (64F58936-FD1B-42BA-BA96-7289D5D0FA4E): 1
LogDevObjectVersion:   Dev-MediaFramework (6F0ED827-A609-4895-9C91-998D90180EA4): 2
LogInit: Presizing for max 25165824 objects, including 0 objects not considered by GC, pre-allocating 0 bytes for permanent pool.
LogConfig: Applying CVar settings from Section [/Script/Engine.StreamingSettings] File [E:/Unreal/Fumec_DevGames/Saved/Config/Windows/Engine.ini]
LogConfig: Setting CVar [[s.MinBulkDataSizeForAsyncLoading:131072]]
LogConfig: Setting CVar [[s.AsyncLoadingThreadEnabled:0]]
LogConfig: Setting CVar [[s.EventDrivenLoaderEnabled:1]]
LogConfig: Setting CVar [[s.WarnIfTimeLimitExceeded:0]]
LogConfig: Setting CVar [[s.TimeLimitExceededMultiplier:1.5]]
LogConfig: Setting CVar [[s.TimeLimitExceededMinTime:0.005]]
LogConfig: Setting CVar [[s.UseBackgroundLevelStreaming:1]]
LogConfig: Setting CVar [[s.PriorityAsyncLoadingExtraTime:15.0]]
LogConfig: Setting CVar [[s.LevelStreamingActorsUpdateTimeLimit:5.0]]
LogConfig: Setting CVar [[s.PriorityLevelStreamingActorsUpdateExtraTime:5.0]]
LogConfig: Setting CVar [[s.LevelStreamingComponentsRegistrationGranularity:10]]
LogConfig: Setting CVar [[s.UnregisterComponentsTimeLimit:1.0]]
LogConfig: Setting CVar [[s.LevelStreamingComponentsUnregistrationGranularity:5]]
LogConfig: Setting CVar [[s.FlushStreamingOnExit:1]]
LogInit: Object subsystem initialized
LogConfig: Setting CVar [[con.DebugEarlyDefault:1]]
LogConfig: Setting CVar [[r.setres:1280x720]]
[2025.11.23-02.54.59:926][  0]LogConfig: Setting CVar [[r.VSync:0]]
[2025.11.23-02.54.59:926][  0]LogConfig: Setting CVar [[r.RHICmdBypass:0]]
[2025.11.23-02.54.59:926][  0]LogConfig: Applying CVar settings from Section [/Script/Engine.RendererSettings] File [E:/Unreal/Fumec_DevGames/Saved/Config/Windows/Engine.ini]
[2025.11.23-02.54.59:926][  0]LogConfig: Setting CVar [[r.GPUCrashDebugging:0]]
[2025.11.23-02.54.59:926][  0]LogConfig: Setting CVar [[r.Mobile.DisableVertexFog:1]]
[2025.11.23-02.54.59:926][  0]LogConfig: Setting CVar [[r.Shadow.CSM.MaxMobileCascades:2]]
[2025.11.23-02.54.59:926][  0]LogConfig: Setting CVar [[r.MobileMSAA:1]]
[2025.11.23-02.54.59:926][  0]LogConfig: Setting CVar [[r.Mobile.AllowDitheredLODTransition:0]]
[2025.11.23-02.54.59:926][  0]LogConfig: Setting CVar [[r.Mobile.AllowSoftwareOcclusion:0]]
[2025.11.23-02.54.59:926][  0]LogConfig: Setting CVar [[r.Mobile.VirtualTextures:0]]
[2025.11.23-02.54.59:926][  0]LogConfig: Setting CVar [[r.DiscardUnusedQuality:0]]
[2025.11.23-02.54.59:926][  0]LogConfig: Setting CVar [[r.AllowOcclusionQueries:1]]
[2025.11.23-02.54.59:926][  0]LogConfig: Setting CVar [[r.MinScreenRadiusForLights:0.030000]]
[2025.11.23-02.54.59:926][  0]LogConfig: Setting CVar [[r.MinScreenRadiusForDepthPrepass:0.030000]]
[2025.11.23-02.54.59:926][  0]LogConfig: Setting CVar [[r.MinScreenRadiusForCSMDepth:0.010000]]
[2025.11.23-02.54.59:926][  0]LogConfig: Setting CVar [[r.PrecomputedVisibilityWarning:0]]
[2025.11.23-02.54.59:926][  0]LogConfig: Setting CVar [[r.TextureStreaming:1]]
[2025.11.23-02.54.59:926][  0]LogConfig: Setting CVar [[Compat.UseDXT5NormalMaps:0]]
[2025.11.23-02.54.59:926][  0]LogConfig: Setting CVar [[r.VirtualTextures:0]]
[2025.11.23-02.54.59:926][  0]LogConfig: Setting CVar [[r.VT.EnableAutoImport:1]]
[2025.11.23-02.54.59:926][  0]LogConfig: Setting CVar [[r.VirtualTexturedLightmaps:0]]
[2025.11.23-02.54.59:927][  0]LogConfig: Setting CVar [[r.VT.TileSize:128]]
[2025.11.23-02.54.59:927][  0]LogConfig: Setting CVar [[r.VT.TileBorderSize:4]]
[2025.11.23-02.54.59:927][  0]LogConfig: Setting CVar [[r.vt.FeedbackFactor:16]]
[2025.11.23-02.54.59:927][  0]LogConfig: Setting CVar [[r.VT.EnableCompressZlib:1]]
[2025.11.23-02.54.59:927][  0]LogConfig: Setting CVar [[r.VT.EnableCompressCrunch:0]]
[2025.11.23-02.54.59:927][  0]LogConfig: Setting CVar [[r.ClearCoatNormal:0]]
[2025.11.23-02.54.59:927][  0]LogConfig: Setting CVar [[r.ReflectionCaptureResolution:128]]
[2025.11.23-02.54.59:927][  0]LogConfig: Setting CVar [[r.Mobile.ReflectionCaptureCompression:0]]
[2025.11.23-02.54.59:927][  0]LogConfig: Setting CVar [[r.ReflectionEnvironmentLightmapMixBasedOnRoughness:1]]
[2025.11.23-02.54.59:927][  0]LogConfig: Setting CVar [[r.ForwardShading:0]]
[2025.11.23-02.54.59:927][  0]LogConfig: Setting CVar [[r.VertexFoggingForOpaque:1]]
[2025.11.23-02.54.59:927][  0]LogConfig: Setting CVar [[r.AllowStaticLighting:1]]
[2025.11.23-02.54.59:927][  0]LogConfig: Setting CVar [[r.NormalMapsForStaticLighting:0]]
[2025.11.23-02.54.59:927][  0]LogConfig: Setting CVar [[r.GenerateMeshDistanceFields:0]]
[2025.11.23-02.54.59:927][  0]LogConfig: Setting CVar [[r.DistanceFieldBuild.EightBit:0]]
[2025.11.23-02.54.59:927][  0]LogConfig: Setting CVar [[r.GenerateLandscapeGIData:0]]
[2025.11.23-02.54.59:927][  0]LogConfig: Setting CVar [[r.DistanceFieldBuild.Compress:0]]
[2025.11.23-02.54.59:927][  0]LogConfig: Setting CVar [[r.TessellationAdaptivePixelsPerTriangle:48.000000]]
[2025.11.23-02.54.59:927][  0]LogConfig: Setting CVar [[r.SeparateTranslucency:1]]
[2025.11.23-02.54.59:927][  0]LogConfig: Setting CVar [[r.TranslucentSortPolicy:0]]
[2025.11.23-02.54.59:927][  0]LogConfig: Setting CVar [[vr.VRS.HMDFixedFoveationLevel:0]]
[2025.11.23-02.54.59:927][  0]LogConfig: Setting CVar [[r.CustomDepth:1]]
[2025.11.23-02.54.59:927][  0]LogConfig: Setting CVar [[r.CustomDepthTemporalAAJitter:1]]
[2025.11.23-02.54.59:927][  0]LogConfig: Setting CVar [[r.PostProcessing.PropagateAlpha:0]]
[2025.11.23-02.54.59:927][  0]LogConfig: Setting CVar [[r.DefaultFeature.Bloom:1]]
[2025.11.23-02.54.59:927][  0]LogConfig: Setting CVar [[r.DefaultFeature.AmbientOcclusion:1]]
[2025.11.23-02.54.59:927][  0]LogConfig: Setting CVar [[r.DefaultFeature.AmbientOcclusionStaticFraction:1]]
[2025.11.23-02.54.59:927][  0]LogConfig: Setting CVar [[r.DefaultFeature.AutoExposure:0]]
[2025.11.23-02.54.59:927][  0]LogConfig: Setting CVar [[r.DefaultFeature.AutoExposure.Method:0]]
[2025.11.23-02.54.59:927][  0]LogConfig: Setting CVar [[r.DefaultFeature.AutoExposure.Bias:1.000000]]
[2025.11.23-02.54.59:927][  0]LogConfig: Setting CVar [[r.DefaultFeature.AutoExposure.ExtendDefaultLuminanceRange:0]]
[2025.11.23-02.54.59:927][  0]LogConfig: Setting CVar [[r.UsePreExposure:1]]
[2025.11.23-02.54.59:927][  0]LogConfig: Setting CVar [[r.EyeAdaptation.EditorOnly:0]]
[2025.11.23-02.54.59:927][  0]LogConfig: Setting CVar [[r.DefaultFeature.MotionBlur:0]]
[2025.11.23-02.54.59:927][  0]LogConfig: Setting CVar [[r.DefaultFeature.LensFlare:0]]
[2025.11.23-02.54.59:927][  0]LogConfig: Setting CVar [[r.TemporalAA.Upsampling:0]]
[2025.11.23-02.54.59:927][  0]LogConfig: Setting CVar [[r.SSGI.Enable:0]]
[2025.11.23-02.54.59:927][  0]LogConfig: Setting CVar [[r.DefaultFeature.AntiAliasing:0]]
[2025.11.23-02.54.59:927][  0]LogConfig: Setting CVar [[r.DefaultFeature.LightUnits:1]]
[2025.11.23-02.54.59:927][  0]LogConfig: Setting CVar [[r.DefaultBackBufferPixelFormat:4]]
[2025.11.23-02.54.59:927][  0]LogConfig: Setting CVar [[r.Shadow.UnbuiltPreviewInGame:1]]
[2025.11.23-02.54.59:927][  0]LogConfig: Setting CVar [[r.StencilForLODDither:0]]
[2025.11.23-02.54.59:927][  0]LogConfig: Setting CVar [[r.EarlyZPass:3]]
[2025.11.23-02.54.59:927][  0]LogConfig: Setting CVar [[r.EarlyZPassOnlyMaterialMasking:0]]
[2025.11.23-02.54.59:927][  0]LogConfig: Setting CVar [[r.DBuffer:1]]
[2025.11.23-02.54.59:927][  0]LogConfig: Setting CVar [[r.ClearSceneMethod:1]]
[2025.11.23-02.54.59:927][  0]LogConfig: Setting CVar [[r.BasePassOutputsVelocity:0]]
[2025.11.23-02.54.59:927][  0]LogConfig: Setting CVar [[r.VertexDeformationOutputsVelocity:0]]
[2025.11.23-02.54.59:927][  0]LogConfig: Setting CVar [[r.SelectiveBasePassOutputs:0]]
[2025.11.23-02.54.59:927][  0]LogConfig: Setting CVar [[fx.GPUSimulationTextureSizeX:1024]]
[2025.11.23-02.54.59:927][  0]LogConfig: Setting CVar [[fx.GPUSimulationTextureSizeY:1024]]
[2025.11.23-02.54.59:927][  0]LogConfig: Setting CVar [[r.AllowGlobalClipPlane:0]]
[2025.11.23-02.54.59:927][  0]LogConfig: Setting CVar [[r.GBufferFormat:1]]
[2025.11.23-02.54.59:927][  0]LogConfig: Setting CVar [[r.MorphTarget.Mode:1]]
[2025.11.23-02.54.59:927][  0]LogConfig: Setting CVar [[vr.InstancedStereo:0]]
[2025.11.23-02.54.59:927][  0]LogConfig: Setting CVar [[r.MobileHDR:1]]
[2025.11.23-02.54.59:927][  0]LogConfig: Setting CVar [[vr.MobileMultiView:0]]
[2025.11.23-02.54.59:927][  0]LogConfig: Setting CVar [[r.Mobile.UseHWsRGBEncoding:0]]
[2025.11.23-02.54.59:927][  0]LogConfig: Setting CVar [[vr.RoundRobinOcclusion:0]]
[2025.11.23-02.54.59:927][  0]LogConfig: Setting CVar [[vr.ODSCapture:0]]
[2025.11.23-02.54.59:927][  0]LogConfig: Setting CVar [[r.MeshStreaming:0]]
[2025.11.23-02.54.59:927][  0]LogConfig: Setting CVar [[r.WireframeCullThreshold:5.000000]]
[2025.11.23-02.54.59:927][  0]LogConfig: Setting CVar [[r.RayTracing:0]]
[2025.11.23-02.54.59:927][  0]LogConfig: Setting CVar [[r.RayTracing.UseTextureLod:0]]
[2025.11.23-02.54.59:927][  0]LogConfig: Setting CVar [[r.SupportStationarySkylight:1]]
[2025.11.23-02.54.59:927][  0]LogConfig: Setting CVar [[r.SupportLowQualityLightmaps:1]]
[2025.11.23-02.54.59:927][  0]LogConfig: Setting CVar [[r.SupportPointLightWholeSceneShadows:1]]
[2025.11.23-02.54.59:929][  0]LogConfig: Setting CVar [[r.SupportAtmosphericFog:1]]
[2025.11.23-02.54.59:929][  0]LogConfig: Setting CVar [[r.SupportSkyAtmosphere:1]]
[2025.11.23-02.54.59:929][  0]LogConfig: Setting CVar [[r.SupportSkyAtmosphereAffectsHeightFog:0]]
[2025.11.23-02.54.59:929][  0]LogConfig: Setting CVar [[r.SkinCache.CompileShaders:0]]
[2025.11.23-02.54.59:929][  0]LogConfig: Setting CVar [[r.SkinCache.DefaultBehavior:1]]
[2025.11.23-02.54.59:929][  0]LogConfig: Setting CVar [[r.SkinCache.SceneMemoryLimitInMB:128.000000]]
[2025.11.23-02.54.59:929][  0]LogConfig: Setting CVar [[r.Mobile.EnableStaticAndCSMShadowReceivers:1]]
[2025.11.23-02.54.59:929][  0]LogConfig: Setting CVar [[r.Mobile.EnableMovableLightCSMShaderCulling:1]]
[2025.11.23-02.54.59:929][  0]LogConfig: Setting CVar [[r.Mobile.AllowDistanceFieldShadows:1]]
[2025.11.23-02.54.59:929][  0]LogConfig: Setting CVar [[r.Mobile.AllowMovableDirectionalLights:1]]
[2025.11.23-02.54.59:929][  0]LogConfig: Setting CVar [[r.MobileNumDynamicPointLights:4]]
[2025.11.23-02.54.59:929][  0]LogConfig: Setting CVar [[r.MobileDynamicPointLightsUseStaticBranch:1]]
[2025.11.23-02.54.59:929][  0]LogConfig: Setting CVar [[r.Mobile.EnableMovableSpotlights:0]]
[2025.11.23-02.54.59:929][  0]LogConfig: Setting CVar [[r.Mobile.EnableMovableSpotlightsShadow:0]]
[2025.11.23-02.54.59:929][  0]LogConfig: Setting CVar [[r.GPUSkin.Support16BitBoneIndex:0]]
[2025.11.23-02.54.59:929][  0]LogConfig: Setting CVar [[r.GPUSkin.Limit2BoneInfluences:0]]
[2025.11.23-02.54.59:929][  0]LogConfig: Setting CVar [[r.SupportDepthOnlyIndexBuffers:1]]
[2025.11.23-02.54.59:929][  0]LogConfig: Setting CVar [[r.SupportReversedIndexBuffers:1]]
[2025.11.23-02.54.59:929][  0]LogConfig: Setting CVar [[r.LightPropagationVolume:0]]
[2025.11.23-02.54.59:929][  0]LogConfig: Setting CVar [[r.Mobile.AmbientOcclusion:0]]
[2025.11.23-02.54.59:929][  0]LogConfig: Setting CVar [[r.GPUSkin.UnlimitedBoneInfluences:0]]
[2025.11.23-02.54.59:929][  0]LogConfig: Setting CVar [[r.GPUSkin.UnlimitedBoneInfluencesThreshold:8]]
[2025.11.23-02.54.59:929][  0]LogConfig: Setting CVar [[r.Mobile.PlanarReflectionMode:0]]
[2025.11.23-02.54.59:929][  0]LogConfig: Setting CVar [[r.Mobile.SupportsGen4TAA:0]]
[2025.11.23-02.54.59:929][  0]LogConfig: Applying CVar settings from Section [/Script/Engine.RendererOverrideSettings] File [E:/Unreal/Fumec_DevGames/Saved/Config/Windows/Engine.ini]
[2025.11.23-02.54.59:929][  0]LogConfig: Applying CVar settings from Section [/Script/Engine.StreamingSettings] File [E:/Unreal/Fumec_DevGames/Saved/Config/Windows/Engine.ini]
[2025.11.23-02.54.59:929][  0]LogConfig: Setting CVar [[s.MinBulkDataSizeForAsyncLoading:131072]]
[2025.11.23-02.54.59:929][  0]LogConfig: Setting CVar [[s.AsyncLoadingThreadEnabled:0]]
[2025.11.23-02.54.59:929][  0]LogConfig: Setting CVar [[s.EventDrivenLoaderEnabled:1]]
[2025.11.23-02.54.59:929][  0]LogConfig: Setting CVar [[s.WarnIfTimeLimitExceeded:0]]
[2025.11.23-02.54.59:929][  0]LogConfig: Setting CVar [[s.TimeLimitExceededMultiplier:1.5]]
[2025.11.23-02.54.59:929][  0]LogConfig: Setting CVar [[s.TimeLimitExceededMinTime:0.005]]
[2025.11.23-02.54.59:929][  0]LogConfig: Setting CVar [[s.UseBackgroundLevelStreaming:1]]
[2025.11.23-02.54.59:929][  0]LogConfig: Setting CVar [[s.PriorityAsyncLoadingExtraTime:15.0]]
[2025.11.23-02.54.59:929][  0]LogConfig: Setting CVar [[s.LevelStreamingActorsUpdateTimeLimit:5.0]]
[2025.11.23-02.54.59:929][  0]LogConfig: Setting CVar [[s.PriorityLevelStreamingActorsUpdateExtraTime:5.0]]
[2025.11.23-02.54.59:929][  0]LogConfig: Setting CVar [[s.LevelStreamingComponentsRegistrationGranularity:10]]
[2025.11.23-02.54.59:929][  0]LogConfig: Setting CVar [[s.UnregisterComponentsTimeLimit:1.0]]
[2025.11.23-02.54.59:929][  0]LogConfig: Setting CVar [[s.LevelStreamingComponentsUnregistrationGranularity:5]]
[2025.11.23-02.54.59:929][  0]LogConfig: Setting CVar [[s.FlushStreamingOnExit:1]]
[2025.11.23-02.54.59:929][  0]LogConfig: Applying CVar settings from Section [/Script/Engine.GarbageCollectionSettings] File [E:/Unreal/Fumec_DevGames/Saved/Config/Windows/Engine.ini]
[2025.11.23-02.54.59:929][  0]LogConfig: Setting CVar [[gc.MaxObjectsNotConsideredByGC:1]]
[2025.11.23-02.54.59:929][  0]LogConfig: Setting CVar [[gc.SizeOfPermanentObjectPool:0]]
[2025.11.23-02.54.59:929][  0]LogConfig: Setting CVar [[gc.FlushStreamingOnGC:0]]
[2025.11.23-02.54.59:929][  0]LogConfig: Setting CVar [[gc.NumRetriesBeforeForcingGC:10]]
[2025.11.23-02.54.59:929][  0]LogConfig: Setting CVar [[gc.AllowParallelGC:1]]
[2025.11.23-02.54.59:929][  0]LogConfig: Setting CVar [[gc.TimeBetweenPurgingPendingKillObjects:61.1]]
[2025.11.23-02.54.59:929][  0]LogConfig: Setting CVar [[gc.MaxObjectsInEditor:25165824]]
[2025.11.23-02.54.59:929][  0]LogConfig: Setting CVar [[gc.IncrementalBeginDestroyEnabled:1]]
[2025.11.23-02.54.59:929][  0]LogConfig: Setting CVar [[gc.CreateGCClusters:1]]
[2025.11.23-02.54.59:929][  0]LogConfig: Setting CVar [[gc.MinGCClusterSize:5]]
[2025.11.23-02.54.59:929][  0]LogConfig: Setting CVar [[gc.ActorClusteringEnabled:0]]
[2025.11.23-02.54.59:929][  0]LogConfig: Setting CVar [[gc.BlueprintClusteringEnabled:0]]
[2025.11.23-02.54.59:929][  0]LogConfig: Setting CVar [[gc.UseDisregardForGCOnDedicatedServers:0]]
[2025.11.23-02.54.59:929][  0]LogConfig: Setting CVar [[gc.MultithreadedDestructionEnabled:1]]
[2025.11.23-02.54.59:929][  0]LogConfig: Applying CVar settings from Section [/Script/Engine.NetworkSettings] File [E:/Unreal/Fumec_DevGames/Saved/Config/Windows/Engine.ini]
[2025.11.23-02.54.59:929][  0]LogConfig: Applying CVar settings from Section [/Script/UnrealEd.CookerSettings] File [E:/Unreal/Fumec_DevGames/Saved/Config/Windows/Engine.ini]
[2025.11.23-02.54.59:936][  0]LogConfig: Applying CVar settings from Section [ViewDistanceQuality@3] File [E:/Unreal/Fumec_DevGames/Saved/Config/Windows/Scalability.ini]
[2025.11.23-02.54.59:936][  0]LogConfig: Setting CVar [[r.SkeletalMeshLODBias:0]]
[2025.11.23-02.54.59:936][  0]LogConfig: Setting CVar [[r.ViewDistanceScale:1.0]]
[2025.11.23-02.54.59:936][  0]LogConfig: Applying CVar settings from Section [AntiAliasingQuality@3] File [E:/Unreal/Fumec_DevGames/Saved/Config/Windows/Scalability.ini]
[2025.11.23-02.54.59:936][  0]LogConfig: Setting CVar [[r.PostProcessAAQuality:4]]
[2025.11.23-02.54.59:936][  0]LogConfig: Applying CVar settings from Section [ShadowQuality@3] File [E:/Unreal/Fumec_DevGames/Saved/Config/Windows/Scalability.ini]
[2025.11.23-02.54.59:936][  0]LogConfig: Setting CVar [[r.LightFunctionQuality:1]]
[2025.11.23-02.54.59:936][  0]LogConfig: Setting CVar [[r.ShadowQuality:5]]
[2025.11.23-02.54.59:936][  0]LogConfig: Setting CVar [[r.Shadow.CSM.MaxCascades:10]]
[2025.11.23-02.54.59:936][  0]LogConfig: Setting CVar [[r.Shadow.MaxResolution:2048]]
[2025.11.23-02.54.59:936][  0]LogConfig: Setting CVar [[r.Shadow.MaxCSMResolution:2048]]
[2025.11.23-02.54.59:936][  0]LogConfig: Setting CVar [[r.Shadow.RadiusThreshold:0.01]]
[2025.11.23-02.54.59:936][  0]LogConfig: Setting CVar [[r.Shadow.DistanceScale:1.0]]
[2025.11.23-02.54.59:936][  0]LogConfig: Setting CVar [[r.Shadow.CSM.TransitionScale:1.0]]
[2025.11.23-02.54.59:936][  0]LogConfig: Setting CVar [[r.Shadow.PreShadowResolutionFactor:1.0]]
[2025.11.23-02.54.59:936][  0]LogConfig: Setting CVar [[r.DistanceFieldShadowing:1]]
[2025.11.23-02.54.59:936][  0]LogConfig: Setting CVar [[r.DistanceFieldAO:1]]
[2025.11.23-02.54.59:936][  0]LogConfig: Setting CVar [[r.AOQuality:2]]
[2025.11.23-02.54.59:936][  0]LogConfig: Setting CVar [[r.VolumetricFog:1]]
[2025.11.23-02.54.59:936][  0]LogConfig: Setting CVar [[r.VolumetricFog.GridPixelSize:8]]
[2025.11.23-02.54.59:936][  0]LogConfig: Setting CVar [[r.VolumetricFog.GridSizeZ:128]]
[2025.11.23-02.54.59:936][  0]LogConfig: Setting CVar [[r.VolumetricFog.HistoryMissSupersampleCount:4]]
[2025.11.23-02.54.59:936][  0]LogConfig: Setting CVar [[r.LightMaxDrawDistanceScale:1]]
[2025.11.23-02.54.59:936][  0]LogConfig: Setting CVar [[r.CapsuleShadows:1]]
[2025.11.23-02.54.59:936][  0]LogConfig: Applying CVar settings from Section [PostProcessQuality@3] File [E:/Unreal/Fumec_DevGames/Saved/Config/Windows/Scalability.ini]
[2025.11.23-02.54.59:936][  0]LogConfig: Setting CVar [[r.MotionBlurQuality:4]]
[2025.11.23-02.54.59:936][  0]LogConfig: Setting CVar [[r.AmbientOcclusionMipLevelFactor:0.4]]
[2025.11.23-02.54.59:936][  0]LogConfig: Setting CVar [[r.AmbientOcclusionMaxQuality:100]]
[2025.11.23-02.54.59:936][  0]LogConfig: Setting CVar [[r.AmbientOcclusionLevels:-1]]
[2025.11.23-02.54.59:936][  0]LogConfig: Setting CVar [[r.AmbientOcclusionRadiusScale:1.0]]
[2025.11.23-02.54.59:936][  0]LogConfig: Setting CVar [[r.DepthOfFieldQuality:2]]
[2025.11.23-02.54.59:936][  0]LogConfig: Setting CVar [[r.RenderTargetPoolMin:400]]
[2025.11.23-02.54.59:936][  0]LogConfig: Setting CVar [[r.LensFlareQuality:2]]
[2025.11.23-02.54.59:936][  0]LogConfig: Setting CVar [[r.SceneColorFringeQuality:1]]
[2025.11.23-02.54.59:936][  0]LogConfig: Setting CVar [[r.EyeAdaptationQuality:2]]
[2025.11.23-02.54.59:936][  0]LogConfig: Setting CVar [[r.BloomQuality:5]]
[2025.11.23-02.54.59:936][  0]LogConfig: Setting CVar [[r.FastBlurThreshold:100]]
[2025.11.23-02.54.59:936][  0]LogConfig: Setting CVar [[r.Upscale.Quality:3]]
[2025.11.23-02.54.59:936][  0]LogConfig: Setting CVar [[r.Tonemapper.GrainQuantization:1]]
[2025.11.23-02.54.59:936][  0]LogConfig: Setting CVar [[r.LightShaftQuality:1]]
[2025.11.23-02.54.59:936][  0]LogConfig: Setting CVar [[r.Filter.SizeScale:1]]
[2025.11.23-02.54.59:936][  0]LogConfig: Setting CVar [[r.Tonemapper.Quality:5]]
[2025.11.23-02.54.59:936][  0]LogConfig: Setting CVar [[r.DOF.Gather.AccumulatorQuality:1        ; higher gathering accumulator quality]]
[2025.11.23-02.54.59:936][  0]LogConfig: Setting CVar [[r.DOF.Gather.PostfilterMethod:1          ; Median3x3 postfilering method]]
[2025.11.23-02.54.59:936][  0]LogConfig: Setting CVar [[r.DOF.Gather.EnableBokehSettings:0       ; no bokeh simulation when gathering]]
[2025.11.23-02.54.59:936][  0]LogConfig: Setting CVar [[r.DOF.Gather.RingCount:4                 ; medium number of samples when gathering]]
[2025.11.23-02.54.59:936][  0]LogConfig: Setting CVar [[r.DOF.Scatter.ForegroundCompositing:1    ; additive foreground scattering]]
[2025.11.23-02.54.59:936][  0]LogConfig: Setting CVar [[r.DOF.Scatter.BackgroundCompositing:2    ; additive background scattering]]
[2025.11.23-02.54.59:936][  0]LogConfig: Setting CVar [[r.DOF.Scatter.EnableBokehSettings:1      ; bokeh simulation when scattering]]
[2025.11.23-02.54.59:936][  0]LogConfig: Setting CVar [[r.DOF.Scatter.MaxSpriteRatio:0.1         ; only a maximum of 10% of scattered bokeh]]
[2025.11.23-02.54.59:936][  0]LogConfig: Setting CVar [[r.DOF.Recombine.Quality:1                ; cheap slight out of focus]]
[2025.11.23-02.54.59:936][  0]LogConfig: Setting CVar [[r.DOF.Recombine.EnableBokehSettings:0    ; no bokeh simulation on slight out of focus]]
[2025.11.23-02.54.59:936][  0]LogConfig: Setting CVar [[r.DOF.TemporalAAQuality:1                ; more stable temporal accumulation]]
[2025.11.23-02.54.59:936][  0]LogConfig: Setting CVar [[r.DOF.Kernel.MaxForegroundRadius:0.025]]
[2025.11.23-02.54.59:936][  0]LogConfig: Setting CVar [[r.DOF.Kernel.MaxBackgroundRadius:0.025]]
[2025.11.23-02.54.59:936][  0]LogConfig: Applying CVar settings from Section [TextureQuality@3] File [E:/Unreal/Fumec_DevGames/Saved/Config/Windows/Scalability.ini]
[2025.11.23-02.54.59:936][  0]LogConfig: Setting CVar [[r.Streaming.MipBias:0]]
[2025.11.23-02.54.59:936][  0]LogConfig: Setting CVar [[r.Streaming.AmortizeCPUToGPUCopy:0]]
[2025.11.23-02.54.59:936][  0]LogConfig: Setting CVar [[r.Streaming.MaxNumTexturesToStreamPerFrame:0]]
[2025.11.23-02.54.59:936][  0]LogConfig: Setting CVar [[r.Streaming.Boost:1]]
[2025.11.23-02.54.59:936][  0]LogConfig: Setting CVar [[r.MaxAnisotropy:8]]
[2025.11.23-02.54.59:936][  0]LogConfig: Setting CVar [[r.VT.MaxAnisotropy:8]]
[2025.11.23-02.54.59:936][  0]LogConfig: Setting CVar [[r.Streaming.LimitPoolSizeToVRAM:0]]
[2025.11.23-02.54.59:937][  0]LogConfig: Setting CVar [[r.Streaming.PoolSize:1000]]
[2025.11.23-02.54.59:937][  0]LogConfig: Setting CVar [[r.Streaming.MaxEffectiveScreenSize:0]]
[2025.11.23-02.54.59:937][  0]LogConfig: Applying CVar settings from Section [EffectsQuality@3] File [E:/Unreal/Fumec_DevGames/Saved/Config/Windows/Scalability.ini]
[2025.11.23-02.54.59:937][  0]LogConfig: Setting CVar [[r.TranslucencyLightingVolumeDim:64]]
[2025.11.23-02.54.59:937][  0]LogConfig: Setting CVar [[r.RefractionQuality:2]]
[2025.11.23-02.54.59:937][  0]LogConfig: Setting CVar [[r.SSR.Quality:3]]
[2025.11.23-02.54.59:937][  0]LogConfig: Setting CVar [[r.SSR.HalfResSceneColor:0]]
[2025.11.23-02.54.59:937][  0]LogConfig: Setting CVar [[r.SceneColorFormat:4]]
[2025.11.23-02.54.59:937][  0]LogConfig: Setting CVar [[r.DetailMode:2]]
[2025.11.23-02.54.59:937][  0]LogConfig: Setting CVar [[r.TranslucencyVolumeBlur:1]]
[2025.11.23-02.54.59:937][  0]LogConfig: Setting CVar [[r.MaterialQualityLevel:1 ; High quality]]
[2025.11.23-02.54.59:937][  0]LogConfig: Setting CVar [[r.AnisotropicMaterials:1]]
[2025.11.23-02.54.59:937][  0]LogConfig: Setting CVar [[r.SSS.Scale:1]]
[2025.11.23-02.54.59:937][  0]LogConfig: Setting CVar [[r.SSS.SampleSet:2]]
[2025.11.23-02.54.59:937][  0]LogConfig: Setting CVar [[r.SSS.Quality:1]]
[2025.11.23-02.54.59:937][  0]LogConfig: Setting CVar [[r.SSS.HalfRes:0]]
[2025.11.23-02.54.59:937][  0]LogConfig: Setting CVar [[r.SSGI.Quality:3]]
[2025.11.23-02.54.59:937][  0]LogConfig: Setting CVar [[r.EmitterSpawnRateScale:1.0]]
[2025.11.23-02.54.59:937][  0]LogConfig: Setting CVar [[r.ParticleLightQuality:2]]
[2025.11.23-02.54.59:937][  0]LogConfig: Setting CVar [[r.SkyAtmosphere.AerialPerspectiveLUT.FastApplyOnOpaque:1 ; Always have FastSkyLUT 1 in this case to avoid wrong sky]]
[2025.11.23-02.54.59:937][  0]LogConfig: Setting CVar [[r.SkyAtmosphere.AerialPerspectiveLUT.SampleCountMaxPerSlice:4]]
[2025.11.23-02.54.59:937][  0]LogConfig: Setting CVar [[r.SkyAtmosphere.AerialPerspectiveLUT.DepthResolution:16.0]]
[2025.11.23-02.54.59:937][  0]LogConfig: Setting CVar [[r.SkyAtmosphere.FastSkyLUT:1]]
[2025.11.23-02.54.59:937][  0]LogConfig: Setting CVar [[r.SkyAtmosphere.FastSkyLUT.SampleCountMin:4.0]]
[2025.11.23-02.54.59:937][  0]LogConfig: Setting CVar [[r.SkyAtmosphere.FastSkyLUT.SampleCountMax:128.0]]
[2025.11.23-02.54.59:937][  0]LogConfig: Setting CVar [[r.SkyAtmosphere.SampleCountMin:4.0]]
[2025.11.23-02.54.59:937][  0]LogConfig: Setting CVar [[r.SkyAtmosphere.SampleCountMax:128.0]]
[2025.11.23-02.54.59:937][  0]LogConfig: Setting CVar [[r.SkyAtmosphere.TransmittanceLUT.UseSmallFormat:0]]
[2025.11.23-02.54.59:937][  0]LogConfig: Setting CVar [[r.SkyAtmosphere.TransmittanceLUT.SampleCount:10.0]]
[2025.11.23-02.54.59:937][  0]LogConfig: Setting CVar [[r.SkyAtmosphere.MultiScatteringLUT.SampleCount:15.0]]
[2025.11.23-02.54.59:937][  0]LogConfig: Setting CVar [[r.SkyLight.RealTimeReflectionCapture:1]]
[2025.11.23-02.54.59:937][  0]LogConfig: Applying CVar settings from Section [FoliageQuality@3] File [E:/Unreal/Fumec_DevGames/Saved/Config/Windows/Scalability.ini]
[2025.11.23-02.54.59:937][  0]LogConfig: Setting CVar [[foliage.DensityScale:1.0]]
[2025.11.23-02.54.59:937][  0]LogConfig: Setting CVar [[grass.DensityScale:1.0]]
[2025.11.23-02.54.59:937][  0]LogConfig: Applying CVar settings from Section [ShadingQuality@3] File [E:/Unreal/Fumec_DevGames/Saved/Config/Windows/Scalability.ini]
[2025.11.23-02.54.59:937][  0]LogConfig: Setting CVar [[r.HairStrands.SkyLighting.IntegrationType:2]]
[2025.11.23-02.54.59:937][  0]LogConfig: Setting CVar [[r.HairStrands.SkyAO.SampleCount:4]]
[2025.11.23-02.54.59:937][  0]LogConfig: Setting CVar [[r.HairStrands.Visibility.MSAA.SamplePerPixel:4]]
[2025.11.23-02.54.59:937][  0]LogInit: Selected Device Profile: [Windows]
[2025.11.23-02.54.59:937][  0]LogInit: Applying CVar settings loaded from the selected device profile: [Windows]
[2025.11.23-02.54.59:937][  0]LogHAL: Display: Platform has ~ 14 GB [14968041472 / 17179869184 / 14], which maps to Larger [LargestMinGB=32, LargerMinGB=12, DefaultMinGB=8, SmallerMinGB=6, SmallestMinGB=0)
[2025.11.23-02.54.59:937][  0]LogInit: Going up to parent DeviceProfile []
[2025.11.23-02.54.59:937][  0]LogConfig: Applying CVar settings from Section [ViewDistanceQuality@3] File [E:/Unreal/Fumec_DevGames/Saved/Config/Windows/Scalability.ini]
[2025.11.23-02.54.59:937][  0]LogConfig: Setting CVar [[r.SkeletalMeshLODBias:0]]
[2025.11.23-02.54.59:937][  0]LogConfig: Setting CVar [[r.ViewDistanceScale:1.0]]
[2025.11.23-02.54.59:937][  0]LogConfig: Applying CVar settings from Section [AntiAliasingQuality@3] File [E:/Unreal/Fumec_DevGames/Saved/Config/Windows/Scalability.ini]
[2025.11.23-02.54.59:937][  0]LogConfig: Setting CVar [[r.PostProcessAAQuality:4]]
[2025.11.23-02.54.59:937][  0]LogConfig: Applying CVar settings from Section [ShadowQuality@3] File [E:/Unreal/Fumec_DevGames/Saved/Config/Windows/Scalability.ini]
[2025.11.23-02.54.59:937][  0]LogConfig: Setting CVar [[r.LightFunctionQuality:1]]
[2025.11.23-02.54.59:937][  0]LogConfig: Setting CVar [[r.ShadowQuality:5]]
[2025.11.23-02.54.59:937][  0]LogConfig: Setting CVar [[r.Shadow.CSM.MaxCascades:10]]
[2025.11.23-02.54.59:937][  0]LogConfig: Setting CVar [[r.Shadow.MaxResolution:2048]]
[2025.11.23-02.54.59:937][  0]LogConfig: Setting CVar [[r.Shadow.MaxCSMResolution:2048]]
[2025.11.23-02.54.59:937][  0]LogConfig: Setting CVar [[r.Shadow.RadiusThreshold:0.01]]
[2025.11.23-02.54.59:937][  0]LogConfig: Setting CVar [[r.Shadow.DistanceScale:1.0]]
[2025.11.23-02.54.59:937][  0]LogConfig: Setting CVar [[r.Shadow.CSM.TransitionScale:1.0]]
[2025.11.23-02.54.59:937][  0]LogConfig: Setting CVar [[r.Shadow.PreShadowResolutionFactor:1.0]]
[2025.11.23-02.54.59:937][  0]LogConfig: Setting CVar [[r.DistanceFieldShadowing:1]]
[2025.11.23-02.54.59:937][  0]LogConfig: Setting CVar [[r.DistanceFieldAO:1]]
[2025.11.23-02.54.59:937][  0]LogConfig: Setting CVar [[r.AOQuality:2]]
[2025.11.23-02.54.59:937][  0]LogConfig: Setting CVar [[r.VolumetricFog:1]]
[2025.11.23-02.54.59:937][  0]LogConfig: Setting CVar [[r.VolumetricFog.GridPixelSize:8]]
[2025.11.23-02.54.59:937][  0]LogConfig: Setting CVar [[r.VolumetricFog.GridSizeZ:128]]
[2025.11.23-02.54.59:937][  0]LogConfig: Setting CVar [[r.VolumetricFog.HistoryMissSupersampleCount:4]]
[2025.11.23-02.54.59:937][  0]LogConfig: Setting CVar [[r.LightMaxDrawDistanceScale:1]]
[2025.11.23-02.54.59:937][  0]LogConfig: Setting CVar [[r.CapsuleShadows:1]]
[2025.11.23-02.54.59:937][  0]LogConfig: Applying CVar settings from Section [PostProcessQuality@3] File [E:/Unreal/Fumec_DevGames/Saved/Config/Windows/Scalability.ini]
[2025.11.23-02.54.59:937][  0]LogConfig: Setting CVar [[r.MotionBlurQuality:4]]
[2025.11.23-02.54.59:937][  0]LogConfig: Setting CVar [[r.AmbientOcclusionMipLevelFactor:0.4]]
[2025.11.23-02.54.59:937][  0]LogConfig: Setting CVar [[r.AmbientOcclusionMaxQuality:100]]
[2025.11.23-02.54.59:937][  0]LogConfig: Setting CVar [[r.AmbientOcclusionLevels:-1]]
[2025.11.23-02.54.59:937][  0]LogConfig: Setting CVar [[r.AmbientOcclusionRadiusScale:1.0]]
[2025.11.23-02.54.59:937][  0]LogConfig: Setting CVar [[r.DepthOfFieldQuality:2]]
[2025.11.23-02.54.59:937][  0]LogConfig: Setting CVar [[r.RenderTargetPoolMin:400]]
[2025.11.23-02.54.59:937][  0]LogConfig: Setting CVar [[r.LensFlareQuality:2]]
[2025.11.23-02.54.59:937][  0]LogConfig: Setting CVar [[r.SceneColorFringeQuality:1]]
[2025.11.23-02.54.59:937][  0]LogConfig: Setting CVar [[r.EyeAdaptationQuality:2]]
[2025.11.23-02.54.59:937][  0]LogConfig: Setting CVar [[r.BloomQuality:5]]
[2025.11.23-02.54.59:937][  0]LogConfig: Setting CVar [[r.FastBlurThreshold:100]]
[2025.11.23-02.54.59:937][  0]LogConfig: Setting CVar [[r.Upscale.Quality:3]]
[2025.11.23-02.54.59:937][  0]LogConfig: Setting CVar [[r.Tonemapper.GrainQuantization:1]]
[2025.11.23-02.54.59:937][  0]LogConfig: Setting CVar [[r.LightShaftQuality:1]]
[2025.11.23-02.54.59:937][  0]LogConfig: Setting CVar [[r.Filter.SizeScale:1]]
[2025.11.23-02.54.59:937][  0]LogConfig: Setting CVar [[r.Tonemapper.Quality:5]]
[2025.11.23-02.54.59:937][  0]LogConfig: Setting CVar [[r.DOF.Gather.AccumulatorQuality:1        ; higher gathering accumulator quality]]
[2025.11.23-02.54.59:937][  0]LogConfig: Setting CVar [[r.DOF.Gather.PostfilterMethod:1          ; Median3x3 postfilering method]]
[2025.11.23-02.54.59:937][  0]LogConfig: Setting CVar [[r.DOF.Gather.EnableBokehSettings:0       ; no bokeh simulation when gathering]]
[2025.11.23-02.54.59:937][  0]LogConfig: Setting CVar [[r.DOF.Gather.RingCount:4                 ; medium number of samples when gathering]]
[2025.11.23-02.54.59:937][  0]LogConfig: Setting CVar [[r.DOF.Scatter.ForegroundCompositing:1    ; additive foreground scattering]]
[2025.11.23-02.54.59:937][  0]LogConfig: Setting CVar [[r.DOF.Scatter.BackgroundCompositing:2    ; additive background scattering]]
[2025.11.23-02.54.59:937][  0]LogConfig: Setting CVar [[r.DOF.Scatter.EnableBokehSettings:1      ; bokeh simulation when scattering]]
[2025.11.23-02.54.59:937][  0]LogConfig: Setting CVar [[r.DOF.Scatter.MaxSpriteRatio:0.1         ; only a maximum of 10% of scattered bokeh]]
[2025.11.23-02.54.59:937][  0]LogConfig: Setting CVar [[r.DOF.Recombine.Quality:1                ; cheap slight out of focus]]
[2025.11.23-02.54.59:937][  0]LogConfig: Setting CVar [[r.DOF.Recombine.EnableBokehSettings:0    ; no bokeh simulation on slight out of focus]]
[2025.11.23-02.54.59:937][  0]LogConfig: Setting CVar [[r.DOF.TemporalAAQuality:1                ; more stable temporal accumulation]]
[2025.11.23-02.54.59:937][  0]LogConfig: Setting CVar [[r.DOF.Kernel.MaxForegroundRadius:0.025]]
[2025.11.23-02.54.59:937][  0]LogConfig: Setting CVar [[r.DOF.Kernel.MaxBackgroundRadius:0.025]]
[2025.11.23-02.54.59:937][  0]LogConfig: Applying CVar settings from Section [TextureQuality@3] File [E:/Unreal/Fumec_DevGames/Saved/Config/Windows/Scalability.ini]
[2025.11.23-02.54.59:937][  0]LogConfig: Setting CVar [[r.Streaming.MipBias:0]]
[2025.11.23-02.54.59:937][  0]LogConfig: Setting CVar [[r.Streaming.AmortizeCPUToGPUCopy:0]]
[2025.11.23-02.54.59:937][  0]LogConfig: Setting CVar [[r.Streaming.MaxNumTexturesToStreamPerFrame:0]]
[2025.11.23-02.54.59:937][  0]LogConfig: Setting CVar [[r.Streaming.Boost:1]]
[2025.11.23-02.54.59:937][  0]LogConfig: Setting CVar [[r.MaxAnisotropy:8]]
[2025.11.23-02.54.59:937][  0]LogConfig: Setting CVar [[r.VT.MaxAnisotropy:8]]
[2025.11.23-02.54.59:937][  0]LogConfig: Setting CVar [[r.Streaming.LimitPoolSizeToVRAM:0]]
[2025.11.23-02.54.59:937][  0]LogConfig: Setting CVar [[r.Streaming.PoolSize:1000]]
[2025.11.23-02.54.59:937][  0]LogConfig: Setting CVar [[r.Streaming.MaxEffectiveScreenSize:0]]
[2025.11.23-02.54.59:937][  0]LogConfig: Applying CVar settings from Section [EffectsQuality@3] File [E:/Unreal/Fumec_DevGames/Saved/Config/Windows/Scalability.ini]
[2025.11.23-02.54.59:937][  0]LogConfig: Setting CVar [[r.TranslucencyLightingVolumeDim:64]]
[2025.11.23-02.54.59:937][  0]LogConfig: Setting CVar [[r.RefractionQuality:2]]
[2025.11.23-02.54.59:937][  0]LogConfig: Setting CVar [[r.SSR.Quality:3]]
[2025.11.23-02.54.59:937][  0]LogConfig: Setting CVar [[r.SSR.HalfResSceneColor:0]]
[2025.11.23-02.54.59:937][  0]LogConfig: Setting CVar [[r.SceneColorFormat:4]]
[2025.11.23-02.54.59:939][  0]LogConfig: Setting CVar [[r.DetailMode:2]]
[2025.11.23-02.54.59:939][  0]LogConfig: Setting CVar [[r.TranslucencyVolumeBlur:1]]
[2025.11.23-02.54.59:939][  0]LogConfig: Setting CVar [[r.MaterialQualityLevel:1 ; High quality]]
[2025.11.23-02.54.59:939][  0]LogConfig: Setting CVar [[r.AnisotropicMaterials:1]]
[2025.11.23-02.54.59:939][  0]LogConfig: Setting CVar [[r.SSS.Scale:1]]
[2025.11.23-02.54.59:939][  0]LogConfig: Setting CVar [[r.SSS.SampleSet:2]]
[2025.11.23-02.54.59:939][  0]LogConfig: Setting CVar [[r.SSS.Quality:1]]
[2025.11.23-02.54.59:939][  0]LogConfig: Setting CVar [[r.SSS.HalfRes:0]]
[2025.11.23-02.54.59:939][  0]LogConfig: Setting CVar [[r.SSGI.Quality:3]]
[2025.11.23-02.54.59:939][  0]LogConfig: Setting CVar [[r.EmitterSpawnRateScale:1.0]]
[2025.11.23-02.54.59:939][  0]LogConfig: Setting CVar [[r.ParticleLightQuality:2]]
[2025.11.23-02.54.59:939][  0]LogConfig: Setting CVar [[r.SkyAtmosphere.AerialPerspectiveLUT.FastApplyOnOpaque:1 ; Always have FastSkyLUT 1 in this case to avoid wrong sky]]
[2025.11.23-02.54.59:939][  0]LogConfig: Setting CVar [[r.SkyAtmosphere.AerialPerspectiveLUT.SampleCountMaxPerSlice:4]]
[2025.11.23-02.54.59:939][  0]LogConfig: Setting CVar [[r.SkyAtmosphere.AerialPerspectiveLUT.DepthResolution:16.0]]
[2025.11.23-02.54.59:939][  0]LogConfig: Setting CVar [[r.SkyAtmosphere.FastSkyLUT:1]]
[2025.11.23-02.54.59:939][  0]LogConfig: Setting CVar [[r.SkyAtmosphere.FastSkyLUT.SampleCountMin:4.0]]
[2025.11.23-02.54.59:939][  0]LogConfig: Setting CVar [[r.SkyAtmosphere.FastSkyLUT.SampleCountMax:128.0]]
[2025.11.23-02.54.59:939][  0]LogConfig: Setting CVar [[r.SkyAtmosphere.SampleCountMin:4.0]]
[2025.11.23-02.54.59:939][  0]LogConfig: Setting CVar [[r.SkyAtmosphere.SampleCountMax:128.0]]
[2025.11.23-02.54.59:939][  0]LogConfig: Setting CVar [[r.SkyAtmosphere.TransmittanceLUT.UseSmallFormat:0]]
[2025.11.23-02.54.59:939][  0]LogConfig: Setting CVar [[r.SkyAtmosphere.TransmittanceLUT.SampleCount:10.0]]
[2025.11.23-02.54.59:939][  0]LogConfig: Setting CVar [[r.SkyAtmosphere.MultiScatteringLUT.SampleCount:15.0]]
[2025.11.23-02.54.59:939][  0]LogConfig: Setting CVar [[r.SkyLight.RealTimeReflectionCapture:1]]
[2025.11.23-02.54.59:939][  0]LogConfig: Applying CVar settings from Section [FoliageQuality@3] File [E:/Unreal/Fumec_DevGames/Saved/Config/Windows/Scalability.ini]
[2025.11.23-02.54.59:939][  0]LogConfig: Setting CVar [[foliage.DensityScale:1.0]]
[2025.11.23-02.54.59:939][  0]LogConfig: Setting CVar [[grass.DensityScale:1.0]]
[2025.11.23-02.54.59:939][  0]LogConfig: Applying CVar settings from Section [ShadingQuality@3] File [E:/Unreal/Fumec_DevGames/Saved/Config/Windows/Scalability.ini]
[2025.11.23-02.54.59:939][  0]LogConfig: Setting CVar [[r.HairStrands.SkyLighting.IntegrationType:2]]
[2025.11.23-02.54.59:939][  0]LogConfig: Setting CVar [[r.HairStrands.SkyAO.SampleCount:4]]
[2025.11.23-02.54.59:939][  0]LogConfig: Setting CVar [[r.HairStrands.Visibility.MSAA.SamplePerPixel:4]]
[2025.11.23-02.54.59:939][  0]LogConfig: Applying CVar settings from Section [Startup] File [../../../Engine/Config/ConsoleVariables.ini]
[2025.11.23-02.54.59:939][  0]LogConfig: Setting CVar [[net.UseAdaptiveNetUpdateFrequency:0]]
[2025.11.23-02.54.59:939][  0]LogConfig: Setting CVar [[p.chaos.AllowCreatePhysxBodies:1]]
[2025.11.23-02.54.59:939][  0]LogConfig: Setting CVar [[fx.SkipVectorVMBackendOptimizations:1]]
[2025.11.23-02.54.59:939][  0]LogConfig: Applying CVar settings from Section [ConsoleVariables] File [E:/Unreal/Fumec_DevGames/Saved/Config/Windows/Engine.ini]
[2025.11.23-02.54.59:939][  0]LogConfig: Applying CVar settings from Section [ConsoleVariables] File [E:/Unreal/Fumec_DevGames/Saved/Config/Windows/Editor.ini]
[2025.11.23-02.54.59:939][  0]LogInit: Computer: LUCY
[2025.11.23-02.54.59:939][  0]LogInit: User: Gabriel
[2025.11.23-02.54.59:939][  0]LogInit: CPU Page size=4096, Cores=4
[2025.11.23-02.54.59:939][  0]LogInit: High frequency timer resolution =10.000000 MHz
[2025.11.23-02.54.59:939][  0]LogMemory: Memory total: Physical=13.9GB (14GB approx)
[2025.11.23-02.54.59:939][  0]LogMemory: Platform Memory Stats for Windows
[2025.11.23-02.54.59:939][  0]LogMemory: Process Physical Memory: 145.07 MB used, 145.07 MB peak
[2025.11.23-02.54.59:939][  0]LogMemory: Process Virtual Memory: 126.71 MB used, 126.71 MB peak
[2025.11.23-02.54.59:939][  0]LogMemory: Physical Memory: 10197.19 MB used,  4077.45 MB free, 14274.64 MB total
[2025.11.23-02.54.59:939][  0]LogMemory: Virtual Memory: 134209504.00 MB used,  8223.09 MB free, 134217728.00 MB total
[2025.11.23-02.54.59:947][  0]LogWindows: WindowsPlatformFeatures enabled
[2025.11.23-02.55.00:025][  0]LogInit: Physics initialised using underlying interface: PhysX
[2025.11.23-02.55.00:026][  0]LogInit: Overriding language with editor language configuration option (en).
[2025.11.23-02.55.00:027][  0]LogInit: Overriding language with editor locale configuration option (en).
[2025.11.23-02.55.00:383][  0]LogInit: Setting process to per monitor DPI aware
[2025.11.23-02.55.00:405][  0]LogWindowsTextInputMethodSystem: Display: IME system deactivated.
[2025.11.23-02.55.00:533][  0]LogSlate: New Slate User Created.  User Index 0, Is Virtual User: 0
[2025.11.23-02.55.00:533][  0]LogSlate: Slate User Registered.  User Index 0, Is Virtual User: 0
[2025.11.23-02.55.00:809][  0]LogD3D11RHI: Loaded GFSDK_Aftermath_Lib.x64.dll
[2025.11.23-02.55.00:941][  0]LogHMD: Failed to initialize OpenVR with code 110
[2025.11.23-02.55.00:941][  0]LogD3D11RHI: D3D11 min allowed feature level: 11_0
[2025.11.23-02.55.00:941][  0]LogD3D11RHI: D3D11 max allowed feature level: 11_0
[2025.11.23-02.55.00:941][  0]LogD3D11RHI: D3D11 adapters:
[2025.11.23-02.55.01:267][  0]LogD3D11RHI:    0. 'NVIDIA GeForce GTX 1650' (Feature Level 11_0)
[2025.11.23-02.55.01:267][  0]LogD3D11RHI:       3938/0/7137 MB DedicatedVideo/DedicatedSystem/SharedSystem, Outputs:2, VendorId:0x10de
[2025.11.23-02.55.01:331][  0]LogD3D11RHI:    1. 'AMD Radeon(TM) RX Vega 10 Graphics' (Feature Level 11_0)
[2025.11.23-02.55.01:331][  0]LogD3D11RHI:       2034/0/7137 MB DedicatedVideo/DedicatedSystem/SharedSystem, Outputs:0, VendorId:0x1002
[2025.11.23-02.55.01:336][  0]LogD3D11RHI:    2. 'Microsoft Basic Render Driver' (Feature Level 11_0)
[2025.11.23-02.55.01:336][  0]LogD3D11RHI:       0/0/7137 MB DedicatedVideo/DedicatedSystem/SharedSystem, Outputs:0, VendorId:0x1414
[2025.11.23-02.55.01:390][  0]LogD3D11RHI:    3. 'AMD Radeon(TM) RX Vega 10 Graphics' (Feature Level 11_0)
[2025.11.23-02.55.01:390][  0]LogD3D11RHI:       2034/0/7137 MB DedicatedVideo/DedicatedSystem/SharedSystem, Outputs:0, VendorId:0x1002
[2025.11.23-02.55.01:444][  0]LogD3D11RHI:    4. 'AMD Radeon(TM) RX Vega 10 Graphics' (Feature Level 11_0)
[2025.11.23-02.55.01:444][  0]LogD3D11RHI:       2034/0/7137 MB DedicatedVideo/DedicatedSystem/SharedSystem, Outputs:0, VendorId:0x1002
[2025.11.23-02.55.01:495][  0]LogD3D11RHI:    5. 'AMD Radeon(TM) RX Vega 10 Graphics' (Feature Level 11_0)
[2025.11.23-02.55.01:496][  0]LogD3D11RHI:       2034/0/7137 MB DedicatedVideo/DedicatedSystem/SharedSystem, Outputs:0, VendorId:0x1002
[2025.11.23-02.55.01:546][  0]LogD3D11RHI:    6. 'AMD Radeon(TM) RX Vega 10 Graphics' (Feature Level 11_0)
[2025.11.23-02.55.01:546][  0]LogD3D11RHI:       2034/0/7137 MB DedicatedVideo/DedicatedSystem/SharedSystem, Outputs:0, VendorId:0x1002
[2025.11.23-02.55.01:546][  0]LogD3D11RHI: Chosen D3D11 Adapter:
[2025.11.23-02.55.01:546][  0]LogD3D11RHI:     Description : NVIDIA GeForce GTX 1650
[2025.11.23-02.55.01:546][  0]LogD3D11RHI:     VendorId    : 10de
[2025.11.23-02.55.01:546][  0]LogD3D11RHI:     DeviceId    : 1f91
[2025.11.23-02.55.01:546][  0]LogD3D11RHI:     SubSysId    : 142a1025
[2025.11.23-02.55.01:546][  0]LogD3D11RHI:     Revision    : 00a1
[2025.11.23-02.55.01:546][  0]LogD3D11RHI:     DedicatedVideoMemory : 4129292288 bytes
[2025.11.23-02.55.01:546][  0]LogD3D11RHI:     DedicatedSystemMemory : 0 bytes
[2025.11.23-02.55.01:546][  0]LogD3D11RHI:     SharedSystemMemory : 7484020736 bytes
[2025.11.23-02.55.01:546][  0]LogD3D11RHI:     AdapterLuid : 0 68703
[2025.11.23-02.55.01:561][  0]LogD3D11RHI: Creating new Direct3DDevice
[2025.11.23-02.55.01:561][  0]LogD3D11RHI:     GPU DeviceId: 0x1f91 (for the marketing name, search the web for "GPU Device Id")
[2025.11.23-02.55.01:561][  0]LogWindows: EnumDisplayDevices:
[2025.11.23-02.55.01:561][  0]LogWindows:    0. 'AMD Radeon(TM) RX Vega 10 Graphics ' (P:1 D:1)
[2025.11.23-02.55.01:563][  0]LogWindows:    1. 'AMD Radeon(TM) RX Vega 10 Graphics ' (P:0 D:1)
[2025.11.23-02.55.01:564][  0]LogWindows:    2. 'AMD Radeon(TM) RX Vega 10 Graphics ' (P:0 D:0)
[2025.11.23-02.55.01:565][  0]LogWindows:    3. 'AMD Radeon(TM) RX Vega 10 Graphics ' (P:0 D:0)
[2025.11.23-02.55.01:565][  0]LogWindows:    4. 'MS Idd Device' (P:0 D:0)
[2025.11.23-02.55.01:565][  0]LogWindows:    5. 'Parsec Virtual Display Adapter' (P:0 D:0)
[2025.11.23-02.55.01:566][  0]LogWindows:    6. 'Parsec Virtual Display Adapter' (P:0 D:0)
[2025.11.23-02.55.01:567][  0]LogWindows:    7. 'Parsec Virtual Display Adapter' (P:0 D:0)
[2025.11.23-02.55.01:567][  0]LogWindows:    8. 'Parsec Virtual Display Adapter' (P:0 D:0)
[2025.11.23-02.55.01:568][  0]LogWindows:    9. 'Parsec Virtual Display Adapter' (P:0 D:0)
[2025.11.23-02.55.01:568][  0]LogWindows:    10. 'Parsec Virtual Display Adapter' (P:0 D:0)
[2025.11.23-02.55.01:568][  0]LogWindows:    11. 'Parsec Virtual Display Adapter' (P:0 D:0)
[2025.11.23-02.55.01:569][  0]LogWindows:    12. 'Parsec Virtual Display Adapter' (P:0 D:0)
[2025.11.23-02.55.01:569][  0]LogWindows:    13. 'Parsec Virtual Display Adapter' (P:0 D:0)
[2025.11.23-02.55.01:570][  0]LogWindows:    14. 'Parsec Virtual Display Adapter' (P:0 D:0)
[2025.11.23-02.55.01:570][  0]LogWindows:    15. 'Parsec Virtual Display Adapter' (P:0 D:0)
[2025.11.23-02.55.01:571][  0]LogWindows:    16. 'Parsec Virtual Display Adapter' (P:0 D:0)
[2025.11.23-02.55.01:571][  0]LogWindows:    17. 'Parsec Virtual Display Adapter' (P:0 D:0)
[2025.11.23-02.55.01:571][  0]LogWindows:    18. 'Parsec Virtual Display Adapter' (P:0 D:0)
[2025.11.23-02.55.01:571][  0]LogWindows:    19. 'Parsec Virtual Display Adapter' (P:0 D:0)
[2025.11.23-02.55.01:571][  0]LogWindows:    20. 'Parsec Virtual Display Adapter' (P:0 D:0)
[2025.11.23-02.55.01:573][  0]LogWindows:    21. 'MS Idd Device' (P:0 D:0)
[2025.11.23-02.55.01:573][  0]LogWindows:    22. 'MS Idd Device' (P:0 D:0)
[2025.11.23-02.55.01:573][  0]LogWindows: DebugString: PrimaryIsNotTheChoosenAdapter PrimaryIsNotTheChoosenAdapter PrimaryIsNotTheChoosenAdapter PrimaryIsNotTheChoosenAdapter GetVideoDriverDetailsInvalid PrimaryIsNotTheChoosenAdapter GetVideoDriverDetailsInvalid PrimaryIsNotTheChoosenAdapter GetVideoDriverDetailsInvalid PrimaryIsNotTheChoosenAdapter GetVideoDriverDetailsInvalid PrimaryIsNotTheChoosenAdapter GetVideoDriverDetailsInvalid PrimaryIsNotTheChoosenAdapter GetVideoDriverDetailsInvalid PrimaryIsNotTheChoosenAdapter GetVideoDriverDetailsInvalid PrimaryIsNotTheChoosenAdapter GetVideoDriverDetailsInvalid PrimaryIsNotTheChoosenAdapter GetVideoDriverDetailsInvalid PrimaryIsNotTheChoosenAdapter GetVideoDriverDetailsInvalid PrimaryIsNotTheChoosenAdapter GetVideoDriverDetailsInvalid PrimaryIsNotTheChoosenAdapter GetVideoDriverDetailsInvalid PrimaryIsNotTheChoosenAdapter GetVideoDriverDetailsInvalid PrimaryIsNotTheChoosenAdapter GetVideoDriverDetailsInvalid PrimaryIsNotTheChoosenAdapter GetVideoDriverDetailsInvalid PrimaryIsNotTheChoosenAdapter GetVideoDriverDetailsInvalid PrimaryIsNotTheChoosenAdapter GetVideoDriverDetailsInvalid PrimaryIsNotTheChoosenAdapter GetVideoDriverDetailsInvalid PrimaryIsNotTheChoosenAdapter GetVideoDriverDetailsInvalid PrimaryIsNotTheChoosenAdapter FoundDriverCount:0 
[2025.11.23-02.55.01:573][  0]LogD3D11RHI:     Adapter Name: NVIDIA GeForce GTX 1650
[2025.11.23-02.55.01:573][  0]LogD3D11RHI:   Driver Version: Unknown (internal:Unknown, unified:Unknown)
[2025.11.23-02.55.01:573][  0]LogD3D11RHI:      Driver Date: Unknown
[2025.11.23-02.55.01:573][  0]LogRHI: Texture pool is 2756 MB (70% of 3938 MB)
[2025.11.23-02.55.01:573][  0]LogD3D11RHI: Creating D3DDevice using adapter:
[2025.11.23-02.55.01:573][  0]LogD3D11RHI:     Description : NVIDIA GeForce GTX 1650
[2025.11.23-02.55.01:573][  0]LogD3D11RHI:     VendorId    : 10de
[2025.11.23-02.55.01:573][  0]LogD3D11RHI:     DeviceId    : 1f91
[2025.11.23-02.55.01:573][  0]LogD3D11RHI:     SubSysId    : 142a1025
[2025.11.23-02.55.01:573][  0]LogD3D11RHI:     Revision    : 00a1
[2025.11.23-02.55.01:573][  0]LogD3D11RHI:     DedicatedVideoMemory : 4129292288 bytes
[2025.11.23-02.55.01:573][  0]LogD3D11RHI:     DedicatedSystemMemory : 0 bytes
[2025.11.23-02.55.01:573][  0]LogD3D11RHI:     SharedSystemMemory : 7484020736 bytes
[2025.11.23-02.55.01:573][  0]LogD3D11RHI:     AdapterLuid : 0 68703
[2025.11.23-02.55.01:808][  0]LogD3D11RHI: RHI has support for 64 bit atomics
[2025.11.23-02.55.01:809][  0]LogD3D11RHI: Async texture creation enabled
[2025.11.23-02.55.01:809][  0]LogD3D11RHI: Array index from any shader is supported
[2025.11.23-02.55.01:855][  0]LogD3D11RHI: GPU Timing Frequency: 1000.000000 (Debug: 2 1)
[2025.11.23-02.55.01:901][  0]LogRHI: GeForceNow SDK initialized: 1
[2025.11.23-02.55.02:312][  0]LogTargetPlatformManager: Display: Loaded TargetPlatform 'AllDesktop'
[2025.11.23-02.55.02:343][  0]LogTargetPlatformManager: Display: Loaded TargetPlatform 'Android'
[2025.11.23-02.55.02:343][  0]LogTargetPlatformManager: Display: Loaded TargetPlatform 'Android_ASTC'
[2025.11.23-02.55.02:343][  0]LogTargetPlatformManager: Display: Loaded TargetPlatform 'Android_DXT'
[2025.11.23-02.55.02:343][  0]LogTargetPlatformManager: Display: Loaded TargetPlatform 'Android_ETC2'
[2025.11.23-02.55.02:343][  0]LogTargetPlatformManager: Display: Loaded TargetPlatform 'AndroidClient'
[2025.11.23-02.55.02:343][  0]LogTargetPlatformManager: Display: Loaded TargetPlatform 'Android_ASTCClient'
[2025.11.23-02.55.02:343][  0]LogTargetPlatformManager: Display: Loaded TargetPlatform 'Android_DXTClient'
[2025.11.23-02.55.02:343][  0]LogTargetPlatformManager: Display: Loaded TargetPlatform 'Android_ETC2Client'
[2025.11.23-02.55.02:343][  0]LogTargetPlatformManager: Display: Loaded TargetPlatform 'Android_Multi'
[2025.11.23-02.55.02:343][  0]LogTargetPlatformManager: Display: Loaded TargetPlatform 'Android_MultiClient'
[2025.11.23-02.55.02:379][  0]LogTargetPlatformManager: Display: Loaded TargetPlatform 'IOSClient'
[2025.11.23-02.55.02:379][  0]LogTargetPlatformManager: Display: Loaded TargetPlatform 'IOS'
[2025.11.23-02.55.02:393][  0]LogTargetPlatformManager: Display: Loaded TargetPlatform 'Linux'
[2025.11.23-02.55.02:401][  0]LogTargetPlatformManager: Display: Loaded TargetPlatform 'LinuxNoEditor'
[2025.11.23-02.55.02:409][  0]LogTargetPlatformManager: Display: Loaded TargetPlatform 'LinuxClient'
[2025.11.23-02.55.02:416][  0]LogTargetPlatformManager: Display: Loaded TargetPlatform 'LinuxServer'
[2025.11.23-02.55.02:428][  0]LogTargetPlatformManager: Display: Loaded TargetPlatform 'LinuxAArch64NoEditor'
[2025.11.23-02.55.02:435][  0]LogTargetPlatformManager: Display: Loaded TargetPlatform 'LinuxAArch64Client'
[2025.11.23-02.55.02:443][  0]LogTargetPlatformManager: Display: Loaded TargetPlatform 'LinuxAArch64Server'
[2025.11.23-02.55.02:473][  0]LogTargetPlatformManager: Display: Loaded TargetPlatform 'Lumin'
[2025.11.23-02.55.02:473][  0]LogTargetPlatformManager: Display: Loaded TargetPlatform 'LuminClient'
[2025.11.23-02.55.02:485][  0]LogTargetPlatformManager: Display: Loaded TargetPlatform 'MacNoEditor'
[2025.11.23-02.55.02:493][  0]LogTargetPlatformManager: Display: Loaded TargetPlatform 'Mac'
[2025.11.23-02.55.02:500][  0]LogTargetPlatformManager: Display: Loaded TargetPlatform 'MacClient'
[2025.11.23-02.55.02:508][  0]LogTargetPlatformManager: Display: Loaded TargetPlatform 'MacServer'
[2025.11.23-02.55.02:521][  0]LogTargetPlatformManager: Display: Loaded TargetPlatform 'TVOSClient'
[2025.11.23-02.55.02:521][  0]LogTargetPlatformManager: Display: Loaded TargetPlatform 'TVOS'
[2025.11.23-02.55.02:534][  0]LogTargetPlatformManager: Display: Loaded TargetPlatform 'WindowsNoEditor'
[2025.11.23-02.55.02:541][  0]LogTargetPlatformManager: Display: Loaded TargetPlatform 'Windows'
[2025.11.23-02.55.02:551][  0]LogTargetPlatformManager: Display: Loaded TargetPlatform 'WindowsClient'
[2025.11.23-02.55.02:559][  0]LogTargetPlatformManager: Display: Loaded TargetPlatform 'WindowsServer'
[2025.11.23-02.55.02:559][  0]LogTargetPlatformManager: Display: Building Assets For Windows
[2025.11.23-02.55.02:577][  0]LogAudioDebug: Display: Lib vorbis DLL was dynamically loaded.
[2025.11.23-02.55.02:634][  0]LogTextureFormatOodle: Display: Oodle Texture 2.9.0 init RDO Off
[2025.11.23-02.55.02:692][  0]LogRendererCore: Ray tracing is disabled. Reason: r.RayTracing=0.
[2025.11.23-02.55.02:692][  0]LogShaderCompilers: Guid format shader working directory is 23 characters bigger than the processId version (E:/Unreal/Fumec_DevGames/Intermediate/Shaders/WorkingDirectory/23468/).
[2025.11.23-02.55.02:692][  0]LogShaderCompilers: Cleaned the shader compiler working directory 'C:/Users/Gabriel/AppData/Local/Temp/UnrealShaderWorkingDir/987EDA6F4FF614A44661FA8AFBE5C9A8/'.
[2025.11.23-02.55.02:692][  0]LogXGEController: Cannot use XGE Controller as Incredibuild is not installed on this machine.
[2025.11.23-02.55.02:692][  0]LogShaderCompilers: Cannot use XGE Shader Compiler as Incredibuild is not installed on this machine.
[2025.11.23-02.55.02:692][  0]LogShaderCompilers: Display: Using Local Shader Compiler.
[2025.11.23-02.55.03:661][  0]LogDerivedDataCache: Display: Max Cache Size: 512 MB
[2025.11.23-02.55.03:744][  0]LogDerivedDataCache: Loaded boot cache 0.08s 94MB C:/Users/Gabriel/AppData/Local/UnrealEngine/4.27/DerivedDataCache/Boot.ddc.
[2025.11.23-02.55.03:744][  0]LogDerivedDataCache: Display: Loaded Boot cache: C:/Users/Gabriel/AppData/Local/UnrealEngine/4.27/DerivedDataCache/Boot.ddc
[2025.11.23-02.55.03:745][  0]LogDerivedDataCache: FDerivedDataBackendGraph:  Pak pak cache file E:/Unreal/Fumec_DevGames/DerivedDataCache/DDC.ddp not found, will not use a pak cache.
[2025.11.23-02.55.03:745][  0]LogDerivedDataCache: Unable to find inner node Pak for hierarchical cache Hierarchy.
[2025.11.23-02.55.03:745][  0]LogDerivedDataCache: FDerivedDataBackendGraph:  CompressedPak pak cache file E:/Unreal/Fumec_DevGames/DerivedDataCache/Compressed.ddp not found, will not use a pak cache.
[2025.11.23-02.55.03:745][  0]LogDerivedDataCache: Unable to find inner node CompressedPak for hierarchical cache Hierarchy.
[2025.11.23-02.55.03:765][  0]LogDerivedDataCache: Display: Pak cache opened for reading ../../../Engine/DerivedDataCache/Compressed.ddp.
[2025.11.23-02.55.03:765][  0]LogDerivedDataCache: FDerivedDataBackendGraph:  EnterprisePak pak cache file ../../../Enterprise/DerivedDataCache/Compressed.ddp not found, will not use a pak cache.
[2025.11.23-02.55.03:765][  0]LogDerivedDataCache: Unable to find inner node EnterprisePak for hierarchical cache Hierarchy.
[2025.11.23-02.55.03:786][  0]LogDerivedDataCache: Speed tests for C:/Users/Gabriel/AppData/Local/UnrealEngine/Common/DerivedDataCache took 0.02 seconds
[2025.11.23-02.55.03:786][  0]LogDerivedDataCache: Display: Performance to C:/Users/Gabriel/AppData/Local/UnrealEngine/Common/DerivedDataCache: Latency=0.04ms. RandomReadSpeed=358.92MBs, RandomWriteSpeed=53.39MBs. Assigned SpeedClass 'Local'
[2025.11.23-02.55.03:788][  0]LogDerivedDataCache: Using Local data cache path C:/Users/Gabriel/AppData/Local/UnrealEngine/Common/DerivedDataCache: Writable
[2025.11.23-02.55.03:788][  0]LogDerivedDataCache: Shared data cache path not found in *engine.ini, will not use an Shared cache.
[2025.11.23-02.55.03:788][  0]LogDerivedDataCache: Unable to find inner node Shared for hierarchical cache Hierarchy.
[2025.11.23-02.55.03:872][  0]LogSlate: Using FreeType 2.10.0
[2025.11.23-02.55.03:872][  0]LogSlate: SlateFontServices - WITH_FREETYPE: 1, WITH_HARFBUZZ: 1
[2025.11.23-02.55.03:907][  0]LogAssetRegistry: FAssetRegistry took 0.0040 seconds to start up
[2025.11.23-02.55.04:202][  0]LogInit: Selected Device Profile: [Windows]
[2025.11.23-02.55.04:203][  0]LogInit: Active device profile: [0000015E6140F900][0000015E609972C0 49] Windows
[2025.11.23-02.55.04:203][  0]LogInit: Profiles: [0000015E6140F900][0000015E609972C0 49] Windows, [0000015E613B0B00][0000015E609A3440 49] WindowsNoEditor, [0000015E6140CB00][0000015E609A75C0 49] WindowsServer, [0000015E613B3700][0000015E609AB740 49] WindowsClient, [0000015E6140F700][0000015E609B38C0 49] IOS, [0000015E613B0100][0000015E609B7A40 49] iPadAir, [0000015E6140C500][0000015E609BFBC0 49] iPadAir2, [0000015E611E4C00][0000015E609DC300 49] IPadPro, [0000015E611E4D00][0000015E609CE340 49] iPadAir3, [0000015E6140F500][0000015E61A164C0 49] iPadAir4, [0000015E611E7E00][0000015E61A1E640 49] iPadMini2, [0000015E6140C400][0000015E6099A780 49] iPadMini3, [0000015E611E5700][0000015E61A228C0 49] iPadMini4, [0000015E6140F400][0000015E61A26A00 49] iPadMini5, [0000015E613B3000][0000015E61A32C80 49] iPhone6, [0000015E613B2F00][0000015E61A2ACC0 49] iPodTouch6, [0000015E611E7500][0000015E61A3AF80 49] iPhone7, [0000015E611E7400][0000015E61A36FC0 49] iPodTouch7, [0000015E613B3A00][0000015E61A3F140 49] iPhone5S, [0000015E611E4A00][0000015E61A972C0 49] iPhone6Plus, [0000015E613B2600][0000015E61A9B440 49] iPhone6S, [0000015E611E6C00][0000015E61B035C0 49] iPhone6SPlus, [0000015E613B0500][0000015E61B07740 49] iPhone7Plus, [0000015E611E5200][0000015E61B0B8C0 49] iPhoneSE, [0000015E613B2200][0000015E61B13A40 49] iPhone8, [0000015E611E6800][0000015E61B93BC0 49] iPhone8Plus, [0000015E613B0600][0000015E61B961C0 49] iPhoneX, [0000015E611E5400][0000015E61B9A340 49] iPhoneXS, [0000015E613B1F00][0000015E61B9E4C0 49] iPhoneXSMax, [0000015E611E6500][0000015E61BA2640 49] iPhoneXR, [0000015E613B0E00][0000015E61BA67C0 49] iPhone11, [0000015E611E4300][0000015E61BAA940 49] iPhone11Pro, [0000015E613B1C00][0000015E61A2EA80 49] iPhone11ProMax, [0000015E611E7A00][0000015E61BAEBC0 49] iPhoneSE2, [0000015E613B2D00][0000015E61BB2D00 49] iPhone12Mini, [0000015E611E5A00][0000015E61BBAE80 49] iPhone12, [0000015E613B3200][0000015E61BBF000 49] iPhone12Pro, [0000015E611E4800][0000015E61BC3180 49] iPhone12ProMax, [0000015E613B2800][0000015E61BC7300 49] iPadPro105, [0000015E611E5C00][0000015E61BCB480 49] iPadPro129, [0000015E613B0700][0000015E61BCF600 49] iPadPro97, [0000015E611E6100][0000015E61BD3780 49] iPadPro2_129, [0000015E613B1600][0000015E61BD7900 49] iPad5, [0000015E611E5E00][0000015E61BDBA80 49] iPad6, [0000015E613B1900][0000015E61BDFC00 49] iPad7, [0000015E611E5F00][0000015E61BE2200 49] iPad8, [0000015E613B3C00][0000015E61BE6380 49] iPadPro11, [0000015E611E6400][0000015E61BEA500 49] iPadPro2_11, [0000015E613B0400][0000015E61BEE680 49] iPadPro3_129, [0000015E611E4900][0000015E61BF2800 49] iPadPro4_129, [0000015E613B2900][0000015E61BF6980 49] AppleTV, [0000015E611E7100][0000015E61BFAB00 49] AppleTV4K, [0000015E613B3400][0000015E61BB6C40 49] TVOS, [0000015E611E4700][0000015E61BFED80 49] Mac, [0000015E613B1800][0000015E61C02EC0 49] MacClient, [0000015E611E7600][0000015E61C0B040 49] MacNoEditor, [0000015E613B1E00][0000015E61C0F1C0 49] MacServer, [0000015E611E6B00][0000015E61C13340 49] Linux, [0000015E613B3100][0000015E61C174C0 49] LinuxAArch64, [0000015E611E6E00][0000015E61C1B640 49] LinuxNoEditor, [0000015E613B3E00][0000015E61C1F7C0 49] LinuxAArch64NoEditor, [0000015E611E6000][0000015E61C23940 49] LinuxClient, [0000015E613B2000][0000015E61C27AC0 49] LinuxAArch64Client, [0000015E611E7C00][0000015E61C2A0C0 49] LinuxServer, [0000015E613B2100][0000015E61C2E240 49] LinuxAArch64Server, [0000015E6140D000][0000015E61C323C0 49] Android, [0000015E6153D500][0000015E61C36540 49] Android_Low, [0000015E6140EB00][0000015E61C3A6C0 49] Android_Mid, [0000015E6153D200][0000015E61C3E840 49] Android_High, [0000015E6140DE00][0000015E61C429C0 49] Android_Default, [0000015E6153CF00][0000015E61C46B40 49] Android_Adreno4xx, [0000015E6140D100][0000015E61C4ACC0 49] Android_Adreno5xx_Low, [0000015E6153DC00][0000015E61C06E00 49] Android_Adreno5xx, [0000015E6140C100][0000015E61C4EF40 49] Android_Adreno6xx, [0000015E6153CB00][0000015E61C53080 49] Android_Adreno6xx_Vulkan, [0000015E6140E400][0000015E61C571C0 49] Android_Mali_T6xx, [0000015E6153E400][0000015E61C5F340 49] Android_Mali_T7xx, [0000015E6140EE00][0000015E61C634C0 49] Android_Mali_T8xx, [0000015E6153D300][0000015E61C67640 49] Android_Mali_G71, [0000015E6140D500][0000015E61C6B7C0 49] Android_Mali_G72, [0000015E6153C600][0000015E61C6F940 49] Android_Mali_G72_Vulkan, [0000015E6140D900][0000015E61C73AC0 49] Android_Mali_G76, [0000015E6153E000][0000015E61C760C0 49] Android_Mali_G76_Vulkan, [0000015E6140DA00][0000015E61C7A240 49] Android_Mali_G77, [0000015E6153E300][0000015E61C7E3C0 49] Android_Mali_G77_Vulkan, [0000015E613B1B00][0000015E61C82540 49] Android_Mali_G78, [0000015E611E6F00][0000015E61C866C0 49] Android_Mali_G78_Vulkan, [0000015E613B1A00][0000015E61C8A840 49] Android_Mali_G710, [0000015E611E5600][0000015E61C8E9C0 49] Android_Mali_G710_Vulkan, [0000015E613B1500][0000015E61C92B40 49] Android_Vulkan_SM5, [0000015E611E4E00][0000015E61C96CC0 49] Android_PowerVR_G6xxx, [0000015E613B2700][0000015E61C9AE40 49] Android_PowerVR_GT7xxx, [0000015E6153DA00][0000015E61C5AF80 49] Android_PowerVR_GE8xxx, [0000015E613B3900][0000015E61C9F0C0 49] Android_PowerVR_GM9xxx, [0000015E6153D100][0000015E61CA3200 49] Android_PowerVR_GM9xxx_Vulkan, [0000015E613B1000][0000015E61CA7340 49] Android_TegraK1, [0000015E6153C100][0000015E61CAF4C0 49] Android_Unknown_Vulkan, [0000015E613B1200][0000015E61CB3640 49] Lumin, [0000015E6153C200][0000015E61CB77C0 49] Lumin_Desktop, [0000015E613B2E00][0000015E61CBB940 49] HoloLens, 
[2025.11.23-02.55.04:370][  0]LogMeshReduction: Using QuadricMeshReduction for automatic static mesh reduction
[2025.11.23-02.55.04:371][  0]LogMeshReduction: Using SimplygonMeshReduction for automatic skeletal mesh reduction
[2025.11.23-02.55.04:371][  0]LogMeshReduction: Using ProxyLODMeshReduction for automatic mesh merging
[2025.11.23-02.55.04:371][  0]LogMeshReduction: No distributed automatic mesh merging module available
[2025.11.23-02.55.04:371][  0]LogMeshMerging: No distributed automatic mesh merging module available
[2025.11.23-02.55.04:400][  0]LogNetVersion: ColunaDoendoSamurai 1.0.0, NetCL: 17155196, EngineNetVer: 17, GameNetVer: 0 (Checksum: 440667709)
[2025.11.23-02.55.04:929][  0]LogTexture: Default maximum texture size for cubemaps generated from long-lat sources has been changed from 512 to unlimited. In order to preserve old behaiour for '/Engine/MapTemplates/Sky/DaylightAmbientCubemap.DaylightAmbientCubemap', its maximum texture size has been explicitly set to 512.
[2025.11.23-02.55.05:010][  0]LogHMD: PokeAHoleMaterial loaded successfully
[2025.11.23-02.55.05:018][  0]LogUObjectArray: 17178 objects as part of root set at end of initial load.
[2025.11.23-02.55.05:018][  0]LogUObjectAllocator: 4302048 out of 0 bytes used by permanent object pool.
[2025.11.23-02.55.05:018][  0]LogUObjectArray: CloseDisregardForGC: 0/0 objects in disregard for GC pool
[2025.11.23-02.55.05:571][  0]LogNiagaraDebuggerClient: Niagara Debugger Client Initialized | Session: 0BCB6B534AA3F20A7B3C599C443E24B4 | Instance: 043C9FAC4A34844B0B74D995A01FBAEC (LUCY-23468).
[2025.11.23-02.55.05:771][  0]LogTcpMessaging: Initializing TcpMessaging bridge
[2025.11.23-02.55.05:778][  0]LogUdpMessaging: Initializing bridge on interface 0.0.0.0:0 to multicast group 230.0.0.1:6666.
[2025.11.23-02.55.05:797][  0]LogPython: Using Python 3.7.7
[2025.11.23-02.55.06:817][  0]SourceControl: Source control is disabled
[2025.11.23-02.55.06:818][  0]SourceControl: Source control is disabled
[2025.11.23-02.55.06:824][  0]SourceControl: Source control is disabled
[2025.11.23-02.55.06:831][  0]SourceControl: Source control is disabled
[2025.11.23-02.55.06:849][  0]SourceControl: Source control is disabled
[2025.11.23-02.55.06:875][  0]LogUProjectInfo: Found projects:
[2025.11.23-02.55.07:249][  0]LogOpenImageDenoise: OIDN starting up
[2025.11.23-02.55.07:306][  0]LogAndroidPermission: UAndroidPermissionCallbackProxy::GetInstance
[2025.11.23-02.55.07:351][  0]LogAudioCaptureCore: Display: No Audio Capture implementations found. Audio input will be silent.
[2025.11.23-02.55.07:351][  0]LogAudioCaptureCore: Display: No Audio Capture implementations found. Audio input will be silent.
[2025.11.23-02.55.07:530][  0]LogCollectionManager: Loaded 0 collections in 0.002233 seconds
[2025.11.23-02.55.07:560][  0]LogFileCache: Scanning file cache for directory 'E:/Unreal/Fumec_DevGames/Saved/Collections/' took 0.00s
[2025.11.23-02.55.07:560][  0]LogFileCache: Scanning file cache for directory 'E:/Unreal/Fumec_DevGames/Content/Developers/Gabriel/Collections/' took 0.00s
[2025.11.23-02.55.07:560][  0]LogFileCache: Scanning file cache for directory 'E:/Unreal/Fumec_DevGames/Content/Collections/' took 0.00s
[2025.11.23-02.55.07:569][  0]LogOcInput: OculusInput pre-init called
[2025.11.23-02.55.07:856][  0]LogEngine: Initializing Engine...
[2025.11.23-02.55.07:946][  0]LogHMD: Failed to enumerate extensions. Please check that you have a valid OpenXR runtime installed.
[2025.11.23-02.55.07:947][  0]LogHMD: Failed to initialize OpenVR with code 110
[2025.11.23-02.55.07:947][  0]LogMagicLeap: Warning: VR disabled because ZI is not enabled.  To enable, in the editor, Edit -> Project Settings -> Plugins -> Magic Leap Plugin -> Enable Zero Iteration
[2025.11.23-02.55.07:948][  0]LogStats: UGameplayTagsManager::InitializeManager -  0.000 s
[2025.11.23-02.55.08:127][  0]LogInit: Initializing FReadOnlyCVARCache
[2025.11.23-02.55.08:145][  0]LogAIModule: Creating AISystem for world Untitled
[2025.11.23-02.55.08:146][  0]LogAudio: Display: Initializing Audio Device Manager...
[2025.11.23-02.55.08:156][  0]LogAudio: Display: Loading Default Audio Settings Objects...
[2025.11.23-02.55.08:156][  0]LogAudio: Display: No default SoundConcurrencyObject specified (or failed to load).
[2025.11.23-02.55.08:157][  0]LogAudio: Display: Audio Device Manager Initialized
[2025.11.23-02.55.08:157][  0]LogAudio: Display: Creating Audio Device:                 Id: 1, Scope: Shared, Realtime: True
[2025.11.23-02.55.08:157][  0]LogAudioMixer: Display: Audio Mixer Platform Settings:
[2025.11.23-02.55.08:157][  0]LogAudioMixer: Display: 	Sample Rate:						  48000
[2025.11.23-02.55.08:157][  0]LogAudioMixer: Display: 	Callback Buffer Frame Size Requested: 1024
[2025.11.23-02.55.08:157][  0]LogAudioMixer: Display: 	Callback Buffer Frame Size To Use:	  1024
[2025.11.23-02.55.08:157][  0]LogAudioMixer: Display: 	Number of buffers to queue:			  2
[2025.11.23-02.55.08:157][  0]LogAudioMixer: Display: 	Max Channels (voices):				  32
[2025.11.23-02.55.08:157][  0]LogAudioMixer: Display: 	Number of Async Source Workers:		  0
[2025.11.23-02.55.08:157][  0]LogAudio: Display: AudioDevice MaxSources: 32
[2025.11.23-02.55.08:157][  0]LogAudio: Display: Audio Spatialization Plugin: None (built-in).
[2025.11.23-02.55.08:157][  0]LogAudio: Display: Audio Reverb Plugin: None (built-in).
[2025.11.23-02.55.08:157][  0]LogAudio: Display: Audio Occlusion Plugin: None (built-in).
[2025.11.23-02.55.08:157][  0]LogAudioMixer: Display: Initializing audio mixer.
[2025.11.23-02.55.08:179][  0]LogAudioMixer: Display: 0: FrontLeft
[2025.11.23-02.55.08:179][  0]LogAudioMixer: Display: 1: FrontRight
[2025.11.23-02.55.08:209][  0]LogAudioMixer: Display: Using Audio Device Alto-falantes (F998)
[2025.11.23-02.55.08:213][  0]LogAudioMixer: Display: Initializing Sound Submixes...
[2025.11.23-02.55.08:216][  0]LogAudioMixer: Display: Creating Master Submix 'MasterSubmixDefault'
[2025.11.23-02.55.08:216][  0]LogAudioMixer: Display: Creating Master Submix 'MasterReverbSubmixDefault'
[2025.11.23-02.55.08:217][  0]LogAudioMixer: Display: Creating Master Submix 'MasterEQSubmixDefault'
[2025.11.23-02.55.08:217][  0]LogAudioMixer: FMixerPlatformXAudio2::StartAudioStream() called
[2025.11.23-02.55.08:217][  0]LogAudioMixer: Display: Output buffers initialized: Frames=1024, Channels=2, Samples=2048
[2025.11.23-02.55.08:219][  0]LogAudioMixer: Display: Starting AudioMixerPlatformInterface::RunInternal()
[2025.11.23-02.55.08:219][  0]LogAudioMixer: Display: FMixerPlatformXAudio2::SubmitBuffer() called for the first time
[2025.11.23-02.55.08:219][  0]LogInit: FAudioDevice initialized.
[2025.11.23-02.55.08:219][  0]LogAudio: Display: Audio Device (ID: 1) registered with world 'Untitled'.
[2025.11.23-02.55.08:219][  0]LogNetVersion: Set ProjectVersion to 1.0.0.0. Version Checksum will be recalculated on next use.
[2025.11.23-02.55.08:305][  0]LogDerivedDataCache: Saved boot cache 0.09s 94MB C:/Users/Gabriel/AppData/Local/UnrealEngine/4.27/DerivedDataCache/Boot.ddc.
[2025.11.23-02.55.08:307][  0]LogInit: Texture streaming: Enabled
[2025.11.23-02.55.08:328][  0]LogAnalytics: Display: [UEEditor.Rocket.Release] APIServer = https://datarouter.ol.epicgames.com/. AppVersion = 4.27.2-18319896+++UE4+Release-4.27
[2025.11.23-02.55.08:334][  0]LogEngineSessionManager: EngineSessionManager initialized
[2025.11.23-02.55.08:334][  0]LogEditorSessionSummary: Verbose: Initializing EditorSessionSummaryWriter for editor session tracking
[2025.11.23-02.55.08:336][  0]LogEditorSessionSummary: EditorSessionSummaryWriter initialized
[2025.11.23-02.55.08:398][  0]LogInit: Transaction tracking system initialized
[2025.11.23-02.55.08:435][  0]BlueprintLog: New page: Editor Load
[2025.11.23-02.55.08:536][  0]LocalizationService: Localization service is disabled
[2025.11.23-02.55.08:594][  0]TimingProfiler: Initialize
[2025.11.23-02.55.08:595][  0]TimingProfiler: OnSessionChanged
[2025.11.23-02.55.08:595][  0]LoadingProfiler: Initialize
[2025.11.23-02.55.08:595][  0]LoadingProfiler: OnSessionChanged
[2025.11.23-02.55.08:595][  0]NetworkingProfiler: Initialize
[2025.11.23-02.55.08:595][  0]NetworkingProfiler: OnSessionChanged
[2025.11.23-02.55.08:595][  0]MemoryProfiler: Initialize
[2025.11.23-02.55.08:595][  0]MemoryProfiler: OnSessionChanged
[2025.11.23-02.55.08:835][  0]LogCook: Display: CookSettings for Memory: MemoryMaxUsedVirtual 0MiB, MemoryMaxUsedPhysical 16384MiB, MemoryMinFreeVirtual 0MiB, MemoryMinFreePhysical 1024MiB
[2025.11.23-02.55.08:835][  0]LogCook: Display: Mobile HDR setting 1
[2025.11.23-02.55.09:131][  0]LogFileCache: Scanning file cache for directory 'E:/Unreal/Fumec_DevGames/Content/' took 0.02s
[2025.11.23-02.55.09:377][  0]LogInit: Display: Engine is initialized. Leaving FEngineLoop::Init()
[2025.11.23-02.55.09:385][  0]SourceControl: Source control is disabled
[2025.11.23-02.55.09:385][  0]LogUnrealEdMisc: Loading editor; pre map load, took 12.015
[2025.11.23-02.55.09:386][  0]Cmd: MAP LOAD FILE="E:/Unreal/Fumec_DevGames/Content/Mapas/Menu/MainMenu.umap" TEMPLATE=0 SHOWPROGRESS=1 FEATURELEVEL=3
[2025.11.23-02.55.09:486][  0]LightingResults: New page: Lighting Build
[2025.11.23-02.55.09:488][  0]LogWorld: UWorld::CleanupWorld for Untitled, bSessionEnded=true, bCleanupResources=true
[2025.11.23-02.55.09:488][  0]LogSlate: InvalidateAllWidgets triggered.  All widgets were invalidated
[2025.11.23-02.55.09:489][  0]MapCheck: New page: Map Check
[2025.11.23-02.55.09:489][  0]LightingResults: New page: Lighting Build
[2025.11.23-02.55.09:493][  0]LogAudio: Display: Audio Device unregistered from world 'None'.
[2025.11.23-02.55.09:496][  0]LogUObjectHash: Compacting FUObjectHashTables data took   1.10ms
[2025.11.23-02.55.09:806][  0]LogAudio: Display: Audio Device (ID: 1) registered with world 'MainMenu'.
[2025.11.23-02.55.09:807][  0]LogAIModule: Creating AISystem for world MainMenu
[2025.11.23-02.55.09:809][  0]LogEditorServer: Finished looking for orphan Actors (0.000 secs)
[2025.11.23-02.55.09:820][  0]LogUObjectHash: Compacting FUObjectHashTables data took   1.35ms
[2025.11.23-02.55.09:820][  0]Cmd: MAP CHECKDEP NOCLEARLOG
[2025.11.23-02.55.09:821][  0]MapCheck: Map check complete: 0 Error(s), 0 Warning(s), took 0.166ms to complete.
[2025.11.23-02.55.09:821][  0]LogFileHelpers: Loading map 'MainMenu' took 0.435
[2025.11.23-02.55.09:824][  0]LogUnrealEdMisc: Total Editor Startup Time, took 12.453
[2025.11.23-02.55.10:064][  0]LogSlate: Updating window title bar state: overlay mode, drag disabled, window buttons hidden, title bar hidden
[2025.11.23-02.55.10:074][  0]LogSlate: Updating window title bar state: overlay mode, drag disabled, window buttons hidden, title bar hidden
[2025.11.23-02.55.10:081][  0]LogSlate: Updating window title bar state: overlay mode, drag disabled, window buttons hidden, title bar hidden
[2025.11.23-02.55.10:089][  0]LogSlate: Updating window title bar state: overlay mode, drag disabled, window buttons hidden, title bar hidden
[2025.11.23-02.55.10:144][  0]LogNativeClassHierarchy: Verbose: Native class hierarchy populated in 0.0128 seconds. Added 3822 classes and 928 folders.
[2025.11.23-02.55.10:154][  0]LogNativeClassHierarchy: Verbose: Native class hierarchy updated for 'WidgetCarousel' in 0.0005 seconds. Added 0 classes and 0 folders.
[2025.11.23-02.55.10:181][  0]LogPakFile: PakFile PrimaryIndexSize=187
[2025.11.23-02.55.10:181][  0]LogPakFile: PakFile PathHashIndexSize=101
[2025.11.23-02.55.10:181][  0]LogPakFile: PakFile FullDirectoryIndexSize=148
[2025.11.23-02.55.10:182][  0]LogShaderLibrary: Display: ShaderCodeLibraryPakFileMountedCallback: PakFile 'C:/Genshin/UE_4.27/FeaturePacks/FP_FirstPerson.upack' (chunk index -1, root 'root:/') mounted
[2025.11.23-02.55.10:182][  0]LogShaderLibrary: Display: ShaderCodeLibraryPakFileMountedCallback: pending pak file info (ChunkID:-1 Root:root:/ File:C:/Genshin/UE_4.27/FeaturePacks/FP_FirstPerson.upack)
[2025.11.23-02.55.10:182][  0]LogPakFile: OnPakFileMounted2Time == 0.001286
[2025.11.23-02.55.10:200][  0]LogPakFile: PakFile PrimaryIndexSize=189
[2025.11.23-02.55.10:200][  0]LogPakFile: PakFile PathHashIndexSize=101
[2025.11.23-02.55.10:200][  0]LogPakFile: PakFile FullDirectoryIndexSize=152
[2025.11.23-02.55.10:200][  0]LogShaderLibrary: Display: ShaderCodeLibraryPakFileMountedCallback: PakFile 'C:/Genshin/UE_4.27/FeaturePacks/FP_FirstPersonBP.upack' (chunk index -1, root 'root:/') mounted
[2025.11.23-02.55.10:200][  0]LogShaderLibrary: Display: ShaderCodeLibraryPakFileMountedCallback: pending pak file info (ChunkID:-1 Root:root:/ File:C:/Genshin/UE_4.27/FeaturePacks/FP_FirstPersonBP.upack)
[2025.11.23-02.55.10:200][  0]LogPakFile: OnPakFileMounted2Time == 0.000098
[2025.11.23-02.55.10:213][  0]LogPakFile: PakFile PrimaryIndexSize=191
[2025.11.23-02.55.10:213][  0]LogPakFile: PakFile PathHashIndexSize=101
[2025.11.23-02.55.10:213][  0]LogPakFile: PakFile FullDirectoryIndexSize=160
[2025.11.23-02.55.10:213][  0]LogShaderLibrary: Display: ShaderCodeLibraryPakFileMountedCallback: PakFile 'C:/Genshin/UE_4.27/FeaturePacks/MobileStarterContent.upack' (chunk index -1, root 'root:/') mounted
[2025.11.23-02.55.10:213][  0]LogShaderLibrary: Display: ShaderCodeLibraryPakFileMountedCallback: pending pak file info (ChunkID:-1 Root:root:/ File:C:/Genshin/UE_4.27/FeaturePacks/MobileStarterContent.upack)
[2025.11.23-02.55.10:213][  0]LogPakFile: OnPakFileMounted2Time == 0.000062
[2025.11.23-02.55.10:227][  0]LogPakFile: PakFile PrimaryIndexSize=185
[2025.11.23-02.55.10:227][  0]LogPakFile: PakFile PathHashIndexSize=101
[2025.11.23-02.55.10:227][  0]LogPakFile: PakFile FullDirectoryIndexSize=148
[2025.11.23-02.55.10:227][  0]LogShaderLibrary: Display: ShaderCodeLibraryPakFileMountedCallback: PakFile 'C:/Genshin/UE_4.27/FeaturePacks/StarterContent.upack' (chunk index -1, root 'root:/') mounted
[2025.11.23-02.55.10:227][  0]LogShaderLibrary: Display: ShaderCodeLibraryPakFileMountedCallback: pending pak file info (ChunkID:-1 Root:root:/ File:C:/Genshin/UE_4.27/FeaturePacks/StarterContent.upack)
[2025.11.23-02.55.10:227][  0]LogPakFile: OnPakFileMounted2Time == 0.000047
[2025.11.23-02.55.10:238][  0]LogPakFile: PakFile PrimaryIndexSize=190
[2025.11.23-02.55.10:238][  0]LogPakFile: PakFile PathHashIndexSize=101
[2025.11.23-02.55.10:238][  0]LogPakFile: PakFile FullDirectoryIndexSize=154
[2025.11.23-02.55.10:238][  0]LogShaderLibrary: Display: ShaderCodeLibraryPakFileMountedCallback: PakFile 'C:/Genshin/UE_4.27/FeaturePacks/TP_2DSideScroller.upack' (chunk index -1, root 'root:/') mounted
[2025.11.23-02.55.10:238][  0]LogShaderLibrary: Display: ShaderCodeLibraryPakFileMountedCallback: pending pak file info (ChunkID:-1 Root:root:/ File:C:/Genshin/UE_4.27/FeaturePacks/TP_2DSideScroller.upack)
[2025.11.23-02.55.10:238][  0]LogPakFile: OnPakFileMounted2Time == 0.000061
[2025.11.23-02.55.10:249][  0]LogPakFile: PakFile PrimaryIndexSize=192
[2025.11.23-02.55.10:249][  0]LogPakFile: PakFile PathHashIndexSize=101
[2025.11.23-02.55.10:249][  0]LogPakFile: PakFile FullDirectoryIndexSize=158
[2025.11.23-02.55.10:249][  0]LogShaderLibrary: Display: ShaderCodeLibraryPakFileMountedCallback: PakFile 'C:/Genshin/UE_4.27/FeaturePacks/TP_2DSideScrollerBP.upack' (chunk index -1, root 'root:/') mounted
[2025.11.23-02.55.10:249][  0]LogShaderLibrary: Display: ShaderCodeLibraryPakFileMountedCallback: pending pak file info (ChunkID:-1 Root:root:/ File:C:/Genshin/UE_4.27/FeaturePacks/TP_2DSideScrollerBP.upack)
[2025.11.23-02.55.10:249][  0]LogPakFile: OnPakFileMounted2Time == 0.000059
[2025.11.23-02.55.10:261][  0]LogPakFile: PakFile PrimaryIndexSize=182
[2025.11.23-02.55.10:261][  0]LogPakFile: PakFile PathHashIndexSize=101
[2025.11.23-02.55.10:261][  0]LogPakFile: PakFile FullDirectoryIndexSize=138
[2025.11.23-02.55.10:261][  0]LogShaderLibrary: Display: ShaderCodeLibraryPakFileMountedCallback: PakFile 'C:/Genshin/UE_4.27/FeaturePacks/TP_Flying.upack' (chunk index -1, root 'root:/') mounted
[2025.11.23-02.55.10:261][  0]LogShaderLibrary: Display: ShaderCodeLibraryPakFileMountedCallback: pending pak file info (ChunkID:-1 Root:root:/ File:C:/Genshin/UE_4.27/FeaturePacks/TP_Flying.upack)
[2025.11.23-02.55.10:261][  0]LogPakFile: OnPakFileMounted2Time == 0.000072
[2025.11.23-02.55.10:273][  0]LogPakFile: PakFile PrimaryIndexSize=184
[2025.11.23-02.55.10:273][  0]LogPakFile: PakFile PathHashIndexSize=101
[2025.11.23-02.55.10:273][  0]LogPakFile: PakFile FullDirectoryIndexSize=142
[2025.11.23-02.55.10:273][  0]LogShaderLibrary: Display: ShaderCodeLibraryPakFileMountedCallback: PakFile 'C:/Genshin/UE_4.27/FeaturePacks/TP_FlyingBP.upack' (chunk index -1, root 'root:/') mounted
[2025.11.23-02.55.10:273][  0]LogShaderLibrary: Display: ShaderCodeLibraryPakFileMountedCallback: pending pak file info (ChunkID:-1 Root:root:/ File:C:/Genshin/UE_4.27/FeaturePacks/TP_FlyingBP.upack)
[2025.11.23-02.55.10:274][  0]LogPakFile: OnPakFileMounted2Time == 0.000061
[2025.11.23-02.55.10:299][  0]LogPakFile: PakFile PrimaryIndexSize=188
[2025.11.23-02.55.10:299][  0]LogPakFile: PakFile PathHashIndexSize=101
[2025.11.23-02.55.10:299][  0]LogPakFile: PakFile FullDirectoryIndexSize=150
[2025.11.23-02.55.10:299][  0]LogShaderLibrary: Display: ShaderCodeLibraryPakFileMountedCallback: PakFile 'C:/Genshin/UE_4.27/FeaturePacks/TP_HandheldARBP.upack' (chunk index -1, root 'root:/') mounted
[2025.11.23-02.55.10:299][  0]LogShaderLibrary: Display: ShaderCodeLibraryPakFileMountedCallback: pending pak file info (ChunkID:-1 Root:root:/ File:C:/Genshin/UE_4.27/FeaturePacks/TP_HandheldARBP.upack)
[2025.11.23-02.55.10:299][  0]LogPakFile: OnPakFileMounted2Time == 0.000045
[2025.11.23-02.55.10:311][  0]LogPakFile: PakFile PrimaryIndexSize=182
[2025.11.23-02.55.10:311][  0]LogPakFile: PakFile PathHashIndexSize=101
[2025.11.23-02.55.10:311][  0]LogPakFile: PakFile FullDirectoryIndexSize=138
[2025.11.23-02.55.10:311][  0]LogShaderLibrary: Display: ShaderCodeLibraryPakFileMountedCallback: PakFile 'C:/Genshin/UE_4.27/FeaturePacks/TP_Puzzle.upack' (chunk index -1, root 'root:/') mounted
[2025.11.23-02.55.10:311][  0]LogShaderLibrary: Display: ShaderCodeLibraryPakFileMountedCallback: pending pak file info (ChunkID:-1 Root:root:/ File:C:/Genshin/UE_4.27/FeaturePacks/TP_Puzzle.upack)
[2025.11.23-02.55.10:311][  0]LogPakFile: OnPakFileMounted2Time == 0.000060
[2025.11.23-02.55.10:323][  0]LogPakFile: PakFile PrimaryIndexSize=184
[2025.11.23-02.55.10:323][  0]LogPakFile: PakFile PathHashIndexSize=101
[2025.11.23-02.55.10:323][  0]LogPakFile: PakFile FullDirectoryIndexSize=142
[2025.11.23-02.55.10:323][  0]LogShaderLibrary: Display: ShaderCodeLibraryPakFileMountedCallback: PakFile 'C:/Genshin/UE_4.27/FeaturePacks/TP_PuzzleBP.upack' (chunk index -1, root 'root:/') mounted
[2025.11.23-02.55.10:323][  0]LogShaderLibrary: Display: ShaderCodeLibraryPakFileMountedCallback: pending pak file info (ChunkID:-1 Root:root:/ File:C:/Genshin/UE_4.27/FeaturePacks/TP_PuzzleBP.upack)
[2025.11.23-02.55.10:324][  0]LogPakFile: OnPakFileMounted2Time == 0.000062
[2025.11.23-02.55.10:335][  0]LogPakFile: PakFile PrimaryIndexSize=183
[2025.11.23-02.55.10:335][  0]LogPakFile: PakFile PathHashIndexSize=101
[2025.11.23-02.55.10:335][  0]LogPakFile: PakFile FullDirectoryIndexSize=140
[2025.11.23-02.55.10:336][  0]LogShaderLibrary: Display: ShaderCodeLibraryPakFileMountedCallback: PakFile 'C:/Genshin/UE_4.27/FeaturePacks/TP_Rolling.upack' (chunk index -1, root 'root:/') mounted
[2025.11.23-02.55.10:336][  0]LogShaderLibrary: Display: ShaderCodeLibraryPakFileMountedCallback: pending pak file info (ChunkID:-1 Root:root:/ File:C:/Genshin/UE_4.27/FeaturePacks/TP_Rolling.upack)
[2025.11.23-02.55.10:336][  0]LogPakFile: OnPakFileMounted2Time == 0.000060
[2025.11.23-02.55.10:348][  0]LogPakFile: PakFile PrimaryIndexSize=185
[2025.11.23-02.55.10:348][  0]LogPakFile: PakFile PathHashIndexSize=101
[2025.11.23-02.55.10:348][  0]LogPakFile: PakFile FullDirectoryIndexSize=144
[2025.11.23-02.55.10:348][  0]LogShaderLibrary: Display: ShaderCodeLibraryPakFileMountedCallback: PakFile 'C:/Genshin/UE_4.27/FeaturePacks/TP_RollingBP.upack' (chunk index -1, root 'root:/') mounted
[2025.11.23-02.55.10:348][  0]LogShaderLibrary: Display: ShaderCodeLibraryPakFileMountedCallback: pending pak file info (ChunkID:-1 Root:root:/ File:C:/Genshin/UE_4.27/FeaturePacks/TP_RollingBP.upack)
[2025.11.23-02.55.10:348][  0]LogPakFile: OnPakFileMounted2Time == 0.000060
[2025.11.23-02.55.10:358][  0]LogPakFile: PakFile PrimaryIndexSize=188
[2025.11.23-02.55.10:358][  0]LogPakFile: PakFile PathHashIndexSize=101
[2025.11.23-02.55.10:358][  0]LogPakFile: PakFile FullDirectoryIndexSize=150
[2025.11.23-02.55.10:358][  0]LogShaderLibrary: Display: ShaderCodeLibraryPakFileMountedCallback: PakFile 'C:/Genshin/UE_4.27/FeaturePacks/TP_SideScroller.upack' (chunk index -1, root 'root:/') mounted
[2025.11.23-02.55.10:358][  0]LogShaderLibrary: Display: ShaderCodeLibraryPakFileMountedCallback: pending pak file info (ChunkID:-1 Root:root:/ File:C:/Genshin/UE_4.27/FeaturePacks/TP_SideScroller.upack)
[2025.11.23-02.55.10:360][  0]LogPakFile: OnPakFileMounted2Time == 0.000060
[2025.11.23-02.55.10:375][  0]LogPakFile: PakFile PrimaryIndexSize=190
[2025.11.23-02.55.10:375][  0]LogPakFile: PakFile PathHashIndexSize=101
[2025.11.23-02.55.10:375][  0]LogPakFile: PakFile FullDirectoryIndexSize=154
[2025.11.23-02.55.10:375][  0]LogShaderLibrary: Display: ShaderCodeLibraryPakFileMountedCallback: PakFile 'C:/Genshin/UE_4.27/FeaturePacks/TP_SideScrollerBP.upack' (chunk index -1, root 'root:/') mounted
[2025.11.23-02.55.10:375][  0]LogShaderLibrary: Display: ShaderCodeLibraryPakFileMountedCallback: pending pak file info (ChunkID:-1 Root:root:/ File:C:/Genshin/UE_4.27/FeaturePacks/TP_SideScrollerBP.upack)
[2025.11.23-02.55.10:375][  0]LogPakFile: OnPakFileMounted2Time == 0.000077
[2025.11.23-02.55.10:392][  0]LogPakFile: PakFile PrimaryIndexSize=187
[2025.11.23-02.55.10:392][  0]LogPakFile: PakFile PathHashIndexSize=101
[2025.11.23-02.55.10:392][  0]LogPakFile: PakFile FullDirectoryIndexSize=148
[2025.11.23-02.55.10:392][  0]LogShaderLibrary: Display: ShaderCodeLibraryPakFileMountedCallback: PakFile 'C:/Genshin/UE_4.27/FeaturePacks/TP_ThirdPerson.upack' (chunk index -1, root 'root:/') mounted
[2025.11.23-02.55.10:392][  0]LogShaderLibrary: Display: ShaderCodeLibraryPakFileMountedCallback: pending pak file info (ChunkID:-1 Root:root:/ File:C:/Genshin/UE_4.27/FeaturePacks/TP_ThirdPerson.upack)
[2025.11.23-02.55.10:392][  0]LogPakFile: OnPakFileMounted2Time == 0.000045
[2025.11.23-02.55.10:403][  0]LogPakFile: PakFile PrimaryIndexSize=189
[2025.11.23-02.55.10:403][  0]LogPakFile: PakFile PathHashIndexSize=101
[2025.11.23-02.55.10:403][  0]LogPakFile: PakFile FullDirectoryIndexSize=152
[2025.11.23-02.55.10:403][  0]LogShaderLibrary: Display: ShaderCodeLibraryPakFileMountedCallback: PakFile 'C:/Genshin/UE_4.27/FeaturePacks/TP_ThirdPersonBP.upack' (chunk index -1, root 'root:/') mounted
[2025.11.23-02.55.10:403][  0]LogShaderLibrary: Display: ShaderCodeLibraryPakFileMountedCallback: pending pak file info (ChunkID:-1 Root:root:/ File:C:/Genshin/UE_4.27/FeaturePacks/TP_ThirdPersonBP.upack)
[2025.11.23-02.55.10:403][  0]LogPakFile: OnPakFileMounted2Time == 0.000066
[2025.11.23-02.55.10:414][  0]LogPakFile: PakFile PrimaryIndexSize=183
[2025.11.23-02.55.10:414][  0]LogPakFile: PakFile PathHashIndexSize=101
[2025.11.23-02.55.10:414][  0]LogPakFile: PakFile FullDirectoryIndexSize=140
[2025.11.23-02.55.10:414][  0]LogShaderLibrary: Display: ShaderCodeLibraryPakFileMountedCallback: PakFile 'C:/Genshin/UE_4.27/FeaturePacks/TP_TopDown.upack' (chunk index -1, root 'root:/') mounted
[2025.11.23-02.55.10:414][  0]LogShaderLibrary: Display: ShaderCodeLibraryPakFileMountedCallback: pending pak file info (ChunkID:-1 Root:root:/ File:C:/Genshin/UE_4.27/FeaturePacks/TP_TopDown.upack)
[2025.11.23-02.55.10:414][  0]LogPakFile: OnPakFileMounted2Time == 0.000081
[2025.11.23-02.55.10:426][  0]LogPakFile: PakFile PrimaryIndexSize=185
[2025.11.23-02.55.10:426][  0]LogPakFile: PakFile PathHashIndexSize=101
[2025.11.23-02.55.10:426][  0]LogPakFile: PakFile FullDirectoryIndexSize=144
[2025.11.23-02.55.10:426][  0]LogShaderLibrary: Display: ShaderCodeLibraryPakFileMountedCallback: PakFile 'C:/Genshin/UE_4.27/FeaturePacks/TP_TopDownBP.upack' (chunk index -1, root 'root:/') mounted
[2025.11.23-02.55.10:426][  0]LogShaderLibrary: Display: ShaderCodeLibraryPakFileMountedCallback: pending pak file info (ChunkID:-1 Root:root:/ File:C:/Genshin/UE_4.27/FeaturePacks/TP_TopDownBP.upack)
[2025.11.23-02.55.10:426][  0]LogPakFile: OnPakFileMounted2Time == 0.000067
[2025.11.23-02.55.10:441][  0]LogPakFile: PakFile PrimaryIndexSize=185
[2025.11.23-02.55.10:441][  0]LogPakFile: PakFile PathHashIndexSize=101
[2025.11.23-02.55.10:441][  0]LogPakFile: PakFile FullDirectoryIndexSize=144
[2025.11.23-02.55.10:441][  0]LogShaderLibrary: Display: ShaderCodeLibraryPakFileMountedCallback: PakFile 'C:/Genshin/UE_4.27/FeaturePacks/TP_TwinStick.upack' (chunk index -1, root 'root:/') mounted
[2025.11.23-02.55.10:441][  0]LogShaderLibrary: Display: ShaderCodeLibraryPakFileMountedCallback: pending pak file info (ChunkID:-1 Root:root:/ File:C:/Genshin/UE_4.27/FeaturePacks/TP_TwinStick.upack)
[2025.11.23-02.55.10:441][  0]LogPakFile: OnPakFileMounted2Time == 0.000075
[2025.11.23-02.55.10:453][  0]LogPakFile: PakFile PrimaryIndexSize=187
[2025.11.23-02.55.10:453][  0]LogPakFile: PakFile PathHashIndexSize=101
[2025.11.23-02.55.10:453][  0]LogPakFile: PakFile FullDirectoryIndexSize=148
[2025.11.23-02.55.10:453][  0]LogShaderLibrary: Display: ShaderCodeLibraryPakFileMountedCallback: PakFile 'C:/Genshin/UE_4.27/FeaturePacks/TP_TwinStickBP.upack' (chunk index -1, root 'root:/') mounted
[2025.11.23-02.55.10:454][  0]LogShaderLibrary: Display: ShaderCodeLibraryPakFileMountedCallback: pending pak file info (ChunkID:-1 Root:root:/ File:C:/Genshin/UE_4.27/FeaturePacks/TP_TwinStickBP.upack)
[2025.11.23-02.55.10:454][  0]LogPakFile: OnPakFileMounted2Time == 0.000061
[2025.11.23-02.55.10:464][  0]LogPakFile: PakFile PrimaryIndexSize=183
[2025.11.23-02.55.10:464][  0]LogPakFile: PakFile PathHashIndexSize=101
[2025.11.23-02.55.10:466][  0]LogPakFile: PakFile FullDirectoryIndexSize=140
[2025.11.23-02.55.10:466][  0]LogShaderLibrary: Display: ShaderCodeLibraryPakFileMountedCallback: PakFile 'C:/Genshin/UE_4.27/FeaturePacks/TP_Vehicle.upack' (chunk index -1, root 'root:/') mounted
[2025.11.23-02.55.10:466][  0]LogShaderLibrary: Display: ShaderCodeLibraryPakFileMountedCallback: pending pak file info (ChunkID:-1 Root:root:/ File:C:/Genshin/UE_4.27/FeaturePacks/TP_Vehicle.upack)
[2025.11.23-02.55.10:466][  0]LogPakFile: OnPakFileMounted2Time == 0.000097
[2025.11.23-02.55.10:478][  0]LogPakFile: PakFile PrimaryIndexSize=186
[2025.11.23-02.55.10:478][  0]LogPakFile: PakFile PathHashIndexSize=101
[2025.11.23-02.55.10:478][  0]LogPakFile: PakFile FullDirectoryIndexSize=146
[2025.11.23-02.55.10:478][  0]LogShaderLibrary: Display: ShaderCodeLibraryPakFileMountedCallback: PakFile 'C:/Genshin/UE_4.27/FeaturePacks/TP_VehicleAdv.upack' (chunk index -1, root 'root:/') mounted
[2025.11.23-02.55.10:478][  0]LogShaderLibrary: Display: ShaderCodeLibraryPakFileMountedCallback: pending pak file info (ChunkID:-1 Root:root:/ File:C:/Genshin/UE_4.27/FeaturePacks/TP_VehicleAdv.upack)
[2025.11.23-02.55.10:478][  0]LogPakFile: OnPakFileMounted2Time == 0.000080
[2025.11.23-02.55.10:491][  0]LogPakFile: PakFile PrimaryIndexSize=188
[2025.11.23-02.55.10:491][  0]LogPakFile: PakFile PathHashIndexSize=101
[2025.11.23-02.55.10:491][  0]LogPakFile: PakFile FullDirectoryIndexSize=150
[2025.11.23-02.55.10:491][  0]LogShaderLibrary: Display: ShaderCodeLibraryPakFileMountedCallback: PakFile 'C:/Genshin/UE_4.27/FeaturePacks/TP_VehicleAdvBP.upack' (chunk index -1, root 'root:/') mounted
[2025.11.23-02.55.10:491][  0]LogShaderLibrary: Display: ShaderCodeLibraryPakFileMountedCallback: pending pak file info (ChunkID:-1 Root:root:/ File:C:/Genshin/UE_4.27/FeaturePacks/TP_VehicleAdvBP.upack)
[2025.11.23-02.55.10:491][  0]LogPakFile: OnPakFileMounted2Time == 0.000076
[2025.11.23-02.55.10:503][  0]LogPakFile: PakFile PrimaryIndexSize=185
[2025.11.23-02.55.10:503][  0]LogPakFile: PakFile PathHashIndexSize=101
[2025.11.23-02.55.10:503][  0]LogPakFile: PakFile FullDirectoryIndexSize=144
[2025.11.23-02.55.10:503][  0]LogShaderLibrary: Display: ShaderCodeLibraryPakFileMountedCallback: PakFile 'C:/Genshin/UE_4.27/FeaturePacks/TP_VehicleBP.upack' (chunk index -1, root 'root:/') mounted
[2025.11.23-02.55.10:503][  0]LogShaderLibrary: Display: ShaderCodeLibraryPakFileMountedCallback: pending pak file info (ChunkID:-1 Root:root:/ File:C:/Genshin/UE_4.27/FeaturePacks/TP_VehicleBP.upack)
[2025.11.23-02.55.10:503][  0]LogPakFile: OnPakFileMounted2Time == 0.000067
[2025.11.23-02.55.10:515][  0]LogPakFile: PakFile PrimaryIndexSize=192
[2025.11.23-02.55.10:515][  0]LogPakFile: PakFile PathHashIndexSize=101
[2025.11.23-02.55.10:515][  0]LogPakFile: PakFile FullDirectoryIndexSize=158
[2025.11.23-02.55.10:515][  0]LogShaderLibrary: Display: ShaderCodeLibraryPakFileMountedCallback: PakFile 'C:/Genshin/UE_4.27/FeaturePacks/TP_VirtualRealityBP.upack' (chunk index -1, root 'root:/') mounted
[2025.11.23-02.55.10:515][  0]LogShaderLibrary: Display: ShaderCodeLibraryPakFileMountedCallback: pending pak file info (ChunkID:-1 Root:root:/ File:C:/Genshin/UE_4.27/FeaturePacks/TP_VirtualRealityBP.upack)
[2025.11.23-02.55.10:515][  0]LogPakFile: OnPakFileMounted2Time == 0.000061
[2025.11.23-02.55.10:899][  0]LogNativeClassHierarchy: Verbose: Native class hierarchy updated for 'AddContentDialog' in 0.0004 seconds. Added 0 classes and 0 folders.
[2025.11.23-02.55.10:904][  0]LogNativeClassHierarchy: Verbose: Native class hierarchy updated for 'SceneOutliner' in 0.0004 seconds. Added 2 classes and 0 folders.
[2025.11.23-02.55.11:127][  0]LogSlate: Took 0.000338 seconds to synchronously load lazily loaded font '../../../Engine/Content/Slate/Fonts/Roboto-Regular.ttf' (155K)
[2025.11.23-02.55.11:144][  0]LogSlate: Took 0.013694 seconds to synchronously load lazily loaded font '../../../Engine/Content/Editor/Slate/Fonts/FontAwesome.ttf' (139K)
[2025.11.23-02.55.11:146][  0]LogSlate: Took 0.000279 seconds to synchronously load lazily loaded font '../../../Engine/Content/Slate/Fonts/Roboto-Bold.ttf' (160K)
[2025.11.23-02.55.11:429][  0]LogRenderer: Reallocating scene render targets to support 904x428 Format 10 NumSamples 1 (Frame:1).
[2025.11.23-02.55.11:643][  0]LogNativeClassHierarchy: Verbose: Native class hierarchy updated for 'HierarchicalLODOutliner' in 0.0004 seconds. Added 0 classes and 0 folders.
[2025.11.23-02.55.11:643][  0]LogLoad: (Engine Initialization) Total time: 14.27 seconds
[2025.11.23-02.55.11:643][  0]LogLoad: (Engine Initialization) Total Blueprint compile time: 0.00 seconds
[2025.11.23-02.55.11:707][  0]LogAssetRegistry: Asset discovery search completed in 7.8030 seconds
[2025.11.23-02.55.11:715][  0]LogCollectionManager: Fixed up redirectors for 0 collections in 0.000004 seconds (updated 0 objects)
[2025.11.23-02.55.11:719][  0]LogContentStreaming: Texture pool size now 1000 MB
[2025.11.23-02.55.11:889][  3]LogSlate: Took 0.011909 seconds to synchronously load lazily loaded font '../../../Engine/Content/Slate/Fonts/Roboto-Light.ttf' (167K)
[2025.11.23-02.55.12:055][  4]LogAudioMixer: Display: Audio Buffer Underrun (starvation) detected.
[2025.11.23-02.55.12:696][ 32]LogSlate: Took 0.000279 seconds to synchronously load lazily loaded font '../../../Engine/Content/Slate/Fonts/Roboto-Light.ttf' (167K)
[2025.11.23-02.55.21:503][361]LogAssetEditorSubsystem: Opening Asset editor for Blueprint /Game/Player/Blueprints/Player_BP.Player_BP
[2025.11.23-02.55.23:344][361]LogNativeClassHierarchy: Verbose: Native class hierarchy updated for 'BlueprintGraph' in 0.0009 seconds. Added 126 classes and 0 folders.
[2025.11.23-02.55.25:145][361]LogSlate: Took 0.000267 seconds to synchronously load lazily loaded font '../../../Engine/Content/Slate/Fonts/Roboto-BoldCondensed.ttf' (158K)
[2025.11.23-02.55.26:923][367]LogAudioMixer: Display: Audio Buffer Underrun (starvation) detected.
[2025.11.23-02.55.34:191][791]LogTemp: Repeating last play command: Selected Viewport
[2025.11.23-02.55.34:215][791]LogPlayLevel: PlayLevel: No blueprints needed recompiling
[2025.11.23-02.55.34:225][791]PIE: New page: PIE session: MainMenu (Nov 22, 2025, 8:55:34 PM)
[2025.11.23-02.55.34:226][791]LogOnline: OSS: Creating online subsystem instance for: NULL
[2025.11.23-02.55.34:230][791]LogOnline: OSS: TryLoadSubsystemAndSetDefault: Loaded subsystem for module [NULL]
[2025.11.23-02.55.34:231][791]LogPlayLevel: Creating play world package: /Game/Mapas/Menu/UEDPIE_0_MainMenu
[2025.11.23-02.55.34:238][791]LogPlayLevel: PIE: StaticDuplicateObject took: (0.006620s)
[2025.11.23-02.55.34:242][791]LogAIModule: Creating AISystem for world MainMenu
[2025.11.23-02.55.34:243][791]LogPlayLevel: PIE: World Init took: (0.004253s)
[2025.11.23-02.55.34:243][791]LogPlayLevel: PIE: Created PIE world by copying editor world from /Game/Mapas/Menu/MainMenu.MainMenu to /Game/Mapas/Menu/UEDPIE_0_MainMenu.MainMenu (0.011401s)
[2025.11.23-02.55.34:272][791]LogUObjectHash: Compacting FUObjectHashTables data took   2.65ms
[2025.11.23-02.55.34:277][791]LogAudio: Display: Creating Audio Device:                 Id: 2, Scope: Unique, Realtime: True
[2025.11.23-02.55.34:277][791]LogAudioMixer: Display: Audio Mixer Platform Settings:
[2025.11.23-02.55.34:277][791]LogAudioMixer: Display: 	Sample Rate:						  48000
[2025.11.23-02.55.34:277][791]LogAudioMixer: Display: 	Callback Buffer Frame Size Requested: 1024
[2025.11.23-02.55.34:277][791]LogAudioMixer: Display: 	Callback Buffer Frame Size To Use:	  1024
[2025.11.23-02.55.34:277][791]LogAudioMixer: Display: 	Number of buffers to queue:			  2
[2025.11.23-02.55.34:277][791]LogAudioMixer: Display: 	Max Channels (voices):				  32
[2025.11.23-02.55.34:277][791]LogAudioMixer: Display: 	Number of Async Source Workers:		  0
[2025.11.23-02.55.34:277][791]LogAudio: Display: AudioDevice MaxSources: 32
[2025.11.23-02.55.34:277][791]LogAudio: Display: Audio Spatialization Plugin: None (built-in).
[2025.11.23-02.55.34:277][791]LogAudio: Display: Audio Reverb Plugin: None (built-in).
[2025.11.23-02.55.34:277][791]LogAudio: Display: Audio Occlusion Plugin: None (built-in).
[2025.11.23-02.55.34:277][791]LogAudioMixer: Display: Initializing audio mixer.
[2025.11.23-02.55.34:285][791]LogAudioMixer: Display: 0: FrontLeft
[2025.11.23-02.55.34:285][791]LogAudioMixer: Display: 1: FrontRight
[2025.11.23-02.55.34:305][791]LogAudioMixer: Display: Using Audio Device Alto-falantes (F998)
[2025.11.23-02.55.34:305][791]LogAudioMixer: Display: Initializing Sound Submixes...
[2025.11.23-02.55.34:306][791]LogAudioMixer: Display: Creating Master Submix 'MasterSubmixDefault'
[2025.11.23-02.55.34:306][791]LogAudioMixer: Display: Creating Master Submix 'MasterReverbSubmixDefault'
[2025.11.23-02.55.34:307][791]LogAudioMixer: Display: Creating Master Submix 'MasterEQSubmixDefault'
[2025.11.23-02.55.34:307][791]LogAudioMixer: FMixerPlatformXAudio2::StartAudioStream() called
[2025.11.23-02.55.34:307][791]LogAudioMixer: Display: Output buffers initialized: Frames=1024, Channels=2, Samples=2048
[2025.11.23-02.55.34:311][791]LogAudioMixer: Display: Starting AudioMixerPlatformInterface::RunInternal()
[2025.11.23-02.55.34:311][791]LogAudioMixer: Display: FMixerPlatformXAudio2::SubmitBuffer() called for the first time
[2025.11.23-02.55.34:311][791]LogInit: FAudioDevice initialized.
[2025.11.23-02.55.34:311][791]LogAudio: Display: Audio Device (ID: 2) registered with world 'MainMenu'.
[2025.11.23-02.55.34:325][791]LogLoad: Game class is 'GameMode'
[2025.11.23-02.55.34:331][791]LogWorld: Bringing World /Game/Mapas/Menu/UEDPIE_0_MainMenu.MainMenu up for play (max tick rate 60) at 2025.11.22-23.55.34
[2025.11.23-02.55.34:331][791]LogWorld: Bringing up level for play took: 0.001073
[2025.11.23-02.55.34:333][791]LogOnline: OSS: Creating online subsystem instance for: :Context_2
[2025.11.23-02.55.34:344][791]LogNativeClassHierarchy: Verbose: Native class hierarchy updated for 'MovieSceneCapture' in 0.0004 seconds. Added 20 classes and 0 folders.
[2025.11.23-02.55.34:344][791]LogGameMode: Display: Match State Changed from EnteringMap to WaitingToStart
[2025.11.23-02.55.34:344][791]LogGameState: Match State Changed from EnteringMap to WaitingToStart
[2025.11.23-02.55.34:344][791]LogGameMode: Display: Match State Changed from WaitingToStart to InProgress
[2025.11.23-02.55.34:356][791]LogGameState: Match State Changed from WaitingToStart to InProgress
[2025.11.23-02.55.34:356][791]PIE: Server logged in
[2025.11.23-02.55.34:360][791]PIE: Play in editor total start time 0.157 seconds.
[2025.11.23-02.55.36:170][873]LogGameMode: Display: Match State Changed from InProgress to LeavingMap
[2025.11.23-02.55.36:170][873]LogGameState: Match State Changed from InProgress to LeavingMap
[2025.11.23-02.55.36:170][873]LogNet: Browse: /Game/Mapas/Fases/MapaInicialAr/MapaInicial
[2025.11.23-02.55.36:170][873]LogLoad: LoadMap: /Game/Mapas/Fases/MapaInicialAr/MapaInicial
[2025.11.23-02.55.36:170][873]LogWorld: BeginTearingDown for /Game/Mapas/Menu/UEDPIE_0_MainMenu
[2025.11.23-02.55.36:172][873]LogWorld: UWorld::CleanupWorld for MainMenu, bSessionEnded=true, bCleanupResources=true
[2025.11.23-02.55.36:172][873]LogSlate: InvalidateAllWidgets triggered.  All widgets were invalidated
[2025.11.23-02.55.36:200][873]LogAudio: Display: Audio Device unregistered from world 'None'.
[2025.11.23-02.55.36:236][873]LogUObjectHash: Compacting FUObjectHashTables data took   4.70ms
[2025.11.23-02.55.36:447][873]LogAudio: Display: Audio Device (ID: 2) registered with world 'MapaInicial'.
[2025.11.23-02.55.36:448][873]LogAIModule: Creating AISystem for world MapaInicial
[2025.11.23-02.55.36:451][873]LogLoad: Game class is 'GameModeRL_C'
[2025.11.23-02.55.36:456][873]LogWorld: Bringing World /Game/Mapas/Fases/MapaInicialAr/UEDPIE_0_MapaInicial.MapaInicial up for play (max tick rate 60) at 2025.11.22-23.55.36
[2025.11.23-02.55.36:456][873]LogWorld: Bringing up level for play took: 0.003297
[2025.11.23-02.55.36:463][873]LogLoad: Took 0.292260 seconds to LoadMap(/Game/Mapas/Fases/MapaInicialAr/MapaInicial)
[2025.11.23-02.55.37:392][926]LogNet: Browse: /Game/Mapas/Fases/MapadeTeste/MapadeTeste
[2025.11.23-02.55.37:392][926]LogLoad: LoadMap: /Game/Mapas/Fases/MapadeTeste/MapadeTeste
[2025.11.23-02.55.37:392][926]LogWorld: BeginTearingDown for /Game/Mapas/Fases/MapaInicialAr/UEDPIE_0_MapaInicial
[2025.11.23-02.55.37:393][926]LogWorld: UWorld::CleanupWorld for MapaInicial, bSessionEnded=true, bCleanupResources=true
[2025.11.23-02.55.37:393][926]LogSlate: InvalidateAllWidgets triggered.  All widgets were invalidated
[2025.11.23-02.55.37:421][926]LogAudio: Display: Audio Device unregistered from world 'None'.
[2025.11.23-02.55.37:429][926]LogUObjectHash: Compacting FUObjectHashTables data took   3.57ms
[2025.11.23-02.55.38:397][926]LogAudio: Display: Audio Device (ID: 2) registered with world 'MapadeTeste'.
[2025.11.23-02.55.38:399][926]LogAIModule: Creating AISystem for world MapadeTeste
[2025.11.23-02.55.38:399][926]LogLoad: Game class is 'GameModeRL_C'
[2025.11.23-02.55.38:404][926]LogWorld: Bringing World /Game/Mapas/Fases/MapadeTeste/UEDPIE_0_MapadeTeste.MapadeTeste up for play (max tick rate 60) at 2025.11.22-23.55.38
[2025.11.23-02.55.38:409][926]LogWorld: Bringing up level for play took: 0.009446
[2025.11.23-02.55.38:412][926]LogLoad: Took 1.019905 seconds to LoadMap(/Game/Mapas/Fases/MapadeTeste/MapadeTeste)
[2025.11.23-02.55.44:317][267]LogSlate: Updating window title bar state: overlay mode, drag disabled, window buttons hidden, title bar hidden
[2025.11.23-02.55.44:317][267]LogWorld: BeginTearingDown for /Game/Mapas/Fases/MapadeTeste/UEDPIE_0_MapadeTeste
[2025.11.23-02.55.44:317][267]LogWorld: UWorld::CleanupWorld for MapadeTeste, bSessionEnded=true, bCleanupResources=true
[2025.11.23-02.55.44:317][267]LogSlate: InvalidateAllWidgets triggered.  All widgets were invalidated
[2025.11.23-02.55.44:331][267]LogPlayLevel: Display: Shutting down PIE online subsystems
[2025.11.23-02.55.44:336][267]LogSlate: InvalidateAllWidgets triggered.  All widgets were invalidated
[2025.11.23-02.55.44:362][267]LogAudio: Display: Audio Device unregistered from world 'None'.
[2025.11.23-02.55.44:362][267]LogAudioMixer: FMixerPlatformXAudio2::StopAudioStream() called
[2025.11.23-02.55.44:363][267]LogAudioMixer: FMixerPlatformXAudio2::StopAudioStream() called
[2025.11.23-02.55.44:365][267]LogSlate: Updating window title bar state: overlay mode, drag disabled, window buttons hidden, title bar hidden
[2025.11.23-02.55.44:370][267]LogUObjectHash: Compacting FUObjectHashTables data took   3.90ms
[2025.11.23-02.55.44:394][268]Cmd: SELECT NONE
[2025.11.23-02.55.44:401][268]Cmd: SELECT NONE
[2025.11.23-02.55.44:402][268]LogPlayLevel: Display: Destroying online subsystem :Context_2
[2025.11.23-02.55.51:077][659]LogAudioMixer: Display: Audio Buffer Underrun (starvation) detected.
[2025.11.23-02.55.54:158][833]LogSlate: Took 0.011356 seconds to synchronously load lazily loaded font '../../../Engine/Content/Slate/Fonts/Roboto-Italic.ttf' (157K)
[2025.11.23-02.56.04:780][430]LogAudioMixer: Display: Audio Buffer Underrun (starvation) detected.
[2025.11.23-02.56.20:887][350]LogAudioMixer: Display: Audio Buffer Underrun (starvation) detected.
[2025.11.23-02.56.40:931][538]LogAudioMixer: Display: Audio Buffer Underrun (starvation) detected.
[2025.11.23-02.56.55:251][386]LogAudioMixer: Display: Audio Buffer Underrun (starvation) detected.
[2025.11.23-02.57.06:194][ 37]LogUObjectHash: Compacting FUObjectHashTables data took   4.26ms
[2025.11.23-02.57.06:227][ 37]LogWorld: UWorld::CleanupWorld for World_0, bSessionEnded=true, bCleanupResources=true
[2025.11.23-02.57.06:227][ 37]LogSlate: InvalidateAllWidgets triggered.  All widgets were invalidated
[2025.11.23-02.57.06:354][ 37]LogSlate: Window 'ColunaDoendoSamurai - Unreal Editor' being destroyed
[2025.11.23-02.57.06:355][ 37]LogWindowsTextInputMethodSystem: Display: IME system deactivated.
[2025.11.23-02.57.06:563][ 38]Cmd: QUIT_EDITOR
[2025.11.23-02.57.06:563][ 38]LogCore: Engine exit requested (reason: UUnrealEdEngine::CloseEditor())
[2025.11.23-02.57.06:567][ 38]LogCore: Engine exit requested (reason: EngineExit() was called; note: exit was already requested)
[2025.11.23-02.57.06:630][ 38]LogAudio: Display: Beginning Audio Device Manager Shutdown (Module: AudioMixerXAudio2)...
[2025.11.23-02.57.06:630][ 38]LogAudio: Display: Destroying 1 Remaining Audio Device(s)...
[2025.11.23-02.57.06:630][ 38]LogAudio: Display: Audio Device unregistered from world 'MainMenu'.
[2025.11.23-02.57.06:630][ 38]LogAudioMixer: FMixerPlatformXAudio2::StopAudioStream() called
[2025.11.23-02.57.06:633][ 38]LogAudioMixer: FMixerPlatformXAudio2::StopAudioStream() called
[2025.11.23-02.57.06:750][ 38]LogAudio: Display: Audio Device Manager Shutdown
[2025.11.23-02.57.06:763][ 38]LogExit: Preparing to exit.
[2025.11.23-02.57.06:867][ 38]LogUObjectHash: Compacting FUObjectHashTables data took   4.01ms
[2025.11.23-02.57.08:145][ 38]LogDemo: Cleaned up 0 splitscreen connections with owner deletion
[2025.11.23-02.57.08:154][ 38]LogExit: Editor shut down
[2025.11.23-02.57.08:156][ 38]LogExit: Transaction tracking system shut down
[2025.11.23-02.57.08:571][ 38]LogExit: Object subsystem successfully closed.
[2025.11.23-02.57.08:594][ 38]LogShaderCompilers: Display: === FShaderJobCache stats ===
[2025.11.23-02.57.08:594][ 38]LogShaderCompilers: Display: Total job queries 0, among them cache hits 0 (0.00%)
[2025.11.23-02.57.08:594][ 38]LogShaderCompilers: Display: Tracking 0 distinct input hashes that result in 0 distinct outputs (0.00%)
[2025.11.23-02.57.08:594][ 38]LogShaderCompilers: Display: RAM used: 0.00 MB (0.00 GB) of 716.80 MB (0.70 GB) budget. Usage: 0.00%
[2025.11.23-02.57.08:594][ 38]LogShaderCompilers: Display: ================================================
[2025.11.23-02.57.08:601][ 38]LogShaderCompilers: Display: Shaders left to compile 0
[2025.11.23-02.57.08:639][ 38]LogModuleManager: Shutting down and abandoning module MovieSceneCapture (876)
[2025.11.23-02.57.08:640][ 38]LogModuleManager: Shutting down and abandoning module Voice (874)
[2025.11.23-02.57.08:640][ 38]LogModuleManager: Shutting down and abandoning module BlueprintGraph (872)
[2025.11.23-02.57.08:640][ 38]LogModuleManager: Shutting down and abandoning module HierarchicalLODOutliner (870)
[2025.11.23-02.57.08:640][ 38]LogModuleManager: Shutting down and abandoning module SceneOutliner (868)
[2025.11.23-02.57.08:640][ 38]LogModuleManager: Shutting down and abandoning module AddContentDialog (866)
[2025.11.23-02.57.08:641][ 38]LogModuleManager: Shutting down and abandoning module WidgetCarousel (865)
[2025.11.23-02.57.08:641][ 38]LogModuleManager: Shutting down and abandoning module EditorWidgets (862)
[2025.11.23-02.57.08:641][ 38]LogModuleManager: Shutting down and abandoning module StatsViewer (860)
[2025.11.23-02.57.08:641][ 38]LogModuleManager: Shutting down and abandoning module PIEPreviewDeviceProfileSelector (858)
[2025.11.23-02.57.08:641][ 38]LogModuleManager: Shutting down and abandoning module SequenceRecorderSections (856)
[2025.11.23-02.57.08:641][ 38]LogModuleManager: Shutting down and abandoning module AutomationWorker (854)
[2025.11.23-02.57.08:641][ 38]LogModuleManager: Shutting down and abandoning module SteamVREditor (852)
[2025.11.23-02.57.08:641][ 38]LogModuleManager: Shutting down and abandoning module OculusMR (850)
[2025.11.23-02.57.08:641][ 38]LogModuleManager: Shutting down and abandoning module TakeRecorderSources (848)
[2025.11.23-02.57.08:641][ 38]LogModuleManager: Shutting down and abandoning module TakeRecorder (847)
[2025.11.23-02.57.08:641][ 38]LogModuleManager: Shutting down and abandoning module TakeTrackRecorders (844)
[2025.11.23-02.57.08:641][ 38]LogModuleManager: Shutting down and abandoning module TakesCore (842)
[2025.11.23-02.57.08:641][ 38]LogModuleManager: Shutting down and abandoning module OpenXRInput (840)
[2025.11.23-02.57.08:641][ 38]LogModuleManager: Shutting down and abandoning module GooglePADEditor (838)
[2025.11.23-02.57.08:641][ 38]LogModuleManager: Shutting down and abandoning module AudioCaptureEditor (836)
[2025.11.23-02.57.08:641][ 38]LogModuleManager: Shutting down and abandoning module WmfMediaFactory (834)
[2025.11.23-02.57.08:641][ 38]LogModuleManager: Shutting down and abandoning module WmfMediaEditor (832)
[2025.11.23-02.57.08:641][ 38]LogModuleManager: Shutting down and abandoning module WebMMediaFactory (830)
[2025.11.23-02.57.08:641][ 38]LogModuleManager: Shutting down and abandoning module WebMMediaEditor (828)
[2025.11.23-02.57.08:641][ 38]LogModuleManager: Shutting down and abandoning module WebMMedia (826)
[2025.11.23-02.57.08:641][ 38]LogModuleManager: Shutting down and abandoning module MediaPlayerEditor (824)
[2025.11.23-02.57.08:641][ 38]LogModuleManager: Shutting down and abandoning module OpenExrWrapper (822)
[2025.11.23-02.57.08:641][ 38]LogModuleManager: Shutting down and abandoning module ImgMediaFactory (820)
[2025.11.23-02.57.08:641][ 38]LogModuleManager: Shutting down and abandoning module ImgMediaEditor (818)
[2025.11.23-02.57.08:642][ 38]LogModuleManager: Shutting down and abandoning module MediaCompositingEditor (816)
[2025.11.23-02.57.08:642][ 38]LogModuleManager: Shutting down and abandoning module SequenceRecorder (815)
[2025.11.23-02.57.08:642][ 38]LogModuleManager: Shutting down and abandoning module AvfMediaFactory (812)
[2025.11.23-02.57.08:642][ 38]LogModuleManager: Shutting down and abandoning module AvfMediaEditor (810)
[2025.11.23-02.57.08:642][ 38]LogModuleManager: Shutting down and abandoning module AndroidMediaFactory (808)
[2025.11.23-02.57.08:642][ 38]LogModuleManager: Shutting down and abandoning module AndroidMediaEditor (806)
[2025.11.23-02.57.08:642][ 38]LogModuleManager: Shutting down and abandoning module PlanarCut (804)
[2025.11.23-02.57.08:642][ 38]LogModuleManager: Shutting down and abandoning module TemplateSequenceEditor (802)
[2025.11.23-02.57.08:642][ 38]LogModuleManager: Shutting down and abandoning module MatineeToLevelSequence (800)
[2025.11.23-02.57.08:642][ 38]LogModuleManager: Shutting down and abandoning module LevelSequenceEditor (798)
[2025.11.23-02.57.08:642][ 38]LogModuleManager: Shutting down and abandoning module ActorSequenceEditor (796)
[2025.11.23-02.57.08:642][ 38]LogModuleManager: Shutting down and abandoning module CharacterAI (794)
[2025.11.23-02.57.08:642][ 38]LogModuleManager: Shutting down and abandoning module MagicLeapMediaCodecFactory (792)
[2025.11.23-02.57.08:642][ 38]LogModuleManager: Shutting down and abandoning module MagicLeapMediaFactory (790)
[2025.11.23-02.57.08:642][ 38]LogModuleManager: Shutting down and abandoning module MagicLeapMediaEditor (788)
[2025.11.23-02.57.08:642][ 38]LogModuleManager: Shutting down and abandoning module TextureAlignMode (786)
[2025.11.23-02.57.08:642][ 38]LogModuleManager: Shutting down and abandoning module BspMode (784)
[2025.11.23-02.57.08:642][ 38]LogModuleManager: Shutting down and abandoning module GeometryMode (782)
[2025.11.23-02.57.08:642][ 38]LogModuleManager: Shutting down and abandoning module CameraShakePreviewer (780)
[2025.11.23-02.57.08:642][ 38]LogModuleManager: Shutting down and abandoning module SmartSnapping (778)
[2025.11.23-02.57.08:642][ 38]LogModuleManager: Shutting down and abandoning module SessionServices (776)
[2025.11.23-02.57.08:642][ 38]LogModuleManager: Shutting down and abandoning module MeshPaint (774)
[2025.11.23-02.57.08:642][ 38]LogModuleManager: Shutting down and abandoning module VirtualTexturingEditor (772)
[2025.11.23-02.57.08:642][ 38]LogModuleManager: Shutting down and abandoning module FoliageEdit (770)
[2025.11.23-02.57.08:642][ 38]LogModuleManager: Shutting down and abandoning module LandscapeEditor (768)
[2025.11.23-02.57.08:642][ 38]LogModuleManager: Shutting down and abandoning module MeshPaintMode (766)
[2025.11.23-02.57.08:642][ 38]LogModuleManager: Shutting down and abandoning module SceneDepthPickerMode (764)
[2025.11.23-02.57.08:642][ 38]LogModuleManager: Shutting down and abandoning module ActorPickerMode (762)
[2025.11.23-02.57.08:642][ 38]LogModuleManager: Shutting down and abandoning module PlacementMode (760)
[2025.11.23-02.57.08:642][ 38]LogModuleManager: Shutting down and abandoning module ViewportSnapping (758)
[2025.11.23-02.57.08:642][ 38]LogModuleManager: Shutting down and abandoning module ViewportInteraction (756)
[2025.11.23-02.57.08:642][ 38]LogModuleManager: Shutting down and abandoning module ClothPainter (754)
[2025.11.23-02.57.08:642][ 38]LogModuleManager: Shutting down and abandoning module SkeletalMeshEditor (753)
[2025.11.23-02.57.08:642][ 38]LogModuleManager: Shutting down and abandoning module LogVisualizer (750)
[2025.11.23-02.57.08:642][ 38]LogModuleManager: Shutting down and abandoning module IntroTutorials (748)
[2025.11.23-02.57.08:643][ 38]LogModuleManager: Shutting down and abandoning module GameProjectGeneration (747)
[2025.11.23-02.57.08:643][ 38]LogModuleManager: Shutting down and abandoning module LuminPlatformEditor (744)
[2025.11.23-02.57.08:643][ 38]LogModuleManager: Shutting down and abandoning module IOSPlatformEditor (742)
[2025.11.23-02.57.08:643][ 38]LogModuleManager: Shutting down and abandoning module AndroidPlatformEditor (740)
[2025.11.23-02.57.08:643][ 38]LogModuleManager: Shutting down and abandoning module AndroidDeviceDetection (739)
[2025.11.23-02.57.08:800][ 38]LogModuleManager: Shutting down and abandoning module WindowsPlatformEditor (736)
[2025.11.23-02.57.08:800][ 38]LogModuleManager: Shutting down and abandoning module LuminRuntimeSettings (734)
[2025.11.23-02.57.08:800][ 38]LogModuleManager: Shutting down and abandoning module IOSRuntimeSettings (732)
[2025.11.23-02.57.08:800][ 38]LogModuleManager: Shutting down and abandoning module AndroidRuntimeSettings (730)
[2025.11.23-02.57.08:800][ 38]LogModuleManager: Shutting down and abandoning module TraceInsights (728)
[2025.11.23-02.57.08:800][ 38]MemoryProfiler: Shutdown
[2025.11.23-02.57.08:800][ 38]NetworkingProfiler: Shutdown
[2025.11.23-02.57.08:800][ 38]LoadingProfiler: Shutdown
[2025.11.23-02.57.08:800][ 38]TimingProfiler: Shutdown
[2025.11.23-02.57.08:800][ 38]LogModuleManager: Shutting down and abandoning module TraceServices (727)
[2025.11.23-02.57.08:800][ 38]LogModuleManager: Shutting down and abandoning module EditorInteractiveToolsFramework (724)
[2025.11.23-02.57.08:800][ 38]LogModuleManager: Shutting down and abandoning module TimeManagementEditor (722)
[2025.11.23-02.57.08:800][ 38]LogModuleManager: Shutting down and abandoning module InputBindingEditor (720)
[2025.11.23-02.57.08:800][ 38]LogModuleManager: Shutting down and abandoning module MergeActors (718)
[2025.11.23-02.57.08:800][ 38]LogModuleManager: Shutting down and abandoning module LocalizationDashboard (716)
[2025.11.23-02.57.08:801][ 38]LogModuleManager: Shutting down and abandoning module LocalizationService (715)
[2025.11.23-02.57.08:801][ 38]LogModuleManager: Shutting down and abandoning module HardwareTargeting (712)
[2025.11.23-02.57.08:801][ 38]LogModuleManager: Shutting down and abandoning module DeviceProfileEditor (710)
[2025.11.23-02.57.08:801][ 38]LogModuleManager: Shutting down and abandoning module UndoHistory (708)
[2025.11.23-02.57.08:801][ 38]LogModuleManager: Shutting down and abandoning module XmlParser (706)
[2025.11.23-02.57.08:801][ 38]LogModuleManager: Shutting down and abandoning module Blutility (704)
[2025.11.23-02.57.08:801][ 38]LogModuleManager: Shutting down and abandoning module ProjectSettingsViewer (702)
[2025.11.23-02.57.08:801][ 38]LogModuleManager: Shutting down and abandoning module ProjectTargetPlatformEditor (701)
[2025.11.23-02.57.08:801][ 38]LogModuleManager: Shutting down and abandoning module EditorSettingsViewer (698)
[2025.11.23-02.57.08:801][ 38]LogModuleManager: Shutting down and abandoning module InternationalizationSettings (697)
[2025.11.23-02.57.08:801][ 38]LogModuleManager: Shutting down and abandoning module SettingsEditor (694)
[2025.11.23-02.57.08:801][ 38]LogModuleManager: Shutting down and abandoning module ProjectLauncher (692)
[2025.11.23-02.57.08:801][ 38]LogModuleManager: Shutting down and abandoning module SessionFrontend (690)
[2025.11.23-02.57.08:801][ 38]LogModuleManager: Shutting down and abandoning module ProfilerClient (688)
[2025.11.23-02.57.08:801][ 38]LogModuleManager: Shutting down and abandoning module DeviceManager (686)
[2025.11.23-02.57.08:801][ 38]LogModuleManager: Shutting down and abandoning module TargetDeviceServices (685)
[2025.11.23-02.57.08:834][ 38]LogModuleManager: Shutting down and abandoning module AutomationController (682)
[2025.11.23-02.57.08:834][ 38]LogModuleManager: Shutting down and abandoning module AutomationWindow (680)
[2025.11.23-02.57.08:834][ 38]LogModuleManager: Shutting down and abandoning module Layers (678)
[2025.11.23-02.57.08:834][ 38]LogModuleManager: Shutting down and abandoning module ComponentVisualizers (676)
[2025.11.23-02.57.08:834][ 38]LogModuleManager: Shutting down and abandoning module DetailCustomizations (674)
[2025.11.23-02.57.08:834][ 38]LogModuleManager: Shutting down and abandoning module PackagesDialog (672)
[2025.11.23-02.57.08:834][ 38]LogModuleManager: Shutting down and abandoning module AnimationBlueprintEditor (670)
[2025.11.23-02.57.08:834][ 38]LogModuleManager: Shutting down and abandoning module Persona (668)
[2025.11.23-02.57.08:834][ 38]LogModuleManager: Shutting down and abandoning module AdvancedPreviewScene (667)
[2025.11.23-02.57.08:834][ 38]LogModuleManager: Shutting down and abandoning module AnimGraph (665)
[2025.11.23-02.57.08:835][ 38]LogModuleManager: Shutting down and abandoning module Kismet (662)
[2025.11.23-02.57.08:851][ 38]LogModuleManager: Shutting down and abandoning module KismetWidgets (661)
[2025.11.23-02.57.08:851][ 38]LogModuleManager: Shutting down and abandoning module GraphEditor (658)
[2025.11.23-02.57.08:851][ 38]LogModuleManager: Shutting down and abandoning module StructViewer (656)
[2025.11.23-02.57.08:851][ 38]LogModuleManager: Shutting down and abandoning module ClassViewer (654)
[2025.11.23-02.57.08:851][ 38]LogModuleManager: Shutting down and abandoning module Toolbox (652)
[2025.11.23-02.57.08:851][ 38]LogModuleManager: Shutting down and abandoning module ModuleUI (650)
[2025.11.23-02.57.08:851][ 38]LogModuleManager: Shutting down and abandoning module OutputLog (648)
[2025.11.23-02.57.08:852][ 38]LogModuleManager: Shutting down and abandoning module GammaUI (646)
[2025.11.23-02.57.08:852][ 38]LogModuleManager: Shutting down and abandoning module Documentation (644)
[2025.11.23-02.57.08:852][ 38]LogModuleManager: Shutting down and abandoning module LiveCoding (642)
[2025.11.23-02.57.08:852][ 38]LogModuleManager: Shutting down and abandoning module LevelSequence (640)
[2025.11.23-02.57.08:852][ 38]LogModuleManager: Shutting down and abandoning module MovieSceneTracks (638)
[2025.11.23-02.57.08:852][ 38]LogModuleManager: Shutting down and abandoning module MovieScene (636)
[2025.11.23-02.57.08:852][ 38]LogModuleManager: Shutting down and abandoning module StreamingPauseRendering (634)
[2025.11.23-02.57.08:852][ 38]LogModuleManager: Shutting down and abandoning module LauncherPlatform (632)
[2025.11.23-02.57.08:852][ 38]LogModuleManager: Shutting down and abandoning module AnalyticsET (630)
[2025.11.23-02.57.08:852][ 38]LogModuleManager: Shutting down and abandoning module PortalServices (628)
[2025.11.23-02.57.08:852][ 38]LogModuleManager: Shutting down and abandoning module PortalRpc (626)
[2025.11.23-02.57.08:852][ 38]LogModuleManager: Shutting down and abandoning module MessagingRpc (624)
[2025.11.23-02.57.08:852][ 38]LogModuleManager: Shutting down and abandoning module AudioMixerXAudio2 (622)
[2025.11.23-02.57.08:852][ 38]LogModuleManager: Shutting down and abandoning module AudioMixerCore (621)
[2025.11.23-02.57.08:852][ 38]LogModuleManager: Shutting down and abandoning module AIModule (618)
[2025.11.23-02.57.08:852][ 38]LogModuleManager: Shutting down and abandoning module GameplayDebugger (617)
[2025.11.23-02.57.08:852][ 38]LogModuleManager: Shutting down and abandoning module AITestSuite (615)
[2025.11.23-02.57.08:852][ 38]LogModuleManager: Shutting down and abandoning module NavigationSystem (613)
[2025.11.23-02.57.08:852][ 38]LogModuleManager: Shutting down and abandoning module ImageWriteQueue (610)
[2025.11.23-02.57.08:852][ 38]LogModuleManager: Shutting down and abandoning module ProfilerService (608)
[2025.11.23-02.57.09:052][ 38]LogModuleManager: Shutting down and abandoning module TaskGraph (606)
[2025.11.23-02.57.09:052][ 38]LogModuleManager: Shutting down and abandoning module AudioSynesthesiaEditor (604)
[2025.11.23-02.57.09:052][ 38]LogModuleManager: Shutting down and abandoning module OculusEditor (602)
[2025.11.23-02.57.09:053][ 38]LogModuleManager: Shutting down and abandoning module OculusInput (600)
[2025.11.23-02.57.09:053][ 38]LogModuleManager: Shutting down and abandoning module ContentBrowserFileDataSource (598)
[2025.11.23-02.57.09:053][ 38]LogModuleManager: Shutting down and abandoning module ContentBrowserClassDataSource (596)
[2025.11.23-02.57.09:053][ 38]LogModuleManager: Shutting down and abandoning module ContentBrowserAssetDataSource (594)
[2025.11.23-02.57.09:053][ 38]LogModuleManager: Shutting down and abandoning module CollectionManager (593)
[2025.11.23-02.57.09:053][ 38]LogModuleManager: Shutting down and abandoning module SynthesisEditor (590)
[2025.11.23-02.57.09:053][ 38]LogModuleManager: Shutting down and abandoning module Synthesis (588)
[2025.11.23-02.57.09:053][ 38]LogModuleManager: Shutting down and abandoning module TakeSequencer (586)
[2025.11.23-02.57.09:053][ 38]LogModuleManager: Shutting down and abandoning module TakeMovieScene (584)
[2025.11.23-02.57.09:053][ 38]LogModuleManager: Shutting down and abandoning module ProceduralMeshComponentEditor (582)
[2025.11.23-02.57.09:053][ 38]LogModuleManager: Shutting down and abandoning module ProceduralMeshComponent (580)
[2025.11.23-02.57.09:053][ 38]LogModuleManager: Shutting down and abandoning module OpenXREditor (578)
[2025.11.23-02.57.09:053][ 38]LogModuleManager: Shutting down and abandoning module MobilePatchingUtils (576)
[2025.11.23-02.57.09:053][ 38]LogModuleManager: Shutting down and abandoning module GooglePAD (574)
[2025.11.23-02.57.09:053][ 38]LogModuleManager: Shutting down and abandoning module EditableMesh (572)
[2025.11.23-02.57.09:053][ 38]LogModuleManager: Shutting down and abandoning module CustomMeshComponent (570)
[2025.11.23-02.57.09:053][ 38]LogModuleManager: Shutting down and abandoning module CableComponent (568)
[2025.11.23-02.57.09:053][ 38]LogModuleManager: Shutting down and abandoning module AudioCapture (566)
[2025.11.23-02.57.09:053][ 38]LogModuleManager: Shutting down and abandoning module AudioCaptureRtAudio (565)
[2025.11.23-02.57.09:053][ 38]LogModuleManager: Shutting down and abandoning module ArchVisCharacter (562)
[2025.11.23-02.57.09:053][ 38]LogModuleManager: Shutting down and abandoning module AssetTags (560)
[2025.11.23-02.57.09:053][ 38]LogModuleManager: Shutting down and abandoning module AppleImageUtilsBlueprintSupport (558)
[2025.11.23-02.57.09:053][ 38]LogModuleManager: Shutting down and abandoning module AppleImageUtils (556)
[2025.11.23-02.57.09:053][ 38]LogModuleManager: Shutting down and abandoning module ScreenshotTools (554)
[2025.11.23-02.57.09:053][ 38]LogModuleManager: Shutting down and abandoning module AndroidPermission (552)
[2025.11.23-02.57.09:053][ 38]LogModuleManager: Shutting down and abandoning module ActorLayerUtilitiesEditor (550)
[2025.11.23-02.57.09:053][ 38]LogModuleManager: Shutting down and abandoning module ActorLayerUtilities (548)
[2025.11.23-02.57.09:053][ 38]LogModuleManager: Shutting down and abandoning module ImgMedia (546)
[2025.11.23-02.57.09:053][ 38]LogModuleManager: Shutting down and abandoning module MediaCompositing (544)
[2025.11.23-02.57.09:053][ 38]LogModuleManager: Shutting down and abandoning module OpenImageDenoise (542)
[2025.11.23-02.57.09:053][ 38]LogOpenImageDenoise: OIDN shutting down
[2025.11.23-02.57.09:053][ 38]LogModuleManager: Shutting down and abandoning module MotoSynthEditor (540)
[2025.11.23-02.57.09:053][ 38]LogModuleManager: Shutting down and abandoning module MotoSynth (538)
[2025.11.23-02.57.09:053][ 38]LogModuleManager: Shutting down and abandoning module MeshConversion (536)
[2025.11.23-02.57.09:053][ 38]LogModuleManager: Shutting down and abandoning module DynamicMesh (534)
[2025.11.23-02.57.09:053][ 38]LogModuleManager: Shutting down and abandoning module GeometryAlgorithms (532)
[2025.11.23-02.57.09:053][ 38]LogModuleManager: Shutting down and abandoning module GeometricObjects (530)
[2025.11.23-02.57.09:053][ 38]LogModuleManager: Shutting down and abandoning module TemplateSequence (528)
[2025.11.23-02.57.09:053][ 38]LogModuleManager: Shutting down and abandoning module GeometryCacheTracks (526)
[2025.11.23-02.57.09:053][ 38]LogModuleManager: Shutting down and abandoning module GeometryCacheStreamer (524)
[2025.11.23-02.57.09:053][ 38]LogModuleManager: Shutting down and abandoning module GeometryCacheSequencer (522)
[2025.11.23-02.57.09:053][ 38]LogModuleManager: Shutting down and abandoning module GeometryCollectionTracks (520)
[2025.11.23-02.57.09:053][ 38]LogModuleManager: Shutting down and abandoning module GeometryCollectionSequencer (519)
[2025.11.23-02.57.09:053][ 38]LogModuleManager: Shutting down and abandoning module GeometryCollectionEditor (516)
[2025.11.23-02.57.09:053][ 38]LogModuleManager: Shutting down and abandoning module ChaosClothEditor (514)
[2025.11.23-02.57.09:053][ 38]LogModuleManager: Shutting down and abandoning module ChaosSolverEditor (512)
[2025.11.23-02.57.09:053][ 38]LogModuleManager: Shutting down and abandoning module ChaosNiagara (510)
[2025.11.23-02.57.09:053][ 38]LogModuleManager: Shutting down and abandoning module FractureEditor (508)
[2025.11.23-02.57.09:053][ 38]LogModuleManager: Shutting down and abandoning module FieldSystemEngine (507)
[2025.11.23-02.57.09:053][ 38]LogModuleManager: Shutting down and abandoning module BackChannel (504)
[2025.11.23-02.57.09:053][ 38]LogModuleManager: Shutting down and abandoning module AutomationUtilsEditor (502)
[2025.11.23-02.57.09:053][ 38]LogModuleManager: Shutting down and abandoning module AutomationUtils (500)
[2025.11.23-02.57.09:053][ 38]LogModuleManager: Shutting down and abandoning module AlembicImporter (498)
[2025.11.23-02.57.09:053][ 38]LogModuleManager: Shutting down and abandoning module AlembicLibrary (497)
[2025.11.23-02.57.09:053][ 38]LogModuleManager: Shutting down and abandoning module GeometryCache (496)
[2025.11.23-02.57.09:053][ 38]LogModuleManager: Shutting down and abandoning module GeometryCacheEd (495)
[2025.11.23-02.57.09:053][ 38]LogModuleManager: Shutting down and abandoning module MagicLeapSharedWorld (490)
[2025.11.23-02.57.09:053][ 38]LogModuleManager: Shutting down and abandoning module MagicLeapLightEstimation (488)
[2025.11.23-02.57.09:053][ 38]LogModuleManager: Shutting down and abandoning module VariantManagerContentEditor (486)
[2025.11.23-02.57.09:053][ 38]LogModuleManager: Shutting down and abandoning module MagicLeapHelperVulkan (484)
[2025.11.23-02.57.09:053][ 38]LogModuleManager: Shutting down and abandoning module MagicLeapHelperOpenGL (482)
[2025.11.23-02.57.09:053][ 38]LogModuleManager: Shutting down and abandoning module MagicLeapAudio (480)
[2025.11.23-02.57.09:053][ 38]LogModuleManager: Shutting down and abandoning module SpeedTreeImporter (478)
[2025.11.23-02.57.09:053][ 38]LogModuleManager: Shutting down and abandoning module NiagaraEditorWidgets (476)
[2025.11.23-02.57.09:054][ 38]LogModuleManager: Shutting down and abandoning module PluginBrowser (474)
[2025.11.23-02.57.09:054][ 38]LogModuleManager: Shutting down and abandoning module MobileLauncherProfileWizard (472)
[2025.11.23-02.57.09:054][ 38]LogModuleManager: Shutting down and abandoning module MaterialAnalyzer (470)
[2025.11.23-02.57.09:054][ 38]LogModuleManager: Shutting down and abandoning module CryptoKeysOpenSSL (468)
[2025.11.23-02.57.09:054][ 38]LogModuleManager: Shutting down and abandoning module CryptoKeys (466)
[2025.11.23-02.57.09:054][ 38]LogModuleManager: Shutting down and abandoning module CurveEditorTools (464)
[2025.11.23-02.57.09:054][ 38]LogModuleManager: Shutting down and abandoning module VisualStudioSourceCodeAccess (462)
[2025.11.23-02.57.09:054][ 38]LogModuleManager: Shutting down and abandoning module VisualStudioCodeSourceCodeAccess (460)
[2025.11.23-02.57.09:054][ 38]LogModuleManager: Shutting down and abandoning module UObjectPlugin (458)
[2025.11.23-02.57.09:054][ 38]LogModuleManager: Shutting down and abandoning module DatasmithContentEditor (456)
[2025.11.23-02.57.09:054][ 38]LogModuleManager: Shutting down and abandoning module SubversionSourceControl (454)
[2025.11.23-02.57.09:054][ 38]LogModuleManager: Shutting down and abandoning module RiderSourceCodeAccess (452)
[2025.11.23-02.57.09:054][ 38]LogModuleManager: Shutting down and abandoning module PluginUtils (450)
[2025.11.23-02.57.09:054][ 38]LogModuleManager: Shutting down and abandoning module PlasticSourceControl (448)
[2025.11.23-02.57.09:054][ 38]LogModuleManager: Shutting down and abandoning module PerforceSourceControl (446)
[2025.11.23-02.57.09:054][ 38]LogModuleManager: Shutting down and abandoning module GitSourceControl (444)
[2025.11.23-02.57.09:054][ 38]LogModuleManager: Shutting down and abandoning module SourceControl (443)
[2025.11.23-02.57.09:054][ 38]LogModuleManager: Shutting down and abandoning module CLionSourceCodeAccess (440)
[2025.11.23-02.57.09:054][ 38]LogModuleManager: Shutting down and abandoning module AnimationSharingEd (438)
[2025.11.23-02.57.09:054][ 38]LogModuleManager: Shutting down and abandoning module OodleNetworkHandlerComponent (436)
[2025.11.23-02.57.09:054][ 38]LogModuleManager: Shutting down and abandoning module LiveLinkSequencer (434)
[2025.11.23-02.57.09:054][ 38]LogModuleManager: Shutting down and abandoning module LiveLinkMovieScene (432)
[2025.11.23-02.57.09:054][ 38]LogModuleManager: Shutting down and abandoning module LiveLinkGraphNode (430)
[2025.11.23-02.57.09:054][ 38]LogModuleManager: Shutting down and abandoning module LiveLinkEditor (428)
[2025.11.23-02.57.09:054][ 38]LogModuleManager: Shutting down and abandoning module LiveLinkComponents (426)
[2025.11.23-02.57.09:054][ 38]LogModuleManager: Shutting down and abandoning module LiveLink (424)
[2025.11.23-02.57.09:801][ 38]LogModuleManager: Shutting down and abandoning module LightPropagationVolumeEditor (422)
[2025.11.23-02.57.09:801][ 38]LogModuleManager: Shutting down and abandoning module PaperTiledImporter (420)
[2025.11.23-02.57.09:801][ 38]LogModuleManager: Shutting down and abandoning module PaperSpriteSheetImporter (418)
[2025.11.23-02.57.09:801][ 38]LogModuleManager: Shutting down and abandoning module Paper2DEditor (416)
[2025.11.23-02.57.09:802][ 38]LogModuleManager: Shutting down and abandoning module MeshPaintingToolset (414)
[2025.11.23-02.57.09:802][ 38]LogModuleManager: Shutting down and abandoning module MeshPaintEditorMode (412)
[2025.11.23-02.57.09:802][ 38]LogModuleManager: Shutting down and abandoning module SoundFields (410)
[2025.11.23-02.57.09:802][ 38]LogModuleManager: Shutting down and abandoning module SignificanceManager (408)
[2025.11.23-02.57.09:802][ 38]LogModuleManager: Shutting down and abandoning module RuntimePhysXCooking (406)
[2025.11.23-02.57.09:802][ 38]LogModuleManager: Shutting down and abandoning module PropertyAccessEditor (404)
[2025.11.23-02.57.09:802][ 38]LogModuleManager: Shutting down and abandoning module PhysXVehiclesEditor (402)
[2025.11.23-02.57.09:802][ 38]LogModuleManager: Shutting down and abandoning module LocationServicesBPLibrary (398)
[2025.11.23-02.57.09:802][ 38]LogModuleManager: Shutting down and abandoning module AudioSynesthesia (396)
[2025.11.23-02.57.09:802][ 38]LogModuleManager: Shutting down and abandoning module AudioSynesthesiaCore (394)
[2025.11.23-02.57.09:802][ 38]LogModuleManager: Shutting down and abandoning module ImgMediaEngine (392)
[2025.11.23-02.57.09:802][ 38]LogModuleManager: Shutting down and abandoning module PythonScriptPlugin (390)
[2025.11.23-02.57.09:802][ 38]LogModuleManager: Shutting down and abandoning module UdpMessaging (388)
[2025.11.23-02.57.09:903][ 38]LogModuleManager: Shutting down and abandoning module TcpMessaging (386)
[2025.11.23-02.57.10:003][ 38]LogModuleManager: Shutting down and abandoning module ActorSequence (384)
[2025.11.23-02.57.10:003][ 38]LogModuleManager: Shutting down and abandoning module MagicLeapARPin (382)
[2025.11.23-02.57.10:003][ 38]LogModuleManager: Shutting down and abandoning module MagicLeapHandMeshing (380)
[2025.11.23-02.57.10:003][ 38]LogModuleManager: Shutting down and abandoning module MagicLeapSecureStorage (378)
[2025.11.23-02.57.10:003][ 38]LogModuleManager: Shutting down and abandoning module MagicLeapPrivileges (376)
[2025.11.23-02.57.10:003][ 38]LogModuleManager: Shutting down and abandoning module MagicLeapPlanes (374)
[2025.11.23-02.57.10:003][ 38]LogMagicLeapPlanes: Planes tracker already destroyed.
[2025.11.23-02.57.10:003][ 38]LogModuleManager: Shutting down and abandoning module MagicLeapImageTracker (372)
[2025.11.23-02.57.10:003][ 38]LogModuleManager: Shutting down and abandoning module MagicLeapIdentity (370)
[2025.11.23-02.57.10:003][ 38]LogModuleManager: Shutting down and abandoning module MagicLeapHandTracking (368)
[2025.11.23-02.57.10:003][ 38]LogModuleManager: Shutting down and abandoning module MagicLeapEyeTracker (366)
[2025.11.23-02.57.10:003][ 38]LogModuleManager: Shutting down and abandoning module MagicLeapController (364)
[2025.11.23-02.57.10:003][ 38]LogModuleManager: Shutting down and abandoning module MagicLeapARPinImpl (362)
[2025.11.23-02.57.10:003][ 38]LogModuleManager: Shutting down and abandoning module MagicLeapAR (360)
[2025.11.23-02.57.10:003][ 38]LogModuleManager: Shutting down and abandoning module NiagaraAnimNotifies (358)
[2025.11.23-02.57.10:003][ 38]LogModuleManager: Shutting down and abandoning module Niagara (356)
[2025.11.23-02.57.10:003][ 38]LogModuleManager: Shutting down and abandoning module SignalProcessing (355)
[2025.11.23-02.57.10:003][ 38]LogModuleManager: Shutting down and abandoning module NiagaraEditor (353)
[2025.11.23-02.57.10:003][ 38]LogModuleManager: Shutting down and abandoning module NiagaraCore (350)
[2025.11.23-02.57.10:003][ 38]LogModuleManager: Shutting down and abandoning module GameplayTagsEditor (348)
[2025.11.23-02.57.10:003][ 38]LogModuleManager: Shutting down and abandoning module FacialAnimationEditor (346)
[2025.11.23-02.57.10:003][ 38]LogModuleManager: Shutting down and abandoning module FacialAnimation (344)
[2025.11.23-02.57.10:003][ 38]LogModuleManager: Shutting down and abandoning module DataValidation (342)
[2025.11.23-02.57.10:003][ 38]LogModuleManager: Shutting down and abandoning module AssetManagerEditor (340)
[2025.11.23-02.57.10:004][ 38]LogModuleManager: Shutting down and abandoning module LevelEditor (339)
[2025.11.23-02.57.10:006][ 38]LogModuleManager: Shutting down and abandoning module PixelInspectorModule (338)
[2025.11.23-02.57.10:006][ 38]LogModuleManager: Shutting down and abandoning module CommonMenuExtensions (336)
[2025.11.23-02.57.10:006][ 38]LogModuleManager: Shutting down and abandoning module MainFrame (334)
[2025.11.23-02.57.10:006][ 38]LogModuleManager: Shutting down and abandoning module HotReload (333)
[2025.11.23-02.57.10:007][ 38]LogModuleManager: Shutting down and abandoning module ToolMenus (329)
[2025.11.23-02.57.10:007][ 38]LogModuleManager: Shutting down and abandoning module ContentBrowser (327)
[2025.11.23-02.57.10:007][ 38]LogModuleManager: Shutting down and abandoning module ContentBrowserData (326)
[2025.11.23-02.57.10:007][ 38]LogModuleManager: Shutting down and abandoning module TreeMap (323)
[2025.11.23-02.57.10:007][ 38]LogModuleManager: Shutting down and abandoning module PropertyAccessNode (320)
[2025.11.23-02.57.10:007][ 38]LogModuleManager: Shutting down and abandoning module AnimationSharing (318)
[2025.11.23-02.57.10:007][ 38]LogModuleManager: Shutting down and abandoning module GameplayCameras (316)
[2025.11.23-02.57.10:007][ 38]LogModuleManager: Shutting down and abandoning module EnvironmentQueryEditor (314)
[2025.11.23-02.57.10:007][ 38]LogModuleManager: Shutting down and abandoning module LightPropagationVolumeRuntime (312)
[2025.11.23-02.57.10:007][ 38]LogModuleManager: Shutting down and abandoning module Paper2D (310)
[2025.11.23-02.57.10:007][ 38]LogModuleManager: Shutting down and abandoning module WindowsMoviePlayer (308)
[2025.11.23-02.57.10:008][ 38]LogModuleManager: Shutting down and abandoning module WebMMoviePlayer (306)
[2025.11.23-02.57.10:008][ 38]LogModuleManager: Shutting down and abandoning module NetworkReplayStreaming (304)
[2025.11.23-02.57.10:008][ 38]LogModuleManager: Shutting down and abandoning module PacketHandler (302)
[2025.11.23-02.57.10:008][ 38]LogModuleManager: Shutting down and abandoning module ClothingSystemEditor (300)
[2025.11.23-02.57.10:008][ 38]LogModuleManager: Shutting down and abandoning module ClothingSystemRuntimeNv (298)
[2025.11.23-02.57.10:008][ 38]LogModuleManager: Shutting down and abandoning module MediaAssets (296)
[2025.11.23-02.57.10:008][ 38]LogModuleManager: Shutting down and abandoning module Overlay (294)
[2025.11.23-02.57.10:008][ 38]LogModuleManager: Shutting down and abandoning module OverlayEditor (293)
[2025.11.23-02.57.10:008][ 38]LogModuleManager: Shutting down and abandoning module VREditor (290)
[2025.11.23-02.57.10:008][ 38]LogModuleManager: Shutting down and abandoning module StringTableEditor (288)
[2025.11.23-02.57.10:008][ 38]LogModuleManager: Shutting down and abandoning module GameplayTasksEditor (286)
[2025.11.23-02.57.10:008][ 38]LogModuleManager: Shutting down and abandoning module BehaviorTreeEditor (284)
[2025.11.23-02.57.10:008][ 38]LogModuleManager: Shutting down and abandoning module FunctionalTesting (282)
[2025.11.23-02.57.10:008][ 38]LogModuleManager: Shutting down and abandoning module CollisionAnalyzer (280)
[2025.11.23-02.57.10:008][ 38]LogModuleManager: Shutting down and abandoning module WorkspaceMenuStructure (279)
[2025.11.23-02.57.10:008][ 38]LogModuleManager: Shutting down and abandoning module UMG (276)
[2025.11.23-02.57.10:008][ 38]LogModuleManager: Shutting down and abandoning module UMGEditor (275)
[2025.11.23-02.57.10:008][ 38]LogModuleManager: Shutting down and abandoning module MessageLog (273)
[2025.11.23-02.57.10:008][ 38]LogModuleManager: Shutting down and abandoning module SlateReflector (268)
[2025.11.23-02.57.10:008][ 38]LogModuleManager: Shutting down and abandoning module Slate (266)
[2025.11.23-02.57.10:008][ 38]LogModuleManager: Shutting down and abandoning module SlateCore (264)
[2025.11.23-02.57.10:009][ 38]LogModuleManager: Shutting down and abandoning module LandscapeEditorUtilities (262)
[2025.11.23-02.57.10:009][ 38]LogModuleManager: Shutting down and abandoning module UnrealEd (260)
[2025.11.23-02.57.10:009][ 38]LogModuleManager: Shutting down and abandoning module MRMesh (258)
[2025.11.23-02.57.10:009][ 38]LogModuleManager: Shutting down and abandoning module SourceCodeAccess (256)
[2025.11.23-02.57.10:009][ 38]LogModuleManager: Shutting down and abandoning module HeadMountedDisplay (254)
[2025.11.23-02.57.10:009][ 38]LogModuleManager: Shutting down and abandoning module XAudio2 (252)
[2025.11.23-02.57.10:009][ 38]LogModuleManager: Shutting down and abandoning module Networking (250)
[2025.11.23-02.57.10:009][ 38]LogModuleManager: Shutting down and abandoning module Core (248)
[2025.11.23-02.57.10:009][ 38]LogModuleManager: Shutting down and abandoning module MaterialEditor (246)
[2025.11.23-02.57.10:009][ 38]LogModuleManager: Shutting down and abandoning module MovieSceneTools (244)
[2025.11.23-02.57.10:009][ 38]LogModuleManager: Shutting down and abandoning module CurveEditor (243)
[2025.11.23-02.57.10:009][ 38]LogModuleManager: Shutting down and abandoning module Sequencer (241)
[2025.11.23-02.57.10:010][ 38]LogModuleManager: Shutting down and abandoning module EditorStyle (240)
[2025.11.23-02.57.10:011][ 38]LogModuleManager: Shutting down and abandoning module KismetCompiler (236)
[2025.11.23-02.57.10:011][ 38]LogModuleManager: Shutting down and abandoning module MeshBuilder (234)
[2025.11.23-02.57.10:011][ 38]LogModuleManager: Shutting down and abandoning module MeshUtilities (232)
[2025.11.23-02.57.10:011][ 38]LogModuleManager: Shutting down and abandoning module MeshMergeUtilities (231)
[2025.11.23-02.57.10:011][ 38]LogModuleManager: Shutting down and abandoning module MeshReductionInterface (230)
[2025.11.23-02.57.10:011][ 38]LogModuleManager: Shutting down and abandoning module MeshBoneReduction (229)
[2025.11.23-02.57.10:011][ 38]LogModuleManager: Shutting down and abandoning module SkeletalMeshReduction (227)
[2025.11.23-02.57.10:011][ 38]LogModuleManager: Shutting down and abandoning module ProxyLODMeshReduction (225)
[2025.11.23-02.57.10:011][ 38]LogModuleManager: Shutting down and abandoning module QuadricMeshReduction (223)
[2025.11.23-02.57.10:011][ 38]LogModuleManager: Shutting down and abandoning module MaterialBaking (219)
[2025.11.23-02.57.10:011][ 38]LogModuleManager: Shutting down and abandoning module NullInstallBundleManager (214)
[2025.11.23-02.57.10:011][ 38]LogModuleManager: Shutting down and abandoning module DerivedDataCache (212)
[2025.11.23-02.57.10:011][ 38]LogModuleManager: Shutting down and abandoning module TargetPlatform (210)
[2025.11.23-02.57.10:011][ 38]LogModuleManager: Shutting down and abandoning module VulkanShaderFormat (209)
[2025.11.23-02.57.10:011][ 38]LogModuleManager: Shutting down and abandoning module ShaderFormatVectorVM (207)
[2025.11.23-02.57.10:011][ 38]LogModuleManager: Shutting down and abandoning module ShaderFormatOpenGL (205)
[2025.11.23-02.57.10:011][ 38]LogModuleManager: Shutting down and abandoning module ShaderFormatD3D (203)
[2025.11.23-02.57.10:011][ 38]LogModuleManager: Shutting down and abandoning module MetalShaderFormat (201)
[2025.11.23-02.57.10:011][ 38]LogModuleManager: Shutting down and abandoning module TextureFormatOodle (199)
[2025.11.23-02.57.10:011][ 38]LogModuleManager: Shutting down and abandoning module TextureFormatUncompressed (197)
[2025.11.23-02.57.10:011][ 38]LogModuleManager: Shutting down and abandoning module TextureFormatPVR (195)
[2025.11.23-02.57.10:011][ 38]LogModuleManager: Shutting down and abandoning module TextureFormatETC2 (193)
[2025.11.23-02.57.10:011][ 38]LogModuleManager: Shutting down and abandoning module TextureFormatDXT (191)
[2025.11.23-02.57.10:011][ 38]LogModuleManager: Shutting down and abandoning module TextureFormatIntelISPCTexComp (189)
[2025.11.23-02.57.10:011][ 38]LogModuleManager: Shutting down and abandoning module TextureFormatASTC (187)
[2025.11.23-02.57.10:011][ 38]LogModuleManager: Shutting down and abandoning module ImageWrapper (186)
[2025.11.23-02.57.10:011][ 38]LogModuleManager: Shutting down and abandoning module AudioFormatOpus (183)
[2025.11.23-02.57.10:011][ 38]LogModuleManager: Shutting down and abandoning module AudioFormatOgg (181)
[2025.11.23-02.57.10:011][ 38]LogModuleManager: Shutting down and abandoning module AudioFormatADPCM (179)
[2025.11.23-02.57.10:011][ 38]LogModuleManager: Shutting down and abandoning module WindowsServerTargetPlatform (177)
[2025.11.23-02.57.10:011][ 38]LogModuleManager: Shutting down and abandoning module WindowsClientTargetPlatform (175)
[2025.11.23-02.57.10:011][ 38]LogModuleManager: Shutting down and abandoning module WindowsTargetPlatform (173)
[2025.11.23-02.57.10:011][ 38]LogModuleManager: Shutting down and abandoning module WindowsNoEditorTargetPlatform (171)
[2025.11.23-02.57.10:011][ 38]LogModuleManager: Shutting down and abandoning module TVOSTargetPlatform (169)
[2025.11.23-02.57.10:012][ 38]LogModuleManager: Shutting down and abandoning module MacServerTargetPlatform (167)
[2025.11.23-02.57.10:012][ 38]LogModuleManager: Shutting down and abandoning module MacClientTargetPlatform (165)
[2025.11.23-02.57.10:012][ 38]LogModuleManager: Shutting down and abandoning module MacTargetPlatform (163)
[2025.11.23-02.57.10:012][ 38]LogModuleManager: Shutting down and abandoning module MacNoEditorTargetPlatform (161)
[2025.11.23-02.57.10:012][ 38]LogModuleManager: Shutting down and abandoning module LuminTargetPlatform (159)
[2025.11.23-02.57.10:013][ 38]LogModuleManager: Shutting down and abandoning module LinuxAArch64ServerTargetPlatform (157)
[2025.11.23-02.57.10:013][ 38]LogModuleManager: Shutting down and abandoning module LinuxAArch64ClientTargetPlatform (155)
[2025.11.23-02.57.10:013][ 38]LogModuleManager: Shutting down and abandoning module LinuxAArch64NoEditorTargetPlatform (153)
[2025.11.23-02.57.10:013][ 38]LogModuleManager: Shutting down and abandoning module LinuxServerTargetPlatform (151)
[2025.11.23-02.57.10:013][ 38]LogModuleManager: Shutting down and abandoning module LinuxClientTargetPlatform (149)
[2025.11.23-02.57.10:013][ 38]LogModuleManager: Shutting down and abandoning module LinuxNoEditorTargetPlatform (147)
[2025.11.23-02.57.10:013][ 38]LogModuleManager: Shutting down and abandoning module LinuxTargetPlatform (145)
[2025.11.23-02.57.10:013][ 38]LogModuleManager: Shutting down and abandoning module Messaging (143)
[2025.11.23-02.57.10:013][ 38]LogModuleManager: Shutting down and abandoning module IOSTargetPlatform (141)
[2025.11.23-02.57.10:014][ 38]LogModuleManager: Shutting down and abandoning module AndroidTargetPlatform (139)
[2025.11.23-02.57.10:017][ 38]LogModuleManager: Shutting down and abandoning module AllDesktopTargetPlatform (137)
[2025.11.23-02.57.10:017][ 38]LogModuleManager: Shutting down and abandoning module D3D11RHI (134)
[2025.11.23-02.57.10:017][ 38]LogModuleManager: Shutting down and abandoning module InputCore (132)
[2025.11.23-02.57.10:017][ 38]LogModuleManager: Shutting down and abandoning module Settings (130)
[2025.11.23-02.57.10:017][ 38]LogModuleManager: Shutting down and abandoning module DirectoryWatcher (128)
[2025.11.23-02.57.10:017][ 38]LogModuleManager: Shutting down and abandoning module PhysXCooking (126)
[2025.11.23-02.57.10:017][ 38]LogModuleManager: Shutting down and abandoning module Chaos (124)
[2025.11.23-02.57.10:017][ 38]LogModuleManager: Shutting down and abandoning module WindowsPlatformFeatures (122)
[2025.11.23-02.57.10:017][ 38]LogModuleManager: Shutting down and abandoning module GameplayMediaEncoder (121)
[2025.11.23-02.57.10:017][ 38]LogModuleManager: Shutting down and abandoning module AVEncoder (120)
[2025.11.23-02.57.10:017][ 38]LogModuleManager: Shutting down and abandoning module SteamVRInputDevice (116)
[2025.11.23-02.57.10:017][ 38]LogModuleManager: Shutting down and abandoning module SteamVRInput (114)
[2025.11.23-02.57.10:017][ 38]LogModuleManager: Shutting down and abandoning module SteamVR (112)
[2025.11.23-02.57.10:017][ 38]LogHMD: Freeing OpenVRDLLHandle.
[2025.11.23-02.57.10:017][ 38]LogModuleManager: Shutting down and abandoning module OculusHMD (110)
[2025.11.23-02.57.10:017][ 38]LogModuleManager: Shutting down and abandoning module OpenXREyeTracker (108)
[2025.11.23-02.57.10:017][ 38]LogModuleManager: Shutting down and abandoning module OpenXRHandTracking (106)
[2025.11.23-02.57.10:018][ 38]LogSlate: Slate User Destroyed.  User Index 0, Is Virtual User: 0
[2025.11.23-02.57.10:018][ 38]LogModuleManager: Shutting down and abandoning module OpenXRAR (104)
[2025.11.23-02.57.10:018][ 38]LogModuleManager: Shutting down and abandoning module AugmentedReality (103)
[2025.11.23-02.57.10:018][ 38]LogModuleManager: Shutting down and abandoning module OpenXRHMD (100)
[2025.11.23-02.57.10:018][ 38]LogModuleManager: Shutting down and abandoning module ExampleDeviceProfileSelector (98)
[2025.11.23-02.57.10:019][ 38]LogModuleManager: Shutting down and abandoning module LauncherChunkInstaller (96)
[2025.11.23-02.57.10:019][ 38]LogModuleManager: Shutting down and abandoning module ChunkDownloader (94)
[2025.11.23-02.57.10:019][ 38]LogModuleManager: Shutting down and abandoning module OnlineBlueprintSupport (92)
[2025.11.23-02.57.10:019][ 38]LogModuleManager: Shutting down and abandoning module OnlineSubsystem (88)
[2025.11.23-02.57.10:020][ 38]LogModuleManager: Shutting down and abandoning module XMPP (83)
[2025.11.23-02.57.10:020][ 38]LogModuleManager: Shutting down and abandoning module WebSockets (82)
[2025.11.23-02.57.10:038][ 38]LogModuleManager: Shutting down and abandoning module HTTP (79)
[2025.11.23-02.57.10:038][ 38]LogHttp: Display: Http module shutting down, but needs to wait on 1 outstanding Http requests:
[2025.11.23-02.57.10:038][ 38]LogHttp: Display: 	verb=[POST] url=[https://datarouter.ol.epicgames.com/datarouter/api/v1/public/data?SessionID=%7B0C2BC0E0-4C44-FB26-81D9-7A878C503AE3%7D&AppID=UEEditor.Rocket.Release&AppVersion=4.27.2-18319896%2B%2B%2BUE4%2BRelease-4.27&UserID=6b32b507452abda10a7c05ae1bad203d%7C38f7320a2cd3485499351c2be7beab48%7C53da50d7-cec7-4077-bfe3-1423eb7dc99f&AppEnvironment=datacollector-binary&UploadType=eteventstream] refs=[1] status=Processing
[2025.11.23-02.57.10:038][ 38]LogHttp: Display: cleaning up 1 outstanding Http requests.
[2025.11.23-02.57.10:041][ 38]LogModuleManager: Shutting down and abandoning module SSL (78)
[2025.11.23-02.57.10:042][ 38]LogModuleManager: Shutting down and abandoning module WmfMedia (74)
[2025.11.23-02.57.10:044][ 38]LogModuleManager: Shutting down and abandoning module Media (73)
[2025.11.23-02.57.10:046][ 38]LogModuleManager: Shutting down and abandoning module MediaInfo (72)
[2025.11.23-02.57.10:046][ 38]LogModuleManager: Shutting down and abandoning module ExrReaderGpu (68)
[2025.11.23-02.57.10:046][ 38]LogModuleManager: Shutting down and abandoning module ChaosCloth (66)
[2025.11.23-02.57.10:046][ 38]LogModuleManager: Shutting down and abandoning module MLSDK (64)
[2025.11.23-02.57.10:046][ 38]LogModuleManager: Shutting down and abandoning module VariantManagerContent (62)
[2025.11.23-02.57.10:046][ 38]LogModuleManager: Shutting down and abandoning module MagicLeap (60)
[2025.11.23-02.57.10:046][ 38]LogModuleManager: Shutting down and abandoning module NiagaraVertexFactories (58)
[2025.11.23-02.57.10:046][ 38]LogModuleManager: Shutting down and abandoning module NiagaraShader (56)
[2025.11.23-02.57.10:046][ 38]LogModuleManager: Shutting down and abandoning module DatasmithContent (54)
[2025.11.23-02.57.10:048][ 38]LogModuleManager: Shutting down and abandoning module PixWinPlugin (52)
[2025.11.23-02.57.10:048][ 38]LogModuleManager: Shutting down and abandoning module AISupportModule (50)
[2025.11.23-02.57.10:048][ 38]LogModuleManager: Shutting down and abandoning module DesktopPlatform (48)
[2025.11.23-02.57.10:048][ 38]LogModuleManager: Shutting down and abandoning module PythonScriptPluginPreload (46)
[2025.11.23-02.57.10:048][ 38]LogModuleManager: Shutting down and abandoning module PlatformCryptoOpenSSL (44)
[2025.11.23-02.57.10:048][ 38]LogModuleManager: Shutting down and abandoning module PlatformCryptoTypes (42)
[2025.11.23-02.57.10:048][ 38]LogModuleManager: Shutting down and abandoning module PlatformCrypto (40)
[2025.11.23-02.57.10:048][ 38]LogModuleManager: Shutting down and abandoning module OodleDataCompressionFormat (38)
[2025.11.23-02.57.10:048][ 38]LogModuleManager: Shutting down and abandoning module XGEController (36)
[2025.11.23-02.57.10:048][ 38]LogModuleManager: Shutting down and abandoning module AnimationModifiers (34)
[2025.11.23-02.57.10:048][ 38]LogModuleManager: Shutting down and abandoning module AudioEditor (32)
[2025.11.23-02.57.10:049][ 38]LogModuleManager: Shutting down and abandoning module PropertyEditor (31)
[2025.11.23-02.57.10:049][ 38]LogModuleManager: Shutting down and abandoning module TextureCompressor (28)
[2025.11.23-02.57.10:049][ 38]LogModuleManager: Shutting down and abandoning module RenderCore (26)
[2025.11.23-02.57.10:049][ 38]LogModuleManager: Shutting down and abandoning module Landscape (24)
[2025.11.23-02.57.10:049][ 38]LogModuleManager: Shutting down and abandoning module SlateRHIRenderer (22)
[2025.11.23-02.57.10:050][ 38]LogModuleManager: Shutting down and abandoning module AnimGraphRuntime (20)
[2025.11.23-02.57.10:050][ 38]LogModuleManager: Shutting down and abandoning module Renderer (18)
[2025.11.23-02.57.10:050][ 38]LogModuleManager: Shutting down and abandoning module Engine (16)
[2025.11.23-02.57.10:050][ 38]LogModuleManager: Shutting down and abandoning module CoreUObject (14)
[2025.11.23-02.57.10:050][ 38]LogModuleManager: Shutting down and abandoning module NetworkFile (12)
[2025.11.23-02.57.10:050][ 38]LogModuleManager: Shutting down and abandoning module CookedIterativeFile (10)
[2025.11.23-02.57.10:050][ 38]LogModuleManager: Shutting down and abandoning module StreamingFile (8)
[2025.11.23-02.57.10:050][ 38]LogModuleManager: Shutting down and abandoning module SandboxFile (6)
[2025.11.23-02.57.10:050][ 38]LogModuleManager: Shutting down and abandoning module PakFile (4)
[2025.11.23-02.57.10:050][ 38]LogModuleManager: Shutting down and abandoning module RSA (3)
[2025.11.23-02.57.10:051][ 38]LogContentStreaming: Display: There are 1 unreleased StreamingManagers
[2025.11.23-02.57.10:074][ 38]LogD3D11RHI: Shutdown
[2025.11.23-02.57.10:074][ 38]LogD3D11RHI: CleanupD3DDevice
[2025.11.23-02.57.10:077][ 38]LogExit: Exiting.
[2025.11.23-02.57.10:172][ 38]Log file closed, 11/22/25 23:57:10
