Log file open, 12/03/25 10:50:44
LogWindows: Failed to load 'aqProf.dll' (GetLastError=126)
LogWindows: File 'aqProf.dll' does not exist
LogWindows: Failed to load 'VtuneApi.dll' (GetLastError=126)
LogWindows: File 'VtuneApi.dll' does not exist
LogWindows: Failed to load 'VtuneApi32e.dll' (GetLastError=126)
LogWindows: File 'VtuneApi32e.dll' does not exist
LogConsoleResponse: Display: Failed to find resolution value strings in scalability ini. Falling back to default.
LogConsoleResponse: Display: Failed to find resolution value strings in scalability ini. Falling back to default.
LogInit: Display: Running engine for game: ColunaDoendoSamurai
LogPlatformFile: Not using cached read wrapper
LogTaskGraph: Started task graph with 5 named threads and 23 total threads with 3 sets of task threads.
LogStats: Stats thread started at 0.363247
LogICUInternationalization: ICU TimeZone Detection - Raw Offset: -3:00, Platform Override: ''
LogInit: Display: Loading text-based GConfig....
LogPluginManager: Mounting plugin MeshPainting
LogPluginManager: Mounting plugin XGEController
LogPluginManager: Mounting plugin Paper2D
LogPluginManager: Mounting plugin LiveLink
LogPluginManager: Mounting plugin EnvironmentQueryEditor
LogPluginManager: Mounting plugin AISupport
LogPluginManager: Mounting plugin CodeLiteSourceCodeAccess
LogPluginManager: Mounting plugin AnimationSharing
LogPluginManager: Mounting plugin CLionSourceCodeAccess
LogPluginManager: Mounting plugin NullSourceCodeAccess
LogPluginManager: Mounting plugin KDevelopSourceCodeAccess
LogPluginManager: Mounting plugin GitSourceControl
LogPluginManager: Mounting plugin PerforceSourceControl
LogPluginManager: Mounting plugin PixWinPlugin
LogPluginManager: Mounting plugin PlasticSourceControl
LogPluginManager: Mounting plugin PluginUtils
LogPluginManager: Mounting plugin PropertyAccessNode
LogPluginManager: Mounting plugin SubversionSourceControl
LogPluginManager: Mounting plugin RiderSourceCodeAccess
LogPluginManager: Mounting plugin TextureFormatOodle
LogPluginManager: Mounting plugin UObjectPlugin
LogPluginManager: Mounting plugin VisualStudioCodeSourceCodeAccess
LogPluginManager: Mounting plugin VisualStudioSourceCodeAccess
LogPluginManager: Mounting plugin XCodeSourceCodeAccess
LogPluginManager: Mounting plugin OodleData
LogPluginManager: Mounting plugin AssetManagerEditor
LogPluginManager: Mounting plugin OodleNetwork
LogPluginManager: Mounting plugin CryptoKeys
LogPluginManager: Mounting plugin CurveEditorTools
LogPluginManager: Mounting plugin FacialAnimation
LogPluginManager: Mounting plugin DataValidation
LogPluginManager: Mounting plugin GameplayTagsEditor
LogPluginManager: Mounting plugin GeometryMode
LogPluginManager: Mounting plugin MaterialAnalyzer
LogPluginManager: Mounting plugin PluginBrowser
LogPluginManager: Mounting plugin MacGraphicsSwitching
LogPluginManager: Mounting plugin MobileLauncherProfileWizard
LogPluginManager: Mounting plugin SpeedTreeImporter
LogPluginManager: Mounting plugin DatasmithContent
LogPluginManager: Mounting plugin VariantManagerContent
LogPluginManager: Mounting plugin Niagara
LogPluginManager: Mounting plugin LuminPlatformFeatures
LogPluginManager: Mounting plugin MagicLeap
LogPluginManager: Mounting plugin MagicLeapLightEstimation
LogPluginManager: Mounting plugin MagicLeapMedia
LogPluginManager: Mounting plugin MagicLeapPassableWorld
LogPluginManager: Mounting plugin MLSDK
LogPluginManager: Mounting plugin AlembicImporter
LogPluginManager: Mounting plugin AutomationUtils
LogPluginManager: Mounting plugin BackChannel
LogPluginManager: Mounting plugin ChaosEditor
LogPluginManager: Mounting plugin ChaosClothEditor
LogPluginManager: Mounting plugin ChaosCloth
LogPluginManager: Mounting plugin ChaosSolverPlugin
LogPluginManager: Mounting plugin ChaosNiagara
LogPluginManager: Mounting plugin CharacterAI
LogPluginManager: Mounting plugin GeometryCache
LogPluginManager: Mounting plugin GeometryCollectionPlugin
LogPluginManager: Mounting plugin AndroidMedia
LogPluginManager: Mounting plugin AvfMedia
LogPluginManager: Mounting plugin ImgMedia
LogPluginManager: Mounting plugin MediaCompositing
LogPluginManager: Mounting plugin MediaPlayerEditor
LogPluginManager: Mounting plugin WebMMedia
LogPluginManager: Mounting plugin WmfMedia
LogPluginManager: Mounting plugin GeometryProcessing
LogPluginManager: Mounting plugin MotoSynth
LogPluginManager: Mounting plugin PlanarCut
LogPluginManager: Mounting plugin PlatformCrypto
LogPluginManager: Mounting plugin PythonScriptPlugin
LogPluginManager: Mounting plugin ProxyLODPlugin
LogPluginManager: Mounting plugin SkeletalReduction
LogPluginManager: Mounting plugin OpenImageDenoise
LogPluginManager: Mounting plugin TcpMessaging
LogPluginManager: Mounting plugin UdpMessaging
LogPluginManager: Mounting plugin ActorSequence
LogPluginManager: Mounting plugin MatineeToLevelSequence
LogPluginManager: Mounting plugin LevelSequenceEditor
LogPluginManager: Mounting plugin TemplateSequence
LogPluginManager: Mounting plugin OnlineSubsystem
LogPluginManager: Mounting plugin OnlineSubsystemNull
LogPluginManager: Mounting plugin OnlineSubsystemUtils
LogPluginManager: Mounting plugin ActorLayerUtilities
LogPluginManager: Mounting plugin AndroidDeviceProfileSelector
LogPluginManager: Mounting plugin AndroidPermission
LogPluginManager: Mounting plugin AndroidMoviePlayer
LogPluginManager: Mounting plugin AppleMoviePlayer
LogPluginManager: Mounting plugin AppleImageUtils
LogPluginManager: Mounting plugin LauncherChunkInstaller
LogPluginManager: Mounting plugin ArchVisCharacter
LogPluginManager: Mounting plugin AssetTags
LogPluginManager: Mounting plugin ChunkDownloader
LogPluginManager: Mounting plugin CustomMeshComponent
LogPluginManager: Mounting plugin AudioCapture
LogPluginManager: Mounting plugin AudioSynesthesia
LogPluginManager: Mounting plugin CableComponent
LogPluginManager: Mounting plugin EditableMesh
LogPluginManager: Mounting plugin ExampleDeviceProfileSelector
LogPluginManager: Mounting plugin GoogleCloudMessaging
LogPluginManager: Mounting plugin GooglePAD
LogPluginManager: Mounting plugin IOSDeviceProfileSelector
LogPluginManager: Mounting plugin LinuxDeviceProfileSelector
LogPluginManager: Mounting plugin LocationServicesBPLibrary
LogPluginManager: Mounting plugin MobilePatchingUtils
LogPluginManager: Mounting plugin OpenXR
LogPluginManager: Mounting plugin OpenXRHandTracking
LogPluginManager: Mounting plugin OpenXREyeTracker
LogPluginManager: Mounting plugin PhysXVehicles
LogPluginManager: Mounting plugin PostSplashScreen
LogPluginManager: Mounting plugin PropertyAccessEditor
LogPluginManager: Mounting plugin ProceduralMeshComponent
LogPluginManager: Mounting plugin SignificanceManager
LogPluginManager: Mounting plugin RuntimePhysXCooking
LogPluginManager: Mounting plugin SoundFields
LogPluginManager: Mounting plugin Synthesis
LogPluginManager: Mounting plugin WebMMoviePlayer
LogPluginManager: Mounting plugin WindowsMoviePlayer
LogPluginManager: Mounting plugin ScreenshotTools
LogPluginManager: Mounting plugin Takes
LogPluginManager: Mounting plugin LightPropagationVolume
LogPluginManager: Mounting plugin GameplayCameras
LogPluginManager: Mounting plugin CameraShakePreviewer
LogPluginManager: Mounting plugin ContentBrowserAssetDataSource
LogPluginManager: Mounting plugin ContentBrowserClassDataSource
LogPluginManager: Mounting plugin ContentBrowserFileDataSource
LogPluginManager: Mounting plugin OnlineSubsystemGooglePlay
LogPluginManager: Mounting plugin OnlineSubsystemIOS
LogPluginManager: Mounting plugin OculusVR
LogPluginManager: Mounting plugin SteamVR
PixWinPlugin: PIX capture plugin failed to initialize! Check that the process is launched from PIX.
LogInit: Using libcurl 7.55.1-DEV
LogInit:  - built for x86_64-pc-win32
LogInit:  - supports SSL with OpenSSL/1.1.1
LogInit:  - supports HTTP deflate (compression) using libz 1.2.8
LogInit:  - other features:
LogInit:      CURL_VERSION_SSL
LogInit:      CURL_VERSION_LIBZ
LogInit:      CURL_VERSION_IPV6
LogInit:      CURL_VERSION_ASYNCHDNS
LogInit:      CURL_VERSION_LARGEFILE
LogInit:      CURL_VERSION_IDN
LogInit:  CurlRequestOptions (configurable via config and command line):
LogInit:  - bVerifyPeer = true  - Libcurl will verify peer certificate
LogInit:  - bUseHttpProxy = false  - Libcurl will NOT use HTTP proxy
LogInit:  - bDontReuseConnections = false  - Libcurl will reuse connections
LogInit:  - MaxHostConnections = 16  - Libcurl will limit the number of connections to a host
LogInit:  - LocalHostAddr = Default
LogInit:  - BufferSize = 65536
LogOnline: OSS: Creating online subsystem instance for: NULL
LogInit: WinSock: version 1.1 (2.2), MaxSocks=32767, MaxUdp=65467
LogOnline: OSS: TryLoadSubsystemAndSetDefault: Loaded subsystem for module [NULL]
LogOculusPluginWrapper: OculusPlugin initialized successfully
LogHMD: Failed initializing OVRPlugin 1.59.0
LogInit: Build: ++UE4+Release-4.27-CL-18319896
LogInit: Engine Version: 4.27.2-18319896+++UE4+Release-4.27
LogInit: Compatible Engine Version: 4.27.0-17155196+++UE4+Release-4.27
LogInit: Net CL: 17155196
LogInit: OS: Windows 10 (Release 2009) (), CPU: AMD Ryzen 7 3750H with Radeon Vega Mobile Gfx  , GPU: AMD Radeon(TM) RX Vega 10 Graphics 
LogInit: Compiled (64-bit): Nov 30 2021 07:12:08
LogInit: Compiled with Visual C++: 19.24.28315.00
LogInit: Build Configuration: Development
LogInit: Branch Name: ++UE4+Release-4.27
LogInit: Command Line: 
LogInit: Base Directory: C:/Genshin/UE_4.27/Engine/Binaries/Win64/
LogInit: Allocator: TBB
LogInit: Installed Engine Build: 1
LogDevObjectVersion: Number of dev versions registered: 29
LogDevObjectVersion:   Dev-Blueprints (B0D832E4-1F89-4F0D-ACCF-7EB736FD4AA2): 10
LogDevObjectVersion:   Dev-Build (E1C64328-A22C-4D53-A36C-8E866417BD8C): 0
LogDevObjectVersion:   Dev-Core (375EC13C-06E4-48FB-B500-84F0262A717E): 4
LogDevObjectVersion:   Dev-Editor (E4B068ED-F494-42E9-A231-DA0B2E46BB41): 40
LogDevObjectVersion:   Dev-Framework (CFFC743F-43B0-4480-9391-14DF171D2073): 37
LogDevObjectVersion:   Dev-Mobile (B02B49B5-BB20-44E9-A304-32B752E40360): 3
LogDevObjectVersion:   Dev-Networking (A4E4105C-59A1-49B5-A7C5-40C4547EDFEE): 0
LogDevObjectVersion:   Dev-Online (39C831C9-5AE6-47DC-9A44-9C173E1C8E7C): 0
LogDevObjectVersion:   Dev-Physics (78F01B33-EBEA-4F98-B9B4-84EACCB95AA2): 14
LogDevObjectVersion:   Dev-Platform (6631380F-2D4D-43E0-8009-CF276956A95A): 0
LogDevObjectVersion:   Dev-Rendering (12F88B9F-8875-4AFC-A67C-D90C383ABD29): 45
LogDevObjectVersion:   Dev-Sequencer (7B5AE74C-D270-4C10-A958-57980B212A5A): 13
LogDevObjectVersion:   Dev-VR (D7296918-1DD6-4BDD-9DE2-64A83CC13884): 3
LogDevObjectVersion:   Dev-LoadTimes (C2A15278-BFE7-4AFE-6C17-90FF531DF755): 1
LogDevObjectVersion:   Private-Geometry (6EACA3D4-40EC-4CC1-B786-8BED09428FC5): 3
LogDevObjectVersion:   Dev-AnimPhys (29E575DD-E0A3-4627-9D10-D276232CDCEA): 17
LogDevObjectVersion:   Dev-Anim (AF43A65D-7FD3-4947-9873-3E8ED9C1BB05): 15
LogDevObjectVersion:   Dev-ReflectionCapture (6B266CEC-1EC7-4B8F-A30B-E4D90942FC07): 1
LogDevObjectVersion:   Dev-Automation (0DF73D61-A23F-47EA-B727-89E90C41499A): 1
LogDevObjectVersion:   FortniteMain (601D1886-AC64-4F84-AA16-D3DE0DEAC7D6): 47
LogDevObjectVersion:   FortniteRelease (E7086368-6B23-4C58-8439-1B7016265E91): 1
LogDevObjectVersion:   Dev-Enterprise (9DFFBCD6-494F-0158-E221-12823C92A888): 10
LogDevObjectVersion:   Dev-Niagara (F2AED0AC-9AFE-416F-8664-AA7FFA26D6FC): 1
LogDevObjectVersion:   Dev-Destruction (174F1F0B-B4C6-45A5-B13F-2EE8D0FB917D): 10
LogDevObjectVersion:   Dev-Physics-Ext (35F94A83-E258-406C-A318-09F59610247C): 41
LogDevObjectVersion:   Dev-PhysicsMaterial-Chaos (B68FC16E-8B1B-42E2-B453-215C058844FE): 1
LogDevObjectVersion:   Dev-CineCamera (B2E18506-4273-CFC2-A54E-F4BB758BBA07): 1
LogDevObjectVersion:   Dev-VirtualProduction (64F58936-FD1B-42BA-BA96-7289D5D0FA4E): 1
LogDevObjectVersion:   Dev-MediaFramework (6F0ED827-A609-4895-9C91-998D90180EA4): 2
LogInit: Presizing for max 25165824 objects, including 0 objects not considered by GC, pre-allocating 0 bytes for permanent pool.
LogConfig: Applying CVar settings from Section [/Script/Engine.StreamingSettings] File [E:/Unreal/Fumec_DevGames/Saved/Config/Windows/Engine.ini]
LogConfig: Setting CVar [[s.MinBulkDataSizeForAsyncLoading:131072]]
LogConfig: Setting CVar [[s.AsyncLoadingThreadEnabled:0]]
LogConfig: Setting CVar [[s.EventDrivenLoaderEnabled:1]]
LogConfig: Setting CVar [[s.WarnIfTimeLimitExceeded:0]]
LogConfig: Setting CVar [[s.TimeLimitExceededMultiplier:1.5]]
LogConfig: Setting CVar [[s.TimeLimitExceededMinTime:0.005]]
LogConfig: Setting CVar [[s.UseBackgroundLevelStreaming:1]]
LogConfig: Setting CVar [[s.PriorityAsyncLoadingExtraTime:15.0]]
LogConfig: Setting CVar [[s.LevelStreamingActorsUpdateTimeLimit:5.0]]
LogConfig: Setting CVar [[s.PriorityLevelStreamingActorsUpdateExtraTime:5.0]]
LogConfig: Setting CVar [[s.LevelStreamingComponentsRegistrationGranularity:10]]
LogConfig: Setting CVar [[s.UnregisterComponentsTimeLimit:1.0]]
LogConfig: Setting CVar [[s.LevelStreamingComponentsUnregistrationGranularity:5]]
LogConfig: Setting CVar [[s.FlushStreamingOnExit:1]]
LogInit: Object subsystem initialized
LogConfig: Setting CVar [[con.DebugEarlyDefault:1]]
LogConfig: Setting CVar [[r.setres:1280x720]]
[2025.12.03-13.50.44:836][  0]LogConfig: Setting CVar [[r.VSync:0]]
[2025.12.03-13.50.44:836][  0]LogConfig: Setting CVar [[r.RHICmdBypass:0]]
[2025.12.03-13.50.44:836][  0]LogConfig: Applying CVar settings from Section [/Script/Engine.RendererSettings] File [E:/Unreal/Fumec_DevGames/Saved/Config/Windows/Engine.ini]
[2025.12.03-13.50.44:836][  0]LogConfig: Setting CVar [[r.GPUCrashDebugging:0]]
[2025.12.03-13.50.44:836][  0]LogConfig: Setting CVar [[r.Mobile.DisableVertexFog:1]]
[2025.12.03-13.50.44:836][  0]LogConfig: Setting CVar [[r.Shadow.CSM.MaxMobileCascades:2]]
[2025.12.03-13.50.44:836][  0]LogConfig: Setting CVar [[r.MobileMSAA:1]]
[2025.12.03-13.50.44:836][  0]LogConfig: Setting CVar [[r.Mobile.AllowDitheredLODTransition:0]]
[2025.12.03-13.50.44:836][  0]LogConfig: Setting CVar [[r.Mobile.AllowSoftwareOcclusion:0]]
[2025.12.03-13.50.44:836][  0]LogConfig: Setting CVar [[r.Mobile.VirtualTextures:0]]
[2025.12.03-13.50.44:836][  0]LogConfig: Setting CVar [[r.DiscardUnusedQuality:0]]
[2025.12.03-13.50.44:836][  0]LogConfig: Setting CVar [[r.AllowOcclusionQueries:1]]
[2025.12.03-13.50.44:836][  0]LogConfig: Setting CVar [[r.MinScreenRadiusForLights:0.030000]]
[2025.12.03-13.50.44:836][  0]LogConfig: Setting CVar [[r.MinScreenRadiusForDepthPrepass:0.030000]]
[2025.12.03-13.50.44:836][  0]LogConfig: Setting CVar [[r.MinScreenRadiusForCSMDepth:0.010000]]
[2025.12.03-13.50.44:836][  0]LogConfig: Setting CVar [[r.PrecomputedVisibilityWarning:0]]
[2025.12.03-13.50.44:836][  0]LogConfig: Setting CVar [[r.TextureStreaming:1]]
[2025.12.03-13.50.44:836][  0]LogConfig: Setting CVar [[Compat.UseDXT5NormalMaps:0]]
[2025.12.03-13.50.44:836][  0]LogConfig: Setting CVar [[r.VirtualTextures:0]]
[2025.12.03-13.50.44:836][  0]LogConfig: Setting CVar [[r.VT.EnableAutoImport:1]]
[2025.12.03-13.50.44:836][  0]LogConfig: Setting CVar [[r.VirtualTexturedLightmaps:0]]
[2025.12.03-13.50.44:836][  0]LogConfig: Setting CVar [[r.VT.TileSize:128]]
[2025.12.03-13.50.44:836][  0]LogConfig: Setting CVar [[r.VT.TileBorderSize:4]]
[2025.12.03-13.50.44:836][  0]LogConfig: Setting CVar [[r.vt.FeedbackFactor:16]]
[2025.12.03-13.50.44:836][  0]LogConfig: Setting CVar [[r.VT.EnableCompressZlib:1]]
[2025.12.03-13.50.44:836][  0]LogConfig: Setting CVar [[r.VT.EnableCompressCrunch:0]]
[2025.12.03-13.50.44:836][  0]LogConfig: Setting CVar [[r.ClearCoatNormal:0]]
[2025.12.03-13.50.44:836][  0]LogConfig: Setting CVar [[r.ReflectionCaptureResolution:128]]
[2025.12.03-13.50.44:836][  0]LogConfig: Setting CVar [[r.Mobile.ReflectionCaptureCompression:0]]
[2025.12.03-13.50.44:836][  0]LogConfig: Setting CVar [[r.ReflectionEnvironmentLightmapMixBasedOnRoughness:1]]
[2025.12.03-13.50.44:836][  0]LogConfig: Setting CVar [[r.ForwardShading:0]]
[2025.12.03-13.50.44:836][  0]LogConfig: Setting CVar [[r.VertexFoggingForOpaque:1]]
[2025.12.03-13.50.44:836][  0]LogConfig: Setting CVar [[r.AllowStaticLighting:1]]
[2025.12.03-13.50.44:836][  0]LogConfig: Setting CVar [[r.NormalMapsForStaticLighting:0]]
[2025.12.03-13.50.44:836][  0]LogConfig: Setting CVar [[r.GenerateMeshDistanceFields:0]]
[2025.12.03-13.50.44:836][  0]LogConfig: Setting CVar [[r.DistanceFieldBuild.EightBit:0]]
[2025.12.03-13.50.44:836][  0]LogConfig: Setting CVar [[r.GenerateLandscapeGIData:0]]
[2025.12.03-13.50.44:836][  0]LogConfig: Setting CVar [[r.DistanceFieldBuild.Compress:0]]
[2025.12.03-13.50.44:836][  0]LogConfig: Setting CVar [[r.TessellationAdaptivePixelsPerTriangle:48.000000]]
[2025.12.03-13.50.44:836][  0]LogConfig: Setting CVar [[r.SeparateTranslucency:1]]
[2025.12.03-13.50.44:836][  0]LogConfig: Setting CVar [[r.TranslucentSortPolicy:0]]
[2025.12.03-13.50.44:837][  0]LogConfig: Setting CVar [[vr.VRS.HMDFixedFoveationLevel:0]]
[2025.12.03-13.50.44:837][  0]LogConfig: Setting CVar [[r.CustomDepth:1]]
[2025.12.03-13.50.44:837][  0]LogConfig: Setting CVar [[r.CustomDepthTemporalAAJitter:1]]
[2025.12.03-13.50.44:837][  0]LogConfig: Setting CVar [[r.PostProcessing.PropagateAlpha:0]]
[2025.12.03-13.50.44:837][  0]LogConfig: Setting CVar [[r.DefaultFeature.Bloom:1]]
[2025.12.03-13.50.44:837][  0]LogConfig: Setting CVar [[r.DefaultFeature.AmbientOcclusion:1]]
[2025.12.03-13.50.44:837][  0]LogConfig: Setting CVar [[r.DefaultFeature.AmbientOcclusionStaticFraction:1]]
[2025.12.03-13.50.44:837][  0]LogConfig: Setting CVar [[r.DefaultFeature.AutoExposure:0]]
[2025.12.03-13.50.44:837][  0]LogConfig: Setting CVar [[r.DefaultFeature.AutoExposure.Method:0]]
[2025.12.03-13.50.44:837][  0]LogConfig: Setting CVar [[r.DefaultFeature.AutoExposure.Bias:1.000000]]
[2025.12.03-13.50.44:837][  0]LogConfig: Setting CVar [[r.DefaultFeature.AutoExposure.ExtendDefaultLuminanceRange:0]]
[2025.12.03-13.50.44:837][  0]LogConfig: Setting CVar [[r.UsePreExposure:1]]
[2025.12.03-13.50.44:837][  0]LogConfig: Setting CVar [[r.EyeAdaptation.EditorOnly:0]]
[2025.12.03-13.50.44:837][  0]LogConfig: Setting CVar [[r.DefaultFeature.MotionBlur:0]]
[2025.12.03-13.50.44:837][  0]LogConfig: Setting CVar [[r.DefaultFeature.LensFlare:0]]
[2025.12.03-13.50.44:837][  0]LogConfig: Setting CVar [[r.TemporalAA.Upsampling:0]]
[2025.12.03-13.50.44:837][  0]LogConfig: Setting CVar [[r.SSGI.Enable:0]]
[2025.12.03-13.50.44:837][  0]LogConfig: Setting CVar [[r.DefaultFeature.AntiAliasing:0]]
[2025.12.03-13.50.44:837][  0]LogConfig: Setting CVar [[r.DefaultFeature.LightUnits:1]]
[2025.12.03-13.50.44:837][  0]LogConfig: Setting CVar [[r.DefaultBackBufferPixelFormat:4]]
[2025.12.03-13.50.44:837][  0]LogConfig: Setting CVar [[r.Shadow.UnbuiltPreviewInGame:1]]
[2025.12.03-13.50.44:837][  0]LogConfig: Setting CVar [[r.StencilForLODDither:0]]
[2025.12.03-13.50.44:837][  0]LogConfig: Setting CVar [[r.EarlyZPass:3]]
[2025.12.03-13.50.44:837][  0]LogConfig: Setting CVar [[r.EarlyZPassOnlyMaterialMasking:0]]
[2025.12.03-13.50.44:837][  0]LogConfig: Setting CVar [[r.DBuffer:1]]
[2025.12.03-13.50.44:837][  0]LogConfig: Setting CVar [[r.ClearSceneMethod:1]]
[2025.12.03-13.50.44:837][  0]LogConfig: Setting CVar [[r.BasePassOutputsVelocity:0]]
[2025.12.03-13.50.44:837][  0]LogConfig: Setting CVar [[r.VertexDeformationOutputsVelocity:0]]
[2025.12.03-13.50.44:837][  0]LogConfig: Setting CVar [[r.SelectiveBasePassOutputs:0]]
[2025.12.03-13.50.44:837][  0]LogConfig: Setting CVar [[fx.GPUSimulationTextureSizeX:1024]]
[2025.12.03-13.50.44:837][  0]LogConfig: Setting CVar [[fx.GPUSimulationTextureSizeY:1024]]
[2025.12.03-13.50.44:837][  0]LogConfig: Setting CVar [[r.AllowGlobalClipPlane:0]]
[2025.12.03-13.50.44:837][  0]LogConfig: Setting CVar [[r.GBufferFormat:1]]
[2025.12.03-13.50.44:837][  0]LogConfig: Setting CVar [[r.MorphTarget.Mode:1]]
[2025.12.03-13.50.44:837][  0]LogConfig: Setting CVar [[vr.InstancedStereo:0]]
[2025.12.03-13.50.44:837][  0]LogConfig: Setting CVar [[r.MobileHDR:1]]
[2025.12.03-13.50.44:837][  0]LogConfig: Setting CVar [[vr.MobileMultiView:0]]
[2025.12.03-13.50.44:837][  0]LogConfig: Setting CVar [[r.Mobile.UseHWsRGBEncoding:0]]
[2025.12.03-13.50.44:837][  0]LogConfig: Setting CVar [[vr.RoundRobinOcclusion:0]]
[2025.12.03-13.50.44:837][  0]LogConfig: Setting CVar [[vr.ODSCapture:0]]
[2025.12.03-13.50.44:837][  0]LogConfig: Setting CVar [[r.MeshStreaming:0]]
[2025.12.03-13.50.44:837][  0]LogConfig: Setting CVar [[r.WireframeCullThreshold:5.000000]]
[2025.12.03-13.50.44:837][  0]LogConfig: Setting CVar [[r.RayTracing:0]]
[2025.12.03-13.50.44:837][  0]LogConfig: Setting CVar [[r.RayTracing.UseTextureLod:0]]
[2025.12.03-13.50.44:837][  0]LogConfig: Setting CVar [[r.SupportStationarySkylight:1]]
[2025.12.03-13.50.44:837][  0]LogConfig: Setting CVar [[r.SupportLowQualityLightmaps:1]]
[2025.12.03-13.50.44:837][  0]LogConfig: Setting CVar [[r.SupportPointLightWholeSceneShadows:1]]
[2025.12.03-13.50.44:837][  0]LogConfig: Setting CVar [[r.SupportAtmosphericFog:1]]
[2025.12.03-13.50.44:837][  0]LogConfig: Setting CVar [[r.SupportSkyAtmosphere:1]]
[2025.12.03-13.50.44:837][  0]LogConfig: Setting CVar [[r.SupportSkyAtmosphereAffectsHeightFog:0]]
[2025.12.03-13.50.44:837][  0]LogConfig: Setting CVar [[r.SkinCache.CompileShaders:0]]
[2025.12.03-13.50.44:837][  0]LogConfig: Setting CVar [[r.SkinCache.DefaultBehavior:1]]
[2025.12.03-13.50.44:837][  0]LogConfig: Setting CVar [[r.SkinCache.SceneMemoryLimitInMB:128.000000]]
[2025.12.03-13.50.44:837][  0]LogConfig: Setting CVar [[r.Mobile.EnableStaticAndCSMShadowReceivers:1]]
[2025.12.03-13.50.44:837][  0]LogConfig: Setting CVar [[r.Mobile.EnableMovableLightCSMShaderCulling:1]]
[2025.12.03-13.50.44:837][  0]LogConfig: Setting CVar [[r.Mobile.AllowDistanceFieldShadows:1]]
[2025.12.03-13.50.44:837][  0]LogConfig: Setting CVar [[r.Mobile.AllowMovableDirectionalLights:1]]
[2025.12.03-13.50.44:838][  0]LogConfig: Setting CVar [[r.MobileNumDynamicPointLights:4]]
[2025.12.03-13.50.44:838][  0]LogConfig: Setting CVar [[r.MobileDynamicPointLightsUseStaticBranch:1]]
[2025.12.03-13.50.44:838][  0]LogConfig: Setting CVar [[r.Mobile.EnableMovableSpotlights:0]]
[2025.12.03-13.50.44:838][  0]LogConfig: Setting CVar [[r.Mobile.EnableMovableSpotlightsShadow:0]]
[2025.12.03-13.50.44:838][  0]LogConfig: Setting CVar [[r.GPUSkin.Support16BitBoneIndex:0]]
[2025.12.03-13.50.44:838][  0]LogConfig: Setting CVar [[r.GPUSkin.Limit2BoneInfluences:0]]
[2025.12.03-13.50.44:838][  0]LogConfig: Setting CVar [[r.SupportDepthOnlyIndexBuffers:1]]
[2025.12.03-13.50.44:838][  0]LogConfig: Setting CVar [[r.SupportReversedIndexBuffers:1]]
[2025.12.03-13.50.44:838][  0]LogConfig: Setting CVar [[r.LightPropagationVolume:0]]
[2025.12.03-13.50.44:838][  0]LogConfig: Setting CVar [[r.Mobile.AmbientOcclusion:0]]
[2025.12.03-13.50.44:838][  0]LogConfig: Setting CVar [[r.GPUSkin.UnlimitedBoneInfluences:0]]
[2025.12.03-13.50.44:838][  0]LogConfig: Setting CVar [[r.GPUSkin.UnlimitedBoneInfluencesThreshold:8]]
[2025.12.03-13.50.44:838][  0]LogConfig: Setting CVar [[r.Mobile.PlanarReflectionMode:0]]
[2025.12.03-13.50.44:838][  0]LogConfig: Setting CVar [[r.Mobile.SupportsGen4TAA:0]]
[2025.12.03-13.50.44:838][  0]LogConfig: Applying CVar settings from Section [/Script/Engine.RendererOverrideSettings] File [E:/Unreal/Fumec_DevGames/Saved/Config/Windows/Engine.ini]
[2025.12.03-13.50.44:838][  0]LogConfig: Applying CVar settings from Section [/Script/Engine.StreamingSettings] File [E:/Unreal/Fumec_DevGames/Saved/Config/Windows/Engine.ini]
[2025.12.03-13.50.44:838][  0]LogConfig: Setting CVar [[s.MinBulkDataSizeForAsyncLoading:131072]]
[2025.12.03-13.50.44:838][  0]LogConfig: Setting CVar [[s.AsyncLoadingThreadEnabled:0]]
[2025.12.03-13.50.44:838][  0]LogConfig: Setting CVar [[s.EventDrivenLoaderEnabled:1]]
[2025.12.03-13.50.44:838][  0]LogConfig: Setting CVar [[s.WarnIfTimeLimitExceeded:0]]
[2025.12.03-13.50.44:838][  0]LogConfig: Setting CVar [[s.TimeLimitExceededMultiplier:1.5]]
[2025.12.03-13.50.44:838][  0]LogConfig: Setting CVar [[s.TimeLimitExceededMinTime:0.005]]
[2025.12.03-13.50.44:838][  0]LogConfig: Setting CVar [[s.UseBackgroundLevelStreaming:1]]
[2025.12.03-13.50.44:838][  0]LogConfig: Setting CVar [[s.PriorityAsyncLoadingExtraTime:15.0]]
[2025.12.03-13.50.44:838][  0]LogConfig: Setting CVar [[s.LevelStreamingActorsUpdateTimeLimit:5.0]]
[2025.12.03-13.50.44:838][  0]LogConfig: Setting CVar [[s.PriorityLevelStreamingActorsUpdateExtraTime:5.0]]
[2025.12.03-13.50.44:838][  0]LogConfig: Setting CVar [[s.LevelStreamingComponentsRegistrationGranularity:10]]
[2025.12.03-13.50.44:838][  0]LogConfig: Setting CVar [[s.UnregisterComponentsTimeLimit:1.0]]
[2025.12.03-13.50.44:838][  0]LogConfig: Setting CVar [[s.LevelStreamingComponentsUnregistrationGranularity:5]]
[2025.12.03-13.50.44:838][  0]LogConfig: Setting CVar [[s.FlushStreamingOnExit:1]]
[2025.12.03-13.50.44:838][  0]LogConfig: Applying CVar settings from Section [/Script/Engine.GarbageCollectionSettings] File [E:/Unreal/Fumec_DevGames/Saved/Config/Windows/Engine.ini]
[2025.12.03-13.50.44:838][  0]LogConfig: Setting CVar [[gc.MaxObjectsNotConsideredByGC:1]]
[2025.12.03-13.50.44:838][  0]LogConfig: Setting CVar [[gc.SizeOfPermanentObjectPool:0]]
[2025.12.03-13.50.44:838][  0]LogConfig: Setting CVar [[gc.FlushStreamingOnGC:0]]
[2025.12.03-13.50.44:838][  0]LogConfig: Setting CVar [[gc.NumRetriesBeforeForcingGC:10]]
[2025.12.03-13.50.44:838][  0]LogConfig: Setting CVar [[gc.AllowParallelGC:1]]
[2025.12.03-13.50.44:838][  0]LogConfig: Setting CVar [[gc.TimeBetweenPurgingPendingKillObjects:61.1]]
[2025.12.03-13.50.44:838][  0]LogConfig: Setting CVar [[gc.MaxObjectsInEditor:25165824]]
[2025.12.03-13.50.44:838][  0]LogConfig: Setting CVar [[gc.IncrementalBeginDestroyEnabled:1]]
[2025.12.03-13.50.44:838][  0]LogConfig: Setting CVar [[gc.CreateGCClusters:1]]
[2025.12.03-13.50.44:838][  0]LogConfig: Setting CVar [[gc.MinGCClusterSize:5]]
[2025.12.03-13.50.44:838][  0]LogConfig: Setting CVar [[gc.ActorClusteringEnabled:0]]
[2025.12.03-13.50.44:838][  0]LogConfig: Setting CVar [[gc.BlueprintClusteringEnabled:0]]
[2025.12.03-13.50.44:838][  0]LogConfig: Setting CVar [[gc.UseDisregardForGCOnDedicatedServers:0]]
[2025.12.03-13.50.44:838][  0]LogConfig: Setting CVar [[gc.MultithreadedDestructionEnabled:1]]
[2025.12.03-13.50.44:838][  0]LogConfig: Applying CVar settings from Section [/Script/Engine.NetworkSettings] File [E:/Unreal/Fumec_DevGames/Saved/Config/Windows/Engine.ini]
[2025.12.03-13.50.44:838][  0]LogConfig: Applying CVar settings from Section [/Script/UnrealEd.CookerSettings] File [E:/Unreal/Fumec_DevGames/Saved/Config/Windows/Engine.ini]
[2025.12.03-13.50.44:844][  0]LogConfig: Applying CVar settings from Section [ViewDistanceQuality@3] File [E:/Unreal/Fumec_DevGames/Saved/Config/Windows/Scalability.ini]
[2025.12.03-13.50.44:844][  0]LogConfig: Setting CVar [[r.SkeletalMeshLODBias:0]]
[2025.12.03-13.50.44:844][  0]LogConfig: Setting CVar [[r.ViewDistanceScale:1.0]]
[2025.12.03-13.50.44:844][  0]LogConfig: Applying CVar settings from Section [AntiAliasingQuality@3] File [E:/Unreal/Fumec_DevGames/Saved/Config/Windows/Scalability.ini]
[2025.12.03-13.50.44:844][  0]LogConfig: Setting CVar [[r.PostProcessAAQuality:4]]
[2025.12.03-13.50.44:844][  0]LogConfig: Applying CVar settings from Section [ShadowQuality@3] File [E:/Unreal/Fumec_DevGames/Saved/Config/Windows/Scalability.ini]
[2025.12.03-13.50.44:844][  0]LogConfig: Setting CVar [[r.LightFunctionQuality:1]]
[2025.12.03-13.50.44:844][  0]LogConfig: Setting CVar [[r.ShadowQuality:5]]
[2025.12.03-13.50.44:844][  0]LogConfig: Setting CVar [[r.Shadow.CSM.MaxCascades:10]]
[2025.12.03-13.50.44:844][  0]LogConfig: Setting CVar [[r.Shadow.MaxResolution:2048]]
[2025.12.03-13.50.44:844][  0]LogConfig: Setting CVar [[r.Shadow.MaxCSMResolution:2048]]
[2025.12.03-13.50.44:844][  0]LogConfig: Setting CVar [[r.Shadow.RadiusThreshold:0.01]]
[2025.12.03-13.50.44:844][  0]LogConfig: Setting CVar [[r.Shadow.DistanceScale:1.0]]
[2025.12.03-13.50.44:844][  0]LogConfig: Setting CVar [[r.Shadow.CSM.TransitionScale:1.0]]
[2025.12.03-13.50.44:844][  0]LogConfig: Setting CVar [[r.Shadow.PreShadowResolutionFactor:1.0]]
[2025.12.03-13.50.44:844][  0]LogConfig: Setting CVar [[r.DistanceFieldShadowing:1]]
[2025.12.03-13.50.44:844][  0]LogConfig: Setting CVar [[r.DistanceFieldAO:1]]
[2025.12.03-13.50.44:844][  0]LogConfig: Setting CVar [[r.AOQuality:2]]
[2025.12.03-13.50.44:844][  0]LogConfig: Setting CVar [[r.VolumetricFog:1]]
[2025.12.03-13.50.44:844][  0]LogConfig: Setting CVar [[r.VolumetricFog.GridPixelSize:8]]
[2025.12.03-13.50.44:844][  0]LogConfig: Setting CVar [[r.VolumetricFog.GridSizeZ:128]]
[2025.12.03-13.50.44:844][  0]LogConfig: Setting CVar [[r.VolumetricFog.HistoryMissSupersampleCount:4]]
[2025.12.03-13.50.44:844][  0]LogConfig: Setting CVar [[r.LightMaxDrawDistanceScale:1]]
[2025.12.03-13.50.44:844][  0]LogConfig: Setting CVar [[r.CapsuleShadows:1]]
[2025.12.03-13.50.44:844][  0]LogConfig: Applying CVar settings from Section [PostProcessQuality@3] File [E:/Unreal/Fumec_DevGames/Saved/Config/Windows/Scalability.ini]
[2025.12.03-13.50.44:844][  0]LogConfig: Setting CVar [[r.MotionBlurQuality:4]]
[2025.12.03-13.50.44:844][  0]LogConfig: Setting CVar [[r.AmbientOcclusionMipLevelFactor:0.4]]
[2025.12.03-13.50.44:844][  0]LogConfig: Setting CVar [[r.AmbientOcclusionMaxQuality:100]]
[2025.12.03-13.50.44:844][  0]LogConfig: Setting CVar [[r.AmbientOcclusionLevels:-1]]
[2025.12.03-13.50.44:844][  0]LogConfig: Setting CVar [[r.AmbientOcclusionRadiusScale:1.0]]
[2025.12.03-13.50.44:844][  0]LogConfig: Setting CVar [[r.DepthOfFieldQuality:2]]
[2025.12.03-13.50.44:844][  0]LogConfig: Setting CVar [[r.RenderTargetPoolMin:400]]
[2025.12.03-13.50.44:844][  0]LogConfig: Setting CVar [[r.LensFlareQuality:2]]
[2025.12.03-13.50.44:844][  0]LogConfig: Setting CVar [[r.SceneColorFringeQuality:1]]
[2025.12.03-13.50.44:845][  0]LogConfig: Setting CVar [[r.EyeAdaptationQuality:2]]
[2025.12.03-13.50.44:845][  0]LogConfig: Setting CVar [[r.BloomQuality:5]]
[2025.12.03-13.50.44:845][  0]LogConfig: Setting CVar [[r.FastBlurThreshold:100]]
[2025.12.03-13.50.44:845][  0]LogConfig: Setting CVar [[r.Upscale.Quality:3]]
[2025.12.03-13.50.44:845][  0]LogConfig: Setting CVar [[r.Tonemapper.GrainQuantization:1]]
[2025.12.03-13.50.44:845][  0]LogConfig: Setting CVar [[r.LightShaftQuality:1]]
[2025.12.03-13.50.44:845][  0]LogConfig: Setting CVar [[r.Filter.SizeScale:1]]
[2025.12.03-13.50.44:845][  0]LogConfig: Setting CVar [[r.Tonemapper.Quality:5]]
[2025.12.03-13.50.44:845][  0]LogConfig: Setting CVar [[r.DOF.Gather.AccumulatorQuality:1        ; higher gathering accumulator quality]]
[2025.12.03-13.50.44:845][  0]LogConfig: Setting CVar [[r.DOF.Gather.PostfilterMethod:1          ; Median3x3 postfilering method]]
[2025.12.03-13.50.44:845][  0]LogConfig: Setting CVar [[r.DOF.Gather.EnableBokehSettings:0       ; no bokeh simulation when gathering]]
[2025.12.03-13.50.44:845][  0]LogConfig: Setting CVar [[r.DOF.Gather.RingCount:4                 ; medium number of samples when gathering]]
[2025.12.03-13.50.44:845][  0]LogConfig: Setting CVar [[r.DOF.Scatter.ForegroundCompositing:1    ; additive foreground scattering]]
[2025.12.03-13.50.44:845][  0]LogConfig: Setting CVar [[r.DOF.Scatter.BackgroundCompositing:2    ; additive background scattering]]
[2025.12.03-13.50.44:845][  0]LogConfig: Setting CVar [[r.DOF.Scatter.EnableBokehSettings:1      ; bokeh simulation when scattering]]
[2025.12.03-13.50.44:845][  0]LogConfig: Setting CVar [[r.DOF.Scatter.MaxSpriteRatio:0.1         ; only a maximum of 10% of scattered bokeh]]
[2025.12.03-13.50.44:845][  0]LogConfig: Setting CVar [[r.DOF.Recombine.Quality:1                ; cheap slight out of focus]]
[2025.12.03-13.50.44:845][  0]LogConfig: Setting CVar [[r.DOF.Recombine.EnableBokehSettings:0    ; no bokeh simulation on slight out of focus]]
[2025.12.03-13.50.44:845][  0]LogConfig: Setting CVar [[r.DOF.TemporalAAQuality:1                ; more stable temporal accumulation]]
[2025.12.03-13.50.44:845][  0]LogConfig: Setting CVar [[r.DOF.Kernel.MaxForegroundRadius:0.025]]
[2025.12.03-13.50.44:845][  0]LogConfig: Setting CVar [[r.DOF.Kernel.MaxBackgroundRadius:0.025]]
[2025.12.03-13.50.44:845][  0]LogConfig: Applying CVar settings from Section [TextureQuality@3] File [E:/Unreal/Fumec_DevGames/Saved/Config/Windows/Scalability.ini]
[2025.12.03-13.50.44:845][  0]LogConfig: Setting CVar [[r.Streaming.MipBias:0]]
[2025.12.03-13.50.44:845][  0]LogConfig: Setting CVar [[r.Streaming.AmortizeCPUToGPUCopy:0]]
[2025.12.03-13.50.44:845][  0]LogConfig: Setting CVar [[r.Streaming.MaxNumTexturesToStreamPerFrame:0]]
[2025.12.03-13.50.44:845][  0]LogConfig: Setting CVar [[r.Streaming.Boost:1]]
[2025.12.03-13.50.44:845][  0]LogConfig: Setting CVar [[r.MaxAnisotropy:8]]
[2025.12.03-13.50.44:845][  0]LogConfig: Setting CVar [[r.VT.MaxAnisotropy:8]]
[2025.12.03-13.50.44:845][  0]LogConfig: Setting CVar [[r.Streaming.LimitPoolSizeToVRAM:0]]
[2025.12.03-13.50.44:845][  0]LogConfig: Setting CVar [[r.Streaming.PoolSize:1000]]
[2025.12.03-13.50.44:845][  0]LogConfig: Setting CVar [[r.Streaming.MaxEffectiveScreenSize:0]]
[2025.12.03-13.50.44:845][  0]LogConfig: Applying CVar settings from Section [EffectsQuality@3] File [E:/Unreal/Fumec_DevGames/Saved/Config/Windows/Scalability.ini]
[2025.12.03-13.50.44:845][  0]LogConfig: Setting CVar [[r.TranslucencyLightingVolumeDim:64]]
[2025.12.03-13.50.44:845][  0]LogConfig: Setting CVar [[r.RefractionQuality:2]]
[2025.12.03-13.50.44:845][  0]LogConfig: Setting CVar [[r.SSR.Quality:3]]
[2025.12.03-13.50.44:845][  0]LogConfig: Setting CVar [[r.SSR.HalfResSceneColor:0]]
[2025.12.03-13.50.44:845][  0]LogConfig: Setting CVar [[r.SceneColorFormat:4]]
[2025.12.03-13.50.44:845][  0]LogConfig: Setting CVar [[r.DetailMode:2]]
[2025.12.03-13.50.44:845][  0]LogConfig: Setting CVar [[r.TranslucencyVolumeBlur:1]]
[2025.12.03-13.50.44:845][  0]LogConfig: Setting CVar [[r.MaterialQualityLevel:1 ; High quality]]
[2025.12.03-13.50.44:845][  0]LogConfig: Setting CVar [[r.AnisotropicMaterials:1]]
[2025.12.03-13.50.44:845][  0]LogConfig: Setting CVar [[r.SSS.Scale:1]]
[2025.12.03-13.50.44:845][  0]LogConfig: Setting CVar [[r.SSS.SampleSet:2]]
[2025.12.03-13.50.44:845][  0]LogConfig: Setting CVar [[r.SSS.Quality:1]]
[2025.12.03-13.50.44:845][  0]LogConfig: Setting CVar [[r.SSS.HalfRes:0]]
[2025.12.03-13.50.44:845][  0]LogConfig: Setting CVar [[r.SSGI.Quality:3]]
[2025.12.03-13.50.44:845][  0]LogConfig: Setting CVar [[r.EmitterSpawnRateScale:1.0]]
[2025.12.03-13.50.44:845][  0]LogConfig: Setting CVar [[r.ParticleLightQuality:2]]
[2025.12.03-13.50.44:845][  0]LogConfig: Setting CVar [[r.SkyAtmosphere.AerialPerspectiveLUT.FastApplyOnOpaque:1 ; Always have FastSkyLUT 1 in this case to avoid wrong sky]]
[2025.12.03-13.50.44:845][  0]LogConfig: Setting CVar [[r.SkyAtmosphere.AerialPerspectiveLUT.SampleCountMaxPerSlice:4]]
[2025.12.03-13.50.44:845][  0]LogConfig: Setting CVar [[r.SkyAtmosphere.AerialPerspectiveLUT.DepthResolution:16.0]]
[2025.12.03-13.50.44:845][  0]LogConfig: Setting CVar [[r.SkyAtmosphere.FastSkyLUT:1]]
[2025.12.03-13.50.44:845][  0]LogConfig: Setting CVar [[r.SkyAtmosphere.FastSkyLUT.SampleCountMin:4.0]]
[2025.12.03-13.50.44:845][  0]LogConfig: Setting CVar [[r.SkyAtmosphere.FastSkyLUT.SampleCountMax:128.0]]
[2025.12.03-13.50.44:845][  0]LogConfig: Setting CVar [[r.SkyAtmosphere.SampleCountMin:4.0]]
[2025.12.03-13.50.44:845][  0]LogConfig: Setting CVar [[r.SkyAtmosphere.SampleCountMax:128.0]]
[2025.12.03-13.50.44:845][  0]LogConfig: Setting CVar [[r.SkyAtmosphere.TransmittanceLUT.UseSmallFormat:0]]
[2025.12.03-13.50.44:845][  0]LogConfig: Setting CVar [[r.SkyAtmosphere.TransmittanceLUT.SampleCount:10.0]]
[2025.12.03-13.50.44:845][  0]LogConfig: Setting CVar [[r.SkyAtmosphere.MultiScatteringLUT.SampleCount:15.0]]
[2025.12.03-13.50.44:845][  0]LogConfig: Setting CVar [[r.SkyLight.RealTimeReflectionCapture:1]]
[2025.12.03-13.50.44:845][  0]LogConfig: Applying CVar settings from Section [FoliageQuality@3] File [E:/Unreal/Fumec_DevGames/Saved/Config/Windows/Scalability.ini]
[2025.12.03-13.50.44:845][  0]LogConfig: Setting CVar [[foliage.DensityScale:1.0]]
[2025.12.03-13.50.44:845][  0]LogConfig: Setting CVar [[grass.DensityScale:1.0]]
[2025.12.03-13.50.44:845][  0]LogConfig: Applying CVar settings from Section [ShadingQuality@3] File [E:/Unreal/Fumec_DevGames/Saved/Config/Windows/Scalability.ini]
[2025.12.03-13.50.44:845][  0]LogConfig: Setting CVar [[r.HairStrands.SkyLighting.IntegrationType:2]]
[2025.12.03-13.50.44:845][  0]LogConfig: Setting CVar [[r.HairStrands.SkyAO.SampleCount:4]]
[2025.12.03-13.50.44:845][  0]LogConfig: Setting CVar [[r.HairStrands.Visibility.MSAA.SamplePerPixel:4]]
[2025.12.03-13.50.44:845][  0]LogInit: Selected Device Profile: [Windows]
[2025.12.03-13.50.44:845][  0]LogInit: Applying CVar settings loaded from the selected device profile: [Windows]
[2025.12.03-13.50.44:845][  0]LogHAL: Display: Platform has ~ 14 GB [14968041472 / 17179869184 / 14], which maps to Larger [LargestMinGB=32, LargerMinGB=12, DefaultMinGB=8, SmallerMinGB=6, SmallestMinGB=0)
[2025.12.03-13.50.44:845][  0]LogInit: Going up to parent DeviceProfile []
[2025.12.03-13.50.44:846][  0]LogConfig: Applying CVar settings from Section [ViewDistanceQuality@3] File [E:/Unreal/Fumec_DevGames/Saved/Config/Windows/Scalability.ini]
[2025.12.03-13.50.44:846][  0]LogConfig: Setting CVar [[r.SkeletalMeshLODBias:0]]
[2025.12.03-13.50.44:846][  0]LogConfig: Setting CVar [[r.ViewDistanceScale:1.0]]
[2025.12.03-13.50.44:846][  0]LogConfig: Applying CVar settings from Section [AntiAliasingQuality@3] File [E:/Unreal/Fumec_DevGames/Saved/Config/Windows/Scalability.ini]
[2025.12.03-13.50.44:846][  0]LogConfig: Setting CVar [[r.PostProcessAAQuality:4]]
[2025.12.03-13.50.44:846][  0]LogConfig: Applying CVar settings from Section [ShadowQuality@3] File [E:/Unreal/Fumec_DevGames/Saved/Config/Windows/Scalability.ini]
[2025.12.03-13.50.44:846][  0]LogConfig: Setting CVar [[r.LightFunctionQuality:1]]
[2025.12.03-13.50.44:846][  0]LogConfig: Setting CVar [[r.ShadowQuality:5]]
[2025.12.03-13.50.44:846][  0]LogConfig: Setting CVar [[r.Shadow.CSM.MaxCascades:10]]
[2025.12.03-13.50.44:846][  0]LogConfig: Setting CVar [[r.Shadow.MaxResolution:2048]]
[2025.12.03-13.50.44:846][  0]LogConfig: Setting CVar [[r.Shadow.MaxCSMResolution:2048]]
[2025.12.03-13.50.44:846][  0]LogConfig: Setting CVar [[r.Shadow.RadiusThreshold:0.01]]
[2025.12.03-13.50.44:846][  0]LogConfig: Setting CVar [[r.Shadow.DistanceScale:1.0]]
[2025.12.03-13.50.44:846][  0]LogConfig: Setting CVar [[r.Shadow.CSM.TransitionScale:1.0]]
[2025.12.03-13.50.44:846][  0]LogConfig: Setting CVar [[r.Shadow.PreShadowResolutionFactor:1.0]]
[2025.12.03-13.50.44:846][  0]LogConfig: Setting CVar [[r.DistanceFieldShadowing:1]]
[2025.12.03-13.50.44:846][  0]LogConfig: Setting CVar [[r.DistanceFieldAO:1]]
[2025.12.03-13.50.44:846][  0]LogConfig: Setting CVar [[r.AOQuality:2]]
[2025.12.03-13.50.44:846][  0]LogConfig: Setting CVar [[r.VolumetricFog:1]]
[2025.12.03-13.50.44:846][  0]LogConfig: Setting CVar [[r.VolumetricFog.GridPixelSize:8]]
[2025.12.03-13.50.44:846][  0]LogConfig: Setting CVar [[r.VolumetricFog.GridSizeZ:128]]
[2025.12.03-13.50.44:846][  0]LogConfig: Setting CVar [[r.VolumetricFog.HistoryMissSupersampleCount:4]]
[2025.12.03-13.50.44:846][  0]LogConfig: Setting CVar [[r.LightMaxDrawDistanceScale:1]]
[2025.12.03-13.50.44:846][  0]LogConfig: Setting CVar [[r.CapsuleShadows:1]]
[2025.12.03-13.50.44:846][  0]LogConfig: Applying CVar settings from Section [PostProcessQuality@3] File [E:/Unreal/Fumec_DevGames/Saved/Config/Windows/Scalability.ini]
[2025.12.03-13.50.44:846][  0]LogConfig: Setting CVar [[r.MotionBlurQuality:4]]
[2025.12.03-13.50.44:846][  0]LogConfig: Setting CVar [[r.AmbientOcclusionMipLevelFactor:0.4]]
[2025.12.03-13.50.44:846][  0]LogConfig: Setting CVar [[r.AmbientOcclusionMaxQuality:100]]
[2025.12.03-13.50.44:846][  0]LogConfig: Setting CVar [[r.AmbientOcclusionLevels:-1]]
[2025.12.03-13.50.44:846][  0]LogConfig: Setting CVar [[r.AmbientOcclusionRadiusScale:1.0]]
[2025.12.03-13.50.44:846][  0]LogConfig: Setting CVar [[r.DepthOfFieldQuality:2]]
[2025.12.03-13.50.44:846][  0]LogConfig: Setting CVar [[r.RenderTargetPoolMin:400]]
[2025.12.03-13.50.44:846][  0]LogConfig: Setting CVar [[r.LensFlareQuality:2]]
[2025.12.03-13.50.44:846][  0]LogConfig: Setting CVar [[r.SceneColorFringeQuality:1]]
[2025.12.03-13.50.44:846][  0]LogConfig: Setting CVar [[r.EyeAdaptationQuality:2]]
[2025.12.03-13.50.44:846][  0]LogConfig: Setting CVar [[r.BloomQuality:5]]
[2025.12.03-13.50.44:846][  0]LogConfig: Setting CVar [[r.FastBlurThreshold:100]]
[2025.12.03-13.50.44:846][  0]LogConfig: Setting CVar [[r.Upscale.Quality:3]]
[2025.12.03-13.50.44:846][  0]LogConfig: Setting CVar [[r.Tonemapper.GrainQuantization:1]]
[2025.12.03-13.50.44:846][  0]LogConfig: Setting CVar [[r.LightShaftQuality:1]]
[2025.12.03-13.50.44:846][  0]LogConfig: Setting CVar [[r.Filter.SizeScale:1]]
[2025.12.03-13.50.44:846][  0]LogConfig: Setting CVar [[r.Tonemapper.Quality:5]]
[2025.12.03-13.50.44:846][  0]LogConfig: Setting CVar [[r.DOF.Gather.AccumulatorQuality:1        ; higher gathering accumulator quality]]
[2025.12.03-13.50.44:846][  0]LogConfig: Setting CVar [[r.DOF.Gather.PostfilterMethod:1          ; Median3x3 postfilering method]]
[2025.12.03-13.50.44:846][  0]LogConfig: Setting CVar [[r.DOF.Gather.EnableBokehSettings:0       ; no bokeh simulation when gathering]]
[2025.12.03-13.50.44:846][  0]LogConfig: Setting CVar [[r.DOF.Gather.RingCount:4                 ; medium number of samples when gathering]]
[2025.12.03-13.50.44:846][  0]LogConfig: Setting CVar [[r.DOF.Scatter.ForegroundCompositing:1    ; additive foreground scattering]]
[2025.12.03-13.50.44:846][  0]LogConfig: Setting CVar [[r.DOF.Scatter.BackgroundCompositing:2    ; additive background scattering]]
[2025.12.03-13.50.44:846][  0]LogConfig: Setting CVar [[r.DOF.Scatter.EnableBokehSettings:1      ; bokeh simulation when scattering]]
[2025.12.03-13.50.44:846][  0]LogConfig: Setting CVar [[r.DOF.Scatter.MaxSpriteRatio:0.1         ; only a maximum of 10% of scattered bokeh]]
[2025.12.03-13.50.44:846][  0]LogConfig: Setting CVar [[r.DOF.Recombine.Quality:1                ; cheap slight out of focus]]
[2025.12.03-13.50.44:846][  0]LogConfig: Setting CVar [[r.DOF.Recombine.EnableBokehSettings:0    ; no bokeh simulation on slight out of focus]]
[2025.12.03-13.50.44:846][  0]LogConfig: Setting CVar [[r.DOF.TemporalAAQuality:1                ; more stable temporal accumulation]]
[2025.12.03-13.50.44:846][  0]LogConfig: Setting CVar [[r.DOF.Kernel.MaxForegroundRadius:0.025]]
[2025.12.03-13.50.44:846][  0]LogConfig: Setting CVar [[r.DOF.Kernel.MaxBackgroundRadius:0.025]]
[2025.12.03-13.50.44:846][  0]LogConfig: Applying CVar settings from Section [TextureQuality@3] File [E:/Unreal/Fumec_DevGames/Saved/Config/Windows/Scalability.ini]
[2025.12.03-13.50.44:846][  0]LogConfig: Setting CVar [[r.Streaming.MipBias:0]]
[2025.12.03-13.50.44:846][  0]LogConfig: Setting CVar [[r.Streaming.AmortizeCPUToGPUCopy:0]]
[2025.12.03-13.50.44:846][  0]LogConfig: Setting CVar [[r.Streaming.MaxNumTexturesToStreamPerFrame:0]]
[2025.12.03-13.50.44:846][  0]LogConfig: Setting CVar [[r.Streaming.Boost:1]]
[2025.12.03-13.50.44:846][  0]LogConfig: Setting CVar [[r.MaxAnisotropy:8]]
[2025.12.03-13.50.44:846][  0]LogConfig: Setting CVar [[r.VT.MaxAnisotropy:8]]
[2025.12.03-13.50.44:846][  0]LogConfig: Setting CVar [[r.Streaming.LimitPoolSizeToVRAM:0]]
[2025.12.03-13.50.44:846][  0]LogConfig: Setting CVar [[r.Streaming.PoolSize:1000]]
[2025.12.03-13.50.44:846][  0]LogConfig: Setting CVar [[r.Streaming.MaxEffectiveScreenSize:0]]
[2025.12.03-13.50.44:846][  0]LogConfig: Applying CVar settings from Section [EffectsQuality@3] File [E:/Unreal/Fumec_DevGames/Saved/Config/Windows/Scalability.ini]
[2025.12.03-13.50.44:846][  0]LogConfig: Setting CVar [[r.TranslucencyLightingVolumeDim:64]]
[2025.12.03-13.50.44:846][  0]LogConfig: Setting CVar [[r.RefractionQuality:2]]
[2025.12.03-13.50.44:846][  0]LogConfig: Setting CVar [[r.SSR.Quality:3]]
[2025.12.03-13.50.44:846][  0]LogConfig: Setting CVar [[r.SSR.HalfResSceneColor:0]]
[2025.12.03-13.50.44:846][  0]LogConfig: Setting CVar [[r.SceneColorFormat:4]]
[2025.12.03-13.50.44:846][  0]LogConfig: Setting CVar [[r.DetailMode:2]]
[2025.12.03-13.50.44:846][  0]LogConfig: Setting CVar [[r.TranslucencyVolumeBlur:1]]
[2025.12.03-13.50.44:846][  0]LogConfig: Setting CVar [[r.MaterialQualityLevel:1 ; High quality]]
[2025.12.03-13.50.44:846][  0]LogConfig: Setting CVar [[r.AnisotropicMaterials:1]]
[2025.12.03-13.50.44:846][  0]LogConfig: Setting CVar [[r.SSS.Scale:1]]
[2025.12.03-13.50.44:846][  0]LogConfig: Setting CVar [[r.SSS.SampleSet:2]]
[2025.12.03-13.50.44:846][  0]LogConfig: Setting CVar [[r.SSS.Quality:1]]
[2025.12.03-13.50.44:846][  0]LogConfig: Setting CVar [[r.SSS.HalfRes:0]]
[2025.12.03-13.50.44:846][  0]LogConfig: Setting CVar [[r.SSGI.Quality:3]]
[2025.12.03-13.50.44:846][  0]LogConfig: Setting CVar [[r.EmitterSpawnRateScale:1.0]]
[2025.12.03-13.50.44:846][  0]LogConfig: Setting CVar [[r.ParticleLightQuality:2]]
[2025.12.03-13.50.44:846][  0]LogConfig: Setting CVar [[r.SkyAtmosphere.AerialPerspectiveLUT.FastApplyOnOpaque:1 ; Always have FastSkyLUT 1 in this case to avoid wrong sky]]
[2025.12.03-13.50.44:846][  0]LogConfig: Setting CVar [[r.SkyAtmosphere.AerialPerspectiveLUT.SampleCountMaxPerSlice:4]]
[2025.12.03-13.50.44:847][  0]LogConfig: Setting CVar [[r.SkyAtmosphere.AerialPerspectiveLUT.DepthResolution:16.0]]
[2025.12.03-13.50.44:847][  0]LogConfig: Setting CVar [[r.SkyAtmosphere.FastSkyLUT:1]]
[2025.12.03-13.50.44:847][  0]LogConfig: Setting CVar [[r.SkyAtmosphere.FastSkyLUT.SampleCountMin:4.0]]
[2025.12.03-13.50.44:847][  0]LogConfig: Setting CVar [[r.SkyAtmosphere.FastSkyLUT.SampleCountMax:128.0]]
[2025.12.03-13.50.44:847][  0]LogConfig: Setting CVar [[r.SkyAtmosphere.SampleCountMin:4.0]]
[2025.12.03-13.50.44:847][  0]LogConfig: Setting CVar [[r.SkyAtmosphere.SampleCountMax:128.0]]
[2025.12.03-13.50.44:847][  0]LogConfig: Setting CVar [[r.SkyAtmosphere.TransmittanceLUT.UseSmallFormat:0]]
[2025.12.03-13.50.44:847][  0]LogConfig: Setting CVar [[r.SkyAtmosphere.TransmittanceLUT.SampleCount:10.0]]
[2025.12.03-13.50.44:847][  0]LogConfig: Setting CVar [[r.SkyAtmosphere.MultiScatteringLUT.SampleCount:15.0]]
[2025.12.03-13.50.44:847][  0]LogConfig: Setting CVar [[r.SkyLight.RealTimeReflectionCapture:1]]
[2025.12.03-13.50.44:847][  0]LogConfig: Applying CVar settings from Section [FoliageQuality@3] File [E:/Unreal/Fumec_DevGames/Saved/Config/Windows/Scalability.ini]
[2025.12.03-13.50.44:847][  0]LogConfig: Setting CVar [[foliage.DensityScale:1.0]]
[2025.12.03-13.50.44:847][  0]LogConfig: Setting CVar [[grass.DensityScale:1.0]]
[2025.12.03-13.50.44:847][  0]LogConfig: Applying CVar settings from Section [ShadingQuality@3] File [E:/Unreal/Fumec_DevGames/Saved/Config/Windows/Scalability.ini]
[2025.12.03-13.50.44:847][  0]LogConfig: Setting CVar [[r.HairStrands.SkyLighting.IntegrationType:2]]
[2025.12.03-13.50.44:847][  0]LogConfig: Setting CVar [[r.HairStrands.SkyAO.SampleCount:4]]
[2025.12.03-13.50.44:847][  0]LogConfig: Setting CVar [[r.HairStrands.Visibility.MSAA.SamplePerPixel:4]]
[2025.12.03-13.50.44:847][  0]LogConfig: Applying CVar settings from Section [Startup] File [../../../Engine/Config/ConsoleVariables.ini]
[2025.12.03-13.50.44:847][  0]LogConfig: Setting CVar [[net.UseAdaptiveNetUpdateFrequency:0]]
[2025.12.03-13.50.44:847][  0]LogConfig: Setting CVar [[p.chaos.AllowCreatePhysxBodies:1]]
[2025.12.03-13.50.44:847][  0]LogConfig: Setting CVar [[fx.SkipVectorVMBackendOptimizations:1]]
[2025.12.03-13.50.44:847][  0]LogConfig: Applying CVar settings from Section [ConsoleVariables] File [E:/Unreal/Fumec_DevGames/Saved/Config/Windows/Engine.ini]
[2025.12.03-13.50.44:847][  0]LogConfig: Applying CVar settings from Section [ConsoleVariables] File [E:/Unreal/Fumec_DevGames/Saved/Config/Windows/Editor.ini]
[2025.12.03-13.50.44:847][  0]LogInit: Computer: LUCY
[2025.12.03-13.50.44:847][  0]LogInit: User: Gabriel
[2025.12.03-13.50.44:847][  0]LogInit: CPU Page size=4096, Cores=4
[2025.12.03-13.50.44:847][  0]LogInit: High frequency timer resolution =10.000000 MHz
[2025.12.03-13.50.44:847][  0]LogMemory: Memory total: Physical=13.9GB (14GB approx)
[2025.12.03-13.50.44:847][  0]LogMemory: Platform Memory Stats for Windows
[2025.12.03-13.50.44:847][  0]LogMemory: Process Physical Memory: 147.14 MB used, 147.14 MB peak
[2025.12.03-13.50.44:847][  0]LogMemory: Process Virtual Memory: 126.71 MB used, 126.71 MB peak
[2025.12.03-13.50.44:847][  0]LogMemory: Physical Memory: 7643.60 MB used,  6631.04 MB free, 14274.64 MB total
[2025.12.03-13.50.44:847][  0]LogMemory: Virtual Memory: 134206808.00 MB used,  10918.86 MB free, 134217728.00 MB total
[2025.12.03-13.50.44:855][  0]LogWindows: WindowsPlatformFeatures enabled
[2025.12.03-13.50.44:918][  0]LogInit: Physics initialised using underlying interface: PhysX
[2025.12.03-13.50.44:919][  0]LogInit: Overriding language with editor language configuration option (en).
[2025.12.03-13.50.44:919][  0]LogInit: Overriding language with editor locale configuration option (en).
[2025.12.03-13.50.45:168][  0]LogInit: Setting process to per monitor DPI aware
[2025.12.03-13.50.45:187][  0]LogWindowsTextInputMethodSystem: Display: IME system deactivated.
[2025.12.03-13.50.45:205][  0]LogSlate: New Slate User Created.  User Index 0, Is Virtual User: 0
[2025.12.03-13.50.45:206][  0]LogSlate: Slate User Registered.  User Index 0, Is Virtual User: 0
[2025.12.03-13.50.45:386][  0]LogD3D11RHI: Loaded GFSDK_Aftermath_Lib.x64.dll
[2025.12.03-13.50.45:482][  0]LogHMD: Failed to initialize OpenVR with code 110
[2025.12.03-13.50.45:482][  0]LogD3D11RHI: D3D11 min allowed feature level: 11_0
[2025.12.03-13.50.45:482][  0]LogD3D11RHI: D3D11 max allowed feature level: 11_0
[2025.12.03-13.50.45:482][  0]LogD3D11RHI: D3D11 adapters:
[2025.12.03-13.50.45:697][  0]LogD3D11RHI:    0. 'NVIDIA GeForce GTX 1650' (Feature Level 11_0)
[2025.12.03-13.50.45:697][  0]LogD3D11RHI:       3938/0/7137 MB DedicatedVideo/DedicatedSystem/SharedSystem, Outputs:1, VendorId:0x10de
[2025.12.03-13.50.45:740][  0]LogD3D11RHI:    1. 'AMD Radeon(TM) RX Vega 10 Graphics' (Feature Level 11_0)
[2025.12.03-13.50.45:740][  0]LogD3D11RHI:       2034/0/7137 MB DedicatedVideo/DedicatedSystem/SharedSystem, Outputs:0, VendorId:0x1002
[2025.12.03-13.50.45:744][  0]LogD3D11RHI:    2. 'Microsoft Basic Render Driver' (Feature Level 11_0)
[2025.12.03-13.50.45:744][  0]LogD3D11RHI:       0/0/7137 MB DedicatedVideo/DedicatedSystem/SharedSystem, Outputs:0, VendorId:0x1414
[2025.12.03-13.50.45:776][  0]LogD3D11RHI:    3. 'AMD Radeon(TM) RX Vega 10 Graphics' (Feature Level 11_0)
[2025.12.03-13.50.45:776][  0]LogD3D11RHI:       2034/0/7137 MB DedicatedVideo/DedicatedSystem/SharedSystem, Outputs:0, VendorId:0x1002
[2025.12.03-13.50.45:810][  0]LogD3D11RHI:    4. 'AMD Radeon(TM) RX Vega 10 Graphics' (Feature Level 11_0)
[2025.12.03-13.50.45:810][  0]LogD3D11RHI:       2034/0/7137 MB DedicatedVideo/DedicatedSystem/SharedSystem, Outputs:0, VendorId:0x1002
[2025.12.03-13.50.45:845][  0]LogD3D11RHI:    5. 'AMD Radeon(TM) RX Vega 10 Graphics' (Feature Level 11_0)
[2025.12.03-13.50.45:845][  0]LogD3D11RHI:       2034/0/7137 MB DedicatedVideo/DedicatedSystem/SharedSystem, Outputs:0, VendorId:0x1002
[2025.12.03-13.50.45:886][  0]LogD3D11RHI:    6. 'AMD Radeon(TM) RX Vega 10 Graphics' (Feature Level 11_0)
[2025.12.03-13.50.45:886][  0]LogD3D11RHI:       2034/0/7137 MB DedicatedVideo/DedicatedSystem/SharedSystem, Outputs:0, VendorId:0x1002
[2025.12.03-13.50.45:886][  0]LogD3D11RHI: Chosen D3D11 Adapter:
[2025.12.03-13.50.45:886][  0]LogD3D11RHI:     Description : NVIDIA GeForce GTX 1650
[2025.12.03-13.50.45:886][  0]LogD3D11RHI:     VendorId    : 10de
[2025.12.03-13.50.45:886][  0]LogD3D11RHI:     DeviceId    : 1f91
[2025.12.03-13.50.45:886][  0]LogD3D11RHI:     SubSysId    : 142a1025
[2025.12.03-13.50.45:886][  0]LogD3D11RHI:     Revision    : 00a1
[2025.12.03-13.50.45:886][  0]LogD3D11RHI:     DedicatedVideoMemory : 4129292288 bytes
[2025.12.03-13.50.45:886][  0]LogD3D11RHI:     DedicatedSystemMemory : 0 bytes
[2025.12.03-13.50.45:886][  0]LogD3D11RHI:     SharedSystemMemory : 7484020736 bytes
[2025.12.03-13.50.45:886][  0]LogD3D11RHI:     AdapterLuid : 0 72651
[2025.12.03-13.50.45:899][  0]LogD3D11RHI: Creating new Direct3DDevice
[2025.12.03-13.50.45:899][  0]LogD3D11RHI:     GPU DeviceId: 0x1f91 (for the marketing name, search the web for "GPU Device Id")
[2025.12.03-13.50.45:899][  0]LogWindows: EnumDisplayDevices:
[2025.12.03-13.50.45:899][  0]LogWindows:    0. 'AMD Radeon(TM) RX Vega 10 Graphics ' (P:1 D:1)
[2025.12.03-13.50.45:900][  0]LogWindows:    1. 'AMD Radeon(TM) RX Vega 10 Graphics ' (P:0 D:0)
[2025.12.03-13.50.45:901][  0]LogWindows:    2. 'AMD Radeon(TM) RX Vega 10 Graphics ' (P:0 D:0)
[2025.12.03-13.50.45:901][  0]LogWindows:    3. 'AMD Radeon(TM) RX Vega 10 Graphics ' (P:0 D:0)
[2025.12.03-13.50.45:902][  0]LogWindows:    4. 'MS Idd Device' (P:0 D:0)
[2025.12.03-13.50.45:902][  0]LogWindows:    5. 'Parsec Virtual Display Adapter' (P:0 D:0)
[2025.12.03-13.50.45:903][  0]LogWindows:    6. 'Parsec Virtual Display Adapter' (P:0 D:0)
[2025.12.03-13.50.45:903][  0]LogWindows:    7. 'Parsec Virtual Display Adapter' (P:0 D:0)
[2025.12.03-13.50.45:904][  0]LogWindows:    8. 'Parsec Virtual Display Adapter' (P:0 D:0)
[2025.12.03-13.50.45:904][  0]LogWindows:    9. 'Parsec Virtual Display Adapter' (P:0 D:0)
[2025.12.03-13.50.45:904][  0]LogWindows:    10. 'Parsec Virtual Display Adapter' (P:0 D:0)
[2025.12.03-13.50.45:904][  0]LogWindows:    11. 'Parsec Virtual Display Adapter' (P:0 D:0)
[2025.12.03-13.50.45:906][  0]LogWindows:    12. 'Parsec Virtual Display Adapter' (P:0 D:0)
[2025.12.03-13.50.45:906][  0]LogWindows:    13. 'Parsec Virtual Display Adapter' (P:0 D:0)
[2025.12.03-13.50.45:907][  0]LogWindows:    14. 'Parsec Virtual Display Adapter' (P:0 D:0)
[2025.12.03-13.50.45:907][  0]LogWindows:    15. 'Parsec Virtual Display Adapter' (P:0 D:0)
[2025.12.03-13.50.45:907][  0]LogWindows:    16. 'Parsec Virtual Display Adapter' (P:0 D:0)
[2025.12.03-13.50.45:907][  0]LogWindows:    17. 'Parsec Virtual Display Adapter' (P:0 D:0)
[2025.12.03-13.50.45:908][  0]LogWindows:    18. 'Parsec Virtual Display Adapter' (P:0 D:0)
[2025.12.03-13.50.45:908][  0]LogWindows:    19. 'Parsec Virtual Display Adapter' (P:0 D:0)
[2025.12.03-13.50.45:908][  0]LogWindows:    20. 'Parsec Virtual Display Adapter' (P:0 D:0)
[2025.12.03-13.50.45:908][  0]LogWindows:    21. 'MS Idd Device' (P:0 D:0)
[2025.12.03-13.50.45:909][  0]LogWindows:    22. 'MS Idd Device' (P:0 D:0)
[2025.12.03-13.50.45:909][  0]LogWindows: DebugString: PrimaryIsNotTheChoosenAdapter PrimaryIsNotTheChoosenAdapter PrimaryIsNotTheChoosenAdapter PrimaryIsNotTheChoosenAdapter GetVideoDriverDetailsInvalid PrimaryIsNotTheChoosenAdapter GetVideoDriverDetailsInvalid PrimaryIsNotTheChoosenAdapter GetVideoDriverDetailsInvalid PrimaryIsNotTheChoosenAdapter GetVideoDriverDetailsInvalid PrimaryIsNotTheChoosenAdapter GetVideoDriverDetailsInvalid PrimaryIsNotTheChoosenAdapter GetVideoDriverDetailsInvalid PrimaryIsNotTheChoosenAdapter GetVideoDriverDetailsInvalid PrimaryIsNotTheChoosenAdapter GetVideoDriverDetailsInvalid PrimaryIsNotTheChoosenAdapter GetVideoDriverDetailsInvalid PrimaryIsNotTheChoosenAdapter GetVideoDriverDetailsInvalid PrimaryIsNotTheChoosenAdapter GetVideoDriverDetailsInvalid PrimaryIsNotTheChoosenAdapter GetVideoDriverDetailsInvalid PrimaryIsNotTheChoosenAdapter GetVideoDriverDetailsInvalid PrimaryIsNotTheChoosenAdapter GetVideoDriverDetailsInvalid PrimaryIsNotTheChoosenAdapter GetVideoDriverDetailsInvalid PrimaryIsNotTheChoosenAdapter GetVideoDriverDetailsInvalid PrimaryIsNotTheChoosenAdapter GetVideoDriverDetailsInvalid PrimaryIsNotTheChoosenAdapter GetVideoDriverDetailsInvalid PrimaryIsNotTheChoosenAdapter GetVideoDriverDetailsInvalid PrimaryIsNotTheChoosenAdapter FoundDriverCount:0 
[2025.12.03-13.50.45:909][  0]LogD3D11RHI:     Adapter Name: NVIDIA GeForce GTX 1650
[2025.12.03-13.50.45:909][  0]LogD3D11RHI:   Driver Version: Unknown (internal:Unknown, unified:Unknown)
[2025.12.03-13.50.45:909][  0]LogD3D11RHI:      Driver Date: Unknown
[2025.12.03-13.50.45:909][  0]LogRHI: Texture pool is 2756 MB (70% of 3938 MB)
[2025.12.03-13.50.45:909][  0]LogD3D11RHI: Creating D3DDevice using adapter:
[2025.12.03-13.50.45:909][  0]LogD3D11RHI:     Description : NVIDIA GeForce GTX 1650
[2025.12.03-13.50.45:909][  0]LogD3D11RHI:     VendorId    : 10de
[2025.12.03-13.50.45:909][  0]LogD3D11RHI:     DeviceId    : 1f91
[2025.12.03-13.50.45:909][  0]LogD3D11RHI:     SubSysId    : 142a1025
[2025.12.03-13.50.45:909][  0]LogD3D11RHI:     Revision    : 00a1
[2025.12.03-13.50.45:909][  0]LogD3D11RHI:     DedicatedVideoMemory : 4129292288 bytes
[2025.12.03-13.50.45:909][  0]LogD3D11RHI:     DedicatedSystemMemory : 0 bytes
[2025.12.03-13.50.45:909][  0]LogD3D11RHI:     SharedSystemMemory : 7484020736 bytes
[2025.12.03-13.50.45:909][  0]LogD3D11RHI:     AdapterLuid : 0 72651
[2025.12.03-13.50.46:101][  0]LogD3D11RHI: RHI has support for 64 bit atomics
[2025.12.03-13.50.46:102][  0]LogD3D11RHI: Async texture creation enabled
[2025.12.03-13.50.46:102][  0]LogD3D11RHI: Array index from any shader is supported
[2025.12.03-13.50.46:178][  0]LogD3D11RHI: GPU Timing Frequency: 1000.000000 (Debug: 2 1)
[2025.12.03-13.50.46:216][  0]LogRHI: GeForceNow SDK initialized: 1
[2025.12.03-13.50.46:601][  0]LogTargetPlatformManager: Display: Loaded TargetPlatform 'AllDesktop'
[2025.12.03-13.50.46:630][  0]LogTargetPlatformManager: Display: Loaded TargetPlatform 'Android'
[2025.12.03-13.50.46:630][  0]LogTargetPlatformManager: Display: Loaded TargetPlatform 'Android_ASTC'
[2025.12.03-13.50.46:630][  0]LogTargetPlatformManager: Display: Loaded TargetPlatform 'Android_DXT'
[2025.12.03-13.50.46:630][  0]LogTargetPlatformManager: Display: Loaded TargetPlatform 'Android_ETC2'
[2025.12.03-13.50.46:630][  0]LogTargetPlatformManager: Display: Loaded TargetPlatform 'AndroidClient'
[2025.12.03-13.50.46:630][  0]LogTargetPlatformManager: Display: Loaded TargetPlatform 'Android_ASTCClient'
[2025.12.03-13.50.46:630][  0]LogTargetPlatformManager: Display: Loaded TargetPlatform 'Android_DXTClient'
[2025.12.03-13.50.46:630][  0]LogTargetPlatformManager: Display: Loaded TargetPlatform 'Android_ETC2Client'
[2025.12.03-13.50.46:630][  0]LogTargetPlatformManager: Display: Loaded TargetPlatform 'Android_Multi'
[2025.12.03-13.50.46:630][  0]LogTargetPlatformManager: Display: Loaded TargetPlatform 'Android_MultiClient'
[2025.12.03-13.50.46:659][  0]LogTargetPlatformManager: Display: Loaded TargetPlatform 'IOSClient'
[2025.12.03-13.50.46:659][  0]LogTargetPlatformManager: Display: Loaded TargetPlatform 'IOS'
[2025.12.03-13.50.46:673][  0]LogTargetPlatformManager: Display: Loaded TargetPlatform 'Linux'
[2025.12.03-13.50.46:679][  0]LogTargetPlatformManager: Display: Loaded TargetPlatform 'LinuxNoEditor'
[2025.12.03-13.50.46:686][  0]LogTargetPlatformManager: Display: Loaded TargetPlatform 'LinuxClient'
[2025.12.03-13.50.46:693][  0]LogTargetPlatformManager: Display: Loaded TargetPlatform 'LinuxServer'
[2025.12.03-13.50.46:706][  0]LogTargetPlatformManager: Display: Loaded TargetPlatform 'LinuxAArch64NoEditor'
[2025.12.03-13.50.46:714][  0]LogTargetPlatformManager: Display: Loaded TargetPlatform 'LinuxAArch64Client'
[2025.12.03-13.50.46:723][  0]LogTargetPlatformManager: Display: Loaded TargetPlatform 'LinuxAArch64Server'
[2025.12.03-13.50.46:760][  0]LogTargetPlatformManager: Display: Loaded TargetPlatform 'Lumin'
[2025.12.03-13.50.46:760][  0]LogTargetPlatformManager: Display: Loaded TargetPlatform 'LuminClient'
[2025.12.03-13.50.46:774][  0]LogTargetPlatformManager: Display: Loaded TargetPlatform 'MacNoEditor'
[2025.12.03-13.50.46:782][  0]LogTargetPlatformManager: Display: Loaded TargetPlatform 'Mac'
[2025.12.03-13.50.46:790][  0]LogTargetPlatformManager: Display: Loaded TargetPlatform 'MacClient'
[2025.12.03-13.50.46:799][  0]LogTargetPlatformManager: Display: Loaded TargetPlatform 'MacServer'
[2025.12.03-13.50.46:816][  0]LogTargetPlatformManager: Display: Loaded TargetPlatform 'TVOSClient'
[2025.12.03-13.50.46:817][  0]LogTargetPlatformManager: Display: Loaded TargetPlatform 'TVOS'
[2025.12.03-13.50.46:831][  0]LogTargetPlatformManager: Display: Loaded TargetPlatform 'WindowsNoEditor'
[2025.12.03-13.50.46:840][  0]LogTargetPlatformManager: Display: Loaded TargetPlatform 'Windows'
[2025.12.03-13.50.46:847][  0]LogTargetPlatformManager: Display: Loaded TargetPlatform 'WindowsClient'
[2025.12.03-13.50.46:855][  0]LogTargetPlatformManager: Display: Loaded TargetPlatform 'WindowsServer'
[2025.12.03-13.50.46:855][  0]LogTargetPlatformManager: Display: Building Assets For Windows
[2025.12.03-13.50.46:868][  0]LogAudioDebug: Display: Lib vorbis DLL was dynamically loaded.
[2025.12.03-13.50.46:923][  0]LogTextureFormatOodle: Display: Oodle Texture 2.9.0 init RDO Off
[2025.12.03-13.50.46:981][  0]LogRendererCore: Ray tracing is disabled. Reason: r.RayTracing=0.
[2025.12.03-13.50.46:981][  0]LogShaderCompilers: Guid format shader working directory is 23 characters bigger than the processId version (E:/Unreal/Fumec_DevGames/Intermediate/Shaders/WorkingDirectory/16612/).
[2025.12.03-13.50.46:981][  0]LogShaderCompilers: Cleaned the shader compiler working directory 'C:/Users/Gabriel/AppData/Local/Temp/UnrealShaderWorkingDir/14DDA3B54FC3A39AF39E099A8F5FDF7F/'.
[2025.12.03-13.50.46:981][  0]LogXGEController: Cannot use XGE Controller as Incredibuild is not installed on this machine.
[2025.12.03-13.50.46:982][  0]LogShaderCompilers: Cannot use XGE Shader Compiler as Incredibuild is not installed on this machine.
[2025.12.03-13.50.46:982][  0]LogShaderCompilers: Display: Using Local Shader Compiler.
[2025.12.03-13.50.47:975][  0]LogDerivedDataCache: Display: Max Cache Size: 512 MB
[2025.12.03-13.50.48:047][  0]LogDerivedDataCache: Loaded boot cache 0.07s 94MB C:/Users/Gabriel/AppData/Local/UnrealEngine/4.27/DerivedDataCache/Boot.ddc.
[2025.12.03-13.50.48:047][  0]LogDerivedDataCache: Display: Loaded Boot cache: C:/Users/Gabriel/AppData/Local/UnrealEngine/4.27/DerivedDataCache/Boot.ddc
[2025.12.03-13.50.48:047][  0]LogDerivedDataCache: FDerivedDataBackendGraph:  Pak pak cache file E:/Unreal/Fumec_DevGames/DerivedDataCache/DDC.ddp not found, will not use a pak cache.
[2025.12.03-13.50.48:047][  0]LogDerivedDataCache: Unable to find inner node Pak for hierarchical cache Hierarchy.
[2025.12.03-13.50.48:047][  0]LogDerivedDataCache: FDerivedDataBackendGraph:  CompressedPak pak cache file E:/Unreal/Fumec_DevGames/DerivedDataCache/Compressed.ddp not found, will not use a pak cache.
[2025.12.03-13.50.48:047][  0]LogDerivedDataCache: Unable to find inner node CompressedPak for hierarchical cache Hierarchy.
[2025.12.03-13.50.48:073][  0]LogDerivedDataCache: Display: Pak cache opened for reading ../../../Engine/DerivedDataCache/Compressed.ddp.
[2025.12.03-13.50.48:073][  0]LogDerivedDataCache: FDerivedDataBackendGraph:  EnterprisePak pak cache file ../../../Enterprise/DerivedDataCache/Compressed.ddp not found, will not use a pak cache.
[2025.12.03-13.50.48:073][  0]LogDerivedDataCache: Unable to find inner node EnterprisePak for hierarchical cache Hierarchy.
[2025.12.03-13.50.48:089][  0]LogDerivedDataCache: Speed tests for C:/Users/Gabriel/AppData/Local/UnrealEngine/Common/DerivedDataCache took 0.02 seconds
[2025.12.03-13.50.48:089][  0]LogDerivedDataCache: Display: Performance to C:/Users/Gabriel/AppData/Local/UnrealEngine/Common/DerivedDataCache: Latency=0.04ms. RandomReadSpeed=626.64MBs, RandomWriteSpeed=63.99MBs. Assigned SpeedClass 'Local'
[2025.12.03-13.50.48:091][  0]LogDerivedDataCache: Using Local data cache path C:/Users/Gabriel/AppData/Local/UnrealEngine/Common/DerivedDataCache: Writable
[2025.12.03-13.50.48:091][  0]LogDerivedDataCache: Shared data cache path not found in *engine.ini, will not use an Shared cache.
[2025.12.03-13.50.48:091][  0]LogDerivedDataCache: Unable to find inner node Shared for hierarchical cache Hierarchy.
[2025.12.03-13.50.48:166][  0]LogSlate: Using FreeType 2.10.0
[2025.12.03-13.50.48:167][  0]LogSlate: SlateFontServices - WITH_FREETYPE: 1, WITH_HARFBUZZ: 1
[2025.12.03-13.50.48:201][  0]LogAssetRegistry: FAssetRegistry took 0.0046 seconds to start up
[2025.12.03-13.50.48:582][  0]LogInit: Selected Device Profile: [Windows]
[2025.12.03-13.50.48:583][  0]LogInit: Active device profile: [0000016EEE18F900][0000016EE5B00140 49] Windows
[2025.12.03-13.50.48:583][  0]LogInit: Profiles: [0000016EEE18F900][0000016EE5B00140 49] Windows, [0000016EEE140B00][0000016EE5A142C0 49] WindowsNoEditor, [0000016EEE18CB00][0000016EEA946440 49] WindowsServer, [0000016EEE143700][0000016EEA94A5C0 49] WindowsClient, [0000016EEE18F700][0000016EEA94E740 49] IOS, [0000016EEE140100][0000016EE5A10880 49] iPadAir, [0000016EEE18C500][0000016EEA9529C0 49] iPadAir2, [0000016EEE0FCC00][0000016EE2F86C40 49] IPadPro, [0000016EEE0FCD00][0000016EEA956C80 49] iPadAir3, [0000016EEE18F500][0000016EE2F8AE00 49] iPadAir4, [0000016EEE0FFE00][0000016EE2F8EF80 49] iPadMini2, [0000016EEE18C400][0000016EE2F93100 49] iPadMini3, [0000016EEE0FD700][0000016EE2F97280 49] iPadMini4, [0000016EEE18F400][0000016EE2F9B400 49] iPadMini5, [0000016EEE143000][0000016EE2FA36C0 49] iPhone6, [0000016EEE142F00][0000016EE2F9F700 49] iPodTouch6, [0000016EEE0FF500][0000016EE2FAB9C0 49] iPhone7, [0000016EEE0FF400][0000016EE2FA7A00 49] iPodTouch7, [0000016EEE143A00][0000016EE2FAFB80 49] iPhone5S, [0000016EEE0FCA00][0000016EEA67C180 49] iPhone6Plus, [0000016EEE142600][0000016EEA680300 49] iPhone6S, [0000016EEE0FEC00][0000016EEA684480 49] iPhone6SPlus, [0000016EEE140500][0000016EEA688600 49] iPhone7Plus, [0000016EEE0FD200][0000016EEA68C780 49] iPhoneSE, [0000016EEE142200][0000016EEA690900 49] iPhone8, [0000016EEE0FE800][0000016EEA95AA40 49] iPhone8Plus, [0000016EEE140600][0000016EEA694B80 49] iPhoneX, [0000016EEE0FD400][0000016EEA698CC0 49] iPhoneXS, [0000016EEE141F00][0000016EEA6A0E40 49] iPhoneXSMax, [0000016EEE0FE500][0000016EEA6A4FC0 49] iPhoneXR, [0000016EEE140E00][0000016EEA6A9140 49] iPhone11, [0000016EEE0FC300][0000016EEA6AD2C0 49] iPhone11Pro, [0000016EEE141C00][0000016EEDD8F440 49] iPhone11ProMax, [0000016EEE0FFA00][0000016EEDD935C0 49] iPhoneSE2, [0000016EEE142D00][0000016EEDD97740 49] iPhone12Mini, [0000016EEE0FDA00][0000016EEDD9B8C0 49] iPhone12, [0000016EEE143200][0000016EEDD9FA40 49] iPhone12Pro, [0000016EEE0FC800][0000016EEDDA3BC0 49] iPhone12ProMax, [0000016EEE142800][0000016EEDDA61C0 49] iPadPro105, [0000016EEE0FDC00][0000016EEDDAA340 49] iPadPro129, [0000016EEE140700][0000016EEDDAE4C0 49] iPadPro97, [0000016EEE0FE100][0000016EEDDB2640 49] iPadPro2_129, [0000016EEE141600][0000016EEDDB67C0 49] iPad5, [0000016EEE0FDE00][0000016EEDDBA940 49] iPad6, [0000016EEE141900][0000016EEDDBEAC0 49] iPad7, [0000016EEE0FDF00][0000016EEA69CC00 49] iPad8, [0000016EEE143C00][0000016EEDDC2D40 49] iPadPro11, [0000016EEE0FE400][0000016EEDDC6E80 49] iPadPro2_11, [0000016EEE140400][0000016EEDDCAFC0 49] iPadPro3_129, [0000016EEE0FC900][0000016EEDDD3140 49] iPadPro4_129, [0000016EEE142900][0000016EEDDD72C0 49] AppleTV, [0000016EEE0FF100][0000016EEDDDB440 49] AppleTV4K, [0000016EEE143400][0000016EEEDF15C0 49] TVOS, [0000016EEE0FC700][0000016EEEDF5740 49] Mac, [0000016EEE141800][0000016EEEDF98C0 49] MacClient, [0000016EEE0FF600][0000016EEEDFDA40 49] MacNoEditor, [0000016EEE141E00][0000016EEEE01BC0 49] MacServer, [0000016EEE0FEB00][0000016EEEE041C0 49] Linux, [0000016EEE143100][0000016EEEE08340 49] LinuxAArch64, [0000016EEE0FEE00][0000016EEEE0C4C0 49] LinuxNoEditor, [0000016EEE143E00][0000016EEEE10640 49] LinuxAArch64NoEditor, [0000016EEE0FE000][0000016EEEE147C0 49] LinuxClient, [0000016EEE142000][0000016EEEE18940 49] LinuxAArch64Client, [0000016EEE0FFC00][0000016EEEE1CAC0 49] LinuxServer, [0000016EEE142100][0000016EEEE20C40 49] LinuxAArch64Server, [0000016EEE18D000][0000016EEDDCED80 49] Android, [0000016EEE1D1500][0000016EEEE24EC0 49] Android_Low, [0000016EEE18EB00][0000016EEEE29000 49] Android_Mid, [0000016EEE1D1200][0000016EEEE2D140 49] Android_High, [0000016EEE18DE00][0000016EEEE352C0 49] Android_Default, [0000016EEE1D0F00][0000016EEEE39440 49] Android_Adreno4xx, [0000016EEE18D100][0000016EEEE3D5C0 49] Android_Adreno5xx_Low, [0000016EEE1D1C00][0000016EEEE41740 49] Android_Adreno5xx, [0000016EEE18C100][0000016EEEE458C0 49] Android_Adreno6xx, [0000016EEE1D0B00][0000016EEEE49A40 49] Android_Adreno6xx_Vulkan, [0000016EEE18E400][0000016EEEE4DBC0 49] Android_Mali_T6xx, [0000016EEE1D2400][0000016EEEE501C0 49] Android_Mali_T7xx, [0000016EEE18EE00][0000016EEEE54340 49] Android_Mali_T8xx, [0000016EEE1D1300][0000016EEEE584C0 49] Android_Mali_G71, [0000016EEE18D500][0000016EEEE5C640 49] Android_Mali_G72, [0000016EEE1D0600][0000016EEEE607C0 49] Android_Mali_G72_Vulkan, [0000016EEE18D900][0000016EEEE64940 49] Android_Mali_G76, [0000016EEE1D2000][0000016EEEE68AC0 49] Android_Mali_G76_Vulkan, [0000016EEE18DA00][0000016EEEE6CC40 49] Android_Mali_G77, [0000016EEE1D2300][0000016EEEE70DC0 49] Android_Mali_G77_Vulkan, [0000016EEE141B00][0000016EEEE74F40 49] Android_Mali_G78, [0000016EEE0FEF00][0000016EEEE31080 49] Android_Mali_G78_Vulkan, [0000016EEE141A00][0000016EEEE791C0 49] Android_Mali_G710, [0000016EEE0FD600][0000016EEEE7D300 49] Android_Mali_G710_Vulkan, [0000016EEE141500][0000016EEEE85480 49] Android_Vulkan_SM5, [0000016EEE0FCE00][0000016EEEE89600 49] Android_PowerVR_G6xxx, [0000016EEE142700][0000016EEEE8D780 49] Android_PowerVR_GT7xxx, [0000016EEE1D1A00][0000016EEEE91900 49] Android_PowerVR_GE8xxx, [0000016EEE143900][0000016EEEE95A80 49] Android_PowerVR_GM9xxx, [0000016EEE1D1100][0000016EEEE99C00 49] Android_PowerVR_GM9xxx_Vulkan, [0000016EEE141000][0000016EEEE9C200 49] Android_TegraK1, [0000016EEE1D0100][0000016EEEEA0380 49] Android_Unknown_Vulkan, [0000016EEE141200][0000016EEEEA4500 49] Lumin, [0000016EEE1D0200][0000016EEEEA8680 49] Lumin_Desktop, [0000016EEE142E00][0000016EEEEAC800 49] HoloLens, 
[2025.12.03-13.50.48:793][  0]LogMeshReduction: Using QuadricMeshReduction for automatic static mesh reduction
[2025.12.03-13.50.48:793][  0]LogMeshReduction: Using SimplygonMeshReduction for automatic skeletal mesh reduction
[2025.12.03-13.50.48:793][  0]LogMeshReduction: Using ProxyLODMeshReduction for automatic mesh merging
[2025.12.03-13.50.48:793][  0]LogMeshReduction: No distributed automatic mesh merging module available
[2025.12.03-13.50.48:794][  0]LogMeshMerging: No distributed automatic mesh merging module available
[2025.12.03-13.50.48:819][  0]LogNetVersion: ColunaDoendoSamurai 1.0.0, NetCL: 17155196, EngineNetVer: 17, GameNetVer: 0 (Checksum: 440667709)
[2025.12.03-13.50.49:367][  0]LogTexture: Default maximum texture size for cubemaps generated from long-lat sources has been changed from 512 to unlimited. In order to preserve old behaiour for '/Engine/MapTemplates/Sky/DaylightAmbientCubemap.DaylightAmbientCubemap', its maximum texture size has been explicitly set to 512.
[2025.12.03-13.50.49:441][  0]LogHMD: PokeAHoleMaterial loaded successfully
[2025.12.03-13.50.49:450][  0]LogUObjectArray: 17178 objects as part of root set at end of initial load.
[2025.12.03-13.50.49:450][  0]LogUObjectAllocator: 4302048 out of 0 bytes used by permanent object pool.
[2025.12.03-13.50.49:450][  0]LogUObjectArray: CloseDisregardForGC: 0/0 objects in disregard for GC pool
[2025.12.03-13.50.49:923][  0]LogNiagaraDebuggerClient: Niagara Debugger Client Initialized | Session: 263EB70D40F0F338185042A6AABE8CAD | Instance: DC91CA5641CC2688C78BD483D1F2451C (LUCY-16612).
[2025.12.03-13.50.50:104][  0]LogPython: Using Python 3.7.7
[2025.12.03-13.50.50:748][  0]LogTcpMessaging: Initializing TcpMessaging bridge
[2025.12.03-13.50.50:756][  0]LogUdpMessaging: Initializing bridge on interface 0.0.0.0:0 to multicast group 230.0.0.1:6666.
[2025.12.03-13.50.51:004][  0]SourceControl: Source control is disabled
[2025.12.03-13.50.51:004][  0]SourceControl: Source control is disabled
[2025.12.03-13.50.51:010][  0]SourceControl: Source control is disabled
[2025.12.03-13.50.51:016][  0]SourceControl: Source control is disabled
[2025.12.03-13.50.51:026][  0]SourceControl: Source control is disabled
[2025.12.03-13.50.51:043][  0]LogUProjectInfo: Found projects:
[2025.12.03-13.50.51:438][  0]LogOpenImageDenoise: OIDN starting up
[2025.12.03-13.50.51:461][  0]LogAndroidPermission: UAndroidPermissionCallbackProxy::GetInstance
[2025.12.03-13.50.51:506][  0]LogAudioCaptureCore: Display: No Audio Capture implementations found. Audio input will be silent.
[2025.12.03-13.50.51:506][  0]LogAudioCaptureCore: Display: No Audio Capture implementations found. Audio input will be silent.
[2025.12.03-13.50.51:692][  0]LogCollectionManager: Loaded 0 collections in 0.001884 seconds
[2025.12.03-13.50.51:728][  0]LogFileCache: Scanning file cache for directory 'E:/Unreal/Fumec_DevGames/Saved/Collections/' took 0.00s
[2025.12.03-13.50.51:728][  0]LogFileCache: Scanning file cache for directory 'E:/Unreal/Fumec_DevGames/Content/Developers/Gabriel/Collections/' took 0.00s
[2025.12.03-13.50.51:728][  0]LogFileCache: Scanning file cache for directory 'E:/Unreal/Fumec_DevGames/Content/Collections/' took 0.00s
[2025.12.03-13.50.51:728][  0]LogOcInput: OculusInput pre-init called
[2025.12.03-13.50.52:042][  0]LogEngine: Initializing Engine...
[2025.12.03-13.50.52:136][  0]LogHMD: Failed to enumerate extensions. Please check that you have a valid OpenXR runtime installed.
[2025.12.03-13.50.52:136][  0]LogHMD: Failed to initialize OpenVR with code 110
[2025.12.03-13.50.52:136][  0]LogMagicLeap: Warning: VR disabled because ZI is not enabled.  To enable, in the editor, Edit -> Project Settings -> Plugins -> Magic Leap Plugin -> Enable Zero Iteration
[2025.12.03-13.50.52:137][  0]LogStats: UGameplayTagsManager::InitializeManager -  0.000 s
[2025.12.03-13.50.52:284][  0]LogInit: Initializing FReadOnlyCVARCache
[2025.12.03-13.50.52:302][  0]LogAIModule: Creating AISystem for world Untitled
[2025.12.03-13.50.52:303][  0]LogAudio: Display: Initializing Audio Device Manager...
[2025.12.03-13.50.52:309][  0]LogAudio: Display: Loading Default Audio Settings Objects...
[2025.12.03-13.50.52:309][  0]LogAudio: Display: No default SoundConcurrencyObject specified (or failed to load).
[2025.12.03-13.50.52:310][  0]LogAudio: Display: Audio Device Manager Initialized
[2025.12.03-13.50.52:310][  0]LogAudio: Display: Creating Audio Device:                 Id: 1, Scope: Shared, Realtime: True
[2025.12.03-13.50.52:310][  0]LogAudioMixer: Display: Audio Mixer Platform Settings:
[2025.12.03-13.50.52:310][  0]LogAudioMixer: Display: 	Sample Rate:						  48000
[2025.12.03-13.50.52:310][  0]LogAudioMixer: Display: 	Callback Buffer Frame Size Requested: 1024
[2025.12.03-13.50.52:310][  0]LogAudioMixer: Display: 	Callback Buffer Frame Size To Use:	  1024
[2025.12.03-13.50.52:310][  0]LogAudioMixer: Display: 	Number of buffers to queue:			  2
[2025.12.03-13.50.52:310][  0]LogAudioMixer: Display: 	Max Channels (voices):				  32
[2025.12.03-13.50.52:310][  0]LogAudioMixer: Display: 	Number of Async Source Workers:		  0
[2025.12.03-13.50.52:310][  0]LogAudio: Display: AudioDevice MaxSources: 32
[2025.12.03-13.50.52:311][  0]LogAudio: Display: Audio Spatialization Plugin: None (built-in).
[2025.12.03-13.50.52:311][  0]LogAudio: Display: Audio Reverb Plugin: None (built-in).
[2025.12.03-13.50.52:311][  0]LogAudio: Display: Audio Occlusion Plugin: None (built-in).
[2025.12.03-13.50.52:311][  0]LogAudioMixer: Display: Initializing audio mixer.
[2025.12.03-13.50.52:332][  0]LogAudioMixer: Display: 0: FrontLeft
[2025.12.03-13.50.52:332][  0]LogAudioMixer: Display: 1: FrontRight
[2025.12.03-13.50.52:466][  0]LogAudioMixer: Display: Using Audio Device Alto-falantes (Realtek(R) Audio)
[2025.12.03-13.50.52:467][  0]LogAudioMixer: Display: Initializing Sound Submixes...
[2025.12.03-13.50.52:472][  0]LogAudioMixer: Display: Creating Master Submix 'MasterSubmixDefault'
[2025.12.03-13.50.52:472][  0]LogAudioMixer: Display: Creating Master Submix 'MasterReverbSubmixDefault'
[2025.12.03-13.50.52:473][  0]LogAudioMixer: Display: Creating Master Submix 'MasterEQSubmixDefault'
[2025.12.03-13.50.52:473][  0]LogAudioMixer: FMixerPlatformXAudio2::StartAudioStream() called
[2025.12.03-13.50.52:473][  0]LogAudioMixer: Display: Output buffers initialized: Frames=1024, Channels=2, Samples=2048
[2025.12.03-13.50.52:474][  0]LogAudioMixer: Display: Starting AudioMixerPlatformInterface::RunInternal()
[2025.12.03-13.50.52:474][  0]LogAudioMixer: Display: FMixerPlatformXAudio2::SubmitBuffer() called for the first time
[2025.12.03-13.50.52:474][  0]LogInit: FAudioDevice initialized.
[2025.12.03-13.50.52:474][  0]LogAudio: Display: Audio Device (ID: 1) registered with world 'Untitled'.
[2025.12.03-13.50.52:474][  0]LogNetVersion: Set ProjectVersion to 1.0.0.0. Version Checksum will be recalculated on next use.
[2025.12.03-13.50.52:561][  0]LogDerivedDataCache: Saved boot cache 0.09s 94MB C:/Users/Gabriel/AppData/Local/UnrealEngine/4.27/DerivedDataCache/Boot.ddc.
[2025.12.03-13.50.52:562][  0]LogInit: Texture streaming: Enabled
[2025.12.03-13.50.52:583][  0]LogAnalytics: Display: [UEEditor.Rocket.Release] APIServer = https://datarouter.ol.epicgames.com/. AppVersion = 4.27.2-18319896+++UE4+Release-4.27
[2025.12.03-13.50.52:589][  0]LogEngineSessionManager: EngineSessionManager initialized
[2025.12.03-13.50.52:589][  0]LogEditorSessionSummary: Verbose: Initializing EditorSessionSummaryWriter for editor session tracking
[2025.12.03-13.50.52:591][  0]LogEditorSessionSummary: EditorSessionSummaryWriter initialized
[2025.12.03-13.50.52:634][  0]LogInit: Transaction tracking system initialized
[2025.12.03-13.50.52:677][  0]BlueprintLog: New page: Editor Load
[2025.12.03-13.50.52:784][  0]LocalizationService: Localization service is disabled
[2025.12.03-13.50.52:830][  0]TimingProfiler: Initialize
[2025.12.03-13.50.52:830][  0]TimingProfiler: OnSessionChanged
[2025.12.03-13.50.52:830][  0]LoadingProfiler: Initialize
[2025.12.03-13.50.52:831][  0]LoadingProfiler: OnSessionChanged
[2025.12.03-13.50.52:831][  0]NetworkingProfiler: Initialize
[2025.12.03-13.50.52:831][  0]NetworkingProfiler: OnSessionChanged
[2025.12.03-13.50.52:831][  0]MemoryProfiler: Initialize
[2025.12.03-13.50.52:831][  0]MemoryProfiler: OnSessionChanged
[2025.12.03-13.50.53:041][  0]LogCook: Display: CookSettings for Memory: MemoryMaxUsedVirtual 0MiB, MemoryMaxUsedPhysical 16384MiB, MemoryMinFreeVirtual 0MiB, MemoryMinFreePhysical 1024MiB
[2025.12.03-13.50.53:041][  0]LogCook: Display: Mobile HDR setting 1
[2025.12.03-13.50.53:110][  0]LogFileCache: Scanning file cache for directory 'E:/Unreal/Fumec_DevGames/Content/' took 0.01s
[2025.12.03-13.50.53:528][  0]LogInit: Display: Engine is initialized. Leaving FEngineLoop::Init()
[2025.12.03-13.50.53:533][  0]SourceControl: Source control is disabled
[2025.12.03-13.50.53:533][  0]LogUnrealEdMisc: Loading editor; pre map load, took 10.322
[2025.12.03-13.50.53:533][  0]Cmd: MAP LOAD FILE="E:/Unreal/Fumec_DevGames/Content/Mapas/Menu/MainMenu.umap" TEMPLATE=0 SHOWPROGRESS=1 FEATURELEVEL=3
[2025.12.03-13.50.53:543][  0]LightingResults: New page: Lighting Build
[2025.12.03-13.50.53:545][  0]LogWorld: UWorld::CleanupWorld for Untitled, bSessionEnded=true, bCleanupResources=true
[2025.12.03-13.50.53:545][  0]LogSlate: InvalidateAllWidgets triggered.  All widgets were invalidated
[2025.12.03-13.50.53:545][  0]MapCheck: New page: Map Check
[2025.12.03-13.50.53:545][  0]LightingResults: New page: Lighting Build
[2025.12.03-13.50.53:551][  0]LogAudio: Display: Audio Device unregistered from world 'None'.
[2025.12.03-13.50.53:554][  0]LogUObjectHash: Compacting FUObjectHashTables data took   1.06ms
[2025.12.03-13.50.53:712][  0]LogAudio: Display: Audio Device (ID: 1) registered with world 'MainMenu'.
[2025.12.03-13.50.53:713][  0]LogAIModule: Creating AISystem for world MainMenu
[2025.12.03-13.50.53:726][  0]LogEditorServer: Finished looking for orphan Actors (0.000 secs)
[2025.12.03-13.50.53:735][  0]LogUObjectHash: Compacting FUObjectHashTables data took   0.96ms
[2025.12.03-13.50.53:735][  0]Cmd: MAP CHECKDEP NOCLEARLOG
[2025.12.03-13.50.53:735][  0]MapCheck: Map check complete: 0 Error(s), 0 Warning(s), took 0.134ms to complete.
[2025.12.03-13.50.53:735][  0]LogFileHelpers: Loading map 'MainMenu' took 0.202
[2025.12.03-13.50.53:737][  0]LogUnrealEdMisc: Total Editor Startup Time, took 10.527
[2025.12.03-13.50.53:920][  0]LogSlate: Updating window title bar state: overlay mode, drag disabled, window buttons hidden, title bar hidden
[2025.12.03-13.50.53:928][  0]LogSlate: Updating window title bar state: overlay mode, drag disabled, window buttons hidden, title bar hidden
[2025.12.03-13.50.53:935][  0]LogSlate: Updating window title bar state: overlay mode, drag disabled, window buttons hidden, title bar hidden
[2025.12.03-13.50.53:942][  0]LogSlate: Updating window title bar state: overlay mode, drag disabled, window buttons hidden, title bar hidden
[2025.12.03-13.50.53:969][  0]LogNativeClassHierarchy: Verbose: Native class hierarchy populated in 0.0119 seconds. Added 3822 classes and 928 folders.
[2025.12.03-13.50.53:972][  0]LogNativeClassHierarchy: Verbose: Native class hierarchy updated for 'WidgetCarousel' in 0.0003 seconds. Added 0 classes and 0 folders.
[2025.12.03-13.50.53:989][  0]LogPakFile: PakFile PrimaryIndexSize=187
[2025.12.03-13.50.53:989][  0]LogPakFile: PakFile PathHashIndexSize=101
[2025.12.03-13.50.53:989][  0]LogPakFile: PakFile FullDirectoryIndexSize=148
[2025.12.03-13.50.53:989][  0]LogShaderLibrary: Display: ShaderCodeLibraryPakFileMountedCallback: PakFile 'C:/Genshin/UE_4.27/FeaturePacks/FP_FirstPerson.upack' (chunk index -1, root 'root:/') mounted
[2025.12.03-13.50.53:989][  0]LogShaderLibrary: Display: ShaderCodeLibraryPakFileMountedCallback: pending pak file info (ChunkID:-1 Root:root:/ File:C:/Genshin/UE_4.27/FeaturePacks/FP_FirstPerson.upack)
[2025.12.03-13.50.53:989][  0]LogPakFile: OnPakFileMounted2Time == 0.000090
[2025.12.03-13.50.54:003][  0]LogPakFile: PakFile PrimaryIndexSize=189
[2025.12.03-13.50.54:003][  0]LogPakFile: PakFile PathHashIndexSize=101
[2025.12.03-13.50.54:003][  0]LogPakFile: PakFile FullDirectoryIndexSize=152
[2025.12.03-13.50.54:003][  0]LogShaderLibrary: Display: ShaderCodeLibraryPakFileMountedCallback: PakFile 'C:/Genshin/UE_4.27/FeaturePacks/FP_FirstPersonBP.upack' (chunk index -1, root 'root:/') mounted
[2025.12.03-13.50.54:003][  0]LogShaderLibrary: Display: ShaderCodeLibraryPakFileMountedCallback: pending pak file info (ChunkID:-1 Root:root:/ File:C:/Genshin/UE_4.27/FeaturePacks/FP_FirstPersonBP.upack)
[2025.12.03-13.50.54:003][  0]LogPakFile: OnPakFileMounted2Time == 0.000069
[2025.12.03-13.50.54:013][  0]LogPakFile: PakFile PrimaryIndexSize=191
[2025.12.03-13.50.54:013][  0]LogPakFile: PakFile PathHashIndexSize=101
[2025.12.03-13.50.54:013][  0]LogPakFile: PakFile FullDirectoryIndexSize=160
[2025.12.03-13.50.54:013][  0]LogShaderLibrary: Display: ShaderCodeLibraryPakFileMountedCallback: PakFile 'C:/Genshin/UE_4.27/FeaturePacks/MobileStarterContent.upack' (chunk index -1, root 'root:/') mounted
[2025.12.03-13.50.54:013][  0]LogShaderLibrary: Display: ShaderCodeLibraryPakFileMountedCallback: pending pak file info (ChunkID:-1 Root:root:/ File:C:/Genshin/UE_4.27/FeaturePacks/MobileStarterContent.upack)
[2025.12.03-13.50.54:013][  0]LogPakFile: OnPakFileMounted2Time == 0.000058
[2025.12.03-13.50.54:023][  0]LogPakFile: PakFile PrimaryIndexSize=185
[2025.12.03-13.50.54:023][  0]LogPakFile: PakFile PathHashIndexSize=101
[2025.12.03-13.50.54:023][  0]LogPakFile: PakFile FullDirectoryIndexSize=148
[2025.12.03-13.50.54:023][  0]LogShaderLibrary: Display: ShaderCodeLibraryPakFileMountedCallback: PakFile 'C:/Genshin/UE_4.27/FeaturePacks/StarterContent.upack' (chunk index -1, root 'root:/') mounted
[2025.12.03-13.50.54:023][  0]LogShaderLibrary: Display: ShaderCodeLibraryPakFileMountedCallback: pending pak file info (ChunkID:-1 Root:root:/ File:C:/Genshin/UE_4.27/FeaturePacks/StarterContent.upack)
[2025.12.03-13.50.54:023][  0]LogPakFile: OnPakFileMounted2Time == 0.000062
[2025.12.03-13.50.54:034][  0]LogPakFile: PakFile PrimaryIndexSize=190
[2025.12.03-13.50.54:034][  0]LogPakFile: PakFile PathHashIndexSize=101
[2025.12.03-13.50.54:034][  0]LogPakFile: PakFile FullDirectoryIndexSize=154
[2025.12.03-13.50.54:034][  0]LogShaderLibrary: Display: ShaderCodeLibraryPakFileMountedCallback: PakFile 'C:/Genshin/UE_4.27/FeaturePacks/TP_2DSideScroller.upack' (chunk index -1, root 'root:/') mounted
[2025.12.03-13.50.54:034][  0]LogShaderLibrary: Display: ShaderCodeLibraryPakFileMountedCallback: pending pak file info (ChunkID:-1 Root:root:/ File:C:/Genshin/UE_4.27/FeaturePacks/TP_2DSideScroller.upack)
[2025.12.03-13.50.54:034][  0]LogPakFile: OnPakFileMounted2Time == 0.000087
[2025.12.03-13.50.54:044][  0]LogPakFile: PakFile PrimaryIndexSize=192
[2025.12.03-13.50.54:044][  0]LogPakFile: PakFile PathHashIndexSize=101
[2025.12.03-13.50.54:044][  0]LogPakFile: PakFile FullDirectoryIndexSize=158
[2025.12.03-13.50.54:044][  0]LogShaderLibrary: Display: ShaderCodeLibraryPakFileMountedCallback: PakFile 'C:/Genshin/UE_4.27/FeaturePacks/TP_2DSideScrollerBP.upack' (chunk index -1, root 'root:/') mounted
[2025.12.03-13.50.54:045][  0]LogShaderLibrary: Display: ShaderCodeLibraryPakFileMountedCallback: pending pak file info (ChunkID:-1 Root:root:/ File:C:/Genshin/UE_4.27/FeaturePacks/TP_2DSideScrollerBP.upack)
[2025.12.03-13.50.54:045][  0]LogPakFile: OnPakFileMounted2Time == 0.000057
[2025.12.03-13.50.54:054][  0]LogPakFile: PakFile PrimaryIndexSize=182
[2025.12.03-13.50.54:055][  0]LogPakFile: PakFile PathHashIndexSize=101
[2025.12.03-13.50.54:055][  0]LogPakFile: PakFile FullDirectoryIndexSize=138
[2025.12.03-13.50.54:055][  0]LogShaderLibrary: Display: ShaderCodeLibraryPakFileMountedCallback: PakFile 'C:/Genshin/UE_4.27/FeaturePacks/TP_Flying.upack' (chunk index -1, root 'root:/') mounted
[2025.12.03-13.50.54:055][  0]LogShaderLibrary: Display: ShaderCodeLibraryPakFileMountedCallback: pending pak file info (ChunkID:-1 Root:root:/ File:C:/Genshin/UE_4.27/FeaturePacks/TP_Flying.upack)
[2025.12.03-13.50.54:055][  0]LogPakFile: OnPakFileMounted2Time == 0.000061
[2025.12.03-13.50.54:066][  0]LogPakFile: PakFile PrimaryIndexSize=184
[2025.12.03-13.50.54:066][  0]LogPakFile: PakFile PathHashIndexSize=101
[2025.12.03-13.50.54:066][  0]LogPakFile: PakFile FullDirectoryIndexSize=142
[2025.12.03-13.50.54:066][  0]LogShaderLibrary: Display: ShaderCodeLibraryPakFileMountedCallback: PakFile 'C:/Genshin/UE_4.27/FeaturePacks/TP_FlyingBP.upack' (chunk index -1, root 'root:/') mounted
[2025.12.03-13.50.54:066][  0]LogShaderLibrary: Display: ShaderCodeLibraryPakFileMountedCallback: pending pak file info (ChunkID:-1 Root:root:/ File:C:/Genshin/UE_4.27/FeaturePacks/TP_FlyingBP.upack)
[2025.12.03-13.50.54:066][  0]LogPakFile: OnPakFileMounted2Time == 0.000058
[2025.12.03-13.50.54:079][  0]LogPakFile: PakFile PrimaryIndexSize=188
[2025.12.03-13.50.54:079][  0]LogPakFile: PakFile PathHashIndexSize=101
[2025.12.03-13.50.54:079][  0]LogPakFile: PakFile FullDirectoryIndexSize=150
[2025.12.03-13.50.54:079][  0]LogShaderLibrary: Display: ShaderCodeLibraryPakFileMountedCallback: PakFile 'C:/Genshin/UE_4.27/FeaturePacks/TP_HandheldARBP.upack' (chunk index -1, root 'root:/') mounted
[2025.12.03-13.50.54:079][  0]LogShaderLibrary: Display: ShaderCodeLibraryPakFileMountedCallback: pending pak file info (ChunkID:-1 Root:root:/ File:C:/Genshin/UE_4.27/FeaturePacks/TP_HandheldARBP.upack)
[2025.12.03-13.50.54:079][  0]LogPakFile: OnPakFileMounted2Time == 0.000058
[2025.12.03-13.50.54:090][  0]LogPakFile: PakFile PrimaryIndexSize=182
[2025.12.03-13.50.54:090][  0]LogPakFile: PakFile PathHashIndexSize=101
[2025.12.03-13.50.54:090][  0]LogPakFile: PakFile FullDirectoryIndexSize=138
[2025.12.03-13.50.54:090][  0]LogShaderLibrary: Display: ShaderCodeLibraryPakFileMountedCallback: PakFile 'C:/Genshin/UE_4.27/FeaturePacks/TP_Puzzle.upack' (chunk index -1, root 'root:/') mounted
[2025.12.03-13.50.54:090][  0]LogShaderLibrary: Display: ShaderCodeLibraryPakFileMountedCallback: pending pak file info (ChunkID:-1 Root:root:/ File:C:/Genshin/UE_4.27/FeaturePacks/TP_Puzzle.upack)
[2025.12.03-13.50.54:090][  0]LogPakFile: OnPakFileMounted2Time == 0.000059
[2025.12.03-13.50.54:100][  0]LogPakFile: PakFile PrimaryIndexSize=184
[2025.12.03-13.50.54:100][  0]LogPakFile: PakFile PathHashIndexSize=101
[2025.12.03-13.50.54:100][  0]LogPakFile: PakFile FullDirectoryIndexSize=142
[2025.12.03-13.50.54:100][  0]LogShaderLibrary: Display: ShaderCodeLibraryPakFileMountedCallback: PakFile 'C:/Genshin/UE_4.27/FeaturePacks/TP_PuzzleBP.upack' (chunk index -1, root 'root:/') mounted
[2025.12.03-13.50.54:100][  0]LogShaderLibrary: Display: ShaderCodeLibraryPakFileMountedCallback: pending pak file info (ChunkID:-1 Root:root:/ File:C:/Genshin/UE_4.27/FeaturePacks/TP_PuzzleBP.upack)
[2025.12.03-13.50.54:100][  0]LogPakFile: OnPakFileMounted2Time == 0.000049
[2025.12.03-13.50.54:112][  0]LogPakFile: PakFile PrimaryIndexSize=183
[2025.12.03-13.50.54:112][  0]LogPakFile: PakFile PathHashIndexSize=101
[2025.12.03-13.50.54:112][  0]LogPakFile: PakFile FullDirectoryIndexSize=140
[2025.12.03-13.50.54:112][  0]LogShaderLibrary: Display: ShaderCodeLibraryPakFileMountedCallback: PakFile 'C:/Genshin/UE_4.27/FeaturePacks/TP_Rolling.upack' (chunk index -1, root 'root:/') mounted
[2025.12.03-13.50.54:112][  0]LogShaderLibrary: Display: ShaderCodeLibraryPakFileMountedCallback: pending pak file info (ChunkID:-1 Root:root:/ File:C:/Genshin/UE_4.27/FeaturePacks/TP_Rolling.upack)
[2025.12.03-13.50.54:112][  0]LogPakFile: OnPakFileMounted2Time == 0.000056
[2025.12.03-13.50.54:122][  0]LogPakFile: PakFile PrimaryIndexSize=185
[2025.12.03-13.50.54:122][  0]LogPakFile: PakFile PathHashIndexSize=101
[2025.12.03-13.50.54:122][  0]LogPakFile: PakFile FullDirectoryIndexSize=144
[2025.12.03-13.50.54:123][  0]LogShaderLibrary: Display: ShaderCodeLibraryPakFileMountedCallback: PakFile 'C:/Genshin/UE_4.27/FeaturePacks/TP_RollingBP.upack' (chunk index -1, root 'root:/') mounted
[2025.12.03-13.50.54:123][  0]LogShaderLibrary: Display: ShaderCodeLibraryPakFileMountedCallback: pending pak file info (ChunkID:-1 Root:root:/ File:C:/Genshin/UE_4.27/FeaturePacks/TP_RollingBP.upack)
[2025.12.03-13.50.54:123][  0]LogPakFile: OnPakFileMounted2Time == 0.000071
[2025.12.03-13.50.54:132][  0]LogPakFile: PakFile PrimaryIndexSize=188
[2025.12.03-13.50.54:132][  0]LogPakFile: PakFile PathHashIndexSize=101
[2025.12.03-13.50.54:132][  0]LogPakFile: PakFile FullDirectoryIndexSize=150
[2025.12.03-13.50.54:132][  0]LogShaderLibrary: Display: ShaderCodeLibraryPakFileMountedCallback: PakFile 'C:/Genshin/UE_4.27/FeaturePacks/TP_SideScroller.upack' (chunk index -1, root 'root:/') mounted
[2025.12.03-13.50.54:132][  0]LogShaderLibrary: Display: ShaderCodeLibraryPakFileMountedCallback: pending pak file info (ChunkID:-1 Root:root:/ File:C:/Genshin/UE_4.27/FeaturePacks/TP_SideScroller.upack)
[2025.12.03-13.50.54:132][  0]LogPakFile: OnPakFileMounted2Time == 0.000057
[2025.12.03-13.50.54:143][  0]LogPakFile: PakFile PrimaryIndexSize=190
[2025.12.03-13.50.54:143][  0]LogPakFile: PakFile PathHashIndexSize=101
[2025.12.03-13.50.54:143][  0]LogPakFile: PakFile FullDirectoryIndexSize=154
[2025.12.03-13.50.54:143][  0]LogShaderLibrary: Display: ShaderCodeLibraryPakFileMountedCallback: PakFile 'C:/Genshin/UE_4.27/FeaturePacks/TP_SideScrollerBP.upack' (chunk index -1, root 'root:/') mounted
[2025.12.03-13.50.54:143][  0]LogShaderLibrary: Display: ShaderCodeLibraryPakFileMountedCallback: pending pak file info (ChunkID:-1 Root:root:/ File:C:/Genshin/UE_4.27/FeaturePacks/TP_SideScrollerBP.upack)
[2025.12.03-13.50.54:143][  0]LogPakFile: OnPakFileMounted2Time == 0.000068
[2025.12.03-13.50.54:154][  0]LogPakFile: PakFile PrimaryIndexSize=187
[2025.12.03-13.50.54:154][  0]LogPakFile: PakFile PathHashIndexSize=101
[2025.12.03-13.50.54:154][  0]LogPakFile: PakFile FullDirectoryIndexSize=148
[2025.12.03-13.50.54:154][  0]LogShaderLibrary: Display: ShaderCodeLibraryPakFileMountedCallback: PakFile 'C:/Genshin/UE_4.27/FeaturePacks/TP_ThirdPerson.upack' (chunk index -1, root 'root:/') mounted
[2025.12.03-13.50.54:154][  0]LogShaderLibrary: Display: ShaderCodeLibraryPakFileMountedCallback: pending pak file info (ChunkID:-1 Root:root:/ File:C:/Genshin/UE_4.27/FeaturePacks/TP_ThirdPerson.upack)
[2025.12.03-13.50.54:154][  0]LogPakFile: OnPakFileMounted2Time == 0.000058
[2025.12.03-13.50.54:164][  0]LogPakFile: PakFile PrimaryIndexSize=189
[2025.12.03-13.50.54:164][  0]LogPakFile: PakFile PathHashIndexSize=101
[2025.12.03-13.50.54:164][  0]LogPakFile: PakFile FullDirectoryIndexSize=152
[2025.12.03-13.50.54:164][  0]LogShaderLibrary: Display: ShaderCodeLibraryPakFileMountedCallback: PakFile 'C:/Genshin/UE_4.27/FeaturePacks/TP_ThirdPersonBP.upack' (chunk index -1, root 'root:/') mounted
[2025.12.03-13.50.54:164][  0]LogShaderLibrary: Display: ShaderCodeLibraryPakFileMountedCallback: pending pak file info (ChunkID:-1 Root:root:/ File:C:/Genshin/UE_4.27/FeaturePacks/TP_ThirdPersonBP.upack)
[2025.12.03-13.50.54:164][  0]LogPakFile: OnPakFileMounted2Time == 0.000068
[2025.12.03-13.50.54:174][  0]LogPakFile: PakFile PrimaryIndexSize=183
[2025.12.03-13.50.54:174][  0]LogPakFile: PakFile PathHashIndexSize=101
[2025.12.03-13.50.54:174][  0]LogPakFile: PakFile FullDirectoryIndexSize=140
[2025.12.03-13.50.54:174][  0]LogShaderLibrary: Display: ShaderCodeLibraryPakFileMountedCallback: PakFile 'C:/Genshin/UE_4.27/FeaturePacks/TP_TopDown.upack' (chunk index -1, root 'root:/') mounted
[2025.12.03-13.50.54:174][  0]LogShaderLibrary: Display: ShaderCodeLibraryPakFileMountedCallback: pending pak file info (ChunkID:-1 Root:root:/ File:C:/Genshin/UE_4.27/FeaturePacks/TP_TopDown.upack)
[2025.12.03-13.50.54:175][  0]LogPakFile: OnPakFileMounted2Time == 0.000076
[2025.12.03-13.50.54:186][  0]LogPakFile: PakFile PrimaryIndexSize=185
[2025.12.03-13.50.54:186][  0]LogPakFile: PakFile PathHashIndexSize=101
[2025.12.03-13.50.54:186][  0]LogPakFile: PakFile FullDirectoryIndexSize=144
[2025.12.03-13.50.54:186][  0]LogShaderLibrary: Display: ShaderCodeLibraryPakFileMountedCallback: PakFile 'C:/Genshin/UE_4.27/FeaturePacks/TP_TopDownBP.upack' (chunk index -1, root 'root:/') mounted
[2025.12.03-13.50.54:186][  0]LogShaderLibrary: Display: ShaderCodeLibraryPakFileMountedCallback: pending pak file info (ChunkID:-1 Root:root:/ File:C:/Genshin/UE_4.27/FeaturePacks/TP_TopDownBP.upack)
[2025.12.03-13.50.54:186][  0]LogPakFile: OnPakFileMounted2Time == 0.000058
[2025.12.03-13.50.54:198][  0]LogPakFile: PakFile PrimaryIndexSize=185
[2025.12.03-13.50.54:199][  0]LogPakFile: PakFile PathHashIndexSize=101
[2025.12.03-13.50.54:199][  0]LogPakFile: PakFile FullDirectoryIndexSize=144
[2025.12.03-13.50.54:199][  0]LogShaderLibrary: Display: ShaderCodeLibraryPakFileMountedCallback: PakFile 'C:/Genshin/UE_4.27/FeaturePacks/TP_TwinStick.upack' (chunk index -1, root 'root:/') mounted
[2025.12.03-13.50.54:199][  0]LogShaderLibrary: Display: ShaderCodeLibraryPakFileMountedCallback: pending pak file info (ChunkID:-1 Root:root:/ File:C:/Genshin/UE_4.27/FeaturePacks/TP_TwinStick.upack)
[2025.12.03-13.50.54:199][  0]LogPakFile: OnPakFileMounted2Time == 0.000058
[2025.12.03-13.50.54:209][  0]LogPakFile: PakFile PrimaryIndexSize=187
[2025.12.03-13.50.54:209][  0]LogPakFile: PakFile PathHashIndexSize=101
[2025.12.03-13.50.54:209][  0]LogPakFile: PakFile FullDirectoryIndexSize=148
[2025.12.03-13.50.54:209][  0]LogShaderLibrary: Display: ShaderCodeLibraryPakFileMountedCallback: PakFile 'C:/Genshin/UE_4.27/FeaturePacks/TP_TwinStickBP.upack' (chunk index -1, root 'root:/') mounted
[2025.12.03-13.50.54:209][  0]LogShaderLibrary: Display: ShaderCodeLibraryPakFileMountedCallback: pending pak file info (ChunkID:-1 Root:root:/ File:C:/Genshin/UE_4.27/FeaturePacks/TP_TwinStickBP.upack)
[2025.12.03-13.50.54:209][  0]LogPakFile: OnPakFileMounted2Time == 0.000050
[2025.12.03-13.50.54:219][  0]LogPakFile: PakFile PrimaryIndexSize=183
[2025.12.03-13.50.54:219][  0]LogPakFile: PakFile PathHashIndexSize=101
[2025.12.03-13.50.54:219][  0]LogPakFile: PakFile FullDirectoryIndexSize=140
[2025.12.03-13.50.54:219][  0]LogShaderLibrary: Display: ShaderCodeLibraryPakFileMountedCallback: PakFile 'C:/Genshin/UE_4.27/FeaturePacks/TP_Vehicle.upack' (chunk index -1, root 'root:/') mounted
[2025.12.03-13.50.54:219][  0]LogShaderLibrary: Display: ShaderCodeLibraryPakFileMountedCallback: pending pak file info (ChunkID:-1 Root:root:/ File:C:/Genshin/UE_4.27/FeaturePacks/TP_Vehicle.upack)
[2025.12.03-13.50.54:219][  0]LogPakFile: OnPakFileMounted2Time == 0.000061
[2025.12.03-13.50.54:229][  0]LogPakFile: PakFile PrimaryIndexSize=186
[2025.12.03-13.50.54:229][  0]LogPakFile: PakFile PathHashIndexSize=101
[2025.12.03-13.50.54:229][  0]LogPakFile: PakFile FullDirectoryIndexSize=146
[2025.12.03-13.50.54:229][  0]LogShaderLibrary: Display: ShaderCodeLibraryPakFileMountedCallback: PakFile 'C:/Genshin/UE_4.27/FeaturePacks/TP_VehicleAdv.upack' (chunk index -1, root 'root:/') mounted
[2025.12.03-13.50.54:229][  0]LogShaderLibrary: Display: ShaderCodeLibraryPakFileMountedCallback: pending pak file info (ChunkID:-1 Root:root:/ File:C:/Genshin/UE_4.27/FeaturePacks/TP_VehicleAdv.upack)
[2025.12.03-13.50.54:229][  0]LogPakFile: OnPakFileMounted2Time == 0.000062
[2025.12.03-13.50.54:240][  0]LogPakFile: PakFile PrimaryIndexSize=188
[2025.12.03-13.50.54:240][  0]LogPakFile: PakFile PathHashIndexSize=101
[2025.12.03-13.50.54:240][  0]LogPakFile: PakFile FullDirectoryIndexSize=150
[2025.12.03-13.50.54:240][  0]LogShaderLibrary: Display: ShaderCodeLibraryPakFileMountedCallback: PakFile 'C:/Genshin/UE_4.27/FeaturePacks/TP_VehicleAdvBP.upack' (chunk index -1, root 'root:/') mounted
[2025.12.03-13.50.54:240][  0]LogShaderLibrary: Display: ShaderCodeLibraryPakFileMountedCallback: pending pak file info (ChunkID:-1 Root:root:/ File:C:/Genshin/UE_4.27/FeaturePacks/TP_VehicleAdvBP.upack)
[2025.12.03-13.50.54:240][  0]LogPakFile: OnPakFileMounted2Time == 0.000057
[2025.12.03-13.50.54:250][  0]LogPakFile: PakFile PrimaryIndexSize=185
[2025.12.03-13.50.54:250][  0]LogPakFile: PakFile PathHashIndexSize=101
[2025.12.03-13.50.54:250][  0]LogPakFile: PakFile FullDirectoryIndexSize=144
[2025.12.03-13.50.54:250][  0]LogShaderLibrary: Display: ShaderCodeLibraryPakFileMountedCallback: PakFile 'C:/Genshin/UE_4.27/FeaturePacks/TP_VehicleBP.upack' (chunk index -1, root 'root:/') mounted
[2025.12.03-13.50.54:250][  0]LogShaderLibrary: Display: ShaderCodeLibraryPakFileMountedCallback: pending pak file info (ChunkID:-1 Root:root:/ File:C:/Genshin/UE_4.27/FeaturePacks/TP_VehicleBP.upack)
[2025.12.03-13.50.54:250][  0]LogPakFile: OnPakFileMounted2Time == 0.000057
[2025.12.03-13.50.54:263][  0]LogPakFile: PakFile PrimaryIndexSize=192
[2025.12.03-13.50.54:263][  0]LogPakFile: PakFile PathHashIndexSize=101
[2025.12.03-13.50.54:263][  0]LogPakFile: PakFile FullDirectoryIndexSize=158
[2025.12.03-13.50.54:263][  0]LogShaderLibrary: Display: ShaderCodeLibraryPakFileMountedCallback: PakFile 'C:/Genshin/UE_4.27/FeaturePacks/TP_VirtualRealityBP.upack' (chunk index -1, root 'root:/') mounted
[2025.12.03-13.50.54:263][  0]LogShaderLibrary: Display: ShaderCodeLibraryPakFileMountedCallback: pending pak file info (ChunkID:-1 Root:root:/ File:C:/Genshin/UE_4.27/FeaturePacks/TP_VirtualRealityBP.upack)
[2025.12.03-13.50.54:263][  0]LogPakFile: OnPakFileMounted2Time == 0.000053
[2025.12.03-13.50.54:546][  0]LogNativeClassHierarchy: Verbose: Native class hierarchy updated for 'AddContentDialog' in 0.0003 seconds. Added 0 classes and 0 folders.
[2025.12.03-13.50.54:547][  0]LogNativeClassHierarchy: Verbose: Native class hierarchy updated for 'SceneOutliner' in 0.0003 seconds. Added 2 classes and 0 folders.
[2025.12.03-13.50.54:686][  0]LogSlate: Took 0.000342 seconds to synchronously load lazily loaded font '../../../Engine/Content/Slate/Fonts/Roboto-Regular.ttf' (155K)
[2025.12.03-13.50.54:700][  0]LogSlate: Took 0.012966 seconds to synchronously load lazily loaded font '../../../Engine/Content/Editor/Slate/Fonts/FontAwesome.ttf' (139K)
[2025.12.03-13.50.54:703][  0]LogSlate: Took 0.000333 seconds to synchronously load lazily loaded font '../../../Engine/Content/Slate/Fonts/Roboto-Bold.ttf' (160K)
[2025.12.03-13.50.54:909][  0]LogRenderer: Reallocating scene render targets to support 924x428 Format 10 NumSamples 1 (Frame:1).
[2025.12.03-13.50.55:042][  0]LogNativeClassHierarchy: Verbose: Native class hierarchy updated for 'HierarchicalLODOutliner' in 0.0004 seconds. Added 0 classes and 0 folders.
[2025.12.03-13.50.55:043][  0]LogLoad: (Engine Initialization) Total time: 11.83 seconds
[2025.12.03-13.50.55:043][  0]LogLoad: (Engine Initialization) Total Blueprint compile time: 0.00 seconds
[2025.12.03-13.50.55:092][  0]LogAssetRegistry: Asset discovery search completed in 6.8936 seconds
[2025.12.03-13.50.55:099][  0]LogCollectionManager: Fixed up redirectors for 0 collections in 0.000004 seconds (updated 0 objects)
[2025.12.03-13.50.55:100][  0]LogContentStreaming: Texture pool size now 1000 MB
[2025.12.03-13.50.55:207][  3]LogSlate: Took 0.008367 seconds to synchronously load lazily loaded font '../../../Engine/Content/Slate/Fonts/Roboto-Light.ttf' (167K)
[2025.12.03-13.50.56:069][105]LogSlate: Took 0.000308 seconds to synchronously load lazily loaded font '../../../Engine/Content/Slate/Fonts/Roboto-Light.ttf' (167K)
[2025.12.03-13.51.03:327][714]LogUObjectHash: Compacting FUObjectHashTables data took   0.99ms
[2025.12.03-13.51.04:915][714]LogSlate: Window 'Delete Assets' being destroyed
[2025.12.03-13.51.05:038][714]LogUObjectHash: Compacting FUObjectHashTables data took   0.60ms
[2025.12.03-13.51.05:059][714]LogUObjectHash: Compacting FUObjectHashTables data took   0.75ms
[2025.12.03-13.51.05:065][714]LogUObjectHash: Compacting FUObjectHashTables data took   0.31ms
[2025.12.03-13.51.05:071][714]LoadErrors: Error: /Game/Inimigos/InimigoTeste/inimigoTeste : Failed import for SKEL_InimigoTeste_C /Game/Inimigos/InimigosProntos/InimigoTeste/InimigoTeste.Default__SKEL_InimigoTeste_C Referenced by export ObjectRedirector /Game/Inimigos/InimigoTeste/inimigoTeste.Default__SKEL_InimigoTeste_C
[2025.12.03-13.51.14:783][809]LogAssetEditorSubsystem: Opening Asset editor for WidgetBlueprint /Game/Mapas/MapaPowerUp/SelecaoPowerUps.SelecaoPowerUps
[2025.12.03-13.51.15:941][809]LogNativeClassHierarchy: Verbose: Native class hierarchy updated for 'BlueprintGraph' in 0.0008 seconds. Added 126 classes and 0 folders.
[2025.12.03-13.51.17:015][809]LogSlate: The tab "SequencerGraphEditor" attempted to spawn in layout 'WidgetBlueprintEditor_Designer_Layout_v4_1' but failed for some reason. An "unrecognized tab" will be returned instead.
[2025.12.03-13.51.17:119][809]LogAssetEditorSubsystem: Opening Asset editor for PaperFlipbook /Game/Player/Sprites/Animacoes/Attack2.Attack2
[2025.12.03-13.51.17:252][809]LogAssetEditorSubsystem: Opening Asset editor for Blueprint /Game/Player/Blueprints/GameInstanceN.GameInstanceN
[2025.12.03-13.51.17:801][809]LogAssetEditorSubsystem: Opening Asset editor for Blueprint /Game/Player/Blueprints/Player_BP.Player_BP
[2025.12.03-13.51.18:335][809]LogAssetEditorSubsystem: Opening Asset editor for PaperFlipbook /Game/Player/Sprites/Animacoes/Attack1.Attack1
[2025.12.03-13.51.18:418][809]LogAssetEditorSubsystem: Opening Asset editor for PaperFlipbook /Game/Player/Sprites/Animacoes/Attack3.Attack3
[2025.12.03-13.51.18:857][809]LogSlate: Took 0.000274 seconds to synchronously load lazily loaded font '../../../Engine/Content/Slate/Fonts/Roboto-BoldCondensed.ttf' (158K)
[2025.12.03-13.51.18:965][809]LogSlate: Took 0.008267 seconds to synchronously load lazily loaded font '../../../Engine/Content/Slate/Fonts/DroidSansMono.ttf' (77K)
[2025.12.03-13.51.19:036][810]LogRenderer: Reallocating scene render targets to support 1124x428 Format 10 NumSamples 1 (Frame:1).
[2025.12.03-13.51.19:061][810]LogSlate: Took 0.009068 seconds to synchronously load lazily loaded font '../../../Engine/Content/Slate/Fonts/Roboto-Italic.ttf' (157K)
[2025.12.03-13.51.20:630][895]LogRenderer: Reallocating scene render targets to support 1524x704 Format 10 NumSamples 1 (Frame:7).
[2025.12.03-13.51.25:464][252]LogSlate: Window 'Attack3' being destroyed
[2025.12.03-13.51.25:470][252]LogSlate: Window 'Attack3' being destroyed
[2025.12.03-13.51.25:474][252]LogWorld: UWorld::CleanupWorld for World_2, bSessionEnded=true, bCleanupResources=true
[2025.12.03-13.51.25:475][252]LogSlate: InvalidateAllWidgets triggered.  All widgets were invalidated
[2025.12.03-13.51.25:494][252]LogWorld: UWorld::CleanupWorld for World_5, bSessionEnded=true, bCleanupResources=true
[2025.12.03-13.51.25:495][252]LogSlate: InvalidateAllWidgets triggered.  All widgets were invalidated
[2025.12.03-13.51.25:512][252]LogWorld: UWorld::CleanupWorld for World_6, bSessionEnded=true, bCleanupResources=true
[2025.12.03-13.51.25:512][252]LogSlate: InvalidateAllWidgets triggered.  All widgets were invalidated
[2025.12.03-13.52.17:447][402]LogContentBrowser: Deferred new asset folder creation: NewFolder
[2025.12.03-13.52.17:473][402]LogContentBrowser: Creating deferred item: NewFolder
[2025.12.03-13.52.30:364][940]LogContentBrowser: Attempting asset rename: NewFolder -> Skeleton
[2025.12.03-13.52.30:365][940]LogContentBrowser: End creating deferred item NewFolder
[2025.12.03-13.52.44:588][572]LogContentBrowser: Attempting asset rename: Skeleton -> EsqueletoGrande
[2025.12.03-13.53.20:056][583]LogContentBrowser: Deferred new asset folder creation: NewFolder
[2025.12.03-13.53.20:080][583]LogContentBrowser: Creating deferred item: NewFolder
[2025.12.03-13.53.21:851][796]LogContentBrowser: Attempting asset rename: NewFolder -> Arvre
[2025.12.03-13.53.21:852][796]LogContentBrowser: End creating deferred item NewFolder
[2025.12.03-13.53.39:749][209]LogContentBrowser: Deferred new asset folder creation: NewFolder
[2025.12.03-13.53.39:770][209]LogContentBrowser: Creating deferred item: NewFolder
[2025.12.03-13.53.42:970][593]LogContentBrowser: Attempting asset rename: NewFolder -> Golem
[2025.12.03-13.53.42:971][593]LogContentBrowser: End creating deferred item NewFolder
[2025.12.03-13.54.13:070][784]LogFactory: FactoryCreateFile: Texture with ReimportTextureFactory (0 0 E:\Areat\Nova pasta (3)\Sprout\Attack/Sprout_attack.png)
[2025.12.03-13.54.13:072][784]LogTexture: Display: Building textures: Sprout_attack (OODLE_AutoDXT, 96X576)
[2025.12.03-13.54.13:094][784]LogAssetTools: Warning: Failed to import 'E:\Areat\Nova pasta (3)\Sprout\Attack/Thumbs.db'. Unknown extension 'db'.
[2025.12.03-13.54.13:105][784]LogFactory: FactoryCreateFile: Texture with ReimportTextureFactory (0 0 E:\Areat\Nova pasta (3)\Sprout\Damage/Sprout-damage.png)
[2025.12.03-13.54.13:107][784]LogTexture: Display: Building textures: Sprout-damage (OODLE_AutoDXT, 96X480)
[2025.12.03-13.54.13:118][784]LogAssetTools: Warning: Failed to import 'E:\Areat\Nova pasta (3)\Sprout\Damage/Thumbs.db'. Unknown extension 'db'.
[2025.12.03-13.54.13:127][784]LogFactory: FactoryCreateFile: Texture with ReimportTextureFactory (0 0 E:\Areat\Nova pasta (3)\Sprout\Death/Sprout-death.png)
[2025.12.03-13.54.13:129][784]LogTexture: Display: Building textures: Sprout-death (OODLE_AutoDXT, 96X768)
[2025.12.03-13.54.13:140][784]LogAssetTools: Warning: Failed to import 'E:\Areat\Nova pasta (3)\Sprout\Death/Thumbs.db'. Unknown extension 'db'.
[2025.12.03-13.54.13:242][784]LogFactory: FactoryCreateFile: Texture with ReimportTextureFactory (0 0 E:\Areat\Nova pasta (3)\Sprout\Idle/Sprout_idle.png)
[2025.12.03-13.54.13:245][784]LogTexture: Display: Building textures: Sprout_idle (OODLE_AutoDXT, 96X384)
[2025.12.03-13.54.13:254][784]LogAssetTools: Warning: Failed to import 'E:\Areat\Nova pasta (3)\Sprout\Idle/Thumbs.db'. Unknown extension 'db'.
[2025.12.03-13.54.13:263][784]LogFactory: FactoryCreateFile: Texture with ReimportTextureFactory (0 0 E:\Areat\Nova pasta (3)\Sprout\Move/Sprout_move.png)
[2025.12.03-13.54.13:265][784]LogTexture: Display: Building textures: Sprout_move (OODLE_AutoDXT, 96X480)
[2025.12.03-13.54.13:419][784]LogAssetTools: Warning: Failed to import 'E:\Areat\Nova pasta (3)\Sprout\Move/Thumbs.db'. Unknown extension 'db'.
[2025.12.03-13.54.28:786][ 81]LogUObjectHash: Compacting FUObjectHashTables data took   5.88ms
[2025.12.03-13.54.30:297][ 81]LogSlate: Window 'Delete Assets' being destroyed
[2025.12.03-13.54.30:401][ 81]LogUObjectHash: Compacting FUObjectHashTables data took   3.88ms
[2025.12.03-13.55.01:252][313]LogFactory: FactoryCreateFile: Texture with ReimportTextureFactory (0 0 E:\Areat\Nova pasta (3)\Sprout\Attack/Sprout_attack.png)
[2025.12.03-13.55.01:254][313]LogTexture: Display: Building textures: Sprout_attack (OODLE_AutoDXT, 96X576)
[2025.12.03-13.55.01:264][313]LogAssetTools: Warning: Failed to import 'E:\Areat\Nova pasta (3)\Sprout\Attack/Thumbs.db'. Unknown extension 'db'.
[2025.12.03-13.55.01:264][313]LogFactory: FactoryCreateFile: Texture with ReimportTextureFactory (0 0 E:\Areat\Nova pasta (3)\Sprout\Damage/Sprout-damage.png)
[2025.12.03-13.55.01:266][313]LogTexture: Display: Building textures: Sprout-damage (OODLE_AutoDXT, 96X480)
[2025.12.03-13.55.01:277][313]LogAssetTools: Warning: Failed to import 'E:\Areat\Nova pasta (3)\Sprout\Damage/Thumbs.db'. Unknown extension 'db'.
[2025.12.03-13.55.01:278][313]LogFactory: FactoryCreateFile: Texture with ReimportTextureFactory (0 0 E:\Areat\Nova pasta (3)\Sprout\Death/Sprout-death.png)
[2025.12.03-13.55.01:280][313]LogTexture: Display: Building textures: Sprout-death (OODLE_AutoDXT, 96X768)
[2025.12.03-13.55.01:290][313]LogAssetTools: Warning: Failed to import 'E:\Areat\Nova pasta (3)\Sprout\Death/Thumbs.db'. Unknown extension 'db'.
[2025.12.03-13.55.01:290][313]LogFactory: FactoryCreateFile: Texture with ReimportTextureFactory (0 0 E:\Areat\Nova pasta (3)\Sprout\Idle/Sprout_idle.png)
[2025.12.03-13.55.01:293][313]LogTexture: Display: Building textures: Sprout_idle (OODLE_AutoDXT, 96X384)
[2025.12.03-13.55.01:302][313]LogAssetTools: Warning: Failed to import 'E:\Areat\Nova pasta (3)\Sprout\Idle/Thumbs.db'. Unknown extension 'db'.
[2025.12.03-13.55.01:303][313]LogFactory: FactoryCreateFile: Texture with ReimportTextureFactory (0 0 E:\Areat\Nova pasta (3)\Sprout\Move/Sprout_move.png)
[2025.12.03-13.55.01:305][313]LogTexture: Display: Building textures: Sprout_move (OODLE_AutoDXT, 96X480)
[2025.12.03-13.55.01:315][313]LogAssetTools: Warning: Failed to import 'E:\Areat\Nova pasta (3)\Sprout\Move/Thumbs.db'. Unknown extension 'db'.
[2025.12.03-13.55.11:215][398]LogSavePackage: Moving 'E:/Unreal/Fumec_DevGames/Saved/Sprout_attack83E3CD5C4B5F4BAE0A11FFA282824912.tmp' to 'E:/Unreal/Fumec_DevGames/Content/Inimigos/InimigosProntos/Arvre/Attack/Attack/Sprout_attack.uasset'
[2025.12.03-13.55.11:220][398]LogSavePackage: Moving 'E:/Unreal/Fumec_DevGames/Saved/Sprout-damageD21D945949AC545155145CB3C5A441B0.tmp' to 'E:/Unreal/Fumec_DevGames/Content/Inimigos/InimigosProntos/Arvre/Attack/Damage/Sprout-damage.uasset'
[2025.12.03-13.55.11:227][398]LogSavePackage: Moving 'E:/Unreal/Fumec_DevGames/Saved/Sprout-deathAF57B5FF43FC032CE55154892EACB717.tmp' to 'E:/Unreal/Fumec_DevGames/Content/Inimigos/InimigosProntos/Arvre/Attack/Death/Sprout-death.uasset'
[2025.12.03-13.55.11:233][398]LogSavePackage: Moving 'E:/Unreal/Fumec_DevGames/Saved/Sprout_idle387B4DB94AAEDE25DFE592973EABA26B.tmp' to 'E:/Unreal/Fumec_DevGames/Content/Inimigos/InimigosProntos/Arvre/Attack/Idle/Sprout_idle.uasset'
[2025.12.03-13.55.11:239][398]LogSavePackage: Moving 'E:/Unreal/Fumec_DevGames/Saved/Sprout_moveF6D4808F40837C7FEFBD8097A72BFAF0.tmp' to 'E:/Unreal/Fumec_DevGames/Content/Inimigos/InimigosProntos/Arvre/Attack/Move/Sprout_move.uasset'
[2025.12.03-13.55.11:258][398]AssetCheck: New page: Asset Save: multiple assets
[2025.12.03-13.55.11:258][398]LogContentValidation: Display: Validating Texture2D /Game/Inimigos/InimigosProntos/Arvre/Attack/Move/Sprout_move.Sprout_move
[2025.12.03-13.55.11:259][398]LogContentValidation: Display: Validating Texture2D /Game/Inimigos/InimigosProntos/Arvre/Attack/Idle/Sprout_idle.Sprout_idle
[2025.12.03-13.55.11:259][398]LogContentValidation: Display: Validating Texture2D /Game/Inimigos/InimigosProntos/Arvre/Attack/Death/Sprout-death.Sprout-death
[2025.12.03-13.55.11:259][398]LogContentValidation: Display: Validating Texture2D /Game/Inimigos/InimigosProntos/Arvre/Attack/Damage/Sprout-damage.Sprout-damage
[2025.12.03-13.55.11:259][398]LogContentValidation: Display: Validating Texture2D /Game/Inimigos/InimigosProntos/Arvre/Attack/Attack/Sprout_attack.Sprout_attack
[2025.12.03-13.55.39:527][711]LogTexture: Display: Building textures: Sprout-damage (BGRA8, 96X480)
[2025.12.03-13.55.39:529][711]LogTexture: Display: Building textures: Sprout-death (BGRA8, 96X768)
[2025.12.03-13.55.39:532][711]LogTexture: Display: Building textures: Sprout_attack (BGRA8, 96X576)
[2025.12.03-13.55.39:535][711]LogTexture: Display: Building textures: Sprout_idle (BGRA8, 96X384)
[2025.12.03-13.55.39:539][711]LogTexture: Display: Building textures: Sprout_move (BGRA8, 96X480)
[2025.12.03-13.55.55:544][325]Cmd: OBJ SAVEPACKAGE PACKAGE="/Game/Mapas/Menu/MainMenu" FILE="E:/Unreal/Fumec_DevGames/Content/Mapas/Menu/MainMenu.umap" SILENT=true AUTOSAVING=false KEEPDIRTY=false
[2025.12.03-13.55.55:580][325]LogUObjectHash: Compacting FUObjectHashTables data took   3.78ms
[2025.12.03-13.55.55:592][325]LogSavePackage: Moving 'E:/Unreal/Fumec_DevGames/Saved/MainMenu3235897C4C3C16875A4B7D9FCC749D0D.tmp' to 'E:/Unreal/Fumec_DevGames/Content/Mapas/Menu/MainMenu.umap'
[2025.12.03-13.55.55:629][325]AssetCheck: New page: Asset Save: MainMenu
[2025.12.03-13.55.55:630][325]LogContentValidation: Display: Validating World /Game/Mapas/Menu/MainMenu.MainMenu
[2025.12.03-13.55.56:578][430]LogSavePackage: Moving 'E:/Unreal/Fumec_DevGames/Saved/Sprout_attack7A941EEA4DF96B951E0588A9069E584C.tmp' to 'E:/Unreal/Fumec_DevGames/Content/Inimigos/InimigosProntos/Arvre/Attack/Attack/Sprout_attack.uasset'
[2025.12.03-13.55.56:584][430]LogSavePackage: Moving 'E:/Unreal/Fumec_DevGames/Saved/Sprout-damage2060620F4C636B24F34849A39DEA51FE.tmp' to 'E:/Unreal/Fumec_DevGames/Content/Inimigos/InimigosProntos/Arvre/Attack/Damage/Sprout-damage.uasset'
[2025.12.03-13.55.56:588][430]LogSavePackage: Moving 'E:/Unreal/Fumec_DevGames/Saved/Sprout-deathB49A92C842F57742243BC0BF11C6892A.tmp' to 'E:/Unreal/Fumec_DevGames/Content/Inimigos/InimigosProntos/Arvre/Attack/Death/Sprout-death.uasset'
[2025.12.03-13.55.56:594][430]LogSavePackage: Moving 'E:/Unreal/Fumec_DevGames/Saved/Sprout_idle9B7045EA44E309BB4B3B849D6980E31E.tmp' to 'E:/Unreal/Fumec_DevGames/Content/Inimigos/InimigosProntos/Arvre/Attack/Idle/Sprout_idle.uasset'
[2025.12.03-13.55.56:600][430]LogSavePackage: Moving 'E:/Unreal/Fumec_DevGames/Saved/Sprout_move857E53F0486D1A14D22CE8B9015E16ED.tmp' to 'E:/Unreal/Fumec_DevGames/Content/Inimigos/InimigosProntos/Arvre/Attack/Move/Sprout_move.uasset'
[2025.12.03-13.55.56:618][430]AssetCheck: New page: Asset Save: multiple assets
[2025.12.03-13.55.56:618][430]LogContentValidation: Display: Validating Texture2D /Game/Inimigos/InimigosProntos/Arvre/Attack/Move/Sprout_move.Sprout_move
[2025.12.03-13.55.56:618][430]LogContentValidation: Display: Validating Texture2D /Game/Inimigos/InimigosProntos/Arvre/Attack/Idle/Sprout_idle.Sprout_idle
[2025.12.03-13.55.56:618][430]LogContentValidation: Display: Validating Texture2D /Game/Inimigos/InimigosProntos/Arvre/Attack/Death/Sprout-death.Sprout-death
[2025.12.03-13.55.56:618][430]LogContentValidation: Display: Validating Texture2D /Game/Inimigos/InimigosProntos/Arvre/Attack/Damage/Sprout-damage.Sprout-damage
[2025.12.03-13.55.56:618][430]LogContentValidation: Display: Validating Texture2D /Game/Inimigos/InimigosProntos/Arvre/Attack/Attack/Sprout_attack.Sprout_attack
[2025.12.03-13.56.56:539][385]LogSlate: Window 'Extract sprites' being destroyed
[2025.12.03-13.56.59:780][718]LogSlate: Warning: Ignoring SetUserFocus because it's not an active modal Window (user 0 not set to SAssetView [SContentBrowser.cpp(749)].
[2025.12.03-13.56.59:780][718]LogContentBrowser: Deferred new asset file creation: Sprout_attack1
[2025.12.03-13.56.59:800][718]LogContentBrowser: Creating deferred item: Sprout_attack1
[2025.12.03-13.57.04:191][243]LogContentBrowser: Attempting asset rename: Sprout_attack1 -> AtaqueArvre
[2025.12.03-13.57.04:192][243]LogContentBrowser: End creating deferred item Sprout_attack1
[2025.12.03-13.57.06:224][481]LogSavePackage: Moving 'E:/Unreal/Fumec_DevGames/Saved/AtaqueArvre001FA457495A7181934AEDAD325E393D.tmp' to 'E:/Unreal/Fumec_DevGames/Content/Inimigos/InimigosProntos/Arvre/Attack/Attack/AtaqueArvre.uasset'
[2025.12.03-13.57.06:233][481]LogSavePackage: Moving 'E:/Unreal/Fumec_DevGames/Saved/Sprout_attack_Sprite_5FC0E68A0427D964CBAD5659B9B4B6E31.tmp' to 'E:/Unreal/Fumec_DevGames/Content/Inimigos/InimigosProntos/Arvre/Attack/Attack/Sprout_attack_Sprite_5.uasset'
[2025.12.03-13.57.06:242][481]LogSavePackage: Moving 'E:/Unreal/Fumec_DevGames/Saved/Sprout_attack_Sprite_4A36A2EBF49CF749B97CA3D9F4407FF5B.tmp' to 'E:/Unreal/Fumec_DevGames/Content/Inimigos/InimigosProntos/Arvre/Attack/Attack/Sprout_attack_Sprite_4.uasset'
[2025.12.03-13.57.06:250][481]LogSavePackage: Moving 'E:/Unreal/Fumec_DevGames/Saved/Sprout_attack_Sprite_3BCF184EA4BD14A520DFE719F5D1B771B.tmp' to 'E:/Unreal/Fumec_DevGames/Content/Inimigos/InimigosProntos/Arvre/Attack/Attack/Sprout_attack_Sprite_3.uasset'
[2025.12.03-13.57.06:260][481]LogSavePackage: Moving 'E:/Unreal/Fumec_DevGames/Saved/Sprout_attack_Sprite_20321A0BD4799DC802095A5BDD2754A01.tmp' to 'E:/Unreal/Fumec_DevGames/Content/Inimigos/InimigosProntos/Arvre/Attack/Attack/Sprout_attack_Sprite_2.uasset'
[2025.12.03-13.57.06:269][481]LogSavePackage: Moving 'E:/Unreal/Fumec_DevGames/Saved/Sprout_attack_Sprite_1DECB28064AC692A031AEEB85AAFBBA99.tmp' to 'E:/Unreal/Fumec_DevGames/Content/Inimigos/InimigosProntos/Arvre/Attack/Attack/Sprout_attack_Sprite_1.uasset'
[2025.12.03-13.57.06:279][481]LogSavePackage: Moving 'E:/Unreal/Fumec_DevGames/Saved/Sprout_attack_Sprite_0E4D7527C4C58A99CDF887F898EB3AEFC.tmp' to 'E:/Unreal/Fumec_DevGames/Content/Inimigos/InimigosProntos/Arvre/Attack/Attack/Sprout_attack_Sprite_0.uasset'
[2025.12.03-13.57.06:298][481]AssetCheck: New page: Asset Save: multiple assets
[2025.12.03-13.57.06:298][481]LogContentValidation: Display: Validating PaperFlipbook /Game/Inimigos/InimigosProntos/Arvre/Attack/Attack/AtaqueArvre.AtaqueArvre
[2025.12.03-13.57.06:298][481]LogContentValidation: Display: Validating PaperSprite /Game/Inimigos/InimigosProntos/Arvre/Attack/Attack/Sprout_attack_Sprite_5.Sprout_attack_Sprite_5
[2025.12.03-13.57.06:298][481]LogContentValidation: Display: Validating PaperSprite /Game/Inimigos/InimigosProntos/Arvre/Attack/Attack/Sprout_attack_Sprite_4.Sprout_attack_Sprite_4
[2025.12.03-13.57.06:298][481]LogContentValidation: Display: Validating PaperSprite /Game/Inimigos/InimigosProntos/Arvre/Attack/Attack/Sprout_attack_Sprite_3.Sprout_attack_Sprite_3
[2025.12.03-13.57.06:298][481]LogContentValidation: Display: Validating PaperSprite /Game/Inimigos/InimigosProntos/Arvre/Attack/Attack/Sprout_attack_Sprite_2.Sprout_attack_Sprite_2
[2025.12.03-13.57.06:298][481]LogContentValidation: Display: Validating PaperSprite /Game/Inimigos/InimigosProntos/Arvre/Attack/Attack/Sprout_attack_Sprite_1.Sprout_attack_Sprite_1
[2025.12.03-13.57.06:298][481]LogContentValidation: Display: Validating PaperSprite /Game/Inimigos/InimigosProntos/Arvre/Attack/Attack/Sprout_attack_Sprite_0.Sprout_attack_Sprite_0
[2025.12.03-13.57.07:067][553]LogAssetEditorSubsystem: Opening Asset editor for PaperFlipbook /Game/Inimigos/InimigosProntos/Arvre/Attack/Attack/AtaqueArvre.AtaqueArvre
[2025.12.03-13.57.19:930][ 56]LogUObjectHash: Compacting FUObjectHashTables data took   3.01ms
[2025.12.03-13.57.19:966][ 56]LogSavePackage: Moving 'E:/Unreal/Fumec_DevGames/Saved/AtaqueArvre7F3976424F9F90CEAE135C9522AC7C54.tmp' to 'E:/Unreal/Fumec_DevGames/Content/Inimigos/InimigosProntos/Arvre/Attack/Attack/AtaqueArvre.uasset'
[2025.12.03-13.57.19:985][ 56]AssetCheck: New page: Asset Save: AtaqueArvre
[2025.12.03-13.57.19:985][ 56]LogContentValidation: Display: Validating PaperFlipbook /Game/Inimigos/InimigosProntos/Arvre/Attack/Attack/AtaqueArvre.AtaqueArvre
[2025.12.03-13.57.46:235][964]LogUObjectHash: Compacting FUObjectHashTables data took   0.72ms
[2025.12.03-13.57.46:275][964]LogSavePackage: Moving 'E:/Unreal/Fumec_DevGames/Saved/AtaqueArvre5D16D39041E8322D9B57A4BD2E29761F.tmp' to 'E:/Unreal/Fumec_DevGames/Content/Inimigos/InimigosProntos/Arvre/Attack/Attack/AtaqueArvre.uasset'
[2025.12.03-13.57.46:297][964]AssetCheck: New page: Asset Save: AtaqueArvre
[2025.12.03-13.57.46:297][964]LogContentValidation: Display: Validating PaperFlipbook /Game/Inimigos/InimigosProntos/Arvre/Attack/Attack/AtaqueArvre.AtaqueArvre
[2025.12.03-13.58.07:481][277]LogSlate: Window 'Extract sprites' being destroyed
[2025.12.03-13.58.13:338][898]LogSlate: Warning: Ignoring SetUserFocus because it's not an active modal Window (user 0 not set to SAssetView [SContentBrowser.cpp(749)].
[2025.12.03-13.58.13:339][898]LogContentBrowser: Deferred new asset file creation: Sprout-damage1
[2025.12.03-13.58.13:358][898]LogContentBrowser: Creating deferred item: Sprout-damage1
[2025.12.03-13.58.25:654][372]LogContentBrowser: Attempting asset rename: Sprout-damage1 -> ArvreHit
[2025.12.03-13.58.25:654][372]LogContentBrowser: End creating deferred item Sprout-damage1
[2025.12.03-13.58.26:651][486]Cmd: OBJ SAVEPACKAGE PACKAGE="/Game/Inimigos/InimigosProntos/Arvre/Attack/Damage/ArvreHit" FILE="E:/Unreal/Fumec_DevGames/Content/Inimigos/InimigosProntos/Arvre/Attack/Damage/ArvreHit.uasset" SILENT=true
[2025.12.03-13.58.26:653][486]LogSavePackage: Moving 'E:/Unreal/Fumec_DevGames/Saved/ArvreHit7774E203405C8F745F39E9A5BCD5EC3F.tmp' to 'E:/Unreal/Fumec_DevGames/Content/Inimigos/InimigosProntos/Arvre/Attack/Damage/ArvreHit.uasset'
[2025.12.03-13.58.26:663][486]LogSavePackage: Moving 'E:/Unreal/Fumec_DevGames/Saved/Sprout-damage_Sprite_441B68AB4471DB9D410BBE281787D3903.tmp' to 'E:/Unreal/Fumec_DevGames/Content/Inimigos/InimigosProntos/Arvre/Attack/Damage/Sprout-damage_Sprite_4.uasset'
[2025.12.03-13.58.26:672][486]LogSavePackage: Moving 'E:/Unreal/Fumec_DevGames/Saved/Sprout-damage_Sprite_3508804384127D5DDFF321DA90904AF69.tmp' to 'E:/Unreal/Fumec_DevGames/Content/Inimigos/InimigosProntos/Arvre/Attack/Damage/Sprout-damage_Sprite_3.uasset'
[2025.12.03-13.58.26:681][486]LogSavePackage: Moving 'E:/Unreal/Fumec_DevGames/Saved/Sprout-damage_Sprite_280E82C8246FD0BDA7290DF9678096948.tmp' to 'E:/Unreal/Fumec_DevGames/Content/Inimigos/InimigosProntos/Arvre/Attack/Damage/Sprout-damage_Sprite_2.uasset'
[2025.12.03-13.58.26:690][486]LogSavePackage: Moving 'E:/Unreal/Fumec_DevGames/Saved/Sprout-damage_Sprite_1FC208D444FCB7315CE865185EFE8B033.tmp' to 'E:/Unreal/Fumec_DevGames/Content/Inimigos/InimigosProntos/Arvre/Attack/Damage/Sprout-damage_Sprite_1.uasset'
[2025.12.03-13.58.26:699][486]LogSavePackage: Moving 'E:/Unreal/Fumec_DevGames/Saved/Sprout-damage_Sprite_07EE90C8B439A0787A8F368AAECB53DA8.tmp' to 'E:/Unreal/Fumec_DevGames/Content/Inimigos/InimigosProntos/Arvre/Attack/Damage/Sprout-damage_Sprite_0.uasset'
[2025.12.03-13.58.26:717][486]AssetCheck: New page: Asset Save: multiple assets
[2025.12.03-13.58.26:717][486]LogContentValidation: Display: Validating PaperFlipbook /Game/Inimigos/InimigosProntos/Arvre/Attack/Damage/ArvreHit.ArvreHit
[2025.12.03-13.58.26:718][486]LogContentValidation: Display: Validating PaperSprite /Game/Inimigos/InimigosProntos/Arvre/Attack/Damage/Sprout-damage_Sprite_4.Sprout-damage_Sprite_4
[2025.12.03-13.58.26:718][486]LogContentValidation: Display: Validating PaperSprite /Game/Inimigos/InimigosProntos/Arvre/Attack/Damage/Sprout-damage_Sprite_3.Sprout-damage_Sprite_3
[2025.12.03-13.58.26:718][486]LogContentValidation: Display: Validating PaperSprite /Game/Inimigos/InimigosProntos/Arvre/Attack/Damage/Sprout-damage_Sprite_2.Sprout-damage_Sprite_2
[2025.12.03-13.58.26:718][486]LogContentValidation: Display: Validating PaperSprite /Game/Inimigos/InimigosProntos/Arvre/Attack/Damage/Sprout-damage_Sprite_1.Sprout-damage_Sprite_1
[2025.12.03-13.58.26:718][486]LogContentValidation: Display: Validating PaperSprite /Game/Inimigos/InimigosProntos/Arvre/Attack/Damage/Sprout-damage_Sprite_0.Sprout-damage_Sprite_0
[2025.12.03-13.58.28:447][682]LogAssetEditorSubsystem: Opening Asset editor for PaperFlipbook /Game/Inimigos/InimigosProntos/Arvre/Attack/Damage/ArvreHit.ArvreHit
[2025.12.03-13.58.42:895][395]LogUObjectHash: Compacting FUObjectHashTables data took   3.42ms
[2025.12.03-13.58.42:926][395]Cmd: OBJ SAVEPACKAGE PACKAGE="/Game/Inimigos/InimigosProntos/Arvre/Attack/Damage/ArvreHit" FILE="E:/Unreal/Fumec_DevGames/Content/Inimigos/InimigosProntos/Arvre/Attack/Damage/ArvreHit.uasset" SILENT=true
[2025.12.03-13.58.42:929][395]LogSavePackage: Moving 'E:/Unreal/Fumec_DevGames/Saved/ArvreHit37816C544CACACC256EC45A1F951A5B4.tmp' to 'E:/Unreal/Fumec_DevGames/Content/Inimigos/InimigosProntos/Arvre/Attack/Damage/ArvreHit.uasset'
[2025.12.03-13.58.42:947][395]AssetCheck: New page: Asset Save: ArvreHit
[2025.12.03-13.58.42:947][395]LogContentValidation: Display: Validating PaperFlipbook /Game/Inimigos/InimigosProntos/Arvre/Attack/Damage/ArvreHit.ArvreHit
[2025.12.03-13.58.57:212][ 90]LogWorld: UWorld::CleanupWorld for World_9, bSessionEnded=true, bCleanupResources=true
[2025.12.03-13.58.57:212][ 90]LogSlate: InvalidateAllWidgets triggered.  All widgets were invalidated
[2025.12.03-13.58.59:298][327]LogWorld: UWorld::CleanupWorld for World_8, bSessionEnded=true, bCleanupResources=true
[2025.12.03-13.58.59:299][327]LogSlate: InvalidateAllWidgets triggered.  All widgets were invalidated
[2025.12.03-13.59.21:453][745]LogSlate: Window 'Extract sprites' being destroyed
[2025.12.03-13.59.26:099][222]LogSlate: Warning: Ignoring SetUserFocus because it's not an active modal Window (user 0 not set to SAssetView [SContentBrowser.cpp(749)].
[2025.12.03-13.59.26:100][222]LogContentBrowser: Deferred new asset file creation: Sprout-death1
[2025.12.03-13.59.26:119][222]LogContentBrowser: Creating deferred item: Sprout-death1
[2025.12.03-13.59.34:221][179]LogContentBrowser: Attempting asset rename: Sprout-death1 -> ArvreDeath
[2025.12.03-13.59.34:221][179]LogContentBrowser: End creating deferred item Sprout-death1
[2025.12.03-13.59.35:077][278]LogSavePackage: Moving 'E:/Unreal/Fumec_DevGames/Saved/ArvreDeathBB52C6A14A3A92961AEA438D2372479C.tmp' to 'E:/Unreal/Fumec_DevGames/Content/Inimigos/InimigosProntos/Arvre/Attack/Death/ArvreDeath.uasset'
[2025.12.03-13.59.35:098][278]AssetCheck: New page: Asset Save: ArvreDeath
[2025.12.03-13.59.35:098][278]LogContentValidation: Display: Validating PaperFlipbook /Game/Inimigos/InimigosProntos/Arvre/Attack/Death/ArvreDeath.ArvreDeath
[2025.12.03-13.59.37:520][551]LogAssetEditorSubsystem: Opening Asset editor for PaperFlipbook /Game/Inimigos/InimigosProntos/Arvre/Attack/Death/ArvreDeath.ArvreDeath
[2025.12.03-13.59.45:308][458]LogUObjectHash: Compacting FUObjectHashTables data took   3.28ms
[2025.12.03-13.59.45:354][458]LogSavePackage: Moving 'E:/Unreal/Fumec_DevGames/Saved/Sprout-death_Sprite_03E3FBBE44CDB2E24D11407B60649826A.tmp' to 'E:/Unreal/Fumec_DevGames/Content/Inimigos/InimigosProntos/Arvre/Attack/Death/Sprout-death_Sprite_0.uasset'
[2025.12.03-13.59.45:364][458]LogSavePackage: Moving 'E:/Unreal/Fumec_DevGames/Saved/Sprout-death_Sprite_119FDC3454FCC435F5A71BBBCBD91E47B.tmp' to 'E:/Unreal/Fumec_DevGames/Content/Inimigos/InimigosProntos/Arvre/Attack/Death/Sprout-death_Sprite_1.uasset'
[2025.12.03-13.59.45:373][458]LogSavePackage: Moving 'E:/Unreal/Fumec_DevGames/Saved/Sprout-death_Sprite_2F8E6D3654E2D117316A8FE9F4276E8D2.tmp' to 'E:/Unreal/Fumec_DevGames/Content/Inimigos/InimigosProntos/Arvre/Attack/Death/Sprout-death_Sprite_2.uasset'
[2025.12.03-13.59.45:381][458]LogSavePackage: Moving 'E:/Unreal/Fumec_DevGames/Saved/Sprout-death_Sprite_37E4146D3481E8313912B41893C935304.tmp' to 'E:/Unreal/Fumec_DevGames/Content/Inimigos/InimigosProntos/Arvre/Attack/Death/Sprout-death_Sprite_3.uasset'
[2025.12.03-13.59.45:443][458]LogSavePackage: Moving 'E:/Unreal/Fumec_DevGames/Saved/Sprout-death_Sprite_4F1C7E24B425FFE4C9521E38E6A0659B0.tmp' to 'E:/Unreal/Fumec_DevGames/Content/Inimigos/InimigosProntos/Arvre/Attack/Death/Sprout-death_Sprite_4.uasset'
[2025.12.03-13.59.45:453][458]LogSavePackage: Moving 'E:/Unreal/Fumec_DevGames/Saved/Sprout-death_Sprite_5ABBD99FD4E6CBB14355C6E9ACECD0239.tmp' to 'E:/Unreal/Fumec_DevGames/Content/Inimigos/InimigosProntos/Arvre/Attack/Death/Sprout-death_Sprite_5.uasset'
[2025.12.03-13.59.45:463][458]LogSavePackage: Moving 'E:/Unreal/Fumec_DevGames/Saved/Sprout-death_Sprite_6635A9EB74E85B5F0144914BA2FDEE129.tmp' to 'E:/Unreal/Fumec_DevGames/Content/Inimigos/InimigosProntos/Arvre/Attack/Death/Sprout-death_Sprite_6.uasset'
[2025.12.03-13.59.45:471][458]LogSavePackage: Moving 'E:/Unreal/Fumec_DevGames/Saved/Sprout-death_Sprite_7C9C45B204D68483002951099C595E277.tmp' to 'E:/Unreal/Fumec_DevGames/Content/Inimigos/InimigosProntos/Arvre/Attack/Death/Sprout-death_Sprite_7.uasset'
[2025.12.03-13.59.45:481][458]LogSavePackage: Moving 'E:/Unreal/Fumec_DevGames/Saved/ArvreDeathB8FB3A8441045182577E129C8F91541C.tmp' to 'E:/Unreal/Fumec_DevGames/Content/Inimigos/InimigosProntos/Arvre/Attack/Death/ArvreDeath.uasset'
[2025.12.03-13.59.45:499][458]AssetCheck: New page: Asset Save: multiple assets
[2025.12.03-13.59.45:500][458]LogContentValidation: Display: Validating PaperFlipbook /Game/Inimigos/InimigosProntos/Arvre/Attack/Death/ArvreDeath.ArvreDeath
[2025.12.03-13.59.45:500][458]LogContentValidation: Display: Validating PaperSprite /Game/Inimigos/InimigosProntos/Arvre/Attack/Death/Sprout-death_Sprite_7.Sprout-death_Sprite_7
[2025.12.03-13.59.45:500][458]LogContentValidation: Display: Validating PaperSprite /Game/Inimigos/InimigosProntos/Arvre/Attack/Death/Sprout-death_Sprite_6.Sprout-death_Sprite_6
[2025.12.03-13.59.45:500][458]LogContentValidation: Display: Validating PaperSprite /Game/Inimigos/InimigosProntos/Arvre/Attack/Death/Sprout-death_Sprite_5.Sprout-death_Sprite_5
[2025.12.03-13.59.45:500][458]LogContentValidation: Display: Validating PaperSprite /Game/Inimigos/InimigosProntos/Arvre/Attack/Death/Sprout-death_Sprite_4.Sprout-death_Sprite_4
[2025.12.03-13.59.45:500][458]LogContentValidation: Display: Validating PaperSprite /Game/Inimigos/InimigosProntos/Arvre/Attack/Death/Sprout-death_Sprite_3.Sprout-death_Sprite_3
[2025.12.03-13.59.45:500][458]LogContentValidation: Display: Validating PaperSprite /Game/Inimigos/InimigosProntos/Arvre/Attack/Death/Sprout-death_Sprite_2.Sprout-death_Sprite_2
[2025.12.03-13.59.45:500][458]LogContentValidation: Display: Validating PaperSprite /Game/Inimigos/InimigosProntos/Arvre/Attack/Death/Sprout-death_Sprite_1.Sprout-death_Sprite_1
[2025.12.03-13.59.45:500][458]LogContentValidation: Display: Validating PaperSprite /Game/Inimigos/InimigosProntos/Arvre/Attack/Death/Sprout-death_Sprite_0.Sprout-death_Sprite_0
[2025.12.03-13.59.53:817][452]LogUObjectHash: Compacting FUObjectHashTables data took   3.16ms
[2025.12.03-13.59.53:855][452]LogSavePackage: Moving 'E:/Unreal/Fumec_DevGames/Saved/ArvreDeath1F8EA299471D53A857BEC2BCBEB2BCDA.tmp' to 'E:/Unreal/Fumec_DevGames/Content/Inimigos/InimigosProntos/Arvre/Attack/Death/ArvreDeath.uasset'
[2025.12.03-13.59.53:872][452]AssetCheck: New page: Asset Save: ArvreDeath
[2025.12.03-13.59.53:872][452]LogContentValidation: Display: Validating PaperFlipbook /Game/Inimigos/InimigosProntos/Arvre/Attack/Death/ArvreDeath.ArvreDeath
[2025.12.03-14.00.13:753][583]LogSlate: Window 'Extract sprites' being destroyed
[2025.12.03-14.00.17:135][933]LogSlate: Warning: Ignoring SetUserFocus because it's not an active modal Window (user 0 not set to SAssetView [SContentBrowser.cpp(749)].
[2025.12.03-14.00.17:135][933]LogContentBrowser: Deferred new asset file creation: Sprout_idle1
[2025.12.03-14.00.17:155][933]LogContentBrowser: Creating deferred item: Sprout_idle1
[2025.12.03-14.00.22:004][514]LogContentBrowser: Attempting asset rename: Sprout_idle1 -> ArvreIdle
[2025.12.03-14.00.22:005][514]LogContentBrowser: End creating deferred item Sprout_idle1
[2025.12.03-14.00.25:027][872]Cmd: OBJ SAVEPACKAGE PACKAGE="/Game/Inimigos/InimigosProntos/Arvre/Attack/Idle/ArvreIdle" FILE="E:/Unreal/Fumec_DevGames/Content/Inimigos/InimigosProntos/Arvre/Attack/Idle/ArvreIdle.uasset" SILENT=true
[2025.12.03-14.00.25:031][872]LogSavePackage: Moving 'E:/Unreal/Fumec_DevGames/Saved/ArvreIdleA604E7F44204440F04D1DE96C4EC91B6.tmp' to 'E:/Unreal/Fumec_DevGames/Content/Inimigos/InimigosProntos/Arvre/Attack/Idle/ArvreIdle.uasset'
[2025.12.03-14.00.25:039][872]LogSavePackage: Moving 'E:/Unreal/Fumec_DevGames/Saved/Sprout_idle_Sprite_37AEFD3D641A73F30199230B1EC776B96.tmp' to 'E:/Unreal/Fumec_DevGames/Content/Inimigos/InimigosProntos/Arvre/Attack/Idle/Sprout_idle_Sprite_3.uasset'
[2025.12.03-14.00.25:048][872]LogSavePackage: Moving 'E:/Unreal/Fumec_DevGames/Saved/Sprout_idle_Sprite_2D165F40949E85FC27394DC955253BD07.tmp' to 'E:/Unreal/Fumec_DevGames/Content/Inimigos/InimigosProntos/Arvre/Attack/Idle/Sprout_idle_Sprite_2.uasset'
[2025.12.03-14.00.25:058][872]LogSavePackage: Moving 'E:/Unreal/Fumec_DevGames/Saved/Sprout_idle_Sprite_19C1389314115310A58FFF796E2EB052E.tmp' to 'E:/Unreal/Fumec_DevGames/Content/Inimigos/InimigosProntos/Arvre/Attack/Idle/Sprout_idle_Sprite_1.uasset'
[2025.12.03-14.00.25:067][872]LogSavePackage: Moving 'E:/Unreal/Fumec_DevGames/Saved/Sprout_idle_Sprite_004E2AE764983699DC0C3B899869B31CB.tmp' to 'E:/Unreal/Fumec_DevGames/Content/Inimigos/InimigosProntos/Arvre/Attack/Idle/Sprout_idle_Sprite_0.uasset'
[2025.12.03-14.00.25:114][872]AssetCheck: New page: Asset Save: multiple assets
[2025.12.03-14.00.25:114][872]LogContentValidation: Display: Validating PaperFlipbook /Game/Inimigos/InimigosProntos/Arvre/Attack/Idle/ArvreIdle.ArvreIdle
[2025.12.03-14.00.25:114][872]LogContentValidation: Display: Validating PaperSprite /Game/Inimigos/InimigosProntos/Arvre/Attack/Idle/Sprout_idle_Sprite_3.Sprout_idle_Sprite_3
[2025.12.03-14.00.25:114][872]LogContentValidation: Display: Validating PaperSprite /Game/Inimigos/InimigosProntos/Arvre/Attack/Idle/Sprout_idle_Sprite_2.Sprout_idle_Sprite_2
[2025.12.03-14.00.25:114][872]LogContentValidation: Display: Validating PaperSprite /Game/Inimigos/InimigosProntos/Arvre/Attack/Idle/Sprout_idle_Sprite_1.Sprout_idle_Sprite_1
[2025.12.03-14.00.25:114][872]LogContentValidation: Display: Validating PaperSprite /Game/Inimigos/InimigosProntos/Arvre/Attack/Idle/Sprout_idle_Sprite_0.Sprout_idle_Sprite_0
[2025.12.03-14.00.25:988][963]LogAssetEditorSubsystem: Opening Asset editor for PaperFlipbook /Game/Inimigos/InimigosProntos/Arvre/Attack/Idle/ArvreIdle.ArvreIdle
[2025.12.03-14.00.32:716][706]LogUObjectHash: Compacting FUObjectHashTables data took   3.11ms
[2025.12.03-14.00.32:750][706]Cmd: OBJ SAVEPACKAGE PACKAGE="/Game/Inimigos/InimigosProntos/Arvre/Attack/Idle/ArvreIdle" FILE="E:/Unreal/Fumec_DevGames/Content/Inimigos/InimigosProntos/Arvre/Attack/Idle/ArvreIdle.uasset" SILENT=true
[2025.12.03-14.00.32:753][706]LogSavePackage: Moving 'E:/Unreal/Fumec_DevGames/Saved/ArvreIdle4C37305644C199B00AC23FB3C5992B64.tmp' to 'E:/Unreal/Fumec_DevGames/Content/Inimigos/InimigosProntos/Arvre/Attack/Idle/ArvreIdle.uasset'
[2025.12.03-14.00.32:773][706]AssetCheck: New page: Asset Save: ArvreIdle
[2025.12.03-14.00.32:773][706]LogContentValidation: Display: Validating PaperFlipbook /Game/Inimigos/InimigosProntos/Arvre/Attack/Idle/ArvreIdle.ArvreIdle
[2025.12.03-14.00.46:478][180]LogUObjectHash: Compacting FUObjectHashTables data took   3.29ms
[2025.12.03-14.00.47:907][323]LogSlate: Window 'Extract sprites' being destroyed
[2025.12.03-14.00.52:497][792]LogSlate: Warning: Ignoring SetUserFocus because it's not an active modal Window (user 0 not set to SAssetView [SContentBrowser.cpp(749)].
[2025.12.03-14.00.52:499][792]LogContentBrowser: Deferred new asset file creation: Sprout_move1
[2025.12.03-14.00.52:520][792]LogContentBrowser: Creating deferred item: Sprout_move1
[2025.12.03-14.00.59:812][666]LogContentBrowser: Attempting asset rename: Sprout_move1 -> ArvreMove
[2025.12.03-14.00.59:812][666]LogContentBrowser: End creating deferred item Sprout_move1
[2025.12.03-14.01.00:775][776]Cmd: OBJ SAVEPACKAGE PACKAGE="/Game/Inimigos/InimigosProntos/Arvre/Attack/Move/ArvreMove" FILE="E:/Unreal/Fumec_DevGames/Content/Inimigos/InimigosProntos/Arvre/Attack/Move/ArvreMove.uasset" SILENT=true
[2025.12.03-14.01.00:777][776]LogSavePackage: Moving 'E:/Unreal/Fumec_DevGames/Saved/ArvreMove890A5E2341AD3687DBE8A0BE35992217.tmp' to 'E:/Unreal/Fumec_DevGames/Content/Inimigos/InimigosProntos/Arvre/Attack/Move/ArvreMove.uasset'
[2025.12.03-14.01.00:787][776]LogSavePackage: Moving 'E:/Unreal/Fumec_DevGames/Saved/Sprout_move_Sprite_4D24D32A14CD986BB9EB884847116F2CD.tmp' to 'E:/Unreal/Fumec_DevGames/Content/Inimigos/InimigosProntos/Arvre/Attack/Move/Sprout_move_Sprite_4.uasset'
[2025.12.03-14.01.00:797][776]LogSavePackage: Moving 'E:/Unreal/Fumec_DevGames/Saved/Sprout_move_Sprite_35C8F65034E1B5BEB9B19CA94E6C41066.tmp' to 'E:/Unreal/Fumec_DevGames/Content/Inimigos/InimigosProntos/Arvre/Attack/Move/Sprout_move_Sprite_3.uasset'
[2025.12.03-14.01.00:806][776]LogSavePackage: Moving 'E:/Unreal/Fumec_DevGames/Saved/Sprout_move_Sprite_25E0C14FB4B88373C6E1DA8BC68556921.tmp' to 'E:/Unreal/Fumec_DevGames/Content/Inimigos/InimigosProntos/Arvre/Attack/Move/Sprout_move_Sprite_2.uasset'
[2025.12.03-14.01.00:815][776]LogSavePackage: Moving 'E:/Unreal/Fumec_DevGames/Saved/Sprout_move_Sprite_1C2264A9348C45EF5F964E18EE023B0FD.tmp' to 'E:/Unreal/Fumec_DevGames/Content/Inimigos/InimigosProntos/Arvre/Attack/Move/Sprout_move_Sprite_1.uasset'
[2025.12.03-14.01.00:823][776]LogSavePackage: Moving 'E:/Unreal/Fumec_DevGames/Saved/Sprout_move_Sprite_021943D374593529761EBEFA2E730DB0B.tmp' to 'E:/Unreal/Fumec_DevGames/Content/Inimigos/InimigosProntos/Arvre/Attack/Move/Sprout_move_Sprite_0.uasset'
[2025.12.03-14.01.00:843][776]AssetCheck: New page: Asset Save: multiple assets
[2025.12.03-14.01.00:843][776]LogContentValidation: Display: Validating PaperFlipbook /Game/Inimigos/InimigosProntos/Arvre/Attack/Move/ArvreMove.ArvreMove
[2025.12.03-14.01.00:843][776]LogContentValidation: Display: Validating PaperSprite /Game/Inimigos/InimigosProntos/Arvre/Attack/Move/Sprout_move_Sprite_4.Sprout_move_Sprite_4
[2025.12.03-14.01.00:843][776]LogContentValidation: Display: Validating PaperSprite /Game/Inimigos/InimigosProntos/Arvre/Attack/Move/Sprout_move_Sprite_3.Sprout_move_Sprite_3
[2025.12.03-14.01.00:843][776]LogContentValidation: Display: Validating PaperSprite /Game/Inimigos/InimigosProntos/Arvre/Attack/Move/Sprout_move_Sprite_2.Sprout_move_Sprite_2
[2025.12.03-14.01.00:843][776]LogContentValidation: Display: Validating PaperSprite /Game/Inimigos/InimigosProntos/Arvre/Attack/Move/Sprout_move_Sprite_1.Sprout_move_Sprite_1
[2025.12.03-14.01.00:843][776]LogContentValidation: Display: Validating PaperSprite /Game/Inimigos/InimigosProntos/Arvre/Attack/Move/Sprout_move_Sprite_0.Sprout_move_Sprite_0
[2025.12.03-14.01.02:435][952]LogAssetEditorSubsystem: Opening Asset editor for PaperFlipbook /Game/Inimigos/InimigosProntos/Arvre/Attack/Move/ArvreMove.ArvreMove
[2025.12.03-14.01.08:015][541]Cmd: OBJ SAVEPACKAGE PACKAGE="/Game/Inimigos/InimigosProntos/Arvre/Attack/Move/ArvreMove" FILE="E:/Unreal/Fumec_DevGames/Content/Inimigos/InimigosProntos/Arvre/Attack/Move/ArvreMove.uasset" SILENT=true
[2025.12.03-14.01.08:017][541]LogSavePackage: Moving 'E:/Unreal/Fumec_DevGames/Saved/ArvreMoveE2475703478C82C6C3B2BFA7E2AA3D41.tmp' to 'E:/Unreal/Fumec_DevGames/Content/Inimigos/InimigosProntos/Arvre/Attack/Move/ArvreMove.uasset'
[2025.12.03-14.01.08:036][541]AssetCheck: New page: Asset Save: ArvreMove
[2025.12.03-14.01.08:036][541]LogContentValidation: Display: Validating PaperFlipbook /Game/Inimigos/InimigosProntos/Arvre/Attack/Move/ArvreMove.ArvreMove
[2025.12.03-14.01.26:445][635]LogContentBrowser: Attempting asset rename: AtaqueArvre -> AtaqueArvre
[2025.12.03-14.02.24:966][545]LogContentBrowser: Deferred new asset file creation: InimigoBaseBP_Child
[2025.12.03-14.02.24:997][545]LogContentBrowser: Creating deferred item: InimigoBaseBP_Child
[2025.12.03-14.02.27:351][827]LogContentBrowser: Attempting asset rename: InimigoBaseBP_Child -> Arvre
[2025.12.03-14.02.27:386][827]Cmd: OBJ SAVEPACKAGE PACKAGE="/Game/Inimigos/Arvre" FILE="E:/Unreal/Fumec_DevGames/Content/Inimigos/Arvre.uasset" SILENT=true
[2025.12.03-14.02.27:390][827]LogSavePackage: Moving 'E:/Unreal/Fumec_DevGames/Saved/Arvre0CD7ABCE42281BDE30577D93EE4D4AE2.tmp' to 'E:/Unreal/Fumec_DevGames/Content/Inimigos/Arvre.uasset'
[2025.12.03-14.02.27:398][827]LogContentBrowser: End creating deferred item InimigoBaseBP_Child
[2025.12.03-14.02.27:411][827]AssetCheck: New page: Asset Save: Arvre
[2025.12.03-14.02.27:411][827]LogContentValidation: Display: Validating Blueprint /Game/Inimigos/Arvre.Arvre
[2025.12.03-14.02.28:652][971]Cmd: OBJ SAVEPACKAGE PACKAGE="/Game/Inimigos/Arvre" FILE="E:/Unreal/Fumec_DevGames/Content/Inimigos/Arvre.uasset" SILENT=true
[2025.12.03-14.02.28:659][971]LogSavePackage: Moving 'E:/Unreal/Fumec_DevGames/Saved/ArvreABC37F8448ED575A5CB931B01AF1A570.tmp' to 'E:/Unreal/Fumec_DevGames/Content/Inimigos/Arvre.uasset'
[2025.12.03-14.02.28:676][971]AssetCheck: New page: Asset Save: Arvre
[2025.12.03-14.02.28:676][971]LogContentValidation: Display: Validating Blueprint /Game/Inimigos/Arvre.Arvre
[2025.12.03-14.02.35:535][712]LogMetaData: Removing '/Game/Inimigos/InimigosProntos/Arvre/Arvre.Arvre:UserConstructionScript.K2Node_FunctionEntry_0' ref from Metadata '/Game/Inimigos/Arvre.PackageMetaData'
[2025.12.03-14.02.35:535][712]LogMetaData: Removing '/Game/Inimigos/InimigosProntos/Arvre/Arvre.SKEL_Arvre_C:UserConstructionScript' ref from Metadata '/Game/Inimigos/Arvre.PackageMetaData'
[2025.12.03-14.02.35:535][712]LogMetaData: Removing '/Game/Inimigos/InimigosProntos/Arvre/Arvre.SKEL_Arvre_C' ref from Metadata '/Game/Inimigos/Arvre.PackageMetaData'
[2025.12.03-14.02.35:535][712]LogMetaData: Removing '/Game/Inimigos/InimigosProntos/Arvre/Arvre.Arvre_C' ref from Metadata '/Game/Inimigos/Arvre.PackageMetaData'
[2025.12.03-14.02.35:535][712]LogMetaData: Removing '/Game/Inimigos/InimigosProntos/Arvre/Arvre.Arvre:EventGraph.K2Node_Event_0' ref from Metadata '/Game/Inimigos/Arvre.PackageMetaData'
[2025.12.03-14.02.35:535][712]LogMetaData: Removing '/Game/Inimigos/InimigosProntos/Arvre/Arvre.Arvre:EventGraph.K2Node_CallParentFunction_0' ref from Metadata '/Game/Inimigos/Arvre.PackageMetaData'
[2025.12.03-14.02.35:535][712]LogMetaData: Removing '/Game/Inimigos/InimigosProntos/Arvre/Arvre.Arvre:EventGraph.K2Node_Event_1' ref from Metadata '/Game/Inimigos/Arvre.PackageMetaData'
[2025.12.03-14.02.35:535][712]LogMetaData: Removing '/Game/Inimigos/InimigosProntos/Arvre/Arvre.Arvre:EventGraph.K2Node_Event_2' ref from Metadata '/Game/Inimigos/Arvre.PackageMetaData'
[2025.12.03-14.02.35:535][712]LogMetaData: Removing '/Game/Inimigos/InimigosProntos/Arvre/Arvre.Arvre:EventGraph.K2Node_CallParentFunction_1' ref from Metadata '/Game/Inimigos/Arvre.PackageMetaData'
[2025.12.03-14.02.35:571][712]Cmd: OBJ SAVEPACKAGE PACKAGE="/Game/Inimigos/InimigosProntos/Arvre/Arvre" FILE="E:/Unreal/Fumec_DevGames/Content/Inimigos/InimigosProntos/Arvre/Arvre.uasset" SILENT=true
[2025.12.03-14.02.35:578][712]LogSavePackage: Moving 'E:/Unreal/Fumec_DevGames/Saved/ArvreF455CB8848F18C785C7FC0878E8044A5.tmp' to 'E:/Unreal/Fumec_DevGames/Content/Inimigos/InimigosProntos/Arvre/Arvre.uasset'
[2025.12.03-14.02.35:687][712]LogUObjectHash: Compacting FUObjectHashTables data took   2.95ms
[2025.12.03-14.02.35:732][712]LogUObjectHash: Compacting FUObjectHashTables data took   2.56ms
[2025.12.03-14.02.35:766][712]LogUObjectHash: Compacting FUObjectHashTables data took   0.71ms
[2025.12.03-14.02.35:808][712]AssetCheck: New page: Asset Save: Arvre
[2025.12.03-14.02.35:808][712]LogContentValidation: Display: Validating Blueprint /Game/Inimigos/InimigosProntos/Arvre/Arvre.Arvre
[2025.12.03-14.02.58:288][442]LogFactory: FactoryCreateFile: Texture with ReimportTextureFactory (0 0 E:\Areat\Nova pasta (3)\Skeleton_Seeker\skeleton_seeker_damage.png)
[2025.12.03-14.02.58:290][442]LogTexture: Display: Building textures: skeleton_seeker_damage (OODLE_AutoDXT, 120X480)
[2025.12.03-14.02.58:303][442]LogFactory: FactoryCreateFile: Texture with ReimportTextureFactory (0 0 E:\Areat\Nova pasta (3)\Skeleton_Seeker\skeleton_seeker_death.png)
[2025.12.03-14.02.58:305][442]LogTexture: Display: Building textures: skeleton_seeker_death (OODLE_AutoDXT, 120X600)
[2025.12.03-14.02.58:317][442]LogFactory: FactoryCreateFile: Texture with ReimportTextureFactory (0 0 E:\Areat\Nova pasta (3)\Skeleton_Seeker\skeleton_seeker_idle.png)
[2025.12.03-14.02.58:321][442]LogTexture: Display: Building textures: skeleton_seeker_idle (OODLE_AutoDXT, 120X720)
[2025.12.03-14.02.58:334][442]LogFactory: FactoryCreateFile: Texture with ReimportTextureFactory (0 0 E:\Areat\Nova pasta (3)\Skeleton_Seeker\skeleton_seeker_spawn.png)
[2025.12.03-14.02.58:338][442]LogTexture: Display: Building textures: skeleton_seeker_spawn (OODLE_AutoDXT, 120X1320)
[2025.12.03-14.02.58:339][442]LogTextureFormatOodle: Display: non-RDO encode 120 x 1320 x 1 to format OODLE_AutoDXT (Oodle OodleTex_BC3) lambda=0 effort=20 
[2025.12.03-14.02.58:354][442]LogFactory: FactoryCreateFile: Texture with ReimportTextureFactory (0 0 E:\Areat\Nova pasta (3)\Skeleton_Seeker\skeleton_seeker_walk.png)
[2025.12.03-14.02.58:356][442]LogTexture: Display: Building textures: skeleton_seeker_walk (OODLE_AutoDXT, 120X720)
[2025.12.03-14.02.58:369][442]LogFactory: FactoryCreateFile: Texture with ReimportTextureFactory (0 0 E:\Areat\Nova pasta (3)\Skeleton_Seeker\skeleton_skeleton_attack.png)
[2025.12.03-14.02.58:373][442]LogTexture: Display: Building textures: skeleton_skeleton_attack (OODLE_AutoDXT, 120X1200)
[2025.12.03-14.02.58:373][442]LogTextureFormatOodle: Display: non-RDO encode 120 x 1200 x 1 to format OODLE_AutoDXT (Oodle OodleTex_BC3) lambda=0 effort=20 
[2025.12.03-14.03.06:652][964]LogTexture: Display: Building textures: skeleton_seeker_damage (BGRA8, 120X480)
[2025.12.03-14.03.06:653][964]LogTexture: Display: Building textures: skeleton_seeker_death (BGRA8, 120X600)
[2025.12.03-14.03.06:655][964]LogTexture: Display: Building textures: skeleton_seeker_idle (BGRA8, 120X720)
[2025.12.03-14.03.06:659][964]LogTexture: Display: Building textures: skeleton_seeker_spawn (BGRA8, 120X1320)
[2025.12.03-14.03.06:665][964]LogTexture: Display: Building textures: skeleton_seeker_walk (BGRA8, 120X720)
[2025.12.03-14.03.06:669][964]LogTexture: Display: Building textures: skeleton_skeleton_attack (BGRA8, 120X1200)
[2025.12.03-14.03.08:259][141]LogSavePackage: Moving 'E:/Unreal/Fumec_DevGames/Saved/skeleton_skeleton_attack47D456C54FC79B72BBC53F8D03CBDC49.tmp' to 'E:/Unreal/Fumec_DevGames/Content/Inimigos/InimigosProntos/EsqueletoGrande/skeleton_skeleton_attack.uasset'
[2025.12.03-14.03.08:267][141]LogSavePackage: Moving 'E:/Unreal/Fumec_DevGames/Saved/skeleton_seeker_walk6C42115D48B7E7C2F8E1AC899C24AE82.tmp' to 'E:/Unreal/Fumec_DevGames/Content/Inimigos/InimigosProntos/EsqueletoGrande/skeleton_seeker_walk.uasset'
[2025.12.03-14.03.08:276][141]LogSavePackage: Moving 'E:/Unreal/Fumec_DevGames/Saved/skeleton_seeker_spawn6E6FD92540F4BE7642EE9DBF4032AE7C.tmp' to 'E:/Unreal/Fumec_DevGames/Content/Inimigos/InimigosProntos/EsqueletoGrande/skeleton_seeker_spawn.uasset'
[2025.12.03-14.03.08:283][141]LogSavePackage: Moving 'E:/Unreal/Fumec_DevGames/Saved/skeleton_seeker_idleFAC07E1142EB5894FF3AD7B1980B26D5.tmp' to 'E:/Unreal/Fumec_DevGames/Content/Inimigos/InimigosProntos/EsqueletoGrande/skeleton_seeker_idle.uasset'
[2025.12.03-14.03.08:290][141]LogSavePackage: Moving 'E:/Unreal/Fumec_DevGames/Saved/skeleton_seeker_deathE5262EA6468CB8C3C2FA90B2129EA512.tmp' to 'E:/Unreal/Fumec_DevGames/Content/Inimigos/InimigosProntos/EsqueletoGrande/skeleton_seeker_death.uasset'
[2025.12.03-14.03.08:296][141]LogSavePackage: Moving 'E:/Unreal/Fumec_DevGames/Saved/skeleton_seeker_damage6ED216AC499400164D5C969886D864B2.tmp' to 'E:/Unreal/Fumec_DevGames/Content/Inimigos/InimigosProntos/EsqueletoGrande/skeleton_seeker_damage.uasset'
[2025.12.03-14.03.08:317][141]AssetCheck: New page: Asset Save: multiple assets
[2025.12.03-14.03.08:317][141]LogContentValidation: Display: Validating Texture2D /Game/Inimigos/InimigosProntos/EsqueletoGrande/skeleton_skeleton_attack.skeleton_skeleton_attack
[2025.12.03-14.03.08:317][141]LogContentValidation: Display: Validating Texture2D /Game/Inimigos/InimigosProntos/EsqueletoGrande/skeleton_seeker_walk.skeleton_seeker_walk
[2025.12.03-14.03.08:317][141]LogContentValidation: Display: Validating Texture2D /Game/Inimigos/InimigosProntos/EsqueletoGrande/skeleton_seeker_spawn.skeleton_seeker_spawn
[2025.12.03-14.03.08:318][141]LogContentValidation: Display: Validating Texture2D /Game/Inimigos/InimigosProntos/EsqueletoGrande/skeleton_seeker_idle.skeleton_seeker_idle
[2025.12.03-14.03.08:318][141]LogContentValidation: Display: Validating Texture2D /Game/Inimigos/InimigosProntos/EsqueletoGrande/skeleton_seeker_death.skeleton_seeker_death
[2025.12.03-14.03.08:318][141]LogContentValidation: Display: Validating Texture2D /Game/Inimigos/InimigosProntos/EsqueletoGrande/skeleton_seeker_damage.skeleton_seeker_damage
[2025.12.03-14.03.11:445][442]LogContentBrowser: Deferred new asset folder creation: NewFolder
[2025.12.03-14.03.11:459][442]LogContentBrowser: Creating deferred item: NewFolder
[2025.12.03-14.03.14:354][783]LogContentBrowser: Attempting asset rename: NewFolder -> Hit
[2025.12.03-14.03.14:354][783]LogContentBrowser: End creating deferred item NewFolder
[2025.12.03-14.03.17:524][115]LogSavePackage: Moving 'E:/Unreal/Fumec_DevGames/Saved/skeleton_seeker_damageC462A8A940ACF6809693B39E2F4A5BE7.tmp' to 'E:/Unreal/Fumec_DevGames/Content/Inimigos/InimigosProntos/EsqueletoGrande/Hit/skeleton_seeker_damage.uasset'
[2025.12.03-14.03.17:639][115]LogUObjectHash: Compacting FUObjectHashTables data took   4.12ms
[2025.12.03-14.03.17:686][115]LogUObjectHash: Compacting FUObjectHashTables data took   2.45ms
[2025.12.03-14.03.17:719][115]LogUObjectHash: Compacting FUObjectHashTables data took   0.82ms
[2025.12.03-14.03.17:767][115]AssetCheck: New page: Asset Save: skeleton_seeker_damage
[2025.12.03-14.03.17:767][115]LogContentValidation: Display: Validating Texture2D /Game/Inimigos/InimigosProntos/EsqueletoGrande/Hit/skeleton_seeker_damage.skeleton_seeker_damage
[2025.12.03-14.03.21:481][498]LogUObjectHash: Compacting FUObjectHashTables data took   2.62ms
[2025.12.03-14.03.22:749][498]LogSlate: Window 'Delete Assets' being destroyed
[2025.12.03-14.03.22:890][498]LogUObjectHash: Compacting FUObjectHashTables data took   2.92ms
[2025.12.03-14.03.22:934][498]LogUObjectHash: Compacting FUObjectHashTables data took   2.50ms
[2025.12.03-14.03.22:969][498]LogUObjectHash: Compacting FUObjectHashTables data took   0.80ms
[2025.12.03-14.03.51:646][871]LogContentBrowser: Deferred new asset folder creation: NewFolder
[2025.12.03-14.03.51:681][871]LogContentBrowser: Creating deferred item: NewFolder
[2025.12.03-14.03.54:007][149]LogContentBrowser: Attempting asset rename: NewFolder -> Death
[2025.12.03-14.03.54:008][149]LogContentBrowser: End creating deferred item NewFolder
[2025.12.03-14.03.56:940][460]LogSavePackage: Moving 'E:/Unreal/Fumec_DevGames/Saved/skeleton_seeker_death41F7817D4D2C4C7621478AA2A33F8AD1.tmp' to 'E:/Unreal/Fumec_DevGames/Content/Inimigos/InimigosProntos/EsqueletoGrande/Death/skeleton_seeker_death.uasset'
[2025.12.03-14.03.57:052][460]LogUObjectHash: Compacting FUObjectHashTables data took   3.56ms
[2025.12.03-14.03.57:095][460]LogUObjectHash: Compacting FUObjectHashTables data took   2.60ms
[2025.12.03-14.03.57:126][460]LogUObjectHash: Compacting FUObjectHashTables data took   0.81ms
[2025.12.03-14.03.57:171][460]AssetCheck: New page: Asset Save: skeleton_seeker_death
[2025.12.03-14.03.57:171][460]LogContentValidation: Display: Validating Texture2D /Game/Inimigos/InimigosProntos/EsqueletoGrande/Death/skeleton_seeker_death.skeleton_seeker_death
[2025.12.03-14.04.00:334][786]LogContentBrowser: Deferred new asset folder creation: NewFolder
[2025.12.03-14.04.00:349][786]LogContentBrowser: Creating deferred item: NewFolder
[2025.12.03-14.04.01:912][973]LogContentBrowser: Attempting asset rename: NewFolder -> Idle
[2025.12.03-14.04.01:912][973]LogContentBrowser: End creating deferred item NewFolder
[2025.12.03-14.04.05:093][305]LogSavePackage: Moving 'E:/Unreal/Fumec_DevGames/Saved/skeleton_seeker_idle738F99F2471A078F1BCC6CB7A3B9DE64.tmp' to 'E:/Unreal/Fumec_DevGames/Content/Inimigos/InimigosProntos/EsqueletoGrande/Idle/skeleton_seeker_idle.uasset'
[2025.12.03-14.04.05:206][305]LogUObjectHash: Compacting FUObjectHashTables data took   3.25ms
[2025.12.03-14.04.05:250][305]LogUObjectHash: Compacting FUObjectHashTables data took   2.25ms
[2025.12.03-14.04.05:280][305]LogUObjectHash: Compacting FUObjectHashTables data took   0.71ms
[2025.12.03-14.04.05:322][305]AssetCheck: New page: Asset Save: skeleton_seeker_idle
[2025.12.03-14.04.05:322][305]LogContentValidation: Display: Validating Texture2D /Game/Inimigos/InimigosProntos/EsqueletoGrande/Idle/skeleton_seeker_idle.skeleton_seeker_idle
[2025.12.03-14.04.07:658][527]LogContentBrowser: Deferred new asset folder creation: NewFolder
[2025.12.03-14.04.07:686][527]LogContentBrowser: Creating deferred item: NewFolder
[2025.12.03-14.04.11:002][921]LogContentBrowser: Attempting asset rename: NewFolder -> Walk
[2025.12.03-14.04.11:002][921]LogContentBrowser: End creating deferred item NewFolder
[2025.12.03-14.04.13:844][215]LogSavePackage: Moving 'E:/Unreal/Fumec_DevGames/Saved/skeleton_seeker_walk229BBC9943809EE0B54AC09C28B06CF6.tmp' to 'E:/Unreal/Fumec_DevGames/Content/Inimigos/InimigosProntos/EsqueletoGrande/Walk/skeleton_seeker_walk.uasset'
[2025.12.03-14.04.13:957][215]LogUObjectHash: Compacting FUObjectHashTables data took   3.19ms
[2025.12.03-14.04.14:000][215]LogUObjectHash: Compacting FUObjectHashTables data took   2.56ms
[2025.12.03-14.04.14:032][215]LogUObjectHash: Compacting FUObjectHashTables data took   0.80ms
[2025.12.03-14.04.14:073][215]AssetCheck: New page: Asset Save: skeleton_seeker_walk
[2025.12.03-14.04.14:073][215]LogContentValidation: Display: Validating Texture2D /Game/Inimigos/InimigosProntos/EsqueletoGrande/Walk/skeleton_seeker_walk.skeleton_seeker_walk
[2025.12.03-14.04.16:400][457]LogContentBrowser: Deferred new asset folder creation: NewFolder
[2025.12.03-14.04.16:421][457]LogContentBrowser: Creating deferred item: NewFolder
[2025.12.03-14.04.18:924][757]LogContentBrowser: Attempting asset rename: NewFolder -> Attack
[2025.12.03-14.04.18:925][757]LogContentBrowser: End creating deferred item NewFolder
[2025.12.03-14.04.22:030][ 92]LogSavePackage: Moving 'E:/Unreal/Fumec_DevGames/Saved/skeleton_skeleton_attack51FE16BB47F4F9DFA02E91977CC28799.tmp' to 'E:/Unreal/Fumec_DevGames/Content/Inimigos/InimigosProntos/EsqueletoGrande/Attack/skeleton_skeleton_attack.uasset'
[2025.12.03-14.04.22:143][ 92]LogUObjectHash: Compacting FUObjectHashTables data took   3.42ms
[2025.12.03-14.04.22:184][ 92]LogUObjectHash: Compacting FUObjectHashTables data took   2.41ms
[2025.12.03-14.04.22:215][ 92]LogUObjectHash: Compacting FUObjectHashTables data took   0.71ms
[2025.12.03-14.04.22:258][ 92]AssetCheck: New page: Asset Save: skeleton_skeleton_attack
[2025.12.03-14.04.22:258][ 92]LogContentValidation: Display: Validating Texture2D /Game/Inimigos/InimigosProntos/EsqueletoGrande/Attack/skeleton_skeleton_attack.skeleton_skeleton_attack
[2025.12.03-14.07.11:455][ 96]LogSlate: Window 'Extract sprites' being destroyed
[2025.12.03-14.07.15:272][500]LogSlate: Warning: Ignoring SetUserFocus because it's not an active modal Window (user 0 not set to SAssetView [SContentBrowser.cpp(749)].
[2025.12.03-14.07.15:273][500]LogContentBrowser: Deferred new asset file creation: skeleton_skeleton_attack1
[2025.12.03-14.07.15:292][500]LogContentBrowser: Creating deferred item: skeleton_skeleton_attack1
[2025.12.03-14.07.30:527][304]LogContentBrowser: Attempting asset rename: skeleton_skeleton_attack1 -> AttackEsqueleto
[2025.12.03-14.07.30:527][304]LogContentBrowser: End creating deferred item skeleton_skeleton_attack1
[2025.12.03-14.07.31:521][417]LogSavePackage: Moving 'E:/Unreal/Fumec_DevGames/Saved/AttackEsqueletoDE573D794DF9AB3840BBA18A04BC8186.tmp' to 'E:/Unreal/Fumec_DevGames/Content/Inimigos/InimigosProntos/EsqueletoGrande/Attack/AttackEsqueleto.uasset'
[2025.12.03-14.07.31:530][417]LogSavePackage: Moving 'E:/Unreal/Fumec_DevGames/Saved/skeleton_skeleton_attack_Sprite_2815441F40792C648E7914BA887D67BA.tmp' to 'E:/Unreal/Fumec_DevGames/Content/Inimigos/InimigosProntos/EsqueletoGrande/Attack/skeleton_skeleton_attack_Sprite_9.uasset'
[2025.12.03-14.07.31:539][417]LogSavePackage: Moving 'E:/Unreal/Fumec_DevGames/Saved/skeleton_skeleton_attack_Sprite_5C2438074BE39188363289BE1D597EA8.tmp' to 'E:/Unreal/Fumec_DevGames/Content/Inimigos/InimigosProntos/EsqueletoGrande/Attack/skeleton_skeleton_attack_Sprite_8.uasset'
[2025.12.03-14.07.31:549][417]LogSavePackage: Moving 'E:/Unreal/Fumec_DevGames/Saved/skeleton_skeleton_attack_Sprite_7421C8354731DDDC12FF7391180AF420.tmp' to 'E:/Unreal/Fumec_DevGames/Content/Inimigos/InimigosProntos/EsqueletoGrande/Attack/skeleton_skeleton_attack_Sprite_7.uasset'
[2025.12.03-14.07.31:630][417]LogSavePackage: Moving 'E:/Unreal/Fumec_DevGames/Saved/skeleton_skeleton_attack_Sprite_EED5B6D74037E8989B5CE8BAB05044CD.tmp' to 'E:/Unreal/Fumec_DevGames/Content/Inimigos/InimigosProntos/EsqueletoGrande/Attack/skeleton_skeleton_attack_Sprite_6.uasset'
[2025.12.03-14.07.31:639][417]LogSavePackage: Moving 'E:/Unreal/Fumec_DevGames/Saved/skeleton_skeleton_attack_Sprite_73789F734AA6BFF8B0F7C89EE97F1165.tmp' to 'E:/Unreal/Fumec_DevGames/Content/Inimigos/InimigosProntos/EsqueletoGrande/Attack/skeleton_skeleton_attack_Sprite_5.uasset'
[2025.12.03-14.07.31:648][417]LogSavePackage: Moving 'E:/Unreal/Fumec_DevGames/Saved/skeleton_skeleton_attack_Sprite_C327CCA841279B100B41FEA8EA47CC05.tmp' to 'E:/Unreal/Fumec_DevGames/Content/Inimigos/InimigosProntos/EsqueletoGrande/Attack/skeleton_skeleton_attack_Sprite_4.uasset'
[2025.12.03-14.07.31:658][417]LogSavePackage: Moving 'E:/Unreal/Fumec_DevGames/Saved/skeleton_skeleton_attack_Sprite_7FDA8A79416D96B23ABF14B3A5217BA8.tmp' to 'E:/Unreal/Fumec_DevGames/Content/Inimigos/InimigosProntos/EsqueletoGrande/Attack/skeleton_skeleton_attack_Sprite_3.uasset'
[2025.12.03-14.07.31:668][417]LogSavePackage: Moving 'E:/Unreal/Fumec_DevGames/Saved/skeleton_skeleton_attack_Sprite_CDFFADA64AD013E62BBD1B93FED86DA6.tmp' to 'E:/Unreal/Fumec_DevGames/Content/Inimigos/InimigosProntos/EsqueletoGrande/Attack/skeleton_skeleton_attack_Sprite_2.uasset'
[2025.12.03-14.07.31:678][417]LogSavePackage: Moving 'E:/Unreal/Fumec_DevGames/Saved/skeleton_skeleton_attack_Sprite_DECBDEC1414586762B87C1BD93ED9142.tmp' to 'E:/Unreal/Fumec_DevGames/Content/Inimigos/InimigosProntos/EsqueletoGrande/Attack/skeleton_skeleton_attack_Sprite_1.uasset'
[2025.12.03-14.07.31:686][417]LogSavePackage: Moving 'E:/Unreal/Fumec_DevGames/Saved/skeleton_skeleton_attack_Sprite_04EB193648801214586967A5C0C5A87E.tmp' to 'E:/Unreal/Fumec_DevGames/Content/Inimigos/InimigosProntos/EsqueletoGrande/Attack/skeleton_skeleton_attack_Sprite_0.uasset'
[2025.12.03-14.07.31:706][417]AssetCheck: New page: Asset Save: multiple assets
[2025.12.03-14.07.31:706][417]LogContentValidation: Display: Validating PaperFlipbook /Game/Inimigos/InimigosProntos/EsqueletoGrande/Attack/AttackEsqueleto.AttackEsqueleto
[2025.12.03-14.07.31:706][417]LogContentValidation: Display: Validating PaperSprite /Game/Inimigos/InimigosProntos/EsqueletoGrande/Attack/skeleton_skeleton_attack_Sprite_9.skeleton_skeleton_attack_Sprite_9
[2025.12.03-14.07.31:706][417]LogContentValidation: Display: Validating PaperSprite /Game/Inimigos/InimigosProntos/EsqueletoGrande/Attack/skeleton_skeleton_attack_Sprite_8.skeleton_skeleton_attack_Sprite_8
[2025.12.03-14.07.31:706][417]LogContentValidation: Display: Validating PaperSprite /Game/Inimigos/InimigosProntos/EsqueletoGrande/Attack/skeleton_skeleton_attack_Sprite_7.skeleton_skeleton_attack_Sprite_7
[2025.12.03-14.07.31:706][417]LogContentValidation: Display: Validating PaperSprite /Game/Inimigos/InimigosProntos/EsqueletoGrande/Attack/skeleton_skeleton_attack_Sprite_6.skeleton_skeleton_attack_Sprite_6
[2025.12.03-14.07.31:706][417]LogContentValidation: Display: Validating PaperSprite /Game/Inimigos/InimigosProntos/EsqueletoGrande/Attack/skeleton_skeleton_attack_Sprite_5.skeleton_skeleton_attack_Sprite_5
[2025.12.03-14.07.31:706][417]LogContentValidation: Display: Validating PaperSprite /Game/Inimigos/InimigosProntos/EsqueletoGrande/Attack/skeleton_skeleton_attack_Sprite_4.skeleton_skeleton_attack_Sprite_4
[2025.12.03-14.07.31:706][417]LogContentValidation: Display: Validating PaperSprite /Game/Inimigos/InimigosProntos/EsqueletoGrande/Attack/skeleton_skeleton_attack_Sprite_3.skeleton_skeleton_attack_Sprite_3
[2025.12.03-14.07.31:706][417]LogContentValidation: Display: Validating PaperSprite /Game/Inimigos/InimigosProntos/EsqueletoGrande/Attack/skeleton_skeleton_attack_Sprite_2.skeleton_skeleton_attack_Sprite_2
[2025.12.03-14.07.31:706][417]LogContentValidation: Display: Validating PaperSprite /Game/Inimigos/InimigosProntos/EsqueletoGrande/Attack/skeleton_skeleton_attack_Sprite_1.skeleton_skeleton_attack_Sprite_1
[2025.12.03-14.07.31:706][417]LogContentValidation: Display: Validating PaperSprite /Game/Inimigos/InimigosProntos/EsqueletoGrande/Attack/skeleton_skeleton_attack_Sprite_0.skeleton_skeleton_attack_Sprite_0
[2025.12.03-14.07.32:480][502]LogAssetEditorSubsystem: Opening Asset editor for PaperFlipbook /Game/Inimigos/InimigosProntos/EsqueletoGrande/Attack/AttackEsqueleto.AttackEsqueleto
[2025.12.03-14.07.43:593][808]LogSavePackage: Moving 'E:/Unreal/Fumec_DevGames/Saved/AttackEsqueleto7C10ED004FF890CCB05846A191C40F4E.tmp' to 'E:/Unreal/Fumec_DevGames/Content/Inimigos/InimigosProntos/EsqueletoGrande/Attack/AttackEsqueleto.uasset'
[2025.12.03-14.07.43:618][808]AssetCheck: New page: Asset Save: AttackEsqueleto
[2025.12.03-14.07.43:618][808]LogContentValidation: Display: Validating PaperFlipbook /Game/Inimigos/InimigosProntos/EsqueletoGrande/Attack/AttackEsqueleto.AttackEsqueleto
[2025.12.03-14.07.46:827][168]LogWorld: UWorld::CleanupWorld for World_10, bSessionEnded=true, bCleanupResources=true
[2025.12.03-14.07.46:827][168]LogSlate: InvalidateAllWidgets triggered.  All widgets were invalidated
[2025.12.03-14.07.48:153][321]LogWorld: UWorld::CleanupWorld for World_11, bSessionEnded=true, bCleanupResources=true
[2025.12.03-14.07.48:153][321]LogSlate: InvalidateAllWidgets triggered.  All widgets were invalidated
[2025.12.03-14.07.48:669][378]LogWorld: UWorld::CleanupWorld for World_12, bSessionEnded=true, bCleanupResources=true
[2025.12.03-14.07.48:669][378]LogSlate: InvalidateAllWidgets triggered.  All widgets were invalidated
[2025.12.03-14.08.01:756][754]LogSlate: Window 'Extract sprites' being destroyed
[2025.12.03-14.08.02:848][878]LogSavePackage: Moving 'E:/Unreal/Fumec_DevGames/Saved/skeleton_seeker_death_Sprite_41072329442AFFF860E0EF39053321433.tmp' to 'E:/Unreal/Fumec_DevGames/Content/Inimigos/InimigosProntos/EsqueletoGrande/Death/skeleton_seeker_death_Sprite_4.uasset'
[2025.12.03-14.08.02:858][878]LogSavePackage: Moving 'E:/Unreal/Fumec_DevGames/Saved/skeleton_seeker_death_Sprite_3AEEE787347599A7972F30CA935D70DF8.tmp' to 'E:/Unreal/Fumec_DevGames/Content/Inimigos/InimigosProntos/EsqueletoGrande/Death/skeleton_seeker_death_Sprite_3.uasset'
[2025.12.03-14.08.02:867][878]LogSavePackage: Moving 'E:/Unreal/Fumec_DevGames/Saved/skeleton_seeker_death_Sprite_2004ED2C74F60CA9F4424A2A5014167BD.tmp' to 'E:/Unreal/Fumec_DevGames/Content/Inimigos/InimigosProntos/EsqueletoGrande/Death/skeleton_seeker_death_Sprite_2.uasset'
[2025.12.03-14.08.02:876][878]LogSavePackage: Moving 'E:/Unreal/Fumec_DevGames/Saved/skeleton_seeker_death_Sprite_118F78C0A4F48B637E9C47E8C1EF911DF.tmp' to 'E:/Unreal/Fumec_DevGames/Content/Inimigos/InimigosProntos/EsqueletoGrande/Death/skeleton_seeker_death_Sprite_1.uasset'
[2025.12.03-14.08.02:885][878]LogSavePackage: Moving 'E:/Unreal/Fumec_DevGames/Saved/skeleton_seeker_death_Sprite_0BEBEE7BA4A56C1F6161E35B9BC451711.tmp' to 'E:/Unreal/Fumec_DevGames/Content/Inimigos/InimigosProntos/EsqueletoGrande/Death/skeleton_seeker_death_Sprite_0.uasset'
[2025.12.03-14.08.02:905][878]AssetCheck: New page: Asset Save: multiple assets
[2025.12.03-14.08.02:905][878]LogContentValidation: Display: Validating PaperSprite /Game/Inimigos/InimigosProntos/EsqueletoGrande/Death/skeleton_seeker_death_Sprite_4.skeleton_seeker_death_Sprite_4
[2025.12.03-14.08.02:905][878]LogContentValidation: Display: Validating PaperSprite /Game/Inimigos/InimigosProntos/EsqueletoGrande/Death/skeleton_seeker_death_Sprite_3.skeleton_seeker_death_Sprite_3
[2025.12.03-14.08.02:905][878]LogContentValidation: Display: Validating PaperSprite /Game/Inimigos/InimigosProntos/EsqueletoGrande/Death/skeleton_seeker_death_Sprite_2.skeleton_seeker_death_Sprite_2
[2025.12.03-14.08.02:905][878]LogContentValidation: Display: Validating PaperSprite /Game/Inimigos/InimigosProntos/EsqueletoGrande/Death/skeleton_seeker_death_Sprite_1.skeleton_seeker_death_Sprite_1
[2025.12.03-14.08.02:905][878]LogContentValidation: Display: Validating PaperSprite /Game/Inimigos/InimigosProntos/EsqueletoGrande/Death/skeleton_seeker_death_Sprite_0.skeleton_seeker_death_Sprite_0
[2025.12.03-14.08.33:067][294]LogSlate: Warning: Ignoring SetUserFocus because it's not an active modal Window (user 0 not set to SAssetView [SContentBrowser.cpp(749)].
[2025.12.03-14.08.33:069][294]LogContentBrowser: Deferred new asset file creation: skeleton_seeker_death1
[2025.12.03-14.08.33:088][294]LogContentBrowser: Creating deferred item: skeleton_seeker_death1
[2025.12.03-14.08.45:291][756]LogContentBrowser: Attempting asset rename: skeleton_seeker_death1 -> SkeletonDeath
[2025.12.03-14.08.45:292][756]LogContentBrowser: End creating deferred item skeleton_seeker_death1
[2025.12.03-14.08.46:815][931]LogSavePackage: Moving 'E:/Unreal/Fumec_DevGames/Saved/SkeletonDeath1A04180D4D389155A8C211B48999CB00.tmp' to 'E:/Unreal/Fumec_DevGames/Content/Inimigos/InimigosProntos/EsqueletoGrande/Death/SkeletonDeath.uasset'
[2025.12.03-14.08.46:835][931]AssetCheck: New page: Asset Save: SkeletonDeath
[2025.12.03-14.08.46:835][931]LogContentValidation: Display: Validating PaperFlipbook /Game/Inimigos/InimigosProntos/EsqueletoGrande/Death/SkeletonDeath.SkeletonDeath
[2025.12.03-14.08.48:224][ 88]LogAssetEditorSubsystem: Opening Asset editor for PaperFlipbook /Game/Inimigos/InimigosProntos/EsqueletoGrande/Death/SkeletonDeath.SkeletonDeath
[2025.12.03-14.09.08:624][489]LogUObjectHash: Compacting FUObjectHashTables data took   3.47ms
[2025.12.03-14.09.08:659][489]LogSavePackage: Moving 'E:/Unreal/Fumec_DevGames/Saved/SkeletonDeath7C91287F48EF3C8A7E3DA496522FCDC4.tmp' to 'E:/Unreal/Fumec_DevGames/Content/Inimigos/InimigosProntos/EsqueletoGrande/Death/SkeletonDeath.uasset'
[2025.12.03-14.09.08:677][489]AssetCheck: New page: Asset Save: SkeletonDeath
[2025.12.03-14.09.08:677][489]LogContentValidation: Display: Validating PaperFlipbook /Game/Inimigos/InimigosProntos/EsqueletoGrande/Death/SkeletonDeath.SkeletonDeath
[2025.12.03-14.09.28:146][548]LogSlate: Window 'Extract sprites' being destroyed
[2025.12.03-14.09.29:473][702]Cmd: OBJ SAVEPACKAGE PACKAGE="/Game/Mapas/Menu/MainMenu" FILE="E:/Unreal/Fumec_DevGames/Content/Mapas/Menu/MainMenu.umap" SILENT=true AUTOSAVING=false KEEPDIRTY=false
[2025.12.03-14.09.29:510][702]LogUObjectHash: Compacting FUObjectHashTables data took   4.65ms
[2025.12.03-14.09.29:521][702]LogSavePackage: Moving 'E:/Unreal/Fumec_DevGames/Saved/MainMenu9683A1BF4058D63F3AB14EAA23121148.tmp' to 'E:/Unreal/Fumec_DevGames/Content/Mapas/Menu/MainMenu.umap'
[2025.12.03-14.09.29:555][702]AssetCheck: New page: Asset Save: MainMenu
[2025.12.03-14.09.29:555][702]LogContentValidation: Display: Validating World /Game/Mapas/Menu/MainMenu.MainMenu
[2025.12.03-14.09.33:674][132]LogSlate: Warning: Ignoring SetUserFocus because it's not an active modal Window (user 0 not set to SAssetView [SContentBrowser.cpp(749)].
[2025.12.03-14.09.33:674][132]LogContentBrowser: Deferred new asset file creation: skeleton_seeker_damage1
[2025.12.03-14.09.33:700][132]LogContentBrowser: Creating deferred item: skeleton_seeker_damage1
[2025.12.03-14.09.42:424][175]LogContentBrowser: Attempting asset rename: skeleton_seeker_damage1 -> HitEsqueleto
[2025.12.03-14.09.42:425][175]LogContentBrowser: End creating deferred item skeleton_seeker_damage1
[2025.12.03-14.09.43:302][276]LogSavePackage: Moving 'E:/Unreal/Fumec_DevGames/Saved/HitEsqueleto8263810F4CEE46F94D4F54983AAF188E.tmp' to 'E:/Unreal/Fumec_DevGames/Content/Inimigos/InimigosProntos/EsqueletoGrande/Hit/HitEsqueleto.uasset'
[2025.12.03-14.09.43:323][276]AssetCheck: New page: Asset Save: HitEsqueleto
[2025.12.03-14.09.43:323][276]LogContentValidation: Display: Validating PaperFlipbook /Game/Inimigos/InimigosProntos/EsqueletoGrande/Hit/HitEsqueleto.HitEsqueleto
[2025.12.03-14.09.44:410][387]LogAssetEditorSubsystem: Opening Asset editor for PaperFlipbook /Game/Inimigos/InimigosProntos/EsqueletoGrande/Hit/HitEsqueleto.HitEsqueleto
[2025.12.03-14.09.49:440][911]LogSavePackage: Moving 'E:/Unreal/Fumec_DevGames/Saved/HitEsqueletoFCAEE49D4E8307D45429F2B297AF8B17.tmp' to 'E:/Unreal/Fumec_DevGames/Content/Inimigos/InimigosProntos/EsqueletoGrande/Hit/HitEsqueleto.uasset'
[2025.12.03-14.09.49:463][911]AssetCheck: New page: Asset Save: HitEsqueleto
[2025.12.03-14.09.49:463][911]LogContentValidation: Display: Validating PaperFlipbook /Game/Inimigos/InimigosProntos/EsqueletoGrande/Hit/HitEsqueleto.HitEsqueleto
[2025.12.03-14.10.04:762][517]LogSlate: Window 'Extract sprites' being destroyed
[2025.12.03-14.10.09:319][983]LogSlate: Warning: Ignoring SetUserFocus because it's not an active modal Window (user 0 not set to SAssetView [SContentBrowser.cpp(749)].
[2025.12.03-14.10.09:319][983]LogContentBrowser: Deferred new asset file creation: skeleton_seeker_idle1
[2025.12.03-14.10.09:340][983]LogContentBrowser: Creating deferred item: skeleton_seeker_idle1
[2025.12.03-14.10.13:767][510]LogContentBrowser: Attempting asset rename: skeleton_seeker_idle1 -> IdleEsqueleto
[2025.12.03-14.10.13:767][510]LogContentBrowser: End creating deferred item skeleton_seeker_idle1
[2025.12.03-14.10.14:779][628]LogSavePackage: Moving 'E:/Unreal/Fumec_DevGames/Saved/IdleEsqueletoED1D124740C252CC7407E9BE448F9DE0.tmp' to 'E:/Unreal/Fumec_DevGames/Content/Inimigos/InimigosProntos/EsqueletoGrande/Idle/IdleEsqueleto.uasset'
[2025.12.03-14.10.14:797][628]AssetCheck: New page: Asset Save: IdleEsqueleto
[2025.12.03-14.10.14:797][628]LogContentValidation: Display: Validating PaperFlipbook /Game/Inimigos/InimigosProntos/EsqueletoGrande/Idle/IdleEsqueleto.IdleEsqueleto
[2025.12.03-14.10.15:825][742]LogAssetEditorSubsystem: Opening Asset editor for PaperFlipbook /Game/Inimigos/InimigosProntos/EsqueletoGrande/Idle/IdleEsqueleto.IdleEsqueleto
[2025.12.03-14.10.20:252][213]LogSavePackage: Moving 'E:/Unreal/Fumec_DevGames/Saved/IdleEsqueleto5EC19F9841E951D5BA9A5D8870C0DAF9.tmp' to 'E:/Unreal/Fumec_DevGames/Content/Inimigos/InimigosProntos/EsqueletoGrande/Idle/IdleEsqueleto.uasset'
[2025.12.03-14.10.20:271][213]AssetCheck: New page: Asset Save: IdleEsqueleto
[2025.12.03-14.10.20:271][213]LogContentValidation: Display: Validating PaperFlipbook /Game/Inimigos/InimigosProntos/EsqueletoGrande/Idle/IdleEsqueleto.IdleEsqueleto
[2025.12.03-14.11.28:745][197]LogSlate: Window 'Extract sprites' being destroyed
[2025.12.03-14.11.32:234][557]LogSlate: Warning: Ignoring SetUserFocus because it's not an active modal Window (user 0 not set to SAssetView [SContentBrowser.cpp(749)].
[2025.12.03-14.11.32:235][557]LogContentBrowser: Deferred new asset file creation: skeleton_seeker_walk1
[2025.12.03-14.11.32:254][557]LogContentBrowser: Creating deferred item: skeleton_seeker_walk1
[2025.12.03-14.11.40:016][480]LogContentBrowser: Attempting asset rename: skeleton_seeker_walk1 -> EsqueletoWalk
[2025.12.03-14.11.40:016][480]LogContentBrowser: End creating deferred item skeleton_seeker_walk1
[2025.12.03-14.11.42:347][754]LogSavePackage: Moving 'E:/Unreal/Fumec_DevGames/Saved/EsqueletoWalk8559AA534A71EC0AE4BB8C9D024AA43C.tmp' to 'E:/Unreal/Fumec_DevGames/Content/Inimigos/InimigosProntos/EsqueletoGrande/Walk/EsqueletoWalk.uasset'
[2025.12.03-14.11.42:357][754]LogSavePackage: Moving 'E:/Unreal/Fumec_DevGames/Saved/skeleton_seeker_walk_Sprite_5862CFA44484637837D7464A7EC5105A4.tmp' to 'E:/Unreal/Fumec_DevGames/Content/Inimigos/InimigosProntos/EsqueletoGrande/Walk/skeleton_seeker_walk_Sprite_5.uasset'
[2025.12.03-14.11.42:370][754]LogSavePackage: Moving 'E:/Unreal/Fumec_DevGames/Saved/skeleton_seeker_walk_Sprite_4290020DF4410BC8357ED29957BA302D1.tmp' to 'E:/Unreal/Fumec_DevGames/Content/Inimigos/InimigosProntos/EsqueletoGrande/Walk/skeleton_seeker_walk_Sprite_4.uasset'
[2025.12.03-14.11.42:380][754]LogSavePackage: Moving 'E:/Unreal/Fumec_DevGames/Saved/skeleton_seeker_walk_Sprite_3C2D8E93B4550CD38E0F5FA9F7395DDD5.tmp' to 'E:/Unreal/Fumec_DevGames/Content/Inimigos/InimigosProntos/EsqueletoGrande/Walk/skeleton_seeker_walk_Sprite_3.uasset'
[2025.12.03-14.11.42:389][754]LogSavePackage: Moving 'E:/Unreal/Fumec_DevGames/Saved/skeleton_seeker_walk_Sprite_253CFA6A942DE069BB5E9098AB7ED392C.tmp' to 'E:/Unreal/Fumec_DevGames/Content/Inimigos/InimigosProntos/EsqueletoGrande/Walk/skeleton_seeker_walk_Sprite_2.uasset'
[2025.12.03-14.11.42:403][754]LogSavePackage: Moving 'E:/Unreal/Fumec_DevGames/Saved/skeleton_seeker_walk_Sprite_16CF198C04A3D114A05A390BF5E30ABCB.tmp' to 'E:/Unreal/Fumec_DevGames/Content/Inimigos/InimigosProntos/EsqueletoGrande/Walk/skeleton_seeker_walk_Sprite_1.uasset'
[2025.12.03-14.11.42:414][754]LogSavePackage: Moving 'E:/Unreal/Fumec_DevGames/Saved/skeleton_seeker_walk_Sprite_0C131C9534C1C3212CAA303AD4D097F43.tmp' to 'E:/Unreal/Fumec_DevGames/Content/Inimigos/InimigosProntos/EsqueletoGrande/Walk/skeleton_seeker_walk_Sprite_0.uasset'
[2025.12.03-14.11.42:433][754]AssetCheck: New page: Asset Save: multiple assets
[2025.12.03-14.11.42:433][754]LogContentValidation: Display: Validating PaperFlipbook /Game/Inimigos/InimigosProntos/EsqueletoGrande/Walk/EsqueletoWalk.EsqueletoWalk
[2025.12.03-14.11.42:434][754]LogContentValidation: Display: Validating PaperSprite /Game/Inimigos/InimigosProntos/EsqueletoGrande/Walk/skeleton_seeker_walk_Sprite_5.skeleton_seeker_walk_Sprite_5
[2025.12.03-14.11.42:434][754]LogContentValidation: Display: Validating PaperSprite /Game/Inimigos/InimigosProntos/EsqueletoGrande/Walk/skeleton_seeker_walk_Sprite_4.skeleton_seeker_walk_Sprite_4
[2025.12.03-14.11.42:434][754]LogContentValidation: Display: Validating PaperSprite /Game/Inimigos/InimigosProntos/EsqueletoGrande/Walk/skeleton_seeker_walk_Sprite_3.skeleton_seeker_walk_Sprite_3
[2025.12.03-14.11.42:434][754]LogContentValidation: Display: Validating PaperSprite /Game/Inimigos/InimigosProntos/EsqueletoGrande/Walk/skeleton_seeker_walk_Sprite_2.skeleton_seeker_walk_Sprite_2
[2025.12.03-14.11.42:434][754]LogContentValidation: Display: Validating PaperSprite /Game/Inimigos/InimigosProntos/EsqueletoGrande/Walk/skeleton_seeker_walk_Sprite_1.skeleton_seeker_walk_Sprite_1
[2025.12.03-14.11.42:434][754]LogContentValidation: Display: Validating PaperSprite /Game/Inimigos/InimigosProntos/EsqueletoGrande/Walk/skeleton_seeker_walk_Sprite_0.skeleton_seeker_walk_Sprite_0
[2025.12.03-14.11.42:772][790]LogAssetEditorSubsystem: Opening Asset editor for PaperFlipbook /Game/Inimigos/InimigosProntos/EsqueletoGrande/Walk/EsqueletoWalk.EsqueletoWalk
[2025.12.03-14.11.47:751][351]LogSavePackage: Moving 'E:/Unreal/Fumec_DevGames/Saved/EsqueletoWalk0C1545604AAF373A4DA5DEB48AB67028.tmp' to 'E:/Unreal/Fumec_DevGames/Content/Inimigos/InimigosProntos/EsqueletoGrande/Walk/EsqueletoWalk.uasset'
[2025.12.03-14.11.47:769][351]AssetCheck: New page: Asset Save: EsqueletoWalk
[2025.12.03-14.11.47:769][351]LogContentValidation: Display: Validating PaperFlipbook /Game/Inimigos/InimigosProntos/EsqueletoGrande/Walk/EsqueletoWalk.EsqueletoWalk
[2025.12.03-14.11.49:454][546]LogUObjectHash: Compacting FUObjectHashTables data took   3.15ms
[2025.12.03-14.11.49:501][546]LogSavePackage: Moving 'E:/Unreal/Fumec_DevGames/Saved/skeleton_seeker_damage_Sprite_0999B5F0B48EA93C64F27D0A91176B920.tmp' to 'E:/Unreal/Fumec_DevGames/Content/Inimigos/InimigosProntos/EsqueletoGrande/Hit/skeleton_seeker_damage_Sprite_0.uasset'
[2025.12.03-14.11.49:511][546]LogSavePackage: Moving 'E:/Unreal/Fumec_DevGames/Saved/skeleton_seeker_damage_Sprite_1E7B4E75D453C6118D38E84AF908DA748.tmp' to 'E:/Unreal/Fumec_DevGames/Content/Inimigos/InimigosProntos/EsqueletoGrande/Hit/skeleton_seeker_damage_Sprite_1.uasset'
[2025.12.03-14.11.49:520][546]LogSavePackage: Moving 'E:/Unreal/Fumec_DevGames/Saved/skeleton_seeker_damage_Sprite_2BF30609B4E27C0E386DB12B73C23F39A.tmp' to 'E:/Unreal/Fumec_DevGames/Content/Inimigos/InimigosProntos/EsqueletoGrande/Hit/skeleton_seeker_damage_Sprite_2.uasset'
[2025.12.03-14.11.49:539][546]LogSavePackage: Moving 'E:/Unreal/Fumec_DevGames/Saved/skeleton_seeker_damage_Sprite_356DAA25548DA170AE9A097A3ACCD5ECF.tmp' to 'E:/Unreal/Fumec_DevGames/Content/Inimigos/InimigosProntos/EsqueletoGrande/Hit/skeleton_seeker_damage_Sprite_3.uasset'
[2025.12.03-14.11.49:548][546]LogSavePackage: Moving 'E:/Unreal/Fumec_DevGames/Saved/skeleton_seeker_idle_Sprite_0ADE1A9A64FA35E2B52F2BC8E3C3FD4BF.tmp' to 'E:/Unreal/Fumec_DevGames/Content/Inimigos/InimigosProntos/EsqueletoGrande/Idle/skeleton_seeker_idle_Sprite_0.uasset'
[2025.12.03-14.11.49:557][546]LogSavePackage: Moving 'E:/Unreal/Fumec_DevGames/Saved/skeleton_seeker_idle_Sprite_1749A77844F3D2E3BBA2A0C9AFA088791.tmp' to 'E:/Unreal/Fumec_DevGames/Content/Inimigos/InimigosProntos/EsqueletoGrande/Idle/skeleton_seeker_idle_Sprite_1.uasset'
[2025.12.03-14.11.49:567][546]LogSavePackage: Moving 'E:/Unreal/Fumec_DevGames/Saved/skeleton_seeker_idle_Sprite_240456ADC4AF6F98AFB355280C41B9513.tmp' to 'E:/Unreal/Fumec_DevGames/Content/Inimigos/InimigosProntos/EsqueletoGrande/Idle/skeleton_seeker_idle_Sprite_2.uasset'
[2025.12.03-14.11.49:598][546]LogSavePackage: Moving 'E:/Unreal/Fumec_DevGames/Saved/skeleton_seeker_idle_Sprite_32B99371D4E6451EF96C546B0EE7C41E4.tmp' to 'E:/Unreal/Fumec_DevGames/Content/Inimigos/InimigosProntos/EsqueletoGrande/Idle/skeleton_seeker_idle_Sprite_3.uasset'
[2025.12.03-14.11.49:608][546]LogSavePackage: Moving 'E:/Unreal/Fumec_DevGames/Saved/skeleton_seeker_idle_Sprite_4D5D1C0D34ED594A16C20F8ABC83B66F1.tmp' to 'E:/Unreal/Fumec_DevGames/Content/Inimigos/InimigosProntos/EsqueletoGrande/Idle/skeleton_seeker_idle_Sprite_4.uasset'
[2025.12.03-14.11.49:617][546]LogSavePackage: Moving 'E:/Unreal/Fumec_DevGames/Saved/skeleton_seeker_idle_Sprite_52CF5A15B41044AC8B781B581F2BF6C9F.tmp' to 'E:/Unreal/Fumec_DevGames/Content/Inimigos/InimigosProntos/EsqueletoGrande/Idle/skeleton_seeker_idle_Sprite_5.uasset'
[2025.12.03-14.11.49:638][546]AssetCheck: New page: Asset Save: multiple assets
[2025.12.03-14.11.49:638][546]LogContentValidation: Display: Validating PaperSprite /Game/Inimigos/InimigosProntos/EsqueletoGrande/Idle/skeleton_seeker_idle_Sprite_5.skeleton_seeker_idle_Sprite_5
[2025.12.03-14.11.49:638][546]LogContentValidation: Display: Validating PaperSprite /Game/Inimigos/InimigosProntos/EsqueletoGrande/Idle/skeleton_seeker_idle_Sprite_4.skeleton_seeker_idle_Sprite_4
[2025.12.03-14.11.49:638][546]LogContentValidation: Display: Validating PaperSprite /Game/Inimigos/InimigosProntos/EsqueletoGrande/Idle/skeleton_seeker_idle_Sprite_3.skeleton_seeker_idle_Sprite_3
[2025.12.03-14.11.49:639][546]LogContentValidation: Display: Validating PaperSprite /Game/Inimigos/InimigosProntos/EsqueletoGrande/Idle/skeleton_seeker_idle_Sprite_2.skeleton_seeker_idle_Sprite_2
[2025.12.03-14.11.49:639][546]LogContentValidation: Display: Validating PaperSprite /Game/Inimigos/InimigosProntos/EsqueletoGrande/Idle/skeleton_seeker_idle_Sprite_1.skeleton_seeker_idle_Sprite_1
[2025.12.03-14.11.49:639][546]LogContentValidation: Display: Validating PaperSprite /Game/Inimigos/InimigosProntos/EsqueletoGrande/Idle/skeleton_seeker_idle_Sprite_0.skeleton_seeker_idle_Sprite_0
[2025.12.03-14.11.49:639][546]LogContentValidation: Display: Validating PaperSprite /Game/Inimigos/InimigosProntos/EsqueletoGrande/Hit/skeleton_seeker_damage_Sprite_3.skeleton_seeker_damage_Sprite_3
[2025.12.03-14.11.49:639][546]LogContentValidation: Display: Validating PaperSprite /Game/Inimigos/InimigosProntos/EsqueletoGrande/Hit/skeleton_seeker_damage_Sprite_2.skeleton_seeker_damage_Sprite_2
[2025.12.03-14.11.49:639][546]LogContentValidation: Display: Validating PaperSprite /Game/Inimigos/InimigosProntos/EsqueletoGrande/Hit/skeleton_seeker_damage_Sprite_1.skeleton_seeker_damage_Sprite_1
[2025.12.03-14.11.49:639][546]LogContentValidation: Display: Validating PaperSprite /Game/Inimigos/InimigosProntos/EsqueletoGrande/Hit/skeleton_seeker_damage_Sprite_0.skeleton_seeker_damage_Sprite_0
[2025.12.03-14.11.50:858][688]LogWorld: UWorld::CleanupWorld for World_13, bSessionEnded=true, bCleanupResources=true
[2025.12.03-14.11.50:858][688]LogSlate: InvalidateAllWidgets triggered.  All widgets were invalidated
[2025.12.03-14.11.52:192][842]LogWorld: UWorld::CleanupWorld for World_14, bSessionEnded=true, bCleanupResources=true
[2025.12.03-14.11.52:192][842]LogSlate: InvalidateAllWidgets triggered.  All widgets were invalidated
[2025.12.03-14.11.53:500][993]LogWorld: UWorld::CleanupWorld for World_15, bSessionEnded=true, bCleanupResources=true
[2025.12.03-14.11.53:500][993]LogSlate: InvalidateAllWidgets triggered.  All widgets were invalidated
[2025.12.03-14.11.55:758][259]LogWorld: UWorld::CleanupWorld for World_16, bSessionEnded=true, bCleanupResources=true
[2025.12.03-14.11.55:758][259]LogSlate: InvalidateAllWidgets triggered.  All widgets were invalidated
[2025.12.03-14.11.56:217][311]LogWorld: UWorld::CleanupWorld for World_17, bSessionEnded=true, bCleanupResources=true
[2025.12.03-14.11.56:217][311]LogSlate: InvalidateAllWidgets triggered.  All widgets were invalidated
[2025.12.03-14.12.03:532][136]LogContentBrowser: Deferred new asset file creation: InimigoBaseBP_Child
[2025.12.03-14.12.03:579][136]LogContentBrowser: Creating deferred item: InimigoBaseBP_Child
[2025.12.03-14.12.13:090][271]LogContentBrowser: Attempting asset rename: InimigoBaseBP_Child -> EisQueLeto
[2025.12.03-14.12.13:116][271]Cmd: OBJ SAVEPACKAGE PACKAGE="/Game/Inimigos/EisQueLeto" FILE="E:/Unreal/Fumec_DevGames/Content/Inimigos/EisQueLeto.uasset" SILENT=true
[2025.12.03-14.12.13:120][271]LogSavePackage: Moving 'E:/Unreal/Fumec_DevGames/Saved/EisQueLeto373FB2F347D599B79F5472879AC9512A.tmp' to 'E:/Unreal/Fumec_DevGames/Content/Inimigos/EisQueLeto.uasset'
[2025.12.03-14.12.13:130][271]LogContentBrowser: End creating deferred item InimigoBaseBP_Child
[2025.12.03-14.12.13:138][271]AssetCheck: New page: Asset Save: EisQueLeto
[2025.12.03-14.12.13:138][271]LogContentValidation: Display: Validating Blueprint /Game/Inimigos/EisQueLeto.EisQueLeto
[2025.12.03-14.12.14:383][417]Cmd: OBJ SAVEPACKAGE PACKAGE="/Game/Inimigos/EisQueLeto" FILE="E:/Unreal/Fumec_DevGames/Content/Inimigos/EisQueLeto.uasset" SILENT=true
[2025.12.03-14.12.14:389][417]LogSavePackage: Moving 'E:/Unreal/Fumec_DevGames/Saved/EisQueLeto453F0F9A489144A981F0A597D4C14BF7.tmp' to 'E:/Unreal/Fumec_DevGames/Content/Inimigos/EisQueLeto.uasset'
[2025.12.03-14.12.14:406][417]AssetCheck: New page: Asset Save: EisQueLeto
[2025.12.03-14.12.14:406][417]LogContentValidation: Display: Validating Blueprint /Game/Inimigos/EisQueLeto.EisQueLeto
[2025.12.03-14.12.20:266][ 63]LogMetaData: Removing '/Game/Inimigos/InimigosProntos/EsqueletoGrande/EisQueLeto.EisQueLeto:UserConstructionScript.K2Node_FunctionEntry_0' ref from Metadata '/Game/Inimigos/EisQueLeto.PackageMetaData'
[2025.12.03-14.12.20:267][ 63]LogMetaData: Removing '/Game/Inimigos/InimigosProntos/EsqueletoGrande/EisQueLeto.SKEL_EisQueLeto_C:UserConstructionScript' ref from Metadata '/Game/Inimigos/EisQueLeto.PackageMetaData'
[2025.12.03-14.12.20:267][ 63]LogMetaData: Removing '/Game/Inimigos/InimigosProntos/EsqueletoGrande/EisQueLeto.SKEL_EisQueLeto_C' ref from Metadata '/Game/Inimigos/EisQueLeto.PackageMetaData'
[2025.12.03-14.12.20:267][ 63]LogMetaData: Removing '/Game/Inimigos/InimigosProntos/EsqueletoGrande/EisQueLeto.EisQueLeto_C' ref from Metadata '/Game/Inimigos/EisQueLeto.PackageMetaData'
[2025.12.03-14.12.20:267][ 63]LogMetaData: Removing '/Game/Inimigos/InimigosProntos/EsqueletoGrande/EisQueLeto.EisQueLeto:EventGraph.K2Node_Event_0' ref from Metadata '/Game/Inimigos/EisQueLeto.PackageMetaData'
[2025.12.03-14.12.20:267][ 63]LogMetaData: Removing '/Game/Inimigos/InimigosProntos/EsqueletoGrande/EisQueLeto.EisQueLeto:EventGraph.K2Node_CallParentFunction_0' ref from Metadata '/Game/Inimigos/EisQueLeto.PackageMetaData'
[2025.12.03-14.12.20:267][ 63]LogMetaData: Removing '/Game/Inimigos/InimigosProntos/EsqueletoGrande/EisQueLeto.EisQueLeto:EventGraph.K2Node_Event_1' ref from Metadata '/Game/Inimigos/EisQueLeto.PackageMetaData'
[2025.12.03-14.12.20:267][ 63]LogMetaData: Removing '/Game/Inimigos/InimigosProntos/EsqueletoGrande/EisQueLeto.EisQueLeto:EventGraph.K2Node_Event_2' ref from Metadata '/Game/Inimigos/EisQueLeto.PackageMetaData'
[2025.12.03-14.12.20:267][ 63]LogMetaData: Removing '/Game/Inimigos/InimigosProntos/EsqueletoGrande/EisQueLeto.EisQueLeto:EventGraph.K2Node_CallParentFunction_1' ref from Metadata '/Game/Inimigos/EisQueLeto.PackageMetaData'
[2025.12.03-14.12.20:302][ 63]Cmd: OBJ SAVEPACKAGE PACKAGE="/Game/Inimigos/InimigosProntos/EsqueletoGrande/EisQueLeto" FILE="E:/Unreal/Fumec_DevGames/Content/Inimigos/InimigosProntos/EsqueletoGrande/EisQueLeto.uasset" SILENT=true
[2025.12.03-14.12.20:308][ 63]LogSavePackage: Moving 'E:/Unreal/Fumec_DevGames/Saved/EisQueLeto9765E4BA44015C4C9471D9A0474E4A31.tmp' to 'E:/Unreal/Fumec_DevGames/Content/Inimigos/InimigosProntos/EsqueletoGrande/EisQueLeto.uasset'
[2025.12.03-14.12.20:412][ 63]LogUObjectHash: Compacting FUObjectHashTables data took   3.28ms
[2025.12.03-14.12.20:460][ 63]LogUObjectHash: Compacting FUObjectHashTables data took   3.31ms
[2025.12.03-14.12.20:495][ 63]LogUObjectHash: Compacting FUObjectHashTables data took   0.71ms
[2025.12.03-14.12.20:536][ 63]AssetCheck: New page: Asset Save: EisQueLeto
[2025.12.03-14.12.20:536][ 63]LogContentValidation: Display: Validating Blueprint /Game/Inimigos/InimigosProntos/EsqueletoGrande/EisQueLeto.EisQueLeto
[2025.12.03-14.12.41:920][693]LogFactory: FactoryCreateFile: Texture with ReimportTextureFactory (0 0 E:\Areat\Nova pasta (3)\Character_sheet.png)
[2025.12.03-14.12.41:934][693]LogTexture: Display: Building textures: Character_sheet (OODLE_AutoDXT, 1000X1000)
[2025.12.03-14.12.47:776][173]LogTexture: Display: Building textures: Character_sheet (BGRA8, 1000X1000)
[2025.12.03-14.13.20:400][203]LogSlate: Window 'Extract sprites' being destroyed
[2025.12.03-14.13.37:178][159]LogContentBrowser: Deferred new asset folder creation: NewFolder
[2025.12.03-14.13.37:197][159]LogContentBrowser: Creating deferred item: NewFolder
[2025.12.03-14.13.38:652][246]LogContentBrowser: Attempting asset rename: NewFolder -> Idle
[2025.12.03-14.13.38:653][246]LogContentBrowser: End creating deferred item NewFolder
[2025.12.03-14.13.46:645][709]LogSavePackage: Moving 'E:/Unreal/Fumec_DevGames/Saved/Character_sheet_Sprite_01129C0AD4CEF48F71500A693C6C5E0FD.tmp' to 'E:/Unreal/Fumec_DevGames/Content/Inimigos/InimigosProntos/Golem/Idle/Character_sheet_Sprite_0.uasset'
[2025.12.03-14.13.46:656][709]LogSavePackage: Moving 'E:/Unreal/Fumec_DevGames/Saved/Character_sheet_Sprite_1F06AE52949D45E2C81DA73AB0513C468.tmp' to 'E:/Unreal/Fumec_DevGames/Content/Inimigos/InimigosProntos/Golem/Idle/Character_sheet_Sprite_1.uasset'
[2025.12.03-14.13.46:665][709]LogSavePackage: Moving 'E:/Unreal/Fumec_DevGames/Saved/Character_sheet_Sprite_2F6A4B8EA42A7AE57E205D88D724DC92E.tmp' to 'E:/Unreal/Fumec_DevGames/Content/Inimigos/InimigosProntos/Golem/Idle/Character_sheet_Sprite_2.uasset'
[2025.12.03-14.13.46:675][709]LogSavePackage: Moving 'E:/Unreal/Fumec_DevGames/Saved/Character_sheet_Sprite_345ED597047B64F30DB4A28BFB9122F31.tmp' to 'E:/Unreal/Fumec_DevGames/Content/Inimigos/InimigosProntos/Golem/Idle/Character_sheet_Sprite_3.uasset'
[2025.12.03-14.13.46:836][709]LogUObjectHash: Compacting FUObjectHashTables data took   4.28ms
[2025.12.03-14.13.46:875][709]LogUObjectHash: Compacting FUObjectHashTables data took   0.72ms
[2025.12.03-14.13.46:910][709]LogUObjectHash: Compacting FUObjectHashTables data took   0.80ms
[2025.12.03-14.13.46:943][709]LogUObjectHash: Compacting FUObjectHashTables data took   0.72ms
[2025.12.03-14.13.46:985][709]LogUObjectHash: Compacting FUObjectHashTables data took   2.45ms
[2025.12.03-14.13.47:020][709]LogUObjectHash: Compacting FUObjectHashTables data took   0.72ms
[2025.12.03-14.13.47:062][709]AssetCheck: New page: Asset Save: multiple assets
[2025.12.03-14.13.47:063][709]LogContentValidation: Display: Validating PaperSprite /Game/Inimigos/InimigosProntos/Golem/Idle/Character_sheet_Sprite_3.Character_sheet_Sprite_3
[2025.12.03-14.13.47:063][709]LogContentValidation: Display: Validating PaperSprite /Game/Inimigos/InimigosProntos/Golem/Idle/Character_sheet_Sprite_2.Character_sheet_Sprite_2
[2025.12.03-14.13.47:063][709]LogContentValidation: Display: Validating PaperSprite /Game/Inimigos/InimigosProntos/Golem/Idle/Character_sheet_Sprite_1.Character_sheet_Sprite_1
[2025.12.03-14.13.47:063][709]LogContentValidation: Display: Validating PaperSprite /Game/Inimigos/InimigosProntos/Golem/Idle/Character_sheet_Sprite_0.Character_sheet_Sprite_0
[2025.12.03-14.13.59:722][451]LogSlate: Warning: Ignoring SetUserFocus because it's not an active modal Window (user 0 not set to SAssetView [SContentBrowser.cpp(749)].
[2025.12.03-14.13.59:723][451]LogContentBrowser: Deferred new asset file creation: Character_sheet
[2025.12.03-14.13.59:744][451]LogContentBrowser: Creating deferred item: Character_sheet
[2025.12.03-14.14.00:415][492]LogContentBrowser: Attempting asset rename: Character_sheet -> Character_sheet
[2025.12.03-14.14.00:415][492]LogContentBrowser: End creating deferred item Character_sheet
[2025.12.03-14.14.00:939][519]LogAssetEditorSubsystem: Opening Asset editor for PaperFlipbook /Game/Inimigos/InimigosProntos/Golem/Idle/Character_sheet.Character_sheet
[2025.12.03-14.14.11:476][116]LogContentBrowser: Deferred new asset folder creation: NewFolder
[2025.12.03-14.14.11:495][116]LogContentBrowser: Creating deferred item: NewFolder
[2025.12.03-14.14.13:856][257]LogContentBrowser: Attempting asset rename: NewFolder -> Idle2
[2025.12.03-14.14.13:856][257]LogContentBrowser: End creating deferred item NewFolder
[2025.12.03-14.14.18:926][546]LogSavePackage: Moving 'E:/Unreal/Fumec_DevGames/Saved/Character_sheet_Sprite_108BC8F1FD4D0D09D30F9464B9CC8BFBA6.tmp' to 'E:/Unreal/Fumec_DevGames/Content/Inimigos/InimigosProntos/Golem/Idle2/Character_sheet_Sprite_10.uasset'
[2025.12.03-14.14.18:938][546]LogSavePackage: Moving 'E:/Unreal/Fumec_DevGames/Saved/Character_sheet_Sprite_11BAF89D2F49286D82EB061DBB1DD9BED4.tmp' to 'E:/Unreal/Fumec_DevGames/Content/Inimigos/InimigosProntos/Golem/Idle2/Character_sheet_Sprite_11.uasset'
[2025.12.03-14.14.18:948][546]LogSavePackage: Moving 'E:/Unreal/Fumec_DevGames/Saved/Character_sheet_Sprite_12CD4E638A4E97DD704BBE3D9D98CACD84.tmp' to 'E:/Unreal/Fumec_DevGames/Content/Inimigos/InimigosProntos/Golem/Idle2/Character_sheet_Sprite_12.uasset'
[2025.12.03-14.14.18:960][546]LogSavePackage: Moving 'E:/Unreal/Fumec_DevGames/Saved/Character_sheet_Sprite_13FAE53DEC49EF72507C24559CAFBCAE4A.tmp' to 'E:/Unreal/Fumec_DevGames/Content/Inimigos/InimigosProntos/Golem/Idle2/Character_sheet_Sprite_13.uasset'
[2025.12.03-14.14.18:970][546]LogSavePackage: Moving 'E:/Unreal/Fumec_DevGames/Saved/Character_sheet_Sprite_14620C6C254E429945D3BF24A92C7055EE.tmp' to 'E:/Unreal/Fumec_DevGames/Content/Inimigos/InimigosProntos/Golem/Idle2/Character_sheet_Sprite_14.uasset'
[2025.12.03-14.14.18:981][546]LogSavePackage: Moving 'E:/Unreal/Fumec_DevGames/Saved/Character_sheet_Sprite_15CBF372A24DD8F415E8CF78AD19D94B9D.tmp' to 'E:/Unreal/Fumec_DevGames/Content/Inimigos/InimigosProntos/Golem/Idle2/Character_sheet_Sprite_15.uasset'
[2025.12.03-14.14.18:990][546]LogSavePackage: Moving 'E:/Unreal/Fumec_DevGames/Saved/Character_sheet_Sprite_16B85631D244831F4F74BC4C89A1283607.tmp' to 'E:/Unreal/Fumec_DevGames/Content/Inimigos/InimigosProntos/Golem/Idle2/Character_sheet_Sprite_16.uasset'
[2025.12.03-14.14.19:000][546]LogSavePackage: Moving 'E:/Unreal/Fumec_DevGames/Saved/Character_sheet_Sprite_176F22CED24C56A451624DA991E6C93945.tmp' to 'E:/Unreal/Fumec_DevGames/Content/Inimigos/InimigosProntos/Golem/Idle2/Character_sheet_Sprite_17.uasset'
[2025.12.03-14.14.19:196][546]LogUObjectHash: Compacting FUObjectHashTables data took   3.20ms
[2025.12.03-14.14.19:232][546]LogUObjectHash: Compacting FUObjectHashTables data took   0.82ms
[2025.12.03-14.14.19:267][546]LogUObjectHash: Compacting FUObjectHashTables data took   0.72ms
[2025.12.03-14.14.19:301][546]LogUObjectHash: Compacting FUObjectHashTables data took   0.72ms
[2025.12.03-14.14.19:336][546]LogUObjectHash: Compacting FUObjectHashTables data took   0.72ms
[2025.12.03-14.14.19:370][546]LogUObjectHash: Compacting FUObjectHashTables data took   0.71ms
[2025.12.03-14.14.19:405][546]LogUObjectHash: Compacting FUObjectHashTables data took   0.81ms
[2025.12.03-14.14.19:440][546]LogUObjectHash: Compacting FUObjectHashTables data took   0.74ms
[2025.12.03-14.14.19:484][546]LogUObjectHash: Compacting FUObjectHashTables data took   2.53ms
[2025.12.03-14.14.19:518][546]LogUObjectHash: Compacting FUObjectHashTables data took   0.72ms
[2025.12.03-14.14.19:560][546]AssetCheck: New page: Asset Save: multiple assets
[2025.12.03-14.14.19:561][546]LogContentValidation: Display: Validating PaperSprite /Game/Inimigos/InimigosProntos/Golem/Idle2/Character_sheet_Sprite_17.Character_sheet_Sprite_17
[2025.12.03-14.14.19:561][546]LogContentValidation: Display: Validating PaperSprite /Game/Inimigos/InimigosProntos/Golem/Idle2/Character_sheet_Sprite_16.Character_sheet_Sprite_16
[2025.12.03-14.14.19:561][546]LogContentValidation: Display: Validating PaperSprite /Game/Inimigos/InimigosProntos/Golem/Idle2/Character_sheet_Sprite_15.Character_sheet_Sprite_15
[2025.12.03-14.14.19:561][546]LogContentValidation: Display: Validating PaperSprite /Game/Inimigos/InimigosProntos/Golem/Idle2/Character_sheet_Sprite_14.Character_sheet_Sprite_14
[2025.12.03-14.14.19:561][546]LogContentValidation: Display: Validating PaperSprite /Game/Inimigos/InimigosProntos/Golem/Idle2/Character_sheet_Sprite_13.Character_sheet_Sprite_13
[2025.12.03-14.14.19:561][546]LogContentValidation: Display: Validating PaperSprite /Game/Inimigos/InimigosProntos/Golem/Idle2/Character_sheet_Sprite_12.Character_sheet_Sprite_12
[2025.12.03-14.14.19:561][546]LogContentValidation: Display: Validating PaperSprite /Game/Inimigos/InimigosProntos/Golem/Idle2/Character_sheet_Sprite_11.Character_sheet_Sprite_11
[2025.12.03-14.14.19:561][546]LogContentValidation: Display: Validating PaperSprite /Game/Inimigos/InimigosProntos/Golem/Idle2/Character_sheet_Sprite_10.Character_sheet_Sprite_10
[2025.12.03-14.14.23:913][791]LogSlate: Warning: Ignoring SetUserFocus because it's not an active modal Window (user 0 not set to SAssetView [SContentBrowser.cpp(749)].
[2025.12.03-14.14.23:915][791]LogContentBrowser: Deferred new asset file creation: Character_sheet
[2025.12.03-14.14.23:935][791]LogContentBrowser: Creating deferred item: Character_sheet
[2025.12.03-14.14.24:975][854]LogContentBrowser: Attempting asset rename: Character_sheet -> Character_sheet
[2025.12.03-14.14.24:976][854]LogContentBrowser: End creating deferred item Character_sheet
[2025.12.03-14.14.25:181][865]LogAssetEditorSubsystem: Opening Asset editor for PaperFlipbook /Game/Inimigos/InimigosProntos/Golem/Idle2/Character_sheet.Character_sheet
[2025.12.03-14.14.28:715][ 71]LogWorld: UWorld::CleanupWorld for World_19, bSessionEnded=true, bCleanupResources=true
[2025.12.03-14.14.28:715][ 71]LogSlate: InvalidateAllWidgets triggered.  All widgets were invalidated
[2025.12.03-14.14.34:383][394]LogUObjectHash: Compacting FUObjectHashTables data took   3.41ms
[2025.12.03-14.14.35:453][394]LogSlate: Window 'Delete Assets' being destroyed
[2025.12.03-14.14.35:586][394]LogUObjectHash: Compacting FUObjectHashTables data took   4.25ms
[2025.12.03-14.14.35:623][394]LogUObjectHash: Compacting FUObjectHashTables data took   0.82ms
[2025.12.03-14.14.35:656][394]LogUObjectHash: Compacting FUObjectHashTables data took   0.82ms
[2025.12.03-14.14.35:688][394]LogUObjectHash: Compacting FUObjectHashTables data took   0.71ms
[2025.12.03-14.14.35:720][394]LogUObjectHash: Compacting FUObjectHashTables data took   0.74ms
[2025.12.03-14.14.35:756][394]LogUObjectHash: Compacting FUObjectHashTables data took   0.81ms
[2025.12.03-14.14.35:792][394]LogUObjectHash: Compacting FUObjectHashTables data took   0.85ms
[2025.12.03-14.14.35:827][394]LogUObjectHash: Compacting FUObjectHashTables data took   0.81ms
[2025.12.03-14.14.35:869][394]LogUObjectHash: Compacting FUObjectHashTables data took   2.78ms
[2025.12.03-14.14.35:902][394]LogUObjectHash: Compacting FUObjectHashTables data took   0.81ms
[2025.12.03-14.14.41:954][751]LogUObjectHash: Compacting FUObjectHashTables data took   0.70ms
[2025.12.03-14.14.42:986][751]LogSlate: Window 'Delete Assets' being destroyed
[2025.12.03-14.14.43:098][751]LogUObjectHash: Compacting FUObjectHashTables data took   2.51ms
[2025.12.03-14.14.46:257][937]LogUObjectHash: Compacting FUObjectHashTables data took   0.72ms
[2025.12.03-14.14.47:577][937]LogSlate: Window 'Delete Assets' being destroyed
[2025.12.03-14.14.47:679][937]LogUObjectHash: Compacting FUObjectHashTables data took   2.25ms
[2025.12.03-14.15.05:074][971]LogUObjectHash: Compacting FUObjectHashTables data took   0.71ms
[2025.12.03-14.15.06:427][971]LogSlate: Window 'Delete Assets' being destroyed
[2025.12.03-14.15.06:538][971]LogUObjectHash: Compacting FUObjectHashTables data took   3.32ms
[2025.12.03-14.15.09:198][114]LogContentBrowser: Deferred new asset folder creation: NewFolder
[2025.12.03-14.15.09:216][114]LogContentBrowser: Creating deferred item: NewFolder
[2025.12.03-14.15.17:994][640]LogContentBrowser: Attempting asset rename: NewFolder -> Deat
[2025.12.03-14.15.17:995][640]LogContentBrowser: End creating deferred item NewFolder
[2025.12.03-14.15.18:468][667]Cmd: TRANSACTION UNDO
[2025.12.03-14.15.18:468][667]LogEditorTransaction: Undo Edit Frames Per Second
[2025.12.03-14.15.19:911][731]Cmd: TRANSACTION UNDO
[2025.12.03-14.15.19:912][731]LogEditorTransaction: Undo Edit Frames Per Second
[2025.12.03-14.15.30:296][338]LogUObjectHash: Compacting FUObjectHashTables data took   0.73ms
[2025.12.03-14.15.32:022][338]LogSlate: Window 'Delete Assets' being destroyed
[2025.12.03-14.15.32:135][338]LogUObjectHash: Compacting FUObjectHashTables data took   2.35ms
[2025.12.03-14.15.48:057][115]LogSlate: Window 'Extract sprites' being destroyed
[2025.12.03-14.16.00:218][840]LogUObjectHash: Compacting FUObjectHashTables data took   2.91ms
[2025.12.03-14.16.01:166][840]LogSlate: Window 'Delete Assets' being destroyed
[2025.12.03-14.16.02:408][910]LogUObjectHash: Compacting FUObjectHashTables data took   0.94ms
[2025.12.03-14.16.03:607][910]LogSlate: Window 'Delete Assets' being destroyed
[2025.12.03-14.16.03:706][910]LogUObjectHash: Compacting FUObjectHashTables data took   2.47ms
[2025.12.03-14.16.13:055][455]LogContentBrowser: Deferred new asset folder creation: NewFolder
[2025.12.03-14.16.13:091][455]LogContentBrowser: Creating deferred item: NewFolder
[2025.12.03-14.16.19:417][835]LogContentBrowser: Attempting asset rename: NewFolder -> Hit
[2025.12.03-14.16.19:419][835]LogContentBrowser: End creating deferred item NewFolder
[2025.12.03-14.16.33:621][675]LogUObjectHash: Compacting FUObjectHashTables data took   0.81ms
[2025.12.03-14.16.34:500][675]LogSlate: Window 'Delete Assets' being destroyed
[2025.12.03-14.16.34:555][675]LogWorld: UWorld::CleanupWorld for World_18, bSessionEnded=true, bCleanupResources=true
[2025.12.03-14.16.34:555][675]LogSlate: InvalidateAllWidgets triggered.  All widgets were invalidated
[2025.12.03-14.16.34:576][675]LogUObjectGlobals: Force Deleting 5 Package(s):
	Asset Name: /Game/Inimigos/InimigosProntos/Golem/Idle/Character_sheet_Sprite_3.Character_sheet_Sprite_3
	Asset Name: /Game/Inimigos/InimigosProntos/Golem/Idle/Character_sheet_Sprite_2.Character_sheet_Sprite_2
	Asset Name: /Game/Inimigos/InimigosProntos/Golem/Idle/Character_sheet_Sprite_1.Character_sheet_Sprite_1
	Asset Name: /Game/Inimigos/InimigosProntos/Golem/Idle/Character_sheet_Sprite_0.Character_sheet_Sprite_0
	Asset Name: /Game/Inimigos/InimigosProntos/Golem/Idle/Character_sheet.Character_sheet
[2025.12.03-14.16.35:659][675]LogUObjectHash: Compacting FUObjectHashTables data took   4.04ms
[2025.12.03-14.16.35:698][675]LogUObjectHash: Compacting FUObjectHashTables data took   2.57ms
[2025.12.03-14.16.35:732][675]LogUObjectHash: Compacting FUObjectHashTables data took   0.70ms
[2025.12.03-14.16.35:767][675]LogUObjectHash: Compacting FUObjectHashTables data took   0.72ms
[2025.12.03-14.16.35:804][675]LogUObjectHash: Compacting FUObjectHashTables data took   2.97ms
[2025.12.03-14.16.35:840][675]LogUObjectHash: Compacting FUObjectHashTables data took   0.72ms
[2025.12.03-14.16.39:783][905]LogUObjectHash: Compacting FUObjectHashTables data took   0.81ms
[2025.12.03-14.16.42:264][905]LogSlate: Window 'Delete Assets' being destroyed
[2025.12.03-14.16.42:378][905]LogUObjectHash: Compacting FUObjectHashTables data took   2.71ms
[2025.12.03-14.17.00:402][803]LogSlate: Window 'Extract sprites' being destroyed
[2025.12.03-14.17.08:692][275]LogContentBrowser: Deferred new asset folder creation: NewFolder
[2025.12.03-14.17.08:715][275]LogContentBrowser: Creating deferred item: NewFolder
[2025.12.03-14.17.11:442][439]LogContentBrowser: Attempting asset rename: NewFolder -> Idle
[2025.12.03-14.17.11:443][439]LogContentBrowser: End creating deferred item NewFolder
[2025.12.03-14.17.25:142][237]LogSavePackage: Moving 'E:/Unreal/Fumec_DevGames/Saved/Character_sheet_Sprite_078A5709847E63DC03A7DF687877E0E76.tmp' to 'E:/Unreal/Fumec_DevGames/Content/Inimigos/InimigosProntos/Golem/Idle/Character_sheet_Sprite_0.uasset'
[2025.12.03-14.17.25:153][237]LogSavePackage: Moving 'E:/Unreal/Fumec_DevGames/Saved/Character_sheet_Sprite_10DB0BA3D41BD1673370DC286F7E63C72.tmp' to 'E:/Unreal/Fumec_DevGames/Content/Inimigos/InimigosProntos/Golem/Idle/Character_sheet_Sprite_1.uasset'
[2025.12.03-14.17.25:163][237]LogSavePackage: Moving 'E:/Unreal/Fumec_DevGames/Saved/Character_sheet_Sprite_28F74E68B4EFB1E39CF6754969A253504.tmp' to 'E:/Unreal/Fumec_DevGames/Content/Inimigos/InimigosProntos/Golem/Idle/Character_sheet_Sprite_2.uasset'
[2025.12.03-14.17.25:174][237]LogSavePackage: Moving 'E:/Unreal/Fumec_DevGames/Saved/Character_sheet_Sprite_3E45DAB8C48FC8E94145176810E931109.tmp' to 'E:/Unreal/Fumec_DevGames/Content/Inimigos/InimigosProntos/Golem/Idle/Character_sheet_Sprite_3.uasset'
[2025.12.03-14.17.25:316][237]LogUObjectHash: Compacting FUObjectHashTables data took   2.90ms
[2025.12.03-14.17.25:351][237]LogUObjectHash: Compacting FUObjectHashTables data took   0.70ms
[2025.12.03-14.17.25:385][237]LogUObjectHash: Compacting FUObjectHashTables data took   0.70ms
[2025.12.03-14.17.25:420][237]LogUObjectHash: Compacting FUObjectHashTables data took   0.72ms
[2025.12.03-14.17.25:463][237]LogUObjectHash: Compacting FUObjectHashTables data took   2.94ms
[2025.12.03-14.17.25:496][237]LogUObjectHash: Compacting FUObjectHashTables data took   0.70ms
[2025.12.03-14.17.25:543][237]AssetCheck: New page: Asset Save: multiple assets
[2025.12.03-14.17.25:543][237]LogContentValidation: Display: Validating PaperSprite /Game/Inimigos/InimigosProntos/Golem/Idle/Character_sheet_Sprite_3.Character_sheet_Sprite_3
[2025.12.03-14.17.25:543][237]LogContentValidation: Display: Validating PaperSprite /Game/Inimigos/InimigosProntos/Golem/Idle/Character_sheet_Sprite_2.Character_sheet_Sprite_2
[2025.12.03-14.17.25:543][237]LogContentValidation: Display: Validating PaperSprite /Game/Inimigos/InimigosProntos/Golem/Idle/Character_sheet_Sprite_1.Character_sheet_Sprite_1
[2025.12.03-14.17.25:543][237]LogContentValidation: Display: Validating PaperSprite /Game/Inimigos/InimigosProntos/Golem/Idle/Character_sheet_Sprite_0.Character_sheet_Sprite_0
[2025.12.03-14.17.30:484][520]LogContentBrowser: Deferred new asset folder creation: NewFolder
[2025.12.03-14.17.30:505][520]LogContentBrowser: Creating deferred item: NewFolder
[2025.12.03-14.17.32:302][627]LogContentBrowser: Attempting asset rename: NewFolder -> Hit
[2025.12.03-14.17.32:302][627]LogContentBrowser: End creating deferred item NewFolder
[2025.12.03-14.17.39:496][ 44]LogSavePackage: Moving 'E:/Unreal/Fumec_DevGames/Saved/Character_sheet_Sprite_1791138DF64C05EDBBE9E3F4BF7EF6B32C.tmp' to 'E:/Unreal/Fumec_DevGames/Content/Inimigos/InimigosProntos/Golem/Idle/Character_sheet_Sprite_17.uasset'
[2025.12.03-14.17.39:545][ 44]LogSavePackage: Moving 'E:/Unreal/Fumec_DevGames/Saved/Character_sheet_Sprite_10354D3B01452C34CF9DCB15919B3285F4.tmp' to 'E:/Unreal/Fumec_DevGames/Content/Inimigos/InimigosProntos/Golem/Idle/Character_sheet_Sprite_10.uasset'
[2025.12.03-14.17.39:559][ 44]LogSavePackage: Moving 'E:/Unreal/Fumec_DevGames/Saved/Character_sheet_Sprite_11D06C3D2F44E5DC6168008A95C99C5C78.tmp' to 'E:/Unreal/Fumec_DevGames/Content/Inimigos/InimigosProntos/Golem/Idle/Character_sheet_Sprite_11.uasset'
[2025.12.03-14.17.39:569][ 44]LogSavePackage: Moving 'E:/Unreal/Fumec_DevGames/Saved/Character_sheet_Sprite_128B41A9C6444E8DA827FD5389DAD3DF2F.tmp' to 'E:/Unreal/Fumec_DevGames/Content/Inimigos/InimigosProntos/Golem/Idle/Character_sheet_Sprite_12.uasset'
[2025.12.03-14.17.39:579][ 44]LogSavePackage: Moving 'E:/Unreal/Fumec_DevGames/Saved/Character_sheet_Sprite_133F43982445FC37481EA3F08EAFF46896.tmp' to 'E:/Unreal/Fumec_DevGames/Content/Inimigos/InimigosProntos/Golem/Idle/Character_sheet_Sprite_13.uasset'
[2025.12.03-14.17.39:589][ 44]LogSavePackage: Moving 'E:/Unreal/Fumec_DevGames/Saved/Character_sheet_Sprite_1469A41D17422FD229C2E164A1ABFD04A8.tmp' to 'E:/Unreal/Fumec_DevGames/Content/Inimigos/InimigosProntos/Golem/Idle/Character_sheet_Sprite_14.uasset'
[2025.12.03-14.17.39:599][ 44]LogSavePackage: Moving 'E:/Unreal/Fumec_DevGames/Saved/Character_sheet_Sprite_158D0B9CC141EADE25F82039A500A2EC07.tmp' to 'E:/Unreal/Fumec_DevGames/Content/Inimigos/InimigosProntos/Golem/Idle/Character_sheet_Sprite_15.uasset'
[2025.12.03-14.17.39:609][ 44]LogSavePackage: Moving 'E:/Unreal/Fumec_DevGames/Saved/Character_sheet_Sprite_16CB1C36BB47ADE17DAE8C8D8B44BD812D.tmp' to 'E:/Unreal/Fumec_DevGames/Content/Inimigos/InimigosProntos/Golem/Idle/Character_sheet_Sprite_16.uasset'
[2025.12.03-14.17.39:841][ 44]LogUObjectHash: Compacting FUObjectHashTables data took   3.71ms
[2025.12.03-14.17.39:876][ 44]LogUObjectHash: Compacting FUObjectHashTables data took   0.83ms
[2025.12.03-14.17.39:914][ 44]LogUObjectHash: Compacting FUObjectHashTables data took   0.83ms
[2025.12.03-14.17.39:946][ 44]LogUObjectHash: Compacting FUObjectHashTables data took   0.72ms
[2025.12.03-14.17.39:979][ 44]LogUObjectHash: Compacting FUObjectHashTables data took   0.71ms
[2025.12.03-14.17.40:008][ 44]LogUObjectHash: Compacting FUObjectHashTables data took   0.72ms
[2025.12.03-14.17.40:045][ 44]LogUObjectHash: Compacting FUObjectHashTables data took   0.71ms
[2025.12.03-14.17.40:077][ 44]LogUObjectHash: Compacting FUObjectHashTables data took   0.71ms
[2025.12.03-14.17.40:118][ 44]LogUObjectHash: Compacting FUObjectHashTables data took   2.45ms
[2025.12.03-14.17.40:149][ 44]LogUObjectHash: Compacting FUObjectHashTables data took   0.82ms
[2025.12.03-14.17.40:196][ 44]AssetCheck: New page: Asset Save: multiple assets
[2025.12.03-14.17.40:196][ 44]LogContentValidation: Display: Validating PaperSprite /Game/Inimigos/InimigosProntos/Golem/Idle/Character_sheet_Sprite_17.Character_sheet_Sprite_17
[2025.12.03-14.17.40:196][ 44]LogContentValidation: Display: Validating PaperSprite /Game/Inimigos/InimigosProntos/Golem/Idle/Character_sheet_Sprite_15.Character_sheet_Sprite_15
[2025.12.03-14.17.40:196][ 44]LogContentValidation: Display: Validating PaperSprite /Game/Inimigos/InimigosProntos/Golem/Idle/Character_sheet_Sprite_14.Character_sheet_Sprite_14
[2025.12.03-14.17.40:196][ 44]LogContentValidation: Display: Validating PaperSprite /Game/Inimigos/InimigosProntos/Golem/Idle/Character_sheet_Sprite_13.Character_sheet_Sprite_13
[2025.12.03-14.17.40:196][ 44]LogContentValidation: Display: Validating PaperSprite /Game/Inimigos/InimigosProntos/Golem/Idle/Character_sheet_Sprite_16.Character_sheet_Sprite_16
[2025.12.03-14.17.40:196][ 44]LogContentValidation: Display: Validating PaperSprite /Game/Inimigos/InimigosProntos/Golem/Idle/Character_sheet_Sprite_12.Character_sheet_Sprite_12
[2025.12.03-14.17.40:196][ 44]LogContentValidation: Display: Validating PaperSprite /Game/Inimigos/InimigosProntos/Golem/Idle/Character_sheet_Sprite_11.Character_sheet_Sprite_11
[2025.12.03-14.17.40:196][ 44]LogContentValidation: Display: Validating PaperSprite /Game/Inimigos/InimigosProntos/Golem/Idle/Character_sheet_Sprite_10.Character_sheet_Sprite_10
[2025.12.03-14.17.45:014][329]LogUObjectHash: Compacting FUObjectHashTables data took   2.94ms
[2025.12.03-14.17.47:182][329]LogSlate: Window 'Delete Assets' being destroyed
[2025.12.03-14.17.47:281][329]LogUObjectHash: Compacting FUObjectHashTables data took   2.64ms
[2025.12.03-14.17.53:375][675]LogContentBrowser: Deferred new asset folder creation: NewFolder
[2025.12.03-14.17.53:416][675]LogContentBrowser: Creating deferred item: NewFolder
[2025.12.03-14.17.55:484][799]LogContentBrowser: Attempting asset rename: NewFolder -> Attack
[2025.12.03-14.17.55:485][799]LogContentBrowser: End creating deferred item NewFolder
[2025.12.03-14.18.00:522][ 88]LogSavePackage: Moving 'E:/Unreal/Fumec_DevGames/Saved/Character_sheet_Sprite_4044C8AD0240154D39A497B7BF4F076653.tmp' to 'E:/Unreal/Fumec_DevGames/Content/Inimigos/InimigosProntos/Golem/Attack/Character_sheet_Sprite_40.uasset'
[2025.12.03-14.18.00:538][ 88]LogSavePackage: Moving 'E:/Unreal/Fumec_DevGames/Saved/Character_sheet_Sprite_41A6F918C14A2678C53DD5DF918DBE97BA.tmp' to 'E:/Unreal/Fumec_DevGames/Content/Inimigos/InimigosProntos/Golem/Attack/Character_sheet_Sprite_41.uasset'
[2025.12.03-14.18.00:547][ 88]LogSavePackage: Moving 'E:/Unreal/Fumec_DevGames/Saved/Character_sheet_Sprite_42F8E36C9048DE5ADD55740791CB521FD2.tmp' to 'E:/Unreal/Fumec_DevGames/Content/Inimigos/InimigosProntos/Golem/Attack/Character_sheet_Sprite_42.uasset'
[2025.12.03-14.18.00:557][ 88]LogSavePackage: Moving 'E:/Unreal/Fumec_DevGames/Saved/Character_sheet_Sprite_434191AA2348051B5A3BABE2A4777F4E9D.tmp' to 'E:/Unreal/Fumec_DevGames/Content/Inimigos/InimigosProntos/Golem/Attack/Character_sheet_Sprite_43.uasset'
[2025.12.03-14.18.00:567][ 88]LogSavePackage: Moving 'E:/Unreal/Fumec_DevGames/Saved/Character_sheet_Sprite_4410A682424BCC0DA4F32137860E2E44C0.tmp' to 'E:/Unreal/Fumec_DevGames/Content/Inimigos/InimigosProntos/Golem/Attack/Character_sheet_Sprite_44.uasset'
[2025.12.03-14.18.00:578][ 88]LogSavePackage: Moving 'E:/Unreal/Fumec_DevGames/Saved/Character_sheet_Sprite_451859F6754D23D1BF2C46DCB060F7B442.tmp' to 'E:/Unreal/Fumec_DevGames/Content/Inimigos/InimigosProntos/Golem/Attack/Character_sheet_Sprite_45.uasset'
[2025.12.03-14.18.00:587][ 88]LogSavePackage: Moving 'E:/Unreal/Fumec_DevGames/Saved/Character_sheet_Sprite_462D003F9140AE4C191740F8B7F8732FE6.tmp' to 'E:/Unreal/Fumec_DevGames/Content/Inimigos/InimigosProntos/Golem/Attack/Character_sheet_Sprite_46.uasset'
[2025.12.03-14.18.00:796][ 88]LogUObjectHash: Compacting FUObjectHashTables data took   3.43ms
[2025.12.03-14.18.00:831][ 88]LogUObjectHash: Compacting FUObjectHashTables data took   0.82ms
[2025.12.03-14.18.00:865][ 88]LogUObjectHash: Compacting FUObjectHashTables data took   0.80ms
[2025.12.03-14.18.00:898][ 88]LogUObjectHash: Compacting FUObjectHashTables data took   0.81ms
[2025.12.03-14.18.00:932][ 88]LogUObjectHash: Compacting FUObjectHashTables data took   0.72ms
[2025.12.03-14.18.00:967][ 88]LogUObjectHash: Compacting FUObjectHashTables data took   0.71ms
[2025.12.03-14.18.01:005][ 88]LogUObjectHash: Compacting FUObjectHashTables data took   0.81ms
[2025.12.03-14.18.01:042][ 88]LogUObjectHash: Compacting FUObjectHashTables data took   2.19ms
[2025.12.03-14.18.01:076][ 88]LogUObjectHash: Compacting FUObjectHashTables data took   0.71ms
[2025.12.03-14.18.01:117][ 88]AssetCheck: New page: Asset Save: multiple assets
[2025.12.03-14.18.01:118][ 88]LogContentValidation: Display: Validating PaperSprite /Game/Inimigos/InimigosProntos/Golem/Attack/Character_sheet_Sprite_46.Character_sheet_Sprite_46
[2025.12.03-14.18.01:118][ 88]LogContentValidation: Display: Validating PaperSprite /Game/Inimigos/InimigosProntos/Golem/Attack/Character_sheet_Sprite_45.Character_sheet_Sprite_45
[2025.12.03-14.18.01:118][ 88]LogContentValidation: Display: Validating PaperSprite /Game/Inimigos/InimigosProntos/Golem/Attack/Character_sheet_Sprite_44.Character_sheet_Sprite_44
[2025.12.03-14.18.01:118][ 88]LogContentValidation: Display: Validating PaperSprite /Game/Inimigos/InimigosProntos/Golem/Attack/Character_sheet_Sprite_43.Character_sheet_Sprite_43
[2025.12.03-14.18.01:118][ 88]LogContentValidation: Display: Validating PaperSprite /Game/Inimigos/InimigosProntos/Golem/Attack/Character_sheet_Sprite_42.Character_sheet_Sprite_42
[2025.12.03-14.18.01:118][ 88]LogContentValidation: Display: Validating PaperSprite /Game/Inimigos/InimigosProntos/Golem/Attack/Character_sheet_Sprite_40.Character_sheet_Sprite_40
[2025.12.03-14.18.01:118][ 88]LogContentValidation: Display: Validating PaperSprite /Game/Inimigos/InimigosProntos/Golem/Attack/Character_sheet_Sprite_41.Character_sheet_Sprite_41
[2025.12.03-14.18.47:346][853]LogSlate: Warning: Ignoring SetUserFocus because it's not an active modal Window (user 0 not set to SAssetView [SContentBrowser.cpp(749)].
[2025.12.03-14.18.47:346][853]LogContentBrowser: Deferred new asset file creation: Character_sheet1
[2025.12.03-14.18.47:377][853]LogContentBrowser: Creating deferred item: Character_sheet1
[2025.12.03-14.18.48:259][906]LogContentBrowser: Attempting asset rename: Character_sheet1 -> Character_sheet1
[2025.12.03-14.18.48:260][906]LogContentBrowser: End creating deferred item Character_sheet1
[2025.12.03-14.18.48:813][938]LogAssetEditorSubsystem: Opening Asset editor for PaperFlipbook /Game/Inimigos/InimigosProntos/Golem/Character_sheet1.Character_sheet1
[2025.12.03-14.19.15:294][513]LogUObjectHash: Compacting FUObjectHashTables data took   3.81ms
[2025.12.03-14.19.16:625][513]LogSlate: Window 'Delete Assets' being destroyed
[2025.12.03-14.19.16:674][513]LogWorld: UWorld::CleanupWorld for World_20, bSessionEnded=true, bCleanupResources=true
[2025.12.03-14.19.16:675][513]LogSlate: InvalidateAllWidgets triggered.  All widgets were invalidated
[2025.12.03-14.19.16:692][513]LogUObjectGlobals: Force Deleting 1 Package(s):
	Asset Name: /Game/Inimigos/InimigosProntos/Golem/Character_sheet1.Character_sheet1
[2025.12.03-14.19.17:043][513]LogUObjectHash: Compacting FUObjectHashTables data took   3.23ms
[2025.12.03-14.19.32:012][401]LogSlate: Warning: Ignoring SetUserFocus because it's not an active modal Window (user 0 not set to SAssetView [SContentBrowser.cpp(749)].
[2025.12.03-14.19.32:012][401]LogContentBrowser: Deferred new asset file creation: Character_sheet1
[2025.12.03-14.19.32:042][401]LogContentBrowser: Creating deferred item: Character_sheet1
[2025.12.03-14.19.32:979][457]LogContentBrowser: Attempting asset rename: Character_sheet1 -> Character_sheet1
[2025.12.03-14.19.32:980][457]LogContentBrowser: End creating deferred item Character_sheet1
[2025.12.03-14.19.33:945][509]LogAssetEditorSubsystem: Opening Asset editor for PaperFlipbook /Game/Inimigos/InimigosProntos/Golem/Character_sheet1.Character_sheet1
[2025.12.03-14.19.45:435][189]LogWorld: UWorld::CleanupWorld for World_21, bSessionEnded=true, bCleanupResources=true
[2025.12.03-14.19.45:435][189]LogSlate: InvalidateAllWidgets triggered.  All widgets were invalidated
[2025.12.03-14.19.46:025][222]LogScript: Warning: Script Msg: Attempted to access index 0 from array 'ArrayInicial' of length 0 in '/Game/Mapas/MapaPowerUp/SelecaoPowerUps.SelecaoPowerUps_C'!
[2025.12.03-14.19.46:025][222]LogScript: Warning: Script Msg: Attempted to remove an item from an invalid index from array ArrayInicial [0/0]!
[2025.12.03-14.19.46:025][222]LogScript: Warning: Script Msg: Attempted to access index 0 from array 'ArrayInicial' of length 0 in '/Game/Mapas/MapaPowerUp/SelecaoPowerUps.SelecaoPowerUps_C'!
[2025.12.03-14.19.46:025][222]LogScript: Warning: Script Msg: Attempted to remove an item from an invalid index from array ArrayInicial [0/0]!
[2025.12.03-14.19.46:025][222]LogScript: Warning: Script Msg: Attempted to access index 0 from array 'ArrayInicial' of length 0 in '/Game/Mapas/MapaPowerUp/SelecaoPowerUps.SelecaoPowerUps_C'!
[2025.12.03-14.19.46:025][222]LogScript: Warning: Script Msg: Attempted to remove an item from an invalid index from array ArrayInicial [0/0]!
[2025.12.03-14.19.50:411][473]LogUObjectHash: Compacting FUObjectHashTables data took   3.79ms
[2025.12.03-14.19.51:586][473]LogSlate: Window 'Delete Assets' being destroyed
[2025.12.03-14.19.51:693][473]LogUObjectHash: Compacting FUObjectHashTables data took   2.66ms
[2025.12.03-14.19.56:420][748]LogSlate: Warning: Ignoring SetUserFocus because it's not an active modal Window (user 0 not set to SAssetView [SContentBrowser.cpp(749)].
[2025.12.03-14.19.56:421][748]LogContentBrowser: Deferred new asset file creation: Character_sheet1
[2025.12.03-14.19.56:451][748]LogContentBrowser: Creating deferred item: Character_sheet1
[2025.12.03-14.19.58:289][858]LogContentBrowser: Attempting asset rename: Character_sheet1 -> Character_sheet1
[2025.12.03-14.19.58:289][858]LogContentBrowser: End creating deferred item Character_sheet1
[2025.12.03-14.19.58:505][870]LogAssetEditorSubsystem: Opening Asset editor for PaperFlipbook /Game/Inimigos/InimigosProntos/Golem/Character_sheet1.Character_sheet1
[2025.12.03-14.20.00:691][995]LogWorld: UWorld::CleanupWorld for World_22, bSessionEnded=true, bCleanupResources=true
[2025.12.03-14.20.00:691][995]LogSlate: InvalidateAllWidgets triggered.  All widgets were invalidated
[2025.12.03-14.20.03:330][146]LogUObjectHash: Compacting FUObjectHashTables data took   3.10ms
[2025.12.03-14.20.04:328][146]LogSlate: Window 'Delete Assets' being destroyed
[2025.12.03-14.20.04:431][146]LogUObjectHash: Compacting FUObjectHashTables data took   0.70ms
[2025.12.03-14.20.11:111][532]LogContentBrowser: Deferred new asset folder creation: NewFolder
[2025.12.03-14.20.11:150][532]LogContentBrowser: Creating deferred item: NewFolder
[2025.12.03-14.20.12:890][636]LogContentBrowser: Attempting asset rename: NewFolder -> Death
[2025.12.03-14.20.12:890][636]LogContentBrowser: End creating deferred item NewFolder
[2025.12.03-14.20.20:041][ 50]LogSavePackage: Moving 'E:/Unreal/Fumec_DevGames/Saved/Character_sheet_Sprite_699B5CB5B740D0EE8B2964639C083F32A0.tmp' to 'E:/Unreal/Fumec_DevGames/Content/Inimigos/InimigosProntos/Golem/Death/Character_sheet_Sprite_69.uasset'
[2025.12.03-14.20.20:052][ 50]LogSavePackage: Moving 'E:/Unreal/Fumec_DevGames/Saved/Character_sheet_Sprite_70F091B3E748518E6F05A3A88D3A1AC66C.tmp' to 'E:/Unreal/Fumec_DevGames/Content/Inimigos/InimigosProntos/Golem/Death/Character_sheet_Sprite_70.uasset'
[2025.12.03-14.20.20:065][ 50]LogSavePackage: Moving 'E:/Unreal/Fumec_DevGames/Saved/Character_sheet_Sprite_71294E5E9A42D522B7729644967808E6A5.tmp' to 'E:/Unreal/Fumec_DevGames/Content/Inimigos/InimigosProntos/Golem/Death/Character_sheet_Sprite_71.uasset'
[2025.12.03-14.20.20:077][ 50]LogSavePackage: Moving 'E:/Unreal/Fumec_DevGames/Saved/Character_sheet_Sprite_72B47A38F242FADCBD515FE180F59AF6B3.tmp' to 'E:/Unreal/Fumec_DevGames/Content/Inimigos/InimigosProntos/Golem/Death/Character_sheet_Sprite_72.uasset'
[2025.12.03-14.20.20:088][ 50]LogSavePackage: Moving 'E:/Unreal/Fumec_DevGames/Saved/Character_sheet_Sprite_738F91C2D5468BCDB5D0FF2B89D67F5199.tmp' to 'E:/Unreal/Fumec_DevGames/Content/Inimigos/InimigosProntos/Golem/Death/Character_sheet_Sprite_73.uasset'
[2025.12.03-14.20.20:098][ 50]LogSavePackage: Moving 'E:/Unreal/Fumec_DevGames/Saved/Character_sheet_Sprite_748FB7E1E049E7CC60C785C4AD42263DE9.tmp' to 'E:/Unreal/Fumec_DevGames/Content/Inimigos/InimigosProntos/Golem/Death/Character_sheet_Sprite_74.uasset'
[2025.12.03-14.20.20:108][ 50]LogSavePackage: Moving 'E:/Unreal/Fumec_DevGames/Saved/Character_sheet_Sprite_75DEC7034549CD9116DC84B68E40424622.tmp' to 'E:/Unreal/Fumec_DevGames/Content/Inimigos/InimigosProntos/Golem/Death/Character_sheet_Sprite_75.uasset'
[2025.12.03-14.20.20:120][ 50]LogSavePackage: Moving 'E:/Unreal/Fumec_DevGames/Saved/Character_sheet_Sprite_761C06ACA948B0799E1A1B57BF81FEE70F.tmp' to 'E:/Unreal/Fumec_DevGames/Content/Inimigos/InimigosProntos/Golem/Death/Character_sheet_Sprite_76.uasset'
[2025.12.03-14.20.20:131][ 50]LogSavePackage: Moving 'E:/Unreal/Fumec_DevGames/Saved/Character_sheet_Sprite_771523740040E9676F74F81BBD5A650923.tmp' to 'E:/Unreal/Fumec_DevGames/Content/Inimigos/InimigosProntos/Golem/Death/Character_sheet_Sprite_77.uasset'
[2025.12.03-14.20.20:143][ 50]LogSavePackage: Moving 'E:/Unreal/Fumec_DevGames/Saved/Character_sheet_Sprite_7852E4CFE44A7F4F62103FF596215D4F12.tmp' to 'E:/Unreal/Fumec_DevGames/Content/Inimigos/InimigosProntos/Golem/Death/Character_sheet_Sprite_78.uasset'
[2025.12.03-14.20.20:153][ 50]LogSavePackage: Moving 'E:/Unreal/Fumec_DevGames/Saved/Character_sheet_Sprite_792318A4FA41D78EABDDA056B08782D8BA.tmp' to 'E:/Unreal/Fumec_DevGames/Content/Inimigos/InimigosProntos/Golem/Death/Character_sheet_Sprite_79.uasset'
[2025.12.03-14.20.20:165][ 50]LogSavePackage: Moving 'E:/Unreal/Fumec_DevGames/Saved/Character_sheet_Sprite_80D5A53BDA4CF7100871237ABB60C2D634.tmp' to 'E:/Unreal/Fumec_DevGames/Content/Inimigos/InimigosProntos/Golem/Death/Character_sheet_Sprite_80.uasset'
[2025.12.03-14.20.20:175][ 50]LogSavePackage: Moving 'E:/Unreal/Fumec_DevGames/Saved/Character_sheet_Sprite_81DC4D16634654001A1967E9BDC9316379.tmp' to 'E:/Unreal/Fumec_DevGames/Content/Inimigos/InimigosProntos/Golem/Death/Character_sheet_Sprite_81.uasset'
[2025.12.03-14.20.20:187][ 50]LogSavePackage: Moving 'E:/Unreal/Fumec_DevGames/Saved/Character_sheet_Sprite_82253DD44E443163111FE0BEA0BE0E206B.tmp' to 'E:/Unreal/Fumec_DevGames/Content/Inimigos/InimigosProntos/Golem/Death/Character_sheet_Sprite_82.uasset'
[2025.12.03-14.20.20:477][ 50]LogUObjectHash: Compacting FUObjectHashTables data took   3.26ms
[2025.12.03-14.20.20:511][ 50]LogUObjectHash: Compacting FUObjectHashTables data took   0.81ms
[2025.12.03-14.20.20:545][ 50]LogUObjectHash: Compacting FUObjectHashTables data took   0.71ms
[2025.12.03-14.20.20:580][ 50]LogUObjectHash: Compacting FUObjectHashTables data took   0.72ms
[2025.12.03-14.20.20:615][ 50]LogUObjectHash: Compacting FUObjectHashTables data took   0.82ms
[2025.12.03-14.20.20:646][ 50]LogUObjectHash: Compacting FUObjectHashTables data took   0.81ms
[2025.12.03-14.20.20:681][ 50]LogUObjectHash: Compacting FUObjectHashTables data took   0.71ms
[2025.12.03-14.20.20:715][ 50]LogUObjectHash: Compacting FUObjectHashTables data took   0.71ms
[2025.12.03-14.20.20:748][ 50]LogUObjectHash: Compacting FUObjectHashTables data took   0.71ms
[2025.12.03-14.20.20:782][ 50]LogUObjectHash: Compacting FUObjectHashTables data took   0.81ms
[2025.12.03-14.20.20:818][ 50]LogUObjectHash: Compacting FUObjectHashTables data took   0.81ms
[2025.12.03-14.20.20:851][ 50]LogUObjectHash: Compacting FUObjectHashTables data took   0.94ms
[2025.12.03-14.20.20:885][ 50]LogUObjectHash: Compacting FUObjectHashTables data took   0.81ms
[2025.12.03-14.20.20:920][ 50]LogUObjectHash: Compacting FUObjectHashTables data took   0.82ms
[2025.12.03-14.20.20:963][ 50]LogUObjectHash: Compacting FUObjectHashTables data took   2.46ms
[2025.12.03-14.20.20:995][ 50]LogUObjectHash: Compacting FUObjectHashTables data took   0.72ms
[2025.12.03-14.20.21:039][ 50]AssetCheck: New page: Asset Save: multiple assets
[2025.12.03-14.20.21:039][ 50]LogContentValidation: Display: Validating PaperSprite /Game/Inimigos/InimigosProntos/Golem/Death/Character_sheet_Sprite_81.Character_sheet_Sprite_81
[2025.12.03-14.20.21:039][ 50]LogContentValidation: Display: Validating PaperSprite /Game/Inimigos/InimigosProntos/Golem/Death/Character_sheet_Sprite_80.Character_sheet_Sprite_80
[2025.12.03-14.20.21:039][ 50]LogContentValidation: Display: Validating PaperSprite /Game/Inimigos/InimigosProntos/Golem/Death/Character_sheet_Sprite_79.Character_sheet_Sprite_79
[2025.12.03-14.20.21:039][ 50]LogContentValidation: Display: Validating PaperSprite /Game/Inimigos/InimigosProntos/Golem/Death/Character_sheet_Sprite_78.Character_sheet_Sprite_78
[2025.12.03-14.20.21:039][ 50]LogContentValidation: Display: Validating PaperSprite /Game/Inimigos/InimigosProntos/Golem/Death/Character_sheet_Sprite_77.Character_sheet_Sprite_77
[2025.12.03-14.20.21:039][ 50]LogContentValidation: Display: Validating PaperSprite /Game/Inimigos/InimigosProntos/Golem/Death/Character_sheet_Sprite_76.Character_sheet_Sprite_76
[2025.12.03-14.20.21:039][ 50]LogContentValidation: Display: Validating PaperSprite /Game/Inimigos/InimigosProntos/Golem/Death/Character_sheet_Sprite_82.Character_sheet_Sprite_82
[2025.12.03-14.20.21:039][ 50]LogContentValidation: Display: Validating PaperSprite /Game/Inimigos/InimigosProntos/Golem/Death/Character_sheet_Sprite_75.Character_sheet_Sprite_75
[2025.12.03-14.20.21:039][ 50]LogContentValidation: Display: Validating PaperSprite /Game/Inimigos/InimigosProntos/Golem/Death/Character_sheet_Sprite_74.Character_sheet_Sprite_74
[2025.12.03-14.20.21:039][ 50]LogContentValidation: Display: Validating PaperSprite /Game/Inimigos/InimigosProntos/Golem/Death/Character_sheet_Sprite_73.Character_sheet_Sprite_73
[2025.12.03-14.20.21:039][ 50]LogContentValidation: Display: Validating PaperSprite /Game/Inimigos/InimigosProntos/Golem/Death/Character_sheet_Sprite_72.Character_sheet_Sprite_72
[2025.12.03-14.20.21:039][ 50]LogContentValidation: Display: Validating PaperSprite /Game/Inimigos/InimigosProntos/Golem/Death/Character_sheet_Sprite_71.Character_sheet_Sprite_71
[2025.12.03-14.20.21:039][ 50]LogContentValidation: Display: Validating PaperSprite /Game/Inimigos/InimigosProntos/Golem/Death/Character_sheet_Sprite_70.Character_sheet_Sprite_70
[2025.12.03-14.20.21:039][ 50]LogContentValidation: Display: Validating PaperSprite /Game/Inimigos/InimigosProntos/Golem/Death/Character_sheet_Sprite_69.Character_sheet_Sprite_69
[2025.12.03-14.20.46:749][578]LogSavePackage: Moving 'E:/Unreal/Fumec_DevGames/Saved/Character_sheet_Sprite_834E552A3A4EAAEC65A35C03B6BCE7D97D.tmp' to 'E:/Unreal/Fumec_DevGames/Content/Inimigos/InimigosProntos/Golem/Death/Character_sheet_Sprite_83.uasset'
[2025.12.03-14.20.46:857][578]LogUObjectHash: Compacting FUObjectHashTables data took   3.57ms
[2025.12.03-14.20.46:898][578]LogUObjectHash: Compacting FUObjectHashTables data took   2.20ms
[2025.12.03-14.20.46:933][578]LogUObjectHash: Compacting FUObjectHashTables data took   0.81ms
[2025.12.03-14.20.46:972][578]AssetCheck: New page: Asset Save: Character_sheet_Sprite_83
[2025.12.03-14.20.46:972][578]LogContentValidation: Display: Validating PaperSprite /Game/Inimigos/InimigosProntos/Golem/Death/Character_sheet_Sprite_83.Character_sheet_Sprite_83
[2025.12.03-14.21.21:902][637]LogUObjectHash: Compacting FUObjectHashTables data took   3.03ms
[2025.12.03-14.21.21:904][637]LogFileHelpers: Editor autosave (incl. external actors) for '/Game/Mapas/Menu/MainMenu' took 0.043
[2025.12.03-14.21.21:931][637]OBJ SavePackage: Generating thumbnails for [1] asset(s) in package [/Game/Inimigos/InimigosProntos/Golem/Character_sheet] ([1] browsable assets)...
[2025.12.03-14.21.21:938][637]OBJ SavePackage:     Rendered thumbnail for [Texture2D /Game/Inimigos/InimigosProntos/Golem/Character_sheet.Character_sheet]
[2025.12.03-14.21.21:938][637]OBJ SavePackage: Finished generating thumbnails for package [/Game/Inimigos/InimigosProntos/Golem/Character_sheet]
[2025.12.03-14.21.21:943][637]LogSavePackage: Moving 'E:/Unreal/Fumec_DevGames/Saved/Character_sheet_Auto1E9927CB442B450760ED32E98B3326F65.tmp' to 'E:/Unreal/Fumec_DevGames/Saved/Autosaves/Game/Inimigos/InimigosProntos/Golem/Character_sheet_Auto1.uasset'
[2025.12.03-14.21.21:943][637]LogFileHelpers: Auto-saving content packages took 0.040
[2025.12.03-14.21.29:596][ 93]LogUObjectHash: Compacting FUObjectHashTables data took   0.72ms
[2025.12.03-14.21.32:343][ 93]LogSlate: Window 'Delete Assets' being destroyed
[2025.12.03-14.21.32:449][ 93]LogUObjectHash: Compacting FUObjectHashTables data took   2.64ms
[2025.12.03-14.21.34:741][224]Cmd: OBJ SAVEPACKAGE PACKAGE="/Game/Inimigos/InimigosProntos/Golem/Character_sheet" FILE="E:/Unreal/Fumec_DevGames/Content/Inimigos/InimigosProntos/Golem/Character_sheet.uasset" SILENT=true
[2025.12.03-14.21.34:759][224]LogSavePackage: Moving 'E:/Unreal/Fumec_DevGames/Saved/Character_sheet3DDE8C3A48744C4D3419DABC4DB4CDD6.tmp' to 'E:/Unreal/Fumec_DevGames/Content/Inimigos/InimigosProntos/Golem/Character_sheet.uasset'
[2025.12.03-14.21.34:778][224]AssetCheck: New page: Asset Save: Character_sheet
[2025.12.03-14.21.34:778][224]LogContentValidation: Display: Validating Texture2D /Game/Inimigos/InimigosProntos/Golem/Character_sheet.Character_sheet
[2025.12.03-14.21.42:911][692]LogAssetEditorSubsystem: Opening Asset editor for Blueprint /Game/Inimigos/InimigosProntos/Arvre/Arvre.Arvre
[2025.12.03-14.21.54:415][331]LogAssetEditorSubsystem: Opening Asset editor for Blueprint /Game/Inimigos/InimigosProntos/CIclope/CiclopeBP.CiclopeBP
[2025.12.03-14.21.56:518][428]LogWorld: UWorld::CleanupWorld for World_24, bSessionEnded=true, bCleanupResources=true
[2025.12.03-14.21.56:518][428]LogSlate: InvalidateAllWidgets triggered.  All widgets were invalidated
[2025.12.03-14.21.56:581][428]LogAssetEditorSubsystem: Opening Asset editor for Blueprint /Game/Inimigos/InimigosProntos/CIclope/CiclopeBP.CiclopeBP
[2025.12.03-14.22.50:945][641]LogEditorTransaction: Undo Modify Component Scale
[2025.12.03-14.23.58:156][565]LogEditorTransaction: Undo Edit Capsule Half Height
[2025.12.03-14.24.17:177][681]BlueprintLog: New page: Compile Arvre
[2025.12.03-14.24.17:286][681]LogUObjectHash: Compacting FUObjectHashTables data took   3.98ms
[2025.12.03-14.24.17:319][681]Cmd: OBJ SAVEPACKAGE PACKAGE="/Game/Inimigos/InimigosProntos/Arvre/Arvre" FILE="E:/Unreal/Fumec_DevGames/Content/Inimigos/InimigosProntos/Arvre/Arvre.uasset" SILENT=true
[2025.12.03-14.24.17:325][681]LogSavePackage: Moving 'E:/Unreal/Fumec_DevGames/Saved/Arvre907837364A129054E6E86A8C53541BBF.tmp' to 'E:/Unreal/Fumec_DevGames/Content/Inimigos/InimigosProntos/Arvre/Arvre.uasset'
[2025.12.03-14.24.17:344][681]AssetCheck: New page: Asset Save: Arvre
[2025.12.03-14.24.17:344][681]LogContentValidation: Display: Validating Blueprint /Game/Inimigos/InimigosProntos/Arvre/Arvre.Arvre
[2025.12.03-14.24.17:817][707]Cmd: OBJ SAVEPACKAGE PACKAGE="/Game/Inimigos/InimigosProntos/Arvre/Arvre" FILE="E:/Unreal/Fumec_DevGames/Content/Inimigos/InimigosProntos/Arvre/Arvre.uasset" SILENT=true
[2025.12.03-14.24.17:823][707]LogSavePackage: Moving 'E:/Unreal/Fumec_DevGames/Saved/Arvre5FFB257747571C7260813DB69AAD30C9.tmp' to 'E:/Unreal/Fumec_DevGames/Content/Inimigos/InimigosProntos/Arvre/Arvre.uasset'
[2025.12.03-14.24.17:839][707]AssetCheck: New page: Asset Save: Arvre
[2025.12.03-14.24.17:839][707]LogContentValidation: Display: Validating Blueprint /Game/Inimigos/InimigosProntos/Arvre/Arvre.Arvre
[2025.12.03-14.25.18:189][300]Cmd: OBJ SAVEPACKAGE PACKAGE="/Game/Inimigos/InimigosProntos/Arvre/Arvre" FILE="E:/Unreal/Fumec_DevGames/Content/Inimigos/InimigosProntos/Arvre/Arvre.uasset" SILENT=true
[2025.12.03-14.25.18:196][300]LogSavePackage: Moving 'E:/Unreal/Fumec_DevGames/Saved/Arvre574566CE405F4FD08E93EBB3661F1352.tmp' to 'E:/Unreal/Fumec_DevGames/Content/Inimigos/InimigosProntos/Arvre/Arvre.uasset'
[2025.12.03-14.25.18:219][300]AssetCheck: New page: Asset Save: Arvre
[2025.12.03-14.25.18:219][300]LogContentValidation: Display: Validating Blueprint /Game/Inimigos/InimigosProntos/Arvre/Arvre.Arvre
[2025.12.03-14.25.20:220][414]BlueprintLog: New page: Compile Arvre
[2025.12.03-14.25.20:292][414]LogUObjectHash: Compacting FUObjectHashTables data took   5.57ms
[2025.12.03-14.25.20:825][443]Cmd: OBJ SAVEPACKAGE PACKAGE="/Game/Inimigos/InimigosProntos/Arvre/Arvre" FILE="E:/Unreal/Fumec_DevGames/Content/Inimigos/InimigosProntos/Arvre/Arvre.uasset" SILENT=true
[2025.12.03-14.25.20:832][443]LogSavePackage: Moving 'E:/Unreal/Fumec_DevGames/Saved/ArvreC3929BE746B2E4016F4691A2D68FD9A9.tmp' to 'E:/Unreal/Fumec_DevGames/Content/Inimigos/InimigosProntos/Arvre/Arvre.uasset'
[2025.12.03-14.25.20:851][443]AssetCheck: New page: Asset Save: Arvre
[2025.12.03-14.25.20:851][443]LogContentValidation: Display: Validating Blueprint /Game/Inimigos/InimigosProntos/Arvre/Arvre.Arvre
[2025.12.03-14.27.53:581][599]Cmd: OBJ SAVEPACKAGE PACKAGE="/Game/Inimigos/InimigosProntos/Arvre/Arvre" FILE="E:/Unreal/Fumec_DevGames/Content/Inimigos/InimigosProntos/Arvre/Arvre.uasset" SILENT=true
[2025.12.03-14.27.53:588][599]LogSavePackage: Moving 'E:/Unreal/Fumec_DevGames/Saved/ArvreEDCD77D4407F45CE87C76C886BF5B01B.tmp' to 'E:/Unreal/Fumec_DevGames/Content/Inimigos/InimigosProntos/Arvre/Arvre.uasset'
[2025.12.03-14.27.53:607][599]AssetCheck: New page: Asset Save: Arvre
[2025.12.03-14.27.53:607][599]LogContentValidation: Display: Validating Blueprint /Game/Inimigos/InimigosProntos/Arvre/Arvre.Arvre
[2025.12.03-14.27.55:270][696]LogWorld: UWorld::CleanupWorld for World_23, bSessionEnded=true, bCleanupResources=true
[2025.12.03-14.27.55:270][696]LogSlate: InvalidateAllWidgets triggered.  All widgets were invalidated
[2025.12.03-14.27.55:885][729]LogActorComponent: UnregisterComponent: (/Engine/Transient.EditorFloorComp) Not registered. Aborting.
[2025.12.03-14.27.55:885][729]LogWorld: UWorld::CleanupWorld for World_25, bSessionEnded=true, bCleanupResources=true
[2025.12.03-14.27.55:885][729]LogSlate: InvalidateAllWidgets triggered.  All widgets were invalidated
[2025.12.03-14.28.23:543][379]LogAssetEditorSubsystem: Opening Asset editor for Blueprint /Game/Inimigos/InimigosProntos/EsqueletoGrande/EisQueLeto.EisQueLeto
[2025.12.03-14.29.13:502][322]BlueprintLog: New page: Compile EisQueLeto
[2025.12.03-14.29.13:574][322]LogUObjectHash: Compacting FUObjectHashTables data took   4.96ms
[2025.12.03-14.29.13:611][322]Cmd: OBJ SAVEPACKAGE PACKAGE="/Game/Inimigos/InimigosProntos/EsqueletoGrande/EisQueLeto" FILE="E:/Unreal/Fumec_DevGames/Content/Inimigos/InimigosProntos/EsqueletoGrande/EisQueLeto.uasset" SILENT=true
[2025.12.03-14.29.13:617][322]LogSavePackage: Moving 'E:/Unreal/Fumec_DevGames/Saved/EisQueLeto3A10B11C42A84D700682BCB9C9880ECB.tmp' to 'E:/Unreal/Fumec_DevGames/Content/Inimigos/InimigosProntos/EsqueletoGrande/EisQueLeto.uasset'
[2025.12.03-14.29.13:639][322]AssetCheck: New page: Asset Save: EisQueLeto
[2025.12.03-14.29.13:639][322]LogContentValidation: Display: Validating Blueprint /Game/Inimigos/InimigosProntos/EsqueletoGrande/EisQueLeto.EisQueLeto
[2025.12.03-14.29.14:379][363]Cmd: OBJ SAVEPACKAGE PACKAGE="/Game/Inimigos/InimigosProntos/EsqueletoGrande/EisQueLeto" FILE="E:/Unreal/Fumec_DevGames/Content/Inimigos/InimigosProntos/EsqueletoGrande/EisQueLeto.uasset" SILENT=true
[2025.12.03-14.29.14:386][363]LogSavePackage: Moving 'E:/Unreal/Fumec_DevGames/Saved/EisQueLeto434F63E744EFB272D9571BA0F247C5FB.tmp' to 'E:/Unreal/Fumec_DevGames/Content/Inimigos/InimigosProntos/EsqueletoGrande/EisQueLeto.uasset'
[2025.12.03-14.29.14:404][363]AssetCheck: New page: Asset Save: EisQueLeto
[2025.12.03-14.29.14:404][363]LogContentValidation: Display: Validating Blueprint /Game/Inimigos/InimigosProntos/EsqueletoGrande/EisQueLeto.EisQueLeto
[2025.12.03-14.31.08:748][168]BlueprintLog: New page: Compile EisQueLeto
[2025.12.03-14.31.08:842][168]LogUObjectHash: Compacting FUObjectHashTables data took   5.79ms
[2025.12.03-14.31.08:885][168]Cmd: OBJ SAVEPACKAGE PACKAGE="/Game/Inimigos/InimigosProntos/EsqueletoGrande/EisQueLeto" FILE="E:/Unreal/Fumec_DevGames/Content/Inimigos/InimigosProntos/EsqueletoGrande/EisQueLeto.uasset" SILENT=true
[2025.12.03-14.31.08:893][168]LogSavePackage: Moving 'E:/Unreal/Fumec_DevGames/Saved/EisQueLeto7FAA8C8647B8C60395D0D9BB62793F7F.tmp' to 'E:/Unreal/Fumec_DevGames/Content/Inimigos/InimigosProntos/EsqueletoGrande/EisQueLeto.uasset'
[2025.12.03-14.31.08:914][168]AssetCheck: New page: Asset Save: EisQueLeto
[2025.12.03-14.31.08:914][168]LogContentValidation: Display: Validating Blueprint /Game/Inimigos/InimigosProntos/EsqueletoGrande/EisQueLeto.EisQueLeto
[2025.12.03-14.31.10:607][263]LogUObjectHash: Compacting FUObjectHashTables data took   3.33ms
[2025.12.03-14.31.26:204][195]LogScript: Warning: Script Msg: Attempted to access index 0 from array 'ArrayInicial' of length 0 in '/Game/Mapas/MapaPowerUp/SelecaoPowerUps.SelecaoPowerUps_C'!
[2025.12.03-14.31.26:204][195]LogScript: Warning: Script Msg: Attempted to remove an item from an invalid index from array ArrayInicial [0/0]!
[2025.12.03-14.31.26:204][195]LogScript: Warning: Script Msg: Attempted to access index 0 from array 'ArrayInicial' of length 0 in '/Game/Mapas/MapaPowerUp/SelecaoPowerUps.SelecaoPowerUps_C'!
[2025.12.03-14.31.26:204][195]LogScript: Warning: Script Msg: Attempted to remove an item from an invalid index from array ArrayInicial [0/0]!
[2025.12.03-14.31.26:204][195]LogScript: Warning: Script Msg: Attempted to access index 0 from array 'ArrayInicial' of length 0 in '/Game/Mapas/MapaPowerUp/SelecaoPowerUps.SelecaoPowerUps_C'!
[2025.12.03-14.31.26:204][195]LogScript: Warning: Script Msg: Attempted to remove an item from an invalid index from array ArrayInicial [0/0]!
[2025.12.03-14.31.28:738][347]LogSlate: Window 'SequencerGraphEditor' being destroyed
[2025.12.03-14.31.28:743][347]LogSlate: Window 'SequencerGraphEditor' being destroyed
[2025.12.03-14.31.52:934][770]Cmd: OBJ SAVEPACKAGE PACKAGE="/Game/Inimigos/InimigosProntos/EsqueletoGrande/EisQueLeto" FILE="E:/Unreal/Fumec_DevGames/Content/Inimigos/InimigosProntos/EsqueletoGrande/EisQueLeto.uasset" SILENT=true
[2025.12.03-14.31.52:941][770]LogSavePackage: Moving 'E:/Unreal/Fumec_DevGames/Saved/EisQueLetoC32E9126499F3C82703580993508C3F1.tmp' to 'E:/Unreal/Fumec_DevGames/Content/Inimigos/InimigosProntos/EsqueletoGrande/EisQueLeto.uasset'
[2025.12.03-14.31.52:960][770]AssetCheck: New page: Asset Save: EisQueLeto
[2025.12.03-14.31.52:960][770]LogContentValidation: Display: Validating Blueprint /Game/Inimigos/InimigosProntos/EsqueletoGrande/EisQueLeto.EisQueLeto
[2025.12.03-14.31.54:547][863]LogUObjectHash: Compacting FUObjectHashTables data took   0.90ms
[2025.12.03-14.31.55:902][942]LogUObjectHash: Compacting FUObjectHashTables data took   0.86ms
[2025.12.03-14.31.56:522][977]LogUObjectHash: Compacting FUObjectHashTables data took   0.86ms
[2025.12.03-14.31.56:543][977]LogWorld: UWorld::CleanupWorld for World_1, bSessionEnded=true, bCleanupResources=true
[2025.12.03-14.31.56:543][977]LogSlate: InvalidateAllWidgets triggered.  All widgets were invalidated
[2025.12.03-14.31.56:556][977]LogWorld: UWorld::CleanupWorld for World_0, bSessionEnded=true, bCleanupResources=true
[2025.12.03-14.31.56:556][977]LogSlate: InvalidateAllWidgets triggered.  All widgets were invalidated
[2025.12.03-14.31.56:633][977]LogWorld: UWorld::CleanupWorld for World_3, bSessionEnded=true, bCleanupResources=true
[2025.12.03-14.31.56:633][977]LogSlate: InvalidateAllWidgets triggered.  All widgets were invalidated
[2025.12.03-14.31.56:713][977]LogWorld: UWorld::CleanupWorld for World_4, bSessionEnded=true, bCleanupResources=true
[2025.12.03-14.31.56:713][977]LogSlate: InvalidateAllWidgets triggered.  All widgets were invalidated
[2025.12.03-14.31.56:805][977]LogActorComponent: UnregisterComponent: (/Engine/Transient.EditorFloorComp) Not registered. Aborting.
[2025.12.03-14.31.56:805][977]LogWorld: UWorld::CleanupWorld for World_26, bSessionEnded=true, bCleanupResources=true
[2025.12.03-14.31.56:805][977]LogSlate: InvalidateAllWidgets triggered.  All widgets were invalidated
[2025.12.03-14.31.56:908][977]LogSlate: Window 'ColunaDoendoSamurai - Unreal Editor' being destroyed
[2025.12.03-14.31.56:909][977]LogWindowsTextInputMethodSystem: Display: IME system deactivated.
[2025.12.03-14.31.57:066][978]Cmd: QUIT_EDITOR
[2025.12.03-14.31.57:066][978]LogCore: Engine exit requested (reason: UUnrealEdEngine::CloseEditor())
[2025.12.03-14.31.57:069][978]LogCore: Engine exit requested (reason: EngineExit() was called; note: exit was already requested)
[2025.12.03-14.31.57:071][978]LogAudio: Display: Beginning Audio Device Manager Shutdown (Module: AudioMixerXAudio2)...
[2025.12.03-14.31.57:073][978]LogAudio: Display: Destroying 1 Remaining Audio Device(s)...
[2025.12.03-14.31.57:073][978]LogAudio: Display: Audio Device unregistered from world 'MainMenu'.
[2025.12.03-14.31.57:073][978]LogAudioMixer: FMixerPlatformXAudio2::StopAudioStream() called
[2025.12.03-14.31.57:074][978]LogAudioMixer: FMixerPlatformXAudio2::StopAudioStream() called
[2025.12.03-14.31.57:078][978]LogAudio: Display: Audio Device Manager Shutdown
[2025.12.03-14.31.57:086][978]LogExit: Preparing to exit.
[2025.12.03-14.31.58:149][978]LogUObjectHash: Compacting FUObjectHashTables data took   3.83ms
[2025.12.03-14.31.58:313][978]LogWorld: UWorld::CleanupWorld for World_7, bSessionEnded=true, bCleanupResources=true
[2025.12.03-14.31.58:362][978]LogDemo: Cleaned up 0 splitscreen connections with owner deletion
[2025.12.03-14.31.58:374][978]LogWorld: UWorld::CleanupWorld for None, bSessionEnded=true, bCleanupResources=true
[2025.12.03-14.31.58:375][978]LogExit: Editor shut down
[2025.12.03-14.31.58:375][978]LogExit: Transaction tracking system shut down
[2025.12.03-14.31.58:842][978]LogExit: Object subsystem successfully closed.
[2025.12.03-14.31.58:866][978]LogShaderCompilers: Display: === FShaderJobCache stats ===
[2025.12.03-14.31.58:866][978]LogShaderCompilers: Display: Total job queries 0, among them cache hits 0 (0.00%)
[2025.12.03-14.31.58:866][978]LogShaderCompilers: Display: Tracking 0 distinct input hashes that result in 0 distinct outputs (0.00%)
[2025.12.03-14.31.58:866][978]LogShaderCompilers: Display: RAM used: 0.00 MB (0.00 GB) of 716.80 MB (0.70 GB) budget. Usage: 0.00%
[2025.12.03-14.31.58:866][978]LogShaderCompilers: Display: ================================================
[2025.12.03-14.31.58:883][978]LogShaderCompilers: Display: Shaders left to compile 0
[2025.12.03-14.31.58:939][978]LogModuleManager: Shutting down and abandoning module SequencerWidgets (874)
[2025.12.03-14.31.58:939][978]LogModuleManager: Shutting down and abandoning module BlueprintGraph (872)
[2025.12.03-14.31.58:939][978]LogModuleManager: Shutting down and abandoning module HierarchicalLODOutliner (870)
[2025.12.03-14.31.58:939][978]LogModuleManager: Shutting down and abandoning module SceneOutliner (868)
[2025.12.03-14.31.58:939][978]LogModuleManager: Shutting down and abandoning module AddContentDialog (866)
[2025.12.03-14.31.58:939][978]LogModuleManager: Shutting down and abandoning module WidgetCarousel (865)
[2025.12.03-14.31.58:939][978]LogModuleManager: Shutting down and abandoning module EditorWidgets (862)
[2025.12.03-14.31.58:939][978]LogModuleManager: Shutting down and abandoning module StatsViewer (860)
[2025.12.03-14.31.58:939][978]LogModuleManager: Shutting down and abandoning module PIEPreviewDeviceProfileSelector (858)
[2025.12.03-14.31.58:939][978]LogModuleManager: Shutting down and abandoning module SequenceRecorderSections (856)
[2025.12.03-14.31.58:939][978]LogModuleManager: Shutting down and abandoning module AutomationWorker (854)
[2025.12.03-14.31.58:939][978]LogModuleManager: Shutting down and abandoning module SteamVREditor (852)
[2025.12.03-14.31.58:939][978]LogModuleManager: Shutting down and abandoning module OculusMR (850)
[2025.12.03-14.31.58:939][978]LogModuleManager: Shutting down and abandoning module CameraShakePreviewer (848)
[2025.12.03-14.31.58:940][978]LogModuleManager: Shutting down and abandoning module TakeRecorderSources (846)
[2025.12.03-14.31.58:940][978]LogModuleManager: Shutting down and abandoning module TakeRecorder (845)
[2025.12.03-14.31.58:940][978]LogModuleManager: Shutting down and abandoning module TakeTrackRecorders (842)
[2025.12.03-14.31.58:940][978]LogModuleManager: Shutting down and abandoning module TakesCore (840)
[2025.12.03-14.31.58:940][978]LogModuleManager: Shutting down and abandoning module OpenXRInput (838)
[2025.12.03-14.31.58:940][978]LogModuleManager: Shutting down and abandoning module GooglePADEditor (836)
[2025.12.03-14.31.58:940][978]LogModuleManager: Shutting down and abandoning module AudioCaptureEditor (834)
[2025.12.03-14.31.58:940][978]LogModuleManager: Shutting down and abandoning module TemplateSequenceEditor (832)
[2025.12.03-14.31.58:940][978]LogModuleManager: Shutting down and abandoning module LevelSequenceEditor (830)
[2025.12.03-14.31.58:940][978]LogModuleManager: Shutting down and abandoning module MatineeToLevelSequence (828)
[2025.12.03-14.31.58:940][978]LogModuleManager: Shutting down and abandoning module ActorSequenceEditor (826)
[2025.12.03-14.31.58:940][978]LogModuleManager: Shutting down and abandoning module PlanarCut (824)
[2025.12.03-14.31.58:940][978]LogModuleManager: Shutting down and abandoning module WmfMediaFactory (822)
[2025.12.03-14.31.58:940][978]LogModuleManager: Shutting down and abandoning module WmfMediaEditor (820)
[2025.12.03-14.31.58:940][978]LogModuleManager: Shutting down and abandoning module WebMMediaFactory (818)
[2025.12.03-14.31.58:940][978]LogModuleManager: Shutting down and abandoning module WebMMediaEditor (816)
[2025.12.03-14.31.58:940][978]LogModuleManager: Shutting down and abandoning module WebMMedia (814)
[2025.12.03-14.31.58:940][978]LogModuleManager: Shutting down and abandoning module MediaPlayerEditor (812)
[2025.12.03-14.31.58:940][978]LogModuleManager: Shutting down and abandoning module MediaCompositingEditor (810)
[2025.12.03-14.31.58:940][978]LogModuleManager: Shutting down and abandoning module SequenceRecorder (809)
[2025.12.03-14.31.58:940][978]LogModuleManager: Shutting down and abandoning module OpenExrWrapper (806)
[2025.12.03-14.31.58:940][978]LogModuleManager: Shutting down and abandoning module ImgMediaFactory (804)
[2025.12.03-14.31.58:940][978]LogModuleManager: Shutting down and abandoning module ImgMediaEditor (802)
[2025.12.03-14.31.58:940][978]LogModuleManager: Shutting down and abandoning module AvfMediaFactory (800)
[2025.12.03-14.31.58:940][978]LogModuleManager: Shutting down and abandoning module AvfMediaEditor (798)
[2025.12.03-14.31.58:940][978]LogModuleManager: Shutting down and abandoning module AndroidMediaFactory (796)
[2025.12.03-14.31.58:940][978]LogModuleManager: Shutting down and abandoning module AndroidMediaEditor (794)
[2025.12.03-14.31.58:940][978]LogModuleManager: Shutting down and abandoning module CharacterAI (792)
[2025.12.03-14.31.58:940][978]LogModuleManager: Shutting down and abandoning module MagicLeapMediaCodecFactory (790)
[2025.12.03-14.31.58:940][978]LogModuleManager: Shutting down and abandoning module MagicLeapMediaFactory (788)
[2025.12.03-14.31.58:940][978]LogModuleManager: Shutting down and abandoning module MagicLeapMediaEditor (786)
[2025.12.03-14.31.58:940][978]LogModuleManager: Shutting down and abandoning module TextureAlignMode (784)
[2025.12.03-14.31.58:940][978]LogModuleManager: Shutting down and abandoning module BspMode (782)
[2025.12.03-14.31.58:940][978]LogModuleManager: Shutting down and abandoning module GeometryMode (780)
[2025.12.03-14.31.58:940][978]LogModuleManager: Shutting down and abandoning module SmartSnapping (778)
[2025.12.03-14.31.58:940][978]LogModuleManager: Shutting down and abandoning module SessionServices (776)
[2025.12.03-14.31.58:940][978]LogModuleManager: Shutting down and abandoning module MeshPaint (774)
[2025.12.03-14.31.58:940][978]LogModuleManager: Shutting down and abandoning module VirtualTexturingEditor (772)
[2025.12.03-14.31.58:940][978]LogModuleManager: Shutting down and abandoning module FoliageEdit (770)
[2025.12.03-14.31.58:940][978]LogModuleManager: Shutting down and abandoning module LandscapeEditor (768)
[2025.12.03-14.31.58:941][978]LogModuleManager: Shutting down and abandoning module MeshPaintMode (766)
[2025.12.03-14.31.58:941][978]LogModuleManager: Shutting down and abandoning module SceneDepthPickerMode (764)
[2025.12.03-14.31.58:941][978]LogModuleManager: Shutting down and abandoning module ActorPickerMode (762)
[2025.12.03-14.31.58:941][978]LogModuleManager: Shutting down and abandoning module PlacementMode (760)
[2025.12.03-14.31.58:941][978]LogModuleManager: Shutting down and abandoning module ViewportSnapping (758)
[2025.12.03-14.31.58:941][978]LogModuleManager: Shutting down and abandoning module ViewportInteraction (756)
[2025.12.03-14.31.58:941][978]LogModuleManager: Shutting down and abandoning module ClothPainter (754)
[2025.12.03-14.31.58:941][978]LogModuleManager: Shutting down and abandoning module SkeletalMeshEditor (753)
[2025.12.03-14.31.58:941][978]LogModuleManager: Shutting down and abandoning module LogVisualizer (750)
[2025.12.03-14.31.58:941][978]LogModuleManager: Shutting down and abandoning module IntroTutorials (748)
[2025.12.03-14.31.58:941][978]LogModuleManager: Shutting down and abandoning module GameProjectGeneration (747)
[2025.12.03-14.31.58:941][978]LogModuleManager: Shutting down and abandoning module LuminPlatformEditor (744)
[2025.12.03-14.31.58:941][978]LogModuleManager: Shutting down and abandoning module IOSPlatformEditor (742)
[2025.12.03-14.31.58:941][978]LogModuleManager: Shutting down and abandoning module AndroidPlatformEditor (740)
[2025.12.03-14.31.58:941][978]LogModuleManager: Shutting down and abandoning module AndroidDeviceDetection (739)
[2025.12.03-14.32.00:259][978]LogModuleManager: Shutting down and abandoning module WindowsPlatformEditor (736)
[2025.12.03-14.32.00:259][978]LogModuleManager: Shutting down and abandoning module LuminRuntimeSettings (734)
[2025.12.03-14.32.00:259][978]LogModuleManager: Shutting down and abandoning module IOSRuntimeSettings (732)
[2025.12.03-14.32.00:259][978]LogModuleManager: Shutting down and abandoning module AndroidRuntimeSettings (730)
[2025.12.03-14.32.00:259][978]LogModuleManager: Shutting down and abandoning module TraceInsights (728)
[2025.12.03-14.32.00:259][978]MemoryProfiler: Shutdown
[2025.12.03-14.32.00:259][978]NetworkingProfiler: Shutdown
[2025.12.03-14.32.00:259][978]LoadingProfiler: Shutdown
[2025.12.03-14.32.00:259][978]TimingProfiler: Shutdown
[2025.12.03-14.32.00:259][978]LogModuleManager: Shutting down and abandoning module TraceServices (727)
[2025.12.03-14.32.00:259][978]LogModuleManager: Shutting down and abandoning module EditorInteractiveToolsFramework (724)
[2025.12.03-14.32.00:259][978]LogModuleManager: Shutting down and abandoning module TimeManagementEditor (722)
[2025.12.03-14.32.00:259][978]LogModuleManager: Shutting down and abandoning module InputBindingEditor (720)
[2025.12.03-14.32.00:259][978]LogModuleManager: Shutting down and abandoning module MergeActors (718)
[2025.12.03-14.32.00:259][978]LogModuleManager: Shutting down and abandoning module LocalizationDashboard (716)
[2025.12.03-14.32.00:259][978]LogModuleManager: Shutting down and abandoning module LocalizationService (715)
[2025.12.03-14.32.00:259][978]LogModuleManager: Shutting down and abandoning module HardwareTargeting (712)
[2025.12.03-14.32.00:260][978]LogModuleManager: Shutting down and abandoning module DeviceProfileEditor (710)
[2025.12.03-14.32.00:260][978]LogModuleManager: Shutting down and abandoning module UndoHistory (708)
[2025.12.03-14.32.00:260][978]LogModuleManager: Shutting down and abandoning module XmlParser (706)
[2025.12.03-14.32.00:260][978]LogModuleManager: Shutting down and abandoning module Blutility (704)
[2025.12.03-14.32.00:260][978]LogModuleManager: Shutting down and abandoning module ProjectSettingsViewer (702)
[2025.12.03-14.32.00:260][978]LogModuleManager: Shutting down and abandoning module ProjectTargetPlatformEditor (701)
[2025.12.03-14.32.00:260][978]LogModuleManager: Shutting down and abandoning module EditorSettingsViewer (698)
[2025.12.03-14.32.00:260][978]LogModuleManager: Shutting down and abandoning module InternationalizationSettings (697)
[2025.12.03-14.32.00:260][978]LogModuleManager: Shutting down and abandoning module SettingsEditor (694)
[2025.12.03-14.32.00:260][978]LogModuleManager: Shutting down and abandoning module ProjectLauncher (692)
[2025.12.03-14.32.00:260][978]LogModuleManager: Shutting down and abandoning module SessionFrontend (690)
[2025.12.03-14.32.00:260][978]LogModuleManager: Shutting down and abandoning module ProfilerClient (688)
[2025.12.03-14.32.00:260][978]LogModuleManager: Shutting down and abandoning module DeviceManager (686)
[2025.12.03-14.32.00:260][978]LogModuleManager: Shutting down and abandoning module TargetDeviceServices (685)
[2025.12.03-14.32.00:292][978]LogModuleManager: Shutting down and abandoning module AutomationController (682)
[2025.12.03-14.32.00:292][978]LogModuleManager: Shutting down and abandoning module AutomationWindow (680)
[2025.12.03-14.32.00:292][978]LogModuleManager: Shutting down and abandoning module Layers (678)
[2025.12.03-14.32.00:292][978]LogModuleManager: Shutting down and abandoning module ComponentVisualizers (676)
[2025.12.03-14.32.00:292][978]LogModuleManager: Shutting down and abandoning module DetailCustomizations (674)
[2025.12.03-14.32.00:292][978]LogModuleManager: Shutting down and abandoning module PackagesDialog (672)
[2025.12.03-14.32.00:292][978]LogModuleManager: Shutting down and abandoning module AnimationBlueprintEditor (670)
[2025.12.03-14.32.00:292][978]LogModuleManager: Shutting down and abandoning module Persona (668)
[2025.12.03-14.32.00:292][978]LogModuleManager: Shutting down and abandoning module AdvancedPreviewScene (667)
[2025.12.03-14.32.00:292][978]LogModuleManager: Shutting down and abandoning module AnimGraph (665)
[2025.12.03-14.32.00:292][978]LogModuleManager: Shutting down and abandoning module Kismet (662)
[2025.12.03-14.32.00:301][978]LogModuleManager: Shutting down and abandoning module KismetWidgets (661)
[2025.12.03-14.32.00:301][978]LogModuleManager: Shutting down and abandoning module GraphEditor (658)
[2025.12.03-14.32.00:301][978]LogModuleManager: Shutting down and abandoning module StructViewer (656)
[2025.12.03-14.32.00:301][978]LogModuleManager: Shutting down and abandoning module ClassViewer (654)
[2025.12.03-14.32.00:301][978]LogModuleManager: Shutting down and abandoning module Toolbox (652)
[2025.12.03-14.32.00:301][978]LogModuleManager: Shutting down and abandoning module ModuleUI (650)
[2025.12.03-14.32.00:301][978]LogModuleManager: Shutting down and abandoning module OutputLog (648)
[2025.12.03-14.32.00:302][978]LogModuleManager: Shutting down and abandoning module GammaUI (646)
[2025.12.03-14.32.00:302][978]LogModuleManager: Shutting down and abandoning module Documentation (644)
[2025.12.03-14.32.00:302][978]LogModuleManager: Shutting down and abandoning module LiveCoding (642)
[2025.12.03-14.32.00:302][978]LogModuleManager: Shutting down and abandoning module LevelSequence (640)
[2025.12.03-14.32.00:302][978]LogModuleManager: Shutting down and abandoning module MovieSceneTracks (638)
[2025.12.03-14.32.00:302][978]LogModuleManager: Shutting down and abandoning module MovieScene (636)
[2025.12.03-14.32.00:302][978]LogModuleManager: Shutting down and abandoning module StreamingPauseRendering (634)
[2025.12.03-14.32.00:302][978]LogModuleManager: Shutting down and abandoning module LauncherPlatform (632)
[2025.12.03-14.32.00:302][978]LogModuleManager: Shutting down and abandoning module AnalyticsET (630)
[2025.12.03-14.32.00:302][978]LogModuleManager: Shutting down and abandoning module PortalServices (628)
[2025.12.03-14.32.00:302][978]LogModuleManager: Shutting down and abandoning module PortalRpc (626)
[2025.12.03-14.32.00:302][978]LogModuleManager: Shutting down and abandoning module MessagingRpc (624)
[2025.12.03-14.32.00:302][978]LogModuleManager: Shutting down and abandoning module AudioMixerXAudio2 (622)
[2025.12.03-14.32.00:302][978]LogModuleManager: Shutting down and abandoning module AudioMixerCore (621)
[2025.12.03-14.32.00:302][978]LogModuleManager: Shutting down and abandoning module AIModule (618)
[2025.12.03-14.32.00:302][978]LogModuleManager: Shutting down and abandoning module GameplayDebugger (617)
[2025.12.03-14.32.00:302][978]LogModuleManager: Shutting down and abandoning module AITestSuite (615)
[2025.12.03-14.32.00:302][978]LogModuleManager: Shutting down and abandoning module NavigationSystem (613)
[2025.12.03-14.32.00:302][978]LogModuleManager: Shutting down and abandoning module ImageWriteQueue (610)
[2025.12.03-14.32.00:302][978]LogModuleManager: Shutting down and abandoning module ProfilerService (608)
[2025.12.03-14.32.00:534][978]LogModuleManager: Shutting down and abandoning module TaskGraph (606)
[2025.12.03-14.32.00:534][978]LogModuleManager: Shutting down and abandoning module AudioSynesthesiaEditor (604)
[2025.12.03-14.32.00:534][978]LogModuleManager: Shutting down and abandoning module OculusEditor (602)
[2025.12.03-14.32.00:534][978]LogModuleManager: Shutting down and abandoning module OculusInput (600)
[2025.12.03-14.32.00:534][978]LogModuleManager: Shutting down and abandoning module ContentBrowserFileDataSource (598)
[2025.12.03-14.32.00:534][978]LogModuleManager: Shutting down and abandoning module ContentBrowserClassDataSource (596)
[2025.12.03-14.32.00:534][978]LogModuleManager: Shutting down and abandoning module ContentBrowserAssetDataSource (594)
[2025.12.03-14.32.00:534][978]LogModuleManager: Shutting down and abandoning module CollectionManager (593)
[2025.12.03-14.32.00:535][978]LogModuleManager: Shutting down and abandoning module LightPropagationVolumeEditor (590)
[2025.12.03-14.32.00:535][978]LogModuleManager: Shutting down and abandoning module TakeSequencer (588)
[2025.12.03-14.32.00:535][978]LogModuleManager: Shutting down and abandoning module TakeMovieScene (586)
[2025.12.03-14.32.00:535][978]LogModuleManager: Shutting down and abandoning module ScreenshotTools (584)
[2025.12.03-14.32.00:535][978]LogModuleManager: Shutting down and abandoning module SynthesisEditor (582)
[2025.12.03-14.32.00:536][978]LogModuleManager: Shutting down and abandoning module Synthesis (580)
[2025.12.03-14.32.00:536][978]LogModuleManager: Shutting down and abandoning module ProceduralMeshComponentEditor (578)
[2025.12.03-14.32.00:536][978]LogModuleManager: Shutting down and abandoning module ProceduralMeshComponent (576)
[2025.12.03-14.32.00:536][978]LogModuleManager: Shutting down and abandoning module OpenXREditor (574)
[2025.12.03-14.32.00:536][978]LogModuleManager: Shutting down and abandoning module MobilePatchingUtils (572)
[2025.12.03-14.32.00:536][978]LogModuleManager: Shutting down and abandoning module GooglePAD (570)
[2025.12.03-14.32.00:536][978]LogModuleManager: Shutting down and abandoning module EditableMesh (568)
[2025.12.03-14.32.00:536][978]LogModuleManager: Shutting down and abandoning module CableComponent (566)
[2025.12.03-14.32.00:536][978]LogModuleManager: Shutting down and abandoning module AudioCapture (564)
[2025.12.03-14.32.00:536][978]LogModuleManager: Shutting down and abandoning module AudioCaptureRtAudio (563)
[2025.12.03-14.32.00:536][978]LogModuleManager: Shutting down and abandoning module CustomMeshComponent (560)
[2025.12.03-14.32.00:536][978]LogModuleManager: Shutting down and abandoning module AssetTags (558)
[2025.12.03-14.32.00:536][978]LogModuleManager: Shutting down and abandoning module ArchVisCharacter (556)
[2025.12.03-14.32.00:536][978]LogModuleManager: Shutting down and abandoning module AppleImageUtilsBlueprintSupport (554)
[2025.12.03-14.32.00:536][978]LogModuleManager: Shutting down and abandoning module AppleImageUtils (552)
[2025.12.03-14.32.00:536][978]LogModuleManager: Shutting down and abandoning module AndroidPermission (550)
[2025.12.03-14.32.00:536][978]LogModuleManager: Shutting down and abandoning module ActorLayerUtilitiesEditor (548)
[2025.12.03-14.32.00:536][978]LogModuleManager: Shutting down and abandoning module ActorLayerUtilities (546)
[2025.12.03-14.32.00:536][978]LogModuleManager: Shutting down and abandoning module TemplateSequence (544)
[2025.12.03-14.32.00:536][978]LogModuleManager: Shutting down and abandoning module OpenImageDenoise (542)
[2025.12.03-14.32.00:536][978]LogOpenImageDenoise: OIDN shutting down
[2025.12.03-14.32.00:536][978]LogModuleManager: Shutting down and abandoning module MotoSynthEditor (540)
[2025.12.03-14.32.00:536][978]LogModuleManager: Shutting down and abandoning module MotoSynth (538)
[2025.12.03-14.32.00:536][978]LogModuleManager: Shutting down and abandoning module MeshConversion (536)
[2025.12.03-14.32.00:536][978]LogModuleManager: Shutting down and abandoning module DynamicMesh (534)
[2025.12.03-14.32.00:536][978]LogModuleManager: Shutting down and abandoning module GeometryAlgorithms (532)
[2025.12.03-14.32.00:536][978]LogModuleManager: Shutting down and abandoning module GeometricObjects (530)
[2025.12.03-14.32.00:536][978]LogModuleManager: Shutting down and abandoning module MediaCompositing (528)
[2025.12.03-14.32.00:536][978]LogModuleManager: Shutting down and abandoning module ImgMedia (526)
[2025.12.03-14.32.00:536][978]LogModuleManager: Shutting down and abandoning module GeometryCollectionTracks (524)
[2025.12.03-14.32.00:536][978]LogModuleManager: Shutting down and abandoning module GeometryCollectionSequencer (523)
[2025.12.03-14.32.00:536][978]LogModuleManager: Shutting down and abandoning module GeometryCollectionEditor (520)
[2025.12.03-14.32.00:536][978]LogModuleManager: Shutting down and abandoning module GeometryCacheTracks (518)
[2025.12.03-14.32.00:537][978]LogModuleManager: Shutting down and abandoning module GeometryCacheStreamer (516)
[2025.12.03-14.32.00:537][978]LogModuleManager: Shutting down and abandoning module GeometryCacheSequencer (514)
[2025.12.03-14.32.00:537][978]LogModuleManager: Shutting down and abandoning module ChaosNiagara (512)
[2025.12.03-14.32.00:537][978]LogModuleManager: Shutting down and abandoning module ChaosSolverEditor (510)
[2025.12.03-14.32.00:537][978]LogModuleManager: Shutting down and abandoning module ChaosClothEditor (508)
[2025.12.03-14.32.00:537][978]LogModuleManager: Shutting down and abandoning module FractureEditor (506)
[2025.12.03-14.32.00:537][978]LogModuleManager: Shutting down and abandoning module FieldSystemEngine (505)
[2025.12.03-14.32.00:537][978]LogModuleManager: Shutting down and abandoning module BackChannel (502)
[2025.12.03-14.32.00:537][978]LogModuleManager: Shutting down and abandoning module AutomationUtilsEditor (500)
[2025.12.03-14.32.00:537][978]LogModuleManager: Shutting down and abandoning module AutomationUtils (498)
[2025.12.03-14.32.00:537][978]LogModuleManager: Shutting down and abandoning module AlembicImporter (496)
[2025.12.03-14.32.00:537][978]LogModuleManager: Shutting down and abandoning module AlembicLibrary (495)
[2025.12.03-14.32.00:537][978]LogModuleManager: Shutting down and abandoning module GeometryCache (494)
[2025.12.03-14.32.00:537][978]LogModuleManager: Shutting down and abandoning module GeometryCacheEd (493)
[2025.12.03-14.32.00:537][978]LogModuleManager: Shutting down and abandoning module MagicLeapSharedWorld (488)
[2025.12.03-14.32.00:537][978]LogModuleManager: Shutting down and abandoning module MagicLeapLightEstimation (486)
[2025.12.03-14.32.00:537][978]LogModuleManager: Shutting down and abandoning module MagicLeapHelperVulkan (484)
[2025.12.03-14.32.00:537][978]LogModuleManager: Shutting down and abandoning module MagicLeapHelperOpenGL (482)
[2025.12.03-14.32.00:537][978]LogModuleManager: Shutting down and abandoning module MagicLeapAudio (480)
[2025.12.03-14.32.00:537][978]LogModuleManager: Shutting down and abandoning module NiagaraEditorWidgets (478)
[2025.12.03-14.32.00:537][978]LogModuleManager: Shutting down and abandoning module VariantManagerContentEditor (476)
[2025.12.03-14.32.00:537][978]LogModuleManager: Shutting down and abandoning module DatasmithContentEditor (474)
[2025.12.03-14.32.00:537][978]LogModuleManager: Shutting down and abandoning module SpeedTreeImporter (472)
[2025.12.03-14.32.00:537][978]LogModuleManager: Shutting down and abandoning module MobileLauncherProfileWizard (470)
[2025.12.03-14.32.00:537][978]LogModuleManager: Shutting down and abandoning module PluginBrowser (468)
[2025.12.03-14.32.00:537][978]LogModuleManager: Shutting down and abandoning module MaterialAnalyzer (466)
[2025.12.03-14.32.00:537][978]LogModuleManager: Shutting down and abandoning module CurveEditorTools (464)
[2025.12.03-14.32.00:538][978]LogModuleManager: Shutting down and abandoning module CryptoKeysOpenSSL (462)
[2025.12.03-14.32.00:538][978]LogModuleManager: Shutting down and abandoning module CryptoKeys (460)
[2025.12.03-14.32.00:538][978]LogModuleManager: Shutting down and abandoning module OodleNetworkHandlerComponent (458)
[2025.12.03-14.32.00:539][978]LogModuleManager: Shutting down and abandoning module VisualStudioSourceCodeAccess (456)
[2025.12.03-14.32.00:539][978]LogModuleManager: Shutting down and abandoning module VisualStudioCodeSourceCodeAccess (454)
[2025.12.03-14.32.00:539][978]LogModuleManager: Shutting down and abandoning module UObjectPlugin (452)
[2025.12.03-14.32.00:539][978]LogModuleManager: Shutting down and abandoning module RiderSourceCodeAccess (450)
[2025.12.03-14.32.00:539][978]LogModuleManager: Shutting down and abandoning module SubversionSourceControl (448)
[2025.12.03-14.32.00:539][978]LogModuleManager: Shutting down and abandoning module PluginUtils (446)
[2025.12.03-14.32.00:539][978]LogModuleManager: Shutting down and abandoning module PlasticSourceControl (444)
[2025.12.03-14.32.00:539][978]LogModuleManager: Shutting down and abandoning module PerforceSourceControl (442)
[2025.12.03-14.32.00:539][978]LogModuleManager: Shutting down and abandoning module GitSourceControl (440)
[2025.12.03-14.32.00:539][978]LogModuleManager: Shutting down and abandoning module SourceControl (439)
[2025.12.03-14.32.00:539][978]LogModuleManager: Shutting down and abandoning module CLionSourceCodeAccess (436)
[2025.12.03-14.32.00:539][978]LogModuleManager: Shutting down and abandoning module AnimationSharingEd (434)
[2025.12.03-14.32.00:539][978]LogModuleManager: Shutting down and abandoning module LiveLinkSequencer (432)
[2025.12.03-14.32.00:539][978]LogModuleManager: Shutting down and abandoning module LiveLinkMovieScene (430)
[2025.12.03-14.32.00:539][978]LogModuleManager: Shutting down and abandoning module LiveLinkGraphNode (428)
[2025.12.03-14.32.00:539][978]LogModuleManager: Shutting down and abandoning module LiveLinkEditor (426)
[2025.12.03-14.32.00:539][978]LogModuleManager: Shutting down and abandoning module LiveLinkComponents (424)
[2025.12.03-14.32.00:539][978]LogModuleManager: Shutting down and abandoning module LiveLink (422)
