Log file open, 12/03/25 17:05:31
LogWindows: Failed to load 'aqProf.dll' (GetLastError=126)
LogWindows: File 'aqProf.dll' does not exist
LogWindows: Failed to load 'VtuneApi.dll' (GetLastError=126)
LogWindows: File 'VtuneApi.dll' does not exist
LogWindows: Failed to load 'VtuneApi32e.dll' (GetLastError=126)
LogWindows: File 'VtuneApi32e.dll' does not exist
LogConsoleResponse: Display: Failed to find resolution value strings in scalability ini. Falling back to default.
LogConsoleResponse: Display: Failed to find resolution value strings in scalability ini. Falling back to default.
LogInit: Display: Running engine for game: ColunaDoendoSamurai
LogPlatformFile: Not using cached read wrapper
LogTaskGraph: Started task graph with 5 named threads and 23 total threads with 3 sets of task threads.
LogStats: Stats thread started at 0.692769
LogICUInternationalization: ICU TimeZone Detection - Raw Offset: -3:00, Platform Override: ''
LogInit: Display: Loading text-based GConfig....
LogPluginManager: Mounting plugin MeshPainting
LogPluginManager: Mounting plugin XGEController
LogPluginManager: Mounting plugin Paper2D
LogPluginManager: Mounting plugin LightPropagationVolume
LogPluginManager: Mounting plugin LiveLink
LogPluginManager: Mounting plugin AISupport
LogPluginManager: Mounting plugin EnvironmentQueryEditor
LogPluginManager: Mounting plugin CameraShakePreviewer
LogPluginManager: Mounting plugin GameplayCameras
LogPluginManager: Mounting plugin OodleData
LogPluginManager: Mounting plugin OodleNetwork
LogPluginManager: Mounting plugin AnimationSharing
LogPluginManager: Mounting plugin CLionSourceCodeAccess
LogPluginManager: Mounting plugin CodeLiteSourceCodeAccess
LogPluginManager: Mounting plugin KDevelopSourceCodeAccess
LogPluginManager: Mounting plugin GitSourceControl
LogPluginManager: Mounting plugin NullSourceCodeAccess
LogPluginManager: Mounting plugin PerforceSourceControl
LogPluginManager: Mounting plugin PixWinPlugin
LogPluginManager: Mounting plugin PlasticSourceControl
LogPluginManager: Mounting plugin PluginUtils
LogPluginManager: Mounting plugin Niagara
LogPluginManager: Mounting plugin RiderSourceCodeAccess
LogPluginManager: Mounting plugin TextureFormatOodle
LogPluginManager: Mounting plugin SubversionSourceControl
LogPluginManager: Mounting plugin UObjectPlugin
LogPluginManager: Mounting plugin VisualStudioCodeSourceCodeAccess
LogPluginManager: Mounting plugin XCodeSourceCodeAccess
LogPluginManager: Mounting plugin PropertyAccessNode
LogPluginManager: Mounting plugin VisualStudioSourceCodeAccess
LogPluginManager: Mounting plugin DatasmithContent
LogPluginManager: Mounting plugin AutomationUtils
LogPluginManager: Mounting plugin BackChannel
LogPluginManager: Mounting plugin AlembicImporter
LogPluginManager: Mounting plugin ChaosClothEditor
LogPluginManager: Mounting plugin ChaosEditor
LogPluginManager: Mounting plugin ChaosCloth
LogPluginManager: Mounting plugin ChaosNiagara
LogPluginManager: Mounting plugin ChaosSolverPlugin
LogPluginManager: Mounting plugin VariantManagerContent
LogPluginManager: Mounting plugin CharacterAI
LogPluginManager: Mounting plugin GeometryCache
LogPluginManager: Mounting plugin GeometryCollectionPlugin
LogPluginManager: Mounting plugin GeometryProcessing
LogPluginManager: Mounting plugin MotoSynth
LogPluginManager: Mounting plugin OpenImageDenoise
LogPluginManager: Mounting plugin PlanarCut
LogPluginManager: Mounting plugin ProxyLODPlugin
LogPluginManager: Mounting plugin PlatformCrypto
LogPluginManager: Mounting plugin PythonScriptPlugin
LogPluginManager: Mounting plugin SkeletalReduction
LogPluginManager: Mounting plugin UdpMessaging
LogPluginManager: Mounting plugin TcpMessaging
LogPluginManager: Mounting plugin AndroidMedia
LogPluginManager: Mounting plugin AvfMedia
LogPluginManager: Mounting plugin ImgMedia
LogPluginManager: Mounting plugin MediaCompositing
LogPluginManager: Mounting plugin MediaPlayerEditor
LogPluginManager: Mounting plugin AssetManagerEditor
LogPluginManager: Mounting plugin WmfMedia
LogPluginManager: Mounting plugin WebMMedia
LogPluginManager: Mounting plugin LuminPlatformFeatures
LogPluginManager: Mounting plugin CryptoKeys
LogPluginManager: Mounting plugin MagicLeap
LogPluginManager: Mounting plugin CurveEditorTools
LogPluginManager: Mounting plugin MagicLeapLightEstimation
LogPluginManager: Mounting plugin MagicLeapMedia
LogPluginManager: Mounting plugin MagicLeapPassableWorld
LogPluginManager: Mounting plugin MLSDK
LogPluginManager: Mounting plugin DataValidation
LogPluginManager: Mounting plugin GeometryMode
LogPluginManager: Mounting plugin MaterialAnalyzer
LogPluginManager: Mounting plugin GameplayTagsEditor
LogPluginManager: Mounting plugin MacGraphicsSwitching
LogPluginManager: Mounting plugin MobileLauncherProfileWizard
LogPluginManager: Mounting plugin SpeedTreeImporter
LogPluginManager: Mounting plugin FacialAnimation
LogPluginManager: Mounting plugin PluginBrowser
LogPluginManager: Mounting plugin ActorSequence
LogPluginManager: Mounting plugin LevelSequenceEditor
LogPluginManager: Mounting plugin MatineeToLevelSequence
LogPluginManager: Mounting plugin TemplateSequence
LogPluginManager: Mounting plugin OnlineSubsystem
LogPluginManager: Mounting plugin OnlineSubsystemNull
LogPluginManager: Mounting plugin OnlineSubsystemUtils
LogPluginManager: Mounting plugin LauncherChunkInstaller
LogPluginManager: Mounting plugin ScreenshotTools
LogPluginManager: Mounting plugin ActorLayerUtilities
LogPluginManager: Mounting plugin AndroidDeviceProfileSelector
LogPluginManager: Mounting plugin AndroidMoviePlayer
LogPluginManager: Mounting plugin AndroidPermission
LogPluginManager: Mounting plugin AppleImageUtils
LogPluginManager: Mounting plugin AppleMoviePlayer
LogPluginManager: Mounting plugin AssetTags
LogPluginManager: Mounting plugin ArchVisCharacter
LogPluginManager: Mounting plugin AudioCapture
LogPluginManager: Mounting plugin AudioSynesthesia
LogPluginManager: Mounting plugin CableComponent
LogPluginManager: Mounting plugin ChunkDownloader
LogPluginManager: Mounting plugin CustomMeshComponent
LogPluginManager: Mounting plugin EditableMesh
LogPluginManager: Mounting plugin ExampleDeviceProfileSelector
LogPluginManager: Mounting plugin GooglePAD
LogPluginManager: Mounting plugin GoogleCloudMessaging
LogPluginManager: Mounting plugin Takes
LogPluginManager: Mounting plugin IOSDeviceProfileSelector
LogPluginManager: Mounting plugin LinuxDeviceProfileSelector
LogPluginManager: Mounting plugin LocationServicesBPLibrary
LogPluginManager: Mounting plugin MobilePatchingUtils
LogPluginManager: Mounting plugin OpenXREyeTracker
LogPluginManager: Mounting plugin OpenXR
LogPluginManager: Mounting plugin OpenXRHandTracking
LogPluginManager: Mounting plugin PhysXVehicles
LogPluginManager: Mounting plugin PostSplashScreen
LogPluginManager: Mounting plugin ProceduralMeshComponent
LogPluginManager: Mounting plugin PropertyAccessEditor
LogPluginManager: Mounting plugin RuntimePhysXCooking
LogPluginManager: Mounting plugin SignificanceManager
LogPluginManager: Mounting plugin SoundFields
LogPluginManager: Mounting plugin Synthesis
LogPluginManager: Mounting plugin WebMMoviePlayer
LogPluginManager: Mounting plugin WindowsMoviePlayer
LogPluginManager: Mounting plugin ContentBrowserAssetDataSource
LogPluginManager: Mounting plugin ContentBrowserClassDataSource
LogPluginManager: Mounting plugin ContentBrowserFileDataSource
LogPluginManager: Mounting plugin OnlineSubsystemGooglePlay
LogPluginManager: Mounting plugin OnlineSubsystemIOS
LogPluginManager: Mounting plugin OculusVR
LogPluginManager: Mounting plugin SteamVR
PixWinPlugin: PIX capture plugin failed to initialize! Check that the process is launched from PIX.
LogInit: Using libcurl 7.55.1-DEV
LogInit:  - built for x86_64-pc-win32
LogInit:  - supports SSL with OpenSSL/1.1.1
LogInit:  - supports HTTP deflate (compression) using libz 1.2.8
LogInit:  - other features:
LogInit:      CURL_VERSION_SSL
LogInit:      CURL_VERSION_LIBZ
LogInit:      CURL_VERSION_IPV6
LogInit:      CURL_VERSION_ASYNCHDNS
LogInit:      CURL_VERSION_LARGEFILE
LogInit:      CURL_VERSION_IDN
LogInit:  CurlRequestOptions (configurable via config and command line):
LogInit:  - bVerifyPeer = true  - Libcurl will verify peer certificate
LogInit:  - bUseHttpProxy = false  - Libcurl will NOT use HTTP proxy
LogInit:  - bDontReuseConnections = false  - Libcurl will reuse connections
LogInit:  - MaxHostConnections = 16  - Libcurl will limit the number of connections to a host
LogInit:  - LocalHostAddr = Default
LogInit:  - BufferSize = 65536
LogOnline: OSS: Creating online subsystem instance for: NULL
LogInit: WinSock: version 1.1 (2.2), MaxSocks=32767, MaxUdp=65467
LogOnline: OSS: TryLoadSubsystemAndSetDefault: Loaded subsystem for module [NULL]
LogOculusPluginWrapper: OculusPlugin initialized successfully
LogHMD: Failed initializing OVRPlugin 1.59.0
LogInit: Build: ++UE4+Release-4.27-CL-18319896
LogInit: Engine Version: 4.27.2-18319896+++UE4+Release-4.27
LogInit: Compatible Engine Version: 4.27.0-17155196+++UE4+Release-4.27
LogInit: Net CL: 17155196
LogInit: OS: Windows 10 (Release 2009) (), CPU: AMD Ryzen 7 3750H with Radeon Vega Mobile Gfx  , GPU: AMD Radeon(TM) RX Vega 10 Graphics 
LogInit: Compiled (64-bit): Nov 30 2021 07:12:08
LogInit: Compiled with Visual C++: 19.24.28315.00
LogInit: Build Configuration: Development
LogInit: Branch Name: ++UE4+Release-4.27
LogInit: Command Line: 
LogInit: Base Directory: C:/Genshin/UE_4.27/Engine/Binaries/Win64/
LogInit: Allocator: TBB
LogInit: Installed Engine Build: 1
LogDevObjectVersion: Number of dev versions registered: 29
LogDevObjectVersion:   Dev-Blueprints (B0D832E4-1F89-4F0D-ACCF-7EB736FD4AA2): 10
LogDevObjectVersion:   Dev-Build (E1C64328-A22C-4D53-A36C-8E866417BD8C): 0
LogDevObjectVersion:   Dev-Core (375EC13C-06E4-48FB-B500-84F0262A717E): 4
LogDevObjectVersion:   Dev-Editor (E4B068ED-F494-42E9-A231-DA0B2E46BB41): 40
LogDevObjectVersion:   Dev-Framework (CFFC743F-43B0-4480-9391-14DF171D2073): 37
LogDevObjectVersion:   Dev-Mobile (B02B49B5-BB20-44E9-A304-32B752E40360): 3
LogDevObjectVersion:   Dev-Networking (A4E4105C-59A1-49B5-A7C5-40C4547EDFEE): 0
LogDevObjectVersion:   Dev-Online (39C831C9-5AE6-47DC-9A44-9C173E1C8E7C): 0
LogDevObjectVersion:   Dev-Physics (78F01B33-EBEA-4F98-B9B4-84EACCB95AA2): 14
LogDevObjectVersion:   Dev-Platform (6631380F-2D4D-43E0-8009-CF276956A95A): 0
LogDevObjectVersion:   Dev-Rendering (12F88B9F-8875-4AFC-A67C-D90C383ABD29): 45
LogDevObjectVersion:   Dev-Sequencer (7B5AE74C-D270-4C10-A958-57980B212A5A): 13
LogDevObjectVersion:   Dev-VR (D7296918-1DD6-4BDD-9DE2-64A83CC13884): 3
LogDevObjectVersion:   Dev-LoadTimes (C2A15278-BFE7-4AFE-6C17-90FF531DF755): 1
LogDevObjectVersion:   Private-Geometry (6EACA3D4-40EC-4CC1-B786-8BED09428FC5): 3
LogDevObjectVersion:   Dev-AnimPhys (29E575DD-E0A3-4627-9D10-D276232CDCEA): 17
LogDevObjectVersion:   Dev-Anim (AF43A65D-7FD3-4947-9873-3E8ED9C1BB05): 15
LogDevObjectVersion:   Dev-ReflectionCapture (6B266CEC-1EC7-4B8F-A30B-E4D90942FC07): 1
LogDevObjectVersion:   Dev-Automation (0DF73D61-A23F-47EA-B727-89E90C41499A): 1
LogDevObjectVersion:   FortniteMain (601D1886-AC64-4F84-AA16-D3DE0DEAC7D6): 47
LogDevObjectVersion:   FortniteRelease (E7086368-6B23-4C58-8439-1B7016265E91): 1
LogDevObjectVersion:   Dev-Enterprise (9DFFBCD6-494F-0158-E221-12823C92A888): 10
LogDevObjectVersion:   Dev-Niagara (F2AED0AC-9AFE-416F-8664-AA7FFA26D6FC): 1
LogDevObjectVersion:   Dev-Destruction (174F1F0B-B4C6-45A5-B13F-2EE8D0FB917D): 10
LogDevObjectVersion:   Dev-Physics-Ext (35F94A83-E258-406C-A318-09F59610247C): 41
LogDevObjectVersion:   Dev-PhysicsMaterial-Chaos (B68FC16E-8B1B-42E2-B453-215C058844FE): 1
LogDevObjectVersion:   Dev-CineCamera (B2E18506-4273-CFC2-A54E-F4BB758BBA07): 1
LogDevObjectVersion:   Dev-VirtualProduction (64F58936-FD1B-42BA-BA96-7289D5D0FA4E): 1
LogDevObjectVersion:   Dev-MediaFramework (6F0ED827-A609-4895-9C91-998D90180EA4): 2
LogInit: Presizing for max 25165824 objects, including 0 objects not considered by GC, pre-allocating 0 bytes for permanent pool.
LogConfig: Applying CVar settings from Section [/Script/Engine.StreamingSettings] File [E:/Unreal/Fumec_DevGames/Saved/Config/Windows/Engine.ini]
LogConfig: Setting CVar [[s.MinBulkDataSizeForAsyncLoading:131072]]
LogConfig: Setting CVar [[s.AsyncLoadingThreadEnabled:0]]
LogConfig: Setting CVar [[s.EventDrivenLoaderEnabled:1]]
LogConfig: Setting CVar [[s.WarnIfTimeLimitExceeded:0]]
LogConfig: Setting CVar [[s.TimeLimitExceededMultiplier:1.5]]
LogConfig: Setting CVar [[s.TimeLimitExceededMinTime:0.005]]
LogConfig: Setting CVar [[s.UseBackgroundLevelStreaming:1]]
LogConfig: Setting CVar [[s.PriorityAsyncLoadingExtraTime:15.0]]
LogConfig: Setting CVar [[s.LevelStreamingActorsUpdateTimeLimit:5.0]]
LogConfig: Setting CVar [[s.PriorityLevelStreamingActorsUpdateExtraTime:5.0]]
LogConfig: Setting CVar [[s.LevelStreamingComponentsRegistrationGranularity:10]]
LogConfig: Setting CVar [[s.UnregisterComponentsTimeLimit:1.0]]
LogConfig: Setting CVar [[s.LevelStreamingComponentsUnregistrationGranularity:5]]
LogConfig: Setting CVar [[s.FlushStreamingOnExit:1]]
LogInit: Object subsystem initialized
LogConfig: Setting CVar [[con.DebugEarlyDefault:1]]
LogConfig: Setting CVar [[r.setres:1280x720]]
[2025.12.03-20.05.33:326][  0]LogConfig: Setting CVar [[r.VSync:0]]
[2025.12.03-20.05.33:326][  0]LogConfig: Setting CVar [[r.RHICmdBypass:0]]
[2025.12.03-20.05.33:327][  0]LogConfig: Applying CVar settings from Section [/Script/Engine.RendererSettings] File [E:/Unreal/Fumec_DevGames/Saved/Config/Windows/Engine.ini]
[2025.12.03-20.05.33:327][  0]LogConfig: Setting CVar [[r.GPUCrashDebugging:0]]
[2025.12.03-20.05.33:327][  0]LogConfig: Setting CVar [[r.Mobile.DisableVertexFog:1]]
[2025.12.03-20.05.33:327][  0]LogConfig: Setting CVar [[r.Shadow.CSM.MaxMobileCascades:2]]
[2025.12.03-20.05.33:327][  0]LogConfig: Setting CVar [[r.MobileMSAA:1]]
[2025.12.03-20.05.33:327][  0]LogConfig: Setting CVar [[r.Mobile.AllowDitheredLODTransition:0]]
[2025.12.03-20.05.33:327][  0]LogConfig: Setting CVar [[r.Mobile.AllowSoftwareOcclusion:0]]
[2025.12.03-20.05.33:327][  0]LogConfig: Setting CVar [[r.Mobile.VirtualTextures:0]]
[2025.12.03-20.05.33:327][  0]LogConfig: Setting CVar [[r.DiscardUnusedQuality:0]]
[2025.12.03-20.05.33:327][  0]LogConfig: Setting CVar [[r.AllowOcclusionQueries:1]]
[2025.12.03-20.05.33:327][  0]LogConfig: Setting CVar [[r.MinScreenRadiusForLights:0.030000]]
[2025.12.03-20.05.33:327][  0]LogConfig: Setting CVar [[r.MinScreenRadiusForDepthPrepass:0.030000]]
[2025.12.03-20.05.33:327][  0]LogConfig: Setting CVar [[r.MinScreenRadiusForCSMDepth:0.010000]]
[2025.12.03-20.05.33:327][  0]LogConfig: Setting CVar [[r.PrecomputedVisibilityWarning:0]]
[2025.12.03-20.05.33:327][  0]LogConfig: Setting CVar [[r.TextureStreaming:1]]
[2025.12.03-20.05.33:327][  0]LogConfig: Setting CVar [[Compat.UseDXT5NormalMaps:0]]
[2025.12.03-20.05.33:327][  0]LogConfig: Setting CVar [[r.VirtualTextures:0]]
[2025.12.03-20.05.33:327][  0]LogConfig: Setting CVar [[r.VT.EnableAutoImport:1]]
[2025.12.03-20.05.33:327][  0]LogConfig: Setting CVar [[r.VirtualTexturedLightmaps:0]]
[2025.12.03-20.05.33:327][  0]LogConfig: Setting CVar [[r.VT.TileSize:128]]
[2025.12.03-20.05.33:327][  0]LogConfig: Setting CVar [[r.VT.TileBorderSize:4]]
[2025.12.03-20.05.33:327][  0]LogConfig: Setting CVar [[r.vt.FeedbackFactor:16]]
[2025.12.03-20.05.33:327][  0]LogConfig: Setting CVar [[r.VT.EnableCompressZlib:1]]
[2025.12.03-20.05.33:327][  0]LogConfig: Setting CVar [[r.VT.EnableCompressCrunch:0]]
[2025.12.03-20.05.33:327][  0]LogConfig: Setting CVar [[r.ClearCoatNormal:0]]
[2025.12.03-20.05.33:327][  0]LogConfig: Setting CVar [[r.ReflectionCaptureResolution:128]]
[2025.12.03-20.05.33:327][  0]LogConfig: Setting CVar [[r.Mobile.ReflectionCaptureCompression:0]]
[2025.12.03-20.05.33:327][  0]LogConfig: Setting CVar [[r.ReflectionEnvironmentLightmapMixBasedOnRoughness:1]]
[2025.12.03-20.05.33:327][  0]LogConfig: Setting CVar [[r.ForwardShading:0]]
[2025.12.03-20.05.33:327][  0]LogConfig: Setting CVar [[r.VertexFoggingForOpaque:1]]
[2025.12.03-20.05.33:327][  0]LogConfig: Setting CVar [[r.AllowStaticLighting:1]]
[2025.12.03-20.05.33:327][  0]LogConfig: Setting CVar [[r.NormalMapsForStaticLighting:0]]
[2025.12.03-20.05.33:327][  0]LogConfig: Setting CVar [[r.GenerateMeshDistanceFields:0]]
[2025.12.03-20.05.33:327][  0]LogConfig: Setting CVar [[r.DistanceFieldBuild.EightBit:0]]
[2025.12.03-20.05.33:327][  0]LogConfig: Setting CVar [[r.GenerateLandscapeGIData:0]]
[2025.12.03-20.05.33:327][  0]LogConfig: Setting CVar [[r.DistanceFieldBuild.Compress:0]]
[2025.12.03-20.05.33:327][  0]LogConfig: Setting CVar [[r.TessellationAdaptivePixelsPerTriangle:48.000000]]
[2025.12.03-20.05.33:327][  0]LogConfig: Setting CVar [[r.SeparateTranslucency:1]]
[2025.12.03-20.05.33:327][  0]LogConfig: Setting CVar [[r.TranslucentSortPolicy:0]]
[2025.12.03-20.05.33:327][  0]LogConfig: Setting CVar [[vr.VRS.HMDFixedFoveationLevel:0]]
[2025.12.03-20.05.33:327][  0]LogConfig: Setting CVar [[r.CustomDepth:1]]
[2025.12.03-20.05.33:327][  0]LogConfig: Setting CVar [[r.CustomDepthTemporalAAJitter:1]]
[2025.12.03-20.05.33:327][  0]LogConfig: Setting CVar [[r.PostProcessing.PropagateAlpha:0]]
[2025.12.03-20.05.33:327][  0]LogConfig: Setting CVar [[r.DefaultFeature.Bloom:1]]
[2025.12.03-20.05.33:327][  0]LogConfig: Setting CVar [[r.DefaultFeature.AmbientOcclusion:1]]
[2025.12.03-20.05.33:327][  0]LogConfig: Setting CVar [[r.DefaultFeature.AmbientOcclusionStaticFraction:1]]
[2025.12.03-20.05.33:327][  0]LogConfig: Setting CVar [[r.DefaultFeature.AutoExposure:0]]
[2025.12.03-20.05.33:327][  0]LogConfig: Setting CVar [[r.DefaultFeature.AutoExposure.Method:0]]
[2025.12.03-20.05.33:327][  0]LogConfig: Setting CVar [[r.DefaultFeature.AutoExposure.Bias:1.000000]]
[2025.12.03-20.05.33:327][  0]LogConfig: Setting CVar [[r.DefaultFeature.AutoExposure.ExtendDefaultLuminanceRange:0]]
[2025.12.03-20.05.33:327][  0]LogConfig: Setting CVar [[r.UsePreExposure:1]]
[2025.12.03-20.05.33:327][  0]LogConfig: Setting CVar [[r.EyeAdaptation.EditorOnly:0]]
[2025.12.03-20.05.33:327][  0]LogConfig: Setting CVar [[r.DefaultFeature.MotionBlur:0]]
[2025.12.03-20.05.33:327][  0]LogConfig: Setting CVar [[r.DefaultFeature.LensFlare:0]]
[2025.12.03-20.05.33:327][  0]LogConfig: Setting CVar [[r.TemporalAA.Upsampling:0]]
[2025.12.03-20.05.33:327][  0]LogConfig: Setting CVar [[r.SSGI.Enable:0]]
[2025.12.03-20.05.33:327][  0]LogConfig: Setting CVar [[r.DefaultFeature.AntiAliasing:0]]
[2025.12.03-20.05.33:327][  0]LogConfig: Setting CVar [[r.DefaultFeature.LightUnits:1]]
[2025.12.03-20.05.33:327][  0]LogConfig: Setting CVar [[r.DefaultBackBufferPixelFormat:4]]
[2025.12.03-20.05.33:327][  0]LogConfig: Setting CVar [[r.Shadow.UnbuiltPreviewInGame:1]]
[2025.12.03-20.05.33:327][  0]LogConfig: Setting CVar [[r.StencilForLODDither:0]]
[2025.12.03-20.05.33:327][  0]LogConfig: Setting CVar [[r.EarlyZPass:3]]
[2025.12.03-20.05.33:329][  0]LogConfig: Setting CVar [[r.EarlyZPassOnlyMaterialMasking:0]]
[2025.12.03-20.05.33:329][  0]LogConfig: Setting CVar [[r.DBuffer:1]]
[2025.12.03-20.05.33:329][  0]LogConfig: Setting CVar [[r.ClearSceneMethod:1]]
[2025.12.03-20.05.33:329][  0]LogConfig: Setting CVar [[r.BasePassOutputsVelocity:0]]
[2025.12.03-20.05.33:329][  0]LogConfig: Setting CVar [[r.VertexDeformationOutputsVelocity:0]]
[2025.12.03-20.05.33:329][  0]LogConfig: Setting CVar [[r.SelectiveBasePassOutputs:0]]
[2025.12.03-20.05.33:329][  0]LogConfig: Setting CVar [[fx.GPUSimulationTextureSizeX:1024]]
[2025.12.03-20.05.33:329][  0]LogConfig: Setting CVar [[fx.GPUSimulationTextureSizeY:1024]]
[2025.12.03-20.05.33:329][  0]LogConfig: Setting CVar [[r.AllowGlobalClipPlane:0]]
[2025.12.03-20.05.33:329][  0]LogConfig: Setting CVar [[r.GBufferFormat:1]]
[2025.12.03-20.05.33:329][  0]LogConfig: Setting CVar [[r.MorphTarget.Mode:1]]
[2025.12.03-20.05.33:329][  0]LogConfig: Setting CVar [[vr.InstancedStereo:0]]
[2025.12.03-20.05.33:329][  0]LogConfig: Setting CVar [[r.MobileHDR:1]]
[2025.12.03-20.05.33:329][  0]LogConfig: Setting CVar [[vr.MobileMultiView:0]]
[2025.12.03-20.05.33:329][  0]LogConfig: Setting CVar [[r.Mobile.UseHWsRGBEncoding:0]]
[2025.12.03-20.05.33:329][  0]LogConfig: Setting CVar [[vr.RoundRobinOcclusion:0]]
[2025.12.03-20.05.33:329][  0]LogConfig: Setting CVar [[vr.ODSCapture:0]]
[2025.12.03-20.05.33:329][  0]LogConfig: Setting CVar [[r.MeshStreaming:0]]
[2025.12.03-20.05.33:329][  0]LogConfig: Setting CVar [[r.WireframeCullThreshold:5.000000]]
[2025.12.03-20.05.33:329][  0]LogConfig: Setting CVar [[r.RayTracing:0]]
[2025.12.03-20.05.33:329][  0]LogConfig: Setting CVar [[r.RayTracing.UseTextureLod:0]]
[2025.12.03-20.05.33:329][  0]LogConfig: Setting CVar [[r.SupportStationarySkylight:1]]
[2025.12.03-20.05.33:329][  0]LogConfig: Setting CVar [[r.SupportLowQualityLightmaps:1]]
[2025.12.03-20.05.33:329][  0]LogConfig: Setting CVar [[r.SupportPointLightWholeSceneShadows:1]]
[2025.12.03-20.05.33:329][  0]LogConfig: Setting CVar [[r.SupportAtmosphericFog:1]]
[2025.12.03-20.05.33:329][  0]LogConfig: Setting CVar [[r.SupportSkyAtmosphere:1]]
[2025.12.03-20.05.33:329][  0]LogConfig: Setting CVar [[r.SupportSkyAtmosphereAffectsHeightFog:0]]
[2025.12.03-20.05.33:329][  0]LogConfig: Setting CVar [[r.SkinCache.CompileShaders:0]]
[2025.12.03-20.05.33:329][  0]LogConfig: Setting CVar [[r.SkinCache.DefaultBehavior:1]]
[2025.12.03-20.05.33:329][  0]LogConfig: Setting CVar [[r.SkinCache.SceneMemoryLimitInMB:128.000000]]
[2025.12.03-20.05.33:329][  0]LogConfig: Setting CVar [[r.Mobile.EnableStaticAndCSMShadowReceivers:1]]
[2025.12.03-20.05.33:329][  0]LogConfig: Setting CVar [[r.Mobile.EnableMovableLightCSMShaderCulling:1]]
[2025.12.03-20.05.33:329][  0]LogConfig: Setting CVar [[r.Mobile.AllowDistanceFieldShadows:1]]
[2025.12.03-20.05.33:329][  0]LogConfig: Setting CVar [[r.Mobile.AllowMovableDirectionalLights:1]]
[2025.12.03-20.05.33:329][  0]LogConfig: Setting CVar [[r.MobileNumDynamicPointLights:4]]
[2025.12.03-20.05.33:329][  0]LogConfig: Setting CVar [[r.MobileDynamicPointLightsUseStaticBranch:1]]
[2025.12.03-20.05.33:329][  0]LogConfig: Setting CVar [[r.Mobile.EnableMovableSpotlights:0]]
[2025.12.03-20.05.33:329][  0]LogConfig: Setting CVar [[r.Mobile.EnableMovableSpotlightsShadow:0]]
[2025.12.03-20.05.33:329][  0]LogConfig: Setting CVar [[r.GPUSkin.Support16BitBoneIndex:0]]
[2025.12.03-20.05.33:329][  0]LogConfig: Setting CVar [[r.GPUSkin.Limit2BoneInfluences:0]]
[2025.12.03-20.05.33:329][  0]LogConfig: Setting CVar [[r.SupportDepthOnlyIndexBuffers:1]]
[2025.12.03-20.05.33:329][  0]LogConfig: Setting CVar [[r.SupportReversedIndexBuffers:1]]
[2025.12.03-20.05.33:329][  0]LogConfig: Setting CVar [[r.LightPropagationVolume:0]]
[2025.12.03-20.05.33:329][  0]LogConfig: Setting CVar [[r.Mobile.AmbientOcclusion:0]]
[2025.12.03-20.05.33:329][  0]LogConfig: Setting CVar [[r.GPUSkin.UnlimitedBoneInfluences:0]]
[2025.12.03-20.05.33:329][  0]LogConfig: Setting CVar [[r.GPUSkin.UnlimitedBoneInfluencesThreshold:8]]
[2025.12.03-20.05.33:329][  0]LogConfig: Setting CVar [[r.Mobile.PlanarReflectionMode:0]]
[2025.12.03-20.05.33:329][  0]LogConfig: Setting CVar [[r.Mobile.SupportsGen4TAA:0]]
[2025.12.03-20.05.33:329][  0]LogConfig: Applying CVar settings from Section [/Script/Engine.RendererOverrideSettings] File [E:/Unreal/Fumec_DevGames/Saved/Config/Windows/Engine.ini]
[2025.12.03-20.05.33:329][  0]LogConfig: Applying CVar settings from Section [/Script/Engine.StreamingSettings] File [E:/Unreal/Fumec_DevGames/Saved/Config/Windows/Engine.ini]
[2025.12.03-20.05.33:329][  0]LogConfig: Setting CVar [[s.MinBulkDataSizeForAsyncLoading:131072]]
[2025.12.03-20.05.33:329][  0]LogConfig: Setting CVar [[s.AsyncLoadingThreadEnabled:0]]
[2025.12.03-20.05.33:329][  0]LogConfig: Setting CVar [[s.EventDrivenLoaderEnabled:1]]
[2025.12.03-20.05.33:330][  0]LogConfig: Setting CVar [[s.WarnIfTimeLimitExceeded:0]]
[2025.12.03-20.05.33:330][  0]LogConfig: Setting CVar [[s.TimeLimitExceededMultiplier:1.5]]
[2025.12.03-20.05.33:330][  0]LogConfig: Setting CVar [[s.TimeLimitExceededMinTime:0.005]]
[2025.12.03-20.05.33:330][  0]LogConfig: Setting CVar [[s.UseBackgroundLevelStreaming:1]]
[2025.12.03-20.05.33:330][  0]LogConfig: Setting CVar [[s.PriorityAsyncLoadingExtraTime:15.0]]
[2025.12.03-20.05.33:330][  0]LogConfig: Setting CVar [[s.LevelStreamingActorsUpdateTimeLimit:5.0]]
[2025.12.03-20.05.33:330][  0]LogConfig: Setting CVar [[s.PriorityLevelStreamingActorsUpdateExtraTime:5.0]]
[2025.12.03-20.05.33:330][  0]LogConfig: Setting CVar [[s.LevelStreamingComponentsRegistrationGranularity:10]]
[2025.12.03-20.05.33:330][  0]LogConfig: Setting CVar [[s.UnregisterComponentsTimeLimit:1.0]]
[2025.12.03-20.05.33:330][  0]LogConfig: Setting CVar [[s.LevelStreamingComponentsUnregistrationGranularity:5]]
[2025.12.03-20.05.33:330][  0]LogConfig: Setting CVar [[s.FlushStreamingOnExit:1]]
[2025.12.03-20.05.33:330][  0]LogConfig: Applying CVar settings from Section [/Script/Engine.GarbageCollectionSettings] File [E:/Unreal/Fumec_DevGames/Saved/Config/Windows/Engine.ini]
[2025.12.03-20.05.33:330][  0]LogConfig: Setting CVar [[gc.MaxObjectsNotConsideredByGC:1]]
[2025.12.03-20.05.33:330][  0]LogConfig: Setting CVar [[gc.SizeOfPermanentObjectPool:0]]
[2025.12.03-20.05.33:330][  0]LogConfig: Setting CVar [[gc.FlushStreamingOnGC:0]]
[2025.12.03-20.05.33:330][  0]LogConfig: Setting CVar [[gc.NumRetriesBeforeForcingGC:10]]
[2025.12.03-20.05.33:330][  0]LogConfig: Setting CVar [[gc.AllowParallelGC:1]]
[2025.12.03-20.05.33:330][  0]LogConfig: Setting CVar [[gc.TimeBetweenPurgingPendingKillObjects:61.1]]
[2025.12.03-20.05.33:330][  0]LogConfig: Setting CVar [[gc.MaxObjectsInEditor:25165824]]
[2025.12.03-20.05.33:330][  0]LogConfig: Setting CVar [[gc.IncrementalBeginDestroyEnabled:1]]
[2025.12.03-20.05.33:330][  0]LogConfig: Setting CVar [[gc.CreateGCClusters:1]]
[2025.12.03-20.05.33:330][  0]LogConfig: Setting CVar [[gc.MinGCClusterSize:5]]
[2025.12.03-20.05.33:330][  0]LogConfig: Setting CVar [[gc.ActorClusteringEnabled:0]]
[2025.12.03-20.05.33:330][  0]LogConfig: Setting CVar [[gc.BlueprintClusteringEnabled:0]]
[2025.12.03-20.05.33:330][  0]LogConfig: Setting CVar [[gc.UseDisregardForGCOnDedicatedServers:0]]
[2025.12.03-20.05.33:330][  0]LogConfig: Setting CVar [[gc.MultithreadedDestructionEnabled:1]]
[2025.12.03-20.05.33:330][  0]LogConfig: Applying CVar settings from Section [/Script/Engine.NetworkSettings] File [E:/Unreal/Fumec_DevGames/Saved/Config/Windows/Engine.ini]
[2025.12.03-20.05.33:330][  0]LogConfig: Applying CVar settings from Section [/Script/UnrealEd.CookerSettings] File [E:/Unreal/Fumec_DevGames/Saved/Config/Windows/Engine.ini]
[2025.12.03-20.05.33:339][  0]LogConfig: Applying CVar settings from Section [ViewDistanceQuality@3] File [E:/Unreal/Fumec_DevGames/Saved/Config/Windows/Scalability.ini]
[2025.12.03-20.05.33:340][  0]LogConfig: Setting CVar [[r.SkeletalMeshLODBias:0]]
[2025.12.03-20.05.33:340][  0]LogConfig: Setting CVar [[r.ViewDistanceScale:1.0]]
[2025.12.03-20.05.33:340][  0]LogConfig: Applying CVar settings from Section [AntiAliasingQuality@3] File [E:/Unreal/Fumec_DevGames/Saved/Config/Windows/Scalability.ini]
[2025.12.03-20.05.33:340][  0]LogConfig: Setting CVar [[r.PostProcessAAQuality:4]]
[2025.12.03-20.05.33:340][  0]LogConfig: Applying CVar settings from Section [ShadowQuality@3] File [E:/Unreal/Fumec_DevGames/Saved/Config/Windows/Scalability.ini]
[2025.12.03-20.05.33:340][  0]LogConfig: Setting CVar [[r.LightFunctionQuality:1]]
[2025.12.03-20.05.33:340][  0]LogConfig: Setting CVar [[r.ShadowQuality:5]]
[2025.12.03-20.05.33:340][  0]LogConfig: Setting CVar [[r.Shadow.CSM.MaxCascades:10]]
[2025.12.03-20.05.33:340][  0]LogConfig: Setting CVar [[r.Shadow.MaxResolution:2048]]
[2025.12.03-20.05.33:340][  0]LogConfig: Setting CVar [[r.Shadow.MaxCSMResolution:2048]]
[2025.12.03-20.05.33:340][  0]LogConfig: Setting CVar [[r.Shadow.RadiusThreshold:0.01]]
[2025.12.03-20.05.33:340][  0]LogConfig: Setting CVar [[r.Shadow.DistanceScale:1.0]]
[2025.12.03-20.05.33:340][  0]LogConfig: Setting CVar [[r.Shadow.CSM.TransitionScale:1.0]]
[2025.12.03-20.05.33:340][  0]LogConfig: Setting CVar [[r.Shadow.PreShadowResolutionFactor:1.0]]
[2025.12.03-20.05.33:340][  0]LogConfig: Setting CVar [[r.DistanceFieldShadowing:1]]
[2025.12.03-20.05.33:340][  0]LogConfig: Setting CVar [[r.DistanceFieldAO:1]]
[2025.12.03-20.05.33:340][  0]LogConfig: Setting CVar [[r.AOQuality:2]]
[2025.12.03-20.05.33:340][  0]LogConfig: Setting CVar [[r.VolumetricFog:1]]
[2025.12.03-20.05.33:340][  0]LogConfig: Setting CVar [[r.VolumetricFog.GridPixelSize:8]]
[2025.12.03-20.05.33:340][  0]LogConfig: Setting CVar [[r.VolumetricFog.GridSizeZ:128]]
[2025.12.03-20.05.33:340][  0]LogConfig: Setting CVar [[r.VolumetricFog.HistoryMissSupersampleCount:4]]
[2025.12.03-20.05.33:340][  0]LogConfig: Setting CVar [[r.LightMaxDrawDistanceScale:1]]
[2025.12.03-20.05.33:340][  0]LogConfig: Setting CVar [[r.CapsuleShadows:1]]
[2025.12.03-20.05.33:340][  0]LogConfig: Applying CVar settings from Section [PostProcessQuality@3] File [E:/Unreal/Fumec_DevGames/Saved/Config/Windows/Scalability.ini]
[2025.12.03-20.05.33:340][  0]LogConfig: Setting CVar [[r.MotionBlurQuality:4]]
[2025.12.03-20.05.33:340][  0]LogConfig: Setting CVar [[r.AmbientOcclusionMipLevelFactor:0.4]]
[2025.12.03-20.05.33:340][  0]LogConfig: Setting CVar [[r.AmbientOcclusionMaxQuality:100]]
[2025.12.03-20.05.33:340][  0]LogConfig: Setting CVar [[r.AmbientOcclusionLevels:-1]]
[2025.12.03-20.05.33:340][  0]LogConfig: Setting CVar [[r.AmbientOcclusionRadiusScale:1.0]]
[2025.12.03-20.05.33:340][  0]LogConfig: Setting CVar [[r.DepthOfFieldQuality:2]]
[2025.12.03-20.05.33:340][  0]LogConfig: Setting CVar [[r.RenderTargetPoolMin:400]]
[2025.12.03-20.05.33:340][  0]LogConfig: Setting CVar [[r.LensFlareQuality:2]]
[2025.12.03-20.05.33:340][  0]LogConfig: Setting CVar [[r.SceneColorFringeQuality:1]]
[2025.12.03-20.05.33:340][  0]LogConfig: Setting CVar [[r.EyeAdaptationQuality:2]]
[2025.12.03-20.05.33:340][  0]LogConfig: Setting CVar [[r.BloomQuality:5]]
[2025.12.03-20.05.33:340][  0]LogConfig: Setting CVar [[r.FastBlurThreshold:100]]
[2025.12.03-20.05.33:340][  0]LogConfig: Setting CVar [[r.Upscale.Quality:3]]
[2025.12.03-20.05.33:340][  0]LogConfig: Setting CVar [[r.Tonemapper.GrainQuantization:1]]
[2025.12.03-20.05.33:340][  0]LogConfig: Setting CVar [[r.LightShaftQuality:1]]
[2025.12.03-20.05.33:340][  0]LogConfig: Setting CVar [[r.Filter.SizeScale:1]]
[2025.12.03-20.05.33:340][  0]LogConfig: Setting CVar [[r.Tonemapper.Quality:5]]
[2025.12.03-20.05.33:340][  0]LogConfig: Setting CVar [[r.DOF.Gather.AccumulatorQuality:1        ; higher gathering accumulator quality]]
[2025.12.03-20.05.33:340][  0]LogConfig: Setting CVar [[r.DOF.Gather.PostfilterMethod:1          ; Median3x3 postfilering method]]
[2025.12.03-20.05.33:340][  0]LogConfig: Setting CVar [[r.DOF.Gather.EnableBokehSettings:0       ; no bokeh simulation when gathering]]
[2025.12.03-20.05.33:340][  0]LogConfig: Setting CVar [[r.DOF.Gather.RingCount:4                 ; medium number of samples when gathering]]
[2025.12.03-20.05.33:340][  0]LogConfig: Setting CVar [[r.DOF.Scatter.ForegroundCompositing:1    ; additive foreground scattering]]
[2025.12.03-20.05.33:340][  0]LogConfig: Setting CVar [[r.DOF.Scatter.BackgroundCompositing:2    ; additive background scattering]]
[2025.12.03-20.05.33:340][  0]LogConfig: Setting CVar [[r.DOF.Scatter.EnableBokehSettings:1      ; bokeh simulation when scattering]]
[2025.12.03-20.05.33:340][  0]LogConfig: Setting CVar [[r.DOF.Scatter.MaxSpriteRatio:0.1         ; only a maximum of 10% of scattered bokeh]]
[2025.12.03-20.05.33:340][  0]LogConfig: Setting CVar [[r.DOF.Recombine.Quality:1                ; cheap slight out of focus]]
[2025.12.03-20.05.33:341][  0]LogConfig: Setting CVar [[r.DOF.Recombine.EnableBokehSettings:0    ; no bokeh simulation on slight out of focus]]
[2025.12.03-20.05.33:341][  0]LogConfig: Setting CVar [[r.DOF.TemporalAAQuality:1                ; more stable temporal accumulation]]
[2025.12.03-20.05.33:341][  0]LogConfig: Setting CVar [[r.DOF.Kernel.MaxForegroundRadius:0.025]]
[2025.12.03-20.05.33:341][  0]LogConfig: Setting CVar [[r.DOF.Kernel.MaxBackgroundRadius:0.025]]
[2025.12.03-20.05.33:341][  0]LogConfig: Applying CVar settings from Section [TextureQuality@3] File [E:/Unreal/Fumec_DevGames/Saved/Config/Windows/Scalability.ini]
[2025.12.03-20.05.33:341][  0]LogConfig: Setting CVar [[r.Streaming.MipBias:0]]
[2025.12.03-20.05.33:341][  0]LogConfig: Setting CVar [[r.Streaming.AmortizeCPUToGPUCopy:0]]
[2025.12.03-20.05.33:341][  0]LogConfig: Setting CVar [[r.Streaming.MaxNumTexturesToStreamPerFrame:0]]
[2025.12.03-20.05.33:341][  0]LogConfig: Setting CVar [[r.Streaming.Boost:1]]
[2025.12.03-20.05.33:341][  0]LogConfig: Setting CVar [[r.MaxAnisotropy:8]]
[2025.12.03-20.05.33:341][  0]LogConfig: Setting CVar [[r.VT.MaxAnisotropy:8]]
[2025.12.03-20.05.33:341][  0]LogConfig: Setting CVar [[r.Streaming.LimitPoolSizeToVRAM:0]]
[2025.12.03-20.05.33:341][  0]LogConfig: Setting CVar [[r.Streaming.PoolSize:1000]]
[2025.12.03-20.05.33:341][  0]LogConfig: Setting CVar [[r.Streaming.MaxEffectiveScreenSize:0]]
[2025.12.03-20.05.33:341][  0]LogConfig: Applying CVar settings from Section [EffectsQuality@3] File [E:/Unreal/Fumec_DevGames/Saved/Config/Windows/Scalability.ini]
[2025.12.03-20.05.33:341][  0]LogConfig: Setting CVar [[r.TranslucencyLightingVolumeDim:64]]
[2025.12.03-20.05.33:341][  0]LogConfig: Setting CVar [[r.RefractionQuality:2]]
[2025.12.03-20.05.33:341][  0]LogConfig: Setting CVar [[r.SSR.Quality:3]]
[2025.12.03-20.05.33:341][  0]LogConfig: Setting CVar [[r.SSR.HalfResSceneColor:0]]
[2025.12.03-20.05.33:341][  0]LogConfig: Setting CVar [[r.SceneColorFormat:4]]
[2025.12.03-20.05.33:341][  0]LogConfig: Setting CVar [[r.DetailMode:2]]
[2025.12.03-20.05.33:341][  0]LogConfig: Setting CVar [[r.TranslucencyVolumeBlur:1]]
[2025.12.03-20.05.33:341][  0]LogConfig: Setting CVar [[r.MaterialQualityLevel:1 ; High quality]]
[2025.12.03-20.05.33:341][  0]LogConfig: Setting CVar [[r.AnisotropicMaterials:1]]
[2025.12.03-20.05.33:341][  0]LogConfig: Setting CVar [[r.SSS.Scale:1]]
[2025.12.03-20.05.33:341][  0]LogConfig: Setting CVar [[r.SSS.SampleSet:2]]
[2025.12.03-20.05.33:341][  0]LogConfig: Setting CVar [[r.SSS.Quality:1]]
[2025.12.03-20.05.33:341][  0]LogConfig: Setting CVar [[r.SSS.HalfRes:0]]
[2025.12.03-20.05.33:341][  0]LogConfig: Setting CVar [[r.SSGI.Quality:3]]
[2025.12.03-20.05.33:341][  0]LogConfig: Setting CVar [[r.EmitterSpawnRateScale:1.0]]
[2025.12.03-20.05.33:341][  0]LogConfig: Setting CVar [[r.ParticleLightQuality:2]]
[2025.12.03-20.05.33:341][  0]LogConfig: Setting CVar [[r.SkyAtmosphere.AerialPerspectiveLUT.FastApplyOnOpaque:1 ; Always have FastSkyLUT 1 in this case to avoid wrong sky]]
[2025.12.03-20.05.33:341][  0]LogConfig: Setting CVar [[r.SkyAtmosphere.AerialPerspectiveLUT.SampleCountMaxPerSlice:4]]
[2025.12.03-20.05.33:341][  0]LogConfig: Setting CVar [[r.SkyAtmosphere.AerialPerspectiveLUT.DepthResolution:16.0]]
[2025.12.03-20.05.33:341][  0]LogConfig: Setting CVar [[r.SkyAtmosphere.FastSkyLUT:1]]
[2025.12.03-20.05.33:341][  0]LogConfig: Setting CVar [[r.SkyAtmosphere.FastSkyLUT.SampleCountMin:4.0]]
[2025.12.03-20.05.33:341][  0]LogConfig: Setting CVar [[r.SkyAtmosphere.FastSkyLUT.SampleCountMax:128.0]]
[2025.12.03-20.05.33:341][  0]LogConfig: Setting CVar [[r.SkyAtmosphere.SampleCountMin:4.0]]
[2025.12.03-20.05.33:341][  0]LogConfig: Setting CVar [[r.SkyAtmosphere.SampleCountMax:128.0]]
[2025.12.03-20.05.33:341][  0]LogConfig: Setting CVar [[r.SkyAtmosphere.TransmittanceLUT.UseSmallFormat:0]]
[2025.12.03-20.05.33:341][  0]LogConfig: Setting CVar [[r.SkyAtmosphere.TransmittanceLUT.SampleCount:10.0]]
[2025.12.03-20.05.33:341][  0]LogConfig: Setting CVar [[r.SkyAtmosphere.MultiScatteringLUT.SampleCount:15.0]]
[2025.12.03-20.05.33:341][  0]LogConfig: Setting CVar [[r.SkyLight.RealTimeReflectionCapture:1]]
[2025.12.03-20.05.33:341][  0]LogConfig: Applying CVar settings from Section [FoliageQuality@3] File [E:/Unreal/Fumec_DevGames/Saved/Config/Windows/Scalability.ini]
[2025.12.03-20.05.33:341][  0]LogConfig: Setting CVar [[foliage.DensityScale:1.0]]
[2025.12.03-20.05.33:341][  0]LogConfig: Setting CVar [[grass.DensityScale:1.0]]
[2025.12.03-20.05.33:341][  0]LogConfig: Applying CVar settings from Section [ShadingQuality@3] File [E:/Unreal/Fumec_DevGames/Saved/Config/Windows/Scalability.ini]
[2025.12.03-20.05.33:341][  0]LogConfig: Setting CVar [[r.HairStrands.SkyLighting.IntegrationType:2]]
[2025.12.03-20.05.33:341][  0]LogConfig: Setting CVar [[r.HairStrands.SkyAO.SampleCount:4]]
[2025.12.03-20.05.33:342][  0]LogConfig: Setting CVar [[r.HairStrands.Visibility.MSAA.SamplePerPixel:4]]
[2025.12.03-20.05.33:342][  0]LogInit: Selected Device Profile: [Windows]
[2025.12.03-20.05.33:342][  0]LogInit: Applying CVar settings loaded from the selected device profile: [Windows]
[2025.12.03-20.05.33:342][  0]LogHAL: Display: Platform has ~ 14 GB [14968041472 / 17179869184 / 14], which maps to Larger [LargestMinGB=32, LargerMinGB=12, DefaultMinGB=8, SmallerMinGB=6, SmallestMinGB=0)
[2025.12.03-20.05.33:342][  0]LogInit: Going up to parent DeviceProfile []
[2025.12.03-20.05.33:342][  0]LogConfig: Applying CVar settings from Section [ViewDistanceQuality@3] File [E:/Unreal/Fumec_DevGames/Saved/Config/Windows/Scalability.ini]
[2025.12.03-20.05.33:342][  0]LogConfig: Setting CVar [[r.SkeletalMeshLODBias:0]]
[2025.12.03-20.05.33:342][  0]LogConfig: Setting CVar [[r.ViewDistanceScale:1.0]]
[2025.12.03-20.05.33:342][  0]LogConfig: Applying CVar settings from Section [AntiAliasingQuality@3] File [E:/Unreal/Fumec_DevGames/Saved/Config/Windows/Scalability.ini]
[2025.12.03-20.05.33:342][  0]LogConfig: Setting CVar [[r.PostProcessAAQuality:4]]
[2025.12.03-20.05.33:342][  0]LogConfig: Applying CVar settings from Section [ShadowQuality@3] File [E:/Unreal/Fumec_DevGames/Saved/Config/Windows/Scalability.ini]
[2025.12.03-20.05.33:342][  0]LogConfig: Setting CVar [[r.LightFunctionQuality:1]]
[2025.12.03-20.05.33:342][  0]LogConfig: Setting CVar [[r.ShadowQuality:5]]
[2025.12.03-20.05.33:342][  0]LogConfig: Setting CVar [[r.Shadow.CSM.MaxCascades:10]]
[2025.12.03-20.05.33:342][  0]LogConfig: Setting CVar [[r.Shadow.MaxResolution:2048]]
[2025.12.03-20.05.33:342][  0]LogConfig: Setting CVar [[r.Shadow.MaxCSMResolution:2048]]
[2025.12.03-20.05.33:342][  0]LogConfig: Setting CVar [[r.Shadow.RadiusThreshold:0.01]]
[2025.12.03-20.05.33:342][  0]LogConfig: Setting CVar [[r.Shadow.DistanceScale:1.0]]
[2025.12.03-20.05.33:342][  0]LogConfig: Setting CVar [[r.Shadow.CSM.TransitionScale:1.0]]
[2025.12.03-20.05.33:342][  0]LogConfig: Setting CVar [[r.Shadow.PreShadowResolutionFactor:1.0]]
[2025.12.03-20.05.33:342][  0]LogConfig: Setting CVar [[r.DistanceFieldShadowing:1]]
[2025.12.03-20.05.33:342][  0]LogConfig: Setting CVar [[r.DistanceFieldAO:1]]
[2025.12.03-20.05.33:342][  0]LogConfig: Setting CVar [[r.AOQuality:2]]
[2025.12.03-20.05.33:342][  0]LogConfig: Setting CVar [[r.VolumetricFog:1]]
[2025.12.03-20.05.33:342][  0]LogConfig: Setting CVar [[r.VolumetricFog.GridPixelSize:8]]
[2025.12.03-20.05.33:342][  0]LogConfig: Setting CVar [[r.VolumetricFog.GridSizeZ:128]]
[2025.12.03-20.05.33:342][  0]LogConfig: Setting CVar [[r.VolumetricFog.HistoryMissSupersampleCount:4]]
[2025.12.03-20.05.33:342][  0]LogConfig: Setting CVar [[r.LightMaxDrawDistanceScale:1]]
[2025.12.03-20.05.33:342][  0]LogConfig: Setting CVar [[r.CapsuleShadows:1]]
[2025.12.03-20.05.33:342][  0]LogConfig: Applying CVar settings from Section [PostProcessQuality@3] File [E:/Unreal/Fumec_DevGames/Saved/Config/Windows/Scalability.ini]
[2025.12.03-20.05.33:342][  0]LogConfig: Setting CVar [[r.MotionBlurQuality:4]]
[2025.12.03-20.05.33:342][  0]LogConfig: Setting CVar [[r.AmbientOcclusionMipLevelFactor:0.4]]
[2025.12.03-20.05.33:342][  0]LogConfig: Setting CVar [[r.AmbientOcclusionMaxQuality:100]]
[2025.12.03-20.05.33:342][  0]LogConfig: Setting CVar [[r.AmbientOcclusionLevels:-1]]
[2025.12.03-20.05.33:342][  0]LogConfig: Setting CVar [[r.AmbientOcclusionRadiusScale:1.0]]
[2025.12.03-20.05.33:342][  0]LogConfig: Setting CVar [[r.DepthOfFieldQuality:2]]
[2025.12.03-20.05.33:342][  0]LogConfig: Setting CVar [[r.RenderTargetPoolMin:400]]
[2025.12.03-20.05.33:342][  0]LogConfig: Setting CVar [[r.LensFlareQuality:2]]
[2025.12.03-20.05.33:342][  0]LogConfig: Setting CVar [[r.SceneColorFringeQuality:1]]
[2025.12.03-20.05.33:342][  0]LogConfig: Setting CVar [[r.EyeAdaptationQuality:2]]
[2025.12.03-20.05.33:342][  0]LogConfig: Setting CVar [[r.BloomQuality:5]]
[2025.12.03-20.05.33:342][  0]LogConfig: Setting CVar [[r.FastBlurThreshold:100]]
[2025.12.03-20.05.33:342][  0]LogConfig: Setting CVar [[r.Upscale.Quality:3]]
[2025.12.03-20.05.33:342][  0]LogConfig: Setting CVar [[r.Tonemapper.GrainQuantization:1]]
[2025.12.03-20.05.33:342][  0]LogConfig: Setting CVar [[r.LightShaftQuality:1]]
[2025.12.03-20.05.33:343][  0]LogConfig: Setting CVar [[r.Filter.SizeScale:1]]
[2025.12.03-20.05.33:343][  0]LogConfig: Setting CVar [[r.Tonemapper.Quality:5]]
[2025.12.03-20.05.33:343][  0]LogConfig: Setting CVar [[r.DOF.Gather.AccumulatorQuality:1        ; higher gathering accumulator quality]]
[2025.12.03-20.05.33:343][  0]LogConfig: Setting CVar [[r.DOF.Gather.PostfilterMethod:1          ; Median3x3 postfilering method]]
[2025.12.03-20.05.33:343][  0]LogConfig: Setting CVar [[r.DOF.Gather.EnableBokehSettings:0       ; no bokeh simulation when gathering]]
[2025.12.03-20.05.33:343][  0]LogConfig: Setting CVar [[r.DOF.Gather.RingCount:4                 ; medium number of samples when gathering]]
[2025.12.03-20.05.33:343][  0]LogConfig: Setting CVar [[r.DOF.Scatter.ForegroundCompositing:1    ; additive foreground scattering]]
[2025.12.03-20.05.33:343][  0]LogConfig: Setting CVar [[r.DOF.Scatter.BackgroundCompositing:2    ; additive background scattering]]
[2025.12.03-20.05.33:343][  0]LogConfig: Setting CVar [[r.DOF.Scatter.EnableBokehSettings:1      ; bokeh simulation when scattering]]
[2025.12.03-20.05.33:343][  0]LogConfig: Setting CVar [[r.DOF.Scatter.MaxSpriteRatio:0.1         ; only a maximum of 10% of scattered bokeh]]
[2025.12.03-20.05.33:343][  0]LogConfig: Setting CVar [[r.DOF.Recombine.Quality:1                ; cheap slight out of focus]]
[2025.12.03-20.05.33:343][  0]LogConfig: Setting CVar [[r.DOF.Recombine.EnableBokehSettings:0    ; no bokeh simulation on slight out of focus]]
[2025.12.03-20.05.33:343][  0]LogConfig: Setting CVar [[r.DOF.TemporalAAQuality:1                ; more stable temporal accumulation]]
[2025.12.03-20.05.33:343][  0]LogConfig: Setting CVar [[r.DOF.Kernel.MaxForegroundRadius:0.025]]
[2025.12.03-20.05.33:343][  0]LogConfig: Setting CVar [[r.DOF.Kernel.MaxBackgroundRadius:0.025]]
[2025.12.03-20.05.33:343][  0]LogConfig: Applying CVar settings from Section [TextureQuality@3] File [E:/Unreal/Fumec_DevGames/Saved/Config/Windows/Scalability.ini]
[2025.12.03-20.05.33:343][  0]LogConfig: Setting CVar [[r.Streaming.MipBias:0]]
[2025.12.03-20.05.33:343][  0]LogConfig: Setting CVar [[r.Streaming.AmortizeCPUToGPUCopy:0]]
[2025.12.03-20.05.33:343][  0]LogConfig: Setting CVar [[r.Streaming.MaxNumTexturesToStreamPerFrame:0]]
[2025.12.03-20.05.33:343][  0]LogConfig: Setting CVar [[r.Streaming.Boost:1]]
[2025.12.03-20.05.33:343][  0]LogConfig: Setting CVar [[r.MaxAnisotropy:8]]
[2025.12.03-20.05.33:343][  0]LogConfig: Setting CVar [[r.VT.MaxAnisotropy:8]]
[2025.12.03-20.05.33:343][  0]LogConfig: Setting CVar [[r.Streaming.LimitPoolSizeToVRAM:0]]
[2025.12.03-20.05.33:343][  0]LogConfig: Setting CVar [[r.Streaming.PoolSize:1000]]
[2025.12.03-20.05.33:343][  0]LogConfig: Setting CVar [[r.Streaming.MaxEffectiveScreenSize:0]]
[2025.12.03-20.05.33:343][  0]LogConfig: Applying CVar settings from Section [EffectsQuality@3] File [E:/Unreal/Fumec_DevGames/Saved/Config/Windows/Scalability.ini]
[2025.12.03-20.05.33:343][  0]LogConfig: Setting CVar [[r.TranslucencyLightingVolumeDim:64]]
[2025.12.03-20.05.33:343][  0]LogConfig: Setting CVar [[r.RefractionQuality:2]]
[2025.12.03-20.05.33:343][  0]LogConfig: Setting CVar [[r.SSR.Quality:3]]
[2025.12.03-20.05.33:343][  0]LogConfig: Setting CVar [[r.SSR.HalfResSceneColor:0]]
[2025.12.03-20.05.33:343][  0]LogConfig: Setting CVar [[r.SceneColorFormat:4]]
[2025.12.03-20.05.33:343][  0]LogConfig: Setting CVar [[r.DetailMode:2]]
[2025.12.03-20.05.33:343][  0]LogConfig: Setting CVar [[r.TranslucencyVolumeBlur:1]]
[2025.12.03-20.05.33:343][  0]LogConfig: Setting CVar [[r.MaterialQualityLevel:1 ; High quality]]
[2025.12.03-20.05.33:343][  0]LogConfig: Setting CVar [[r.AnisotropicMaterials:1]]
[2025.12.03-20.05.33:343][  0]LogConfig: Setting CVar [[r.SSS.Scale:1]]
[2025.12.03-20.05.33:343][  0]LogConfig: Setting CVar [[r.SSS.SampleSet:2]]
[2025.12.03-20.05.33:343][  0]LogConfig: Setting CVar [[r.SSS.Quality:1]]
[2025.12.03-20.05.33:343][  0]LogConfig: Setting CVar [[r.SSS.HalfRes:0]]
[2025.12.03-20.05.33:343][  0]LogConfig: Setting CVar [[r.SSGI.Quality:3]]
[2025.12.03-20.05.33:343][  0]LogConfig: Setting CVar [[r.EmitterSpawnRateScale:1.0]]
[2025.12.03-20.05.33:343][  0]LogConfig: Setting CVar [[r.ParticleLightQuality:2]]
[2025.12.03-20.05.33:343][  0]LogConfig: Setting CVar [[r.SkyAtmosphere.AerialPerspectiveLUT.FastApplyOnOpaque:1 ; Always have FastSkyLUT 1 in this case to avoid wrong sky]]
[2025.12.03-20.05.33:343][  0]LogConfig: Setting CVar [[r.SkyAtmosphere.AerialPerspectiveLUT.SampleCountMaxPerSlice:4]]
[2025.12.03-20.05.33:343][  0]LogConfig: Setting CVar [[r.SkyAtmosphere.AerialPerspectiveLUT.DepthResolution:16.0]]
[2025.12.03-20.05.33:343][  0]LogConfig: Setting CVar [[r.SkyAtmosphere.FastSkyLUT:1]]
[2025.12.03-20.05.33:343][  0]LogConfig: Setting CVar [[r.SkyAtmosphere.FastSkyLUT.SampleCountMin:4.0]]
[2025.12.03-20.05.33:343][  0]LogConfig: Setting CVar [[r.SkyAtmosphere.FastSkyLUT.SampleCountMax:128.0]]
[2025.12.03-20.05.33:343][  0]LogConfig: Setting CVar [[r.SkyAtmosphere.SampleCountMin:4.0]]
[2025.12.03-20.05.33:343][  0]LogConfig: Setting CVar [[r.SkyAtmosphere.SampleCountMax:128.0]]
[2025.12.03-20.05.33:343][  0]LogConfig: Setting CVar [[r.SkyAtmosphere.TransmittanceLUT.UseSmallFormat:0]]
[2025.12.03-20.05.33:343][  0]LogConfig: Setting CVar [[r.SkyAtmosphere.TransmittanceLUT.SampleCount:10.0]]
[2025.12.03-20.05.33:344][  0]LogConfig: Setting CVar [[r.SkyAtmosphere.MultiScatteringLUT.SampleCount:15.0]]
[2025.12.03-20.05.33:344][  0]LogConfig: Setting CVar [[r.SkyLight.RealTimeReflectionCapture:1]]
[2025.12.03-20.05.33:344][  0]LogConfig: Applying CVar settings from Section [FoliageQuality@3] File [E:/Unreal/Fumec_DevGames/Saved/Config/Windows/Scalability.ini]
[2025.12.03-20.05.33:344][  0]LogConfig: Setting CVar [[foliage.DensityScale:1.0]]
[2025.12.03-20.05.33:344][  0]LogConfig: Setting CVar [[grass.DensityScale:1.0]]
[2025.12.03-20.05.33:344][  0]LogConfig: Applying CVar settings from Section [ShadingQuality@3] File [E:/Unreal/Fumec_DevGames/Saved/Config/Windows/Scalability.ini]
[2025.12.03-20.05.33:344][  0]LogConfig: Setting CVar [[r.HairStrands.SkyLighting.IntegrationType:2]]
[2025.12.03-20.05.33:344][  0]LogConfig: Setting CVar [[r.HairStrands.SkyAO.SampleCount:4]]
[2025.12.03-20.05.33:344][  0]LogConfig: Setting CVar [[r.HairStrands.Visibility.MSAA.SamplePerPixel:4]]
[2025.12.03-20.05.33:344][  0]LogConfig: Applying CVar settings from Section [Startup] File [../../../Engine/Config/ConsoleVariables.ini]
[2025.12.03-20.05.33:344][  0]LogConfig: Setting CVar [[net.UseAdaptiveNetUpdateFrequency:0]]
[2025.12.03-20.05.33:344][  0]LogConfig: Setting CVar [[p.chaos.AllowCreatePhysxBodies:1]]
[2025.12.03-20.05.33:344][  0]LogConfig: Setting CVar [[fx.SkipVectorVMBackendOptimizations:1]]
[2025.12.03-20.05.33:344][  0]LogConfig: Applying CVar settings from Section [ConsoleVariables] File [E:/Unreal/Fumec_DevGames/Saved/Config/Windows/Engine.ini]
[2025.12.03-20.05.33:344][  0]LogConfig: Applying CVar settings from Section [ConsoleVariables] File [E:/Unreal/Fumec_DevGames/Saved/Config/Windows/Editor.ini]
[2025.12.03-20.05.33:345][  0]LogInit: Computer: LUCY
[2025.12.03-20.05.33:345][  0]LogInit: User: Gabriel
[2025.12.03-20.05.33:345][  0]LogInit: CPU Page size=4096, Cores=4
[2025.12.03-20.05.33:345][  0]LogInit: High frequency timer resolution =10.000000 MHz
[2025.12.03-20.05.33:345][  0]LogMemory: Memory total: Physical=13.9GB (14GB approx)
[2025.12.03-20.05.33:345][  0]LogMemory: Platform Memory Stats for Windows
[2025.12.03-20.05.33:345][  0]LogMemory: Process Physical Memory: 145.54 MB used, 145.54 MB peak
[2025.12.03-20.05.33:345][  0]LogMemory: Process Virtual Memory: 126.91 MB used, 126.91 MB peak
[2025.12.03-20.05.33:345][  0]LogMemory: Physical Memory: 6170.42 MB used,  8104.21 MB free, 14274.64 MB total
[2025.12.03-20.05.33:345][  0]LogMemory: Virtual Memory: 134203680.00 MB used,  14047.62 MB free, 134217728.00 MB total
[2025.12.03-20.05.33:365][  0]LogWindows: WindowsPlatformFeatures enabled
[2025.12.03-20.05.33:518][  0]LogInit: Physics initialised using underlying interface: PhysX
[2025.12.03-20.05.33:520][  0]LogInit: Overriding language with editor language configuration option (en).
[2025.12.03-20.05.33:520][  0]LogInit: Overriding language with editor locale configuration option (en).
[2025.12.03-20.05.34:018][  0]LogInit: Setting process to per monitor DPI aware
[2025.12.03-20.05.34:054][  0]LogWindowsTextInputMethodSystem: Display: IME system deactivated.
[2025.12.03-20.05.34:092][  0]LogSlate: New Slate User Created.  User Index 0, Is Virtual User: 0
[2025.12.03-20.05.34:092][  0]LogSlate: Slate User Registered.  User Index 0, Is Virtual User: 0
[2025.12.03-20.05.34:426][  0]LogD3D11RHI: Loaded GFSDK_Aftermath_Lib.x64.dll
[2025.12.03-20.05.34:617][  0]LogHMD: Failed to initialize OpenVR with code 110
[2025.12.03-20.05.34:618][  0]LogD3D11RHI: D3D11 min allowed feature level: 11_0
[2025.12.03-20.05.34:618][  0]LogD3D11RHI: D3D11 max allowed feature level: 11_0
[2025.12.03-20.05.34:618][  0]LogD3D11RHI: D3D11 adapters:
[2025.12.03-20.05.34:992][  0]LogD3D11RHI:    0. 'NVIDIA GeForce GTX 1650' (Feature Level 11_0)
[2025.12.03-20.05.34:992][  0]LogD3D11RHI:       3938/0/7137 MB DedicatedVideo/DedicatedSystem/SharedSystem, Outputs:1, VendorId:0x10de
[2025.12.03-20.05.35:080][  0]LogD3D11RHI:    1. 'AMD Radeon(TM) RX Vega 10 Graphics' (Feature Level 11_0)
[2025.12.03-20.05.35:080][  0]LogD3D11RHI:       2034/0/7137 MB DedicatedVideo/DedicatedSystem/SharedSystem, Outputs:0, VendorId:0x1002
[2025.12.03-20.05.35:087][  0]LogD3D11RHI:    2. 'Microsoft Basic Render Driver' (Feature Level 11_0)
[2025.12.03-20.05.35:087][  0]LogD3D11RHI:       0/0/7137 MB DedicatedVideo/DedicatedSystem/SharedSystem, Outputs:0, VendorId:0x1414
[2025.12.03-20.05.35:150][  0]LogD3D11RHI:    3. 'AMD Radeon(TM) RX Vega 10 Graphics' (Feature Level 11_0)
[2025.12.03-20.05.35:150][  0]LogD3D11RHI:       2034/0/7137 MB DedicatedVideo/DedicatedSystem/SharedSystem, Outputs:0, VendorId:0x1002
[2025.12.03-20.05.35:211][  0]LogD3D11RHI:    4. 'AMD Radeon(TM) RX Vega 10 Graphics' (Feature Level 11_0)
[2025.12.03-20.05.35:211][  0]LogD3D11RHI:       2034/0/7137 MB DedicatedVideo/DedicatedSystem/SharedSystem, Outputs:0, VendorId:0x1002
[2025.12.03-20.05.35:269][  0]LogD3D11RHI:    5. 'AMD Radeon(TM) RX Vega 10 Graphics' (Feature Level 11_0)
[2025.12.03-20.05.35:269][  0]LogD3D11RHI:       2034/0/7137 MB DedicatedVideo/DedicatedSystem/SharedSystem, Outputs:0, VendorId:0x1002
[2025.12.03-20.05.35:330][  0]LogD3D11RHI:    6. 'AMD Radeon(TM) RX Vega 10 Graphics' (Feature Level 11_0)
[2025.12.03-20.05.35:330][  0]LogD3D11RHI:       2034/0/7137 MB DedicatedVideo/DedicatedSystem/SharedSystem, Outputs:0, VendorId:0x1002
[2025.12.03-20.05.35:330][  0]LogD3D11RHI: Chosen D3D11 Adapter:
[2025.12.03-20.05.35:330][  0]LogD3D11RHI:     Description : NVIDIA GeForce GTX 1650
[2025.12.03-20.05.35:330][  0]LogD3D11RHI:     VendorId    : 10de
[2025.12.03-20.05.35:330][  0]LogD3D11RHI:     DeviceId    : 1f91
[2025.12.03-20.05.35:330][  0]LogD3D11RHI:     SubSysId    : 142a1025
[2025.12.03-20.05.35:330][  0]LogD3D11RHI:     Revision    : 00a1
[2025.12.03-20.05.35:330][  0]LogD3D11RHI:     DedicatedVideoMemory : 4129292288 bytes
[2025.12.03-20.05.35:330][  0]LogD3D11RHI:     DedicatedSystemMemory : 0 bytes
[2025.12.03-20.05.35:330][  0]LogD3D11RHI:     SharedSystemMemory : 7484020736 bytes
[2025.12.03-20.05.35:330][  0]LogD3D11RHI:     AdapterLuid : 0 72651
[2025.12.03-20.05.35:345][  0]LogD3D11RHI: Creating new Direct3DDevice
[2025.12.03-20.05.35:345][  0]LogD3D11RHI:     GPU DeviceId: 0x1f91 (for the marketing name, search the web for "GPU Device Id")
[2025.12.03-20.05.35:345][  0]LogWindows: EnumDisplayDevices:
[2025.12.03-20.05.35:345][  0]LogWindows:    0. 'AMD Radeon(TM) RX Vega 10 Graphics ' (P:1 D:1)
[2025.12.03-20.05.35:346][  0]LogWindows:    1. 'AMD Radeon(TM) RX Vega 10 Graphics ' (P:0 D:0)
[2025.12.03-20.05.35:346][  0]LogWindows:    2. 'AMD Radeon(TM) RX Vega 10 Graphics ' (P:0 D:0)
[2025.12.03-20.05.35:348][  0]LogWindows:    3. 'AMD Radeon(TM) RX Vega 10 Graphics ' (P:0 D:0)
[2025.12.03-20.05.35:349][  0]LogWindows:    4. 'MS Idd Device' (P:0 D:0)
[2025.12.03-20.05.35:349][  0]LogWindows:    5. 'Parsec Virtual Display Adapter' (P:0 D:0)
[2025.12.03-20.05.35:349][  0]LogWindows:    6. 'Parsec Virtual Display Adapter' (P:0 D:0)
[2025.12.03-20.05.35:350][  0]LogWindows:    7. 'Parsec Virtual Display Adapter' (P:0 D:0)
[2025.12.03-20.05.35:350][  0]LogWindows:    8. 'Parsec Virtual Display Adapter' (P:0 D:0)
[2025.12.03-20.05.35:350][  0]LogWindows:    9. 'Parsec Virtual Display Adapter' (P:0 D:0)
[2025.12.03-20.05.35:351][  0]LogWindows:    10. 'Parsec Virtual Display Adapter' (P:0 D:0)
[2025.12.03-20.05.35:351][  0]LogWindows:    11. 'Parsec Virtual Display Adapter' (P:0 D:0)
[2025.12.03-20.05.35:352][  0]LogWindows:    12. 'Parsec Virtual Display Adapter' (P:0 D:0)
[2025.12.03-20.05.35:352][  0]LogWindows:    13. 'Parsec Virtual Display Adapter' (P:0 D:0)
[2025.12.03-20.05.35:352][  0]LogWindows:    14. 'Parsec Virtual Display Adapter' (P:0 D:0)
[2025.12.03-20.05.35:353][  0]LogWindows:    15. 'Parsec Virtual Display Adapter' (P:0 D:0)
[2025.12.03-20.05.35:353][  0]LogWindows:    16. 'Parsec Virtual Display Adapter' (P:0 D:0)
[2025.12.03-20.05.35:353][  0]LogWindows:    17. 'Parsec Virtual Display Adapter' (P:0 D:0)
[2025.12.03-20.05.35:354][  0]LogWindows:    18. 'Parsec Virtual Display Adapter' (P:0 D:0)
[2025.12.03-20.05.35:354][  0]LogWindows:    19. 'Parsec Virtual Display Adapter' (P:0 D:0)
[2025.12.03-20.05.35:354][  0]LogWindows:    20. 'Parsec Virtual Display Adapter' (P:0 D:0)
[2025.12.03-20.05.35:355][  0]LogWindows:    21. 'MS Idd Device' (P:0 D:0)
[2025.12.03-20.05.35:355][  0]LogWindows:    22. 'MS Idd Device' (P:0 D:0)
[2025.12.03-20.05.35:355][  0]LogWindows: DebugString: PrimaryIsNotTheChoosenAdapter PrimaryIsNotTheChoosenAdapter PrimaryIsNotTheChoosenAdapter PrimaryIsNotTheChoosenAdapter GetVideoDriverDetailsInvalid PrimaryIsNotTheChoosenAdapter GetVideoDriverDetailsInvalid PrimaryIsNotTheChoosenAdapter GetVideoDriverDetailsInvalid PrimaryIsNotTheChoosenAdapter GetVideoDriverDetailsInvalid PrimaryIsNotTheChoosenAdapter GetVideoDriverDetailsInvalid PrimaryIsNotTheChoosenAdapter GetVideoDriverDetailsInvalid PrimaryIsNotTheChoosenAdapter GetVideoDriverDetailsInvalid PrimaryIsNotTheChoosenAdapter GetVideoDriverDetailsInvalid PrimaryIsNotTheChoosenAdapter GetVideoDriverDetailsInvalid PrimaryIsNotTheChoosenAdapter GetVideoDriverDetailsInvalid PrimaryIsNotTheChoosenAdapter GetVideoDriverDetailsInvalid PrimaryIsNotTheChoosenAdapter GetVideoDriverDetailsInvalid PrimaryIsNotTheChoosenAdapter GetVideoDriverDetailsInvalid PrimaryIsNotTheChoosenAdapter GetVideoDriverDetailsInvalid PrimaryIsNotTheChoosenAdapter GetVideoDriverDetailsInvalid PrimaryIsNotTheChoosenAdapter GetVideoDriverDetailsInvalid PrimaryIsNotTheChoosenAdapter GetVideoDriverDetailsInvalid PrimaryIsNotTheChoosenAdapter GetVideoDriverDetailsInvalid PrimaryIsNotTheChoosenAdapter GetVideoDriverDetailsInvalid PrimaryIsNotTheChoosenAdapter FoundDriverCount:0 
[2025.12.03-20.05.35:355][  0]LogD3D11RHI:     Adapter Name: NVIDIA GeForce GTX 1650
[2025.12.03-20.05.35:355][  0]LogD3D11RHI:   Driver Version: Unknown (internal:Unknown, unified:Unknown)
[2025.12.03-20.05.35:355][  0]LogD3D11RHI:      Driver Date: Unknown
[2025.12.03-20.05.35:355][  0]LogRHI: Texture pool is 2756 MB (70% of 3938 MB)
[2025.12.03-20.05.35:355][  0]LogD3D11RHI: Creating D3DDevice using adapter:
[2025.12.03-20.05.35:356][  0]LogD3D11RHI:     Description : NVIDIA GeForce GTX 1650
[2025.12.03-20.05.35:356][  0]LogD3D11RHI:     VendorId    : 10de
[2025.12.03-20.05.35:356][  0]LogD3D11RHI:     DeviceId    : 1f91
[2025.12.03-20.05.35:356][  0]LogD3D11RHI:     SubSysId    : 142a1025
[2025.12.03-20.05.35:356][  0]LogD3D11RHI:     Revision    : 00a1
[2025.12.03-20.05.35:356][  0]LogD3D11RHI:     DedicatedVideoMemory : 4129292288 bytes
[2025.12.03-20.05.35:356][  0]LogD3D11RHI:     DedicatedSystemMemory : 0 bytes
[2025.12.03-20.05.35:356][  0]LogD3D11RHI:     SharedSystemMemory : 7484020736 bytes
[2025.12.03-20.05.35:356][  0]LogD3D11RHI:     AdapterLuid : 0 72651
[2025.12.03-20.05.35:624][  0]LogD3D11RHI: RHI has support for 64 bit atomics
[2025.12.03-20.05.35:625][  0]LogD3D11RHI: Async texture creation enabled
[2025.12.03-20.05.35:625][  0]LogD3D11RHI: Array index from any shader is supported
[2025.12.03-20.05.35:719][  0]LogD3D11RHI: GPU Timing Frequency: 1000.000000 (Debug: 2 1)
[2025.12.03-20.05.35:787][  0]LogRHI: GeForceNow SDK initialized: 1
[2025.12.03-20.05.36:717][  0]LogTargetPlatformManager: Display: Loaded TargetPlatform 'AllDesktop'
[2025.12.03-20.05.36:782][  0]LogTargetPlatformManager: Display: Loaded TargetPlatform 'Android'
[2025.12.03-20.05.36:782][  0]LogTargetPlatformManager: Display: Loaded TargetPlatform 'Android_ASTC'
[2025.12.03-20.05.36:782][  0]LogTargetPlatformManager: Display: Loaded TargetPlatform 'Android_DXT'
[2025.12.03-20.05.36:782][  0]LogTargetPlatformManager: Display: Loaded TargetPlatform 'Android_ETC2'
[2025.12.03-20.05.36:782][  0]LogTargetPlatformManager: Display: Loaded TargetPlatform 'AndroidClient'
[2025.12.03-20.05.36:782][  0]LogTargetPlatformManager: Display: Loaded TargetPlatform 'Android_ASTCClient'
[2025.12.03-20.05.36:782][  0]LogTargetPlatformManager: Display: Loaded TargetPlatform 'Android_DXTClient'
[2025.12.03-20.05.36:782][  0]LogTargetPlatformManager: Display: Loaded TargetPlatform 'Android_ETC2Client'
[2025.12.03-20.05.36:782][  0]LogTargetPlatformManager: Display: Loaded TargetPlatform 'Android_Multi'
[2025.12.03-20.05.36:782][  0]LogTargetPlatformManager: Display: Loaded TargetPlatform 'Android_MultiClient'
[2025.12.03-20.05.36:849][  0]LogTargetPlatformManager: Display: Loaded TargetPlatform 'IOSClient'
[2025.12.03-20.05.36:850][  0]LogTargetPlatformManager: Display: Loaded TargetPlatform 'IOS'
[2025.12.03-20.05.36:884][  0]LogTargetPlatformManager: Display: Loaded TargetPlatform 'Linux'
[2025.12.03-20.05.36:902][  0]LogTargetPlatformManager: Display: Loaded TargetPlatform 'LinuxNoEditor'
[2025.12.03-20.05.36:920][  0]LogTargetPlatformManager: Display: Loaded TargetPlatform 'LinuxClient'
[2025.12.03-20.05.36:942][  0]LogTargetPlatformManager: Display: Loaded TargetPlatform 'LinuxServer'
[2025.12.03-20.05.36:975][  0]LogTargetPlatformManager: Display: Loaded TargetPlatform 'LinuxAArch64NoEditor'
[2025.12.03-20.05.36:996][  0]LogTargetPlatformManager: Display: Loaded TargetPlatform 'LinuxAArch64Client'
[2025.12.03-20.05.37:022][  0]LogTargetPlatformManager: Display: Loaded TargetPlatform 'LinuxAArch64Server'
[2025.12.03-20.05.37:112][  0]LogTargetPlatformManager: Display: Loaded TargetPlatform 'Lumin'
[2025.12.03-20.05.37:113][  0]LogTargetPlatformManager: Display: Loaded TargetPlatform 'LuminClient'
[2025.12.03-20.05.37:143][  0]LogTargetPlatformManager: Display: Loaded TargetPlatform 'MacNoEditor'
[2025.12.03-20.05.37:162][  0]LogTargetPlatformManager: Display: Loaded TargetPlatform 'Mac'
[2025.12.03-20.05.37:182][  0]LogTargetPlatformManager: Display: Loaded TargetPlatform 'MacClient'
[2025.12.03-20.05.37:204][  0]LogTargetPlatformManager: Display: Loaded TargetPlatform 'MacServer'
[2025.12.03-20.05.37:248][  0]LogTargetPlatformManager: Display: Loaded TargetPlatform 'TVOSClient'
[2025.12.03-20.05.37:248][  0]LogTargetPlatformManager: Display: Loaded TargetPlatform 'TVOS'
[2025.12.03-20.05.37:284][  0]LogTargetPlatformManager: Display: Loaded TargetPlatform 'WindowsNoEditor'
[2025.12.03-20.05.37:304][  0]LogTargetPlatformManager: Display: Loaded TargetPlatform 'Windows'
[2025.12.03-20.05.37:328][  0]LogTargetPlatformManager: Display: Loaded TargetPlatform 'WindowsClient'
[2025.12.03-20.05.37:353][  0]LogTargetPlatformManager: Display: Loaded TargetPlatform 'WindowsServer'
[2025.12.03-20.05.37:353][  0]LogTargetPlatformManager: Display: Building Assets For Windows
[2025.12.03-20.05.37:386][  0]LogAudioDebug: Display: Lib vorbis DLL was dynamically loaded.
[2025.12.03-20.05.37:537][  0]LogTextureFormatOodle: Display: Oodle Texture 2.9.0 init RDO Off
[2025.12.03-20.05.37:668][  0]LogRendererCore: Ray tracing is disabled. Reason: r.RayTracing=0.
[2025.12.03-20.05.37:668][  0]LogShaderCompilers: Guid format shader working directory is 23 characters bigger than the processId version (E:/Unreal/Fumec_DevGames/Intermediate/Shaders/WorkingDirectory/11084/).
[2025.12.03-20.05.37:668][  0]LogShaderCompilers: Cleaned the shader compiler working directory 'C:/Users/Gabriel/AppData/Local/Temp/UnrealShaderWorkingDir/8D4A450F42FCB23FD74E03973D3CC36B/'.
[2025.12.03-20.05.37:669][  0]LogXGEController: Cannot use XGE Controller as Incredibuild is not installed on this machine.
[2025.12.03-20.05.37:669][  0]LogShaderCompilers: Cannot use XGE Shader Compiler as Incredibuild is not installed on this machine.
[2025.12.03-20.05.37:669][  0]LogShaderCompilers: Display: Using Local Shader Compiler.
[2025.12.03-20.05.39:014][  0]LogDerivedDataCache: Display: Max Cache Size: 512 MB
[2025.12.03-20.05.39:126][  0]LogDerivedDataCache: Loaded boot cache 0.11s 94MB C:/Users/Gabriel/AppData/Local/UnrealEngine/4.27/DerivedDataCache/Boot.ddc.
[2025.12.03-20.05.39:126][  0]LogDerivedDataCache: Display: Loaded Boot cache: C:/Users/Gabriel/AppData/Local/UnrealEngine/4.27/DerivedDataCache/Boot.ddc
[2025.12.03-20.05.39:127][  0]LogDerivedDataCache: FDerivedDataBackendGraph:  Pak pak cache file E:/Unreal/Fumec_DevGames/DerivedDataCache/DDC.ddp not found, will not use a pak cache.
[2025.12.03-20.05.39:127][  0]LogDerivedDataCache: Unable to find inner node Pak for hierarchical cache Hierarchy.
[2025.12.03-20.05.39:127][  0]LogDerivedDataCache: FDerivedDataBackendGraph:  CompressedPak pak cache file E:/Unreal/Fumec_DevGames/DerivedDataCache/Compressed.ddp not found, will not use a pak cache.
[2025.12.03-20.05.39:127][  0]LogDerivedDataCache: Unable to find inner node CompressedPak for hierarchical cache Hierarchy.
[2025.12.03-20.05.39:160][  0]LogDerivedDataCache: Display: Pak cache opened for reading ../../../Engine/DerivedDataCache/Compressed.ddp.
[2025.12.03-20.05.39:161][  0]LogDerivedDataCache: FDerivedDataBackendGraph:  EnterprisePak pak cache file ../../../Enterprise/DerivedDataCache/Compressed.ddp not found, will not use a pak cache.
[2025.12.03-20.05.39:161][  0]LogDerivedDataCache: Unable to find inner node EnterprisePak for hierarchical cache Hierarchy.
[2025.12.03-20.05.39:185][  0]LogDerivedDataCache: Speed tests for C:/Users/Gabriel/AppData/Local/UnrealEngine/Common/DerivedDataCache took 0.02 seconds
[2025.12.03-20.05.39:185][  0]LogDerivedDataCache: Display: Performance to C:/Users/Gabriel/AppData/Local/UnrealEngine/Common/DerivedDataCache: Latency=0.07ms. RandomReadSpeed=468.88MBs, RandomWriteSpeed=44.78MBs. Assigned SpeedClass 'Local'
[2025.12.03-20.05.39:189][  0]LogDerivedDataCache: Using Local data cache path C:/Users/Gabriel/AppData/Local/UnrealEngine/Common/DerivedDataCache: Writable
[2025.12.03-20.05.39:190][  0]LogDerivedDataCache: Shared data cache path not found in *engine.ini, will not use an Shared cache.
[2025.12.03-20.05.39:190][  0]LogDerivedDataCache: Unable to find inner node Shared for hierarchical cache Hierarchy.
[2025.12.03-20.05.39:289][  0]LogSlate: Using FreeType 2.10.0
[2025.12.03-20.05.39:290][  0]LogSlate: SlateFontServices - WITH_FREETYPE: 1, WITH_HARFBUZZ: 1
[2025.12.03-20.05.39:344][  0]LogAssetRegistry: FAssetRegistry took 0.0062 seconds to start up
[2025.12.03-20.05.39:822][  0]LogInit: Selected Device Profile: [Windows]
[2025.12.03-20.05.39:822][  0]LogInit: Active device profile: [0000022A83B3F900][0000022AF7DD4680 49] Windows
[2025.12.03-20.05.39:822][  0]LogInit: Profiles: [0000022A83B3F900][0000022AF7DD4680 49] Windows, [0000022A83AF0B00][0000022AF7DD87C0 49] WindowsNoEditor, [0000022A83B3CB00][0000022A845C6900 49] WindowsServer, [0000022A83AF3700][0000022A845CAA40 49] WindowsClient, [0000022A83B3F700][0000022A80784B80 49] IOS, [0000022A83AF0100][0000022A8078CD00 49] iPadAir, [0000022A83B3C500][0000022A80790E80 49] iPadAir2, [0000022A83AB0C00][0000022A80799140 49] IPadPro, [0000022A83AB0D00][0000022A80795180 49] iPadAir3, [0000022A83B3F500][0000022A8079D300 49] iPadAir4, [0000022A83AB3E00][0000022A807A1480 49] iPadMini2, [0000022A83B3C400][0000022A807A5600 49] iPadMini3, [0000022A83AB1700][0000022A807A9780 49] iPadMini4, [0000022A83B3F400][0000022A807AD900 49] iPadMini5, [0000022A83AF3000][0000022A807B5BC0 49] iPhone6, [0000022A83AF2F00][0000022A807B1C00 49] iPodTouch6, [0000022A83AB3500][0000022A807BC340 49] iPhone7, [0000022A83AB3400][0000022A807B8380 49] iPodTouch7, [0000022A83AF3A00][0000022A807C0500 49] iPhone5S, [0000022A83AB0A00][0000022A807C4680 49] iPhone6Plus, [0000022A83AF2600][0000022A807C8800 49] iPhone6S, [0000022A83AB2C00][0000022A80788940 49] iPhone6SPlus, [0000022A83AF0500][0000022A807CCA80 49] iPhone7Plus, [0000022A83AB1200][0000022A807D0BC0 49] iPhoneSE, [0000022A83AF2200][0000022A807D4D00 49] iPhone8, [0000022A83AB2800][0000022A807DCE80 49] iPhone8Plus, [0000022A83AF0600][0000022A808D7000 49] iPhoneX, [0000022A83AB1400][0000022A808DB180 49] iPhoneXS, [0000022A83AF1F00][0000022A808DF300 49] iPhoneXSMax, [0000022A83AB2500][0000022A808E3480 49] iPhoneXR, [0000022A83AF0E00][0000022A808E7600 49] iPhone11, [0000022A83AB0300][0000022A808EB780 49] iPhone11Pro, [0000022A83AF1C00][0000022A808EF900 49] iPhone11ProMax, [0000022A83AB3A00][0000022A808F3A80 49] iPhoneSE2, [0000022A83AF2D00][0000022A808F7C00 49] iPhone12Mini, [0000022A83AB1A00][0000022A808FA200 49] iPhone12, [0000022A83AF3200][0000022A808FE380 49] iPhone12Pro, [0000022A83AB0800][0000022A80902500 49] iPhone12ProMax, [0000022A83AF2800][0000022A80906680 49] iPadPro105, [0000022A83AB1C00][0000022A8090A800 49] iPadPro129, [0000022A83AF0700][0000022A8090E980 49] iPadPro97, [0000022A83AB2100][0000022A80912B00 49] iPadPro2_129, [0000022A83AF1600][0000022A807D8C40 49] iPad5, [0000022A83AB1E00][0000022A80916D80 49] iPad6, [0000022A83AF1900][0000022A8091AEC0 49] iPad7, [0000022A83AB1F00][0000022A80923040 49] iPad8, [0000022A83AF3C00][0000022A809271C0 49] iPadPro11, [0000022A83AB2400][0000022A8092B340 49] iPadPro2_11, [0000022A83AF0400][0000022A8092F4C0 49] iPadPro3_129, [0000022A83AB0900][0000022A80933640 49] iPadPro4_129, [0000022A83AF2900][0000022A809377C0 49] AppleTV, [0000022A83AB3100][0000022A8093B940 49] AppleTV4K, [0000022A83AF3400][0000022A8093FAC0 49] TVOS, [0000022A83AB0700][0000022A809420C0 49] Mac, [0000022A83AF1800][0000022A80946240 49] MacClient, [0000022A83AB3600][0000022A8094A3C0 49] MacNoEditor, [0000022A83AF1E00][0000022A8094E540 49] MacServer, [0000022A83AB2B00][0000022A809526C0 49] Linux, [0000022A83AF3100][0000022A80956840 49] LinuxAArch64, [0000022A83AB2E00][0000022A8095A9C0 49] LinuxNoEditor, [0000022A83AF3E00][0000022A8095EB40 49] LinuxAArch64NoEditor, [0000022A83AB2000][0000022A80962CC0 49] LinuxClient, [0000022A83AF2000][0000022A8091EE00 49] LinuxAArch64Client, [0000022A83AB3C00][0000022A80966F40 49] LinuxServer, [0000022A83AF2100][0000022A8096B080 49] LinuxAArch64Server, [0000022A83B3D000][0000022A806CD1C0 49] Android, [0000022A83B79500][0000022A806D5340 49] Android_Low, [0000022A83B3EB00][0000022A806D94C0 49] Android_Mid, [0000022A83B79200][0000022A806DD640 49] Android_High, [0000022A83B3DE00][0000022A806E17C0 49] Android_Default, [0000022A83B78F00][0000022A806E5940 49] Android_Adreno4xx, [0000022A83B3D100][0000022A806E9AC0 49] Android_Adreno5xx_Low, [0000022A83B79C00][0000022A806EC0C0 49] Android_Adreno5xx, [0000022A83B3C100][0000022A806F0240 49] Android_Adreno6xx, [0000022A83B78B00][0000022A806F43C0 49] Android_Adreno6xx_Vulkan, [0000022A83B3E400][0000022A806F8540 49] Android_Mali_T6xx, [0000022A83B7A400][0000022A806FC6C0 49] Android_Mali_T7xx, [0000022A83B3EE00][0000022A80700840 49] Android_Mali_T8xx, [0000022A83B79300][0000022A807049C0 49] Android_Mali_G71, [0000022A83B3D500][0000022A80708B40 49] Android_Mali_G72, [0000022A83B78600][0000022A8070CCC0 49] Android_Mali_G72_Vulkan, [0000022A83B3D900][0000022A80710E40 49] Android_Mali_G76, [0000022A83B7A000][0000022A806D0F80 49] Android_Mali_G76_Vulkan, [0000022A83B3DA00][0000022A807150C0 49] Android_Mali_G77, [0000022A83B7A300][0000022A80719200 49] Android_Mali_G77_Vulkan, [0000022A83AF1B00][0000022A8071D340 49] Android_Mali_G78, [0000022A83AB2F00][0000022A807254C0 49] Android_Mali_G78_Vulkan, [0000022A83AF1A00][0000022A80729640 49] Android_Mali_G710, [0000022A83AB1600][0000022A8072D7C0 49] Android_Mali_G710_Vulkan, [0000022A83AF1500][0000022A80731940 49] Android_Vulkan_SM5, [0000022A83AB0E00][0000022A80735AC0 49] Android_PowerVR_G6xxx, [0000022A83AF2700][0000022A807380C0 49] Android_PowerVR_GT7xxx, [0000022A83B79A00][0000022A8073C240 49] Android_PowerVR_GE8xxx, [0000022A83AF3900][0000022A807403C0 49] Android_PowerVR_GM9xxx, [0000022A83B79100][0000022A80744540 49] Android_PowerVR_GM9xxx_Vulkan, [0000022A83AF1000][0000022A807486C0 49] Android_TegraK1, [0000022A83B78100][0000022A8074C840 49] Android_Unknown_Vulkan, [0000022A83AF1200][0000022A807509C0 49] Lumin, [0000022A83B78200][0000022A80754B40 49] Lumin_Desktop, [0000022A83AF2E00][0000022A80758CC0 49] HoloLens, 
[2025.12.03-20.05.40:084][  0]LogMeshReduction: Using QuadricMeshReduction for automatic static mesh reduction
[2025.12.03-20.05.40:084][  0]LogMeshReduction: Using SimplygonMeshReduction for automatic skeletal mesh reduction
[2025.12.03-20.05.40:084][  0]LogMeshReduction: Using ProxyLODMeshReduction for automatic mesh merging
[2025.12.03-20.05.40:084][  0]LogMeshReduction: No distributed automatic mesh merging module available
[2025.12.03-20.05.40:084][  0]LogMeshMerging: No distributed automatic mesh merging module available
[2025.12.03-20.05.40:125][  0]LogNetVersion: ColunaDoendoSamurai 1.0.0, NetCL: 17155196, EngineNetVer: 17, GameNetVer: 0 (Checksum: 440667709)
[2025.12.03-20.05.41:019][  0]LogTexture: Default maximum texture size for cubemaps generated from long-lat sources has been changed from 512 to unlimited. In order to preserve old behaiour for '/Engine/MapTemplates/Sky/DaylightAmbientCubemap.DaylightAmbientCubemap', its maximum texture size has been explicitly set to 512.
[2025.12.03-20.05.41:162][  0]LogHMD: PokeAHoleMaterial loaded successfully
[2025.12.03-20.05.41:180][  0]LogUObjectArray: 17178 objects as part of root set at end of initial load.
[2025.12.03-20.05.41:180][  0]LogUObjectAllocator: 4302048 out of 0 bytes used by permanent object pool.
[2025.12.03-20.05.41:180][  0]LogUObjectArray: CloseDisregardForGC: 0/0 objects in disregard for GC pool
[2025.12.03-20.05.41:770][  0]LogNiagaraDebuggerClient: Niagara Debugger Client Initialized | Session: 6DF10ECC45055B387104F8A65BAC2DB4 | Instance: 91FC540D460CFCA4D1CE4B83EF4473AC (LUCY-11084).
[2025.12.03-20.05.41:882][  0]LogPython: Using Python 3.7.7
[2025.12.03-20.05.42:879][  0]LogUdpMessaging: Initializing bridge on interface 0.0.0.0:0 to multicast group 230.0.0.1:6666.
[2025.12.03-20.05.42:898][  0]LogTcpMessaging: Initializing TcpMessaging bridge
[2025.12.03-20.05.43:910][  0]SourceControl: Source control is disabled
[2025.12.03-20.05.43:910][  0]SourceControl: Source control is disabled
[2025.12.03-20.05.43:921][  0]SourceControl: Source control is disabled
[2025.12.03-20.05.43:931][  0]SourceControl: Source control is disabled
[2025.12.03-20.05.43:979][  0]SourceControl: Source control is disabled
[2025.12.03-20.05.44:001][  0]LogUProjectInfo: Found projects:
[2025.12.03-20.05.44:440][  0]LogOpenImageDenoise: OIDN starting up
[2025.12.03-20.05.44:731][  0]LogAndroidPermission: UAndroidPermissionCallbackProxy::GetInstance
[2025.12.03-20.05.44:806][  0]LogAudioCaptureCore: Display: No Audio Capture implementations found. Audio input will be silent.
[2025.12.03-20.05.44:806][  0]LogAudioCaptureCore: Display: No Audio Capture implementations found. Audio input will be silent.
[2025.12.03-20.05.45:121][  0]LogCollectionManager: Loaded 0 collections in 0.003497 seconds
[2025.12.03-20.05.45:189][  0]LogFileCache: Scanning file cache for directory 'E:/Unreal/Fumec_DevGames/Saved/Collections/' took 0.00s
[2025.12.03-20.05.45:189][  0]LogFileCache: Scanning file cache for directory 'E:/Unreal/Fumec_DevGames/Content/Developers/Gabriel/Collections/' took 0.00s
[2025.12.03-20.05.45:189][  0]LogFileCache: Scanning file cache for directory 'E:/Unreal/Fumec_DevGames/Content/Collections/' took 0.00s
[2025.12.03-20.05.45:189][  0]LogOcInput: OculusInput pre-init called
[2025.12.03-20.05.45:759][  0]LogEngine: Initializing Engine...
[2025.12.03-20.05.45:773][  0]LogHMD: Failed to enumerate extensions. Please check that you have a valid OpenXR runtime installed.
[2025.12.03-20.05.45:775][  0]LogHMD: Failed to initialize OpenVR with code 110
[2025.12.03-20.05.45:775][  0]LogMagicLeap: Warning: VR disabled because ZI is not enabled.  To enable, in the editor, Edit -> Project Settings -> Plugins -> Magic Leap Plugin -> Enable Zero Iteration
[2025.12.03-20.05.45:778][  0]LogStats: UGameplayTagsManager::InitializeManager -  0.000 s
[2025.12.03-20.05.46:123][  0]LogInit: Initializing FReadOnlyCVARCache
[2025.12.03-20.05.46:175][  0]LogAIModule: Creating AISystem for world Untitled
[2025.12.03-20.05.46:177][  0]LogAudio: Display: Initializing Audio Device Manager...
[2025.12.03-20.05.46:194][  0]LogAudio: Display: Loading Default Audio Settings Objects...
[2025.12.03-20.05.46:196][  0]LogAudio: Display: No default SoundConcurrencyObject specified (or failed to load).
[2025.12.03-20.05.46:198][  0]LogAudio: Display: Audio Device Manager Initialized
[2025.12.03-20.05.46:198][  0]LogAudio: Display: Creating Audio Device:                 Id: 1, Scope: Shared, Realtime: True
[2025.12.03-20.05.46:198][  0]LogAudioMixer: Display: Audio Mixer Platform Settings:
[2025.12.03-20.05.46:198][  0]LogAudioMixer: Display: 	Sample Rate:						  48000
[2025.12.03-20.05.46:198][  0]LogAudioMixer: Display: 	Callback Buffer Frame Size Requested: 1024
[2025.12.03-20.05.46:198][  0]LogAudioMixer: Display: 	Callback Buffer Frame Size To Use:	  1024
[2025.12.03-20.05.46:198][  0]LogAudioMixer: Display: 	Number of buffers to queue:			  2
[2025.12.03-20.05.46:198][  0]LogAudioMixer: Display: 	Max Channels (voices):				  32
[2025.12.03-20.05.46:198][  0]LogAudioMixer: Display: 	Number of Async Source Workers:		  0
[2025.12.03-20.05.46:198][  0]LogAudio: Display: AudioDevice MaxSources: 32
[2025.12.03-20.05.46:200][  0]LogAudio: Display: Audio Spatialization Plugin: None (built-in).
[2025.12.03-20.05.46:200][  0]LogAudio: Display: Audio Reverb Plugin: None (built-in).
[2025.12.03-20.05.46:200][  0]LogAudio: Display: Audio Occlusion Plugin: None (built-in).
[2025.12.03-20.05.46:200][  0]LogAudioMixer: Display: Initializing audio mixer.
[2025.12.03-20.05.46:253][  0]LogAudioMixer: Display: 0: FrontLeft
[2025.12.03-20.05.46:253][  0]LogAudioMixer: Display: 1: FrontRight
[2025.12.03-20.05.46:453][  0]LogAudioMixer: Display: Using Audio Device Alto-falantes (Realtek(R) Audio)
[2025.12.03-20.05.46:454][  0]LogAudioMixer: Display: Initializing Sound Submixes...
[2025.12.03-20.05.46:463][  0]LogAudioMixer: Display: Creating Master Submix 'MasterSubmixDefault'
[2025.12.03-20.05.46:463][  0]LogAudioMixer: Display: Creating Master Submix 'MasterReverbSubmixDefault'
[2025.12.03-20.05.46:466][  0]LogAudioMixer: Display: Creating Master Submix 'MasterEQSubmixDefault'
[2025.12.03-20.05.46:466][  0]LogAudioMixer: FMixerPlatformXAudio2::StartAudioStream() called
[2025.12.03-20.05.46:466][  0]LogAudioMixer: Display: Output buffers initialized: Frames=1024, Channels=2, Samples=2048
[2025.12.03-20.05.46:469][  0]LogAudioMixer: Display: Starting AudioMixerPlatformInterface::RunInternal()
[2025.12.03-20.05.46:469][  0]LogAudioMixer: Display: FMixerPlatformXAudio2::SubmitBuffer() called for the first time
[2025.12.03-20.05.46:469][  0]LogInit: FAudioDevice initialized.
[2025.12.03-20.05.46:470][  0]LogAudio: Display: Audio Device (ID: 1) registered with world 'Untitled'.
[2025.12.03-20.05.46:470][  0]LogNetVersion: Set ProjectVersion to 1.0.0.0. Version Checksum will be recalculated on next use.
[2025.12.03-20.05.46:637][  0]LogDerivedDataCache: Saved boot cache 0.17s 94MB C:/Users/Gabriel/AppData/Local/UnrealEngine/4.27/DerivedDataCache/Boot.ddc.
[2025.12.03-20.05.46:637][  0]LogInit: Texture streaming: Enabled
[2025.12.03-20.05.46:680][  0]LogAnalytics: Display: [UEEditor.Rocket.Release] APIServer = https://datarouter.ol.epicgames.com/. AppVersion = 4.27.2-18319896+++UE4+Release-4.27
[2025.12.03-20.05.46:693][  0]LogEngineSessionManager: EngineSessionManager initialized
[2025.12.03-20.05.46:693][  0]LogEditorSessionSummary: Verbose: Initializing EditorSessionSummaryWriter for editor session tracking
[2025.12.03-20.05.46:697][  0]LogEditorSessionSummary: EditorSessionSummaryWriter initialized
[2025.12.03-20.05.46:778][  0]LogInit: Transaction tracking system initialized
[2025.12.03-20.05.46:859][  0]BlueprintLog: New page: Editor Load
[2025.12.03-20.05.47:072][  0]LocalizationService: Localization service is disabled
[2025.12.03-20.05.47:162][  0]TimingProfiler: Initialize
[2025.12.03-20.05.47:162][  0]TimingProfiler: OnSessionChanged
[2025.12.03-20.05.47:162][  0]LoadingProfiler: Initialize
[2025.12.03-20.05.47:162][  0]LoadingProfiler: OnSessionChanged
[2025.12.03-20.05.47:162][  0]NetworkingProfiler: Initialize
[2025.12.03-20.05.47:163][  0]NetworkingProfiler: OnSessionChanged
[2025.12.03-20.05.47:163][  0]MemoryProfiler: Initialize
[2025.12.03-20.05.47:163][  0]MemoryProfiler: OnSessionChanged
[2025.12.03-20.05.47:582][  0]LogCook: Display: CookSettings for Memory: MemoryMaxUsedVirtual 0MiB, MemoryMaxUsedPhysical 16384MiB, MemoryMinFreeVirtual 0MiB, MemoryMinFreePhysical 1024MiB
[2025.12.03-20.05.47:583][  0]LogCook: Display: Mobile HDR setting 1
[2025.12.03-20.05.48:179][  0]LogFileCache: Scanning file cache for directory 'E:/Unreal/Fumec_DevGames/Content/' took 0.01s
[2025.12.03-20.05.48:563][  0]LogInit: Display: Engine is initialized. Leaving FEngineLoop::Init()
[2025.12.03-20.05.48:571][  0]SourceControl: Source control is disabled
[2025.12.03-20.05.48:571][  0]LogUnrealEdMisc: Loading editor; pre map load, took 18.647
[2025.12.03-20.05.48:571][  0]Cmd: MAP LOAD FILE="E:/Unreal/Fumec_DevGames/Content/Mapas/Menu/MainMenu.umap" TEMPLATE=0 SHOWPROGRESS=1 FEATURELEVEL=3
[2025.12.03-20.05.48:572][  0]LightingResults: New page: Lighting Build
[2025.12.03-20.05.48:575][  0]LogWorld: UWorld::CleanupWorld for Untitled, bSessionEnded=true, bCleanupResources=true
[2025.12.03-20.05.48:576][  0]LogSlate: InvalidateAllWidgets triggered.  All widgets were invalidated
[2025.12.03-20.05.48:576][  0]MapCheck: New page: Map Check
[2025.12.03-20.05.48:576][  0]LightingResults: New page: Lighting Build
[2025.12.03-20.05.48:586][  0]LogAudio: Display: Audio Device unregistered from world 'None'.
[2025.12.03-20.05.48:593][  0]LogUObjectHash: Compacting FUObjectHashTables data took   1.76ms
[2025.12.03-20.05.48:832][  0]LogAudio: Display: Audio Device (ID: 1) registered with world 'MainMenu'.
[2025.12.03-20.05.48:835][  0]LogAIModule: Creating AISystem for world MainMenu
[2025.12.03-20.05.48:850][  0]LogEditorServer: Finished looking for orphan Actors (0.000 secs)
[2025.12.03-20.05.48:869][  0]LogUObjectHash: Compacting FUObjectHashTables data took   2.61ms
[2025.12.03-20.05.48:871][  0]Cmd: MAP CHECKDEP NOCLEARLOG
[2025.12.03-20.05.48:871][  0]MapCheck: Map check complete: 0 Error(s), 0 Warning(s), took 0.359ms to complete.
[2025.12.03-20.05.48:871][  0]LogFileHelpers: Loading map 'MainMenu' took 0.300
[2025.12.03-20.05.48:877][  0]LogUnrealEdMisc: Total Editor Startup Time, took 18.952
[2025.12.03-20.05.49:131][  0]LogSlate: Updating window title bar state: overlay mode, drag disabled, window buttons hidden, title bar hidden
[2025.12.03-20.05.49:146][  0]LogSlate: Updating window title bar state: overlay mode, drag disabled, window buttons hidden, title bar hidden
[2025.12.03-20.05.49:161][  0]LogSlate: Updating window title bar state: overlay mode, drag disabled, window buttons hidden, title bar hidden
[2025.12.03-20.05.49:184][  0]LogSlate: Updating window title bar state: overlay mode, drag disabled, window buttons hidden, title bar hidden
[2025.12.03-20.05.49:236][  0]LogNativeClassHierarchy: Verbose: Native class hierarchy populated in 0.0222 seconds. Added 3822 classes and 928 folders.
[2025.12.03-20.05.49:247][  0]LogNativeClassHierarchy: Verbose: Native class hierarchy updated for 'WidgetCarousel' in 0.0007 seconds. Added 0 classes and 0 folders.
[2025.12.03-20.05.49:255][  0]LogPakFile: PakFile PrimaryIndexSize=187
[2025.12.03-20.05.49:256][  0]LogPakFile: PakFile PathHashIndexSize=101
[2025.12.03-20.05.49:256][  0]LogPakFile: PakFile FullDirectoryIndexSize=148
[2025.12.03-20.05.49:256][  0]LogShaderLibrary: Display: ShaderCodeLibraryPakFileMountedCallback: PakFile 'C:/Genshin/UE_4.27/FeaturePacks/FP_FirstPerson.upack' (chunk index -1, root 'root:/') mounted
[2025.12.03-20.05.49:256][  0]LogShaderLibrary: Display: ShaderCodeLibraryPakFileMountedCallback: pending pak file info (ChunkID:-1 Root:root:/ File:C:/Genshin/UE_4.27/FeaturePacks/FP_FirstPerson.upack)
[2025.12.03-20.05.49:256][  0]LogPakFile: OnPakFileMounted2Time == 0.000541
[2025.12.03-20.05.49:261][  0]LogPakFile: PakFile PrimaryIndexSize=189
[2025.12.03-20.05.49:261][  0]LogPakFile: PakFile PathHashIndexSize=101
[2025.12.03-20.05.49:261][  0]LogPakFile: PakFile FullDirectoryIndexSize=152
[2025.12.03-20.05.49:261][  0]LogShaderLibrary: Display: ShaderCodeLibraryPakFileMountedCallback: PakFile 'C:/Genshin/UE_4.27/FeaturePacks/FP_FirstPersonBP.upack' (chunk index -1, root 'root:/') mounted
[2025.12.03-20.05.49:261][  0]LogShaderLibrary: Display: ShaderCodeLibraryPakFileMountedCallback: pending pak file info (ChunkID:-1 Root:root:/ File:C:/Genshin/UE_4.27/FeaturePacks/FP_FirstPersonBP.upack)
[2025.12.03-20.05.49:261][  0]LogPakFile: OnPakFileMounted2Time == 0.000092
[2025.12.03-20.05.49:263][  0]LogPakFile: PakFile PrimaryIndexSize=191
[2025.12.03-20.05.49:263][  0]LogPakFile: PakFile PathHashIndexSize=101
[2025.12.03-20.05.49:263][  0]LogPakFile: PakFile FullDirectoryIndexSize=160
[2025.12.03-20.05.49:263][  0]LogShaderLibrary: Display: ShaderCodeLibraryPakFileMountedCallback: PakFile 'C:/Genshin/UE_4.27/FeaturePacks/MobileStarterContent.upack' (chunk index -1, root 'root:/') mounted
[2025.12.03-20.05.49:263][  0]LogShaderLibrary: Display: ShaderCodeLibraryPakFileMountedCallback: pending pak file info (ChunkID:-1 Root:root:/ File:C:/Genshin/UE_4.27/FeaturePacks/MobileStarterContent.upack)
[2025.12.03-20.05.49:263][  0]LogPakFile: OnPakFileMounted2Time == 0.000071
[2025.12.03-20.05.49:266][  0]LogPakFile: PakFile PrimaryIndexSize=185
[2025.12.03-20.05.49:266][  0]LogPakFile: PakFile PathHashIndexSize=101
[2025.12.03-20.05.49:266][  0]LogPakFile: PakFile FullDirectoryIndexSize=148
[2025.12.03-20.05.49:266][  0]LogShaderLibrary: Display: ShaderCodeLibraryPakFileMountedCallback: PakFile 'C:/Genshin/UE_4.27/FeaturePacks/StarterContent.upack' (chunk index -1, root 'root:/') mounted
[2025.12.03-20.05.49:266][  0]LogShaderLibrary: Display: ShaderCodeLibraryPakFileMountedCallback: pending pak file info (ChunkID:-1 Root:root:/ File:C:/Genshin/UE_4.27/FeaturePacks/StarterContent.upack)
[2025.12.03-20.05.49:266][  0]LogPakFile: OnPakFileMounted2Time == 0.000073
[2025.12.03-20.05.49:269][  0]LogPakFile: PakFile PrimaryIndexSize=190
[2025.12.03-20.05.49:269][  0]LogPakFile: PakFile PathHashIndexSize=101
[2025.12.03-20.05.49:269][  0]LogPakFile: PakFile FullDirectoryIndexSize=154
[2025.12.03-20.05.49:269][  0]LogShaderLibrary: Display: ShaderCodeLibraryPakFileMountedCallback: PakFile 'C:/Genshin/UE_4.27/FeaturePacks/TP_2DSideScroller.upack' (chunk index -1, root 'root:/') mounted
[2025.12.03-20.05.49:269][  0]LogShaderLibrary: Display: ShaderCodeLibraryPakFileMountedCallback: pending pak file info (ChunkID:-1 Root:root:/ File:C:/Genshin/UE_4.27/FeaturePacks/TP_2DSideScroller.upack)
[2025.12.03-20.05.49:269][  0]LogPakFile: OnPakFileMounted2Time == 0.000083
[2025.12.03-20.05.49:270][  0]LogPakFile: PakFile PrimaryIndexSize=192
[2025.12.03-20.05.49:272][  0]LogPakFile: PakFile PathHashIndexSize=101
[2025.12.03-20.05.49:272][  0]LogPakFile: PakFile FullDirectoryIndexSize=158
[2025.12.03-20.05.49:272][  0]LogShaderLibrary: Display: ShaderCodeLibraryPakFileMountedCallback: PakFile 'C:/Genshin/UE_4.27/FeaturePacks/TP_2DSideScrollerBP.upack' (chunk index -1, root 'root:/') mounted
[2025.12.03-20.05.49:272][  0]LogShaderLibrary: Display: ShaderCodeLibraryPakFileMountedCallback: pending pak file info (ChunkID:-1 Root:root:/ File:C:/Genshin/UE_4.27/FeaturePacks/TP_2DSideScrollerBP.upack)
[2025.12.03-20.05.49:272][  0]LogPakFile: OnPakFileMounted2Time == 0.000081
[2025.12.03-20.05.49:274][  0]LogPakFile: PakFile PrimaryIndexSize=182
[2025.12.03-20.05.49:274][  0]LogPakFile: PakFile PathHashIndexSize=101
[2025.12.03-20.05.49:274][  0]LogPakFile: PakFile FullDirectoryIndexSize=138
[2025.12.03-20.05.49:274][  0]LogShaderLibrary: Display: ShaderCodeLibraryPakFileMountedCallback: PakFile 'C:/Genshin/UE_4.27/FeaturePacks/TP_Flying.upack' (chunk index -1, root 'root:/') mounted
[2025.12.03-20.05.49:274][  0]LogShaderLibrary: Display: ShaderCodeLibraryPakFileMountedCallback: pending pak file info (ChunkID:-1 Root:root:/ File:C:/Genshin/UE_4.27/FeaturePacks/TP_Flying.upack)
[2025.12.03-20.05.49:275][  0]LogPakFile: OnPakFileMounted2Time == 0.000078
[2025.12.03-20.05.49:277][  0]LogPakFile: PakFile PrimaryIndexSize=184
[2025.12.03-20.05.49:277][  0]LogPakFile: PakFile PathHashIndexSize=101
[2025.12.03-20.05.49:277][  0]LogPakFile: PakFile FullDirectoryIndexSize=142
[2025.12.03-20.05.49:277][  0]LogShaderLibrary: Display: ShaderCodeLibraryPakFileMountedCallback: PakFile 'C:/Genshin/UE_4.27/FeaturePacks/TP_FlyingBP.upack' (chunk index -1, root 'root:/') mounted
[2025.12.03-20.05.49:277][  0]LogShaderLibrary: Display: ShaderCodeLibraryPakFileMountedCallback: pending pak file info (ChunkID:-1 Root:root:/ File:C:/Genshin/UE_4.27/FeaturePacks/TP_FlyingBP.upack)
[2025.12.03-20.05.49:277][  0]LogPakFile: OnPakFileMounted2Time == 0.000075
[2025.12.03-20.05.49:279][  0]LogPakFile: PakFile PrimaryIndexSize=188
[2025.12.03-20.05.49:279][  0]LogPakFile: PakFile PathHashIndexSize=101
[2025.12.03-20.05.49:279][  0]LogPakFile: PakFile FullDirectoryIndexSize=150
[2025.12.03-20.05.49:279][  0]LogShaderLibrary: Display: ShaderCodeLibraryPakFileMountedCallback: PakFile 'C:/Genshin/UE_4.27/FeaturePacks/TP_HandheldARBP.upack' (chunk index -1, root 'root:/') mounted
[2025.12.03-20.05.49:280][  0]LogShaderLibrary: Display: ShaderCodeLibraryPakFileMountedCallback: pending pak file info (ChunkID:-1 Root:root:/ File:C:/Genshin/UE_4.27/FeaturePacks/TP_HandheldARBP.upack)
[2025.12.03-20.05.49:280][  0]LogPakFile: OnPakFileMounted2Time == 0.000099
[2025.12.03-20.05.49:284][  0]LogPakFile: PakFile PrimaryIndexSize=182
[2025.12.03-20.05.49:284][  0]LogPakFile: PakFile PathHashIndexSize=101
[2025.12.03-20.05.49:284][  0]LogPakFile: PakFile FullDirectoryIndexSize=138
[2025.12.03-20.05.49:284][  0]LogShaderLibrary: Display: ShaderCodeLibraryPakFileMountedCallback: PakFile 'C:/Genshin/UE_4.27/FeaturePacks/TP_Puzzle.upack' (chunk index -1, root 'root:/') mounted
[2025.12.03-20.05.49:284][  0]LogShaderLibrary: Display: ShaderCodeLibraryPakFileMountedCallback: pending pak file info (ChunkID:-1 Root:root:/ File:C:/Genshin/UE_4.27/FeaturePacks/TP_Puzzle.upack)
[2025.12.03-20.05.49:284][  0]LogPakFile: OnPakFileMounted2Time == 0.000074
[2025.12.03-20.05.49:287][  0]LogPakFile: PakFile PrimaryIndexSize=184
[2025.12.03-20.05.49:287][  0]LogPakFile: PakFile PathHashIndexSize=101
[2025.12.03-20.05.49:287][  0]LogPakFile: PakFile FullDirectoryIndexSize=142
[2025.12.03-20.05.49:287][  0]LogShaderLibrary: Display: ShaderCodeLibraryPakFileMountedCallback: PakFile 'C:/Genshin/UE_4.27/FeaturePacks/TP_PuzzleBP.upack' (chunk index -1, root 'root:/') mounted
[2025.12.03-20.05.49:287][  0]LogShaderLibrary: Display: ShaderCodeLibraryPakFileMountedCallback: pending pak file info (ChunkID:-1 Root:root:/ File:C:/Genshin/UE_4.27/FeaturePacks/TP_PuzzleBP.upack)
[2025.12.03-20.05.49:287][  0]LogPakFile: OnPakFileMounted2Time == 0.000102
[2025.12.03-20.05.49:291][  0]LogPakFile: PakFile PrimaryIndexSize=183
[2025.12.03-20.05.49:291][  0]LogPakFile: PakFile PathHashIndexSize=101
[2025.12.03-20.05.49:291][  0]LogPakFile: PakFile FullDirectoryIndexSize=140
[2025.12.03-20.05.49:291][  0]LogShaderLibrary: Display: ShaderCodeLibraryPakFileMountedCallback: PakFile 'C:/Genshin/UE_4.27/FeaturePacks/TP_Rolling.upack' (chunk index -1, root 'root:/') mounted
[2025.12.03-20.05.49:291][  0]LogShaderLibrary: Display: ShaderCodeLibraryPakFileMountedCallback: pending pak file info (ChunkID:-1 Root:root:/ File:C:/Genshin/UE_4.27/FeaturePacks/TP_Rolling.upack)
[2025.12.03-20.05.49:291][  0]LogPakFile: OnPakFileMounted2Time == 0.000104
[2025.12.03-20.05.49:294][  0]LogPakFile: PakFile PrimaryIndexSize=185
[2025.12.03-20.05.49:294][  0]LogPakFile: PakFile PathHashIndexSize=101
[2025.12.03-20.05.49:294][  0]LogPakFile: PakFile FullDirectoryIndexSize=144
[2025.12.03-20.05.49:294][  0]LogShaderLibrary: Display: ShaderCodeLibraryPakFileMountedCallback: PakFile 'C:/Genshin/UE_4.27/FeaturePacks/TP_RollingBP.upack' (chunk index -1, root 'root:/') mounted
[2025.12.03-20.05.49:294][  0]LogShaderLibrary: Display: ShaderCodeLibraryPakFileMountedCallback: pending pak file info (ChunkID:-1 Root:root:/ File:C:/Genshin/UE_4.27/FeaturePacks/TP_RollingBP.upack)
[2025.12.03-20.05.49:294][  0]LogPakFile: OnPakFileMounted2Time == 0.000075
[2025.12.03-20.05.49:296][  0]LogPakFile: PakFile PrimaryIndexSize=188
[2025.12.03-20.05.49:296][  0]LogPakFile: PakFile PathHashIndexSize=101
[2025.12.03-20.05.49:296][  0]LogPakFile: PakFile FullDirectoryIndexSize=150
[2025.12.03-20.05.49:296][  0]LogShaderLibrary: Display: ShaderCodeLibraryPakFileMountedCallback: PakFile 'C:/Genshin/UE_4.27/FeaturePacks/TP_SideScroller.upack' (chunk index -1, root 'root:/') mounted
[2025.12.03-20.05.49:296][  0]LogShaderLibrary: Display: ShaderCodeLibraryPakFileMountedCallback: pending pak file info (ChunkID:-1 Root:root:/ File:C:/Genshin/UE_4.27/FeaturePacks/TP_SideScroller.upack)
[2025.12.03-20.05.49:296][  0]LogPakFile: OnPakFileMounted2Time == 0.000070
[2025.12.03-20.05.49:297][  0]LogPakFile: PakFile PrimaryIndexSize=190
[2025.12.03-20.05.49:297][  0]LogPakFile: PakFile PathHashIndexSize=101
[2025.12.03-20.05.49:297][  0]LogPakFile: PakFile FullDirectoryIndexSize=154
[2025.12.03-20.05.49:297][  0]LogShaderLibrary: Display: ShaderCodeLibraryPakFileMountedCallback: PakFile 'C:/Genshin/UE_4.27/FeaturePacks/TP_SideScrollerBP.upack' (chunk index -1, root 'root:/') mounted
[2025.12.03-20.05.49:299][  0]LogShaderLibrary: Display: ShaderCodeLibraryPakFileMountedCallback: pending pak file info (ChunkID:-1 Root:root:/ File:C:/Genshin/UE_4.27/FeaturePacks/TP_SideScrollerBP.upack)
[2025.12.03-20.05.49:299][  0]LogPakFile: OnPakFileMounted2Time == 0.000091
[2025.12.03-20.05.49:300][  0]LogPakFile: PakFile PrimaryIndexSize=187
[2025.12.03-20.05.49:300][  0]LogPakFile: PakFile PathHashIndexSize=101
[2025.12.03-20.05.49:300][  0]LogPakFile: PakFile FullDirectoryIndexSize=148
[2025.12.03-20.05.49:300][  0]LogShaderLibrary: Display: ShaderCodeLibraryPakFileMountedCallback: PakFile 'C:/Genshin/UE_4.27/FeaturePacks/TP_ThirdPerson.upack' (chunk index -1, root 'root:/') mounted
[2025.12.03-20.05.49:300][  0]LogShaderLibrary: Display: ShaderCodeLibraryPakFileMountedCallback: pending pak file info (ChunkID:-1 Root:root:/ File:C:/Genshin/UE_4.27/FeaturePacks/TP_ThirdPerson.upack)
[2025.12.03-20.05.49:300][  0]LogPakFile: OnPakFileMounted2Time == 0.000074
[2025.12.03-20.05.49:302][  0]LogPakFile: PakFile PrimaryIndexSize=189
[2025.12.03-20.05.49:302][  0]LogPakFile: PakFile PathHashIndexSize=101
[2025.12.03-20.05.49:302][  0]LogPakFile: PakFile FullDirectoryIndexSize=152
[2025.12.03-20.05.49:302][  0]LogShaderLibrary: Display: ShaderCodeLibraryPakFileMountedCallback: PakFile 'C:/Genshin/UE_4.27/FeaturePacks/TP_ThirdPersonBP.upack' (chunk index -1, root 'root:/') mounted
[2025.12.03-20.05.49:302][  0]LogShaderLibrary: Display: ShaderCodeLibraryPakFileMountedCallback: pending pak file info (ChunkID:-1 Root:root:/ File:C:/Genshin/UE_4.27/FeaturePacks/TP_ThirdPersonBP.upack)
[2025.12.03-20.05.49:304][  0]LogPakFile: OnPakFileMounted2Time == 0.000082
[2025.12.03-20.05.49:305][  0]LogPakFile: PakFile PrimaryIndexSize=183
[2025.12.03-20.05.49:305][  0]LogPakFile: PakFile PathHashIndexSize=101
[2025.12.03-20.05.49:305][  0]LogPakFile: PakFile FullDirectoryIndexSize=140
[2025.12.03-20.05.49:305][  0]LogShaderLibrary: Display: ShaderCodeLibraryPakFileMountedCallback: PakFile 'C:/Genshin/UE_4.27/FeaturePacks/TP_TopDown.upack' (chunk index -1, root 'root:/') mounted
[2025.12.03-20.05.49:306][  0]LogShaderLibrary: Display: ShaderCodeLibraryPakFileMountedCallback: pending pak file info (ChunkID:-1 Root:root:/ File:C:/Genshin/UE_4.27/FeaturePacks/TP_TopDown.upack)
[2025.12.03-20.05.49:306][  0]LogPakFile: OnPakFileMounted2Time == 0.000122
[2025.12.03-20.05.49:308][  0]LogPakFile: PakFile PrimaryIndexSize=185
[2025.12.03-20.05.49:308][  0]LogPakFile: PakFile PathHashIndexSize=101
[2025.12.03-20.05.49:308][  0]LogPakFile: PakFile FullDirectoryIndexSize=144
[2025.12.03-20.05.49:308][  0]LogShaderLibrary: Display: ShaderCodeLibraryPakFileMountedCallback: PakFile 'C:/Genshin/UE_4.27/FeaturePacks/TP_TopDownBP.upack' (chunk index -1, root 'root:/') mounted
[2025.12.03-20.05.49:308][  0]LogShaderLibrary: Display: ShaderCodeLibraryPakFileMountedCallback: pending pak file info (ChunkID:-1 Root:root:/ File:C:/Genshin/UE_4.27/FeaturePacks/TP_TopDownBP.upack)
[2025.12.03-20.05.49:308][  0]LogPakFile: OnPakFileMounted2Time == 0.000077
[2025.12.03-20.05.49:311][  0]LogPakFile: PakFile PrimaryIndexSize=185
[2025.12.03-20.05.49:311][  0]LogPakFile: PakFile PathHashIndexSize=101
[2025.12.03-20.05.49:311][  0]LogPakFile: PakFile FullDirectoryIndexSize=144
[2025.12.03-20.05.49:311][  0]LogShaderLibrary: Display: ShaderCodeLibraryPakFileMountedCallback: PakFile 'C:/Genshin/UE_4.27/FeaturePacks/TP_TwinStick.upack' (chunk index -1, root 'root:/') mounted
[2025.12.03-20.05.49:311][  0]LogShaderLibrary: Display: ShaderCodeLibraryPakFileMountedCallback: pending pak file info (ChunkID:-1 Root:root:/ File:C:/Genshin/UE_4.27/FeaturePacks/TP_TwinStick.upack)
[2025.12.03-20.05.49:311][  0]LogPakFile: OnPakFileMounted2Time == 0.000087
[2025.12.03-20.05.49:313][  0]LogPakFile: PakFile PrimaryIndexSize=187
[2025.12.03-20.05.49:313][  0]LogPakFile: PakFile PathHashIndexSize=101
[2025.12.03-20.05.49:313][  0]LogPakFile: PakFile FullDirectoryIndexSize=148
[2025.12.03-20.05.49:313][  0]LogShaderLibrary: Display: ShaderCodeLibraryPakFileMountedCallback: PakFile 'C:/Genshin/UE_4.27/FeaturePacks/TP_TwinStickBP.upack' (chunk index -1, root 'root:/') mounted
[2025.12.03-20.05.49:313][  0]LogShaderLibrary: Display: ShaderCodeLibraryPakFileMountedCallback: pending pak file info (ChunkID:-1 Root:root:/ File:C:/Genshin/UE_4.27/FeaturePacks/TP_TwinStickBP.upack)
[2025.12.03-20.05.49:313][  0]LogPakFile: OnPakFileMounted2Time == 0.000068
[2025.12.03-20.05.49:316][  0]LogPakFile: PakFile PrimaryIndexSize=183
[2025.12.03-20.05.49:316][  0]LogPakFile: PakFile PathHashIndexSize=101
[2025.12.03-20.05.49:316][  0]LogPakFile: PakFile FullDirectoryIndexSize=140
[2025.12.03-20.05.49:316][  0]LogShaderLibrary: Display: ShaderCodeLibraryPakFileMountedCallback: PakFile 'C:/Genshin/UE_4.27/FeaturePacks/TP_Vehicle.upack' (chunk index -1, root 'root:/') mounted
[2025.12.03-20.05.49:316][  0]LogShaderLibrary: Display: ShaderCodeLibraryPakFileMountedCallback: pending pak file info (ChunkID:-1 Root:root:/ File:C:/Genshin/UE_4.27/FeaturePacks/TP_Vehicle.upack)
[2025.12.03-20.05.49:316][  0]LogPakFile: OnPakFileMounted2Time == 0.000070
[2025.12.03-20.05.49:319][  0]LogPakFile: PakFile PrimaryIndexSize=186
[2025.12.03-20.05.49:319][  0]LogPakFile: PakFile PathHashIndexSize=101
[2025.12.03-20.05.49:319][  0]LogPakFile: PakFile FullDirectoryIndexSize=146
[2025.12.03-20.05.49:319][  0]LogShaderLibrary: Display: ShaderCodeLibraryPakFileMountedCallback: PakFile 'C:/Genshin/UE_4.27/FeaturePacks/TP_VehicleAdv.upack' (chunk index -1, root 'root:/') mounted
[2025.12.03-20.05.49:319][  0]LogShaderLibrary: Display: ShaderCodeLibraryPakFileMountedCallback: pending pak file info (ChunkID:-1 Root:root:/ File:C:/Genshin/UE_4.27/FeaturePacks/TP_VehicleAdv.upack)
[2025.12.03-20.05.49:319][  0]LogPakFile: OnPakFileMounted2Time == 0.000081
[2025.12.03-20.05.49:321][  0]LogPakFile: PakFile PrimaryIndexSize=188
[2025.12.03-20.05.49:322][  0]LogPakFile: PakFile PathHashIndexSize=101
[2025.12.03-20.05.49:322][  0]LogPakFile: PakFile FullDirectoryIndexSize=150
[2025.12.03-20.05.49:322][  0]LogShaderLibrary: Display: ShaderCodeLibraryPakFileMountedCallback: PakFile 'C:/Genshin/UE_4.27/FeaturePacks/TP_VehicleAdvBP.upack' (chunk index -1, root 'root:/') mounted
[2025.12.03-20.05.49:322][  0]LogShaderLibrary: Display: ShaderCodeLibraryPakFileMountedCallback: pending pak file info (ChunkID:-1 Root:root:/ File:C:/Genshin/UE_4.27/FeaturePacks/TP_VehicleAdvBP.upack)
[2025.12.03-20.05.49:322][  0]LogPakFile: OnPakFileMounted2Time == 0.000099
[2025.12.03-20.05.49:325][  0]LogPakFile: PakFile PrimaryIndexSize=185
[2025.12.03-20.05.49:325][  0]LogPakFile: PakFile PathHashIndexSize=101
[2025.12.03-20.05.49:325][  0]LogPakFile: PakFile FullDirectoryIndexSize=144
[2025.12.03-20.05.49:325][  0]LogShaderLibrary: Display: ShaderCodeLibraryPakFileMountedCallback: PakFile 'C:/Genshin/UE_4.27/FeaturePacks/TP_VehicleBP.upack' (chunk index -1, root 'root:/') mounted
[2025.12.03-20.05.49:325][  0]LogShaderLibrary: Display: ShaderCodeLibraryPakFileMountedCallback: pending pak file info (ChunkID:-1 Root:root:/ File:C:/Genshin/UE_4.27/FeaturePacks/TP_VehicleBP.upack)
[2025.12.03-20.05.49:325][  0]LogPakFile: OnPakFileMounted2Time == 0.000076
[2025.12.03-20.05.49:328][  0]LogPakFile: PakFile PrimaryIndexSize=192
[2025.12.03-20.05.49:328][  0]LogPakFile: PakFile PathHashIndexSize=101
[2025.12.03-20.05.49:328][  0]LogPakFile: PakFile FullDirectoryIndexSize=158
[2025.12.03-20.05.49:328][  0]LogShaderLibrary: Display: ShaderCodeLibraryPakFileMountedCallback: PakFile 'C:/Genshin/UE_4.27/FeaturePacks/TP_VirtualRealityBP.upack' (chunk index -1, root 'root:/') mounted
[2025.12.03-20.05.49:328][  0]LogShaderLibrary: Display: ShaderCodeLibraryPakFileMountedCallback: pending pak file info (ChunkID:-1 Root:root:/ File:C:/Genshin/UE_4.27/FeaturePacks/TP_VirtualRealityBP.upack)
[2025.12.03-20.05.49:328][  0]LogPakFile: OnPakFileMounted2Time == 0.000070
[2025.12.03-20.05.49:584][  0]LogNativeClassHierarchy: Verbose: Native class hierarchy updated for 'AddContentDialog' in 0.0007 seconds. Added 0 classes and 0 folders.
[2025.12.03-20.05.49:590][  0]LogNativeClassHierarchy: Verbose: Native class hierarchy updated for 'SceneOutliner' in 0.0007 seconds. Added 2 classes and 0 folders.
[2025.12.03-20.05.49:842][  0]LogSlate: Took 0.000635 seconds to synchronously load lazily loaded font '../../../Engine/Content/Slate/Fonts/Roboto-Regular.ttf' (155K)
[2025.12.03-20.05.49:846][  0]LogSlate: Took 0.001835 seconds to synchronously load lazily loaded font '../../../Engine/Content/Editor/Slate/Fonts/FontAwesome.ttf' (139K)
[2025.12.03-20.05.49:851][  0]LogSlate: Took 0.000439 seconds to synchronously load lazily loaded font '../../../Engine/Content/Slate/Fonts/Roboto-Bold.ttf' (160K)
[2025.12.03-20.05.50:067][  0]LogRenderer: Reallocating scene render targets to support 924x392 Format 10 NumSamples 1 (Frame:1).
[2025.12.03-20.05.50:359][  0]LogNativeClassHierarchy: Verbose: Native class hierarchy updated for 'HierarchicalLODOutliner' in 0.0007 seconds. Added 0 classes and 0 folders.
[2025.12.03-20.05.50:359][  0]LogLoad: (Engine Initialization) Total time: 20.43 seconds
[2025.12.03-20.05.50:359][  0]LogLoad: (Engine Initialization) Total Blueprint compile time: 0.00 seconds
[2025.12.03-20.05.50:441][  0]LogContentStreaming: Texture pool size now 1000 MB
[2025.12.03-20.05.50:479][  1]LogAssetRegistry: Asset discovery search completed in 11.1383 seconds
[2025.12.03-20.05.50:492][  1]LogCollectionManager: Fixed up redirectors for 0 collections in 0.000009 seconds (updated 0 objects)
[2025.12.03-20.05.50:626][  2]LogSlate: Took 0.001628 seconds to synchronously load lazily loaded font '../../../Engine/Content/Slate/Fonts/Roboto-Light.ttf' (167K)
[2025.12.03-20.05.51:408][ 27]LogSlate: Took 0.000524 seconds to synchronously load lazily loaded font '../../../Engine/Content/Slate/Fonts/Roboto-Light.ttf' (167K)
[2025.12.03-20.06.19:704][830]LogAssetEditorSubsystem: Opening Asset editor for WidgetBlueprint /Game/Mapas/MapaPowerUp/SelecaoPowerUps.SelecaoPowerUps
[2025.12.03-20.06.20:018][830]LogNativeClassHierarchy: Verbose: Native class hierarchy updated for 'BlueprintGraph' in 0.0013 seconds. Added 126 classes and 0 folders.
[2025.12.03-20.06.21:811][830]LogSlate: The tab "SequencerGraphEditor" attempted to spawn in layout 'WidgetBlueprintEditor_Designer_Layout_v4_1' but failed for some reason. An "unrecognized tab" will be returned instead.
[2025.12.03-20.06.21:950][830]LogAssetEditorSubsystem: Opening Asset editor for Blueprint /Game/Player/Blueprints/GameInstanceN.GameInstanceN
[2025.12.03-20.06.22:937][830]LogAssetEditorSubsystem: Opening Asset editor for Blueprint /Game/Player/Blueprints/Player_BP.Player_BP
[2025.12.03-20.06.24:348][830]LogAssetEditorSubsystem: Opening Asset editor for Blueprint /Game/Inimigos/InimigosProntos/EsqueletoGrande/EisQueLeto.EisQueLeto
[2025.12.03-20.06.25:655][830]LogSlate: Took 0.000616 seconds to synchronously load lazily loaded font '../../../Engine/Content/Slate/Fonts/Roboto-BoldCondensed.ttf' (158K)
[2025.12.03-20.06.25:742][830]LogSlate: Took 0.001201 seconds to synchronously load lazily loaded font '../../../Engine/Content/Slate/Fonts/DroidSansMono.ttf' (77K)
[2025.12.03-20.06.25:890][831]LogSlate: Took 0.001501 seconds to synchronously load lazily loaded font '../../../Engine/Content/Slate/Fonts/Roboto-Italic.ttf' (157K)
[2025.12.03-20.12.51:306][446]LogSlate: Window 'EisQueLeto' being destroyed
[2025.12.03-20.12.55:053][562]LogTemp: Repeating last play command: Selected Viewport
[2025.12.03-20.12.55:071][562]LogPlayLevel: PlayLevel: No blueprints needed recompiling
[2025.12.03-20.12.55:075][562]PIE: New page: PIE session: MainMenu (Dec 3, 2025, 2:12:55 PM)
[2025.12.03-20.12.55:078][562]LogOnline: OSS: Creating online subsystem instance for: NULL
[2025.12.03-20.12.55:083][562]LogOnline: OSS: TryLoadSubsystemAndSetDefault: Loaded subsystem for module [NULL]
[2025.12.03-20.12.55:083][562]LogPlayLevel: Creating play world package: /Game/Mapas/Menu/UEDPIE_0_MainMenu
[2025.12.03-20.12.55:087][562]LogPlayLevel: PIE: StaticDuplicateObject took: (0.003772s)
[2025.12.03-20.12.55:090][562]LogAIModule: Creating AISystem for world MainMenu
[2025.12.03-20.12.55:091][562]LogPlayLevel: PIE: World Init took: (0.003555s)
[2025.12.03-20.12.55:091][562]LogPlayLevel: PIE: Created PIE world by copying editor world from /Game/Mapas/Menu/MainMenu.MainMenu to /Game/Mapas/Menu/UEDPIE_0_MainMenu.MainMenu (0.008240s)
[2025.12.03-20.12.55:240][562]LogUObjectHash: Compacting FUObjectHashTables data took   8.02ms
[2025.12.03-20.12.55:243][562]LogAudio: Display: Creating Audio Device:                 Id: 2, Scope: Unique, Realtime: True
[2025.12.03-20.12.55:244][562]LogAudioMixer: Display: Audio Mixer Platform Settings:
[2025.12.03-20.12.55:244][562]LogAudioMixer: Display: 	Sample Rate:						  48000
[2025.12.03-20.12.55:244][562]LogAudioMixer: Display: 	Callback Buffer Frame Size Requested: 1024
[2025.12.03-20.12.55:244][562]LogAudioMixer: Display: 	Callback Buffer Frame Size To Use:	  1024
[2025.12.03-20.12.55:244][562]LogAudioMixer: Display: 	Number of buffers to queue:			  2
[2025.12.03-20.12.55:244][562]LogAudioMixer: Display: 	Max Channels (voices):				  32
[2025.12.03-20.12.55:244][562]LogAudioMixer: Display: 	Number of Async Source Workers:		  0
[2025.12.03-20.12.55:244][562]LogAudio: Display: AudioDevice MaxSources: 32
[2025.12.03-20.12.55:245][562]LogAudio: Display: Audio Spatialization Plugin: None (built-in).
[2025.12.03-20.12.55:245][562]LogAudio: Display: Audio Reverb Plugin: None (built-in).
[2025.12.03-20.12.55:245][562]LogAudio: Display: Audio Occlusion Plugin: None (built-in).
[2025.12.03-20.12.55:245][562]LogAudioMixer: Display: Initializing audio mixer.
[2025.12.03-20.12.55:258][562]LogAudioMixer: Display: 0: FrontLeft
[2025.12.03-20.12.55:258][562]LogAudioMixer: Display: 1: FrontRight
[2025.12.03-20.12.55:277][562]LogAudioMixer: Display: Using Audio Device Alto-falantes (Realtek(R) Audio)
[2025.12.03-20.12.55:278][562]LogAudioMixer: Display: Initializing Sound Submixes...
[2025.12.03-20.12.55:278][562]LogAudioMixer: Display: Creating Master Submix 'MasterSubmixDefault'
[2025.12.03-20.12.55:278][562]LogAudioMixer: Display: Creating Master Submix 'MasterReverbSubmixDefault'
[2025.12.03-20.12.55:280][562]LogAudioMixer: Display: Creating Master Submix 'MasterEQSubmixDefault'
[2025.12.03-20.12.55:280][562]LogAudioMixer: FMixerPlatformXAudio2::StartAudioStream() called
[2025.12.03-20.12.55:280][562]LogAudioMixer: Display: Output buffers initialized: Frames=1024, Channels=2, Samples=2048
[2025.12.03-20.12.55:283][562]LogAudioMixer: Display: Starting AudioMixerPlatformInterface::RunInternal()
[2025.12.03-20.12.55:283][562]LogAudioMixer: Display: FMixerPlatformXAudio2::SubmitBuffer() called for the first time
[2025.12.03-20.12.55:283][562]LogInit: FAudioDevice initialized.
[2025.12.03-20.12.55:283][562]LogAudio: Display: Audio Device (ID: 2) registered with world 'MainMenu'.
[2025.12.03-20.12.55:301][562]LogLoad: Game class is 'GameMode'
[2025.12.03-20.12.55:303][562]LogWorld: Bringing World /Game/Mapas/Menu/UEDPIE_0_MainMenu.MainMenu up for play (max tick rate 60) at 2025.12.03-17.12.55
[2025.12.03-20.12.55:303][562]LogWorld: Bringing up level for play took: 0.000792
[2025.12.03-20.12.55:304][562]LogOnline: OSS: Creating online subsystem instance for: :Context_6
[2025.12.03-20.12.55:313][562]LogNativeClassHierarchy: Verbose: Native class hierarchy updated for 'MovieSceneCapture' in 0.0008 seconds. Added 20 classes and 0 folders.
[2025.12.03-20.12.55:314][562]LogGameMode: Display: Match State Changed from EnteringMap to WaitingToStart
[2025.12.03-20.12.55:314][562]LogGameState: Match State Changed from EnteringMap to WaitingToStart
[2025.12.03-20.12.55:314][562]LogGameMode: Display: Match State Changed from WaitingToStart to InProgress
[2025.12.03-20.12.55:324][562]LogGameState: Match State Changed from WaitingToStart to InProgress
[2025.12.03-20.12.55:324][562]PIE: Server logged in
[2025.12.03-20.12.55:328][562]PIE: Play in editor total start time 0.259 seconds.
[2025.12.03-20.12.58:546][641]LogGameMode: Display: Match State Changed from InProgress to LeavingMap
[2025.12.03-20.12.58:546][641]LogGameState: Match State Changed from InProgress to LeavingMap
[2025.12.03-20.12.58:546][641]LogNet: Browse: /Game/Mapas/Fases/MapaInicialAr/MapaInicial
[2025.12.03-20.12.58:547][641]LogLoad: LoadMap: /Game/Mapas/Fases/MapaInicialAr/MapaInicial
[2025.12.03-20.12.58:547][641]LogWorld: BeginTearingDown for /Game/Mapas/Menu/UEDPIE_0_MainMenu
[2025.12.03-20.12.58:548][641]LogWorld: UWorld::CleanupWorld for MainMenu, bSessionEnded=true, bCleanupResources=true
[2025.12.03-20.12.58:549][641]LogSlate: InvalidateAllWidgets triggered.  All widgets were invalidated
[2025.12.03-20.12.58:660][641]LogAudio: Display: Audio Device unregistered from world 'None'.
[2025.12.03-20.12.58:759][641]LogUObjectHash: Compacting FUObjectHashTables data took   7.70ms
[2025.12.03-20.12.59:251][641]LogAudio: Display: Audio Device (ID: 2) registered with world 'MapaInicial'.
[2025.12.03-20.12.59:253][641]LogAIModule: Creating AISystem for world MapaInicial
[2025.12.03-20.12.59:278][641]LogLoad: Game class is 'GameModeRL_C'
[2025.12.03-20.12.59:283][641]LogWorld: Bringing World /Game/Mapas/Fases/MapaInicialAr/UEDPIE_0_MapaInicial.MapaInicial up for play (max tick rate 60) at 2025.12.03-17.12.59
[2025.12.03-20.12.59:283][641]LogWorld: Bringing up level for play took: 0.003746
[2025.12.03-20.12.59:291][641]LogLoad: Took 0.743859 seconds to LoadMap(/Game/Mapas/Fases/MapaInicialAr/MapaInicial)
[2025.12.03-20.12.59:337][642]LogBlueprintUserMessages: [Player_BP_C_0] 1.0
[2025.12.03-20.13.00:144][667]LogBlueprintUserMessages: [Player_BP_C_0] 1.0
[2025.12.03-20.13.00:975][692]LogNet: Browse: /Game/Mapas/Fases/Mapas/Mapa2
[2025.12.03-20.13.00:975][692]LogLoad: LoadMap: /Game/Mapas/Fases/Mapas/Mapa2
[2025.12.03-20.13.00:975][692]LogWorld: BeginTearingDown for /Game/Mapas/Fases/MapaInicialAr/UEDPIE_0_MapaInicial
[2025.12.03-20.13.00:976][692]LogWorld: UWorld::CleanupWorld for MapaInicial, bSessionEnded=true, bCleanupResources=true
[2025.12.03-20.13.00:977][692]LogSlate: InvalidateAllWidgets triggered.  All widgets were invalidated
[2025.12.03-20.13.01:077][692]LogAudio: Display: Audio Device unregistered from world 'None'.
[2025.12.03-20.13.01:141][692]LogUObjectHash: Compacting FUObjectHashTables data took   6.18ms
[2025.12.03-20.13.01:356][692]LogAudio: Display: Audio Device (ID: 2) registered with world 'Mapa2'.
[2025.12.03-20.13.01:358][692]LogAIModule: Creating AISystem for world Mapa2
[2025.12.03-20.13.01:359][692]LogLoad: Game class is 'GameModeRL_C'
[2025.12.03-20.13.01:368][692]LogWorld: Bringing World /Game/Mapas/Fases/Mapas/UEDPIE_0_Mapa2.Mapa2 up for play (max tick rate 60) at 2025.12.03-17.13.01
[2025.12.03-20.13.01:368][692]LogWorld: Bringing up level for play took: 0.007872
[2025.12.03-20.13.01:373][692]LogLoad: Took 0.398059 seconds to LoadMap(/Game/Mapas/Fases/Mapas/Mapa2)
[2025.12.03-20.13.05:728][823]LogBlueprintUserMessages: [Player_BP_C_0] 1.0
[2025.12.03-20.13.08:425][904]LogNet: Browse: /Game/Mapas/MapaPowerUp/MapaPowerUp
[2025.12.03-20.13.08:426][904]LogLoad: LoadMap: /Game/Mapas/MapaPowerUp/MapaPowerUp
[2025.12.03-20.13.08:426][904]LogWorld: BeginTearingDown for /Game/Mapas/Fases/Mapas/UEDPIE_0_Mapa2
[2025.12.03-20.13.08:426][904]LogWorld: UWorld::CleanupWorld for Mapa2, bSessionEnded=true, bCleanupResources=true
[2025.12.03-20.13.08:427][904]LogSlate: InvalidateAllWidgets triggered.  All widgets were invalidated
[2025.12.03-20.13.08:490][904]LogAudio: Display: Audio Device unregistered from world 'None'.
[2025.12.03-20.13.08:499][904]LogUObjectHash: Compacting FUObjectHashTables data took   5.41ms
[2025.12.03-20.13.08:535][904]LogAudio: Display: Audio Device (ID: 2) registered with world 'MapaPowerUp'.
[2025.12.03-20.13.08:536][904]LogAIModule: Creating AISystem for world MapaPowerUp
[2025.12.03-20.13.08:536][904]LogLoad: Game class is 'GameMode'
[2025.12.03-20.13.08:538][904]LogWorld: Bringing World /Game/Mapas/MapaPowerUp/UEDPIE_0_MapaPowerUp.MapaPowerUp up for play (max tick rate 60) at 2025.12.03-17.13.08
[2025.12.03-20.13.08:539][904]LogWorld: Bringing up level for play took: 0.001111
[2025.12.03-20.13.08:539][904]LogGameMode: FindPlayerStart: PATHS NOT DEFINED or NO PLAYERSTART with positive rating
[2025.12.03-20.13.08:540][904]LogGameMode: Display: Match State Changed from EnteringMap to WaitingToStart
[2025.12.03-20.13.08:540][904]LogGameState: Match State Changed from EnteringMap to WaitingToStart
[2025.12.03-20.13.08:540][904]LogGameMode: Display: Match State Changed from WaitingToStart to InProgress
[2025.12.03-20.13.08:543][904]LogScript: Warning: Script Msg: Attempted to access index 0 from array 'CallFunc_GetAllActorsOfClass_OutActors' of length 0 in '/Game/Mapas/MapaPowerUp/UEDPIE_0_MapaPowerUp.MapaPowerUp_C:ExecuteUbergraph_MapaPowerUp'!
[2025.12.03-20.13.08:543][904]LogGameState: Match State Changed from WaitingToStart to InProgress
[2025.12.03-20.13.08:543][904]LogLoad: Took 0.118603 seconds to LoadMap(/Game/Mapas/MapaPowerUp/MapaPowerUp)
[2025.12.03-20.13.13:637][ 57]LogGameMode: Display: Match State Changed from InProgress to LeavingMap
[2025.12.03-20.13.13:637][ 57]LogGameState: Match State Changed from InProgress to LeavingMap
[2025.12.03-20.13.13:637][ 57]LogNet: Browse: /Game/Mapas/Fases/Mapas/Mapa3
[2025.12.03-20.13.13:637][ 57]LogLoad: LoadMap: /Game/Mapas/Fases/Mapas/Mapa3
[2025.12.03-20.13.13:637][ 57]LogWorld: BeginTearingDown for /Game/Mapas/MapaPowerUp/UEDPIE_0_MapaPowerUp
[2025.12.03-20.13.13:639][ 57]LogWorld: UWorld::CleanupWorld for MapaPowerUp, bSessionEnded=true, bCleanupResources=true
[2025.12.03-20.13.13:639][ 57]LogSlate: InvalidateAllWidgets triggered.  All widgets were invalidated
[2025.12.03-20.13.13:706][ 57]LogAudio: Display: Audio Device unregistered from world 'None'.
[2025.12.03-20.13.13:714][ 57]LogUObjectHash: Compacting FUObjectHashTables data took   5.30ms
[2025.12.03-20.13.13:872][ 57]LogAudio: Display: Audio Device (ID: 2) registered with world 'Mapa3'.
[2025.12.03-20.13.13:874][ 57]LogAIModule: Creating AISystem for world Mapa3
[2025.12.03-20.13.13:874][ 57]LogLoad: Game class is 'GameModeRL_C'
[2025.12.03-20.13.13:879][ 57]LogWorld: Bringing World /Game/Mapas/Fases/Mapas/UEDPIE_0_Mapa3.Mapa3 up for play (max tick rate 60) at 2025.12.03-17.13.13
[2025.12.03-20.13.13:880][ 57]LogWorld: Bringing up level for play took: 0.004661
[2025.12.03-20.13.13:885][ 57]LogLoad: Took 0.247491 seconds to LoadMap(/Game/Mapas/Fases/Mapas/Mapa3)
[2025.12.03-20.13.14:404][ 73]LogBlueprintUserMessages: [Player_BP_C_0] 1.15
[2025.12.03-20.13.18:198][187]LogNet: Browse: /Game/Mapas/MapaPowerUp/MapaPowerUp
[2025.12.03-20.13.18:198][187]LogLoad: LoadMap: /Game/Mapas/MapaPowerUp/MapaPowerUp
[2025.12.03-20.13.18:198][187]LogWorld: BeginTearingDown for /Game/Mapas/Fases/Mapas/UEDPIE_0_Mapa3
[2025.12.03-20.13.18:199][187]LogWorld: UWorld::CleanupWorld for Mapa3, bSessionEnded=true, bCleanupResources=true
[2025.12.03-20.13.18:200][187]LogSlate: InvalidateAllWidgets triggered.  All widgets were invalidated
[2025.12.03-20.13.18:265][187]LogAudio: Display: Audio Device unregistered from world 'None'.
[2025.12.03-20.13.18:273][187]LogUObjectHash: Compacting FUObjectHashTables data took   4.94ms
[2025.12.03-20.13.18:289][187]LogAudio: Display: Audio Device (ID: 2) registered with world 'MapaPowerUp'.
[2025.12.03-20.13.18:291][187]LogAIModule: Creating AISystem for world MapaPowerUp
[2025.12.03-20.13.18:291][187]LogLoad: Game class is 'GameMode'
[2025.12.03-20.13.18:293][187]LogWorld: Bringing World /Game/Mapas/MapaPowerUp/UEDPIE_0_MapaPowerUp.MapaPowerUp up for play (max tick rate 60) at 2025.12.03-17.13.18
[2025.12.03-20.13.18:293][187]LogWorld: Bringing up level for play took: 0.001132
[2025.12.03-20.13.18:295][187]LogGameMode: FindPlayerStart: PATHS NOT DEFINED or NO PLAYERSTART with positive rating
[2025.12.03-20.13.18:296][187]LogGameMode: Display: Match State Changed from EnteringMap to WaitingToStart
[2025.12.03-20.13.18:296][187]LogGameState: Match State Changed from EnteringMap to WaitingToStart
[2025.12.03-20.13.18:296][187]LogGameMode: Display: Match State Changed from WaitingToStart to InProgress
[2025.12.03-20.13.18:298][187]LogScript: Warning: Script Msg: Attempted to access index 0 from array 'CallFunc_GetAllActorsOfClass_OutActors' of length 0 in '/Game/Mapas/MapaPowerUp/UEDPIE_0_MapaPowerUp.MapaPowerUp_C:ExecuteUbergraph_MapaPowerUp'!
[2025.12.03-20.13.18:298][187]LogGameState: Match State Changed from WaitingToStart to InProgress
[2025.12.03-20.13.18:298][187]LogLoad: Took 0.099957 seconds to LoadMap(/Game/Mapas/MapaPowerUp/MapaPowerUp)
[2025.12.03-20.13.22:958][327]LogGameMode: Display: Match State Changed from InProgress to LeavingMap
[2025.12.03-20.13.22:959][327]LogGameState: Match State Changed from InProgress to LeavingMap
[2025.12.03-20.13.22:959][327]LogNet: Browse: /Game/Mapas/Fases/Mapas/Mapa1
[2025.12.03-20.13.22:959][327]LogLoad: LoadMap: /Game/Mapas/Fases/Mapas/Mapa1
[2025.12.03-20.13.22:959][327]LogWorld: BeginTearingDown for /Game/Mapas/MapaPowerUp/UEDPIE_0_MapaPowerUp
[2025.12.03-20.13.22:960][327]LogWorld: UWorld::CleanupWorld for MapaPowerUp, bSessionEnded=true, bCleanupResources=true
[2025.12.03-20.13.22:960][327]LogSlate: InvalidateAllWidgets triggered.  All widgets were invalidated
[2025.12.03-20.13.23:023][327]LogAudio: Display: Audio Device unregistered from world 'None'.
[2025.12.03-20.13.23:029][327]LogUObjectHash: Compacting FUObjectHashTables data took   4.27ms
[2025.12.03-20.13.24:271][327]LogAudio: Display: Audio Device (ID: 2) registered with world 'Mapa1'.
[2025.12.03-20.13.24:273][327]LogAIModule: Creating AISystem for world Mapa1
[2025.12.03-20.13.24:273][327]LogLoad: Game class is 'GameModeRL_C'
[2025.12.03-20.13.24:281][327]LogWorld: Bringing World /Game/Mapas/Fases/Mapas/UEDPIE_0_Mapa1.Mapa1 up for play (max tick rate 60) at 2025.12.03-17.13.24
[2025.12.03-20.13.24:282][327]LogWorld: Bringing up level for play took: 0.007697
[2025.12.03-20.13.24:289][327]LogLoad: Took 1.329877 seconds to LoadMap(/Game/Mapas/Fases/Mapas/Mapa1)
[2025.12.03-20.13.26:883][405]LogBlueprintUserMessages: [Player_BP_C_0] 1.15
[2025.12.03-20.13.29:847][494]LogBlueprintUserMessages: [Player_BP_C_0] 1.15
[2025.12.03-20.13.31:880][555]LogNet: Browse: /Game/Mapas/MapaPowerUp/MapaPowerUp
[2025.12.03-20.13.31:880][555]LogLoad: LoadMap: /Game/Mapas/MapaPowerUp/MapaPowerUp
[2025.12.03-20.13.31:880][555]LogWorld: BeginTearingDown for /Game/Mapas/Fases/Mapas/UEDPIE_0_Mapa1
[2025.12.03-20.13.31:881][555]LogWorld: UWorld::CleanupWorld for Mapa1, bSessionEnded=true, bCleanupResources=true
[2025.12.03-20.13.31:882][555]LogSlate: InvalidateAllWidgets triggered.  All widgets were invalidated
[2025.12.03-20.13.31:977][555]LogAudio: Display: Audio Device unregistered from world 'None'.
[2025.12.03-20.13.31:984][555]LogUObjectHash: Compacting FUObjectHashTables data took   4.92ms
[2025.12.03-20.13.31:999][555]LogAudio: Display: Audio Device (ID: 2) registered with world 'MapaPowerUp'.
[2025.12.03-20.13.32:001][555]LogAIModule: Creating AISystem for world MapaPowerUp
[2025.12.03-20.13.32:001][555]LogLoad: Game class is 'GameMode'
[2025.12.03-20.13.32:003][555]LogWorld: Bringing World /Game/Mapas/MapaPowerUp/UEDPIE_0_MapaPowerUp.MapaPowerUp up for play (max tick rate 60) at 2025.12.03-17.13.32
[2025.12.03-20.13.32:003][555]LogWorld: Bringing up level for play took: 0.001060
[2025.12.03-20.13.32:004][555]LogGameMode: FindPlayerStart: PATHS NOT DEFINED or NO PLAYERSTART with positive rating
[2025.12.03-20.13.32:005][555]LogGameMode: Display: Match State Changed from EnteringMap to WaitingToStart
[2025.12.03-20.13.32:005][555]LogGameState: Match State Changed from EnteringMap to WaitingToStart
[2025.12.03-20.13.32:005][555]LogGameMode: Display: Match State Changed from WaitingToStart to InProgress
[2025.12.03-20.13.32:008][555]LogScript: Warning: Script Msg: Attempted to access index 0 from array 'CallFunc_GetAllActorsOfClass_OutActors' of length 0 in '/Game/Mapas/MapaPowerUp/UEDPIE_0_MapaPowerUp.MapaPowerUp_C:ExecuteUbergraph_MapaPowerUp'!
[2025.12.03-20.13.32:008][555]LogGameState: Match State Changed from WaitingToStart to InProgress
[2025.12.03-20.13.32:008][555]LogLoad: Took 0.127487 seconds to LoadMap(/Game/Mapas/MapaPowerUp/MapaPowerUp)
[2025.12.03-20.13.35:894][672]LogGameMode: Display: Match State Changed from InProgress to LeavingMap
[2025.12.03-20.13.35:894][672]LogGameState: Match State Changed from InProgress to LeavingMap
[2025.12.03-20.13.35:894][672]LogNet: Browse: /Game/Mapas/Fases/Mapas/Mapa3
[2025.12.03-20.13.35:894][672]LogLoad: LoadMap: /Game/Mapas/Fases/Mapas/Mapa3
[2025.12.03-20.13.35:894][672]LogWorld: BeginTearingDown for /Game/Mapas/MapaPowerUp/UEDPIE_0_MapaPowerUp
[2025.12.03-20.13.35:895][672]LogWorld: UWorld::CleanupWorld for MapaPowerUp, bSessionEnded=true, bCleanupResources=true
[2025.12.03-20.13.35:895][672]LogSlate: InvalidateAllWidgets triggered.  All widgets were invalidated
[2025.12.03-20.13.35:963][672]LogAudio: Display: Audio Device unregistered from world 'None'.
[2025.12.03-20.13.35:970][672]LogUObjectHash: Compacting FUObjectHashTables data took   5.15ms
[2025.12.03-20.13.35:980][672]LogAudio: Display: Audio Device (ID: 2) registered with world 'Mapa3'.
[2025.12.03-20.13.35:981][672]LogAIModule: Creating AISystem for world Mapa3
[2025.12.03-20.13.35:982][672]LogLoad: Game class is 'GameModeRL_C'
[2025.12.03-20.13.35:988][672]LogWorld: Bringing World /Game/Mapas/Fases/Mapas/UEDPIE_0_Mapa3.Mapa3 up for play (max tick rate 60) at 2025.12.03-17.13.35
[2025.12.03-20.13.35:988][672]LogWorld: Bringing up level for play took: 0.004545
[2025.12.03-20.13.35:993][672]LogLoad: Took 0.098007 seconds to LoadMap(/Game/Mapas/Fases/Mapas/Mapa3)
[2025.12.03-20.13.38:662][748]LogBlueprintUserMessages: [Player_BP_C_0] 1.15
[2025.12.03-20.13.39:457][772]LogBlueprintUserMessages: [Player_BP_C_0] 1.15
[2025.12.03-20.13.40:902][814]LogSlate: Updating window title bar state: overlay mode, drag disabled, window buttons hidden, title bar hidden
[2025.12.03-20.13.40:902][814]LogWorld: BeginTearingDown for /Game/Mapas/Fases/Mapas/UEDPIE_0_Mapa3
[2025.12.03-20.13.40:902][814]LogWorld: UWorld::CleanupWorld for Mapa3, bSessionEnded=true, bCleanupResources=true
[2025.12.03-20.13.40:903][814]LogSlate: InvalidateAllWidgets triggered.  All widgets were invalidated
[2025.12.03-20.13.40:923][814]LogPlayLevel: Display: Shutting down PIE online subsystems
[2025.12.03-20.13.40:935][814]LogSlate: InvalidateAllWidgets triggered.  All widgets were invalidated
[2025.12.03-20.13.41:002][814]LogSlate: Updating window title bar state: overlay mode, drag disabled, window buttons hidden, title bar hidden
[2025.12.03-20.13.41:003][814]LogAudioMixer: FMixerPlatformXAudio2::StopAudioStream() called
[2025.12.03-20.13.41:005][814]LogAudioMixer: FMixerPlatformXAudio2::StopAudioStream() called
[2025.12.03-20.13.41:020][814]LogUObjectHash: Compacting FUObjectHashTables data took   7.13ms
[2025.12.03-20.13.41:069][815]LogPlayLevel: Display: Destroying online subsystem :Context_6
[2025.12.03-20.13.43:868][889]LogWorld: UWorld::CleanupWorld for World_4, bSessionEnded=true, bCleanupResources=true
[2025.12.03-20.13.43:868][889]LogSlate: InvalidateAllWidgets triggered.  All widgets were invalidated
[2025.12.03-20.13.44:012][889]LogAssetEditorSubsystem: Opening Asset editor for Blueprint /Game/Inimigos/InimigosProntos/EsqueletoGrande/EisQueLeto.EisQueLeto
[2025.12.03-20.13.51:519][236]LogRenderer: Reallocating scene render targets to support 924x512 Format 10 NumSamples 1 (Frame:1).
[2025.12.03-20.14.57:114][178]BlueprintLog: New page: Compile EisQueLeto
[2025.12.03-20.14.57:269][178]LogUObjectHash: Compacting FUObjectHashTables data took   5.29ms
[2025.12.03-20.14.57:381][178]Cmd: OBJ SAVEPACKAGE PACKAGE="/Game/Inimigos/InimigosProntos/EsqueletoGrande/EisQueLeto" FILE="E:/Unreal/Fumec_DevGames/Content/Inimigos/InimigosProntos/EsqueletoGrande/EisQueLeto.uasset" SILENT=true
[2025.12.03-20.14.57:400][178]LogSavePackage: Moving 'E:/Unreal/Fumec_DevGames/Saved/EisQueLeto9CA3AF054FBA84B3022206B021F5A35B.tmp' to 'E:/Unreal/Fumec_DevGames/Content/Inimigos/InimigosProntos/EsqueletoGrande/EisQueLeto.uasset'
[2025.12.03-20.14.57:502][178]AssetCheck: New page: Asset Save: EisQueLeto
[2025.12.03-20.14.57:502][178]LogContentValidation: Display: Validating Blueprint /Game/Inimigos/InimigosProntos/EsqueletoGrande/EisQueLeto.EisQueLeto
[2025.12.03-20.14.58:410][192]Cmd: OBJ SAVEPACKAGE PACKAGE="/Game/Inimigos/InimigosProntos/EsqueletoGrande/EisQueLeto" FILE="E:/Unreal/Fumec_DevGames/Content/Inimigos/InimigosProntos/EsqueletoGrande/EisQueLeto.uasset" SILENT=true
[2025.12.03-20.14.58:423][192]LogSavePackage: Moving 'E:/Unreal/Fumec_DevGames/Saved/EisQueLeto4FD4F42E47FE75860E5309BF06A68825.tmp' to 'E:/Unreal/Fumec_DevGames/Content/Inimigos/InimigosProntos/EsqueletoGrande/EisQueLeto.uasset'
[2025.12.03-20.14.58:529][192]AssetCheck: New page: Asset Save: EisQueLeto
[2025.12.03-20.14.58:529][192]LogContentValidation: Display: Validating Blueprint /Game/Inimigos/InimigosProntos/EsqueletoGrande/EisQueLeto.EisQueLeto
[2025.12.03-20.15.30:375][844]LogContentBrowser: Deferred new asset file creation: InimigoBaseBP_Child
[2025.12.03-20.15.30:423][844]LogContentBrowser: Creating deferred item: InimigoBaseBP_Child
[2025.12.03-20.15.37:185][ 38]LogContentBrowser: Attempting asset rename: InimigoBaseBP_Child -> BP_Golem
[2025.12.03-20.15.37:290][ 38]Cmd: OBJ SAVEPACKAGE PACKAGE="/Game/Inimigos/BP_Golem" FILE="E:/Unreal/Fumec_DevGames/Content/Inimigos/BP_Golem.uasset" SILENT=true
[2025.12.03-20.15.37:299][ 38]LogSavePackage: Moving 'E:/Unreal/Fumec_DevGames/Saved/BP_Golem0D7DEBB24E83F7D4708DA8849A78D2F9.tmp' to 'E:/Unreal/Fumec_DevGames/Content/Inimigos/BP_Golem.uasset'
[2025.12.03-20.15.37:398][ 38]LogContentBrowser: End creating deferred item InimigoBaseBP_Child
[2025.12.03-20.15.37:415][ 38]AssetCheck: New page: Asset Save: BP_Golem
[2025.12.03-20.15.37:415][ 38]LogContentValidation: Display: Validating Blueprint /Game/Inimigos/BP_Golem.BP_Golem
[2025.12.03-20.15.39:043][ 88]LogWindowsTextInputMethodSystem: Display: IME system deactivated.
[2025.12.03-20.15.39:043][ 88]LogWindowsTextInputMethodSystem: Display: IME system deactivated.
[2025.12.03-20.15.39:275][ 95]LogWindowsTextInputMethodSystem: Display: IME system deactivated.
[2025.12.03-20.15.39:275][ 95]LogWindowsTextInputMethodSystem: Display: IME system deactivated.
[2025.12.03-20.15.39:606][102]Cmd: OBJ SAVEPACKAGE PACKAGE="/Game/Inimigos/BP_Golem" FILE="E:/Unreal/Fumec_DevGames/Content/Inimigos/BP_Golem.uasset" SILENT=true
[2025.12.03-20.15.39:617][102]LogSavePackage: Moving 'E:/Unreal/Fumec_DevGames/Saved/BP_GolemB797DBB34C8D506895E167AC390EDD86.tmp' to 'E:/Unreal/Fumec_DevGames/Content/Inimigos/BP_Golem.uasset'
[2025.12.03-20.15.39:726][102]AssetCheck: New page: Asset Save: BP_Golem
[2025.12.03-20.15.39:726][102]LogContentValidation: Display: Validating Blueprint /Game/Inimigos/BP_Golem.BP_Golem
[2025.12.03-20.15.44:708][185]LogMetaData: Removing '/Game/Inimigos/InimigosProntos/BP_Golem.BP_Golem:UserConstructionScript.K2Node_FunctionEntry_0' ref from Metadata '/Game/Inimigos/BP_Golem.PackageMetaData'
[2025.12.03-20.15.44:708][185]LogMetaData: Removing '/Game/Inimigos/InimigosProntos/BP_Golem.SKEL_BP_Golem_C:UserConstructionScript' ref from Metadata '/Game/Inimigos/BP_Golem.PackageMetaData'
[2025.12.03-20.15.44:708][185]LogMetaData: Removing '/Game/Inimigos/InimigosProntos/BP_Golem.SKEL_BP_Golem_C' ref from Metadata '/Game/Inimigos/BP_Golem.PackageMetaData'
[2025.12.03-20.15.44:708][185]LogMetaData: Removing '/Game/Inimigos/InimigosProntos/BP_Golem.BP_Golem_C' ref from Metadata '/Game/Inimigos/BP_Golem.PackageMetaData'
[2025.12.03-20.15.44:708][185]LogMetaData: Removing '/Game/Inimigos/InimigosProntos/BP_Golem.BP_Golem:EventGraph.K2Node_Event_0' ref from Metadata '/Game/Inimigos/BP_Golem.PackageMetaData'
[2025.12.03-20.15.44:708][185]LogMetaData: Removing '/Game/Inimigos/InimigosProntos/BP_Golem.BP_Golem:EventGraph.K2Node_CallParentFunction_0' ref from Metadata '/Game/Inimigos/BP_Golem.PackageMetaData'
[2025.12.03-20.15.44:708][185]LogMetaData: Removing '/Game/Inimigos/InimigosProntos/BP_Golem.BP_Golem:EventGraph.K2Node_Event_1' ref from Metadata '/Game/Inimigos/BP_Golem.PackageMetaData'
[2025.12.03-20.15.44:708][185]LogMetaData: Removing '/Game/Inimigos/InimigosProntos/BP_Golem.BP_Golem:EventGraph.K2Node_Event_2' ref from Metadata '/Game/Inimigos/BP_Golem.PackageMetaData'
[2025.12.03-20.15.44:708][185]LogMetaData: Removing '/Game/Inimigos/InimigosProntos/BP_Golem.BP_Golem:EventGraph.K2Node_CallParentFunction_1' ref from Metadata '/Game/Inimigos/BP_Golem.PackageMetaData'
[2025.12.03-20.15.44:843][185]Cmd: OBJ SAVEPACKAGE PACKAGE="/Game/Inimigos/InimigosProntos/BP_Golem" FILE="E:/Unreal/Fumec_DevGames/Content/Inimigos/InimigosProntos/BP_Golem.uasset" SILENT=true
[2025.12.03-20.15.44:855][185]LogSavePackage: Moving 'E:/Unreal/Fumec_DevGames/Saved/BP_Golem474AD4E34A10CAC3112E8D8BC1BA1349.tmp' to 'E:/Unreal/Fumec_DevGames/Content/Inimigos/InimigosProntos/BP_Golem.uasset'
[2025.12.03-20.15.45:175][185]LogUObjectHash: Compacting FUObjectHashTables data took   8.25ms
[2025.12.03-20.15.45:277][185]LogUObjectHash: Compacting FUObjectHashTables data took   5.66ms
[2025.12.03-20.15.45:345][185]LogUObjectHash: Compacting FUObjectHashTables data took   1.50ms
[2025.12.03-20.15.45:433][185]AssetCheck: New page: Asset Save: BP_Golem
[2025.12.03-20.15.45:433][185]LogContentValidation: Display: Validating Blueprint /Game/Inimigos/InimigosProntos/BP_Golem.BP_Golem
[2025.12.03-20.15.50:880][280]LogMetaData: Removing '/Game/Inimigos/InimigosProntos/Golem/BP_Golem.BP_Golem_C' ref from Metadata '/Game/Inimigos/InimigosProntos/BP_Golem.PackageMetaData'
[2025.12.03-20.15.50:880][280]LogMetaData: Removing '/Game/Inimigos/InimigosProntos/Golem/BP_Golem.SKEL_BP_Golem_C' ref from Metadata '/Game/Inimigos/InimigosProntos/BP_Golem.PackageMetaData'
[2025.12.03-20.15.50:880][280]LogMetaData: Removing '/Game/Inimigos/InimigosProntos/Golem/BP_Golem.SKEL_BP_Golem_C:UserConstructionScript' ref from Metadata '/Game/Inimigos/InimigosProntos/BP_Golem.PackageMetaData'
[2025.12.03-20.15.50:880][280]LogMetaData: Removing '/Game/Inimigos/InimigosProntos/Golem/BP_Golem.BP_Golem:UserConstructionScript.K2Node_FunctionEntry_0' ref from Metadata '/Game/Inimigos/InimigosProntos/BP_Golem.PackageMetaData'
[2025.12.03-20.15.50:880][280]LogMetaData: Removing '/Game/Inimigos/InimigosProntos/Golem/BP_Golem.BP_Golem:EventGraph.K2Node_Event_0' ref from Metadata '/Game/Inimigos/InimigosProntos/BP_Golem.PackageMetaData'
[2025.12.03-20.15.50:880][280]LogMetaData: Removing '/Game/Inimigos/InimigosProntos/Golem/BP_Golem.BP_Golem:EventGraph.K2Node_CallParentFunction_0' ref from Metadata '/Game/Inimigos/InimigosProntos/BP_Golem.PackageMetaData'
[2025.12.03-20.15.50:880][280]LogMetaData: Removing '/Game/Inimigos/InimigosProntos/Golem/BP_Golem.BP_Golem:EventGraph.K2Node_Event_1' ref from Metadata '/Game/Inimigos/InimigosProntos/BP_Golem.PackageMetaData'
[2025.12.03-20.15.50:880][280]LogMetaData: Removing '/Game/Inimigos/InimigosProntos/Golem/BP_Golem.BP_Golem:EventGraph.K2Node_Event_2' ref from Metadata '/Game/Inimigos/InimigosProntos/BP_Golem.PackageMetaData'
[2025.12.03-20.15.50:880][280]LogMetaData: Removing '/Game/Inimigos/InimigosProntos/Golem/BP_Golem.BP_Golem:EventGraph.K2Node_CallParentFunction_1' ref from Metadata '/Game/Inimigos/InimigosProntos/BP_Golem.PackageMetaData'
[2025.12.03-20.15.51:027][280]Cmd: OBJ SAVEPACKAGE PACKAGE="/Game/Inimigos/InimigosProntos/Golem/BP_Golem" FILE="E:/Unreal/Fumec_DevGames/Content/Inimigos/InimigosProntos/Golem/BP_Golem.uasset" SILENT=true
[2025.12.03-20.15.51:038][280]LogSavePackage: Moving 'E:/Unreal/Fumec_DevGames/Saved/BP_GolemE16314634C0A0ED4E1348BBDF4BE38CD.tmp' to 'E:/Unreal/Fumec_DevGames/Content/Inimigos/InimigosProntos/Golem/BP_Golem.uasset'
[2025.12.03-20.15.51:334][280]LogUObjectHash: Compacting FUObjectHashTables data took   6.82ms
[2025.12.03-20.15.51:435][280]LogUObjectHash: Compacting FUObjectHashTables data took   5.87ms
[2025.12.03-20.15.51:504][280]LogUObjectHash: Compacting FUObjectHashTables data took   1.33ms
[2025.12.03-20.15.51:584][280]AssetCheck: New page: Asset Save: BP_Golem
[2025.12.03-20.15.51:584][280]LogContentValidation: Display: Validating Blueprint /Game/Inimigos/InimigosProntos/Golem/BP_Golem.BP_Golem
[2025.12.03-20.15.54:686][371]LogAssetEditorSubsystem: Opening Asset editor for Blueprint /Game/Inimigos/InimigosProntos/Golem/BP_Golem.BP_Golem
[2025.12.03-20.17.13:527][628]LogSlate: Warning: Ignoring SetUserFocus because it's not an active modal Window (user 0 not set to SAssetView [SContentBrowser.cpp(749)].
[2025.12.03-20.17.13:528][628]LogContentBrowser: Deferred new asset file creation: Character_sheet
[2025.12.03-20.17.13:628][628]LogContentBrowser: Creating deferred item: Character_sheet
[2025.12.03-20.17.18:873][787]LogContentBrowser: Attempting asset rename: Character_sheet -> AttackGole
[2025.12.03-20.17.18:878][787]LogContentBrowser: End creating deferred item Character_sheet
[2025.12.03-20.17.22:484][853]LogAssetEditorSubsystem: Opening Asset editor for PaperFlipbook /Game/Inimigos/InimigosProntos/Golem/Attack/AttackGole.AttackGole
[2025.12.03-20.17.22:751][854]LogRenderer: Reallocating scene render targets to support 1524x704 Format 10 NumSamples 1 (Frame:1).
[2025.12.03-20.17.32:061][ 91]LogContentBrowser: Attempting asset rename: AttackGole -> AttackGolem
[2025.12.03-20.17.32:327][ 91]Cmd: OBJ SAVEPACKAGE PACKAGE="/Game/Inimigos/InimigosProntos/Golem/Attack/AttackGolem" FILE="E:/Unreal/Fumec_DevGames/Content/Inimigos/InimigosProntos/Golem/Attack/AttackGolem.uasset" SILENT=true
[2025.12.03-20.17.32:332][ 91]LogSavePackage: Moving 'E:/Unreal/Fumec_DevGames/Saved/AttackGolemC2E296E7411CA798BFFB84BA6022D85C.tmp' to 'E:/Unreal/Fumec_DevGames/Content/Inimigos/InimigosProntos/Golem/Attack/AttackGolem.uasset'
[2025.12.03-20.17.32:617][ 91]LogUObjectHash: Compacting FUObjectHashTables data took   7.42ms
[2025.12.03-20.17.32:724][ 91]LogUObjectHash: Compacting FUObjectHashTables data took   3.98ms
[2025.12.03-20.17.32:801][ 91]LogUObjectHash: Compacting FUObjectHashTables data took   1.55ms
[2025.12.03-20.17.32:864][ 91]AssetCheck: New page: Asset Save: AttackGolem
[2025.12.03-20.17.32:866][ 91]LogContentValidation: Display: Validating PaperFlipbook /Game/Inimigos/InimigosProntos/Golem/Attack/AttackGolem.AttackGolem
[2025.12.03-20.17.33:264][104]Cmd: OBJ SAVEPACKAGE PACKAGE="/Game/Inimigos/InimigosProntos/Golem/Attack/AttackGolem" FILE="E:/Unreal/Fumec_DevGames/Content/Inimigos/InimigosProntos/Golem/Attack/AttackGolem.uasset" SILENT=true
[2025.12.03-20.17.33:267][104]LogSavePackage: Moving 'E:/Unreal/Fumec_DevGames/Saved/AttackGolem4F109C1B4043C761E5A8E7A6241388F0.tmp' to 'E:/Unreal/Fumec_DevGames/Content/Inimigos/InimigosProntos/Golem/Attack/AttackGolem.uasset'
[2025.12.03-20.17.33:394][104]AssetCheck: New page: Asset Save: AttackGolem
[2025.12.03-20.17.33:394][104]LogContentValidation: Display: Validating PaperFlipbook /Game/Inimigos/InimigosProntos/Golem/Attack/AttackGolem.AttackGolem
[2025.12.03-20.18.00:794][651]LogSlate: Warning: Ignoring SetUserFocus because it's not an active modal Window (user 0 not set to SAssetView [SContentBrowser.cpp(749)].
[2025.12.03-20.18.00:794][651]LogContentBrowser: Deferred new asset file creation: Character_sheet
[2025.12.03-20.18.00:908][651]LogContentBrowser: Creating deferred item: Character_sheet
[2025.12.03-20.18.07:089][838]LogContentBrowser: Attempting asset rename: Character_sheet -> DeathGolem
[2025.12.03-20.18.07:091][838]LogContentBrowser: End creating deferred item Character_sheet
[2025.12.03-20.18.09:202][898]LogAssetEditorSubsystem: Opening Asset editor for PaperFlipbook /Game/Inimigos/InimigosProntos/Golem/Death/DeathGolem.DeathGolem
[2025.12.03-20.18.23:646][291]Cmd: OBJ SAVEPACKAGE PACKAGE="/Game/Inimigos/InimigosProntos/Golem/Death/DeathGolem" FILE="E:/Unreal/Fumec_DevGames/Content/Inimigos/InimigosProntos/Golem/Death/DeathGolem.uasset" SILENT=true
[2025.12.03-20.18.23:651][291]LogSavePackage: Moving 'E:/Unreal/Fumec_DevGames/Saved/DeathGolem5A43655A4D18A42EDFD5E28E47CABAC1.tmp' to 'E:/Unreal/Fumec_DevGames/Content/Inimigos/InimigosProntos/Golem/Death/DeathGolem.uasset'
[2025.12.03-20.18.23:725][291]AssetCheck: New page: Asset Save: DeathGolem
[2025.12.03-20.18.23:725][291]LogContentValidation: Display: Validating PaperFlipbook /Game/Inimigos/InimigosProntos/Golem/Death/DeathGolem.DeathGolem
[2025.12.03-20.18.27:920][362]LogUObjectHash: Compacting FUObjectHashTables data took   4.96ms
[2025.12.03-20.18.28:047][362]Cmd: OBJ SAVEPACKAGE PACKAGE="/Game/Inimigos/InimigosProntos/Golem/Attack/AttackGolem" FILE="E:/Unreal/Fumec_DevGames/Content/Inimigos/InimigosProntos/Golem/Attack/AttackGolem.uasset" SILENT=true
[2025.12.03-20.18.28:052][362]LogSavePackage: Moving 'E:/Unreal/Fumec_DevGames/Saved/AttackGolemF08621214FCA840962773EB66E9D4EF0.tmp' to 'E:/Unreal/Fumec_DevGames/Content/Inimigos/InimigosProntos/Golem/Attack/AttackGolem.uasset'
[2025.12.03-20.18.28:122][362]AssetCheck: New page: Asset Save: AttackGolem
[2025.12.03-20.18.28:122][362]LogContentValidation: Display: Validating PaperFlipbook /Game/Inimigos/InimigosProntos/Golem/Attack/AttackGolem.AttackGolem
[2025.12.03-20.18.28:381][371]LogWorld: UWorld::CleanupWorld for World_7, bSessionEnded=true, bCleanupResources=true
[2025.12.03-20.18.28:381][371]LogSlate: InvalidateAllWidgets triggered.  All widgets were invalidated
[2025.12.03-20.18.29:657][398]LogWorld: UWorld::CleanupWorld for World_9, bSessionEnded=true, bCleanupResources=true
[2025.12.03-20.18.29:658][398]LogSlate: InvalidateAllWidgets triggered.  All widgets were invalidated
[2025.12.03-20.18.41:911][644]LogSlate: Warning: Ignoring SetUserFocus because it's not an active modal Window (user 0 not set to SAssetView [SContentBrowser.cpp(749)].
[2025.12.03-20.18.41:912][644]LogContentBrowser: Deferred new asset file creation: Character_sheet
[2025.12.03-20.18.42:017][644]LogContentBrowser: Creating deferred item: Character_sheet
[2025.12.03-20.18.45:728][757]LogContentBrowser: Attempting asset rename: Character_sheet -> IdleGolem
[2025.12.03-20.18.45:730][757]LogContentBrowser: End creating deferred item Character_sheet
[2025.12.03-20.18.47:168][796]Cmd: OBJ SAVEPACKAGE PACKAGE="/Game/Inimigos/InimigosProntos/Golem/Idle/IdleGolem" FILE="E:/Unreal/Fumec_DevGames/Content/Inimigos/InimigosProntos/Golem/Idle/IdleGolem.uasset" SILENT=true
[2025.12.03-20.18.47:174][796]LogSavePackage: Moving 'E:/Unreal/Fumec_DevGames/Saved/IdleGolem5E6206634D1647677DE0DEBEC60D9755.tmp' to 'E:/Unreal/Fumec_DevGames/Content/Inimigos/InimigosProntos/Golem/Idle/IdleGolem.uasset'
[2025.12.03-20.18.47:248][796]AssetCheck: New page: Asset Save: IdleGolem
[2025.12.03-20.18.47:249][796]LogContentValidation: Display: Validating PaperFlipbook /Game/Inimigos/InimigosProntos/Golem/Idle/IdleGolem.IdleGolem
[2025.12.03-20.18.50:478][847]LogAssetEditorSubsystem: Opening Asset editor for PaperFlipbook /Game/Inimigos/InimigosProntos/Golem/Idle/IdleGolem.IdleGolem
[2025.12.03-20.19.04:470][250]LogWorld: UWorld::CleanupWorld for World_10, bSessionEnded=true, bCleanupResources=true
[2025.12.03-20.19.04:471][250]LogSlate: InvalidateAllWidgets triggered.  All widgets were invalidated
[2025.12.03-20.19.56:161][489]LogContentBrowser: Attempting asset rename: IdleGolem -> IdleHitGolem
[2025.12.03-20.19.56:414][489]Cmd: OBJ SAVEPACKAGE PACKAGE="/Game/Inimigos/InimigosProntos/Golem/Idle/IdleHitGolem" FILE="E:/Unreal/Fumec_DevGames/Content/Inimigos/InimigosProntos/Golem/Idle/IdleHitGolem.uasset" SILENT=true
[2025.12.03-20.19.56:419][489]LogSavePackage: Moving 'E:/Unreal/Fumec_DevGames/Saved/IdleHitGolem4EDA71F14D61277591FC2793D81F627E.tmp' to 'E:/Unreal/Fumec_DevGames/Content/Inimigos/InimigosProntos/Golem/Idle/IdleHitGolem.uasset'
[2025.12.03-20.19.56:730][489]LogUObjectHash: Compacting FUObjectHashTables data took   5.18ms
[2025.12.03-20.19.56:837][489]LogUObjectHash: Compacting FUObjectHashTables data took   5.89ms
[2025.12.03-20.19.56:911][489]LogUObjectHash: Compacting FUObjectHashTables data took   1.32ms
[2025.12.03-20.19.56:975][489]AssetCheck: New page: Asset Save: IdleHitGolem
[2025.12.03-20.19.56:975][489]LogContentValidation: Display: Validating PaperFlipbook /Game/Inimigos/InimigosProntos/Golem/Idle/IdleHitGolem.IdleHitGolem
[2025.12.03-20.21.29:150][112]LogUObjectHash: Compacting FUObjectHashTables data took   2.86ms
[2025.12.03-20.21.29:239][112]Cmd: OBJ SAVEPACKAGE PACKAGE="/Game/Inimigos/InimigosProntos/Golem/BP_Golem" FILE="E:/Unreal/Fumec_DevGames/Content/Inimigos/InimigosProntos/Golem/BP_Golem.uasset" SILENT=true
[2025.12.03-20.21.29:252][112]LogSavePackage: Moving 'E:/Unreal/Fumec_DevGames/Saved/BP_Golem01B4D6A84B6BC0469D277F8A9E3FC2E7.tmp' to 'E:/Unreal/Fumec_DevGames/Content/Inimigos/InimigosProntos/Golem/BP_Golem.uasset'
[2025.12.03-20.21.29:363][112]AssetCheck: New page: Asset Save: BP_Golem
[2025.12.03-20.21.29:363][112]LogContentValidation: Display: Validating Blueprint /Game/Inimigos/InimigosProntos/Golem/BP_Golem.BP_Golem
[2025.12.03-20.23.57:509][989]LogUObjectHash: Compacting FUObjectHashTables data took   3.54ms
[2025.12.03-20.23.57:511][989]LogFileHelpers: Editor autosave (incl. external actors) for '/Game/Mapas/Menu/MainMenu' took 0.089
[2025.12.03-20.23.59:181][989]OBJ SavePackage: Generating thumbnails for [0] asset(s) in package [/Game/Inimigos/InimigosProntos/Golem/BP_Golem] ([2] browsable assets)...
[2025.12.03-20.23.59:182][989]OBJ SavePackage: Finished generating thumbnails for package [/Game/Inimigos/InimigosProntos/Golem/BP_Golem]
[2025.12.03-20.23.59:198][989]LogSavePackage: Moving 'E:/Unreal/Fumec_DevGames/Saved/BP_Golem_Auto122F1A801455A1FF7AEA14B954AE7C2D3.tmp' to 'E:/Unreal/Fumec_DevGames/Saved/Autosaves/Game/Inimigos/InimigosProntos/Golem/BP_Golem_Auto1.uasset'
[2025.12.03-20.23.59:199][989]LogFileHelpers: Auto-saving content packages took 1.687
[2025.12.03-20.24.54:376][637]BlueprintLog: New page: Compile BP_Golem
[2025.12.03-20.24.54:505][637]LogUObjectHash: Compacting FUObjectHashTables data took   5.52ms
[2025.12.03-20.24.54:597][637]Cmd: OBJ SAVEPACKAGE PACKAGE="/Game/Inimigos/InimigosProntos/Golem/BP_Golem" FILE="E:/Unreal/Fumec_DevGames/Content/Inimigos/InimigosProntos/Golem/BP_Golem.uasset" SILENT=true
[2025.12.03-20.24.56:268][637]LogSavePackage: Moving 'E:/Unreal/Fumec_DevGames/Saved/BP_GolemC3618C4A483E11D0439C48B49E3F79C7.tmp' to 'E:/Unreal/Fumec_DevGames/Content/Inimigos/InimigosProntos/Golem/BP_Golem.uasset'
[2025.12.03-20.24.56:346][637]AssetCheck: New page: Asset Save: BP_Golem
[2025.12.03-20.24.56:346][637]LogContentValidation: Display: Validating Blueprint /Game/Inimigos/InimigosProntos/Golem/BP_Golem.BP_Golem
[2025.12.03-20.24.57:045][646]Cmd: OBJ SAVEPACKAGE PACKAGE="/Game/Inimigos/InimigosProntos/Golem/BP_Golem" FILE="E:/Unreal/Fumec_DevGames/Content/Inimigos/InimigosProntos/Golem/BP_Golem.uasset" SILENT=true
[2025.12.03-20.24.57:056][646]LogSavePackage: Moving 'E:/Unreal/Fumec_DevGames/Saved/BP_Golem3F95F8F64E49A5315EA2BAB7151D9583.tmp' to 'E:/Unreal/Fumec_DevGames/Content/Inimigos/InimigosProntos/Golem/BP_Golem.uasset'
[2025.12.03-20.24.57:166][646]AssetCheck: New page: Asset Save: BP_Golem
[2025.12.03-20.24.57:166][646]LogContentValidation: Display: Validating Blueprint /Game/Inimigos/InimigosProntos/Golem/BP_Golem.BP_Golem
[2025.12.03-20.27.05:161][271]Cmd: OBJ SAVEPACKAGE PACKAGE="/Game/Inimigos/InimigosProntos/Golem/BP_Golem" FILE="E:/Unreal/Fumec_DevGames/Content/Inimigos/InimigosProntos/Golem/BP_Golem.uasset" SILENT=true
[2025.12.03-20.27.05:175][271]LogSavePackage: Moving 'E:/Unreal/Fumec_DevGames/Saved/BP_Golem4603157E44A06D024E5E20AAE7860519.tmp' to 'E:/Unreal/Fumec_DevGames/Content/Inimigos/InimigosProntos/Golem/BP_Golem.uasset'
[2025.12.03-20.27.05:290][271]AssetCheck: New page: Asset Save: BP_Golem
[2025.12.03-20.27.05:291][271]LogContentValidation: Display: Validating Blueprint /Game/Inimigos/InimigosProntos/Golem/BP_Golem.BP_Golem
[2025.12.03-20.33.51:187][223]LogUObjectHash: Compacting FUObjectHashTables data took   6.99ms
[2025.12.03-20.33.51:315][223]LogAssetEditorSubsystem: Opening Asset editor for World /Game/Mapas/Fases/Mapas/Mapa1.Mapa1
[2025.12.03-20.33.51:316][223]Cmd: MAP LOAD FILE="E:/Unreal/Fumec_DevGames/Content/Mapas/Fases/Mapas/Mapa1.umap" TEMPLATE=0 SHOWPROGRESS=1 FEATURELEVEL=3
[2025.12.03-20.33.51:316][223]LightingResults: New page: Lighting Build
[2025.12.03-20.33.51:317][223]LoadErrors: New page: Loading map: Mapa1.umap
[2025.12.03-20.33.51:320][223]LogWorld: UWorld::CleanupWorld for MainMenu, bSessionEnded=true, bCleanupResources=true
[2025.12.03-20.33.51:320][223]LogSlate: InvalidateAllWidgets triggered.  All widgets were invalidated
[2025.12.03-20.33.51:320][223]MapCheck: New page: Map Check
[2025.12.03-20.33.51:320][223]LightingResults: New page: Lighting Build
[2025.12.03-20.33.51:397][223]LogAudio: Display: Audio Device unregistered from world 'None'.
[2025.12.03-20.33.51:405][223]LogUObjectHash: Compacting FUObjectHashTables data took   5.65ms
[2025.12.03-20.33.51:406][223]LogAudio: Display: Audio Device (ID: 1) registered with world 'Mapa1'.
[2025.12.03-20.33.51:625][223]LogEditorServer: Finished looking for orphan Actors (0.000 secs)
[2025.12.03-20.33.51:625][223]LogAIModule: Creating AISystem for world Mapa1
[2025.12.03-20.33.51:628][223]LogNavigation: Warning: Recreating dtNavMesh instance due to saved navmesh origin (X=0.000 Y=0.000 Z=342.000, usually the RecastNavMesh location) not being aligned with tile size (988 uu) 
[2025.12.03-20.33.51:712][223]LogUObjectHash: Compacting FUObjectHashTables data took   4.67ms
[2025.12.03-20.33.51:757][223]Cmd: MAP CHECKDEP NOCLEARLOG
[2025.12.03-20.33.51:757][223]MapCheck: Map check complete: 0 Error(s), 0 Warning(s), took 0.203ms to complete.
[2025.12.03-20.33.51:757][223]LogFileHelpers: Loading map 'Mapa1' took 0.442
[2025.12.03-20.33.56:708][367]LogEditorViewport: Clicking on Actor (LMB): InimigoTeste_C (InimigoTeste)
[2025.12.03-20.33.57:758][397]Cmd: DELETE
[2025.12.03-20.33.57:758][397]Cmd: ACTOR DELETE
[2025.12.03-20.33.57:769][397]LogEditorActor: Deleted Actor: InimigoTeste_C
[2025.12.03-20.33.57:848][397]LogUObjectHash: Compacting FUObjectHashTables data took   2.97ms
[2025.12.03-20.33.57:849][397]LogEditorActor: Deleted 1 Actors (0.087 secs)
[2025.12.03-20.34.07:208][601]LogTemp: Repeating last play command: Selected Viewport
[2025.12.03-20.34.07:223][601]LogPlayLevel: PlayLevel: No blueprints needed recompiling
[2025.12.03-20.34.07:223][601]PIE: New page: PIE session: Mapa1 (Dec 3, 2025, 2:34:07 PM)
[2025.12.03-20.34.07:224][601]LogPlayLevel: Creating play world package: /Game/Mapas/Fases/Mapas/UEDPIE_0_Mapa1
[2025.12.03-20.34.07:259][601]LogPlayLevel: PIE: StaticDuplicateObject took: (0.035915s)
[2025.12.03-20.34.07:260][601]LogAIModule: Creating AISystem for world Mapa1
[2025.12.03-20.34.07:262][601]LogPlayLevel: PIE: World Init took: (0.002346s)
[2025.12.03-20.34.07:262][601]LogPlayLevel: PIE: Created PIE world by copying editor world from /Game/Mapas/Fases/Mapas/Mapa1.Mapa1 to /Game/Mapas/Fases/Mapas/UEDPIE_0_Mapa1.Mapa1 (0.038577s)
[2025.12.03-20.34.07:340][601]LogUObjectHash: Compacting FUObjectHashTables data took   4.94ms
[2025.12.03-20.34.07:345][601]LogAudio: Display: Creating Audio Device:                 Id: 3, Scope: Unique, Realtime: True
[2025.12.03-20.34.07:345][601]LogAudioMixer: Display: Audio Mixer Platform Settings:
[2025.12.03-20.34.07:345][601]LogAudioMixer: Display: 	Sample Rate:						  48000
[2025.12.03-20.34.07:345][601]LogAudioMixer: Display: 	Callback Buffer Frame Size Requested: 1024
[2025.12.03-20.34.07:345][601]LogAudioMixer: Display: 	Callback Buffer Frame Size To Use:	  1024
[2025.12.03-20.34.07:345][601]LogAudioMixer: Display: 	Number of buffers to queue:			  2
[2025.12.03-20.34.07:345][601]LogAudioMixer: Display: 	Max Channels (voices):				  32
[2025.12.03-20.34.07:345][601]LogAudioMixer: Display: 	Number of Async Source Workers:		  0
[2025.12.03-20.34.07:345][601]LogAudio: Display: AudioDevice MaxSources: 32
[2025.12.03-20.34.07:346][601]LogAudio: Display: Audio Spatialization Plugin: None (built-in).
[2025.12.03-20.34.07:346][601]LogAudio: Display: Audio Reverb Plugin: None (built-in).
[2025.12.03-20.34.07:346][601]LogAudio: Display: Audio Occlusion Plugin: None (built-in).
[2025.12.03-20.34.07:346][601]LogAudioMixer: Display: Initializing audio mixer.
[2025.12.03-20.34.07:359][601]LogAudioMixer: Display: 0: FrontLeft
[2025.12.03-20.34.07:359][601]LogAudioMixer: Display: 1: FrontRight
[2025.12.03-20.34.07:378][601]LogAudioMixer: Display: Using Audio Device Alto-falantes (Realtek(R) Audio)
[2025.12.03-20.34.07:379][601]LogAudioMixer: Display: Initializing Sound Submixes...
[2025.12.03-20.34.07:379][601]LogAudioMixer: Display: Creating Master Submix 'MasterSubmixDefault'
[2025.12.03-20.34.07:379][601]LogAudioMixer: Display: Creating Master Submix 'MasterReverbSubmixDefault'
[2025.12.03-20.34.07:380][601]LogAudioMixer: Display: Creating Master Submix 'MasterEQSubmixDefault'
[2025.12.03-20.34.07:380][601]LogAudioMixer: FMixerPlatformXAudio2::StartAudioStream() called
[2025.12.03-20.34.07:380][601]LogAudioMixer: Display: Output buffers initialized: Frames=1024, Channels=2, Samples=2048
[2025.12.03-20.34.07:384][601]LogAudioMixer: Display: Starting AudioMixerPlatformInterface::RunInternal()
[2025.12.03-20.34.07:384][601]LogAudioMixer: Display: FMixerPlatformXAudio2::SubmitBuffer() called for the first time
[2025.12.03-20.34.07:384][601]LogInit: FAudioDevice initialized.
[2025.12.03-20.34.07:384][601]LogAudio: Display: Audio Device (ID: 3) registered with world 'Mapa1'.
[2025.12.03-20.34.07:400][601]LogLoad: Game class is 'GameModeRL_C'
[2025.12.03-20.34.07:403][601]LogWorld: Bringing World /Game/Mapas/Fases/Mapas/UEDPIE_0_Mapa1.Mapa1 up for play (max tick rate 60) at 2025.12.03-17.34.07
[2025.12.03-20.34.07:404][601]LogWorld: Bringing up level for play took: 0.003130
[2025.12.03-20.34.07:405][601]LogOnline: OSS: Creating online subsystem instance for: :Context_14
[2025.12.03-20.34.07:413][601]PIE: Server logged in
[2025.12.03-20.34.07:415][601]PIE: Play in editor total start time 0.195 seconds.
[2025.12.03-20.34.08:222][625]LogBlueprintUserMessages: [Player_BP_C_0] 1.0
[2025.12.03-20.34.10:981][708]LogNet: Browse: /Game/Mapas/MapaPowerUp/MapaPowerUp
[2025.12.03-20.34.10:981][708]LogLoad: LoadMap: /Game/Mapas/MapaPowerUp/MapaPowerUp
[2025.12.03-20.34.10:981][708]LogWorld: BeginTearingDown for /Game/Mapas/Fases/Mapas/UEDPIE_0_Mapa1
[2025.12.03-20.34.10:982][708]LogWorld: UWorld::CleanupWorld for Mapa1, bSessionEnded=true, bCleanupResources=true
[2025.12.03-20.34.10:982][708]LogSlate: InvalidateAllWidgets triggered.  All widgets were invalidated
[2025.12.03-20.34.11:059][708]LogAudio: Display: Audio Device unregistered from world 'None'.
[2025.12.03-20.34.11:067][708]LogUObjectHash: Compacting FUObjectHashTables data took   4.96ms
[2025.12.03-20.34.11:083][708]LogAudio: Display: Audio Device (ID: 3) registered with world 'MapaPowerUp'.
[2025.12.03-20.34.11:084][708]LogAIModule: Creating AISystem for world MapaPowerUp
[2025.12.03-20.34.11:085][708]LogLoad: Game class is 'GameMode'
[2025.12.03-20.34.11:087][708]LogWorld: Bringing World /Game/Mapas/MapaPowerUp/UEDPIE_0_MapaPowerUp.MapaPowerUp up for play (max tick rate 60) at 2025.12.03-17.34.11
[2025.12.03-20.34.11:088][708]LogWorld: Bringing up level for play took: 0.001388
[2025.12.03-20.34.11:089][708]LogGameMode: FindPlayerStart: PATHS NOT DEFINED or NO PLAYERSTART with positive rating
[2025.12.03-20.34.11:089][708]LogGameMode: Display: Match State Changed from EnteringMap to WaitingToStart
[2025.12.03-20.34.11:089][708]LogGameState: Match State Changed from EnteringMap to WaitingToStart
[2025.12.03-20.34.11:089][708]LogGameMode: Display: Match State Changed from WaitingToStart to InProgress
[2025.12.03-20.34.11:092][708]LogScript: Warning: Script Msg: Attempted to access index 0 from array 'CallFunc_GetAllActorsOfClass_OutActors' of length 0 in '/Game/Mapas/MapaPowerUp/UEDPIE_0_MapaPowerUp.MapaPowerUp_C:ExecuteUbergraph_MapaPowerUp'!
[2025.12.03-20.34.11:092][708]LogGameState: Match State Changed from WaitingToStart to InProgress
[2025.12.03-20.34.11:092][708]LogLoad: Took 0.110903 seconds to LoadMap(/Game/Mapas/MapaPowerUp/MapaPowerUp)
[2025.12.03-20.34.11:958][733]LogSlate: Updating window title bar state: overlay mode, drag disabled, window buttons hidden, title bar hidden
[2025.12.03-20.34.11:958][733]LogWorld: BeginTearingDown for /Game/Mapas/MapaPowerUp/UEDPIE_0_MapaPowerUp
[2025.12.03-20.34.11:958][733]LogWorld: UWorld::CleanupWorld for MapaPowerUp, bSessionEnded=true, bCleanupResources=true
[2025.12.03-20.34.11:958][733]LogSlate: InvalidateAllWidgets triggered.  All widgets were invalidated
[2025.12.03-20.34.11:979][733]LogPlayLevel: Display: Shutting down PIE online subsystems
[2025.12.03-20.34.12:065][733]LogSlate: InvalidateAllWidgets triggered.  All widgets were invalidated
[2025.12.03-20.34.12:139][733]LogAudio: Display: Audio Device unregistered from world 'None'.
[2025.12.03-20.34.12:139][733]LogAudioMixer: FMixerPlatformXAudio2::StopAudioStream() called
[2025.12.03-20.34.12:141][733]LogAudioMixer: FMixerPlatformXAudio2::StopAudioStream() called
[2025.12.03-20.34.12:145][733]LogSlate: Updating window title bar state: overlay mode, drag disabled, window buttons hidden, title bar hidden
[2025.12.03-20.34.12:153][733]LogUObjectHash: Compacting FUObjectHashTables data took   5.66ms
[2025.12.03-20.34.12:210][734]LogPlayLevel: Display: Destroying online subsystem :Context_14
[2025.12.03-20.34.13:362][768]LogEditorViewport: Clicking on Actor (LMB): PortalMudarFase_C (PortalMudarFase)
[2025.12.03-20.34.14:618][805]Cmd: DELETE
[2025.12.03-20.34.14:618][805]Cmd: ACTOR DELETE
[2025.12.03-20.34.14:623][805]LogEditorActor: Deleted Actor: PortalMudarFase_C
[2025.12.03-20.34.14:708][805]LogUObjectHash: Compacting FUObjectHashTables data took   7.03ms
[2025.12.03-20.34.14:710][805]LogEditorActor: Deleted 1 Actors (0.092 secs)
[2025.12.03-20.34.16:344][844]LogTemp: Repeating last play command: Selected Viewport
[2025.12.03-20.34.16:363][844]LogPlayLevel: PlayLevel: No blueprints needed recompiling
[2025.12.03-20.34.16:363][844]PIE: New page: PIE session: Mapa1 (Dec 3, 2025, 2:34:16 PM)
[2025.12.03-20.34.16:363][844]LogPlayLevel: Creating play world package: /Game/Mapas/Fases/Mapas/UEDPIE_0_Mapa1
[2025.12.03-20.34.16:398][844]LogPlayLevel: PIE: StaticDuplicateObject took: (0.034916s)
[2025.12.03-20.34.16:400][844]LogAIModule: Creating AISystem for world Mapa1
[2025.12.03-20.34.16:400][844]LogPlayLevel: PIE: World Init took: (0.002201s)
[2025.12.03-20.34.16:400][844]LogPlayLevel: PIE: Created PIE world by copying editor world from /Game/Mapas/Fases/Mapas/Mapa1.Mapa1 to /Game/Mapas/Fases/Mapas/UEDPIE_0_Mapa1.Mapa1 (0.037425s)
[2025.12.03-20.34.16:479][844]LogUObjectHash: Compacting FUObjectHashTables data took   4.73ms
[2025.12.03-20.34.16:480][844]LogAudio: Display: Creating Audio Device:                 Id: 4, Scope: Unique, Realtime: True
[2025.12.03-20.34.16:480][844]LogAudioMixer: Display: Audio Mixer Platform Settings:
[2025.12.03-20.34.16:480][844]LogAudioMixer: Display: 	Sample Rate:						  48000
[2025.12.03-20.34.16:480][844]LogAudioMixer: Display: 	Callback Buffer Frame Size Requested: 1024
[2025.12.03-20.34.16:480][844]LogAudioMixer: Display: 	Callback Buffer Frame Size To Use:	  1024
[2025.12.03-20.34.16:480][844]LogAudioMixer: Display: 	Number of buffers to queue:			  2
[2025.12.03-20.34.16:480][844]LogAudioMixer: Display: 	Max Channels (voices):				  32
[2025.12.03-20.34.16:480][844]LogAudioMixer: Display: 	Number of Async Source Workers:		  0
[2025.12.03-20.34.16:480][844]LogAudio: Display: AudioDevice MaxSources: 32
[2025.12.03-20.34.16:482][844]LogAudio: Display: Audio Spatialization Plugin: None (built-in).
[2025.12.03-20.34.16:482][844]LogAudio: Display: Audio Reverb Plugin: None (built-in).
[2025.12.03-20.34.16:482][844]LogAudio: Display: Audio Occlusion Plugin: None (built-in).
[2025.12.03-20.34.16:482][844]LogAudioMixer: Display: Initializing audio mixer.
[2025.12.03-20.34.16:492][844]LogAudioMixer: Display: 0: FrontLeft
[2025.12.03-20.34.16:492][844]LogAudioMixer: Display: 1: FrontRight
[2025.12.03-20.34.16:506][844]LogAudioMixer: Display: Using Audio Device Alto-falantes (Realtek(R) Audio)
[2025.12.03-20.34.16:506][844]LogAudioMixer: Display: Initializing Sound Submixes...
[2025.12.03-20.34.16:506][844]LogAudioMixer: Display: Creating Master Submix 'MasterSubmixDefault'
[2025.12.03-20.34.16:506][844]LogAudioMixer: Display: Creating Master Submix 'MasterReverbSubmixDefault'
[2025.12.03-20.34.16:507][844]LogAudioMixer: Display: Creating Master Submix 'MasterEQSubmixDefault'
[2025.12.03-20.34.16:507][844]LogAudioMixer: FMixerPlatformXAudio2::StartAudioStream() called
[2025.12.03-20.34.16:507][844]LogAudioMixer: Display: Output buffers initialized: Frames=1024, Channels=2, Samples=2048
[2025.12.03-20.34.16:511][844]LogAudioMixer: Display: Starting AudioMixerPlatformInterface::RunInternal()
[2025.12.03-20.34.16:511][844]LogAudioMixer: Display: FMixerPlatformXAudio2::SubmitBuffer() called for the first time
[2025.12.03-20.34.16:511][844]LogInit: FAudioDevice initialized.
[2025.12.03-20.34.16:511][844]LogAudio: Display: Audio Device (ID: 4) registered with world 'Mapa1'.
[2025.12.03-20.34.16:529][844]LogLoad: Game class is 'GameModeRL_C'
[2025.12.03-20.34.16:532][844]LogWorld: Bringing World /Game/Mapas/Fases/Mapas/UEDPIE_0_Mapa1.Mapa1 up for play (max tick rate 60) at 2025.12.03-17.34.16
[2025.12.03-20.34.16:533][844]LogWorld: Bringing up level for play took: 0.002727
[2025.12.03-20.34.16:534][844]LogOnline: OSS: Creating online subsystem instance for: :Context_15
[2025.12.03-20.34.16:541][844]PIE: Server logged in
[2025.12.03-20.34.16:543][844]PIE: Play in editor total start time 0.183 seconds.
[2025.12.03-20.34.16:955][857]LogBlueprintUserMessages: [Player_BP_C_0] 1.0
[2025.12.03-20.34.29:563][234]LogBlueprintUserMessages: [Player_BP_C_0] 1.0
[2025.12.03-20.34.33:163][342]LogBlueprintUserMessages: [Player_BP_C_0] 1.0
[2025.12.03-20.34.34:997][397]LogBlueprintUserMessages: [Player_BP_C_0] 1.0
[2025.12.03-20.34.35:797][421]LogBlueprintUserMessages: [Player_BP_C_0] 1.0
[2025.12.03-20.34.37:297][466]LogBlueprintUserMessages: [Player_BP_C_0] 1.0
[2025.12.03-20.34.38:430][500]LogBlueprintUserMessages: [Player_BP_C_0] 1.0
[2025.12.03-20.34.39:329][527]LogBlueprintUserMessages: [Player_BP_C_0] 1.0
[2025.12.03-20.34.39:964][546]LogBlueprintUserMessages: [Player_BP_C_0] 1.0
[2025.12.03-20.34.51:463][891]LogBlueprintUserMessages: [Player_BP_C_0] 1.0
[2025.12.03-20.34.51:763][900]LogBlueprintUserMessages: [Player_BP_C_0] 1.0
[2025.12.03-20.34.56:797][ 51]LogBlueprintUserMessages: [Player_BP_C_0] 1.0
[2025.12.03-20.34.57:829][ 82]LogBlueprintUserMessages: [Player_BP_C_0] 1.0
[2025.12.03-20.34.59:397][129]LogBlueprintUserMessages: [Player_BP_C_0] 1.0
[2025.12.03-20.35.13:897][563]LogSlate: Updating window title bar state: overlay mode, drag disabled, window buttons hidden, title bar hidden
[2025.12.03-20.35.13:897][563]LogWorld: BeginTearingDown for /Game/Mapas/Fases/Mapas/UEDPIE_0_Mapa1
[2025.12.03-20.35.13:898][563]LogWorld: UWorld::CleanupWorld for Mapa1, bSessionEnded=true, bCleanupResources=true
[2025.12.03-20.35.13:899][563]LogSlate: InvalidateAllWidgets triggered.  All widgets were invalidated
[2025.12.03-20.35.13:916][563]LogPlayLevel: Display: Shutting down PIE online subsystems
[2025.12.03-20.35.13:930][563]LogSlate: InvalidateAllWidgets triggered.  All widgets were invalidated
[2025.12.03-20.35.14:007][563]LogAudio: Display: Audio Device unregistered from world 'None'.
[2025.12.03-20.35.14:007][563]LogAudioMixer: FMixerPlatformXAudio2::StopAudioStream() called
[2025.12.03-20.35.14:009][563]LogAudioMixer: FMixerPlatformXAudio2::StopAudioStream() called
[2025.12.03-20.35.14:019][563]LogSlate: Updating window title bar state: overlay mode, drag disabled, window buttons hidden, title bar hidden
[2025.12.03-20.35.14:028][563]LogUObjectHash: Compacting FUObjectHashTables data took   4.99ms
[2025.12.03-20.35.14:080][564]LogPlayLevel: Display: Destroying online subsystem :Context_15
[2025.12.03-20.35.15:407][594]LogTemp: Repeating last play command: Selected Viewport
[2025.12.03-20.35.15:426][594]LogPlayLevel: PlayLevel: No blueprints needed recompiling
[2025.12.03-20.35.15:426][594]PIE: New page: PIE session: Mapa1 (Dec 3, 2025, 2:35:15 PM)
[2025.12.03-20.35.15:426][594]LogPlayLevel: Creating play world package: /Game/Mapas/Fases/Mapas/UEDPIE_0_Mapa1
[2025.12.03-20.35.15:462][594]LogPlayLevel: PIE: StaticDuplicateObject took: (0.035927s)
[2025.12.03-20.35.15:464][594]LogAIModule: Creating AISystem for world Mapa1
[2025.12.03-20.35.15:464][594]LogPlayLevel: PIE: World Init took: (0.002280s)
[2025.12.03-20.35.15:465][594]LogPlayLevel: PIE: Created PIE world by copying editor world from /Game/Mapas/Fases/Mapas/Mapa1.Mapa1 to /Game/Mapas/Fases/Mapas/UEDPIE_0_Mapa1.Mapa1 (0.038526s)
[2025.12.03-20.35.15:544][594]LogUObjectHash: Compacting FUObjectHashTables data took   4.75ms
[2025.12.03-20.35.15:546][594]LogAudio: Display: Creating Audio Device:                 Id: 5, Scope: Unique, Realtime: True
[2025.12.03-20.35.15:547][594]LogAudioMixer: Display: Audio Mixer Platform Settings:
[2025.12.03-20.35.15:547][594]LogAudioMixer: Display: 	Sample Rate:						  48000
[2025.12.03-20.35.15:547][594]LogAudioMixer: Display: 	Callback Buffer Frame Size Requested: 1024
[2025.12.03-20.35.15:547][594]LogAudioMixer: Display: 	Callback Buffer Frame Size To Use:	  1024
[2025.12.03-20.35.15:547][594]LogAudioMixer: Display: 	Number of buffers to queue:			  2
[2025.12.03-20.35.15:547][594]LogAudioMixer: Display: 	Max Channels (voices):				  32
[2025.12.03-20.35.15:547][594]LogAudioMixer: Display: 	Number of Async Source Workers:		  0
[2025.12.03-20.35.15:547][594]LogAudio: Display: AudioDevice MaxSources: 32
[2025.12.03-20.35.15:548][594]LogAudio: Display: Audio Spatialization Plugin: None (built-in).
[2025.12.03-20.35.15:548][594]LogAudio: Display: Audio Reverb Plugin: None (built-in).
[2025.12.03-20.35.15:548][594]LogAudio: Display: Audio Occlusion Plugin: None (built-in).
[2025.12.03-20.35.15:548][594]LogAudioMixer: Display: Initializing audio mixer.
[2025.12.03-20.35.15:557][594]LogAudioMixer: Display: 0: FrontLeft
[2025.12.03-20.35.15:558][594]LogAudioMixer: Display: 1: FrontRight
[2025.12.03-20.35.15:573][594]LogAudioMixer: Display: Using Audio Device Alto-falantes (Realtek(R) Audio)
[2025.12.03-20.35.15:574][594]LogAudioMixer: Display: Initializing Sound Submixes...
[2025.12.03-20.35.15:574][594]LogAudioMixer: Display: Creating Master Submix 'MasterSubmixDefault'
[2025.12.03-20.35.15:574][594]LogAudioMixer: Display: Creating Master Submix 'MasterReverbSubmixDefault'
[2025.12.03-20.35.15:575][594]LogAudioMixer: Display: Creating Master Submix 'MasterEQSubmixDefault'
[2025.12.03-20.35.15:575][594]LogAudioMixer: FMixerPlatformXAudio2::StartAudioStream() called
[2025.12.03-20.35.15:575][594]LogAudioMixer: Display: Output buffers initialized: Frames=1024, Channels=2, Samples=2048
[2025.12.03-20.35.15:578][594]LogAudioMixer: Display: Starting AudioMixerPlatformInterface::RunInternal()
[2025.12.03-20.35.15:578][594]LogAudioMixer: Display: FMixerPlatformXAudio2::SubmitBuffer() called for the first time
[2025.12.03-20.35.15:578][594]LogInit: FAudioDevice initialized.
[2025.12.03-20.35.15:578][594]LogAudio: Display: Audio Device (ID: 5) registered with world 'Mapa1'.
[2025.12.03-20.35.15:597][594]LogLoad: Game class is 'GameModeRL_C'
[2025.12.03-20.35.15:600][594]LogWorld: Bringing World /Game/Mapas/Fases/Mapas/UEDPIE_0_Mapa1.Mapa1 up for play (max tick rate 60) at 2025.12.03-17.35.15
[2025.12.03-20.35.15:600][594]LogWorld: Bringing up level for play took: 0.002514
[2025.12.03-20.35.15:602][594]LogOnline: OSS: Creating online subsystem instance for: :Context_16
[2025.12.03-20.35.15:609][594]PIE: Server logged in
[2025.12.03-20.35.15:612][594]PIE: Play in editor total start time 0.188 seconds.
[2025.12.03-20.35.15:704][597]LogBlueprintUserMessages: [Player_BP_C_0] 1.0
[2025.12.03-20.35.20:120][730]LogBlueprintUserMessages: [Player_BP_C_0] 1.0
[2025.12.03-20.35.21:121][760]LogBlueprintUserMessages: [Player_BP_C_0] 1.0
[2025.12.03-20.35.21:787][780]LogBlueprintUserMessages: [Player_BP_C_0] 1.0
[2025.12.03-20.35.22:887][813]LogBlueprintUserMessages: [Player_BP_C_0] 1.0
[2025.12.03-20.35.23:522][832]LogBlueprintUserMessages: [Player_BP_C_0] 1.0
[2025.12.03-20.35.24:987][876]LogBlueprintUserMessages: [Player_BP_C_0] 1.0
[2025.12.03-20.35.25:520][892]LogBlueprintUserMessages: [Player_BP_C_0] 1.0
[2025.12.03-20.35.26:388][918]LogBlueprintUserMessages: [Player_BP_C_0] 1.0
[2025.12.03-20.35.27:188][942]LogBlueprintUserMessages: [Player_BP_C_0] 1.0
[2025.12.03-20.35.28:354][977]LogBlueprintUserMessages: [Player_BP_C_0] 1.0
[2025.12.03-20.35.29:387][  8]LogBlueprintUserMessages: [Player_BP_C_0] 1.0
[2025.12.03-20.35.30:396][ 37]LogBlueprintUserMessages: [Player_BP_C_0] 1.0
[2025.12.03-20.35.31:296][ 64]LogBlueprintUserMessages: [Player_BP_C_0] 1.0
[2025.12.03-20.35.31:963][ 84]LogBlueprintUserMessages: [Player_BP_C_0] 1.0
[2025.12.03-20.35.36:575][221]LogSlate: Updating window title bar state: overlay mode, drag disabled, window buttons hidden, title bar hidden
[2025.12.03-20.35.36:575][221]LogWorld: BeginTearingDown for /Game/Mapas/Fases/Mapas/UEDPIE_0_Mapa1
[2025.12.03-20.35.36:575][221]LogWorld: UWorld::CleanupWorld for Mapa1, bSessionEnded=true, bCleanupResources=true
[2025.12.03-20.35.36:576][221]LogSlate: InvalidateAllWidgets triggered.  All widgets were invalidated
[2025.12.03-20.35.36:593][221]LogPlayLevel: Display: Shutting down PIE online subsystems
[2025.12.03-20.35.36:605][221]LogSlate: InvalidateAllWidgets triggered.  All widgets were invalidated
[2025.12.03-20.35.36:681][221]LogSlate: Updating window title bar state: overlay mode, drag disabled, window buttons hidden, title bar hidden
[2025.12.03-20.35.36:682][221]LogAudioMixer: FMixerPlatformXAudio2::StopAudioStream() called
[2025.12.03-20.35.36:684][221]LogAudioMixer: FMixerPlatformXAudio2::StopAudioStream() called
[2025.12.03-20.35.36:702][221]LogUObjectHash: Compacting FUObjectHashTables data took   5.69ms
[2025.12.03-20.35.36:754][222]LogPlayLevel: Display: Destroying online subsystem :Context_16
[2025.12.03-20.35.44:489][377]LogAssetEditorSubsystem: Opening Asset editor for Blueprint /Game/Inimigos/InimigoBaseBP.InimigoBaseBP
[2025.12.03-20.36.21:107][990]BlueprintLog: New page: Compile InimigoBaseBP
[2025.12.03-20.36.21:346][990]LogUObjectHash: Compacting FUObjectHashTables data took   5.49ms
[2025.12.03-20.36.21:501][990]Cmd: OBJ SAVEPACKAGE PACKAGE="/Game/Inimigos/InimigoBaseBP" FILE="E:/Unreal/Fumec_DevGames/Content/Inimigos/InimigoBaseBP.uasset" SILENT=true
[2025.12.03-20.36.21:596][990]LogSavePackage: Moving 'E:/Unreal/Fumec_DevGames/Saved/InimigoBaseBPC36D842942B84683BF9E199EBABCE284.tmp' to 'E:/Unreal/Fumec_DevGames/Content/Inimigos/InimigoBaseBP.uasset'
[2025.12.03-20.36.21:650][990]AssetCheck: New page: Asset Save: InimigoBaseBP
[2025.12.03-20.36.21:650][990]LogContentValidation: Display: Validating Blueprint /Game/Inimigos/InimigoBaseBP.InimigoBaseBP
[2025.12.03-20.36.22:614][ 31]LogTemp: Repeating last play command: Selected Viewport
[2025.12.03-20.36.22:630][ 31]LogPlayLevel: PlayLevel: No blueprints needed recompiling
[2025.12.03-20.36.22:630][ 31]PIE: New page: PIE session: Mapa1 (Dec 3, 2025, 2:36:22 PM)
[2025.12.03-20.36.22:630][ 31]LogPlayLevel: Creating play world package: /Game/Mapas/Fases/Mapas/UEDPIE_0_Mapa1
[2025.12.03-20.36.22:668][ 31]LogPlayLevel: PIE: StaticDuplicateObject took: (0.037025s)
[2025.12.03-20.36.22:669][ 31]LogAIModule: Creating AISystem for world Mapa1
[2025.12.03-20.36.22:670][ 31]LogPlayLevel: PIE: World Init took: (0.002186s)
[2025.12.03-20.36.22:670][ 31]LogPlayLevel: PIE: Created PIE world by copying editor world from /Game/Mapas/Fases/Mapas/Mapa1.Mapa1 to /Game/Mapas/Fases/Mapas/UEDPIE_0_Mapa1.Mapa1 (0.039613s)
[2025.12.03-20.36.22:760][ 31]LogUObjectHash: Compacting FUObjectHashTables data took   7.46ms
[2025.12.03-20.36.22:762][ 31]LogAudio: Display: Creating Audio Device:                 Id: 6, Scope: Unique, Realtime: True
[2025.12.03-20.36.22:763][ 31]LogAudioMixer: Display: Audio Mixer Platform Settings:
[2025.12.03-20.36.22:763][ 31]LogAudioMixer: Display: 	Sample Rate:						  48000
[2025.12.03-20.36.22:763][ 31]LogAudioMixer: Display: 	Callback Buffer Frame Size Requested: 1024
[2025.12.03-20.36.22:763][ 31]LogAudioMixer: Display: 	Callback Buffer Frame Size To Use:	  1024
[2025.12.03-20.36.22:763][ 31]LogAudioMixer: Display: 	Number of buffers to queue:			  2
[2025.12.03-20.36.22:763][ 31]LogAudioMixer: Display: 	Max Channels (voices):				  32
[2025.12.03-20.36.22:763][ 31]LogAudioMixer: Display: 	Number of Async Source Workers:		  0
[2025.12.03-20.36.22:763][ 31]LogAudio: Display: AudioDevice MaxSources: 32
[2025.12.03-20.36.22:764][ 31]LogAudio: Display: Audio Spatialization Plugin: None (built-in).
[2025.12.03-20.36.22:764][ 31]LogAudio: Display: Audio Reverb Plugin: None (built-in).
[2025.12.03-20.36.22:764][ 31]LogAudio: Display: Audio Occlusion Plugin: None (built-in).
[2025.12.03-20.36.22:764][ 31]LogAudioMixer: Display: Initializing audio mixer.
[2025.12.03-20.36.22:776][ 31]LogAudioMixer: Display: 0: FrontLeft
[2025.12.03-20.36.22:776][ 31]LogAudioMixer: Display: 1: FrontRight
[2025.12.03-20.36.22:791][ 31]LogAudioMixer: Display: Using Audio Device Alto-falantes (Realtek(R) Audio)
[2025.12.03-20.36.22:791][ 31]LogAudioMixer: Display: Initializing Sound Submixes...
[2025.12.03-20.36.22:791][ 31]LogAudioMixer: Display: Creating Master Submix 'MasterSubmixDefault'
[2025.12.03-20.36.22:791][ 31]LogAudioMixer: Display: Creating Master Submix 'MasterReverbSubmixDefault'
[2025.12.03-20.36.22:792][ 31]LogAudioMixer: Display: Creating Master Submix 'MasterEQSubmixDefault'
[2025.12.03-20.36.22:793][ 31]LogAudioMixer: FMixerPlatformXAudio2::StartAudioStream() called
[2025.12.03-20.36.22:793][ 31]LogAudioMixer: Display: Output buffers initialized: Frames=1024, Channels=2, Samples=2048
[2025.12.03-20.36.22:796][ 31]LogAudioMixer: Display: Starting AudioMixerPlatformInterface::RunInternal()
[2025.12.03-20.36.22:796][ 31]LogAudioMixer: Display: FMixerPlatformXAudio2::SubmitBuffer() called for the first time
[2025.12.03-20.36.22:796][ 31]LogInit: FAudioDevice initialized.
[2025.12.03-20.36.22:796][ 31]LogAudio: Display: Audio Device (ID: 6) registered with world 'Mapa1'.
[2025.12.03-20.36.22:859][ 31]LogSlate: Updating window title bar state: overlay mode, drag disabled, window buttons hidden, title bar hidden
[2025.12.03-20.36.22:859][ 31]LogLoad: Game class is 'GameModeRL_C'
[2025.12.03-20.36.22:865][ 31]LogWorld: Bringing World /Game/Mapas/Fases/Mapas/UEDPIE_0_Mapa1.Mapa1 up for play (max tick rate 60) at 2025.12.03-17.36.22
[2025.12.03-20.36.22:866][ 31]LogWorld: Bringing up level for play took: 0.004336
[2025.12.03-20.36.22:867][ 31]LogOnline: OSS: Creating online subsystem instance for: :Context_18
[2025.12.03-20.36.22:881][ 31]PIE: Server logged in
[2025.12.03-20.36.22:887][ 31]PIE: Play in editor total start time 0.259 seconds.
[2025.12.03-20.36.22:946][ 32]LogRenderer: Reallocating scene render targets to support 1528x784 Format 10 NumSamples 1 (Frame:1).
[2025.12.03-20.36.23:418][ 43]LogBlueprintUserMessages: [Player_BP_C_0] 1.0
[2025.12.03-20.36.26:012][121]LogBlueprintUserMessages: [Player_BP_C_0] 1.0
[2025.12.03-20.36.27:380][162]LogBlueprintUserMessages: [Player_BP_C_0] 1.0
[2025.12.03-20.36.29:079][213]LogBlueprintUserMessages: [Player_BP_C_0] 1.0
[2025.12.03-20.36.31:844][296]LogBlueprintUserMessages: [Player_BP_C_0] 1.0
[2025.12.03-20.36.35:912][418]LogBlueprintUserMessages: [Player_BP_C_0] 1.0
[2025.12.03-20.36.39:213][517]LogBlueprintUserMessages: [Player_BP_C_0] 1.0
[2025.12.03-20.36.39:811][535]LogBlueprintUserMessages: [Player_BP_C_0] 1.0
[2025.12.03-20.36.43:012][631]LogBlueprintUserMessages: [Player_BP_C_0] 1.0
[2025.12.03-20.36.43:811][655]LogBlueprintUserMessages: [Player_BP_C_0] 1.0
[2025.12.03-20.36.45:612][709]LogBlueprintUserMessages: [Player_BP_C_0] 1.0
[2025.12.03-20.36.47:655][769]LogSlate: Updating window title bar state: overlay mode, drag disabled, window buttons hidden, title bar hidden
[2025.12.03-20.36.47:655][769]LogWorld: BeginTearingDown for /Game/Mapas/Fases/Mapas/UEDPIE_0_Mapa1
[2025.12.03-20.36.47:656][769]LogSlate: Window 'ColunaDoendoSamurai Preview [NetMode: Standalone]  (64-bit/Windows) ' being destroyed
[2025.12.03-20.36.47:671][769]LogWorld: UWorld::CleanupWorld for Mapa1, bSessionEnded=true, bCleanupResources=true
[2025.12.03-20.36.47:672][769]LogSlate: InvalidateAllWidgets triggered.  All widgets were invalidated
[2025.12.03-20.36.47:691][769]LogPlayLevel: Display: Shutting down PIE online subsystems
[2025.12.03-20.36.47:706][769]LogSlate: InvalidateAllWidgets triggered.  All widgets were invalidated
[2025.12.03-20.36.47:791][769]LogAudio: Display: Audio Device unregistered from world 'None'.
[2025.12.03-20.36.47:792][769]LogAudioMixer: FMixerPlatformXAudio2::StopAudioStream() called
[2025.12.03-20.36.47:795][769]LogAudioMixer: FMixerPlatformXAudio2::StopAudioStream() called
[2025.12.03-20.36.47:815][769]LogUObjectHash: Compacting FUObjectHashTables data took   5.93ms
[2025.12.03-20.36.47:867][770]LogPlayLevel: Display: Destroying online subsystem :Context_18
[2025.12.03-20.37.24:213][263]BlueprintLog: New page: Compile InimigoBaseBP
[2025.12.03-20.37.24:443][263]LogUObjectHash: Compacting FUObjectHashTables data took   5.54ms
[2025.12.03-20.37.24:591][263]Cmd: OBJ SAVEPACKAGE PACKAGE="/Game/Inimigos/InimigoBaseBP" FILE="E:/Unreal/Fumec_DevGames/Content/Inimigos/InimigoBaseBP.uasset" SILENT=true
[2025.12.03-20.37.24:685][263]LogSavePackage: Moving 'E:/Unreal/Fumec_DevGames/Saved/InimigoBaseBP7DD6CEC64807A276CD5025A3A99C755D.tmp' to 'E:/Unreal/Fumec_DevGames/Content/Inimigos/InimigoBaseBP.uasset'
[2025.12.03-20.37.24:740][263]AssetCheck: New page: Asset Save: InimigoBaseBP
[2025.12.03-20.37.24:740][263]LogContentValidation: Display: Validating Blueprint /Game/Inimigos/InimigoBaseBP.InimigoBaseBP
[2025.12.03-20.37.24:921][266]LogTemp: Repeating last play command: Selected Viewport
[2025.12.03-20.37.24:935][266]LogPlayLevel: PlayLevel: No blueprints needed recompiling
[2025.12.03-20.37.24:936][266]PIE: New page: PIE session: Mapa1 (Dec 3, 2025, 2:37:24 PM)
[2025.12.03-20.37.24:936][266]LogPlayLevel: Creating play world package: /Game/Mapas/Fases/Mapas/UEDPIE_0_Mapa1
[2025.12.03-20.37.24:972][266]LogPlayLevel: PIE: StaticDuplicateObject took: (0.036451s)
[2025.12.03-20.37.24:974][266]LogAIModule: Creating AISystem for world Mapa1
[2025.12.03-20.37.24:974][266]LogPlayLevel: PIE: World Init took: (0.002150s)
[2025.12.03-20.37.24:974][266]LogPlayLevel: PIE: Created PIE world by copying editor world from /Game/Mapas/Fases/Mapas/Mapa1.Mapa1 to /Game/Mapas/Fases/Mapas/UEDPIE_0_Mapa1.Mapa1 (0.038957s)
[2025.12.03-20.37.25:067][266]LogUObjectHash: Compacting FUObjectHashTables data took   8.56ms
[2025.12.03-20.37.25:068][266]LogAudio: Display: Creating Audio Device:                 Id: 7, Scope: Unique, Realtime: True
[2025.12.03-20.37.25:068][266]LogAudioMixer: Display: Audio Mixer Platform Settings:
[2025.12.03-20.37.25:068][266]LogAudioMixer: Display: 	Sample Rate:						  48000
[2025.12.03-20.37.25:068][266]LogAudioMixer: Display: 	Callback Buffer Frame Size Requested: 1024
[2025.12.03-20.37.25:068][266]LogAudioMixer: Display: 	Callback Buffer Frame Size To Use:	  1024
[2025.12.03-20.37.25:068][266]LogAudioMixer: Display: 	Number of buffers to queue:			  2
[2025.12.03-20.37.25:068][266]LogAudioMixer: Display: 	Max Channels (voices):				  32
[2025.12.03-20.37.25:068][266]LogAudioMixer: Display: 	Number of Async Source Workers:		  0
[2025.12.03-20.37.25:068][266]LogAudio: Display: AudioDevice MaxSources: 32
[2025.12.03-20.37.25:069][266]LogAudio: Display: Audio Spatialization Plugin: None (built-in).
[2025.12.03-20.37.25:069][266]LogAudio: Display: Audio Reverb Plugin: None (built-in).
[2025.12.03-20.37.25:069][266]LogAudio: Display: Audio Occlusion Plugin: None (built-in).
[2025.12.03-20.37.25:069][266]LogAudioMixer: Display: Initializing audio mixer.
[2025.12.03-20.37.25:080][266]LogAudioMixer: Display: 0: FrontLeft
[2025.12.03-20.37.25:080][266]LogAudioMixer: Display: 1: FrontRight
[2025.12.03-20.37.25:094][266]LogAudioMixer: Display: Using Audio Device Alto-falantes (Realtek(R) Audio)
[2025.12.03-20.37.25:094][266]LogAudioMixer: Display: Initializing Sound Submixes...
[2025.12.03-20.37.25:094][266]LogAudioMixer: Display: Creating Master Submix 'MasterSubmixDefault'
[2025.12.03-20.37.25:094][266]LogAudioMixer: Display: Creating Master Submix 'MasterReverbSubmixDefault'
[2025.12.03-20.37.25:095][266]LogAudioMixer: Display: Creating Master Submix 'MasterEQSubmixDefault'
[2025.12.03-20.37.25:095][266]LogAudioMixer: FMixerPlatformXAudio2::StartAudioStream() called
[2025.12.03-20.37.25:095][266]LogAudioMixer: Display: Output buffers initialized: Frames=1024, Channels=2, Samples=2048
[2025.12.03-20.37.25:099][266]LogAudioMixer: Display: Starting AudioMixerPlatformInterface::RunInternal()
[2025.12.03-20.37.25:099][266]LogAudioMixer: Display: FMixerPlatformXAudio2::SubmitBuffer() called for the first time
[2025.12.03-20.37.25:099][266]LogInit: FAudioDevice initialized.
[2025.12.03-20.37.25:099][266]LogAudio: Display: Audio Device (ID: 7) registered with world 'Mapa1'.
[2025.12.03-20.37.25:166][266]LogSlate: Updating window title bar state: overlay mode, drag disabled, window buttons hidden, title bar hidden
[2025.12.03-20.37.25:166][266]LogLoad: Game class is 'GameModeRL_C'
[2025.12.03-20.37.25:172][266]LogWorld: Bringing World /Game/Mapas/Fases/Mapas/UEDPIE_0_Mapa1.Mapa1 up for play (max tick rate 60) at 2025.12.03-17.37.25
[2025.12.03-20.37.25:174][266]LogWorld: Bringing up level for play took: 0.005226
[2025.12.03-20.37.25:175][266]LogOnline: OSS: Creating online subsystem instance for: :Context_19
[2025.12.03-20.37.25:189][266]PIE: Server logged in
[2025.12.03-20.37.25:195][266]PIE: Play in editor total start time 0.262 seconds.
[2025.12.03-20.37.25:783][280]LogBlueprintUserMessages: [Player_BP_C_0] 1.0
[2025.12.03-20.37.27:946][345]LogBlueprintUserMessages: [Player_BP_C_0] 1.0
[2025.12.03-20.37.28:611][365]LogBlueprintUserMessages: [Player_BP_C_0] 1.0
[2025.12.03-20.37.29:811][401]LogBlueprintUserMessages: [Player_BP_C_0] 1.0
[2025.12.03-20.37.32:411][479]LogBlueprintUserMessages: [Player_BP_C_0] 1.0
[2025.12.03-20.37.33:311][506]LogBlueprintUserMessages: [Player_BP_C_0] 1.0
[2025.12.03-20.37.34:009][527]LogBlueprintUserMessages: [Player_BP_C_0] 1.0
[2025.12.03-20.37.36:977][616]LogBlueprintUserMessages: [Player_BP_C_0] 1.0
[2025.12.03-20.37.38:544][663]LogBlueprintUserMessages: [Player_BP_C_0] 1.0
[2025.12.03-20.37.39:045][678]LogBlueprintUserMessages: [Player_BP_C_0] 1.0
[2025.12.03-20.37.40:244][714]LogBlueprintUserMessages: [Player_BP_C_0] 1.0
[2025.12.03-20.37.40:443][720]LogBlueprintUserMessages: [Player_BP_C_0] 1.0
[2025.12.03-20.37.40:711][728]LogBlueprintUserMessages: [Player_BP_C_0] 1.0
[2025.12.03-20.37.40:877][733]LogBlueprintUserMessages: [Player_BP_C_0] 1.0
[2025.12.03-20.37.41:644][756]LogBlueprintUserMessages: [Player_BP_C_0] 1.0
[2025.12.03-20.37.42:276][775]LogBlueprintUserMessages: [Player_BP_C_0] 1.0
[2025.12.03-20.37.42:809][791]LogBlueprintUserMessages: [Player_BP_C_0] 1.0
[2025.12.03-20.37.44:174][831]LogSlate: Updating window title bar state: overlay mode, drag disabled, window buttons hidden, title bar hidden
[2025.12.03-20.37.44:174][831]LogWorld: BeginTearingDown for /Game/Mapas/Fases/Mapas/UEDPIE_0_Mapa1
[2025.12.03-20.37.44:176][831]LogSlate: Window 'ColunaDoendoSamurai Preview [NetMode: Standalone]  (64-bit/Windows) ' being destroyed
[2025.12.03-20.37.44:192][831]LogWorld: UWorld::CleanupWorld for Mapa1, bSessionEnded=true, bCleanupResources=true
[2025.12.03-20.37.44:193][831]LogSlate: InvalidateAllWidgets triggered.  All widgets were invalidated
[2025.12.03-20.37.44:209][831]LogPlayLevel: Display: Shutting down PIE online subsystems
[2025.12.03-20.37.44:224][831]LogSlate: InvalidateAllWidgets triggered.  All widgets were invalidated
[2025.12.03-20.37.44:316][831]LogAudioMixer: FMixerPlatformXAudio2::StopAudioStream() called
[2025.12.03-20.37.44:318][831]LogAudioMixer: FMixerPlatformXAudio2::StopAudioStream() called
[2025.12.03-20.37.44:341][831]LogUObjectHash: Compacting FUObjectHashTables data took   6.07ms
[2025.12.03-20.37.44:392][832]LogPlayLevel: Display: Destroying online subsystem :Context_19
[2025.12.03-20.37.45:070][861]LogTemp: Repeating last play command: Selected Viewport
[2025.12.03-20.37.45:084][861]LogPlayLevel: PlayLevel: No blueprints needed recompiling
[2025.12.03-20.37.45:084][861]PIE: New page: PIE session: Mapa1 (Dec 3, 2025, 2:37:45 PM)
[2025.12.03-20.37.45:085][861]LogPlayLevel: Creating play world package: /Game/Mapas/Fases/Mapas/UEDPIE_0_Mapa1
[2025.12.03-20.37.45:121][861]LogPlayLevel: PIE: StaticDuplicateObject took: (0.036184s)
[2025.12.03-20.37.45:122][861]LogAIModule: Creating AISystem for world Mapa1
[2025.12.03-20.37.45:123][861]LogPlayLevel: PIE: World Init took: (0.002289s)
[2025.12.03-20.37.45:123][861]LogPlayLevel: PIE: Created PIE world by copying editor world from /Game/Mapas/Fases/Mapas/Mapa1.Mapa1 to /Game/Mapas/Fases/Mapas/UEDPIE_0_Mapa1.Mapa1 (0.038860s)
[2025.12.03-20.37.45:210][861]LogUObjectHash: Compacting FUObjectHashTables data took   4.87ms
[2025.12.03-20.37.45:210][861]LogAudio: Display: Creating Audio Device:                 Id: 8, Scope: Unique, Realtime: True
[2025.12.03-20.37.45:211][861]LogAudioMixer: Display: Audio Mixer Platform Settings:
[2025.12.03-20.37.45:211][861]LogAudioMixer: Display: 	Sample Rate:						  48000
[2025.12.03-20.37.45:211][861]LogAudioMixer: Display: 	Callback Buffer Frame Size Requested: 1024
[2025.12.03-20.37.45:211][861]LogAudioMixer: Display: 	Callback Buffer Frame Size To Use:	  1024
[2025.12.03-20.37.45:211][861]LogAudioMixer: Display: 	Number of buffers to queue:			  2
[2025.12.03-20.37.45:211][861]LogAudioMixer: Display: 	Max Channels (voices):				  32
[2025.12.03-20.37.45:211][861]LogAudioMixer: Display: 	Number of Async Source Workers:		  0
[2025.12.03-20.37.45:211][861]LogAudio: Display: AudioDevice MaxSources: 32
[2025.12.03-20.37.45:212][861]LogAudio: Display: Audio Spatialization Plugin: None (built-in).
[2025.12.03-20.37.45:212][861]LogAudio: Display: Audio Reverb Plugin: None (built-in).
[2025.12.03-20.37.45:212][861]LogAudio: Display: Audio Occlusion Plugin: None (built-in).
[2025.12.03-20.37.45:212][861]LogAudioMixer: Display: Initializing audio mixer.
[2025.12.03-20.37.45:223][861]LogAudioMixer: Display: 0: FrontLeft
[2025.12.03-20.37.45:223][861]LogAudioMixer: Display: 1: FrontRight
[2025.12.03-20.37.45:236][861]LogAudioMixer: Display: Using Audio Device Alto-falantes (Realtek(R) Audio)
[2025.12.03-20.37.45:238][861]LogAudioMixer: Display: Initializing Sound Submixes...
[2025.12.03-20.37.45:238][861]LogAudioMixer: Display: Creating Master Submix 'MasterSubmixDefault'
[2025.12.03-20.37.45:238][861]LogAudioMixer: Display: Creating Master Submix 'MasterReverbSubmixDefault'
[2025.12.03-20.37.45:239][861]LogAudioMixer: Display: Creating Master Submix 'MasterEQSubmixDefault'
[2025.12.03-20.37.45:239][861]LogAudioMixer: FMixerPlatformXAudio2::StartAudioStream() called
[2025.12.03-20.37.45:239][861]LogAudioMixer: Display: Output buffers initialized: Frames=1024, Channels=2, Samples=2048
[2025.12.03-20.37.45:241][861]LogAudioMixer: Display: Starting AudioMixerPlatformInterface::RunInternal()
[2025.12.03-20.37.45:241][861]LogAudioMixer: Display: FMixerPlatformXAudio2::SubmitBuffer() called for the first time
[2025.12.03-20.37.45:241][861]LogInit: FAudioDevice initialized.
[2025.12.03-20.37.45:242][861]LogAudio: Display: Audio Device (ID: 8) registered with world 'Mapa1'.
[2025.12.03-20.37.45:307][861]LogSlate: Updating window title bar state: overlay mode, drag disabled, window buttons hidden, title bar hidden
[2025.12.03-20.37.45:308][861]LogLoad: Game class is 'GameModeRL_C'
[2025.12.03-20.37.45:313][861]LogWorld: Bringing World /Game/Mapas/Fases/Mapas/UEDPIE_0_Mapa1.Mapa1 up for play (max tick rate 60) at 2025.12.03-17.37.45
[2025.12.03-20.37.45:314][861]LogWorld: Bringing up level for play took: 0.005734
[2025.12.03-20.37.45:316][861]LogOnline: OSS: Creating online subsystem instance for: :Context_20
[2025.12.03-20.37.45:330][861]PIE: Server logged in
[2025.12.03-20.37.45:336][861]PIE: Play in editor total start time 0.254 seconds.
[2025.12.03-20.37.45:412][862]LogBlueprintUserMessages: [Player_BP_C_0] 1.0
[2025.12.03-20.37.46:893][906]LogBlueprintUserMessages: [Player_BP_C_0] 1.0
[2025.12.03-20.37.47:392][921]LogBlueprintUserMessages: [Player_BP_C_0] 1.0
[2025.12.03-20.37.48:425][952]LogBlueprintUserMessages: [Player_BP_C_0] 1.0
[2025.12.03-20.37.49:159][974]LogBlueprintUserMessages: [Player_BP_C_0] 1.0
[2025.12.03-20.37.50:192][  5]LogBlueprintUserMessages: [Player_BP_C_0] 1.0
[2025.12.03-20.37.50:992][ 29]LogBlueprintUserMessages: [Player_BP_C_0] 1.0
[2025.12.03-20.37.52:428][ 72]LogBlueprintUserMessages: [Player_BP_C_0] 1.0
[2025.12.03-20.37.53:127][ 93]LogBlueprintUserMessages: [Player_BP_C_0] 1.0
[2025.12.03-20.37.53:860][115]LogBlueprintUserMessages: [Player_BP_C_0] 1.0
[2025.12.03-20.37.54:659][139]LogBlueprintUserMessages: [Player_BP_C_0] 1.0
[2025.12.03-20.37.56:874][202]LogSlate: Updating window title bar state: overlay mode, drag disabled, window buttons hidden, title bar hidden
[2025.12.03-20.37.56:874][202]LogWorld: BeginTearingDown for /Game/Mapas/Fases/Mapas/UEDPIE_0_Mapa1
[2025.12.03-20.37.56:875][202]LogSlate: Window 'ColunaDoendoSamurai Preview [NetMode: Standalone]  (64-bit/Windows) ' being destroyed
[2025.12.03-20.37.56:893][202]LogWorld: UWorld::CleanupWorld for Mapa1, bSessionEnded=true, bCleanupResources=true
[2025.12.03-20.37.56:894][202]LogSlate: InvalidateAllWidgets triggered.  All widgets were invalidated
[2025.12.03-20.37.56:914][202]LogPlayLevel: Display: Shutting down PIE online subsystems
[2025.12.03-20.37.56:932][202]LogSlate: InvalidateAllWidgets triggered.  All widgets were invalidated
[2025.12.03-20.37.57:018][202]LogAudioMixer: FMixerPlatformXAudio2::StopAudioStream() called
[2025.12.03-20.37.57:021][202]LogAudioMixer: FMixerPlatformXAudio2::StopAudioStream() called
[2025.12.03-20.37.57:039][202]LogUObjectHash: Compacting FUObjectHashTables data took   5.34ms
[2025.12.03-20.37.57:088][203]LogPlayLevel: Display: Destroying online subsystem :Context_20
[2025.12.03-20.38.01:292][377]BlueprintLog: New page: Compile InimigoBaseBP
[2025.12.03-20.38.01:531][377]LogUObjectHash: Compacting FUObjectHashTables data took   6.66ms
[2025.12.03-20.38.01:687][377]Cmd: OBJ SAVEPACKAGE PACKAGE="/Game/Inimigos/InimigoBaseBP" FILE="E:/Unreal/Fumec_DevGames/Content/Inimigos/InimigoBaseBP.uasset" SILENT=true
[2025.12.03-20.38.01:784][377]LogSavePackage: Moving 'E:/Unreal/Fumec_DevGames/Saved/InimigoBaseBP6A4F0EB24C40EF7DE640C387E1632B5F.tmp' to 'E:/Unreal/Fumec_DevGames/Content/Inimigos/InimigoBaseBP.uasset'
[2025.12.03-20.38.01:835][377]AssetCheck: New page: Asset Save: InimigoBaseBP
[2025.12.03-20.38.01:835][377]LogContentValidation: Display: Validating Blueprint /Game/Inimigos/InimigoBaseBP.InimigoBaseBP
[2025.12.03-20.40.34:165][440]LogSlate: Took 0.018623 seconds to synchronously load lazily loaded font '../../../Engine/Content/Slate/Fonts/Roboto-BoldCondensedItalic.ttf' (160K)
[2025.12.03-20.40.38:705][562]BlueprintLog: New page: Compile InimigoBaseBP
[2025.12.03-20.40.38:960][562]LogUObjectHash: Compacting FUObjectHashTables data took   8.27ms
[2025.12.03-20.40.39:132][562]Cmd: OBJ SAVEPACKAGE PACKAGE="/Game/Inimigos/InimigoBaseBP" FILE="E:/Unreal/Fumec_DevGames/Content/Inimigos/InimigoBaseBP.uasset" SILENT=true
[2025.12.03-20.40.39:234][562]LogSavePackage: Moving 'E:/Unreal/Fumec_DevGames/Saved/InimigoBaseBPAFBDE98D445BAC24EC42C59AC2DBD834.tmp' to 'E:/Unreal/Fumec_DevGames/Content/Inimigos/InimigoBaseBP.uasset'
[2025.12.03-20.40.39:285][562]AssetCheck: New page: Asset Save: InimigoBaseBP
[2025.12.03-20.40.39:285][562]LogContentValidation: Display: Validating Blueprint /Game/Inimigos/InimigoBaseBP.InimigoBaseBP
[2025.12.03-20.40.39:630][567]Cmd: OBJ SAVEPACKAGE PACKAGE="/Game/Inimigos/InimigoBaseBP" FILE="E:/Unreal/Fumec_DevGames/Content/Inimigos/InimigoBaseBP.uasset" SILENT=true
[2025.12.03-20.40.39:731][567]LogSavePackage: Moving 'E:/Unreal/Fumec_DevGames/Saved/InimigoBaseBP4DF579234D203B006588C397C737C572.tmp' to 'E:/Unreal/Fumec_DevGames/Content/Inimigos/InimigoBaseBP.uasset'
[2025.12.03-20.40.39:777][567]AssetCheck: New page: Asset Save: InimigoBaseBP
[2025.12.03-20.40.39:777][567]LogContentValidation: Display: Validating Blueprint /Game/Inimigos/InimigoBaseBP.InimigoBaseBP
[2025.12.03-20.40.42:619][656]LogEditorViewport: Clicking on Actor (LMB): PlayerStart (Player Start)
[2025.12.03-20.41.21:503][844]BlueprintLog: New page: Compile InimigoBaseBP
[2025.12.03-20.41.21:759][844]LogUObjectHash: Compacting FUObjectHashTables data took   7.41ms
[2025.12.03-20.41.21:929][844]Cmd: OBJ SAVEPACKAGE PACKAGE="/Game/Inimigos/InimigoBaseBP" FILE="E:/Unreal/Fumec_DevGames/Content/Inimigos/InimigoBaseBP.uasset" SILENT=true
[2025.12.03-20.41.22:027][844]LogSavePackage: Moving 'E:/Unreal/Fumec_DevGames/Saved/InimigoBaseBP49AE087E42784A65B57827869619847F.tmp' to 'E:/Unreal/Fumec_DevGames/Content/Inimigos/InimigoBaseBP.uasset'
[2025.12.03-20.41.22:079][844]AssetCheck: New page: Asset Save: InimigoBaseBP
[2025.12.03-20.41.22:079][844]LogContentValidation: Display: Validating Blueprint /Game/Inimigos/InimigoBaseBP.InimigoBaseBP
[2025.12.03-20.41.23:621][906]LogTemp: Repeating last play command: Selected Viewport
[2025.12.03-20.41.23:636][906]LogPlayLevel: PlayLevel: No blueprints needed recompiling
[2025.12.03-20.41.23:636][906]PIE: New page: PIE session: Mapa1 (Dec 3, 2025, 2:41:23 PM)
[2025.12.03-20.41.23:636][906]LogPlayLevel: Creating play world package: /Game/Mapas/Fases/Mapas/UEDPIE_0_Mapa1
[2025.12.03-20.41.23:674][906]LogPlayLevel: PIE: StaticDuplicateObject took: (0.037769s)
[2025.12.03-20.41.23:675][906]LogAIModule: Creating AISystem for world Mapa1
[2025.12.03-20.41.23:677][906]LogPlayLevel: PIE: World Init took: (0.002265s)
[2025.12.03-20.41.23:677][906]LogPlayLevel: PIE: Created PIE world by copying editor world from /Game/Mapas/Fases/Mapas/Mapa1.Mapa1 to /Game/Mapas/Fases/Mapas/UEDPIE_0_Mapa1.Mapa1 (0.040380s)
[2025.12.03-20.41.23:768][906]LogUObjectHash: Compacting FUObjectHashTables data took   8.39ms
[2025.12.03-20.41.23:770][906]LogAudio: Display: Creating Audio Device:                 Id: 9, Scope: Unique, Realtime: True
[2025.12.03-20.41.23:770][906]LogAudioMixer: Display: Audio Mixer Platform Settings:
[2025.12.03-20.41.23:770][906]LogAudioMixer: Display: 	Sample Rate:						  48000
[2025.12.03-20.41.23:770][906]LogAudioMixer: Display: 	Callback Buffer Frame Size Requested: 1024
[2025.12.03-20.41.23:770][906]LogAudioMixer: Display: 	Callback Buffer Frame Size To Use:	  1024
[2025.12.03-20.41.23:770][906]LogAudioMixer: Display: 	Number of buffers to queue:			  2
[2025.12.03-20.41.23:770][906]LogAudioMixer: Display: 	Max Channels (voices):				  32
[2025.12.03-20.41.23:770][906]LogAudioMixer: Display: 	Number of Async Source Workers:		  0
[2025.12.03-20.41.23:770][906]LogAudio: Display: AudioDevice MaxSources: 32
[2025.12.03-20.41.23:771][906]LogAudio: Display: Audio Spatialization Plugin: None (built-in).
[2025.12.03-20.41.23:771][906]LogAudio: Display: Audio Reverb Plugin: None (built-in).
[2025.12.03-20.41.23:771][906]LogAudio: Display: Audio Occlusion Plugin: None (built-in).
[2025.12.03-20.41.23:771][906]LogAudioMixer: Display: Initializing audio mixer.
[2025.12.03-20.41.23:782][906]LogAudioMixer: Display: 0: FrontLeft
[2025.12.03-20.41.23:782][906]LogAudioMixer: Display: 1: FrontRight
[2025.12.03-20.41.23:798][906]LogAudioMixer: Display: Using Audio Device Alto-falantes (Realtek(R) Audio)
[2025.12.03-20.41.23:798][906]LogAudioMixer: Display: Initializing Sound Submixes...
[2025.12.03-20.41.23:798][906]LogAudioMixer: Display: Creating Master Submix 'MasterSubmixDefault'
[2025.12.03-20.41.23:799][906]LogAudioMixer: Display: Creating Master Submix 'MasterReverbSubmixDefault'
[2025.12.03-20.41.23:799][906]LogAudioMixer: Display: Creating Master Submix 'MasterEQSubmixDefault'
[2025.12.03-20.41.23:800][906]LogAudioMixer: FMixerPlatformXAudio2::StartAudioStream() called
[2025.12.03-20.41.23:800][906]LogAudioMixer: Display: Output buffers initialized: Frames=1024, Channels=2, Samples=2048
[2025.12.03-20.41.23:803][906]LogAudioMixer: Display: Starting AudioMixerPlatformInterface::RunInternal()
[2025.12.03-20.41.23:804][906]LogAudioMixer: Display: FMixerPlatformXAudio2::SubmitBuffer() called for the first time
[2025.12.03-20.41.23:804][906]LogInit: FAudioDevice initialized.
[2025.12.03-20.41.23:804][906]LogAudio: Display: Audio Device (ID: 9) registered with world 'Mapa1'.
[2025.12.03-20.41.23:870][906]LogSlate: Updating window title bar state: overlay mode, drag disabled, window buttons hidden, title bar hidden
[2025.12.03-20.41.23:871][906]LogLoad: Game class is 'GameModeRL_C'
[2025.12.03-20.41.23:877][906]LogWorld: Bringing World /Game/Mapas/Fases/Mapas/UEDPIE_0_Mapa1.Mapa1 up for play (max tick rate 0) at 2025.12.03-17.41.23
[2025.12.03-20.41.23:879][906]LogWorld: Bringing up level for play took: 0.006183
[2025.12.03-20.41.23:880][906]LogOnline: OSS: Creating online subsystem instance for: :Context_21
[2025.12.03-20.41.23:896][906]PIE: Server logged in
[2025.12.03-20.41.23:901][906]PIE: Play in editor total start time 0.267 seconds.
[2025.12.03-20.41.24:446][919]LogBlueprintUserMessages: [Player_BP_C_0] 1.0
[2025.12.03-20.41.25:173][941]LogBlueprintUserMessages: [Player_BP_C_0] 1.0
[2025.12.03-20.41.25:739][958]LogBlueprintUserMessages: [Player_BP_C_0] 1.0
[2025.12.03-20.41.26:671][986]LogBlueprintUserMessages: [Player_BP_C_0] 1.0
[2025.12.03-20.41.27:404][  8]LogBlueprintUserMessages: [Player_BP_C_0] 1.0
[2025.12.03-20.41.28:339][ 36]LogBlueprintUserMessages: [Player_BP_C_0] 1.0
[2025.12.03-20.41.28:905][ 53]LogBlueprintUserMessages: [Player_BP_C_0] 1.0
[2025.12.03-20.41.29:341][ 66]LogBlueprintUserMessages: [Player_BP_C_0] 1.0
[2025.12.03-20.41.30:005][ 86]LogBlueprintUserMessages: [Player_BP_C_0] 1.0
[2025.12.03-20.41.30:771][109]LogBlueprintUserMessages: [Player_BP_C_0] 1.0
[2025.12.03-20.41.31:971][145]LogBlueprintUserMessages: [Player_BP_C_0] 1.0
[2025.12.03-20.41.32:572][163]LogBlueprintUserMessages: [Player_BP_C_0] 1.0
[2025.12.03-20.41.33:672][196]LogBlueprintUserMessages: [Player_BP_C_0] 1.0
[2025.12.03-20.41.34:338][216]LogBlueprintUserMessages: [Player_BP_C_0] 1.0
[2025.12.03-20.41.35:005][236]LogBlueprintUserMessages: [Player_BP_C_0] 1.0
[2025.12.03-20.41.35:839][261]LogBlueprintUserMessages: [Player_BP_C_0] 1.0
[2025.12.03-20.41.36:240][273]LogBlueprintUserMessages: [Player_BP_C_0] 1.0
[2025.12.03-20.41.36:638][285]LogBlueprintUserMessages: [Player_BP_C_0] 1.0
[2025.12.03-20.41.37:473][310]LogBlueprintUserMessages: [Player_BP_C_0] 1.0
[2025.12.03-20.41.38:138][330]LogBlueprintUserMessages: [Player_BP_C_0] 1.0
[2025.12.03-20.41.38:705][347]LogBlueprintUserMessages: [Player_BP_C_0] 1.0
[2025.12.03-20.41.41:964][444]LogSlate: Updating window title bar state: overlay mode, drag disabled, window buttons hidden, title bar hidden
[2025.12.03-20.41.41:964][444]LogWorld: BeginTearingDown for /Game/Mapas/Fases/Mapas/UEDPIE_0_Mapa1
[2025.12.03-20.41.41:965][444]LogSlate: Window 'ColunaDoendoSamurai Preview [NetMode: Standalone]  (64-bit/Windows) ' being destroyed
[2025.12.03-20.41.41:986][444]LogWorld: UWorld::CleanupWorld for Mapa1, bSessionEnded=true, bCleanupResources=true
[2025.12.03-20.41.41:987][444]LogSlate: InvalidateAllWidgets triggered.  All widgets were invalidated
[2025.12.03-20.41.42:005][444]LogPlayLevel: Display: Shutting down PIE online subsystems
[2025.12.03-20.41.42:047][444]LogSlate: InvalidateAllWidgets triggered.  All widgets were invalidated
[2025.12.03-20.41.42:133][444]LogAudio: Display: Audio Device unregistered from world 'None'.
[2025.12.03-20.41.42:134][444]LogAudioMixer: FMixerPlatformXAudio2::StopAudioStream() called
[2025.12.03-20.41.42:137][444]LogAudioMixer: FMixerPlatformXAudio2::StopAudioStream() called
[2025.12.03-20.41.42:151][444]LogUObjectHash: Compacting FUObjectHashTables data took   6.48ms
[2025.12.03-20.41.42:220][445]LogPlayLevel: Display: Destroying online subsystem :Context_21
[2025.12.03-20.41.42:893][474]LogTemp: Repeating last play command: Selected Viewport
[2025.12.03-20.41.42:908][474]LogPlayLevel: PlayLevel: No blueprints needed recompiling
[2025.12.03-20.41.42:908][474]PIE: New page: PIE session: Mapa1 (Dec 3, 2025, 2:41:42 PM)
[2025.12.03-20.41.42:909][474]LogPlayLevel: Creating play world package: /Game/Mapas/Fases/Mapas/UEDPIE_0_Mapa1
[2025.12.03-20.41.42:961][474]LogPlayLevel: PIE: StaticDuplicateObject took: (0.052471s)
[2025.12.03-20.41.42:963][474]LogAIModule: Creating AISystem for world Mapa1
[2025.12.03-20.41.42:963][474]LogPlayLevel: PIE: World Init took: (0.002253s)
[2025.12.03-20.41.42:963][474]LogPlayLevel: PIE: Created PIE world by copying editor world from /Game/Mapas/Fases/Mapas/Mapa1.Mapa1 to /Game/Mapas/Fases/Mapas/UEDPIE_0_Mapa1.Mapa1 (0.055050s)
[2025.12.03-20.41.43:052][474]LogUObjectHash: Compacting FUObjectHashTables data took   5.49ms
[2025.12.03-20.41.43:052][474]LogAudio: Display: Creating Audio Device:                 Id: 10, Scope: Unique, Realtime: True
[2025.12.03-20.41.43:052][474]LogAudioMixer: Display: Audio Mixer Platform Settings:
[2025.12.03-20.41.43:052][474]LogAudioMixer: Display: 	Sample Rate:						  48000
[2025.12.03-20.41.43:052][474]LogAudioMixer: Display: 	Callback Buffer Frame Size Requested: 1024
[2025.12.03-20.41.43:052][474]LogAudioMixer: Display: 	Callback Buffer Frame Size To Use:	  1024
[2025.12.03-20.41.43:053][474]LogAudioMixer: Display: 	Number of buffers to queue:			  2
[2025.12.03-20.41.43:053][474]LogAudioMixer: Display: 	Max Channels (voices):				  32
[2025.12.03-20.41.43:053][474]LogAudioMixer: Display: 	Number of Async Source Workers:		  0
[2025.12.03-20.41.43:053][474]LogAudio: Display: AudioDevice MaxSources: 32
[2025.12.03-20.41.43:053][474]LogAudio: Display: Audio Spatialization Plugin: None (built-in).
[2025.12.03-20.41.43:054][474]LogAudio: Display: Audio Reverb Plugin: None (built-in).
[2025.12.03-20.41.43:054][474]LogAudio: Display: Audio Occlusion Plugin: None (built-in).
[2025.12.03-20.41.43:054][474]LogAudioMixer: Display: Initializing audio mixer.
[2025.12.03-20.41.43:065][474]LogAudioMixer: Display: 0: FrontLeft
[2025.12.03-20.41.43:065][474]LogAudioMixer: Display: 1: FrontRight
[2025.12.03-20.41.43:079][474]LogAudioMixer: Display: Using Audio Device Alto-falantes (Realtek(R) Audio)
[2025.12.03-20.41.43:080][474]LogAudioMixer: Display: Initializing Sound Submixes...
[2025.12.03-20.41.43:080][474]LogAudioMixer: Display: Creating Master Submix 'MasterSubmixDefault'
[2025.12.03-20.41.43:080][474]LogAudioMixer: Display: Creating Master Submix 'MasterReverbSubmixDefault'
[2025.12.03-20.41.43:081][474]LogAudioMixer: Display: Creating Master Submix 'MasterEQSubmixDefault'
[2025.12.03-20.41.43:081][474]LogAudioMixer: FMixerPlatformXAudio2::StartAudioStream() called
[2025.12.03-20.41.43:081][474]LogAudioMixer: Display: Output buffers initialized: Frames=1024, Channels=2, Samples=2048
[2025.12.03-20.41.43:084][474]LogAudioMixer: Display: Starting AudioMixerPlatformInterface::RunInternal()
[2025.12.03-20.41.43:084][474]LogAudioMixer: Display: FMixerPlatformXAudio2::SubmitBuffer() called for the first time
[2025.12.03-20.41.43:084][474]LogInit: FAudioDevice initialized.
[2025.12.03-20.41.43:084][474]LogAudio: Display: Audio Device (ID: 10) registered with world 'Mapa1'.
[2025.12.03-20.41.43:146][474]LogSlate: Updating window title bar state: overlay mode, drag disabled, window buttons hidden, title bar hidden
[2025.12.03-20.41.43:146][474]LogLoad: Game class is 'GameModeRL_C'
[2025.12.03-20.41.43:153][474]LogWorld: Bringing World /Game/Mapas/Fases/Mapas/UEDPIE_0_Mapa1.Mapa1 up for play (max tick rate 0) at 2025.12.03-17.41.43
[2025.12.03-20.41.43:154][474]LogWorld: Bringing up level for play took: 0.005552
[2025.12.03-20.41.43:155][474]LogOnline: OSS: Creating online subsystem instance for: :Context_22
[2025.12.03-20.41.43:171][474]PIE: Server logged in
[2025.12.03-20.41.43:176][474]PIE: Play in editor total start time 0.27 seconds.
[2025.12.03-20.41.43:385][477]LogBlueprintUserMessages: [Player_BP_C_0] 1.0
[2025.12.03-20.41.44:219][502]LogBlueprintUserMessages: [Player_BP_C_0] 1.0
[2025.12.03-20.41.44:850][521]LogBlueprintUserMessages: [Player_BP_C_0] 1.0
[2025.12.03-20.41.46:020][556]LogBlueprintUserMessages: [Player_BP_C_0] 1.0
[2025.12.03-20.41.52:018][736]LogBlueprintUserMessages: [Player_BP_C_0] 1.0
[2025.12.03-20.41.52:653][755]LogBlueprintUserMessages: [Player_BP_C_0] 1.0
[2025.12.03-20.41.53:517][781]LogBlueprintUserMessages: [Player_BP_C_0] 1.0
[2025.12.03-20.41.54:818][820]LogBlueprintUserMessages: [Player_BP_C_0] 1.0
[2025.12.03-20.41.55:384][837]LogBlueprintUserMessages: [Player_BP_C_0] 1.0
[2025.12.03-20.41.56:051][857]LogBlueprintUserMessages: [Player_BP_C_0] 1.0
[2025.12.03-20.41.56:551][872]LogBlueprintUserMessages: [Player_BP_C_0] 1.0
[2025.12.03-20.42.00:793][998]LogSlate: Updating window title bar state: overlay mode, drag disabled, window buttons hidden, title bar hidden
[2025.12.03-20.42.00:794][998]LogWorld: BeginTearingDown for /Game/Mapas/Fases/Mapas/UEDPIE_0_Mapa1
[2025.12.03-20.42.00:795][998]LogSlate: Window 'ColunaDoendoSamurai Preview [NetMode: Standalone]  (64-bit/Windows) ' being destroyed
[2025.12.03-20.42.00:811][998]LogWorld: UWorld::CleanupWorld for Mapa1, bSessionEnded=true, bCleanupResources=true
[2025.12.03-20.42.00:812][998]LogSlate: InvalidateAllWidgets triggered.  All widgets were invalidated
[2025.12.03-20.42.00:831][998]LogPlayLevel: Display: Shutting down PIE online subsystems
[2025.12.03-20.42.00:868][998]LogSlate: InvalidateAllWidgets triggered.  All widgets were invalidated
[2025.12.03-20.42.00:959][998]LogAudioMixer: FMixerPlatformXAudio2::StopAudioStream() called
[2025.12.03-20.42.00:962][998]LogAudioMixer: FMixerPlatformXAudio2::StopAudioStream() called
[2025.12.03-20.42.00:980][998]LogUObjectHash: Compacting FUObjectHashTables data took   5.59ms
[2025.12.03-20.42.01:041][999]LogPlayLevel: Display: Destroying online subsystem :Context_22
[2025.12.03-20.42.06:467][291]LogTemp: Repeating last play command: Selected Viewport
[2025.12.03-20.42.06:483][291]LogPlayLevel: PlayLevel: No blueprints needed recompiling
[2025.12.03-20.42.06:483][291]PIE: New page: PIE session: Mapa1 (Dec 3, 2025, 2:42:06 PM)
[2025.12.03-20.42.06:483][291]LogPlayLevel: Creating play world package: /Game/Mapas/Fases/Mapas/UEDPIE_0_Mapa1
[2025.12.03-20.42.06:520][291]LogPlayLevel: PIE: StaticDuplicateObject took: (0.036169s)
[2025.12.03-20.42.06:522][291]LogAIModule: Creating AISystem for world Mapa1
[2025.12.03-20.42.06:522][291]LogPlayLevel: PIE: World Init took: (0.002213s)
[2025.12.03-20.42.06:522][291]LogPlayLevel: PIE: Created PIE world by copying editor world from /Game/Mapas/Fases/Mapas/Mapa1.Mapa1 to /Game/Mapas/Fases/Mapas/UEDPIE_0_Mapa1.Mapa1 (0.038729s)
[2025.12.03-20.42.06:615][291]LogUObjectHash: Compacting FUObjectHashTables data took   4.90ms
[2025.12.03-20.42.06:616][291]LogAudio: Display: Creating Audio Device:                 Id: 11, Scope: Unique, Realtime: True
[2025.12.03-20.42.06:616][291]LogAudioMixer: Display: Audio Mixer Platform Settings:
[2025.12.03-20.42.06:616][291]LogAudioMixer: Display: 	Sample Rate:						  48000
[2025.12.03-20.42.06:616][291]LogAudioMixer: Display: 	Callback Buffer Frame Size Requested: 1024
[2025.12.03-20.42.06:616][291]LogAudioMixer: Display: 	Callback Buffer Frame Size To Use:	  1024
[2025.12.03-20.42.06:616][291]LogAudioMixer: Display: 	Number of buffers to queue:			  2
[2025.12.03-20.42.06:616][291]LogAudioMixer: Display: 	Max Channels (voices):				  32
[2025.12.03-20.42.06:616][291]LogAudioMixer: Display: 	Number of Async Source Workers:		  0
[2025.12.03-20.42.06:616][291]LogAudio: Display: AudioDevice MaxSources: 32
[2025.12.03-20.42.06:617][291]LogAudio: Display: Audio Spatialization Plugin: None (built-in).
[2025.12.03-20.42.06:617][291]LogAudio: Display: Audio Reverb Plugin: None (built-in).
[2025.12.03-20.42.06:617][291]LogAudio: Display: Audio Occlusion Plugin: None (built-in).
[2025.12.03-20.42.06:617][291]LogAudioMixer: Display: Initializing audio mixer.
[2025.12.03-20.42.06:628][291]LogAudioMixer: Display: 0: FrontLeft
[2025.12.03-20.42.06:628][291]LogAudioMixer: Display: 1: FrontRight
[2025.12.03-20.42.06:643][291]LogAudioMixer: Display: Using Audio Device Alto-falantes (Realtek(R) Audio)
[2025.12.03-20.42.06:644][291]LogAudioMixer: Display: Initializing Sound Submixes...
[2025.12.03-20.42.06:644][291]LogAudioMixer: Display: Creating Master Submix 'MasterSubmixDefault'
[2025.12.03-20.42.06:644][291]LogAudioMixer: Display: Creating Master Submix 'MasterReverbSubmixDefault'
[2025.12.03-20.42.06:645][291]LogAudioMixer: Display: Creating Master Submix 'MasterEQSubmixDefault'
[2025.12.03-20.42.06:645][291]LogAudioMixer: FMixerPlatformXAudio2::StartAudioStream() called
[2025.12.03-20.42.06:645][291]LogAudioMixer: Display: Output buffers initialized: Frames=1024, Channels=2, Samples=2048
[2025.12.03-20.42.06:647][291]LogAudioMixer: Display: Starting AudioMixerPlatformInterface::RunInternal()
[2025.12.03-20.42.06:648][291]LogAudioMixer: Display: FMixerPlatformXAudio2::SubmitBuffer() called for the first time
[2025.12.03-20.42.06:648][291]LogInit: FAudioDevice initialized.
[2025.12.03-20.42.06:648][291]LogAudio: Display: Audio Device (ID: 11) registered with world 'Mapa1'.
[2025.12.03-20.42.06:704][291]LogSlate: Updating window title bar state: overlay mode, drag disabled, window buttons hidden, title bar hidden
[2025.12.03-20.42.06:704][291]LogLoad: Game class is 'GameModeRL_C'
[2025.12.03-20.42.06:710][291]LogWorld: Bringing World /Game/Mapas/Fases/Mapas/UEDPIE_0_Mapa1.Mapa1 up for play (max tick rate 0) at 2025.12.03-17.42.06
[2025.12.03-20.42.06:711][291]LogWorld: Bringing up level for play took: 0.006083
[2025.12.03-20.42.06:712][291]LogOnline: OSS: Creating online subsystem instance for: :Context_23
[2025.12.03-20.42.06:728][291]PIE: Server logged in
[2025.12.03-20.42.06:733][291]PIE: Play in editor total start time 0.252 seconds.
[2025.12.03-20.42.06:835][292]LogBlueprintUserMessages: [Player_BP_C_0] 1.0
[2025.12.03-20.42.08:880][352]LogBlueprintUserMessages: [Player_BP_C_0] 1.0
[2025.12.03-20.42.10:146][390]LogBlueprintUserMessages: [Player_BP_C_0] 1.0
[2025.12.03-20.42.11:213][422]LogBlueprintUserMessages: [Player_BP_C_0] 1.0
[2025.12.03-20.42.12:263][452]LogSlate: Updating window title bar state: overlay mode, drag disabled, window buttons hidden, title bar hidden
[2025.12.03-20.42.12:263][452]LogWorld: BeginTearingDown for /Game/Mapas/Fases/Mapas/UEDPIE_0_Mapa1
[2025.12.03-20.42.12:264][452]LogSlate: Window 'ColunaDoendoSamurai Preview [NetMode: Standalone]  (64-bit/Windows) ' being destroyed
[2025.12.03-20.42.12:280][452]LogWorld: UWorld::CleanupWorld for Mapa1, bSessionEnded=true, bCleanupResources=true
[2025.12.03-20.42.12:282][452]LogSlate: InvalidateAllWidgets triggered.  All widgets were invalidated
[2025.12.03-20.42.12:301][452]LogPlayLevel: Display: Shutting down PIE online subsystems
[2025.12.03-20.42.12:341][452]LogSlate: InvalidateAllWidgets triggered.  All widgets were invalidated
[2025.12.03-20.42.12:430][452]LogAudioMixer: FMixerPlatformXAudio2::StopAudioStream() called
[2025.12.03-20.42.12:433][452]LogAudioMixer: FMixerPlatformXAudio2::StopAudioStream() called
[2025.12.03-20.42.12:451][452]LogUObjectHash: Compacting FUObjectHashTables data took   5.76ms
[2025.12.03-20.42.12:511][453]LogPlayLevel: Display: Destroying online subsystem :Context_23
[2025.12.03-20.42.14:860][551]BlueprintLog: New page: Compile InimigoBaseBP
[2025.12.03-20.42.15:088][551]LogUObjectHash: Compacting FUObjectHashTables data took   6.72ms
[2025.12.03-20.45.32:598][182]LogUObjectHash: Compacting FUObjectHashTables data took   7.21ms
[2025.12.03-20.45.32:672][182]Cmd: OBJ SAVEPACKAGE PACKAGE="/Game/Mapas/Fases/Mapas/Mapa1" FILE="E:/Unreal/Fumec_DevGames/Content/Mapas/Fases/Mapas/Mapa1.umap" SILENT=true AUTOSAVING=false KEEPDIRTY=false
[2025.12.03-20.45.32:759][182]LogUObjectHash: Compacting FUObjectHashTables data took   1.35ms
[2025.12.03-20.45.33:026][182]LogSavePackage: Moving 'E:/Unreal/Fumec_DevGames/Saved/Mapa1D2F45A0E4A5AD0A8D6D040A27275ACA6.tmp' to 'E:/Unreal/Fumec_DevGames/Content/Mapas/Fases/Mapas/Mapa1.umap'
[2025.12.03-20.45.33:068][182]LogFileHelpers: Saving map 'Mapa1' took 0.397
[2025.12.03-20.45.33:137][182]AssetCheck: New page: Asset Save: Mapa1
[2025.12.03-20.45.33:137][182]LogContentValidation: Display: Validating World /Game/Mapas/Fases/Mapas/Mapa1.Mapa1
[2025.12.03-20.45.36:340][241]LogAssetEditorSubsystem: Opening Asset editor for Blueprint /Game/Inimigos/InimigosProntos/Arvre/Arvre.Arvre
[2025.12.03-20.45.40:305][401]LogWorld: UWorld::CleanupWorld for World_13, bSessionEnded=true, bCleanupResources=true
[2025.12.03-20.45.40:306][401]LogSlate: InvalidateAllWidgets triggered.  All widgets were invalidated
[2025.12.03-20.45.40:440][401]LogAssetEditorSubsystem: Opening Asset editor for Blueprint /Game/Inimigos/InimigosProntos/Arvre/Arvre.Arvre
[2025.12.03-20.45.45:823][569]LogSlate: Window 'SequencerGraphEditor' being destroyed
[2025.12.03-20.45.45:870][569]LogSlate: Window 'SequencerGraphEditor' being destroyed
[2025.12.03-20.45.45:884][569]LogWorld: UWorld::CleanupWorld for World_1, bSessionEnded=true, bCleanupResources=true
[2025.12.03-20.45.45:884][569]LogSlate: InvalidateAllWidgets triggered.  All widgets were invalidated
[2025.12.03-20.45.45:908][569]LogWorld: UWorld::CleanupWorld for World_0, bSessionEnded=true, bCleanupResources=true
[2025.12.03-20.45.45:908][569]LogSlate: InvalidateAllWidgets triggered.  All widgets were invalidated
[2025.12.03-20.46.06:668][477]LogSlate: Window 'Delete Variable' being destroyed
[2025.12.03-20.46.09:073][523]BlueprintLog: New page: Compile InimigoBaseBP
[2025.12.03-20.46.09:358][523]LogUObjectHash: Compacting FUObjectHashTables data took   8.56ms
[2025.12.03-20.46.09:550][523]Cmd: OBJ SAVEPACKAGE PACKAGE="/Game/Inimigos/InimigoBaseBP" FILE="E:/Unreal/Fumec_DevGames/Content/Inimigos/InimigoBaseBP.uasset" SILENT=true
[2025.12.03-20.46.09:669][523]LogSavePackage: Moving 'E:/Unreal/Fumec_DevGames/Saved/InimigoBaseBPD4949E7343A1C3056E330EB357095E66.tmp' to 'E:/Unreal/Fumec_DevGames/Content/Inimigos/InimigoBaseBP.uasset'
[2025.12.03-20.46.09:753][523]AssetCheck: New page: Asset Save: InimigoBaseBP
[2025.12.03-20.46.09:753][523]LogContentValidation: Display: Validating Blueprint /Game/Inimigos/InimigoBaseBP.InimigoBaseBP
[2025.12.03-20.46.12:732][595]LogUObjectHash: Compacting FUObjectHashTables data took   6.82ms
[2025.12.03-20.46.12:802][595]Cmd: OBJ SAVEPACKAGE PACKAGE="/Game/Mapas/Fases/Mapas/Mapa1" FILE="E:/Unreal/Fumec_DevGames/Content/Mapas/Fases/Mapas/Mapa1.umap" SILENT=true AUTOSAVING=false KEEPDIRTY=false
[2025.12.03-20.46.12:889][595]LogUObjectHash: Compacting FUObjectHashTables data took   1.51ms
[2025.12.03-20.46.13:151][595]LogSavePackage: Moving 'E:/Unreal/Fumec_DevGames/Saved/Mapa13470E961451757D3E20B3FA18192585D.tmp' to 'E:/Unreal/Fumec_DevGames/Content/Mapas/Fases/Mapas/Mapa1.umap'
[2025.12.03-20.46.13:193][595]LogFileHelpers: Saving map 'Mapa1' took 0.392
[2025.12.03-20.46.13:255][595]AssetCheck: New page: Asset Save: Mapa1
[2025.12.03-20.46.13:255][595]LogContentValidation: Display: Validating World /Game/Mapas/Fases/Mapas/Mapa1.Mapa1
[2025.12.03-20.47.53:397][486]LogUObjectHash: Compacting FUObjectHashTables data took   6.79ms
[2025.12.03-20.47.53:477][486]Cmd: OBJ SAVEPACKAGE PACKAGE="/Game/Mapas/Fases/Mapas/Mapa1" FILE="E:/Unreal/Fumec_DevGames/Content/Mapas/Fases/Mapas/Mapa1.umap" SILENT=true AUTOSAVING=false KEEPDIRTY=false
[2025.12.03-20.47.53:564][486]LogUObjectHash: Compacting FUObjectHashTables data took   1.56ms
[2025.12.03-20.47.53:830][486]LogSavePackage: Moving 'E:/Unreal/Fumec_DevGames/Saved/Mapa17167A93845007569BB417D9681C1AEBB.tmp' to 'E:/Unreal/Fumec_DevGames/Content/Mapas/Fases/Mapas/Mapa1.umap'
[2025.12.03-20.47.53:876][486]LogFileHelpers: Saving map 'Mapa1' took 0.400
[2025.12.03-20.47.53:877][486]Cmd: OBJ SAVEPACKAGE PACKAGE="/Game/Inimigos/InimigosProntos/Arvre/Arvre" FILE="E:/Unreal/Fumec_DevGames/Content/Inimigos/InimigosProntos/Arvre/Arvre.uasset" SILENT=true
[2025.12.03-20.47.53:890][486]LogSavePackage: Moving 'E:/Unreal/Fumec_DevGames/Saved/Arvre092159AE4DAC911BB277C8803041C6C9.tmp' to 'E:/Unreal/Fumec_DevGames/Content/Inimigos/InimigosProntos/Arvre/Arvre.uasset'
[2025.12.03-20.47.53:950][486]AssetCheck: New page: Asset Save: multiple assets
[2025.12.03-20.47.53:950][486]LogContentValidation: Display: Validating World /Game/Mapas/Fases/Mapas/Mapa1.Mapa1
[2025.12.03-20.47.53:950][486]LogContentValidation: Display: Validating Blueprint /Game/Inimigos/InimigosProntos/Arvre/Arvre.Arvre
[2025.12.03-20.47.54:365][500]BlueprintLog: New page: Compile Arvre
[2025.12.03-20.47.54:507][500]LogUObjectHash: Compacting FUObjectHashTables data took   5.20ms
[2025.12.03-20.47.57:664][573]LogTemp: Repeating last play command: Selected Viewport
[2025.12.03-20.47.57:679][573]LogPlayLevel: PlayLevel: No blueprints needed recompiling
[2025.12.03-20.47.57:679][573]PIE: New page: PIE session: Mapa1 (Dec 3, 2025, 2:47:57 PM)
[2025.12.03-20.47.57:680][573]LogPlayLevel: Creating play world package: /Game/Mapas/Fases/Mapas/UEDPIE_0_Mapa1
[2025.12.03-20.47.57:716][573]LogPlayLevel: PIE: StaticDuplicateObject took: (0.035697s)
[2025.12.03-20.47.57:717][573]LogAIModule: Creating AISystem for world Mapa1
[2025.12.03-20.47.57:718][573]LogPlayLevel: PIE: World Init took: (0.002207s)
[2025.12.03-20.47.57:718][573]LogPlayLevel: PIE: Created PIE world by copying editor world from /Game/Mapas/Fases/Mapas/Mapa1.Mapa1 to /Game/Mapas/Fases/Mapas/UEDPIE_0_Mapa1.Mapa1 (0.038209s)
[2025.12.03-20.47.57:807][573]LogUObjectHash: Compacting FUObjectHashTables data took   5.81ms
[2025.12.03-20.47.57:809][573]LogAudio: Display: Creating Audio Device:                 Id: 12, Scope: Unique, Realtime: True
[2025.12.03-20.47.57:809][573]LogAudioMixer: Display: Audio Mixer Platform Settings:
[2025.12.03-20.47.57:809][573]LogAudioMixer: Display: 	Sample Rate:						  48000
[2025.12.03-20.47.57:809][573]LogAudioMixer: Display: 	Callback Buffer Frame Size Requested: 1024
[2025.12.03-20.47.57:809][573]LogAudioMixer: Display: 	Callback Buffer Frame Size To Use:	  1024
[2025.12.03-20.47.57:809][573]LogAudioMixer: Display: 	Number of buffers to queue:			  2
[2025.12.03-20.47.57:809][573]LogAudioMixer: Display: 	Max Channels (voices):				  32
[2025.12.03-20.47.57:809][573]LogAudioMixer: Display: 	Number of Async Source Workers:		  0
[2025.12.03-20.47.57:809][573]LogAudio: Display: AudioDevice MaxSources: 32
[2025.12.03-20.47.57:810][573]LogAudio: Display: Audio Spatialization Plugin: None (built-in).
[2025.12.03-20.47.57:810][573]LogAudio: Display: Audio Reverb Plugin: None (built-in).
[2025.12.03-20.47.57:810][573]LogAudio: Display: Audio Occlusion Plugin: None (built-in).
[2025.12.03-20.47.57:810][573]LogAudioMixer: Display: Initializing audio mixer.
[2025.12.03-20.47.57:821][573]LogAudioMixer: Display: 0: FrontLeft
[2025.12.03-20.47.57:821][573]LogAudioMixer: Display: 1: FrontRight
[2025.12.03-20.47.57:837][573]LogAudioMixer: Display: Using Audio Device Alto-falantes (Realtek(R) Audio)
[2025.12.03-20.47.57:837][573]LogAudioMixer: Display: Initializing Sound Submixes...
[2025.12.03-20.47.57:837][573]LogAudioMixer: Display: Creating Master Submix 'MasterSubmixDefault'
[2025.12.03-20.47.57:837][573]LogAudioMixer: Display: Creating Master Submix 'MasterReverbSubmixDefault'
[2025.12.03-20.47.57:838][573]LogAudioMixer: Display: Creating Master Submix 'MasterEQSubmixDefault'
[2025.12.03-20.47.57:840][573]LogAudioMixer: FMixerPlatformXAudio2::StartAudioStream() called
[2025.12.03-20.47.57:840][573]LogAudioMixer: Display: Output buffers initialized: Frames=1024, Channels=2, Samples=2048
[2025.12.03-20.47.57:842][573]LogAudioMixer: Display: Starting AudioMixerPlatformInterface::RunInternal()
[2025.12.03-20.47.57:842][573]LogAudioMixer: Display: FMixerPlatformXAudio2::SubmitBuffer() called for the first time
[2025.12.03-20.47.57:842][573]LogInit: FAudioDevice initialized.
[2025.12.03-20.47.57:842][573]LogAudio: Display: Audio Device (ID: 12) registered with world 'Mapa1'.
[2025.12.03-20.47.57:860][573]LogLoad: Game class is 'GameModeRL_C'
[2025.12.03-20.47.57:863][573]LogWorld: Bringing World /Game/Mapas/Fases/Mapas/UEDPIE_0_Mapa1.Mapa1 up for play (max tick rate 0) at 2025.12.03-17.47.57
[2025.12.03-20.47.57:864][573]LogWorld: Bringing up level for play took: 0.002958
[2025.12.03-20.47.57:865][573]LogOnline: OSS: Creating online subsystem instance for: :Context_26
[2025.12.03-20.47.57:873][573]PIE: Server logged in
[2025.12.03-20.47.57:875][573]PIE: Play in editor total start time 0.198 seconds.
[2025.12.03-20.47.58:324][587]LogBlueprintUserMessages: [Player_BP_C_0] 1.0
[2025.12.03-20.48.03:185][733]LogBlueprintUserMessages: [Player_BP_C_0] 1.0
[2025.12.03-20.48.05:822][811]LogSlate: Updating window title bar state: overlay mode, drag disabled, window buttons hidden, title bar hidden
[2025.12.03-20.48.05:822][811]LogWorld: BeginTearingDown for /Game/Mapas/Fases/Mapas/UEDPIE_0_Mapa1
[2025.12.03-20.48.05:823][811]LogWorld: UWorld::CleanupWorld for Mapa1, bSessionEnded=true, bCleanupResources=true
[2025.12.03-20.48.05:823][811]LogSlate: InvalidateAllWidgets triggered.  All widgets were invalidated
[2025.12.03-20.48.05:842][811]LogPlayLevel: Display: Shutting down PIE online subsystems
[2025.12.03-20.48.05:874][811]LogSlate: InvalidateAllWidgets triggered.  All widgets were invalidated
[2025.12.03-20.48.05:959][811]LogAudio: Display: Audio Device unregistered from world 'None'.
[2025.12.03-20.48.05:959][811]LogAudioMixer: FMixerPlatformXAudio2::StopAudioStream() called
[2025.12.03-20.48.05:961][811]LogAudioMixer: FMixerPlatformXAudio2::StopAudioStream() called
[2025.12.03-20.48.05:965][811]LogSlate: Updating window title bar state: overlay mode, drag disabled, window buttons hidden, title bar hidden
[2025.12.03-20.48.05:972][811]LogUObjectHash: Compacting FUObjectHashTables data took   4.93ms
[2025.12.03-20.48.06:037][812]LogPlayLevel: Display: Destroying online subsystem :Context_26
[2025.12.03-20.48.07:526][856]LogEditorViewport: Clicking on Actor (LMB): Arvre_C (Arvre)
[2025.12.03-20.48.10:533][935]LogTemp: Repeating last play command: Selected Viewport
[2025.12.03-20.48.10:555][935]LogPlayLevel: PlayLevel: No blueprints needed recompiling
[2025.12.03-20.48.10:555][935]PIE: New page: PIE session: Mapa1 (Dec 3, 2025, 2:48:10 PM)
[2025.12.03-20.48.10:555][935]LogPlayLevel: Creating play world package: /Game/Mapas/Fases/Mapas/UEDPIE_0_Mapa1
[2025.12.03-20.48.10:591][935]LogPlayLevel: PIE: StaticDuplicateObject took: (0.035561s)
[2025.12.03-20.48.10:593][935]LogAIModule: Creating AISystem for world Mapa1
[2025.12.03-20.48.10:594][935]LogPlayLevel: PIE: World Init took: (0.002145s)
[2025.12.03-20.48.10:594][935]LogPlayLevel: PIE: Created PIE world by copying editor world from /Game/Mapas/Fases/Mapas/Mapa1.Mapa1 to /Game/Mapas/Fases/Mapas/UEDPIE_0_Mapa1.Mapa1 (0.038024s)
[2025.12.03-20.48.10:681][935]LogUObjectHash: Compacting FUObjectHashTables data took   4.70ms
[2025.12.03-20.48.10:683][935]LogAudio: Display: Creating Audio Device:                 Id: 13, Scope: Unique, Realtime: True
[2025.12.03-20.48.10:683][935]LogAudioMixer: Display: Audio Mixer Platform Settings:
[2025.12.03-20.48.10:683][935]LogAudioMixer: Display: 	Sample Rate:						  48000
[2025.12.03-20.48.10:683][935]LogAudioMixer: Display: 	Callback Buffer Frame Size Requested: 1024
[2025.12.03-20.48.10:683][935]LogAudioMixer: Display: 	Callback Buffer Frame Size To Use:	  1024
[2025.12.03-20.48.10:683][935]LogAudioMixer: Display: 	Number of buffers to queue:			  2
[2025.12.03-20.48.10:683][935]LogAudioMixer: Display: 	Max Channels (voices):				  32
[2025.12.03-20.48.10:683][935]LogAudioMixer: Display: 	Number of Async Source Workers:		  0
[2025.12.03-20.48.10:684][935]LogAudio: Display: AudioDevice MaxSources: 32
[2025.12.03-20.48.10:684][935]LogAudio: Display: Audio Spatialization Plugin: None (built-in).
[2025.12.03-20.48.10:684][935]LogAudio: Display: Audio Reverb Plugin: None (built-in).
[2025.12.03-20.48.10:684][935]LogAudio: Display: Audio Occlusion Plugin: None (built-in).
[2025.12.03-20.48.10:684][935]LogAudioMixer: Display: Initializing audio mixer.
[2025.12.03-20.48.10:695][935]LogAudioMixer: Display: 0: FrontLeft
[2025.12.03-20.48.10:695][935]LogAudioMixer: Display: 1: FrontRight
[2025.12.03-20.48.10:710][935]LogAudioMixer: Display: Using Audio Device Alto-falantes (Realtek(R) Audio)
[2025.12.03-20.48.10:710][935]LogAudioMixer: Display: Initializing Sound Submixes...
[2025.12.03-20.48.10:710][935]LogAudioMixer: Display: Creating Master Submix 'MasterSubmixDefault'
[2025.12.03-20.48.10:710][935]LogAudioMixer: Display: Creating Master Submix 'MasterReverbSubmixDefault'
[2025.12.03-20.48.10:711][935]LogAudioMixer: Display: Creating Master Submix 'MasterEQSubmixDefault'
[2025.12.03-20.48.10:711][935]LogAudioMixer: FMixerPlatformXAudio2::StartAudioStream() called
[2025.12.03-20.48.10:711][935]LogAudioMixer: Display: Output buffers initialized: Frames=1024, Channels=2, Samples=2048
[2025.12.03-20.48.10:714][935]LogAudioMixer: Display: Starting AudioMixerPlatformInterface::RunInternal()
[2025.12.03-20.48.10:714][935]LogAudioMixer: Display: FMixerPlatformXAudio2::SubmitBuffer() called for the first time
[2025.12.03-20.48.10:714][935]LogInit: FAudioDevice initialized.
[2025.12.03-20.48.10:714][935]LogAudio: Display: Audio Device (ID: 13) registered with world 'Mapa1'.
[2025.12.03-20.48.10:734][935]LogLoad: Game class is 'GameModeRL_C'
[2025.12.03-20.48.10:737][935]LogWorld: Bringing World /Game/Mapas/Fases/Mapas/UEDPIE_0_Mapa1.Mapa1 up for play (max tick rate 0) at 2025.12.03-17.48.10
[2025.12.03-20.48.10:738][935]LogWorld: Bringing up level for play took: 0.002495
[2025.12.03-20.48.10:739][935]LogOnline: OSS: Creating online subsystem instance for: :Context_27
[2025.12.03-20.48.10:747][935]PIE: Server logged in
[2025.12.03-20.48.10:749][935]PIE: Play in editor total start time 0.203 seconds.
[2025.12.03-20.48.11:495][957]LogBlueprintUserMessages: [Player_BP_C_0] 1.0
[2025.12.03-20.48.12:722][994]LogBlueprintUserMessages: [Player_BP_C_0] 1.0
[2025.12.03-20.48.13:590][ 20]LogBlueprintUserMessages: [Player_BP_C_0] 1.0
[2025.12.03-20.48.14:455][ 46]LogBlueprintUserMessages: [Player_BP_C_0] 1.0
[2025.12.03-20.48.15:322][ 72]LogBlueprintUserMessages: [Player_BP_C_0] 1.0
[2025.12.03-20.48.16:862][117]LogSlate: Updating window title bar state: overlay mode, drag disabled, window buttons hidden, title bar hidden
[2025.12.03-20.48.16:862][117]LogWorld: BeginTearingDown for /Game/Mapas/Fases/Mapas/UEDPIE_0_Mapa1
[2025.12.03-20.48.16:863][117]LogWorld: UWorld::CleanupWorld for Mapa1, bSessionEnded=true, bCleanupResources=true
[2025.12.03-20.48.16:864][117]LogSlate: InvalidateAllWidgets triggered.  All widgets were invalidated
[2025.12.03-20.48.16:888][117]LogPlayLevel: Display: Shutting down PIE online subsystems
[2025.12.03-20.48.16:976][117]LogSlate: InvalidateAllWidgets triggered.  All widgets were invalidated
[2025.12.03-20.48.17:068][117]LogAudio: Display: Audio Device unregistered from world 'None'.
[2025.12.03-20.48.17:069][117]LogAudioMixer: FMixerPlatformXAudio2::StopAudioStream() called
[2025.12.03-20.48.17:071][117]LogAudioMixer: FMixerPlatformXAudio2::StopAudioStream() called
[2025.12.03-20.48.17:081][117]LogSlate: Updating window title bar state: overlay mode, drag disabled, window buttons hidden, title bar hidden
[2025.12.03-20.48.17:087][117]LogUObjectHash: Compacting FUObjectHashTables data took   4.95ms
[2025.12.03-20.48.17:164][118]LogPlayLevel: Display: Destroying online subsystem :Context_27
[2025.12.03-20.48.19:084][186]LogEditorTransaction: Undo Move Actors
[2025.12.03-20.48.19:806][202]LogEditorTransaction: Undo Clicking on Actors
[2025.12.03-20.48.25:278][359]BlueprintLog: New page: Compile InimigoBaseBP
[2025.12.03-20.48.25:523][359]LogUObjectHash: Compacting FUObjectHashTables data took   5.58ms
[2025.12.03-20.48.35:557][778]LogUObjectHash: Compacting FUObjectHashTables data took   7.38ms
[2025.12.03-20.48.35:637][778]Cmd: OBJ SAVEPACKAGE PACKAGE="/Game/Mapas/Fases/Mapas/Mapa1" FILE="E:/Unreal/Fumec_DevGames/Content/Mapas/Fases/Mapas/Mapa1.umap" SILENT=true AUTOSAVING=false KEEPDIRTY=false
[2025.12.03-20.48.35:721][778]LogUObjectHash: Compacting FUObjectHashTables data took   1.34ms
[2025.12.03-20.48.35:986][778]LogSavePackage: Moving 'E:/Unreal/Fumec_DevGames/Saved/Mapa1215391FE45FF1922A42C95BD6898FF6A.tmp' to 'E:/Unreal/Fumec_DevGames/Content/Mapas/Fases/Mapas/Mapa1.umap'
[2025.12.03-20.48.36:024][778]LogFileHelpers: Saving map 'Mapa1' took 0.388
[2025.12.03-20.48.36:089][778]AssetCheck: New page: Asset Save: Mapa1
[2025.12.03-20.48.36:089][778]LogContentValidation: Display: Validating World /Game/Mapas/Fases/Mapas/Mapa1.Mapa1
[2025.12.03-20.48.37:479][808]LogTemp: Repeating last play command: Selected Viewport
[2025.12.03-20.48.37:495][808]LogPlayLevel: PlayLevel: No blueprints needed recompiling
[2025.12.03-20.48.37:495][808]PIE: New page: PIE session: Mapa1 (Dec 3, 2025, 2:48:37 PM)
[2025.12.03-20.48.37:496][808]LogPlayLevel: Creating play world package: /Game/Mapas/Fases/Mapas/UEDPIE_0_Mapa1
[2025.12.03-20.48.37:538][808]LogPlayLevel: PIE: StaticDuplicateObject took: (0.041403s)
[2025.12.03-20.48.37:540][808]LogAIModule: Creating AISystem for world Mapa1
[2025.12.03-20.48.37:540][808]LogPlayLevel: PIE: World Init took: (0.002250s)
[2025.12.03-20.48.37:540][808]LogPlayLevel: PIE: Created PIE world by copying editor world from /Game/Mapas/Fases/Mapas/Mapa1.Mapa1 to /Game/Mapas/Fases/Mapas/UEDPIE_0_Mapa1.Mapa1 (0.044048s)
[2025.12.03-20.48.37:633][808]LogUObjectHash: Compacting FUObjectHashTables data took   5.52ms
[2025.12.03-20.48.37:634][808]LogAudio: Display: Creating Audio Device:                 Id: 14, Scope: Unique, Realtime: True
[2025.12.03-20.48.37:634][808]LogAudioMixer: Display: Audio Mixer Platform Settings:
[2025.12.03-20.48.37:634][808]LogAudioMixer: Display: 	Sample Rate:						  48000
[2025.12.03-20.48.37:634][808]LogAudioMixer: Display: 	Callback Buffer Frame Size Requested: 1024
[2025.12.03-20.48.37:634][808]LogAudioMixer: Display: 	Callback Buffer Frame Size To Use:	  1024
[2025.12.03-20.48.37:634][808]LogAudioMixer: Display: 	Number of buffers to queue:			  2
[2025.12.03-20.48.37:634][808]LogAudioMixer: Display: 	Max Channels (voices):				  32
[2025.12.03-20.48.37:634][808]LogAudioMixer: Display: 	Number of Async Source Workers:		  0
[2025.12.03-20.48.37:634][808]LogAudio: Display: AudioDevice MaxSources: 32
[2025.12.03-20.48.37:635][808]LogAudio: Display: Audio Spatialization Plugin: None (built-in).
[2025.12.03-20.48.37:635][808]LogAudio: Display: Audio Reverb Plugin: None (built-in).
[2025.12.03-20.48.37:636][808]LogAudio: Display: Audio Occlusion Plugin: None (built-in).
[2025.12.03-20.48.37:636][808]LogAudioMixer: Display: Initializing audio mixer.
[2025.12.03-20.48.37:648][808]LogAudioMixer: Display: 0: FrontLeft
[2025.12.03-20.48.37:648][808]LogAudioMixer: Display: 1: FrontRight
[2025.12.03-20.48.37:663][808]LogAudioMixer: Display: Using Audio Device Alto-falantes (Realtek(R) Audio)
[2025.12.03-20.48.37:664][808]LogAudioMixer: Display: Initializing Sound Submixes...
[2025.12.03-20.48.37:664][808]LogAudioMixer: Display: Creating Master Submix 'MasterSubmixDefault'
[2025.12.03-20.48.37:664][808]LogAudioMixer: Display: Creating Master Submix 'MasterReverbSubmixDefault'
[2025.12.03-20.48.37:665][808]LogAudioMixer: Display: Creating Master Submix 'MasterEQSubmixDefault'
[2025.12.03-20.48.37:665][808]LogAudioMixer: FMixerPlatformXAudio2::StartAudioStream() called
[2025.12.03-20.48.37:666][808]LogAudioMixer: Display: Output buffers initialized: Frames=1024, Channels=2, Samples=2048
[2025.12.03-20.48.37:669][808]LogAudioMixer: Display: Starting AudioMixerPlatformInterface::RunInternal()
[2025.12.03-20.48.37:669][808]LogAudioMixer: Display: FMixerPlatformXAudio2::SubmitBuffer() called for the first time
[2025.12.03-20.48.37:669][808]LogInit: FAudioDevice initialized.
[2025.12.03-20.48.37:669][808]LogAudio: Display: Audio Device (ID: 14) registered with world 'Mapa1'.
[2025.12.03-20.48.37:686][808]LogLoad: Game class is 'GameModeRL_C'
[2025.12.03-20.48.37:688][808]LogWorld: Bringing World /Game/Mapas/Fases/Mapas/UEDPIE_0_Mapa1.Mapa1 up for play (max tick rate 0) at 2025.12.03-17.48.37
[2025.12.03-20.48.37:690][808]LogWorld: Bringing up level for play took: 0.002922
[2025.12.03-20.48.37:690][808]LogOnline: OSS: Creating online subsystem instance for: :Context_28
[2025.12.03-20.48.37:699][808]PIE: Server logged in
[2025.12.03-20.48.37:701][808]PIE: Play in editor total start time 0.208 seconds.
[2025.12.03-20.48.38:581][835]LogBlueprintUserMessages: [Player_BP_C_0] 1.0
[2025.12.03-20.48.39:631][865]LogSlate: Updating window title bar state: overlay mode, drag disabled, window buttons hidden, title bar hidden
[2025.12.03-20.48.39:632][865]LogWorld: BeginTearingDown for /Game/Mapas/Fases/Mapas/UEDPIE_0_Mapa1
[2025.12.03-20.48.39:632][865]LogWorld: UWorld::CleanupWorld for Mapa1, bSessionEnded=true, bCleanupResources=true
[2025.12.03-20.48.39:632][865]LogSlate: InvalidateAllWidgets triggered.  All widgets were invalidated
[2025.12.03-20.48.39:657][865]LogPlayLevel: Display: Shutting down PIE online subsystems
[2025.12.03-20.48.39:692][865]LogSlate: InvalidateAllWidgets triggered.  All widgets were invalidated
[2025.12.03-20.48.39:775][865]LogSlate: Updating window title bar state: overlay mode, drag disabled, window buttons hidden, title bar hidden
[2025.12.03-20.48.39:775][865]LogAudioMixer: FMixerPlatformXAudio2::StopAudioStream() called
[2025.12.03-20.48.39:777][865]LogAudioMixer: FMixerPlatformXAudio2::StopAudioStream() called
[2025.12.03-20.48.39:795][865]LogUObjectHash: Compacting FUObjectHashTables data took   5.06ms
[2025.12.03-20.48.39:864][866]LogPlayLevel: Display: Destroying online subsystem :Context_28
[2025.12.03-20.48.40:776][893]LogEditorViewport: Clicking on Actor (LMB): Arvre_C (Arvre)
[2025.12.03-20.48.42:178][933]Cmd: DELETE
[2025.12.03-20.48.42:178][933]Cmd: ACTOR DELETE
[2025.12.03-20.48.42:185][933]LogEditorActor: Deleted Actor: Arvre_C
[2025.12.03-20.48.42:274][933]LogUObjectHash: Compacting FUObjectHashTables data took   4.78ms
[2025.12.03-20.48.42:276][933]LogEditorActor: Deleted 1 Actors (0.097 secs)
[2025.12.03-20.48.50:495][154]LogTemp: Repeating last play command: Selected Viewport
[2025.12.03-20.48.50:514][154]LogPlayLevel: PlayLevel: No blueprints needed recompiling
[2025.12.03-20.48.50:515][154]PIE: New page: PIE session: Mapa1 (Dec 3, 2025, 2:48:50 PM)
[2025.12.03-20.48.50:515][154]LogPlayLevel: Creating play world package: /Game/Mapas/Fases/Mapas/UEDPIE_0_Mapa1
[2025.12.03-20.48.50:568][154]LogPlayLevel: PIE: StaticDuplicateObject took: (0.053341s)
[2025.12.03-20.48.50:570][154]LogAIModule: Creating AISystem for world Mapa1
[2025.12.03-20.48.50:571][154]LogPlayLevel: PIE: World Init took: (0.002325s)
[2025.12.03-20.48.50:571][154]LogPlayLevel: PIE: Created PIE world by copying editor world from /Game/Mapas/Fases/Mapas/Mapa1.Mapa1 to /Game/Mapas/Fases/Mapas/UEDPIE_0_Mapa1.Mapa1 (0.056032s)
[2025.12.03-20.48.50:665][154]LogUObjectHash: Compacting FUObjectHashTables data took   5.61ms
[2025.12.03-20.48.50:668][154]LogAudio: Display: Creating Audio Device:                 Id: 15, Scope: Unique, Realtime: True
[2025.12.03-20.48.50:668][154]LogAudioMixer: Display: Audio Mixer Platform Settings:
[2025.12.03-20.48.50:668][154]LogAudioMixer: Display: 	Sample Rate:						  48000
[2025.12.03-20.48.50:668][154]LogAudioMixer: Display: 	Callback Buffer Frame Size Requested: 1024
[2025.12.03-20.48.50:668][154]LogAudioMixer: Display: 	Callback Buffer Frame Size To Use:	  1024
[2025.12.03-20.48.50:668][154]LogAudioMixer: Display: 	Number of buffers to queue:			  2
[2025.12.03-20.48.50:668][154]LogAudioMixer: Display: 	Max Channels (voices):				  32
[2025.12.03-20.48.50:668][154]LogAudioMixer: Display: 	Number of Async Source Workers:		  0
[2025.12.03-20.48.50:668][154]LogAudio: Display: AudioDevice MaxSources: 32
[2025.12.03-20.48.50:670][154]LogAudio: Display: Audio Spatialization Plugin: None (built-in).
[2025.12.03-20.48.50:670][154]LogAudio: Display: Audio Reverb Plugin: None (built-in).
[2025.12.03-20.48.50:670][154]LogAudio: Display: Audio Occlusion Plugin: None (built-in).
[2025.12.03-20.48.50:670][154]LogAudioMixer: Display: Initializing audio mixer.
[2025.12.03-20.48.50:681][154]LogAudioMixer: Display: 0: FrontLeft
[2025.12.03-20.48.50:681][154]LogAudioMixer: Display: 1: FrontRight
[2025.12.03-20.48.50:697][154]LogAudioMixer: Display: Using Audio Device Alto-falantes (Realtek(R) Audio)
[2025.12.03-20.48.50:697][154]LogAudioMixer: Display: Initializing Sound Submixes...
[2025.12.03-20.48.50:697][154]LogAudioMixer: Display: Creating Master Submix 'MasterSubmixDefault'
[2025.12.03-20.48.50:697][154]LogAudioMixer: Display: Creating Master Submix 'MasterReverbSubmixDefault'
[2025.12.03-20.48.50:698][154]LogAudioMixer: Display: Creating Master Submix 'MasterEQSubmixDefault'
[2025.12.03-20.48.50:698][154]LogAudioMixer: FMixerPlatformXAudio2::StartAudioStream() called
[2025.12.03-20.48.50:698][154]LogAudioMixer: Display: Output buffers initialized: Frames=1024, Channels=2, Samples=2048
[2025.12.03-20.48.50:702][154]LogAudioMixer: Display: Starting AudioMixerPlatformInterface::RunInternal()
[2025.12.03-20.48.50:702][154]LogAudioMixer: Display: FMixerPlatformXAudio2::SubmitBuffer() called for the first time
[2025.12.03-20.48.50:702][154]LogInit: FAudioDevice initialized.
[2025.12.03-20.48.50:702][154]LogAudio: Display: Audio Device (ID: 15) registered with world 'Mapa1'.
[2025.12.03-20.48.50:723][154]LogLoad: Game class is 'GameModeRL_C'
[2025.12.03-20.48.50:725][154]LogWorld: Bringing World /Game/Mapas/Fases/Mapas/UEDPIE_0_Mapa1.Mapa1 up for play (max tick rate 0) at 2025.12.03-17.48.50
[2025.12.03-20.48.50:726][154]LogWorld: Bringing up level for play took: 0.002555
[2025.12.03-20.48.50:727][154]LogOnline: OSS: Creating online subsystem instance for: :Context_29
[2025.12.03-20.48.50:736][154]PIE: Server logged in
[2025.12.03-20.48.50:737][154]PIE: Play in editor total start time 0.227 seconds.
[2025.12.03-20.48.51:656][180]LogBlueprintUserMessages: [Player_BP_C_0] 1.0
[2025.12.03-20.48.52:249][198]LogBlueprintUserMessages: [Player_BP_C_0] 1.0
[2025.12.03-20.48.52:817][215]LogBlueprintUserMessages: [Player_BP_C_0] 1.0
[2025.12.03-20.48.53:516][236]LogBlueprintUserMessages: [Player_BP_C_0] 1.0
[2025.12.03-20.48.56:017][311]LogBlueprintUserMessages: [Player_BP_C_0] 1.0
[2025.12.03-20.48.56:716][332]LogBlueprintUserMessages: [Player_BP_C_0] 1.0
[2025.12.03-20.48.57:318][350]LogBlueprintUserMessages: [Player_BP_C_0] 1.0
[2025.12.03-20.48.57:883][367]LogBlueprintUserMessages: [Player_BP_C_0] 1.0
[2025.12.03-20.48.58:517][386]LogBlueprintUserMessages: [Player_BP_C_0] 1.0
[2025.12.03-20.48.58:984][400]LogBlueprintUserMessages: [Player_BP_C_0] 1.0
[2025.12.03-20.48.59:617][419]LogBlueprintUserMessages: [Player_BP_C_0] 1.0
[2025.12.03-20.49.01:080][463]LogViewport: Display: Viewport MouseLockMode Changed, LockOnCapture -> DoNotLock
[2025.12.03-20.49.01:081][463]LogViewport: Display: Viewport MouseCaptureMode Changed, CapturePermanently_IncludingInitialMouseDown -> NoCapture
[2025.12.03-20.49.55:371][ 57]LogSlate: Updating window title bar state: overlay mode, drag disabled, window buttons hidden, title bar hidden
[2025.12.03-20.49.55:371][ 57]LogWorld: BeginTearingDown for /Game/Mapas/Fases/Mapas/UEDPIE_0_Mapa1
[2025.12.03-20.49.55:372][ 57]LogWorld: UWorld::CleanupWorld for Mapa1, bSessionEnded=true, bCleanupResources=true
[2025.12.03-20.49.55:372][ 57]LogSlate: InvalidateAllWidgets triggered.  All widgets were invalidated
[2025.12.03-20.49.55:432][ 57]LogPlayLevel: Display: Shutting down PIE online subsystems
[2025.12.03-20.49.55:521][ 57]LogSlate: InvalidateAllWidgets triggered.  All widgets were invalidated
[2025.12.03-20.49.55:606][ 57]LogAudio: Display: Audio Device unregistered from world 'None'.
[2025.12.03-20.49.55:606][ 57]LogAudioMixer: FMixerPlatformXAudio2::StopAudioStream() called
[2025.12.03-20.49.55:610][ 57]LogAudioMixer: FMixerPlatformXAudio2::StopAudioStream() called
[2025.12.03-20.49.55:620][ 57]LogSlate: Updating window title bar state: overlay mode, drag disabled, window buttons hidden, title bar hidden
[2025.12.03-20.49.55:628][ 57]LogUObjectHash: Compacting FUObjectHashTables data took   4.94ms
[2025.12.03-20.49.55:703][ 58]LogPlayLevel: Display: Destroying online subsystem :Context_29
[2025.12.03-20.50.35:765][621]Cmd: OBJ SAVEPACKAGE PACKAGE="/Game/Inimigos/InimigoBaseBP" FILE="E:/Unreal/Fumec_DevGames/Content/Inimigos/InimigoBaseBP.uasset" SILENT=true
[2025.12.03-20.50.35:865][621]LogSavePackage: Moving 'E:/Unreal/Fumec_DevGames/Saved/InimigoBaseBP0CB005654151212E607AE9BEA782E887.tmp' to 'E:/Unreal/Fumec_DevGames/Content/Inimigos/InimigoBaseBP.uasset'
[2025.12.03-20.50.35:919][621]AssetCheck: New page: Asset Save: InimigoBaseBP
[2025.12.03-20.50.35:920][621]LogContentValidation: Display: Validating Blueprint /Game/Inimigos/InimigoBaseBP.InimigoBaseBP
[2025.12.03-20.50.45:707][968]Cmd: OBJ SAVEPACKAGE PACKAGE="/Game/Mapas/Fases/Mapas/Mapa1" FILE="E:/Unreal/Fumec_DevGames/Content/Mapas/Fases/Mapas/Mapa1.umap" SILENT=true AUTOSAVING=false KEEPDIRTY=false
[2025.12.03-20.50.45:799][968]LogUObjectHash: Compacting FUObjectHashTables data took   5.49ms
[2025.12.03-20.50.46:063][968]LogSavePackage: Moving 'E:/Unreal/Fumec_DevGames/Saved/Mapa1D8927D4948D985C2AA5E69A037843560.tmp' to 'E:/Unreal/Fumec_DevGames/Content/Mapas/Fases/Mapas/Mapa1.umap'
[2025.12.03-20.50.46:114][968]Cmd: OBJ SAVEPACKAGE PACKAGE="/Game/Mapas/Fases/Mapas/Mapa1_BuiltData" FILE="E:/Unreal/Fumec_DevGames/Content/Mapas/Fases/Mapas/Mapa1_BuiltData.uasset" SILENT=true
[2025.12.03-20.50.46:148][968]LogSavePackage: Moving 'E:/Unreal/Fumec_DevGames/Saved/Mapa1_BuiltData3D922D9C43637B4D725FA2B649F8E917.tmp' to 'E:/Unreal/Fumec_DevGames/Content/Mapas/Fases/Mapas/Mapa1_BuiltData.uasset'
[2025.12.03-20.50.46:230][968]AssetCheck: New page: Asset Save: multiple assets
[2025.12.03-20.50.46:230][968]LogContentValidation: Display: Validating World /Game/Mapas/Fases/Mapas/Mapa1.Mapa1
[2025.12.03-20.50.46:230][968]LogContentValidation: Display: Validating MapBuildDataRegistry /Game/Mapas/Fases/Mapas/Mapa1_BuiltData.Mapa1_BuiltData
[2025.12.03-20.50.46:627][980]LogTemp: Repeating last play command: Selected Viewport
[2025.12.03-20.50.46:641][980]LogPlayLevel: PlayLevel: No blueprints needed recompiling
[2025.12.03-20.50.46:641][980]PIE: New page: PIE session: Mapa1 (Dec 3, 2025, 2:50:46 PM)
[2025.12.03-20.50.46:641][980]LogPlayLevel: Creating play world package: /Game/Mapas/Fases/Mapas/UEDPIE_0_Mapa1
[2025.12.03-20.50.46:678][980]LogPlayLevel: PIE: StaticDuplicateObject took: (0.036227s)
[2025.12.03-20.50.46:680][980]LogAIModule: Creating AISystem for world Mapa1
[2025.12.03-20.50.46:680][980]LogPlayLevel: PIE: World Init took: (0.002256s)
[2025.12.03-20.50.46:680][980]LogPlayLevel: PIE: Created PIE world by copying editor world from /Game/Mapas/Fases/Mapas/Mapa1.Mapa1 to /Game/Mapas/Fases/Mapas/UEDPIE_0_Mapa1.Mapa1 (0.038794s)
[2025.12.03-20.50.46:768][980]LogUObjectHash: Compacting FUObjectHashTables data took   4.84ms
[2025.12.03-20.50.46:769][980]LogAudio: Display: Creating Audio Device:                 Id: 16, Scope: Unique, Realtime: True
[2025.12.03-20.50.46:769][980]LogAudioMixer: Display: Audio Mixer Platform Settings:
[2025.12.03-20.50.46:769][980]LogAudioMixer: Display: 	Sample Rate:						  48000
[2025.12.03-20.50.46:769][980]LogAudioMixer: Display: 	Callback Buffer Frame Size Requested: 1024
[2025.12.03-20.50.46:769][980]LogAudioMixer: Display: 	Callback Buffer Frame Size To Use:	  1024
[2025.12.03-20.50.46:769][980]LogAudioMixer: Display: 	Number of buffers to queue:			  2
[2025.12.03-20.50.46:769][980]LogAudioMixer: Display: 	Max Channels (voices):				  32
[2025.12.03-20.50.46:769][980]LogAudioMixer: Display: 	Number of Async Source Workers:		  0
[2025.12.03-20.50.46:769][980]LogAudio: Display: AudioDevice MaxSources: 32
[2025.12.03-20.50.46:770][980]LogAudio: Display: Audio Spatialization Plugin: None (built-in).
[2025.12.03-20.50.46:770][980]LogAudio: Display: Audio Reverb Plugin: None (built-in).
[2025.12.03-20.50.46:770][980]LogAudio: Display: Audio Occlusion Plugin: None (built-in).
[2025.12.03-20.50.46:770][980]LogAudioMixer: Display: Initializing audio mixer.
[2025.12.03-20.50.46:781][980]LogAudioMixer: Display: 0: FrontLeft
[2025.12.03-20.50.46:781][980]LogAudioMixer: Display: 1: FrontRight
[2025.12.03-20.50.46:797][980]LogAudioMixer: Display: Using Audio Device Alto-falantes (Realtek(R) Audio)
[2025.12.03-20.50.46:798][980]LogAudioMixer: Display: Initializing Sound Submixes...
[2025.12.03-20.50.46:798][980]LogAudioMixer: Display: Creating Master Submix 'MasterSubmixDefault'
[2025.12.03-20.50.46:798][980]LogAudioMixer: Display: Creating Master Submix 'MasterReverbSubmixDefault'
[2025.12.03-20.50.46:799][980]LogAudioMixer: Display: Creating Master Submix 'MasterEQSubmixDefault'
[2025.12.03-20.50.46:799][980]LogAudioMixer: FMixerPlatformXAudio2::StartAudioStream() called
[2025.12.03-20.50.46:799][980]LogAudioMixer: Display: Output buffers initialized: Frames=1024, Channels=2, Samples=2048
[2025.12.03-20.50.46:802][980]LogAudioMixer: Display: Starting AudioMixerPlatformInterface::RunInternal()
[2025.12.03-20.50.46:802][980]LogAudioMixer: Display: FMixerPlatformXAudio2::SubmitBuffer() called for the first time
[2025.12.03-20.50.46:802][980]LogInit: FAudioDevice initialized.
[2025.12.03-20.50.46:803][980]LogAudio: Display: Audio Device (ID: 16) registered with world 'Mapa1'.
[2025.12.03-20.50.46:823][980]LogLoad: Game class is 'GameModeRL_C'
[2025.12.03-20.50.46:825][980]LogWorld: Bringing World /Game/Mapas/Fases/Mapas/UEDPIE_0_Mapa1.Mapa1 up for play (max tick rate 0) at 2025.12.03-17.50.46
[2025.12.03-20.50.46:826][980]LogWorld: Bringing up level for play took: 0.002554
[2025.12.03-20.50.46:827][980]LogOnline: OSS: Creating online subsystem instance for: :Context_30
[2025.12.03-20.50.46:836][980]PIE: Server logged in
[2025.12.03-20.50.46:838][980]PIE: Play in editor total start time 0.199 seconds.
[2025.12.03-20.50.47:464][999]LogBlueprintUserMessages: [Player_BP_C_0] 1.0
[2025.12.03-20.50.48:870][ 40]LogSlate: Updating window title bar state: overlay mode, drag disabled, window buttons hidden, title bar hidden
[2025.12.03-20.50.48:871][ 40]LogWorld: BeginTearingDown for /Game/Mapas/Fases/Mapas/UEDPIE_0_Mapa1
[2025.12.03-20.50.48:871][ 40]LogWorld: UWorld::CleanupWorld for Mapa1, bSessionEnded=true, bCleanupResources=true
[2025.12.03-20.50.48:871][ 40]LogSlate: InvalidateAllWidgets triggered.  All widgets were invalidated
[2025.12.03-20.50.48:892][ 40]LogPlayLevel: Display: Shutting down PIE online subsystems
[2025.12.03-20.50.48:980][ 40]LogSlate: InvalidateAllWidgets triggered.  All widgets were invalidated
[2025.12.03-20.50.49:065][ 40]LogSlate: Updating window title bar state: overlay mode, drag disabled, window buttons hidden, title bar hidden
[2025.12.03-20.50.49:065][ 40]LogAudioMixer: FMixerPlatformXAudio2::StopAudioStream() called
[2025.12.03-20.50.49:068][ 40]LogAudioMixer: FMixerPlatformXAudio2::StopAudioStream() called
[2025.12.03-20.50.49:086][ 40]LogUObjectHash: Compacting FUObjectHashTables data took   5.73ms
[2025.12.03-20.50.49:173][ 41]LogPlayLevel: Display: Destroying online subsystem :Context_30
[2025.12.03-20.51.22:132][743]LogTemp: Repeating last play command: Selected Viewport
[2025.12.03-20.51.22:147][743]LogPlayLevel: PlayLevel: No blueprints needed recompiling
[2025.12.03-20.51.22:147][743]PIE: New page: PIE session: Mapa1 (Dec 3, 2025, 2:51:22 PM)
[2025.12.03-20.51.22:148][743]LogPlayLevel: Creating play world package: /Game/Mapas/Fases/Mapas/UEDPIE_0_Mapa1
[2025.12.03-20.51.22:184][743]LogPlayLevel: PIE: StaticDuplicateObject took: (0.036556s)
[2025.12.03-20.51.22:186][743]LogAIModule: Creating AISystem for world Mapa1
[2025.12.03-20.51.22:187][743]LogPlayLevel: PIE: World Init took: (0.002141s)
[2025.12.03-20.51.22:187][743]LogPlayLevel: PIE: Created PIE world by copying editor world from /Game/Mapas/Fases/Mapas/Mapa1.Mapa1 to /Game/Mapas/Fases/Mapas/UEDPIE_0_Mapa1.Mapa1 (0.039005s)
[2025.12.03-20.51.22:278][743]LogUObjectHash: Compacting FUObjectHashTables data took   5.26ms
[2025.12.03-20.51.22:284][743]LogAudio: Display: Creating Audio Device:                 Id: 17, Scope: Unique, Realtime: True
[2025.12.03-20.51.22:284][743]LogAudioMixer: Display: Audio Mixer Platform Settings:
[2025.12.03-20.51.22:284][743]LogAudioMixer: Display: 	Sample Rate:						  48000
[2025.12.03-20.51.22:284][743]LogAudioMixer: Display: 	Callback Buffer Frame Size Requested: 1024
[2025.12.03-20.51.22:284][743]LogAudioMixer: Display: 	Callback Buffer Frame Size To Use:	  1024
[2025.12.03-20.51.22:284][743]LogAudioMixer: Display: 	Number of buffers to queue:			  2
[2025.12.03-20.51.22:284][743]LogAudioMixer: Display: 	Max Channels (voices):				  32
[2025.12.03-20.51.22:284][743]LogAudioMixer: Display: 	Number of Async Source Workers:		  0
[2025.12.03-20.51.22:284][743]LogAudio: Display: AudioDevice MaxSources: 32
[2025.12.03-20.51.22:285][743]LogAudio: Display: Audio Spatialization Plugin: None (built-in).
[2025.12.03-20.51.22:285][743]LogAudio: Display: Audio Reverb Plugin: None (built-in).
[2025.12.03-20.51.22:285][743]LogAudio: Display: Audio Occlusion Plugin: None (built-in).
[2025.12.03-20.51.22:285][743]LogAudioMixer: Display: Initializing audio mixer.
[2025.12.03-20.51.22:298][743]LogAudioMixer: Display: 0: FrontLeft
[2025.12.03-20.51.22:298][743]LogAudioMixer: Display: 1: FrontRight
[2025.12.03-20.51.22:314][743]LogAudioMixer: Display: Using Audio Device Alto-falantes (Realtek(R) Audio)
[2025.12.03-20.51.22:314][743]LogAudioMixer: Display: Initializing Sound Submixes...
[2025.12.03-20.51.22:314][743]LogAudioMixer: Display: Creating Master Submix 'MasterSubmixDefault'
[2025.12.03-20.51.22:314][743]LogAudioMixer: Display: Creating Master Submix 'MasterReverbSubmixDefault'
[2025.12.03-20.51.22:316][743]LogAudioMixer: Display: Creating Master Submix 'MasterEQSubmixDefault'
[2025.12.03-20.51.22:316][743]LogAudioMixer: FMixerPlatformXAudio2::StartAudioStream() called
[2025.12.03-20.51.22:316][743]LogAudioMixer: Display: Output buffers initialized: Frames=1024, Channels=2, Samples=2048
[2025.12.03-20.51.22:319][743]LogAudioMixer: Display: Starting AudioMixerPlatformInterface::RunInternal()
[2025.12.03-20.51.22:319][743]LogAudioMixer: Display: FMixerPlatformXAudio2::SubmitBuffer() called for the first time
[2025.12.03-20.51.22:319][743]LogInit: FAudioDevice initialized.
[2025.12.03-20.51.22:319][743]LogAudio: Display: Audio Device (ID: 17) registered with world 'Mapa1'.
[2025.12.03-20.51.22:335][743]LogLoad: Game class is 'GameModeRL_C'
[2025.12.03-20.51.22:339][743]LogWorld: Bringing World /Game/Mapas/Fases/Mapas/UEDPIE_0_Mapa1.Mapa1 up for play (max tick rate 0) at 2025.12.03-17.51.22
[2025.12.03-20.51.22:340][743]LogWorld: Bringing up level for play took: 0.003061
[2025.12.03-20.51.22:340][743]LogOnline: OSS: Creating online subsystem instance for: :Context_31
[2025.12.03-20.51.22:349][743]PIE: Server logged in
[2025.12.03-20.51.22:351][743]PIE: Play in editor total start time 0.206 seconds.
[2025.12.03-20.51.23:131][767]LogBlueprintUserMessages: [Player_BP_C_0] 1.0
[2025.12.03-20.51.23:892][790]LogBlueprintUserMessages: [Player_BP_C_0] 1.0
[2025.12.03-20.51.24:792][817]LogBlueprintUserMessages: [Player_BP_C_0] 1.0
[2025.12.03-20.51.25:493][838]LogBlueprintUserMessages: [Player_BP_C_0] 1.0
[2025.12.03-20.51.26:094][856]LogBlueprintUserMessages: [Player_BP_C_0] 1.0
[2025.12.03-20.51.27:121][886]LogSlate: Updating window title bar state: overlay mode, drag disabled, window buttons hidden, title bar hidden
[2025.12.03-20.51.27:121][886]LogWorld: BeginTearingDown for /Game/Mapas/Fases/Mapas/UEDPIE_0_Mapa1
[2025.12.03-20.51.27:121][886]LogWorld: UWorld::CleanupWorld for Mapa1, bSessionEnded=true, bCleanupResources=true
[2025.12.03-20.51.27:123][886]LogSlate: InvalidateAllWidgets triggered.  All widgets were invalidated
[2025.12.03-20.51.27:142][886]LogPlayLevel: Display: Shutting down PIE online subsystems
[2025.12.03-20.51.27:228][886]LogSlate: InvalidateAllWidgets triggered.  All widgets were invalidated
[2025.12.03-20.51.27:313][886]LogAudio: Display: Audio Device unregistered from world 'None'.
[2025.12.03-20.51.27:313][886]LogAudioMixer: FMixerPlatformXAudio2::StopAudioStream() called
[2025.12.03-20.51.27:316][886]LogAudioMixer: FMixerPlatformXAudio2::StopAudioStream() called
[2025.12.03-20.51.27:325][886]LogSlate: Updating window title bar state: overlay mode, drag disabled, window buttons hidden, title bar hidden
[2025.12.03-20.51.27:333][886]LogUObjectHash: Compacting FUObjectHashTables data took   4.83ms
[2025.12.03-20.51.27:410][887]LogPlayLevel: Display: Destroying online subsystem :Context_31
[2025.12.03-20.51.45:454][281]LogTemp: Repeating last play command: Selected Viewport
[2025.12.03-20.51.45:469][281]LogPlayLevel: PlayLevel: No blueprints needed recompiling
[2025.12.03-20.51.45:469][281]PIE: New page: PIE session: Mapa1 (Dec 3, 2025, 2:51:45 PM)
[2025.12.03-20.51.45:470][281]LogPlayLevel: Creating play world package: /Game/Mapas/Fases/Mapas/UEDPIE_0_Mapa1
[2025.12.03-20.51.45:506][281]LogPlayLevel: PIE: StaticDuplicateObject took: (0.036924s)
[2025.12.03-20.51.45:508][281]LogAIModule: Creating AISystem for world Mapa1
[2025.12.03-20.51.45:509][281]LogPlayLevel: PIE: World Init took: (0.002260s)
[2025.12.03-20.51.45:509][281]LogPlayLevel: PIE: Created PIE world by copying editor world from /Game/Mapas/Fases/Mapas/Mapa1.Mapa1 to /Game/Mapas/Fases/Mapas/UEDPIE_0_Mapa1.Mapa1 (0.039493s)
[2025.12.03-20.51.45:600][281]LogUObjectHash: Compacting FUObjectHashTables data took   7.35ms
[2025.12.03-20.51.45:604][281]LogAudio: Display: Creating Audio Device:                 Id: 18, Scope: Unique, Realtime: True
[2025.12.03-20.51.45:604][281]LogAudioMixer: Display: Audio Mixer Platform Settings:
[2025.12.03-20.51.45:604][281]LogAudioMixer: Display: 	Sample Rate:						  48000
[2025.12.03-20.51.45:604][281]LogAudioMixer: Display: 	Callback Buffer Frame Size Requested: 1024
[2025.12.03-20.51.45:605][281]LogAudioMixer: Display: 	Callback Buffer Frame Size To Use:	  1024
[2025.12.03-20.51.45:605][281]LogAudioMixer: Display: 	Number of buffers to queue:			  2
[2025.12.03-20.51.45:605][281]LogAudioMixer: Display: 	Max Channels (voices):				  32
[2025.12.03-20.51.45:605][281]LogAudioMixer: Display: 	Number of Async Source Workers:		  0
[2025.12.03-20.51.45:605][281]LogAudio: Display: AudioDevice MaxSources: 32
[2025.12.03-20.51.45:606][281]LogAudio: Display: Audio Spatialization Plugin: None (built-in).
[2025.12.03-20.51.45:606][281]LogAudio: Display: Audio Reverb Plugin: None (built-in).
[2025.12.03-20.51.45:606][281]LogAudio: Display: Audio Occlusion Plugin: None (built-in).
[2025.12.03-20.51.45:606][281]LogAudioMixer: Display: Initializing audio mixer.
[2025.12.03-20.51.45:616][281]LogAudioMixer: Display: 0: FrontLeft
[2025.12.03-20.51.45:617][281]LogAudioMixer: Display: 1: FrontRight
[2025.12.03-20.51.45:633][281]LogAudioMixer: Display: Using Audio Device Alto-falantes (Realtek(R) Audio)
[2025.12.03-20.51.45:633][281]LogAudioMixer: Display: Initializing Sound Submixes...
[2025.12.03-20.51.45:633][281]LogAudioMixer: Display: Creating Master Submix 'MasterSubmixDefault'
[2025.12.03-20.51.45:633][281]LogAudioMixer: Display: Creating Master Submix 'MasterReverbSubmixDefault'
[2025.12.03-20.51.45:634][281]LogAudioMixer: Display: Creating Master Submix 'MasterEQSubmixDefault'
[2025.12.03-20.51.45:634][281]LogAudioMixer: FMixerPlatformXAudio2::StartAudioStream() called
[2025.12.03-20.51.45:634][281]LogAudioMixer: Display: Output buffers initialized: Frames=1024, Channels=2, Samples=2048
[2025.12.03-20.51.45:637][281]LogAudioMixer: Display: Starting AudioMixerPlatformInterface::RunInternal()
[2025.12.03-20.51.45:637][281]LogAudioMixer: Display: FMixerPlatformXAudio2::SubmitBuffer() called for the first time
[2025.12.03-20.51.45:637][281]LogInit: FAudioDevice initialized.
[2025.12.03-20.51.45:637][281]LogAudio: Display: Audio Device (ID: 18) registered with world 'Mapa1'.
[2025.12.03-20.51.45:654][281]LogLoad: Game class is 'GameModeRL_C'
[2025.12.03-20.51.45:659][281]LogWorld: Bringing World /Game/Mapas/Fases/Mapas/UEDPIE_0_Mapa1.Mapa1 up for play (max tick rate 0) at 2025.12.03-17.51.45
[2025.12.03-20.51.45:661][281]LogWorld: Bringing up level for play took: 0.005306
[2025.12.03-20.51.45:662][281]LogOnline: OSS: Creating online subsystem instance for: :Context_32
[2025.12.03-20.51.45:671][281]PIE: Server logged in
[2025.12.03-20.51.45:673][281]PIE: Play in editor total start time 0.206 seconds.
[2025.12.03-20.51.46:052][293]LogBlueprintUserMessages: [Player_BP_C_0] 1.0
[2025.12.03-20.51.46:880][318]LogBlueprintUserMessages: [Player_BP_C_0] 1.0
[2025.12.03-20.51.47:514][337]LogBlueprintUserMessages: [Player_BP_C_0] 1.0
[2025.12.03-20.51.48:113][355]LogBlueprintUserMessages: [Player_BP_C_0] 1.0
[2025.12.03-20.51.49:180][387]LogBlueprintUserMessages: [Player_BP_C_0] 1.0
[2025.12.03-20.51.49:746][404]LogBlueprintUserMessages: [Player_BP_C_0] 1.0
[2025.12.03-20.51.50:213][418]LogBlueprintUserMessages: [Player_BP_C_0] 1.0
[2025.12.03-20.51.50:713][433]LogBlueprintUserMessages: [Player_BP_C_0] 1.0
[2025.12.03-20.51.51:247][449]LogBlueprintUserMessages: [Player_BP_C_0] 1.0
[2025.12.03-20.51.51:780][465]LogBlueprintUserMessages: [Player_BP_C_0] 1.0
[2025.12.03-20.51.52:313][481]LogBlueprintUserMessages: [Player_BP_C_0] 1.0
[2025.12.03-20.51.52:846][497]LogBlueprintUserMessages: [Player_BP_C_0] 1.0
[2025.12.03-20.51.53:413][514]LogBlueprintUserMessages: [Player_BP_C_0] 1.0
[2025.12.03-20.51.53:980][531]LogBlueprintUserMessages: [Player_BP_C_0] 1.0
[2025.12.03-20.51.54:613][550]LogBlueprintUserMessages: [Player_BP_C_0] 1.0
[2025.12.03-20.51.55:214][568]LogBlueprintUserMessages: [Player_BP_C_0] 1.0
[2025.12.03-20.51.55:680][582]LogBlueprintUserMessages: [Player_BP_C_0] 1.0
[2025.12.03-20.51.56:246][599]LogBlueprintUserMessages: [Player_BP_C_0] 1.0
[2025.12.03-20.51.56:813][616]LogBlueprintUserMessages: [Player_BP_C_0] 1.0
[2025.12.03-20.51.57:413][634]LogBlueprintUserMessages: [Player_BP_C_0] 1.0
[2025.12.03-20.51.58:146][656]LogBlueprintUserMessages: [Player_BP_C_0] 1.0
[2025.12.03-20.51.58:713][673]LogBlueprintUserMessages: [Player_BP_C_0] 1.0
[2025.12.03-20.51.59:482][696]LogBlueprintUserMessages: [Player_BP_C_0] 1.0
[2025.12.03-20.52.00:113][715]LogBlueprintUserMessages: [Player_BP_C_0] 1.0
[2025.12.03-20.52.06:631][909]LogSlate: Updating window title bar state: overlay mode, drag disabled, window buttons hidden, title bar hidden
[2025.12.03-20.52.06:631][909]LogWorld: BeginTearingDown for /Game/Mapas/Fases/Mapas/UEDPIE_0_Mapa1
[2025.12.03-20.52.06:631][909]LogWorld: UWorld::CleanupWorld for Mapa1, bSessionEnded=true, bCleanupResources=true
[2025.12.03-20.52.06:631][909]LogSlate: InvalidateAllWidgets triggered.  All widgets were invalidated
[2025.12.03-20.52.06:649][909]LogPlayLevel: Display: Shutting down PIE online subsystems
[2025.12.03-20.52.06:735][909]LogSlate: InvalidateAllWidgets triggered.  All widgets were invalidated
[2025.12.03-20.52.06:816][909]LogAudio: Display: Audio Device unregistered from world 'None'.
[2025.12.03-20.52.06:818][909]LogAudioMixer: FMixerPlatformXAudio2::StopAudioStream() called
[2025.12.03-20.52.06:820][909]LogAudioMixer: FMixerPlatformXAudio2::StopAudioStream() called
[2025.12.03-20.52.06:829][909]LogSlate: Updating window title bar state: overlay mode, drag disabled, window buttons hidden, title bar hidden
[2025.12.03-20.52.06:836][909]LogUObjectHash: Compacting FUObjectHashTables data took   5.04ms
[2025.12.03-20.52.06:916][910]LogPlayLevel: Display: Destroying online subsystem :Context_32
[2025.12.03-20.52.11:951][ 65]LogUObjectHash: Compacting FUObjectHashTables data took   4.71ms
[2025.12.03-20.52.12:020][ 65]Cmd: OBJ SAVEPACKAGE PACKAGE="/Game/Mapas/Fases/Mapas/Mapa1" FILE="E:/Unreal/Fumec_DevGames/Content/Mapas/Fases/Mapas/Mapa1.umap" SILENT=true AUTOSAVING=false KEEPDIRTY=false
[2025.12.03-20.52.12:100][ 65]LogUObjectHash: Compacting FUObjectHashTables data took   1.57ms
[2025.12.03-20.52.12:397][ 65]LogSavePackage: Moving 'E:/Unreal/Fumec_DevGames/Saved/Mapa1FFD38C0543ED6C80530E248BE351A946.tmp' to 'E:/Unreal/Fumec_DevGames/Content/Mapas/Fases/Mapas/Mapa1.umap'
[2025.12.03-20.52.12:436][ 65]LogFileHelpers: Saving map 'Mapa1' took 0.417
[2025.12.03-20.52.12:478][ 65]AssetCheck: New page: Asset Save: Mapa1
[2025.12.03-20.52.12:478][ 65]LogContentValidation: Display: Validating World /Game/Mapas/Fases/Mapas/Mapa1.Mapa1
[2025.12.03-20.52.39:097][147]LogWindowsTextInputMethodSystem: Display: IME system deactivated.
[2025.12.03-20.52.39:097][147]LogWindowsTextInputMethodSystem: Display: IME system deactivated.
[2025.12.03-20.52.40:113][175]LogUObjectHash: Compacting FUObjectHashTables data took   1.41ms
[2025.12.03-20.52.43:587][272]LogUObjectHash: Compacting FUObjectHashTables data took   1.37ms
[2025.12.03-20.52.43:626][272]LogWorld: UWorld::CleanupWorld for World_2, bSessionEnded=true, bCleanupResources=true
[2025.12.03-20.52.43:626][272]LogSlate: InvalidateAllWidgets triggered.  All widgets were invalidated
[2025.12.03-20.52.43:776][272]LogWorld: UWorld::CleanupWorld for World_3, bSessionEnded=true, bCleanupResources=true
[2025.12.03-20.52.43:776][272]LogSlate: InvalidateAllWidgets triggered.  All widgets were invalidated
[2025.12.03-20.52.43:929][272]LogActorComponent: UnregisterComponent: (/Engine/Transient.EditorFloorComp) Not registered. Aborting.
[2025.12.03-20.52.43:929][272]LogWorld: UWorld::CleanupWorld for World_5, bSessionEnded=true, bCleanupResources=true
[2025.12.03-20.52.43:929][272]LogSlate: InvalidateAllWidgets triggered.  All widgets were invalidated
[2025.12.03-20.52.44:068][272]LogActorComponent: UnregisterComponent: (/Engine/Transient.EditorFloorComp) Not registered. Aborting.
[2025.12.03-20.52.44:068][272]LogWorld: UWorld::CleanupWorld for World_6, bSessionEnded=true, bCleanupResources=true
[2025.12.03-20.52.44:068][272]LogSlate: InvalidateAllWidgets triggered.  All widgets were invalidated
[2025.12.03-20.52.44:224][272]LogActorComponent: UnregisterComponent: (/Engine/Transient.EditorFloorComp) Not registered. Aborting.
[2025.12.03-20.52.44:225][272]LogWorld: UWorld::CleanupWorld for World_14, bSessionEnded=true, bCleanupResources=true
[2025.12.03-20.52.44:225][272]LogSlate: InvalidateAllWidgets triggered.  All widgets were invalidated
[2025.12.03-20.52.44:355][272]LogActorComponent: UnregisterComponent: (/Engine/Transient.EditorFloorComp) Not registered. Aborting.
[2025.12.03-20.52.44:355][272]LogWorld: UWorld::CleanupWorld for World_12, bSessionEnded=true, bCleanupResources=true
[2025.12.03-20.52.44:355][272]LogSlate: InvalidateAllWidgets triggered.  All widgets were invalidated
[2025.12.03-20.52.44:566][272]LogSlate: Window 'ColunaDoendoSamurai - Unreal Editor' being destroyed
[2025.12.03-20.52.44:977][273]Cmd: QUIT_EDITOR
[2025.12.03-20.52.44:978][273]LogCore: Engine exit requested (reason: UUnrealEdEngine::CloseEditor())
[2025.12.03-20.52.44:992][273]LogCore: Engine exit requested (reason: EngineExit() was called; note: exit was already requested)
[2025.12.03-20.52.45:959][273]LogAudio: Display: Beginning Audio Device Manager Shutdown (Module: AudioMixerXAudio2)...
[2025.12.03-20.52.45:960][273]LogAudio: Display: Destroying 1 Remaining Audio Device(s)...
[2025.12.03-20.52.45:960][273]LogAudio: Display: Audio Device unregistered from world 'Mapa1'.
[2025.12.03-20.52.45:960][273]LogAudioMixer: FMixerPlatformXAudio2::StopAudioStream() called
[2025.12.03-20.52.45:962][273]LogAudioMixer: FMixerPlatformXAudio2::StopAudioStream() called
[2025.12.03-20.52.45:983][273]LogAudio: Display: Audio Device Manager Shutdown
[2025.12.03-20.52.45:984][273]LogWindowsTextInputMethodSystem: Display: IME system deactivated.
[2025.12.03-20.52.45:998][273]LogExit: Preparing to exit.
[2025.12.03-20.52.46:848][273]LogUObjectHash: Compacting FUObjectHashTables data took   6.18ms
[2025.12.03-20.52.47:152][273]LogWorld: UWorld::CleanupWorld for World_11, bSessionEnded=true, bCleanupResources=true
[2025.12.03-20.52.47:166][273]LogWorld: UWorld::CleanupWorld for World_8, bSessionEnded=true, bCleanupResources=true
