Log file open, 11/24/25 07:45:25
LogWindows: Failed to load 'aqProf.dll' (GetLastError=126)
LogWindows: File 'aqProf.dll' does not exist
LogWindows: Failed to load 'VtuneApi.dll' (GetLastError=126)
LogWindows: File 'VtuneApi.dll' does not exist
LogWindows: Failed to load 'VtuneApi32e.dll' (GetLastError=126)
LogWindows: File 'VtuneApi32e.dll' does not exist
LogConsoleResponse: Display: Failed to find resolution value strings in scalability ini. Falling back to default.
LogConsoleResponse: Display: Failed to find resolution value strings in scalability ini. Falling back to default.
LogInit: Display: Running engine for game: ColunaDoendoSamurai
LogPlatformFile: Not using cached read wrapper
LogTaskGraph: Started task graph with 5 named threads and 23 total threads with 3 sets of task threads.
LogStats: Stats thread started at 0.798566
LogICUInternationalization: ICU TimeZone Detection - Raw Offset: -3:00, Platform Override: ''
LogInit: Display: Loading text-based GConfig....
LogPluginManager: Mounting plugin MeshPainting
LogPluginManager: Mounting plugin XGEController
LogPluginManager: Mounting plugin LiveLink
LogPluginManager: Mounting plugin Paper2D
LogPluginManager: Mounting plugin EnvironmentQueryEditor
LogPluginManager: Mounting plugin CameraShakePreviewer
LogPluginManager: Mounting plugin GameplayCameras
LogPluginManager: Mounting plugin LightPropagationVolume
LogPluginManager: Mounting plugin OodleNetwork
LogPluginManager: Mounting plugin AnimationSharing
LogPluginManager: Mounting plugin OodleData
LogPluginManager: Mounting plugin CLionSourceCodeAccess
LogPluginManager: Mounting plugin GitSourceControl
LogPluginManager: Mounting plugin CodeLiteSourceCodeAccess
LogPluginManager: Mounting plugin NullSourceCodeAccess
LogPluginManager: Mounting plugin KDevelopSourceCodeAccess
LogPluginManager: Mounting plugin PixWinPlugin
LogPluginManager: Mounting plugin PerforceSourceControl
LogPluginManager: Mounting plugin PluginUtils
LogPluginManager: Mounting plugin PropertyAccessNode
LogPluginManager: Mounting plugin PlasticSourceControl
LogPluginManager: Mounting plugin RiderSourceCodeAccess
LogPluginManager: Mounting plugin TextureFormatOodle
LogPluginManager: Mounting plugin SubversionSourceControl
LogPluginManager: Mounting plugin UObjectPlugin
LogPluginManager: Mounting plugin VisualStudioCodeSourceCodeAccess
LogPluginManager: Mounting plugin VisualStudioSourceCodeAccess
LogPluginManager: Mounting plugin XCodeSourceCodeAccess
LogPluginManager: Mounting plugin AssetManagerEditor
LogPluginManager: Mounting plugin CryptoKeys
LogPluginManager: Mounting plugin CurveEditorTools
LogPluginManager: Mounting plugin DataValidation
LogPluginManager: Mounting plugin FacialAnimation
LogPluginManager: Mounting plugin GeometryMode
LogPluginManager: Mounting plugin GameplayTagsEditor
LogPluginManager: Mounting plugin MacGraphicsSwitching
LogPluginManager: Mounting plugin MaterialAnalyzer
LogPluginManager: Mounting plugin MobileLauncherProfileWizard
LogPluginManager: Mounting plugin PluginBrowser
LogPluginManager: Mounting plugin SpeedTreeImporter
LogPluginManager: Mounting plugin Niagara
LogPluginManager: Mounting plugin AlembicImporter
LogPluginManager: Mounting plugin BackChannel
LogPluginManager: Mounting plugin AutomationUtils
LogPluginManager: Mounting plugin ChaosCloth
LogPluginManager: Mounting plugin ChaosClothEditor
LogPluginManager: Mounting plugin ChaosEditor
LogPluginManager: Mounting plugin ChaosNiagara
LogPluginManager: Mounting plugin CharacterAI
LogPluginManager: Mounting plugin ChaosSolverPlugin
LogPluginManager: Mounting plugin GeometryCache
LogPluginManager: Mounting plugin GeometryCollectionPlugin
LogPluginManager: Mounting plugin DatasmithContent
LogPluginManager: Mounting plugin VariantManagerContent
LogPluginManager: Mounting plugin GeometryProcessing
LogPluginManager: Mounting plugin MotoSynth
LogPluginManager: Mounting plugin OpenImageDenoise
LogPluginManager: Mounting plugin PlanarCut
LogPluginManager: Mounting plugin PlatformCrypto
LogPluginManager: Mounting plugin ProxyLODPlugin
LogPluginManager: Mounting plugin PythonScriptPlugin
LogPluginManager: Mounting plugin SkeletalReduction
LogPluginManager: Mounting plugin AndroidMedia
LogPluginManager: Mounting plugin AvfMedia
LogPluginManager: Mounting plugin ImgMedia
LogPluginManager: Mounting plugin MediaCompositing
LogPluginManager: Mounting plugin MediaPlayerEditor
LogPluginManager: Mounting plugin WebMMedia
LogPluginManager: Mounting plugin WmfMedia
LogPluginManager: Mounting plugin TcpMessaging
LogPluginManager: Mounting plugin UdpMessaging
LogPluginManager: Mounting plugin LuminPlatformFeatures
LogPluginManager: Mounting plugin MagicLeap
LogPluginManager: Mounting plugin MagicLeapLightEstimation
LogPluginManager: Mounting plugin MagicLeapMedia
LogPluginManager: Mounting plugin MagicLeapPassableWorld
LogPluginManager: Mounting plugin MLSDK
LogPluginManager: Mounting plugin ActorSequence
LogPluginManager: Mounting plugin LevelSequenceEditor
LogPluginManager: Mounting plugin MatineeToLevelSequence
LogPluginManager: Mounting plugin TemplateSequence
LogPluginManager: Mounting plugin OnlineSubsystem
LogPluginManager: Mounting plugin OnlineSubsystemNull
LogPluginManager: Mounting plugin OnlineSubsystemUtils
LogPluginManager: Mounting plugin LauncherChunkInstaller
LogPluginManager: Mounting plugin ActorLayerUtilities
LogPluginManager: Mounting plugin AndroidDeviceProfileSelector
LogPluginManager: Mounting plugin AndroidMoviePlayer
LogPluginManager: Mounting plugin AndroidPermission
LogPluginManager: Mounting plugin AppleImageUtils
LogPluginManager: Mounting plugin AppleMoviePlayer
LogPluginManager: Mounting plugin AssetTags
LogPluginManager: Mounting plugin ArchVisCharacter
LogPluginManager: Mounting plugin AudioCapture
LogPluginManager: Mounting plugin CableComponent
LogPluginManager: Mounting plugin AudioSynesthesia
LogPluginManager: Mounting plugin ChunkDownloader
LogPluginManager: Mounting plugin CustomMeshComponent
LogPluginManager: Mounting plugin EditableMesh
LogPluginManager: Mounting plugin ExampleDeviceProfileSelector
LogPluginManager: Mounting plugin GoogleCloudMessaging
LogPluginManager: Mounting plugin GooglePAD
LogPluginManager: Mounting plugin IOSDeviceProfileSelector
LogPluginManager: Mounting plugin LinuxDeviceProfileSelector
LogPluginManager: Mounting plugin LocationServicesBPLibrary
LogPluginManager: Mounting plugin MobilePatchingUtils
LogPluginManager: Mounting plugin OpenXR
LogPluginManager: Mounting plugin OpenXREyeTracker
LogPluginManager: Mounting plugin OpenXRHandTracking
LogPluginManager: Mounting plugin PhysXVehicles
LogPluginManager: Mounting plugin PostSplashScreen
LogPluginManager: Mounting plugin ProceduralMeshComponent
LogPluginManager: Mounting plugin PropertyAccessEditor
LogPluginManager: Mounting plugin RuntimePhysXCooking
LogPluginManager: Mounting plugin SignificanceManager
LogPluginManager: Mounting plugin SoundFields
LogPluginManager: Mounting plugin Synthesis
LogPluginManager: Mounting plugin WebMMoviePlayer
LogPluginManager: Mounting plugin WindowsMoviePlayer
LogPluginManager: Mounting plugin ScreenshotTools
LogPluginManager: Mounting plugin Takes
LogPluginManager: Mounting plugin AISupport
LogPluginManager: Mounting plugin ContentBrowserAssetDataSource
LogPluginManager: Mounting plugin ContentBrowserClassDataSource
LogPluginManager: Mounting plugin ContentBrowserFileDataSource
LogPluginManager: Mounting plugin OnlineSubsystemGooglePlay
LogPluginManager: Mounting plugin OnlineSubsystemIOS
LogPluginManager: Mounting plugin OculusVR
LogPluginManager: Mounting plugin SteamVR
PixWinPlugin: PIX capture plugin failed to initialize! Check that the process is launched from PIX.
LogInit: Using libcurl 7.55.1-DEV
LogInit:  - built for x86_64-pc-win32
LogInit:  - supports SSL with OpenSSL/1.1.1
LogInit:  - supports HTTP deflate (compression) using libz 1.2.8
LogInit:  - other features:
LogInit:      CURL_VERSION_SSL
LogInit:      CURL_VERSION_LIBZ
LogInit:      CURL_VERSION_IPV6
LogInit:      CURL_VERSION_ASYNCHDNS
LogInit:      CURL_VERSION_LARGEFILE
LogInit:      CURL_VERSION_IDN
LogInit:  CurlRequestOptions (configurable via config and command line):
LogInit:  - bVerifyPeer = true  - Libcurl will verify peer certificate
LogInit:  - bUseHttpProxy = false  - Libcurl will NOT use HTTP proxy
LogInit:  - bDontReuseConnections = false  - Libcurl will reuse connections
LogInit:  - MaxHostConnections = 16  - Libcurl will limit the number of connections to a host
LogInit:  - LocalHostAddr = Default
LogInit:  - BufferSize = 65536
LogOnline: OSS: Creating online subsystem instance for: NULL
LogInit: WinSock: version 1.1 (2.2), MaxSocks=32767, MaxUdp=65467
LogOnline: OSS: TryLoadSubsystemAndSetDefault: Loaded subsystem for module [NULL]
LogOculusPluginWrapper: OculusPlugin initialized successfully
LogHMD: Failed initializing OVRPlugin 1.59.0
LogInit: Build: ++UE4+Release-4.27-CL-18319896
LogInit: Engine Version: 4.27.2-18319896+++UE4+Release-4.27
LogInit: Compatible Engine Version: 4.27.0-17155196+++UE4+Release-4.27
LogInit: Net CL: 17155196
LogInit: OS: Windows 10 (Release 2009) (), CPU: AMD Ryzen 7 3750H with Radeon Vega Mobile Gfx  , GPU: AMD Radeon(TM) RX Vega 10 Graphics 
LogInit: Compiled (64-bit): Nov 30 2021 07:12:08
LogInit: Compiled with Visual C++: 19.24.28315.00
LogInit: Build Configuration: Development
LogInit: Branch Name: ++UE4+Release-4.27
LogInit: Command Line: 
LogInit: Base Directory: C:/Genshin/UE_4.27/Engine/Binaries/Win64/
LogInit: Allocator: TBB
LogInit: Installed Engine Build: 1
LogDevObjectVersion: Number of dev versions registered: 29
LogDevObjectVersion:   Dev-Blueprints (B0D832E4-1F89-4F0D-ACCF-7EB736FD4AA2): 10
LogDevObjectVersion:   Dev-Build (E1C64328-A22C-4D53-A36C-8E866417BD8C): 0
LogDevObjectVersion:   Dev-Core (375EC13C-06E4-48FB-B500-84F0262A717E): 4
LogDevObjectVersion:   Dev-Editor (E4B068ED-F494-42E9-A231-DA0B2E46BB41): 40
LogDevObjectVersion:   Dev-Framework (CFFC743F-43B0-4480-9391-14DF171D2073): 37
LogDevObjectVersion:   Dev-Mobile (B02B49B5-BB20-44E9-A304-32B752E40360): 3
LogDevObjectVersion:   Dev-Networking (A4E4105C-59A1-49B5-A7C5-40C4547EDFEE): 0
LogDevObjectVersion:   Dev-Online (39C831C9-5AE6-47DC-9A44-9C173E1C8E7C): 0
LogDevObjectVersion:   Dev-Physics (78F01B33-EBEA-4F98-B9B4-84EACCB95AA2): 14
LogDevObjectVersion:   Dev-Platform (6631380F-2D4D-43E0-8009-CF276956A95A): 0
LogDevObjectVersion:   Dev-Rendering (12F88B9F-8875-4AFC-A67C-D90C383ABD29): 45
LogDevObjectVersion:   Dev-Sequencer (7B5AE74C-D270-4C10-A958-57980B212A5A): 13
LogDevObjectVersion:   Dev-VR (D7296918-1DD6-4BDD-9DE2-64A83CC13884): 3
LogDevObjectVersion:   Dev-LoadTimes (C2A15278-BFE7-4AFE-6C17-90FF531DF755): 1
LogDevObjectVersion:   Private-Geometry (6EACA3D4-40EC-4CC1-B786-8BED09428FC5): 3
LogDevObjectVersion:   Dev-AnimPhys (29E575DD-E0A3-4627-9D10-D276232CDCEA): 17
LogDevObjectVersion:   Dev-Anim (AF43A65D-7FD3-4947-9873-3E8ED9C1BB05): 15
LogDevObjectVersion:   Dev-ReflectionCapture (6B266CEC-1EC7-4B8F-A30B-E4D90942FC07): 1
LogDevObjectVersion:   Dev-Automation (0DF73D61-A23F-47EA-B727-89E90C41499A): 1
LogDevObjectVersion:   FortniteMain (601D1886-AC64-4F84-AA16-D3DE0DEAC7D6): 47
LogDevObjectVersion:   FortniteRelease (E7086368-6B23-4C58-8439-1B7016265E91): 1
LogDevObjectVersion:   Dev-Enterprise (9DFFBCD6-494F-0158-E221-12823C92A888): 10
LogDevObjectVersion:   Dev-Niagara (F2AED0AC-9AFE-416F-8664-AA7FFA26D6FC): 1
LogDevObjectVersion:   Dev-Destruction (174F1F0B-B4C6-45A5-B13F-2EE8D0FB917D): 10
LogDevObjectVersion:   Dev-Physics-Ext (35F94A83-E258-406C-A318-09F59610247C): 41
LogDevObjectVersion:   Dev-PhysicsMaterial-Chaos (B68FC16E-8B1B-42E2-B453-215C058844FE): 1
LogDevObjectVersion:   Dev-CineCamera (B2E18506-4273-CFC2-A54E-F4BB758BBA07): 1
LogDevObjectVersion:   Dev-VirtualProduction (64F58936-FD1B-42BA-BA96-7289D5D0FA4E): 1
LogDevObjectVersion:   Dev-MediaFramework (6F0ED827-A609-4895-9C91-998D90180EA4): 2
LogInit: Presizing for max 25165824 objects, including 0 objects not considered by GC, pre-allocating 0 bytes for permanent pool.
LogConfig: Applying CVar settings from Section [/Script/Engine.StreamingSettings] File [E:/Unreal/Fumec_DevGames/Saved/Config/Windows/Engine.ini]
LogConfig: Setting CVar [[s.MinBulkDataSizeForAsyncLoading:131072]]
LogConfig: Setting CVar [[s.AsyncLoadingThreadEnabled:0]]
LogConfig: Setting CVar [[s.EventDrivenLoaderEnabled:1]]
LogConfig: Setting CVar [[s.WarnIfTimeLimitExceeded:0]]
LogConfig: Setting CVar [[s.TimeLimitExceededMultiplier:1.5]]
LogConfig: Setting CVar [[s.TimeLimitExceededMinTime:0.005]]
LogConfig: Setting CVar [[s.UseBackgroundLevelStreaming:1]]
LogConfig: Setting CVar [[s.PriorityAsyncLoadingExtraTime:15.0]]
LogConfig: Setting CVar [[s.LevelStreamingActorsUpdateTimeLimit:5.0]]
LogConfig: Setting CVar [[s.PriorityLevelStreamingActorsUpdateExtraTime:5.0]]
LogConfig: Setting CVar [[s.LevelStreamingComponentsRegistrationGranularity:10]]
LogConfig: Setting CVar [[s.UnregisterComponentsTimeLimit:1.0]]
LogConfig: Setting CVar [[s.LevelStreamingComponentsUnregistrationGranularity:5]]
LogConfig: Setting CVar [[s.FlushStreamingOnExit:1]]
LogInit: Object subsystem initialized
LogConfig: Setting CVar [[con.DebugEarlyDefault:1]]
LogConfig: Setting CVar [[r.setres:1280x720]]
[2025.11.24-10.45.27:658][  0]LogConfig: Setting CVar [[r.VSync:0]]
[2025.11.24-10.45.27:658][  0]LogConfig: Setting CVar [[r.RHICmdBypass:0]]
[2025.11.24-10.45.27:658][  0]LogConfig: Applying CVar settings from Section [/Script/Engine.RendererSettings] File [E:/Unreal/Fumec_DevGames/Saved/Config/Windows/Engine.ini]
[2025.11.24-10.45.27:658][  0]LogConfig: Setting CVar [[r.GPUCrashDebugging:0]]
[2025.11.24-10.45.27:659][  0]LogConfig: Setting CVar [[r.Mobile.DisableVertexFog:1]]
[2025.11.24-10.45.27:659][  0]LogConfig: Setting CVar [[r.Shadow.CSM.MaxMobileCascades:2]]
[2025.11.24-10.45.27:659][  0]LogConfig: Setting CVar [[r.MobileMSAA:1]]
[2025.11.24-10.45.27:659][  0]LogConfig: Setting CVar [[r.Mobile.AllowDitheredLODTransition:0]]
[2025.11.24-10.45.27:659][  0]LogConfig: Setting CVar [[r.Mobile.AllowSoftwareOcclusion:0]]
[2025.11.24-10.45.27:659][  0]LogConfig: Setting CVar [[r.Mobile.VirtualTextures:0]]
[2025.11.24-10.45.27:659][  0]LogConfig: Setting CVar [[r.DiscardUnusedQuality:0]]
[2025.11.24-10.45.27:659][  0]LogConfig: Setting CVar [[r.AllowOcclusionQueries:1]]
[2025.11.24-10.45.27:659][  0]LogConfig: Setting CVar [[r.MinScreenRadiusForLights:0.030000]]
[2025.11.24-10.45.27:659][  0]LogConfig: Setting CVar [[r.MinScreenRadiusForDepthPrepass:0.030000]]
[2025.11.24-10.45.27:659][  0]LogConfig: Setting CVar [[r.MinScreenRadiusForCSMDepth:0.010000]]
[2025.11.24-10.45.27:659][  0]LogConfig: Setting CVar [[r.PrecomputedVisibilityWarning:0]]
[2025.11.24-10.45.27:659][  0]LogConfig: Setting CVar [[r.TextureStreaming:1]]
[2025.11.24-10.45.27:659][  0]LogConfig: Setting CVar [[Compat.UseDXT5NormalMaps:0]]
[2025.11.24-10.45.27:659][  0]LogConfig: Setting CVar [[r.VirtualTextures:0]]
[2025.11.24-10.45.27:659][  0]LogConfig: Setting CVar [[r.VT.EnableAutoImport:1]]
[2025.11.24-10.45.27:659][  0]LogConfig: Setting CVar [[r.VirtualTexturedLightmaps:0]]
[2025.11.24-10.45.27:659][  0]LogConfig: Setting CVar [[r.VT.TileSize:128]]
[2025.11.24-10.45.27:659][  0]LogConfig: Setting CVar [[r.VT.TileBorderSize:4]]
[2025.11.24-10.45.27:659][  0]LogConfig: Setting CVar [[r.vt.FeedbackFactor:16]]
[2025.11.24-10.45.27:659][  0]LogConfig: Setting CVar [[r.VT.EnableCompressZlib:1]]
[2025.11.24-10.45.27:659][  0]LogConfig: Setting CVar [[r.VT.EnableCompressCrunch:0]]
[2025.11.24-10.45.27:659][  0]LogConfig: Setting CVar [[r.ClearCoatNormal:0]]
[2025.11.24-10.45.27:659][  0]LogConfig: Setting CVar [[r.ReflectionCaptureResolution:128]]
[2025.11.24-10.45.27:659][  0]LogConfig: Setting CVar [[r.Mobile.ReflectionCaptureCompression:0]]
[2025.11.24-10.45.27:659][  0]LogConfig: Setting CVar [[r.ReflectionEnvironmentLightmapMixBasedOnRoughness:1]]
[2025.11.24-10.45.27:659][  0]LogConfig: Setting CVar [[r.ForwardShading:0]]
[2025.11.24-10.45.27:659][  0]LogConfig: Setting CVar [[r.VertexFoggingForOpaque:1]]
[2025.11.24-10.45.27:659][  0]LogConfig: Setting CVar [[r.AllowStaticLighting:1]]
[2025.11.24-10.45.27:659][  0]LogConfig: Setting CVar [[r.NormalMapsForStaticLighting:0]]
[2025.11.24-10.45.27:659][  0]LogConfig: Setting CVar [[r.GenerateMeshDistanceFields:0]]
[2025.11.24-10.45.27:659][  0]LogConfig: Setting CVar [[r.DistanceFieldBuild.EightBit:0]]
[2025.11.24-10.45.27:659][  0]LogConfig: Setting CVar [[r.GenerateLandscapeGIData:0]]
[2025.11.24-10.45.27:659][  0]LogConfig: Setting CVar [[r.DistanceFieldBuild.Compress:0]]
[2025.11.24-10.45.27:659][  0]LogConfig: Setting CVar [[r.TessellationAdaptivePixelsPerTriangle:48.000000]]
[2025.11.24-10.45.27:659][  0]LogConfig: Setting CVar [[r.SeparateTranslucency:1]]
[2025.11.24-10.45.27:659][  0]LogConfig: Setting CVar [[r.TranslucentSortPolicy:0]]
[2025.11.24-10.45.27:659][  0]LogConfig: Setting CVar [[vr.VRS.HMDFixedFoveationLevel:0]]
[2025.11.24-10.45.27:659][  0]LogConfig: Setting CVar [[r.CustomDepth:1]]
[2025.11.24-10.45.27:659][  0]LogConfig: Setting CVar [[r.CustomDepthTemporalAAJitter:1]]
[2025.11.24-10.45.27:659][  0]LogConfig: Setting CVar [[r.PostProcessing.PropagateAlpha:0]]
[2025.11.24-10.45.27:659][  0]LogConfig: Setting CVar [[r.DefaultFeature.Bloom:1]]
[2025.11.24-10.45.27:659][  0]LogConfig: Setting CVar [[r.DefaultFeature.AmbientOcclusion:1]]
[2025.11.24-10.45.27:659][  0]LogConfig: Setting CVar [[r.DefaultFeature.AmbientOcclusionStaticFraction:1]]
[2025.11.24-10.45.27:659][  0]LogConfig: Setting CVar [[r.DefaultFeature.AutoExposure:0]]
[2025.11.24-10.45.27:659][  0]LogConfig: Setting CVar [[r.DefaultFeature.AutoExposure.Method:0]]
[2025.11.24-10.45.27:659][  0]LogConfig: Setting CVar [[r.DefaultFeature.AutoExposure.Bias:1.000000]]
[2025.11.24-10.45.27:659][  0]LogConfig: Setting CVar [[r.DefaultFeature.AutoExposure.ExtendDefaultLuminanceRange:0]]
[2025.11.24-10.45.27:659][  0]LogConfig: Setting CVar [[r.UsePreExposure:1]]
[2025.11.24-10.45.27:659][  0]LogConfig: Setting CVar [[r.EyeAdaptation.EditorOnly:0]]
[2025.11.24-10.45.27:659][  0]LogConfig: Setting CVar [[r.DefaultFeature.MotionBlur:0]]
[2025.11.24-10.45.27:660][  0]LogConfig: Setting CVar [[r.DefaultFeature.LensFlare:0]]
[2025.11.24-10.45.27:660][  0]LogConfig: Setting CVar [[r.TemporalAA.Upsampling:0]]
[2025.11.24-10.45.27:660][  0]LogConfig: Setting CVar [[r.SSGI.Enable:0]]
[2025.11.24-10.45.27:660][  0]LogConfig: Setting CVar [[r.DefaultFeature.AntiAliasing:0]]
[2025.11.24-10.45.27:660][  0]LogConfig: Setting CVar [[r.DefaultFeature.LightUnits:1]]
[2025.11.24-10.45.27:660][  0]LogConfig: Setting CVar [[r.DefaultBackBufferPixelFormat:4]]
[2025.11.24-10.45.27:660][  0]LogConfig: Setting CVar [[r.Shadow.UnbuiltPreviewInGame:1]]
[2025.11.24-10.45.27:660][  0]LogConfig: Setting CVar [[r.StencilForLODDither:0]]
[2025.11.24-10.45.27:660][  0]LogConfig: Setting CVar [[r.EarlyZPass:3]]
[2025.11.24-10.45.27:660][  0]LogConfig: Setting CVar [[r.EarlyZPassOnlyMaterialMasking:0]]
[2025.11.24-10.45.27:660][  0]LogConfig: Setting CVar [[r.DBuffer:1]]
[2025.11.24-10.45.27:660][  0]LogConfig: Setting CVar [[r.ClearSceneMethod:1]]
[2025.11.24-10.45.27:660][  0]LogConfig: Setting CVar [[r.BasePassOutputsVelocity:0]]
[2025.11.24-10.45.27:660][  0]LogConfig: Setting CVar [[r.VertexDeformationOutputsVelocity:0]]
[2025.11.24-10.45.27:660][  0]LogConfig: Setting CVar [[r.SelectiveBasePassOutputs:0]]
[2025.11.24-10.45.27:660][  0]LogConfig: Setting CVar [[fx.GPUSimulationTextureSizeX:1024]]
[2025.11.24-10.45.27:660][  0]LogConfig: Setting CVar [[fx.GPUSimulationTextureSizeY:1024]]
[2025.11.24-10.45.27:660][  0]LogConfig: Setting CVar [[r.AllowGlobalClipPlane:0]]
[2025.11.24-10.45.27:660][  0]LogConfig: Setting CVar [[r.GBufferFormat:1]]
[2025.11.24-10.45.27:660][  0]LogConfig: Setting CVar [[r.MorphTarget.Mode:1]]
[2025.11.24-10.45.27:660][  0]LogConfig: Setting CVar [[vr.InstancedStereo:0]]
[2025.11.24-10.45.27:660][  0]LogConfig: Setting CVar [[r.MobileHDR:1]]
[2025.11.24-10.45.27:660][  0]LogConfig: Setting CVar [[vr.MobileMultiView:0]]
[2025.11.24-10.45.27:660][  0]LogConfig: Setting CVar [[r.Mobile.UseHWsRGBEncoding:0]]
[2025.11.24-10.45.27:660][  0]LogConfig: Setting CVar [[vr.RoundRobinOcclusion:0]]
[2025.11.24-10.45.27:660][  0]LogConfig: Setting CVar [[vr.ODSCapture:0]]
[2025.11.24-10.45.27:660][  0]LogConfig: Setting CVar [[r.MeshStreaming:0]]
[2025.11.24-10.45.27:660][  0]LogConfig: Setting CVar [[r.WireframeCullThreshold:5.000000]]
[2025.11.24-10.45.27:660][  0]LogConfig: Setting CVar [[r.RayTracing:0]]
[2025.11.24-10.45.27:660][  0]LogConfig: Setting CVar [[r.RayTracing.UseTextureLod:0]]
[2025.11.24-10.45.27:660][  0]LogConfig: Setting CVar [[r.SupportStationarySkylight:1]]
[2025.11.24-10.45.27:660][  0]LogConfig: Setting CVar [[r.SupportLowQualityLightmaps:1]]
[2025.11.24-10.45.27:660][  0]LogConfig: Setting CVar [[r.SupportPointLightWholeSceneShadows:1]]
[2025.11.24-10.45.27:660][  0]LogConfig: Setting CVar [[r.SupportAtmosphericFog:1]]
[2025.11.24-10.45.27:660][  0]LogConfig: Setting CVar [[r.SupportSkyAtmosphere:1]]
[2025.11.24-10.45.27:660][  0]LogConfig: Setting CVar [[r.SupportSkyAtmosphereAffectsHeightFog:0]]
[2025.11.24-10.45.27:660][  0]LogConfig: Setting CVar [[r.SkinCache.CompileShaders:0]]
[2025.11.24-10.45.27:660][  0]LogConfig: Setting CVar [[r.SkinCache.DefaultBehavior:1]]
[2025.11.24-10.45.27:660][  0]LogConfig: Setting CVar [[r.SkinCache.SceneMemoryLimitInMB:128.000000]]
[2025.11.24-10.45.27:660][  0]LogConfig: Setting CVar [[r.Mobile.EnableStaticAndCSMShadowReceivers:1]]
[2025.11.24-10.45.27:660][  0]LogConfig: Setting CVar [[r.Mobile.EnableMovableLightCSMShaderCulling:1]]
[2025.11.24-10.45.27:660][  0]LogConfig: Setting CVar [[r.Mobile.AllowDistanceFieldShadows:1]]
[2025.11.24-10.45.27:660][  0]LogConfig: Setting CVar [[r.Mobile.AllowMovableDirectionalLights:1]]
[2025.11.24-10.45.27:660][  0]LogConfig: Setting CVar [[r.MobileNumDynamicPointLights:4]]
[2025.11.24-10.45.27:660][  0]LogConfig: Setting CVar [[r.MobileDynamicPointLightsUseStaticBranch:1]]
[2025.11.24-10.45.27:660][  0]LogConfig: Setting CVar [[r.Mobile.EnableMovableSpotlights:0]]
[2025.11.24-10.45.27:660][  0]LogConfig: Setting CVar [[r.Mobile.EnableMovableSpotlightsShadow:0]]
[2025.11.24-10.45.27:660][  0]LogConfig: Setting CVar [[r.GPUSkin.Support16BitBoneIndex:0]]
[2025.11.24-10.45.27:661][  0]LogConfig: Setting CVar [[r.GPUSkin.Limit2BoneInfluences:0]]
[2025.11.24-10.45.27:661][  0]LogConfig: Setting CVar [[r.SupportDepthOnlyIndexBuffers:1]]
[2025.11.24-10.45.27:661][  0]LogConfig: Setting CVar [[r.SupportReversedIndexBuffers:1]]
[2025.11.24-10.45.27:661][  0]LogConfig: Setting CVar [[r.LightPropagationVolume:0]]
[2025.11.24-10.45.27:661][  0]LogConfig: Setting CVar [[r.Mobile.AmbientOcclusion:0]]
[2025.11.24-10.45.27:661][  0]LogConfig: Setting CVar [[r.GPUSkin.UnlimitedBoneInfluences:0]]
[2025.11.24-10.45.27:661][  0]LogConfig: Setting CVar [[r.GPUSkin.UnlimitedBoneInfluencesThreshold:8]]
[2025.11.24-10.45.27:661][  0]LogConfig: Setting CVar [[r.Mobile.PlanarReflectionMode:0]]
[2025.11.24-10.45.27:661][  0]LogConfig: Setting CVar [[r.Mobile.SupportsGen4TAA:0]]
[2025.11.24-10.45.27:661][  0]LogConfig: Applying CVar settings from Section [/Script/Engine.RendererOverrideSettings] File [E:/Unreal/Fumec_DevGames/Saved/Config/Windows/Engine.ini]
[2025.11.24-10.45.27:661][  0]LogConfig: Applying CVar settings from Section [/Script/Engine.StreamingSettings] File [E:/Unreal/Fumec_DevGames/Saved/Config/Windows/Engine.ini]
[2025.11.24-10.45.27:661][  0]LogConfig: Setting CVar [[s.MinBulkDataSizeForAsyncLoading:131072]]
[2025.11.24-10.45.27:661][  0]LogConfig: Setting CVar [[s.AsyncLoadingThreadEnabled:0]]
[2025.11.24-10.45.27:661][  0]LogConfig: Setting CVar [[s.EventDrivenLoaderEnabled:1]]
[2025.11.24-10.45.27:661][  0]LogConfig: Setting CVar [[s.WarnIfTimeLimitExceeded:0]]
[2025.11.24-10.45.27:661][  0]LogConfig: Setting CVar [[s.TimeLimitExceededMultiplier:1.5]]
[2025.11.24-10.45.27:661][  0]LogConfig: Setting CVar [[s.TimeLimitExceededMinTime:0.005]]
[2025.11.24-10.45.27:661][  0]LogConfig: Setting CVar [[s.UseBackgroundLevelStreaming:1]]
[2025.11.24-10.45.27:661][  0]LogConfig: Setting CVar [[s.PriorityAsyncLoadingExtraTime:15.0]]
[2025.11.24-10.45.27:661][  0]LogConfig: Setting CVar [[s.LevelStreamingActorsUpdateTimeLimit:5.0]]
[2025.11.24-10.45.27:661][  0]LogConfig: Setting CVar [[s.PriorityLevelStreamingActorsUpdateExtraTime:5.0]]
[2025.11.24-10.45.27:661][  0]LogConfig: Setting CVar [[s.LevelStreamingComponentsRegistrationGranularity:10]]
[2025.11.24-10.45.27:661][  0]LogConfig: Setting CVar [[s.UnregisterComponentsTimeLimit:1.0]]
[2025.11.24-10.45.27:661][  0]LogConfig: Setting CVar [[s.LevelStreamingComponentsUnregistrationGranularity:5]]
[2025.11.24-10.45.27:661][  0]LogConfig: Setting CVar [[s.FlushStreamingOnExit:1]]
[2025.11.24-10.45.27:661][  0]LogConfig: Applying CVar settings from Section [/Script/Engine.GarbageCollectionSettings] File [E:/Unreal/Fumec_DevGames/Saved/Config/Windows/Engine.ini]
[2025.11.24-10.45.27:661][  0]LogConfig: Setting CVar [[gc.MaxObjectsNotConsideredByGC:1]]
[2025.11.24-10.45.27:661][  0]LogConfig: Setting CVar [[gc.SizeOfPermanentObjectPool:0]]
[2025.11.24-10.45.27:661][  0]LogConfig: Setting CVar [[gc.FlushStreamingOnGC:0]]
[2025.11.24-10.45.27:661][  0]LogConfig: Setting CVar [[gc.NumRetriesBeforeForcingGC:10]]
[2025.11.24-10.45.27:661][  0]LogConfig: Setting CVar [[gc.AllowParallelGC:1]]
[2025.11.24-10.45.27:661][  0]LogConfig: Setting CVar [[gc.TimeBetweenPurgingPendingKillObjects:61.1]]
[2025.11.24-10.45.27:661][  0]LogConfig: Setting CVar [[gc.MaxObjectsInEditor:25165824]]
[2025.11.24-10.45.27:661][  0]LogConfig: Setting CVar [[gc.IncrementalBeginDestroyEnabled:1]]
[2025.11.24-10.45.27:661][  0]LogConfig: Setting CVar [[gc.CreateGCClusters:1]]
[2025.11.24-10.45.27:661][  0]LogConfig: Setting CVar [[gc.MinGCClusterSize:5]]
[2025.11.24-10.45.27:661][  0]LogConfig: Setting CVar [[gc.ActorClusteringEnabled:0]]
[2025.11.24-10.45.27:661][  0]LogConfig: Setting CVar [[gc.BlueprintClusteringEnabled:0]]
[2025.11.24-10.45.27:661][  0]LogConfig: Setting CVar [[gc.UseDisregardForGCOnDedicatedServers:0]]
[2025.11.24-10.45.27:661][  0]LogConfig: Setting CVar [[gc.MultithreadedDestructionEnabled:1]]
[2025.11.24-10.45.27:661][  0]LogConfig: Applying CVar settings from Section [/Script/Engine.NetworkSettings] File [E:/Unreal/Fumec_DevGames/Saved/Config/Windows/Engine.ini]
[2025.11.24-10.45.27:661][  0]LogConfig: Applying CVar settings from Section [/Script/UnrealEd.CookerSettings] File [E:/Unreal/Fumec_DevGames/Saved/Config/Windows/Engine.ini]
[2025.11.24-10.45.27:670][  0]LogConfig: Applying CVar settings from Section [ViewDistanceQuality@3] File [E:/Unreal/Fumec_DevGames/Saved/Config/Windows/Scalability.ini]
[2025.11.24-10.45.27:670][  0]LogConfig: Setting CVar [[r.SkeletalMeshLODBias:0]]
[2025.11.24-10.45.27:670][  0]LogConfig: Setting CVar [[r.ViewDistanceScale:1.0]]
[2025.11.24-10.45.27:670][  0]LogConfig: Applying CVar settings from Section [AntiAliasingQuality@3] File [E:/Unreal/Fumec_DevGames/Saved/Config/Windows/Scalability.ini]
[2025.11.24-10.45.27:670][  0]LogConfig: Setting CVar [[r.PostProcessAAQuality:4]]
[2025.11.24-10.45.27:670][  0]LogConfig: Applying CVar settings from Section [ShadowQuality@3] File [E:/Unreal/Fumec_DevGames/Saved/Config/Windows/Scalability.ini]
[2025.11.24-10.45.27:670][  0]LogConfig: Setting CVar [[r.LightFunctionQuality:1]]
[2025.11.24-10.45.27:670][  0]LogConfig: Setting CVar [[r.ShadowQuality:5]]
[2025.11.24-10.45.27:670][  0]LogConfig: Setting CVar [[r.Shadow.CSM.MaxCascades:10]]
[2025.11.24-10.45.27:670][  0]LogConfig: Setting CVar [[r.Shadow.MaxResolution:2048]]
[2025.11.24-10.45.27:670][  0]LogConfig: Setting CVar [[r.Shadow.MaxCSMResolution:2048]]
[2025.11.24-10.45.27:670][  0]LogConfig: Setting CVar [[r.Shadow.RadiusThreshold:0.01]]
[2025.11.24-10.45.27:670][  0]LogConfig: Setting CVar [[r.Shadow.DistanceScale:1.0]]
[2025.11.24-10.45.27:670][  0]LogConfig: Setting CVar [[r.Shadow.CSM.TransitionScale:1.0]]
[2025.11.24-10.45.27:670][  0]LogConfig: Setting CVar [[r.Shadow.PreShadowResolutionFactor:1.0]]
[2025.11.24-10.45.27:671][  0]LogConfig: Setting CVar [[r.DistanceFieldShadowing:1]]
[2025.11.24-10.45.27:671][  0]LogConfig: Setting CVar [[r.DistanceFieldAO:1]]
[2025.11.24-10.45.27:671][  0]LogConfig: Setting CVar [[r.AOQuality:2]]
[2025.11.24-10.45.27:671][  0]LogConfig: Setting CVar [[r.VolumetricFog:1]]
[2025.11.24-10.45.27:671][  0]LogConfig: Setting CVar [[r.VolumetricFog.GridPixelSize:8]]
[2025.11.24-10.45.27:671][  0]LogConfig: Setting CVar [[r.VolumetricFog.GridSizeZ:128]]
[2025.11.24-10.45.27:671][  0]LogConfig: Setting CVar [[r.VolumetricFog.HistoryMissSupersampleCount:4]]
[2025.11.24-10.45.27:671][  0]LogConfig: Setting CVar [[r.LightMaxDrawDistanceScale:1]]
[2025.11.24-10.45.27:671][  0]LogConfig: Setting CVar [[r.CapsuleShadows:1]]
[2025.11.24-10.45.27:671][  0]LogConfig: Applying CVar settings from Section [PostProcessQuality@3] File [E:/Unreal/Fumec_DevGames/Saved/Config/Windows/Scalability.ini]
[2025.11.24-10.45.27:671][  0]LogConfig: Setting CVar [[r.MotionBlurQuality:4]]
[2025.11.24-10.45.27:671][  0]LogConfig: Setting CVar [[r.AmbientOcclusionMipLevelFactor:0.4]]
[2025.11.24-10.45.27:671][  0]LogConfig: Setting CVar [[r.AmbientOcclusionMaxQuality:100]]
[2025.11.24-10.45.27:671][  0]LogConfig: Setting CVar [[r.AmbientOcclusionLevels:-1]]
[2025.11.24-10.45.27:671][  0]LogConfig: Setting CVar [[r.AmbientOcclusionRadiusScale:1.0]]
[2025.11.24-10.45.27:671][  0]LogConfig: Setting CVar [[r.DepthOfFieldQuality:2]]
[2025.11.24-10.45.27:671][  0]LogConfig: Setting CVar [[r.RenderTargetPoolMin:400]]
[2025.11.24-10.45.27:671][  0]LogConfig: Setting CVar [[r.LensFlareQuality:2]]
[2025.11.24-10.45.27:671][  0]LogConfig: Setting CVar [[r.SceneColorFringeQuality:1]]
[2025.11.24-10.45.27:671][  0]LogConfig: Setting CVar [[r.EyeAdaptationQuality:2]]
[2025.11.24-10.45.27:671][  0]LogConfig: Setting CVar [[r.BloomQuality:5]]
[2025.11.24-10.45.27:671][  0]LogConfig: Setting CVar [[r.FastBlurThreshold:100]]
[2025.11.24-10.45.27:671][  0]LogConfig: Setting CVar [[r.Upscale.Quality:3]]
[2025.11.24-10.45.27:671][  0]LogConfig: Setting CVar [[r.Tonemapper.GrainQuantization:1]]
[2025.11.24-10.45.27:671][  0]LogConfig: Setting CVar [[r.LightShaftQuality:1]]
[2025.11.24-10.45.27:671][  0]LogConfig: Setting CVar [[r.Filter.SizeScale:1]]
[2025.11.24-10.45.27:671][  0]LogConfig: Setting CVar [[r.Tonemapper.Quality:5]]
[2025.11.24-10.45.27:671][  0]LogConfig: Setting CVar [[r.DOF.Gather.AccumulatorQuality:1        ; higher gathering accumulator quality]]
[2025.11.24-10.45.27:671][  0]LogConfig: Setting CVar [[r.DOF.Gather.PostfilterMethod:1          ; Median3x3 postfilering method]]
[2025.11.24-10.45.27:671][  0]LogConfig: Setting CVar [[r.DOF.Gather.EnableBokehSettings:0       ; no bokeh simulation when gathering]]
[2025.11.24-10.45.27:671][  0]LogConfig: Setting CVar [[r.DOF.Gather.RingCount:4                 ; medium number of samples when gathering]]
[2025.11.24-10.45.27:671][  0]LogConfig: Setting CVar [[r.DOF.Scatter.ForegroundCompositing:1    ; additive foreground scattering]]
[2025.11.24-10.45.27:671][  0]LogConfig: Setting CVar [[r.DOF.Scatter.BackgroundCompositing:2    ; additive background scattering]]
[2025.11.24-10.45.27:671][  0]LogConfig: Setting CVar [[r.DOF.Scatter.EnableBokehSettings:1      ; bokeh simulation when scattering]]
[2025.11.24-10.45.27:671][  0]LogConfig: Setting CVar [[r.DOF.Scatter.MaxSpriteRatio:0.1         ; only a maximum of 10% of scattered bokeh]]
[2025.11.24-10.45.27:671][  0]LogConfig: Setting CVar [[r.DOF.Recombine.Quality:1                ; cheap slight out of focus]]
[2025.11.24-10.45.27:671][  0]LogConfig: Setting CVar [[r.DOF.Recombine.EnableBokehSettings:0    ; no bokeh simulation on slight out of focus]]
[2025.11.24-10.45.27:671][  0]LogConfig: Setting CVar [[r.DOF.TemporalAAQuality:1                ; more stable temporal accumulation]]
[2025.11.24-10.45.27:671][  0]LogConfig: Setting CVar [[r.DOF.Kernel.MaxForegroundRadius:0.025]]
[2025.11.24-10.45.27:671][  0]LogConfig: Setting CVar [[r.DOF.Kernel.MaxBackgroundRadius:0.025]]
[2025.11.24-10.45.27:671][  0]LogConfig: Applying CVar settings from Section [TextureQuality@3] File [E:/Unreal/Fumec_DevGames/Saved/Config/Windows/Scalability.ini]
[2025.11.24-10.45.27:671][  0]LogConfig: Setting CVar [[r.Streaming.MipBias:0]]
[2025.11.24-10.45.27:671][  0]LogConfig: Setting CVar [[r.Streaming.AmortizeCPUToGPUCopy:0]]
[2025.11.24-10.45.27:671][  0]LogConfig: Setting CVar [[r.Streaming.MaxNumTexturesToStreamPerFrame:0]]
[2025.11.24-10.45.27:671][  0]LogConfig: Setting CVar [[r.Streaming.Boost:1]]
[2025.11.24-10.45.27:671][  0]LogConfig: Setting CVar [[r.MaxAnisotropy:8]]
[2025.11.24-10.45.27:671][  0]LogConfig: Setting CVar [[r.VT.MaxAnisotropy:8]]
[2025.11.24-10.45.27:671][  0]LogConfig: Setting CVar [[r.Streaming.LimitPoolSizeToVRAM:0]]
[2025.11.24-10.45.27:671][  0]LogConfig: Setting CVar [[r.Streaming.PoolSize:1000]]
[2025.11.24-10.45.27:672][  0]LogConfig: Setting CVar [[r.Streaming.MaxEffectiveScreenSize:0]]
[2025.11.24-10.45.27:672][  0]LogConfig: Applying CVar settings from Section [EffectsQuality@3] File [E:/Unreal/Fumec_DevGames/Saved/Config/Windows/Scalability.ini]
[2025.11.24-10.45.27:672][  0]LogConfig: Setting CVar [[r.TranslucencyLightingVolumeDim:64]]
[2025.11.24-10.45.27:672][  0]LogConfig: Setting CVar [[r.RefractionQuality:2]]
[2025.11.24-10.45.27:672][  0]LogConfig: Setting CVar [[r.SSR.Quality:3]]
[2025.11.24-10.45.27:672][  0]LogConfig: Setting CVar [[r.SSR.HalfResSceneColor:0]]
[2025.11.24-10.45.27:672][  0]LogConfig: Setting CVar [[r.SceneColorFormat:4]]
[2025.11.24-10.45.27:672][  0]LogConfig: Setting CVar [[r.DetailMode:2]]
[2025.11.24-10.45.27:672][  0]LogConfig: Setting CVar [[r.TranslucencyVolumeBlur:1]]
[2025.11.24-10.45.27:672][  0]LogConfig: Setting CVar [[r.MaterialQualityLevel:1 ; High quality]]
[2025.11.24-10.45.27:672][  0]LogConfig: Setting CVar [[r.AnisotropicMaterials:1]]
[2025.11.24-10.45.27:672][  0]LogConfig: Setting CVar [[r.SSS.Scale:1]]
[2025.11.24-10.45.27:672][  0]LogConfig: Setting CVar [[r.SSS.SampleSet:2]]
[2025.11.24-10.45.27:672][  0]LogConfig: Setting CVar [[r.SSS.Quality:1]]
[2025.11.24-10.45.27:672][  0]LogConfig: Setting CVar [[r.SSS.HalfRes:0]]
[2025.11.24-10.45.27:672][  0]LogConfig: Setting CVar [[r.SSGI.Quality:3]]
[2025.11.24-10.45.27:672][  0]LogConfig: Setting CVar [[r.EmitterSpawnRateScale:1.0]]
[2025.11.24-10.45.27:672][  0]LogConfig: Setting CVar [[r.ParticleLightQuality:2]]
[2025.11.24-10.45.27:672][  0]LogConfig: Setting CVar [[r.SkyAtmosphere.AerialPerspectiveLUT.FastApplyOnOpaque:1 ; Always have FastSkyLUT 1 in this case to avoid wrong sky]]
[2025.11.24-10.45.27:672][  0]LogConfig: Setting CVar [[r.SkyAtmosphere.AerialPerspectiveLUT.SampleCountMaxPerSlice:4]]
[2025.11.24-10.45.27:672][  0]LogConfig: Setting CVar [[r.SkyAtmosphere.AerialPerspectiveLUT.DepthResolution:16.0]]
[2025.11.24-10.45.27:672][  0]LogConfig: Setting CVar [[r.SkyAtmosphere.FastSkyLUT:1]]
[2025.11.24-10.45.27:672][  0]LogConfig: Setting CVar [[r.SkyAtmosphere.FastSkyLUT.SampleCountMin:4.0]]
[2025.11.24-10.45.27:672][  0]LogConfig: Setting CVar [[r.SkyAtmosphere.FastSkyLUT.SampleCountMax:128.0]]
[2025.11.24-10.45.27:672][  0]LogConfig: Setting CVar [[r.SkyAtmosphere.SampleCountMin:4.0]]
[2025.11.24-10.45.27:672][  0]LogConfig: Setting CVar [[r.SkyAtmosphere.SampleCountMax:128.0]]
[2025.11.24-10.45.27:672][  0]LogConfig: Setting CVar [[r.SkyAtmosphere.TransmittanceLUT.UseSmallFormat:0]]
[2025.11.24-10.45.27:672][  0]LogConfig: Setting CVar [[r.SkyAtmosphere.TransmittanceLUT.SampleCount:10.0]]
[2025.11.24-10.45.27:672][  0]LogConfig: Setting CVar [[r.SkyAtmosphere.MultiScatteringLUT.SampleCount:15.0]]
[2025.11.24-10.45.27:672][  0]LogConfig: Setting CVar [[r.SkyLight.RealTimeReflectionCapture:1]]
[2025.11.24-10.45.27:672][  0]LogConfig: Applying CVar settings from Section [FoliageQuality@3] File [E:/Unreal/Fumec_DevGames/Saved/Config/Windows/Scalability.ini]
[2025.11.24-10.45.27:672][  0]LogConfig: Setting CVar [[foliage.DensityScale:1.0]]
[2025.11.24-10.45.27:672][  0]LogConfig: Setting CVar [[grass.DensityScale:1.0]]
[2025.11.24-10.45.27:672][  0]LogConfig: Applying CVar settings from Section [ShadingQuality@3] File [E:/Unreal/Fumec_DevGames/Saved/Config/Windows/Scalability.ini]
[2025.11.24-10.45.27:672][  0]LogConfig: Setting CVar [[r.HairStrands.SkyLighting.IntegrationType:2]]
[2025.11.24-10.45.27:672][  0]LogConfig: Setting CVar [[r.HairStrands.SkyAO.SampleCount:4]]
[2025.11.24-10.45.27:672][  0]LogConfig: Setting CVar [[r.HairStrands.Visibility.MSAA.SamplePerPixel:4]]
[2025.11.24-10.45.27:672][  0]LogInit: Selected Device Profile: [Windows]
[2025.11.24-10.45.27:672][  0]LogInit: Applying CVar settings loaded from the selected device profile: [Windows]
[2025.11.24-10.45.27:672][  0]LogHAL: Display: Platform has ~ 14 GB [14968041472 / 17179869184 / 14], which maps to Larger [LargestMinGB=32, LargerMinGB=12, DefaultMinGB=8, SmallerMinGB=6, SmallestMinGB=0)
[2025.11.24-10.45.27:672][  0]LogInit: Going up to parent DeviceProfile []
[2025.11.24-10.45.27:673][  0]LogConfig: Applying CVar settings from Section [ViewDistanceQuality@3] File [E:/Unreal/Fumec_DevGames/Saved/Config/Windows/Scalability.ini]
[2025.11.24-10.45.27:673][  0]LogConfig: Setting CVar [[r.SkeletalMeshLODBias:0]]
[2025.11.24-10.45.27:673][  0]LogConfig: Setting CVar [[r.ViewDistanceScale:1.0]]
[2025.11.24-10.45.27:673][  0]LogConfig: Applying CVar settings from Section [AntiAliasingQuality@3] File [E:/Unreal/Fumec_DevGames/Saved/Config/Windows/Scalability.ini]
[2025.11.24-10.45.27:673][  0]LogConfig: Setting CVar [[r.PostProcessAAQuality:4]]
[2025.11.24-10.45.27:673][  0]LogConfig: Applying CVar settings from Section [ShadowQuality@3] File [E:/Unreal/Fumec_DevGames/Saved/Config/Windows/Scalability.ini]
[2025.11.24-10.45.27:673][  0]LogConfig: Setting CVar [[r.LightFunctionQuality:1]]
[2025.11.24-10.45.27:673][  0]LogConfig: Setting CVar [[r.ShadowQuality:5]]
[2025.11.24-10.45.27:673][  0]LogConfig: Setting CVar [[r.Shadow.CSM.MaxCascades:10]]
[2025.11.24-10.45.27:673][  0]LogConfig: Setting CVar [[r.Shadow.MaxResolution:2048]]
[2025.11.24-10.45.27:673][  0]LogConfig: Setting CVar [[r.Shadow.MaxCSMResolution:2048]]
[2025.11.24-10.45.27:673][  0]LogConfig: Setting CVar [[r.Shadow.RadiusThreshold:0.01]]
[2025.11.24-10.45.27:673][  0]LogConfig: Setting CVar [[r.Shadow.DistanceScale:1.0]]
[2025.11.24-10.45.27:673][  0]LogConfig: Setting CVar [[r.Shadow.CSM.TransitionScale:1.0]]
[2025.11.24-10.45.27:673][  0]LogConfig: Setting CVar [[r.Shadow.PreShadowResolutionFactor:1.0]]
[2025.11.24-10.45.27:673][  0]LogConfig: Setting CVar [[r.DistanceFieldShadowing:1]]
[2025.11.24-10.45.27:673][  0]LogConfig: Setting CVar [[r.DistanceFieldAO:1]]
[2025.11.24-10.45.27:673][  0]LogConfig: Setting CVar [[r.AOQuality:2]]
[2025.11.24-10.45.27:673][  0]LogConfig: Setting CVar [[r.VolumetricFog:1]]
[2025.11.24-10.45.27:673][  0]LogConfig: Setting CVar [[r.VolumetricFog.GridPixelSize:8]]
[2025.11.24-10.45.27:673][  0]LogConfig: Setting CVar [[r.VolumetricFog.GridSizeZ:128]]
[2025.11.24-10.45.27:673][  0]LogConfig: Setting CVar [[r.VolumetricFog.HistoryMissSupersampleCount:4]]
[2025.11.24-10.45.27:673][  0]LogConfig: Setting CVar [[r.LightMaxDrawDistanceScale:1]]
[2025.11.24-10.45.27:673][  0]LogConfig: Setting CVar [[r.CapsuleShadows:1]]
[2025.11.24-10.45.27:673][  0]LogConfig: Applying CVar settings from Section [PostProcessQuality@3] File [E:/Unreal/Fumec_DevGames/Saved/Config/Windows/Scalability.ini]
[2025.11.24-10.45.27:673][  0]LogConfig: Setting CVar [[r.MotionBlurQuality:4]]
[2025.11.24-10.45.27:673][  0]LogConfig: Setting CVar [[r.AmbientOcclusionMipLevelFactor:0.4]]
[2025.11.24-10.45.27:673][  0]LogConfig: Setting CVar [[r.AmbientOcclusionMaxQuality:100]]
[2025.11.24-10.45.27:673][  0]LogConfig: Setting CVar [[r.AmbientOcclusionLevels:-1]]
[2025.11.24-10.45.27:673][  0]LogConfig: Setting CVar [[r.AmbientOcclusionRadiusScale:1.0]]
[2025.11.24-10.45.27:673][  0]LogConfig: Setting CVar [[r.DepthOfFieldQuality:2]]
[2025.11.24-10.45.27:673][  0]LogConfig: Setting CVar [[r.RenderTargetPoolMin:400]]
[2025.11.24-10.45.27:673][  0]LogConfig: Setting CVar [[r.LensFlareQuality:2]]
[2025.11.24-10.45.27:673][  0]LogConfig: Setting CVar [[r.SceneColorFringeQuality:1]]
[2025.11.24-10.45.27:673][  0]LogConfig: Setting CVar [[r.EyeAdaptationQuality:2]]
[2025.11.24-10.45.27:673][  0]LogConfig: Setting CVar [[r.BloomQuality:5]]
[2025.11.24-10.45.27:673][  0]LogConfig: Setting CVar [[r.FastBlurThreshold:100]]
[2025.11.24-10.45.27:673][  0]LogConfig: Setting CVar [[r.Upscale.Quality:3]]
[2025.11.24-10.45.27:673][  0]LogConfig: Setting CVar [[r.Tonemapper.GrainQuantization:1]]
[2025.11.24-10.45.27:673][  0]LogConfig: Setting CVar [[r.LightShaftQuality:1]]
[2025.11.24-10.45.27:673][  0]LogConfig: Setting CVar [[r.Filter.SizeScale:1]]
[2025.11.24-10.45.27:673][  0]LogConfig: Setting CVar [[r.Tonemapper.Quality:5]]
[2025.11.24-10.45.27:673][  0]LogConfig: Setting CVar [[r.DOF.Gather.AccumulatorQuality:1        ; higher gathering accumulator quality]]
[2025.11.24-10.45.27:673][  0]LogConfig: Setting CVar [[r.DOF.Gather.PostfilterMethod:1          ; Median3x3 postfilering method]]
[2025.11.24-10.45.27:673][  0]LogConfig: Setting CVar [[r.DOF.Gather.EnableBokehSettings:0       ; no bokeh simulation when gathering]]
[2025.11.24-10.45.27:673][  0]LogConfig: Setting CVar [[r.DOF.Gather.RingCount:4                 ; medium number of samples when gathering]]
[2025.11.24-10.45.27:673][  0]LogConfig: Setting CVar [[r.DOF.Scatter.ForegroundCompositing:1    ; additive foreground scattering]]
[2025.11.24-10.45.27:673][  0]LogConfig: Setting CVar [[r.DOF.Scatter.BackgroundCompositing:2    ; additive background scattering]]
[2025.11.24-10.45.27:673][  0]LogConfig: Setting CVar [[r.DOF.Scatter.EnableBokehSettings:1      ; bokeh simulation when scattering]]
[2025.11.24-10.45.27:673][  0]LogConfig: Setting CVar [[r.DOF.Scatter.MaxSpriteRatio:0.1         ; only a maximum of 10% of scattered bokeh]]
[2025.11.24-10.45.27:673][  0]LogConfig: Setting CVar [[r.DOF.Recombine.Quality:1                ; cheap slight out of focus]]
[2025.11.24-10.45.27:673][  0]LogConfig: Setting CVar [[r.DOF.Recombine.EnableBokehSettings:0    ; no bokeh simulation on slight out of focus]]
[2025.11.24-10.45.27:673][  0]LogConfig: Setting CVar [[r.DOF.TemporalAAQuality:1                ; more stable temporal accumulation]]
[2025.11.24-10.45.27:673][  0]LogConfig: Setting CVar [[r.DOF.Kernel.MaxForegroundRadius:0.025]]
[2025.11.24-10.45.27:673][  0]LogConfig: Setting CVar [[r.DOF.Kernel.MaxBackgroundRadius:0.025]]
[2025.11.24-10.45.27:673][  0]LogConfig: Applying CVar settings from Section [TextureQuality@3] File [E:/Unreal/Fumec_DevGames/Saved/Config/Windows/Scalability.ini]
[2025.11.24-10.45.27:673][  0]LogConfig: Setting CVar [[r.Streaming.MipBias:0]]
[2025.11.24-10.45.27:673][  0]LogConfig: Setting CVar [[r.Streaming.AmortizeCPUToGPUCopy:0]]
[2025.11.24-10.45.27:673][  0]LogConfig: Setting CVar [[r.Streaming.MaxNumTexturesToStreamPerFrame:0]]
[2025.11.24-10.45.27:673][  0]LogConfig: Setting CVar [[r.Streaming.Boost:1]]
[2025.11.24-10.45.27:673][  0]LogConfig: Setting CVar [[r.MaxAnisotropy:8]]
[2025.11.24-10.45.27:673][  0]LogConfig: Setting CVar [[r.VT.MaxAnisotropy:8]]
[2025.11.24-10.45.27:673][  0]LogConfig: Setting CVar [[r.Streaming.LimitPoolSizeToVRAM:0]]
[2025.11.24-10.45.27:673][  0]LogConfig: Setting CVar [[r.Streaming.PoolSize:1000]]
[2025.11.24-10.45.27:673][  0]LogConfig: Setting CVar [[r.Streaming.MaxEffectiveScreenSize:0]]
[2025.11.24-10.45.27:673][  0]LogConfig: Applying CVar settings from Section [EffectsQuality@3] File [E:/Unreal/Fumec_DevGames/Saved/Config/Windows/Scalability.ini]
[2025.11.24-10.45.27:673][  0]LogConfig: Setting CVar [[r.TranslucencyLightingVolumeDim:64]]
[2025.11.24-10.45.27:673][  0]LogConfig: Setting CVar [[r.RefractionQuality:2]]
[2025.11.24-10.45.27:673][  0]LogConfig: Setting CVar [[r.SSR.Quality:3]]
[2025.11.24-10.45.27:673][  0]LogConfig: Setting CVar [[r.SSR.HalfResSceneColor:0]]
[2025.11.24-10.45.27:675][  0]LogConfig: Setting CVar [[r.SceneColorFormat:4]]
[2025.11.24-10.45.27:675][  0]LogConfig: Setting CVar [[r.DetailMode:2]]
[2025.11.24-10.45.27:675][  0]LogConfig: Setting CVar [[r.TranslucencyVolumeBlur:1]]
[2025.11.24-10.45.27:675][  0]LogConfig: Setting CVar [[r.MaterialQualityLevel:1 ; High quality]]
[2025.11.24-10.45.27:675][  0]LogConfig: Setting CVar [[r.AnisotropicMaterials:1]]
[2025.11.24-10.45.27:675][  0]LogConfig: Setting CVar [[r.SSS.Scale:1]]
[2025.11.24-10.45.27:675][  0]LogConfig: Setting CVar [[r.SSS.SampleSet:2]]
[2025.11.24-10.45.27:675][  0]LogConfig: Setting CVar [[r.SSS.Quality:1]]
[2025.11.24-10.45.27:675][  0]LogConfig: Setting CVar [[r.SSS.HalfRes:0]]
[2025.11.24-10.45.27:675][  0]LogConfig: Setting CVar [[r.SSGI.Quality:3]]
[2025.11.24-10.45.27:675][  0]LogConfig: Setting CVar [[r.EmitterSpawnRateScale:1.0]]
[2025.11.24-10.45.27:675][  0]LogConfig: Setting CVar [[r.ParticleLightQuality:2]]
[2025.11.24-10.45.27:675][  0]LogConfig: Setting CVar [[r.SkyAtmosphere.AerialPerspectiveLUT.FastApplyOnOpaque:1 ; Always have FastSkyLUT 1 in this case to avoid wrong sky]]
[2025.11.24-10.45.27:675][  0]LogConfig: Setting CVar [[r.SkyAtmosphere.AerialPerspectiveLUT.SampleCountMaxPerSlice:4]]
[2025.11.24-10.45.27:675][  0]LogConfig: Setting CVar [[r.SkyAtmosphere.AerialPerspectiveLUT.DepthResolution:16.0]]
[2025.11.24-10.45.27:675][  0]LogConfig: Setting CVar [[r.SkyAtmosphere.FastSkyLUT:1]]
[2025.11.24-10.45.27:675][  0]LogConfig: Setting CVar [[r.SkyAtmosphere.FastSkyLUT.SampleCountMin:4.0]]
[2025.11.24-10.45.27:675][  0]LogConfig: Setting CVar [[r.SkyAtmosphere.FastSkyLUT.SampleCountMax:128.0]]
[2025.11.24-10.45.27:675][  0]LogConfig: Setting CVar [[r.SkyAtmosphere.SampleCountMin:4.0]]
[2025.11.24-10.45.27:675][  0]LogConfig: Setting CVar [[r.SkyAtmosphere.SampleCountMax:128.0]]
[2025.11.24-10.45.27:675][  0]LogConfig: Setting CVar [[r.SkyAtmosphere.TransmittanceLUT.UseSmallFormat:0]]
[2025.11.24-10.45.27:675][  0]LogConfig: Setting CVar [[r.SkyAtmosphere.TransmittanceLUT.SampleCount:10.0]]
[2025.11.24-10.45.27:675][  0]LogConfig: Setting CVar [[r.SkyAtmosphere.MultiScatteringLUT.SampleCount:15.0]]
[2025.11.24-10.45.27:675][  0]LogConfig: Setting CVar [[r.SkyLight.RealTimeReflectionCapture:1]]
[2025.11.24-10.45.27:675][  0]LogConfig: Applying CVar settings from Section [FoliageQuality@3] File [E:/Unreal/Fumec_DevGames/Saved/Config/Windows/Scalability.ini]
[2025.11.24-10.45.27:675][  0]LogConfig: Setting CVar [[foliage.DensityScale:1.0]]
[2025.11.24-10.45.27:675][  0]LogConfig: Setting CVar [[grass.DensityScale:1.0]]
[2025.11.24-10.45.27:675][  0]LogConfig: Applying CVar settings from Section [ShadingQuality@3] File [E:/Unreal/Fumec_DevGames/Saved/Config/Windows/Scalability.ini]
[2025.11.24-10.45.27:675][  0]LogConfig: Setting CVar [[r.HairStrands.SkyLighting.IntegrationType:2]]
[2025.11.24-10.45.27:675][  0]LogConfig: Setting CVar [[r.HairStrands.SkyAO.SampleCount:4]]
[2025.11.24-10.45.27:675][  0]LogConfig: Setting CVar [[r.HairStrands.Visibility.MSAA.SamplePerPixel:4]]
[2025.11.24-10.45.27:675][  0]LogConfig: Applying CVar settings from Section [Startup] File [../../../Engine/Config/ConsoleVariables.ini]
[2025.11.24-10.45.27:676][  0]LogConfig: Setting CVar [[net.UseAdaptiveNetUpdateFrequency:0]]
[2025.11.24-10.45.27:676][  0]LogConfig: Setting CVar [[p.chaos.AllowCreatePhysxBodies:1]]
[2025.11.24-10.45.27:676][  0]LogConfig: Setting CVar [[fx.SkipVectorVMBackendOptimizations:1]]
[2025.11.24-10.45.27:676][  0]LogConfig: Applying CVar settings from Section [ConsoleVariables] File [E:/Unreal/Fumec_DevGames/Saved/Config/Windows/Engine.ini]
[2025.11.24-10.45.27:676][  0]LogConfig: Applying CVar settings from Section [ConsoleVariables] File [E:/Unreal/Fumec_DevGames/Saved/Config/Windows/Editor.ini]
[2025.11.24-10.45.27:676][  0]LogInit: Computer: LUCY
[2025.11.24-10.45.27:676][  0]LogInit: User: Gabriel
[2025.11.24-10.45.27:676][  0]LogInit: CPU Page size=4096, Cores=4
[2025.11.24-10.45.27:676][  0]LogInit: High frequency timer resolution =10.000000 MHz
[2025.11.24-10.45.27:676][  0]LogMemory: Memory total: Physical=13.9GB (14GB approx)
[2025.11.24-10.45.27:676][  0]LogMemory: Platform Memory Stats for Windows
[2025.11.24-10.45.27:676][  0]LogMemory: Process Physical Memory: 145.45 MB used, 145.45 MB peak
[2025.11.24-10.45.27:676][  0]LogMemory: Process Virtual Memory: 126.63 MB used, 126.63 MB peak
[2025.11.24-10.45.27:676][  0]LogMemory: Physical Memory: 6582.20 MB used,  7692.43 MB free, 14274.64 MB total
[2025.11.24-10.45.27:676][  0]LogMemory: Virtual Memory: 134204328.00 MB used,  13400.10 MB free, 134217728.00 MB total
[2025.11.24-10.45.27:693][  0]LogWindows: WindowsPlatformFeatures enabled
[2025.11.24-10.45.27:832][  0]LogInit: Physics initialised using underlying interface: PhysX
[2025.11.24-10.45.27:834][  0]LogInit: Overriding language with editor language configuration option (en).
[2025.11.24-10.45.27:834][  0]LogInit: Overriding language with editor locale configuration option (en).
[2025.11.24-10.45.28:387][  0]LogInit: Setting process to per monitor DPI aware
[2025.11.24-10.45.28:409][  0]LogWindowsTextInputMethodSystem: Display: IME system deactivated.
[2025.11.24-10.45.28:449][  0]LogSlate: New Slate User Created.  User Index 0, Is Virtual User: 0
[2025.11.24-10.45.28:450][  0]LogSlate: Slate User Registered.  User Index 0, Is Virtual User: 0
[2025.11.24-10.45.28:855][  0]LogD3D11RHI: Loaded GFSDK_Aftermath_Lib.x64.dll
[2025.11.24-10.45.29:049][  0]LogHMD: Failed to initialize OpenVR with code 110
[2025.11.24-10.45.29:049][  0]LogD3D11RHI: D3D11 min allowed feature level: 11_0
[2025.11.24-10.45.29:049][  0]LogD3D11RHI: D3D11 max allowed feature level: 11_0
[2025.11.24-10.45.29:049][  0]LogD3D11RHI: D3D11 adapters:
[2025.11.24-10.45.29:445][  0]LogD3D11RHI:    0. 'NVIDIA GeForce GTX 1650' (Feature Level 11_0)
[2025.11.24-10.45.29:445][  0]LogD3D11RHI:       3938/0/7137 MB DedicatedVideo/DedicatedSystem/SharedSystem, Outputs:1, VendorId:0x10de
[2025.11.24-10.45.29:547][  0]LogD3D11RHI:    1. 'AMD Radeon(TM) RX Vega 10 Graphics' (Feature Level 11_0)
[2025.11.24-10.45.29:547][  0]LogD3D11RHI:       2034/0/7137 MB DedicatedVideo/DedicatedSystem/SharedSystem, Outputs:0, VendorId:0x1002
[2025.11.24-10.45.29:555][  0]LogD3D11RHI:    2. 'Microsoft Basic Render Driver' (Feature Level 11_0)
[2025.11.24-10.45.29:555][  0]LogD3D11RHI:       0/0/7137 MB DedicatedVideo/DedicatedSystem/SharedSystem, Outputs:0, VendorId:0x1414
[2025.11.24-10.45.29:633][  0]LogD3D11RHI:    3. 'AMD Radeon(TM) RX Vega 10 Graphics' (Feature Level 11_0)
[2025.11.24-10.45.29:633][  0]LogD3D11RHI:       2034/0/7137 MB DedicatedVideo/DedicatedSystem/SharedSystem, Outputs:0, VendorId:0x1002
[2025.11.24-10.45.29:718][  0]LogD3D11RHI:    4. 'AMD Radeon(TM) RX Vega 10 Graphics' (Feature Level 11_0)
[2025.11.24-10.45.29:719][  0]LogD3D11RHI:       2034/0/7137 MB DedicatedVideo/DedicatedSystem/SharedSystem, Outputs:0, VendorId:0x1002
[2025.11.24-10.45.29:793][  0]LogD3D11RHI:    5. 'AMD Radeon(TM) RX Vega 10 Graphics' (Feature Level 11_0)
[2025.11.24-10.45.29:793][  0]LogD3D11RHI:       2034/0/7137 MB DedicatedVideo/DedicatedSystem/SharedSystem, Outputs:0, VendorId:0x1002
[2025.11.24-10.45.29:868][  0]LogD3D11RHI:    6. 'AMD Radeon(TM) RX Vega 10 Graphics' (Feature Level 11_0)
[2025.11.24-10.45.29:868][  0]LogD3D11RHI:       2034/0/7137 MB DedicatedVideo/DedicatedSystem/SharedSystem, Outputs:0, VendorId:0x1002
[2025.11.24-10.45.29:868][  0]LogD3D11RHI: Chosen D3D11 Adapter:
[2025.11.24-10.45.29:868][  0]LogD3D11RHI:     Description : NVIDIA GeForce GTX 1650
[2025.11.24-10.45.29:868][  0]LogD3D11RHI:     VendorId    : 10de
[2025.11.24-10.45.29:868][  0]LogD3D11RHI:     DeviceId    : 1f91
[2025.11.24-10.45.29:868][  0]LogD3D11RHI:     SubSysId    : 142a1025
[2025.11.24-10.45.29:868][  0]LogD3D11RHI:     Revision    : 00a1
[2025.11.24-10.45.29:868][  0]LogD3D11RHI:     DedicatedVideoMemory : 4129292288 bytes
[2025.11.24-10.45.29:868][  0]LogD3D11RHI:     DedicatedSystemMemory : 0 bytes
[2025.11.24-10.45.29:868][  0]LogD3D11RHI:     SharedSystemMemory : 7484020736 bytes
[2025.11.24-10.45.29:868][  0]LogD3D11RHI:     AdapterLuid : 0 68703
[2025.11.24-10.45.29:888][  0]LogD3D11RHI: Creating new Direct3DDevice
[2025.11.24-10.45.29:888][  0]LogD3D11RHI:     GPU DeviceId: 0x1f91 (for the marketing name, search the web for "GPU Device Id")
[2025.11.24-10.45.29:888][  0]LogWindows: EnumDisplayDevices:
[2025.11.24-10.45.29:888][  0]LogWindows:    0. 'AMD Radeon(TM) RX Vega 10 Graphics ' (P:1 D:1)
[2025.11.24-10.45.29:889][  0]LogWindows:    1. 'AMD Radeon(TM) RX Vega 10 Graphics ' (P:0 D:0)
[2025.11.24-10.45.29:890][  0]LogWindows:    2. 'AMD Radeon(TM) RX Vega 10 Graphics ' (P:0 D:0)
[2025.11.24-10.45.29:891][  0]LogWindows:    3. 'AMD Radeon(TM) RX Vega 10 Graphics ' (P:0 D:0)
[2025.11.24-10.45.29:891][  0]LogWindows:    4. 'MS Idd Device' (P:0 D:0)
[2025.11.24-10.45.29:892][  0]LogWindows:    5. 'Parsec Virtual Display Adapter' (P:0 D:0)
[2025.11.24-10.45.29:893][  0]LogWindows:    6. 'Parsec Virtual Display Adapter' (P:0 D:0)
[2025.11.24-10.45.29:893][  0]LogWindows:    7. 'Parsec Virtual Display Adapter' (P:0 D:0)
[2025.11.24-10.45.29:894][  0]LogWindows:    8. 'Parsec Virtual Display Adapter' (P:0 D:0)
[2025.11.24-10.45.29:894][  0]LogWindows:    9. 'Parsec Virtual Display Adapter' (P:0 D:0)
[2025.11.24-10.45.29:895][  0]LogWindows:    10. 'Parsec Virtual Display Adapter' (P:0 D:0)
[2025.11.24-10.45.29:895][  0]LogWindows:    11. 'Parsec Virtual Display Adapter' (P:0 D:0)
[2025.11.24-10.45.29:896][  0]LogWindows:    12. 'Parsec Virtual Display Adapter' (P:0 D:0)
[2025.11.24-10.45.29:897][  0]LogWindows:    13. 'Parsec Virtual Display Adapter' (P:0 D:0)
[2025.11.24-10.45.29:897][  0]LogWindows:    14. 'Parsec Virtual Display Adapter' (P:0 D:0)
[2025.11.24-10.45.29:898][  0]LogWindows:    15. 'Parsec Virtual Display Adapter' (P:0 D:0)
[2025.11.24-10.45.29:898][  0]LogWindows:    16. 'Parsec Virtual Display Adapter' (P:0 D:0)
[2025.11.24-10.45.29:900][  0]LogWindows:    17. 'Parsec Virtual Display Adapter' (P:0 D:0)
[2025.11.24-10.45.29:900][  0]LogWindows:    18. 'Parsec Virtual Display Adapter' (P:0 D:0)
[2025.11.24-10.45.29:901][  0]LogWindows:    19. 'Parsec Virtual Display Adapter' (P:0 D:0)
[2025.11.24-10.45.29:902][  0]LogWindows:    20. 'Parsec Virtual Display Adapter' (P:0 D:0)
[2025.11.24-10.45.29:902][  0]LogWindows:    21. 'MS Idd Device' (P:0 D:0)
[2025.11.24-10.45.29:902][  0]LogWindows:    22. 'MS Idd Device' (P:0 D:0)
[2025.11.24-10.45.29:903][  0]LogWindows: DebugString: PrimaryIsNotTheChoosenAdapter PrimaryIsNotTheChoosenAdapter PrimaryIsNotTheChoosenAdapter PrimaryIsNotTheChoosenAdapter GetVideoDriverDetailsInvalid PrimaryIsNotTheChoosenAdapter GetVideoDriverDetailsInvalid PrimaryIsNotTheChoosenAdapter GetVideoDriverDetailsInvalid PrimaryIsNotTheChoosenAdapter GetVideoDriverDetailsInvalid PrimaryIsNotTheChoosenAdapter GetVideoDriverDetailsInvalid PrimaryIsNotTheChoosenAdapter GetVideoDriverDetailsInvalid PrimaryIsNotTheChoosenAdapter GetVideoDriverDetailsInvalid PrimaryIsNotTheChoosenAdapter GetVideoDriverDetailsInvalid PrimaryIsNotTheChoosenAdapter GetVideoDriverDetailsInvalid PrimaryIsNotTheChoosenAdapter GetVideoDriverDetailsInvalid PrimaryIsNotTheChoosenAdapter GetVideoDriverDetailsInvalid PrimaryIsNotTheChoosenAdapter GetVideoDriverDetailsInvalid PrimaryIsNotTheChoosenAdapter GetVideoDriverDetailsInvalid PrimaryIsNotTheChoosenAdapter GetVideoDriverDetailsInvalid PrimaryIsNotTheChoosenAdapter GetVideoDriverDetailsInvalid PrimaryIsNotTheChoosenAdapter GetVideoDriverDetailsInvalid PrimaryIsNotTheChoosenAdapter GetVideoDriverDetailsInvalid PrimaryIsNotTheChoosenAdapter GetVideoDriverDetailsInvalid PrimaryIsNotTheChoosenAdapter GetVideoDriverDetailsInvalid PrimaryIsNotTheChoosenAdapter FoundDriverCount:0 
[2025.11.24-10.45.29:903][  0]LogD3D11RHI:     Adapter Name: NVIDIA GeForce GTX 1650
[2025.11.24-10.45.29:903][  0]LogD3D11RHI:   Driver Version: Unknown (internal:Unknown, unified:Unknown)
[2025.11.24-10.45.29:903][  0]LogD3D11RHI:      Driver Date: Unknown
[2025.11.24-10.45.29:903][  0]LogRHI: Texture pool is 2756 MB (70% of 3938 MB)
[2025.11.24-10.45.29:903][  0]LogD3D11RHI: Creating D3DDevice using adapter:
[2025.11.24-10.45.29:903][  0]LogD3D11RHI:     Description : NVIDIA GeForce GTX 1650
[2025.11.24-10.45.29:903][  0]LogD3D11RHI:     VendorId    : 10de
[2025.11.24-10.45.29:903][  0]LogD3D11RHI:     DeviceId    : 1f91
[2025.11.24-10.45.29:903][  0]LogD3D11RHI:     SubSysId    : 142a1025
[2025.11.24-10.45.29:903][  0]LogD3D11RHI:     Revision    : 00a1
[2025.11.24-10.45.29:903][  0]LogD3D11RHI:     DedicatedVideoMemory : 4129292288 bytes
[2025.11.24-10.45.29:903][  0]LogD3D11RHI:     DedicatedSystemMemory : 0 bytes
[2025.11.24-10.45.29:903][  0]LogD3D11RHI:     SharedSystemMemory : 7484020736 bytes
[2025.11.24-10.45.29:903][  0]LogD3D11RHI:     AdapterLuid : 0 68703
[2025.11.24-10.45.30:221][  0]LogD3D11RHI: RHI has support for 64 bit atomics
[2025.11.24-10.45.30:222][  0]LogD3D11RHI: Async texture creation enabled
[2025.11.24-10.45.30:222][  0]LogD3D11RHI: Array index from any shader is supported
[2025.11.24-10.45.30:302][  0]LogD3D11RHI: GPU Timing Frequency: 1000.000000 (Debug: 2 1)
[2025.11.24-10.45.30:390][  0]LogRHI: GeForceNow SDK initialized: 1
[2025.11.24-10.45.31:147][  0]LogTargetPlatformManager: Display: Loaded TargetPlatform 'AllDesktop'
[2025.11.24-10.45.31:208][  0]LogTargetPlatformManager: Display: Loaded TargetPlatform 'Android'
[2025.11.24-10.45.31:208][  0]LogTargetPlatformManager: Display: Loaded TargetPlatform 'Android_ASTC'
[2025.11.24-10.45.31:208][  0]LogTargetPlatformManager: Display: Loaded TargetPlatform 'Android_DXT'
[2025.11.24-10.45.31:208][  0]LogTargetPlatformManager: Display: Loaded TargetPlatform 'Android_ETC2'
[2025.11.24-10.45.31:208][  0]LogTargetPlatformManager: Display: Loaded TargetPlatform 'AndroidClient'
[2025.11.24-10.45.31:208][  0]LogTargetPlatformManager: Display: Loaded TargetPlatform 'Android_ASTCClient'
[2025.11.24-10.45.31:208][  0]LogTargetPlatformManager: Display: Loaded TargetPlatform 'Android_DXTClient'
[2025.11.24-10.45.31:208][  0]LogTargetPlatformManager: Display: Loaded TargetPlatform 'Android_ETC2Client'
[2025.11.24-10.45.31:208][  0]LogTargetPlatformManager: Display: Loaded TargetPlatform 'Android_Multi'
[2025.11.24-10.45.31:208][  0]LogTargetPlatformManager: Display: Loaded TargetPlatform 'Android_MultiClient'
[2025.11.24-10.45.31:263][  0]LogTargetPlatformManager: Display: Loaded TargetPlatform 'IOSClient'
[2025.11.24-10.45.31:263][  0]LogTargetPlatformManager: Display: Loaded TargetPlatform 'IOS'
[2025.11.24-10.45.31:289][  0]LogTargetPlatformManager: Display: Loaded TargetPlatform 'Linux'
[2025.11.24-10.45.31:306][  0]LogTargetPlatformManager: Display: Loaded TargetPlatform 'LinuxNoEditor'
[2025.11.24-10.45.31:326][  0]LogTargetPlatformManager: Display: Loaded TargetPlatform 'LinuxClient'
[2025.11.24-10.45.31:350][  0]LogTargetPlatformManager: Display: Loaded TargetPlatform 'LinuxServer'
[2025.11.24-10.45.31:381][  0]LogTargetPlatformManager: Display: Loaded TargetPlatform 'LinuxAArch64NoEditor'
[2025.11.24-10.45.31:402][  0]LogTargetPlatformManager: Display: Loaded TargetPlatform 'LinuxAArch64Client'
[2025.11.24-10.45.31:421][  0]LogTargetPlatformManager: Display: Loaded TargetPlatform 'LinuxAArch64Server'
[2025.11.24-10.45.31:498][  0]LogTargetPlatformManager: Display: Loaded TargetPlatform 'Lumin'
[2025.11.24-10.45.31:498][  0]LogTargetPlatformManager: Display: Loaded TargetPlatform 'LuminClient'
[2025.11.24-10.45.31:528][  0]LogTargetPlatformManager: Display: Loaded TargetPlatform 'MacNoEditor'
[2025.11.24-10.45.31:545][  0]LogTargetPlatformManager: Display: Loaded TargetPlatform 'Mac'
[2025.11.24-10.45.31:562][  0]LogTargetPlatformManager: Display: Loaded TargetPlatform 'MacClient'
[2025.11.24-10.45.31:581][  0]LogTargetPlatformManager: Display: Loaded TargetPlatform 'MacServer'
[2025.11.24-10.45.31:611][  0]LogTargetPlatformManager: Display: Loaded TargetPlatform 'TVOSClient'
[2025.11.24-10.45.31:612][  0]LogTargetPlatformManager: Display: Loaded TargetPlatform 'TVOS'
[2025.11.24-10.45.31:642][  0]LogTargetPlatformManager: Display: Loaded TargetPlatform 'WindowsNoEditor'
[2025.11.24-10.45.31:659][  0]LogTargetPlatformManager: Display: Loaded TargetPlatform 'Windows'
[2025.11.24-10.45.31:675][  0]LogTargetPlatformManager: Display: Loaded TargetPlatform 'WindowsClient'
[2025.11.24-10.45.31:691][  0]LogTargetPlatformManager: Display: Loaded TargetPlatform 'WindowsServer'
[2025.11.24-10.45.31:691][  0]LogTargetPlatformManager: Display: Building Assets For Windows
[2025.11.24-10.45.31:723][  0]LogAudioDebug: Display: Lib vorbis DLL was dynamically loaded.
[2025.11.24-10.45.31:842][  0]LogTextureFormatOodle: Display: Oodle Texture 2.9.0 init RDO Off
[2025.11.24-10.45.31:960][  0]LogRendererCore: Ray tracing is disabled. Reason: r.RayTracing=0.
[2025.11.24-10.45.31:960][  0]LogShaderCompilers: Guid format shader working directory is 23 characters bigger than the processId version (E:/Unreal/Fumec_DevGames/Intermediate/Shaders/WorkingDirectory/17392/).
[2025.11.24-10.45.31:960][  0]LogShaderCompilers: Cleaned the shader compiler working directory 'C:/Users/Gabriel/AppData/Local/Temp/UnrealShaderWorkingDir/F8C077334D524B5C631ABAABBCA3D42C/'.
[2025.11.24-10.45.31:961][  0]LogXGEController: Cannot use XGE Controller as Incredibuild is not installed on this machine.
[2025.11.24-10.45.31:961][  0]LogShaderCompilers: Cannot use XGE Shader Compiler as Incredibuild is not installed on this machine.
[2025.11.24-10.45.31:961][  0]LogShaderCompilers: Display: Using Local Shader Compiler.
[2025.11.24-10.45.33:546][  0]LogDerivedDataCache: Display: Max Cache Size: 512 MB
[2025.11.24-10.45.33:665][  0]LogDerivedDataCache: Loaded boot cache 0.12s 94MB C:/Users/Gabriel/AppData/Local/UnrealEngine/4.27/DerivedDataCache/Boot.ddc.
[2025.11.24-10.45.33:665][  0]LogDerivedDataCache: Display: Loaded Boot cache: C:/Users/Gabriel/AppData/Local/UnrealEngine/4.27/DerivedDataCache/Boot.ddc
[2025.11.24-10.45.33:731][  0]LogDerivedDataCache: FDerivedDataBackendGraph:  Pak pak cache file E:/Unreal/Fumec_DevGames/DerivedDataCache/DDC.ddp not found, will not use a pak cache.
[2025.11.24-10.45.33:731][  0]LogDerivedDataCache: Unable to find inner node Pak for hierarchical cache Hierarchy.
[2025.11.24-10.45.33:731][  0]LogDerivedDataCache: FDerivedDataBackendGraph:  CompressedPak pak cache file E:/Unreal/Fumec_DevGames/DerivedDataCache/Compressed.ddp not found, will not use a pak cache.
[2025.11.24-10.45.33:731][  0]LogDerivedDataCache: Unable to find inner node CompressedPak for hierarchical cache Hierarchy.
[2025.11.24-10.45.33:769][  0]LogDerivedDataCache: Display: Pak cache opened for reading ../../../Engine/DerivedDataCache/Compressed.ddp.
[2025.11.24-10.45.33:769][  0]LogDerivedDataCache: FDerivedDataBackendGraph:  EnterprisePak pak cache file ../../../Enterprise/DerivedDataCache/Compressed.ddp not found, will not use a pak cache.
[2025.11.24-10.45.33:769][  0]LogDerivedDataCache: Unable to find inner node EnterprisePak for hierarchical cache Hierarchy.
[2025.11.24-10.45.33:801][  0]LogDerivedDataCache: Speed tests for C:/Users/Gabriel/AppData/Local/UnrealEngine/Common/DerivedDataCache took 0.03 seconds
[2025.11.24-10.45.33:801][  0]LogDerivedDataCache: Display: Performance to C:/Users/Gabriel/AppData/Local/UnrealEngine/Common/DerivedDataCache: Latency=0.08ms. RandomReadSpeed=332.39MBs, RandomWriteSpeed=33.53MBs. Assigned SpeedClass 'Local'
[2025.11.24-10.45.33:829][  0]LogDerivedDataCache: Using Local data cache path C:/Users/Gabriel/AppData/Local/UnrealEngine/Common/DerivedDataCache: Writable
[2025.11.24-10.45.33:830][  0]LogDerivedDataCache: Shared data cache path not found in *engine.ini, will not use an Shared cache.
[2025.11.24-10.45.33:830][  0]LogDerivedDataCache: Unable to find inner node Shared for hierarchical cache Hierarchy.
[2025.11.24-10.45.33:929][  0]LogSlate: Using FreeType 2.10.0
[2025.11.24-10.45.33:931][  0]LogSlate: SlateFontServices - WITH_FREETYPE: 1, WITH_HARFBUZZ: 1
[2025.11.24-10.45.34:012][  0]LogAssetRegistry: FAssetRegistry took 0.0077 seconds to start up
[2025.11.24-10.45.34:558][  0]LogInit: Selected Device Profile: [Windows]
[2025.11.24-10.45.34:558][  0]LogInit: Active device profile: [000001C8D3EF3900][000001C8C6E74680 49] Windows
[2025.11.24-10.45.34:558][  0]LogInit: Profiles: [000001C8D3EF3900][000001C8C6E74680 49] Windows, [000001C8D3EB0B00][000001C8D23307C0 49] WindowsNoEditor, [000001C8D3EF0B00][000001C8D2334900 49] WindowsServer, [000001C8D3EB3700][000001C8D2338A40 49] WindowsClient, [000001C8D3EF3700][000001C8D233CB80 49] IOS, [000001C8D3EB0100][000001C8D2344D00 49] iPadAir, [000001C8D3EF0500][000001C8D2348E80 49] iPadAir2, [000001C8D3E68C00][000001C8D2351140 49] IPadPro, [000001C8D3E68D00][000001C8D234D180 49] iPadAir3, [000001C8D3EF3500][000001C8D2355300 49] iPadAir4, [000001C8D3E6BE00][000001C8D2359480 49] iPadMini2, [000001C8D3EF0400][000001C8D235D600 49] iPadMini3, [000001C8D3E69700][000001C8C9581780 49] iPadMini4, [000001C8D3EF3400][000001C8C9585900 49] iPadMini5, [000001C8D3EB3000][000001C8C958DBC0 49] iPhone6, [000001C8D3EB2F00][000001C8C9589C00 49] iPodTouch6, [000001C8D3E6B500][000001C8C9594340 49] iPhone7, [000001C8D3E6B400][000001C8C9590380 49] iPodTouch7, [000001C8D3EB3A00][000001C8C9598500 49] iPhone5S, [000001C8D3E68A00][000001C8C959C680 49] iPhone6Plus, [000001C8D3EB2600][000001C8C95A0800 49] iPhone6S, [000001C8D3E6AC00][000001C8D2340940 49] iPhone6SPlus, [000001C8D3EB0500][000001C8C95A4A80 49] iPhone7Plus, [000001C8D3E69200][000001C8C95A8BC0 49] iPhoneSE, [000001C8D3EB2200][000001C8C95ACD00 49] iPhone8, [000001C8D3E6A800][000001C8C95B4E80 49] iPhone8Plus, [000001C8D3EB0600][000001C8C95B9000 49] iPhoneX, [000001C8D3E69400][000001C8C95BD180 49] iPhoneXS, [000001C8D3EB1F00][000001C8C95C1300 49] iPhoneXSMax, [000001C8D3E6A500][000001C8C95C5480 49] iPhoneXR, [000001C8D3EB0E00][000001C8C95C9600 49] iPhone11, [000001C8D3E68300][000001C8C95CD780 49] iPhone11Pro, [000001C8D3EB1C00][000001C8C95D1900 49] iPhone11ProMax, [000001C8D3E6BA00][000001C8C95D5A80 49] iPhoneSE2, [000001C8D3EB2D00][000001C8C95D9C00 49] iPhone12Mini, [000001C8D3E69A00][000001C8C95DC200 49] iPhone12, [000001C8D3EB3200][000001C8C95E0380 49] iPhone12Pro, [000001C8D3E68800][000001C8C95E4500 49] iPhone12ProMax, [000001C8D3EB2800][000001C8C95E8680 49] iPadPro105, [000001C8D3E69C00][000001C8C95EC800 49] iPadPro129, [000001C8D3EB0700][000001C8C95F0980 49] iPadPro97, [000001C8D3E6A100][000001C8C95F4B00 49] iPadPro2_129, [000001C8D3EB1600][000001C8C95B0C40 49] iPad5, [000001C8D3E69E00][000001C8C95F8D80 49] iPad6, [000001C8D3EB1900][000001C8C95FCEC0 49] iPad7, [000001C8D3E69F00][000001C8C9605040 49] iPad8, [000001C8D3EB3C00][000001C8C96091C0 49] iPadPro11, [000001C8D3E6A400][000001C8C960D340 49] iPadPro2_11, [000001C8D3EB0400][000001C8CE7C34C0 49] iPadPro3_129, [000001C8D3E68900][000001C8CE7C7640 49] iPadPro4_129, [000001C8D3EB2900][000001C8CE7CB7C0 49] AppleTV, [000001C8D3E6B100][000001C8CE7CF940 49] AppleTV4K, [000001C8D3EB3400][000001C8CE7D3AC0 49] TVOS, [000001C8D3E68700][000001C8CE7D60C0 49] Mac, [000001C8D3EB1800][000001C8CE7DA240 49] MacClient, [000001C8D3E6B600][000001C8CE7DE3C0 49] MacNoEditor, [000001C8D3EB1E00][000001C8CE7E2540 49] MacServer, [000001C8D3E6AB00][000001C8CE7E66C0 49] Linux, [000001C8D3EB3100][000001C8CE7EA840 49] LinuxAArch64, [000001C8D3E6AE00][000001C8CE7EE9C0 49] LinuxNoEditor, [000001C8D3EB3E00][000001C8CE7F2B40 49] LinuxAArch64NoEditor, [000001C8D3E6A000][000001C8CE7F6CC0 49] LinuxClient, [000001C8D3EB2000][000001C8C9600E00 49] LinuxAArch64Client, [000001C8D3E6BC00][000001C8CE7FAF40 49] LinuxServer, [000001C8D3EB2100][000001C8CE7FF080 49] LinuxAArch64Server, [000001C8D3EF1000][000001C8CE8031C0 49] Android, [000001C8D3F25500][000001C8CE80B340 49] Android_Low, [000001C8D3EF2B00][000001C8CE80F4C0 49] Android_Mid, [000001C8D3F25200][000001C8CE813640 49] Android_High, [000001C8D3EF1E00][000001C8CE8177C0 49] Android_Default, [000001C8D3F24F00][000001C8CE81B940 49] Android_Adreno4xx, [000001C8D3EF1100][000001C8CE81FAC0 49] Android_Adreno5xx_Low, [000001C8D3F25C00][000001C8CE8220C0 49] Android_Adreno5xx, [000001C8D3EF0100][000001C8CE826240 49] Android_Adreno6xx, [000001C8D3F24B00][000001C8CE82A3C0 49] Android_Adreno6xx_Vulkan, [000001C8D3EF2400][000001C8CE82E540 49] Android_Mali_T6xx, [000001C8D3F26400][000001C8CE8326C0 49] Android_Mali_T7xx, [000001C8D3EF2E00][000001C8CE836840 49] Android_Mali_T8xx, [000001C8D3F25300][000001C8CE83A9C0 49] Android_Mali_G71, [000001C8D3EF1500][000001C8CE83EB40 49] Android_Mali_G72, [000001C8D3F24600][000001C8CE842CC0 49] Android_Mali_G72_Vulkan, [000001C8D3EF1900][000001C8CE846E40 49] Android_Mali_G76, [000001C8D3F26000][000001C8CE806F80 49] Android_Mali_G76_Vulkan, [000001C8D3EF1A00][000001C8CE84B0C0 49] Android_Mali_G77, [000001C8D3F26300][000001C8CE84F200 49] Android_Mali_G77_Vulkan, [000001C8D3EB1B00][000001C8D1F61340 49] Android_Mali_G78, [000001C8D3E6AF00][000001C8D1F694C0 49] Android_Mali_G78_Vulkan, [000001C8D3EB1A00][000001C8D1F6D640 49] Android_Mali_G710, [000001C8D3E69600][000001C8D1F717C0 49] Android_Mali_G710_Vulkan, [000001C8D3EB1500][000001C8D1F75940 49] Android_Vulkan_SM5, [000001C8D3E68E00][000001C8D1F79AC0 49] Android_PowerVR_G6xxx, [000001C8D3EB2700][000001C8D1F7C0C0 49] Android_PowerVR_GT7xxx, [000001C8D3F25A00][000001C8D1F80240 49] Android_PowerVR_GE8xxx, [000001C8D3EB3900][000001C8D1F843C0 49] Android_PowerVR_GM9xxx, [000001C8D3F25100][000001C8D1F88540 49] Android_PowerVR_GM9xxx_Vulkan, [000001C8D3EB1000][000001C8D1F8C6C0 49] Android_TegraK1, [000001C8D3F24100][000001C8D1F90840 49] Android_Unknown_Vulkan, [000001C8D3EB1200][000001C8D1F949C0 49] Lumin, [000001C8D3F24200][000001C8D1F98B40 49] Lumin_Desktop, [000001C8D3EB2E00][000001C8D1F9CCC0 49] HoloLens, 
[2025.11.24-10.45.34:865][  0]LogMeshReduction: Using QuadricMeshReduction for automatic static mesh reduction
[2025.11.24-10.45.34:866][  0]LogMeshReduction: Using SimplygonMeshReduction for automatic skeletal mesh reduction
[2025.11.24-10.45.34:866][  0]LogMeshReduction: Using ProxyLODMeshReduction for automatic mesh merging
[2025.11.24-10.45.34:866][  0]LogMeshReduction: No distributed automatic mesh merging module available
[2025.11.24-10.45.34:866][  0]LogMeshMerging: No distributed automatic mesh merging module available
[2025.11.24-10.45.34:907][  0]LogNetVersion: ColunaDoendoSamurai 1.0.0, NetCL: 17155196, EngineNetVer: 17, GameNetVer: 0 (Checksum: 440667709)
[2025.11.24-10.45.35:770][  0]LogTexture: Default maximum texture size for cubemaps generated from long-lat sources has been changed from 512 to unlimited. In order to preserve old behaiour for '/Engine/MapTemplates/Sky/DaylightAmbientCubemap.DaylightAmbientCubemap', its maximum texture size has been explicitly set to 512.
[2025.11.24-10.45.35:894][  0]LogHMD: PokeAHoleMaterial loaded successfully
[2025.11.24-10.45.35:910][  0]LogUObjectArray: 17178 objects as part of root set at end of initial load.
[2025.11.24-10.45.35:910][  0]LogUObjectAllocator: 4302048 out of 0 bytes used by permanent object pool.
[2025.11.24-10.45.35:910][  0]LogUObjectArray: CloseDisregardForGC: 0/0 objects in disregard for GC pool
[2025.11.24-10.45.36:811][  0]LogNiagaraDebuggerClient: Niagara Debugger Client Initialized | Session: 3C273D7F4AB2A4D33B3EF1ABAE07649E | Instance: 150644BF417C2C46F0D5E0B769B8F76E (LUCY-17392).
[2025.11.24-10.45.36:919][  0]LogPython: Using Python 3.7.7
[2025.11.24-10.45.38:029][  0]LogTcpMessaging: Initializing TcpMessaging bridge
[2025.11.24-10.45.38:046][  0]LogUdpMessaging: Initializing bridge on interface 0.0.0.0:0 to multicast group 230.0.0.1:6666.
[2025.11.24-10.45.38:828][  0]SourceControl: Source control is disabled
[2025.11.24-10.45.38:829][  0]SourceControl: Source control is disabled
[2025.11.24-10.45.38:841][  0]SourceControl: Source control is disabled
[2025.11.24-10.45.38:863][  0]SourceControl: Source control is disabled
[2025.11.24-10.45.38:889][  0]SourceControl: Source control is disabled
[2025.11.24-10.45.38:914][  0]LogUProjectInfo: Found projects:
[2025.11.24-10.45.39:597][  0]LogOpenImageDenoise: OIDN starting up
[2025.11.24-10.45.39:780][  0]LogAndroidPermission: UAndroidPermissionCallbackProxy::GetInstance
[2025.11.24-10.45.39:870][  0]LogAudioCaptureCore: Display: No Audio Capture implementations found. Audio input will be silent.
[2025.11.24-10.45.39:870][  0]LogAudioCaptureCore: Display: No Audio Capture implementations found. Audio input will be silent.
[2025.11.24-10.45.40:278][  0]LogCollectionManager: Loaded 0 collections in 0.003545 seconds
[2025.11.24-10.45.40:353][  0]LogFileCache: Scanning file cache for directory 'E:/Unreal/Fumec_DevGames/Saved/Collections/' took 0.00s
[2025.11.24-10.45.40:353][  0]LogFileCache: Scanning file cache for directory 'E:/Unreal/Fumec_DevGames/Content/Developers/Gabriel/Collections/' took 0.00s
[2025.11.24-10.45.40:353][  0]LogFileCache: Scanning file cache for directory 'E:/Unreal/Fumec_DevGames/Content/Collections/' took 0.00s
[2025.11.24-10.45.40:353][  0]LogOcInput: OculusInput pre-init called
[2025.11.24-10.45.40:906][  0]LogEngine: Initializing Engine...
[2025.11.24-10.45.41:061][  0]LogHMD: Failed to enumerate extensions. Please check that you have a valid OpenXR runtime installed.
[2025.11.24-10.45.41:062][  0]LogHMD: Failed to initialize OpenVR with code 110
[2025.11.24-10.45.41:063][  0]LogMagicLeap: Warning: VR disabled because ZI is not enabled.  To enable, in the editor, Edit -> Project Settings -> Plugins -> Magic Leap Plugin -> Enable Zero Iteration
[2025.11.24-10.45.41:064][  0]LogStats: UGameplayTagsManager::InitializeManager -  0.000 s
[2025.11.24-10.45.41:349][  0]LogInit: Initializing FReadOnlyCVARCache
[2025.11.24-10.45.41:390][  0]LogAIModule: Creating AISystem for world Untitled
[2025.11.24-10.45.41:391][  0]LogAudio: Display: Initializing Audio Device Manager...
[2025.11.24-10.45.41:403][  0]LogAudio: Display: Loading Default Audio Settings Objects...
[2025.11.24-10.45.41:406][  0]LogAudio: Display: No default SoundConcurrencyObject specified (or failed to load).
[2025.11.24-10.45.41:407][  0]LogAudio: Display: Audio Device Manager Initialized
[2025.11.24-10.45.41:407][  0]LogAudio: Display: Creating Audio Device:                 Id: 1, Scope: Shared, Realtime: True
[2025.11.24-10.45.41:407][  0]LogAudioMixer: Display: Audio Mixer Platform Settings:
[2025.11.24-10.45.41:407][  0]LogAudioMixer: Display: 	Sample Rate:						  48000
[2025.11.24-10.45.41:407][  0]LogAudioMixer: Display: 	Callback Buffer Frame Size Requested: 1024
[2025.11.24-10.45.41:407][  0]LogAudioMixer: Display: 	Callback Buffer Frame Size To Use:	  1024
[2025.11.24-10.45.41:407][  0]LogAudioMixer: Display: 	Number of buffers to queue:			  2
[2025.11.24-10.45.41:407][  0]LogAudioMixer: Display: 	Max Channels (voices):				  32
[2025.11.24-10.45.41:407][  0]LogAudioMixer: Display: 	Number of Async Source Workers:		  0
[2025.11.24-10.45.41:407][  0]LogAudio: Display: AudioDevice MaxSources: 32
[2025.11.24-10.45.41:408][  0]LogAudio: Display: Audio Spatialization Plugin: None (built-in).
[2025.11.24-10.45.41:408][  0]LogAudio: Display: Audio Reverb Plugin: None (built-in).
[2025.11.24-10.45.41:408][  0]LogAudio: Display: Audio Occlusion Plugin: None (built-in).
[2025.11.24-10.45.41:408][  0]LogAudioMixer: Display: Initializing audio mixer.
[2025.11.24-10.45.41:448][  0]LogAudioMixer: Display: 0: FrontLeft
[2025.11.24-10.45.41:448][  0]LogAudioMixer: Display: 1: FrontRight
[2025.11.24-10.45.41:615][  0]LogAudioMixer: Display: Using Audio Device Alto-falantes (Realtek(R) Audio)
[2025.11.24-10.45.41:617][  0]LogAudioMixer: Display: Initializing Sound Submixes...
[2025.11.24-10.45.41:626][  0]LogAudioMixer: Display: Creating Master Submix 'MasterSubmixDefault'
[2025.11.24-10.45.41:626][  0]LogAudioMixer: Display: Creating Master Submix 'MasterReverbSubmixDefault'
[2025.11.24-10.45.41:628][  0]LogAudioMixer: Display: Creating Master Submix 'MasterEQSubmixDefault'
[2025.11.24-10.45.41:628][  0]LogAudioMixer: FMixerPlatformXAudio2::StartAudioStream() called
[2025.11.24-10.45.41:628][  0]LogAudioMixer: Display: Output buffers initialized: Frames=1024, Channels=2, Samples=2048
[2025.11.24-10.45.41:631][  0]LogAudioMixer: Display: Starting AudioMixerPlatformInterface::RunInternal()
[2025.11.24-10.45.41:631][  0]LogAudioMixer: Display: FMixerPlatformXAudio2::SubmitBuffer() called for the first time
[2025.11.24-10.45.41:631][  0]LogInit: FAudioDevice initialized.
[2025.11.24-10.45.41:631][  0]LogAudio: Display: Audio Device (ID: 1) registered with world 'Untitled'.
[2025.11.24-10.45.41:631][  0]LogNetVersion: Set ProjectVersion to 1.0.0.0. Version Checksum will be recalculated on next use.
[2025.11.24-10.45.41:785][  0]LogDerivedDataCache: Saved boot cache 0.15s 94MB C:/Users/Gabriel/AppData/Local/UnrealEngine/4.27/DerivedDataCache/Boot.ddc.
[2025.11.24-10.45.41:786][  0]LogInit: Texture streaming: Enabled
[2025.11.24-10.45.41:830][  0]LogAnalytics: Display: [UEEditor.Rocket.Release] APIServer = https://datarouter.ol.epicgames.com/. AppVersion = 4.27.2-18319896+++UE4+Release-4.27
[2025.11.24-10.45.41:843][  0]LogEngineSessionManager: EngineSessionManager initialized
[2025.11.24-10.45.41:843][  0]LogEditorSessionSummary: Verbose: Initializing EditorSessionSummaryWriter for editor session tracking
[2025.11.24-10.45.41:847][  0]LogEditorSessionSummary: EditorSessionSummaryWriter initialized
[2025.11.24-10.45.41:934][  0]LogInit: Transaction tracking system initialized
[2025.11.24-10.45.42:021][  0]BlueprintLog: New page: Editor Load
[2025.11.24-10.45.42:284][  0]LocalizationService: Localization service is disabled
[2025.11.24-10.45.42:422][  0]TimingProfiler: Initialize
[2025.11.24-10.45.42:422][  0]TimingProfiler: OnSessionChanged
[2025.11.24-10.45.42:422][  0]LoadingProfiler: Initialize
[2025.11.24-10.45.42:422][  0]LoadingProfiler: OnSessionChanged
[2025.11.24-10.45.42:422][  0]NetworkingProfiler: Initialize
[2025.11.24-10.45.42:422][  0]NetworkingProfiler: OnSessionChanged
[2025.11.24-10.45.42:424][  0]MemoryProfiler: Initialize
[2025.11.24-10.45.42:424][  0]MemoryProfiler: OnSessionChanged
[2025.11.24-10.45.43:140][  0]LogCook: Display: CookSettings for Memory: MemoryMaxUsedVirtual 0MiB, MemoryMaxUsedPhysical 16384MiB, MemoryMinFreeVirtual 0MiB, MemoryMinFreePhysical 1024MiB
[2025.11.24-10.45.43:142][  0]LogCook: Display: Mobile HDR setting 1
[2025.11.24-10.45.43:515][  0]LogFileCache: Scanning file cache for directory 'E:/Unreal/Fumec_DevGames/Content/' took 0.04s
[2025.11.24-10.45.44:182][  0]LogInit: Display: Engine is initialized. Leaving FEngineLoop::Init()
[2025.11.24-10.45.44:193][  0]SourceControl: Source control is disabled
[2025.11.24-10.45.44:193][  0]LogUnrealEdMisc: Loading editor; pre map load, took 20.910
[2025.11.24-10.45.44:193][  0]Cmd: MAP LOAD FILE="E:/Unreal/Fumec_DevGames/Content/Mapas/Menu/MainMenu.umap" TEMPLATE=0 SHOWPROGRESS=1 FEATURELEVEL=3
[2025.11.24-10.45.44:239][  0]LightingResults: New page: Lighting Build
[2025.11.24-10.45.44:243][  0]LogWorld: UWorld::CleanupWorld for Untitled, bSessionEnded=true, bCleanupResources=true
[2025.11.24-10.45.44:243][  0]LogSlate: InvalidateAllWidgets triggered.  All widgets were invalidated
[2025.11.24-10.45.44:244][  0]MapCheck: New page: Map Check
[2025.11.24-10.45.44:244][  0]LightingResults: New page: Lighting Build
[2025.11.24-10.45.44:253][  0]LogAudio: Display: Audio Device unregistered from world 'None'.
[2025.11.24-10.45.44:259][  0]LogUObjectHash: Compacting FUObjectHashTables data took   1.59ms
[2025.11.24-10.45.44:647][  0]LogAudio: Display: Audio Device (ID: 1) registered with world 'MainMenu'.
[2025.11.24-10.45.44:649][  0]LogAIModule: Creating AISystem for world MainMenu
[2025.11.24-10.45.44:650][  0]LogEditorServer: Finished looking for orphan Actors (0.000 secs)
[2025.11.24-10.45.44:664][  0]LogUObjectHash: Compacting FUObjectHashTables data took   1.54ms
[2025.11.24-10.45.44:665][  0]Cmd: MAP CHECKDEP NOCLEARLOG
[2025.11.24-10.45.44:665][  0]MapCheck: Map check complete: 0 Error(s), 0 Warning(s), took 0.249ms to complete.
[2025.11.24-10.45.44:666][  0]LogFileHelpers: Loading map 'MainMenu' took 0.472
[2025.11.24-10.45.44:670][  0]LogUnrealEdMisc: Total Editor Startup Time, took 21.387
[2025.11.24-10.45.45:044][  0]LogSlate: Updating window title bar state: overlay mode, drag disabled, window buttons hidden, title bar hidden
[2025.11.24-10.45.45:062][  0]LogSlate: Updating window title bar state: overlay mode, drag disabled, window buttons hidden, title bar hidden
[2025.11.24-10.45.45:078][  0]LogSlate: Updating window title bar state: overlay mode, drag disabled, window buttons hidden, title bar hidden
[2025.11.24-10.45.45:095][  0]LogSlate: Updating window title bar state: overlay mode, drag disabled, window buttons hidden, title bar hidden
[2025.11.24-10.45.45:169][  0]LogNativeClassHierarchy: Verbose: Native class hierarchy populated in 0.0251 seconds. Added 3822 classes and 928 folders.
[2025.11.24-10.45.45:180][  0]LogNativeClassHierarchy: Verbose: Native class hierarchy updated for 'WidgetCarousel' in 0.0007 seconds. Added 0 classes and 0 folders.
[2025.11.24-10.45.45:215][  0]LogPakFile: PakFile PrimaryIndexSize=187
[2025.11.24-10.45.45:215][  0]LogPakFile: PakFile PathHashIndexSize=101
[2025.11.24-10.45.45:215][  0]LogPakFile: PakFile FullDirectoryIndexSize=148
[2025.11.24-10.45.45:215][  0]LogShaderLibrary: Display: ShaderCodeLibraryPakFileMountedCallback: PakFile 'C:/Genshin/UE_4.27/FeaturePacks/FP_FirstPerson.upack' (chunk index -1, root 'root:/') mounted
[2025.11.24-10.45.45:215][  0]LogShaderLibrary: Display: ShaderCodeLibraryPakFileMountedCallback: pending pak file info (ChunkID:-1 Root:root:/ File:C:/Genshin/UE_4.27/FeaturePacks/FP_FirstPerson.upack)
[2025.11.24-10.45.45:215][  0]LogPakFile: OnPakFileMounted2Time == 0.000128
[2025.11.24-10.45.45:246][  0]LogPakFile: PakFile PrimaryIndexSize=189
[2025.11.24-10.45.45:246][  0]LogPakFile: PakFile PathHashIndexSize=101
[2025.11.24-10.45.45:246][  0]LogPakFile: PakFile FullDirectoryIndexSize=152
[2025.11.24-10.45.45:246][  0]LogShaderLibrary: Display: ShaderCodeLibraryPakFileMountedCallback: PakFile 'C:/Genshin/UE_4.27/FeaturePacks/FP_FirstPersonBP.upack' (chunk index -1, root 'root:/') mounted
[2025.11.24-10.45.45:246][  0]LogShaderLibrary: Display: ShaderCodeLibraryPakFileMountedCallback: pending pak file info (ChunkID:-1 Root:root:/ File:C:/Genshin/UE_4.27/FeaturePacks/FP_FirstPersonBP.upack)
[2025.11.24-10.45.45:246][  0]LogPakFile: OnPakFileMounted2Time == 0.000098
[2025.11.24-10.45.45:270][  0]LogPakFile: PakFile PrimaryIndexSize=191
[2025.11.24-10.45.45:270][  0]LogPakFile: PakFile PathHashIndexSize=101
[2025.11.24-10.45.45:270][  0]LogPakFile: PakFile FullDirectoryIndexSize=160
[2025.11.24-10.45.45:270][  0]LogShaderLibrary: Display: ShaderCodeLibraryPakFileMountedCallback: PakFile 'C:/Genshin/UE_4.27/FeaturePacks/MobileStarterContent.upack' (chunk index -1, root 'root:/') mounted
[2025.11.24-10.45.45:270][  0]LogShaderLibrary: Display: ShaderCodeLibraryPakFileMountedCallback: pending pak file info (ChunkID:-1 Root:root:/ File:C:/Genshin/UE_4.27/FeaturePacks/MobileStarterContent.upack)
[2025.11.24-10.45.45:270][  0]LogPakFile: OnPakFileMounted2Time == 0.000098
[2025.11.24-10.45.45:293][  0]LogPakFile: PakFile PrimaryIndexSize=185
[2025.11.24-10.45.45:293][  0]LogPakFile: PakFile PathHashIndexSize=101
[2025.11.24-10.45.45:293][  0]LogPakFile: PakFile FullDirectoryIndexSize=148
[2025.11.24-10.45.45:293][  0]LogShaderLibrary: Display: ShaderCodeLibraryPakFileMountedCallback: PakFile 'C:/Genshin/UE_4.27/FeaturePacks/StarterContent.upack' (chunk index -1, root 'root:/') mounted
[2025.11.24-10.45.45:293][  0]LogShaderLibrary: Display: ShaderCodeLibraryPakFileMountedCallback: pending pak file info (ChunkID:-1 Root:root:/ File:C:/Genshin/UE_4.27/FeaturePacks/StarterContent.upack)
[2025.11.24-10.45.45:293][  0]LogPakFile: OnPakFileMounted2Time == 0.000113
[2025.11.24-10.45.45:315][  0]LogPakFile: PakFile PrimaryIndexSize=190
[2025.11.24-10.45.45:315][  0]LogPakFile: PakFile PathHashIndexSize=101
[2025.11.24-10.45.45:315][  0]LogPakFile: PakFile FullDirectoryIndexSize=154
[2025.11.24-10.45.45:315][  0]LogShaderLibrary: Display: ShaderCodeLibraryPakFileMountedCallback: PakFile 'C:/Genshin/UE_4.27/FeaturePacks/TP_2DSideScroller.upack' (chunk index -1, root 'root:/') mounted
[2025.11.24-10.45.45:315][  0]LogShaderLibrary: Display: ShaderCodeLibraryPakFileMountedCallback: pending pak file info (ChunkID:-1 Root:root:/ File:C:/Genshin/UE_4.27/FeaturePacks/TP_2DSideScroller.upack)
[2025.11.24-10.45.45:315][  0]LogPakFile: OnPakFileMounted2Time == 0.000081
[2025.11.24-10.45.45:335][  0]LogPakFile: PakFile PrimaryIndexSize=192
[2025.11.24-10.45.45:335][  0]LogPakFile: PakFile PathHashIndexSize=101
[2025.11.24-10.45.45:336][  0]LogPakFile: PakFile FullDirectoryIndexSize=158
[2025.11.24-10.45.45:336][  0]LogShaderLibrary: Display: ShaderCodeLibraryPakFileMountedCallback: PakFile 'C:/Genshin/UE_4.27/FeaturePacks/TP_2DSideScrollerBP.upack' (chunk index -1, root 'root:/') mounted
[2025.11.24-10.45.45:336][  0]LogShaderLibrary: Display: ShaderCodeLibraryPakFileMountedCallback: pending pak file info (ChunkID:-1 Root:root:/ File:C:/Genshin/UE_4.27/FeaturePacks/TP_2DSideScrollerBP.upack)
[2025.11.24-10.45.45:336][  0]LogPakFile: OnPakFileMounted2Time == 0.000089
[2025.11.24-10.45.45:358][  0]LogPakFile: PakFile PrimaryIndexSize=182
[2025.11.24-10.45.45:358][  0]LogPakFile: PakFile PathHashIndexSize=101
[2025.11.24-10.45.45:358][  0]LogPakFile: PakFile FullDirectoryIndexSize=138
[2025.11.24-10.45.45:358][  0]LogShaderLibrary: Display: ShaderCodeLibraryPakFileMountedCallback: PakFile 'C:/Genshin/UE_4.27/FeaturePacks/TP_Flying.upack' (chunk index -1, root 'root:/') mounted
[2025.11.24-10.45.45:358][  0]LogShaderLibrary: Display: ShaderCodeLibraryPakFileMountedCallback: pending pak file info (ChunkID:-1 Root:root:/ File:C:/Genshin/UE_4.27/FeaturePacks/TP_Flying.upack)
[2025.11.24-10.45.45:358][  0]LogPakFile: OnPakFileMounted2Time == 0.000114
[2025.11.24-10.45.45:380][  0]LogPakFile: PakFile PrimaryIndexSize=184
[2025.11.24-10.45.45:380][  0]LogPakFile: PakFile PathHashIndexSize=101
[2025.11.24-10.45.45:380][  0]LogPakFile: PakFile FullDirectoryIndexSize=142
[2025.11.24-10.45.45:380][  0]LogShaderLibrary: Display: ShaderCodeLibraryPakFileMountedCallback: PakFile 'C:/Genshin/UE_4.27/FeaturePacks/TP_FlyingBP.upack' (chunk index -1, root 'root:/') mounted
[2025.11.24-10.45.45:380][  0]LogShaderLibrary: Display: ShaderCodeLibraryPakFileMountedCallback: pending pak file info (ChunkID:-1 Root:root:/ File:C:/Genshin/UE_4.27/FeaturePacks/TP_FlyingBP.upack)
[2025.11.24-10.45.45:380][  0]LogPakFile: OnPakFileMounted2Time == 0.000132
[2025.11.24-10.45.45:408][  0]LogPakFile: PakFile PrimaryIndexSize=188
[2025.11.24-10.45.45:408][  0]LogPakFile: PakFile PathHashIndexSize=101
[2025.11.24-10.45.45:408][  0]LogPakFile: PakFile FullDirectoryIndexSize=150
[2025.11.24-10.45.45:408][  0]LogShaderLibrary: Display: ShaderCodeLibraryPakFileMountedCallback: PakFile 'C:/Genshin/UE_4.27/FeaturePacks/TP_HandheldARBP.upack' (chunk index -1, root 'root:/') mounted
[2025.11.24-10.45.45:408][  0]LogShaderLibrary: Display: ShaderCodeLibraryPakFileMountedCallback: pending pak file info (ChunkID:-1 Root:root:/ File:C:/Genshin/UE_4.27/FeaturePacks/TP_HandheldARBP.upack)
[2025.11.24-10.45.45:408][  0]LogPakFile: OnPakFileMounted2Time == 0.000142
[2025.11.24-10.45.45:433][  0]LogPakFile: PakFile PrimaryIndexSize=182
[2025.11.24-10.45.45:433][  0]LogPakFile: PakFile PathHashIndexSize=101
[2025.11.24-10.45.45:433][  0]LogPakFile: PakFile FullDirectoryIndexSize=138
[2025.11.24-10.45.45:433][  0]LogShaderLibrary: Display: ShaderCodeLibraryPakFileMountedCallback: PakFile 'C:/Genshin/UE_4.27/FeaturePacks/TP_Puzzle.upack' (chunk index -1, root 'root:/') mounted
[2025.11.24-10.45.45:433][  0]LogShaderLibrary: Display: ShaderCodeLibraryPakFileMountedCallback: pending pak file info (ChunkID:-1 Root:root:/ File:C:/Genshin/UE_4.27/FeaturePacks/TP_Puzzle.upack)
[2025.11.24-10.45.45:433][  0]LogPakFile: OnPakFileMounted2Time == 0.000080
[2025.11.24-10.45.45:455][  0]LogPakFile: PakFile PrimaryIndexSize=184
[2025.11.24-10.45.45:455][  0]LogPakFile: PakFile PathHashIndexSize=101
[2025.11.24-10.45.45:455][  0]LogPakFile: PakFile FullDirectoryIndexSize=142
[2025.11.24-10.45.45:455][  0]LogShaderLibrary: Display: ShaderCodeLibraryPakFileMountedCallback: PakFile 'C:/Genshin/UE_4.27/FeaturePacks/TP_PuzzleBP.upack' (chunk index -1, root 'root:/') mounted
[2025.11.24-10.45.45:455][  0]LogShaderLibrary: Display: ShaderCodeLibraryPakFileMountedCallback: pending pak file info (ChunkID:-1 Root:root:/ File:C:/Genshin/UE_4.27/FeaturePacks/TP_PuzzleBP.upack)
[2025.11.24-10.45.45:455][  0]LogPakFile: OnPakFileMounted2Time == 0.000081
[2025.11.24-10.45.45:477][  0]LogPakFile: PakFile PrimaryIndexSize=183
[2025.11.24-10.45.45:477][  0]LogPakFile: PakFile PathHashIndexSize=101
[2025.11.24-10.45.45:477][  0]LogPakFile: PakFile FullDirectoryIndexSize=140
[2025.11.24-10.45.45:477][  0]LogShaderLibrary: Display: ShaderCodeLibraryPakFileMountedCallback: PakFile 'C:/Genshin/UE_4.27/FeaturePacks/TP_Rolling.upack' (chunk index -1, root 'root:/') mounted
[2025.11.24-10.45.45:478][  0]LogShaderLibrary: Display: ShaderCodeLibraryPakFileMountedCallback: pending pak file info (ChunkID:-1 Root:root:/ File:C:/Genshin/UE_4.27/FeaturePacks/TP_Rolling.upack)
[2025.11.24-10.45.45:478][  0]LogPakFile: OnPakFileMounted2Time == 0.000122
[2025.11.24-10.45.45:500][  0]LogPakFile: PakFile PrimaryIndexSize=185
[2025.11.24-10.45.45:500][  0]LogPakFile: PakFile PathHashIndexSize=101
[2025.11.24-10.45.45:500][  0]LogPakFile: PakFile FullDirectoryIndexSize=144
[2025.11.24-10.45.45:500][  0]LogShaderLibrary: Display: ShaderCodeLibraryPakFileMountedCallback: PakFile 'C:/Genshin/UE_4.27/FeaturePacks/TP_RollingBP.upack' (chunk index -1, root 'root:/') mounted
[2025.11.24-10.45.45:500][  0]LogShaderLibrary: Display: ShaderCodeLibraryPakFileMountedCallback: pending pak file info (ChunkID:-1 Root:root:/ File:C:/Genshin/UE_4.27/FeaturePacks/TP_RollingBP.upack)
[2025.11.24-10.45.45:500][  0]LogPakFile: OnPakFileMounted2Time == 0.000080
[2025.11.24-10.45.45:524][  0]LogPakFile: PakFile PrimaryIndexSize=188
[2025.11.24-10.45.45:524][  0]LogPakFile: PakFile PathHashIndexSize=101
[2025.11.24-10.45.45:524][  0]LogPakFile: PakFile FullDirectoryIndexSize=150
[2025.11.24-10.45.45:524][  0]LogShaderLibrary: Display: ShaderCodeLibraryPakFileMountedCallback: PakFile 'C:/Genshin/UE_4.27/FeaturePacks/TP_SideScroller.upack' (chunk index -1, root 'root:/') mounted
[2025.11.24-10.45.45:524][  0]LogShaderLibrary: Display: ShaderCodeLibraryPakFileMountedCallback: pending pak file info (ChunkID:-1 Root:root:/ File:C:/Genshin/UE_4.27/FeaturePacks/TP_SideScroller.upack)
[2025.11.24-10.45.45:524][  0]LogPakFile: OnPakFileMounted2Time == 0.000129
[2025.11.24-10.45.45:546][  0]LogPakFile: PakFile PrimaryIndexSize=190
[2025.11.24-10.45.45:546][  0]LogPakFile: PakFile PathHashIndexSize=101
[2025.11.24-10.45.45:546][  0]LogPakFile: PakFile FullDirectoryIndexSize=154
[2025.11.24-10.45.45:546][  0]LogShaderLibrary: Display: ShaderCodeLibraryPakFileMountedCallback: PakFile 'C:/Genshin/UE_4.27/FeaturePacks/TP_SideScrollerBP.upack' (chunk index -1, root 'root:/') mounted
[2025.11.24-10.45.45:546][  0]LogShaderLibrary: Display: ShaderCodeLibraryPakFileMountedCallback: pending pak file info (ChunkID:-1 Root:root:/ File:C:/Genshin/UE_4.27/FeaturePacks/TP_SideScrollerBP.upack)
[2025.11.24-10.45.45:546][  0]LogPakFile: OnPakFileMounted2Time == 0.000080
[2025.11.24-10.45.45:570][  0]LogPakFile: PakFile PrimaryIndexSize=187
[2025.11.24-10.45.45:570][  0]LogPakFile: PakFile PathHashIndexSize=101
[2025.11.24-10.45.45:570][  0]LogPakFile: PakFile FullDirectoryIndexSize=148
[2025.11.24-10.45.45:570][  0]LogShaderLibrary: Display: ShaderCodeLibraryPakFileMountedCallback: PakFile 'C:/Genshin/UE_4.27/FeaturePacks/TP_ThirdPerson.upack' (chunk index -1, root 'root:/') mounted
[2025.11.24-10.45.45:570][  0]LogShaderLibrary: Display: ShaderCodeLibraryPakFileMountedCallback: pending pak file info (ChunkID:-1 Root:root:/ File:C:/Genshin/UE_4.27/FeaturePacks/TP_ThirdPerson.upack)
[2025.11.24-10.45.45:570][  0]LogPakFile: OnPakFileMounted2Time == 0.000080
[2025.11.24-10.45.45:594][  0]LogPakFile: PakFile PrimaryIndexSize=189
[2025.11.24-10.45.45:594][  0]LogPakFile: PakFile PathHashIndexSize=101
[2025.11.24-10.45.45:594][  0]LogPakFile: PakFile FullDirectoryIndexSize=152
[2025.11.24-10.45.45:594][  0]LogShaderLibrary: Display: ShaderCodeLibraryPakFileMountedCallback: PakFile 'C:/Genshin/UE_4.27/FeaturePacks/TP_ThirdPersonBP.upack' (chunk index -1, root 'root:/') mounted
[2025.11.24-10.45.45:594][  0]LogShaderLibrary: Display: ShaderCodeLibraryPakFileMountedCallback: pending pak file info (ChunkID:-1 Root:root:/ File:C:/Genshin/UE_4.27/FeaturePacks/TP_ThirdPersonBP.upack)
[2025.11.24-10.45.45:594][  0]LogPakFile: OnPakFileMounted2Time == 0.000133
[2025.11.24-10.45.45:617][  0]LogPakFile: PakFile PrimaryIndexSize=183
[2025.11.24-10.45.45:617][  0]LogPakFile: PakFile PathHashIndexSize=101
[2025.11.24-10.45.45:617][  0]LogPakFile: PakFile FullDirectoryIndexSize=140
[2025.11.24-10.45.45:617][  0]LogShaderLibrary: Display: ShaderCodeLibraryPakFileMountedCallback: PakFile 'C:/Genshin/UE_4.27/FeaturePacks/TP_TopDown.upack' (chunk index -1, root 'root:/') mounted
[2025.11.24-10.45.45:617][  0]LogShaderLibrary: Display: ShaderCodeLibraryPakFileMountedCallback: pending pak file info (ChunkID:-1 Root:root:/ File:C:/Genshin/UE_4.27/FeaturePacks/TP_TopDown.upack)
[2025.11.24-10.45.45:617][  0]LogPakFile: OnPakFileMounted2Time == 0.000101
[2025.11.24-10.45.45:640][  0]LogPakFile: PakFile PrimaryIndexSize=185
[2025.11.24-10.45.45:641][  0]LogPakFile: PakFile PathHashIndexSize=101
[2025.11.24-10.45.45:641][  0]LogPakFile: PakFile FullDirectoryIndexSize=144
[2025.11.24-10.45.45:641][  0]LogShaderLibrary: Display: ShaderCodeLibraryPakFileMountedCallback: PakFile 'C:/Genshin/UE_4.27/FeaturePacks/TP_TopDownBP.upack' (chunk index -1, root 'root:/') mounted
[2025.11.24-10.45.45:641][  0]LogShaderLibrary: Display: ShaderCodeLibraryPakFileMountedCallback: pending pak file info (ChunkID:-1 Root:root:/ File:C:/Genshin/UE_4.27/FeaturePacks/TP_TopDownBP.upack)
[2025.11.24-10.45.45:641][  0]LogPakFile: OnPakFileMounted2Time == 0.000084
[2025.11.24-10.45.45:669][  0]LogPakFile: PakFile PrimaryIndexSize=185
[2025.11.24-10.45.45:669][  0]LogPakFile: PakFile PathHashIndexSize=101
[2025.11.24-10.45.45:669][  0]LogPakFile: PakFile FullDirectoryIndexSize=144
[2025.11.24-10.45.45:669][  0]LogShaderLibrary: Display: ShaderCodeLibraryPakFileMountedCallback: PakFile 'C:/Genshin/UE_4.27/FeaturePacks/TP_TwinStick.upack' (chunk index -1, root 'root:/') mounted
[2025.11.24-10.45.45:669][  0]LogShaderLibrary: Display: ShaderCodeLibraryPakFileMountedCallback: pending pak file info (ChunkID:-1 Root:root:/ File:C:/Genshin/UE_4.27/FeaturePacks/TP_TwinStick.upack)
[2025.11.24-10.45.45:669][  0]LogPakFile: OnPakFileMounted2Time == 0.000113
[2025.11.24-10.45.45:691][  0]LogPakFile: PakFile PrimaryIndexSize=187
[2025.11.24-10.45.45:691][  0]LogPakFile: PakFile PathHashIndexSize=101
[2025.11.24-10.45.45:691][  0]LogPakFile: PakFile FullDirectoryIndexSize=148
[2025.11.24-10.45.45:691][  0]LogShaderLibrary: Display: ShaderCodeLibraryPakFileMountedCallback: PakFile 'C:/Genshin/UE_4.27/FeaturePacks/TP_TwinStickBP.upack' (chunk index -1, root 'root:/') mounted
[2025.11.24-10.45.45:691][  0]LogShaderLibrary: Display: ShaderCodeLibraryPakFileMountedCallback: pending pak file info (ChunkID:-1 Root:root:/ File:C:/Genshin/UE_4.27/FeaturePacks/TP_TwinStickBP.upack)
[2025.11.24-10.45.45:691][  0]LogPakFile: OnPakFileMounted2Time == 0.000079
[2025.11.24-10.45.45:714][  0]LogPakFile: PakFile PrimaryIndexSize=183
[2025.11.24-10.45.45:714][  0]LogPakFile: PakFile PathHashIndexSize=101
[2025.11.24-10.45.45:714][  0]LogPakFile: PakFile FullDirectoryIndexSize=140
[2025.11.24-10.45.45:714][  0]LogShaderLibrary: Display: ShaderCodeLibraryPakFileMountedCallback: PakFile 'C:/Genshin/UE_4.27/FeaturePacks/TP_Vehicle.upack' (chunk index -1, root 'root:/') mounted
[2025.11.24-10.45.45:714][  0]LogShaderLibrary: Display: ShaderCodeLibraryPakFileMountedCallback: pending pak file info (ChunkID:-1 Root:root:/ File:C:/Genshin/UE_4.27/FeaturePacks/TP_Vehicle.upack)
[2025.11.24-10.45.45:714][  0]LogPakFile: OnPakFileMounted2Time == 0.000082
[2025.11.24-10.45.45:739][  0]LogPakFile: PakFile PrimaryIndexSize=186
[2025.11.24-10.45.45:739][  0]LogPakFile: PakFile PathHashIndexSize=101
[2025.11.24-10.45.45:739][  0]LogPakFile: PakFile FullDirectoryIndexSize=146
[2025.11.24-10.45.45:739][  0]LogShaderLibrary: Display: ShaderCodeLibraryPakFileMountedCallback: PakFile 'C:/Genshin/UE_4.27/FeaturePacks/TP_VehicleAdv.upack' (chunk index -1, root 'root:/') mounted
[2025.11.24-10.45.45:740][  0]LogShaderLibrary: Display: ShaderCodeLibraryPakFileMountedCallback: pending pak file info (ChunkID:-1 Root:root:/ File:C:/Genshin/UE_4.27/FeaturePacks/TP_VehicleAdv.upack)
[2025.11.24-10.45.45:740][  0]LogPakFile: OnPakFileMounted2Time == 0.000100
[2025.11.24-10.45.45:761][  0]LogPakFile: PakFile PrimaryIndexSize=188
[2025.11.24-10.45.45:761][  0]LogPakFile: PakFile PathHashIndexSize=101
[2025.11.24-10.45.45:761][  0]LogPakFile: PakFile FullDirectoryIndexSize=150
[2025.11.24-10.45.45:761][  0]LogShaderLibrary: Display: ShaderCodeLibraryPakFileMountedCallback: PakFile 'C:/Genshin/UE_4.27/FeaturePacks/TP_VehicleAdvBP.upack' (chunk index -1, root 'root:/') mounted
[2025.11.24-10.45.45:761][  0]LogShaderLibrary: Display: ShaderCodeLibraryPakFileMountedCallback: pending pak file info (ChunkID:-1 Root:root:/ File:C:/Genshin/UE_4.27/FeaturePacks/TP_VehicleAdvBP.upack)
[2025.11.24-10.45.45:761][  0]LogPakFile: OnPakFileMounted2Time == 0.000077
[2025.11.24-10.45.45:784][  0]LogPakFile: PakFile PrimaryIndexSize=185
[2025.11.24-10.45.45:784][  0]LogPakFile: PakFile PathHashIndexSize=101
[2025.11.24-10.45.45:784][  0]LogPakFile: PakFile FullDirectoryIndexSize=144
[2025.11.24-10.45.45:784][  0]LogShaderLibrary: Display: ShaderCodeLibraryPakFileMountedCallback: PakFile 'C:/Genshin/UE_4.27/FeaturePacks/TP_VehicleBP.upack' (chunk index -1, root 'root:/') mounted
[2025.11.24-10.45.45:784][  0]LogShaderLibrary: Display: ShaderCodeLibraryPakFileMountedCallback: pending pak file info (ChunkID:-1 Root:root:/ File:C:/Genshin/UE_4.27/FeaturePacks/TP_VehicleBP.upack)
[2025.11.24-10.45.45:784][  0]LogPakFile: OnPakFileMounted2Time == 0.000181
[2025.11.24-10.45.45:809][  0]LogPakFile: PakFile PrimaryIndexSize=192
[2025.11.24-10.45.45:809][  0]LogPakFile: PakFile PathHashIndexSize=101
[2025.11.24-10.45.45:809][  0]LogPakFile: PakFile FullDirectoryIndexSize=158
[2025.11.24-10.45.45:809][  0]LogShaderLibrary: Display: ShaderCodeLibraryPakFileMountedCallback: PakFile 'C:/Genshin/UE_4.27/FeaturePacks/TP_VirtualRealityBP.upack' (chunk index -1, root 'root:/') mounted
[2025.11.24-10.45.45:809][  0]LogShaderLibrary: Display: ShaderCodeLibraryPakFileMountedCallback: pending pak file info (ChunkID:-1 Root:root:/ File:C:/Genshin/UE_4.27/FeaturePacks/TP_VirtualRealityBP.upack)
[2025.11.24-10.45.45:809][  0]LogPakFile: OnPakFileMounted2Time == 0.000080
[2025.11.24-10.45.46:519][  0]LogNativeClassHierarchy: Verbose: Native class hierarchy updated for 'AddContentDialog' in 0.0007 seconds. Added 0 classes and 0 folders.
[2025.11.24-10.45.46:526][  0]LogNativeClassHierarchy: Verbose: Native class hierarchy updated for 'SceneOutliner' in 0.0008 seconds. Added 2 classes and 0 folders.
[2025.11.24-10.45.46:872][  0]LogSlate: Took 0.000701 seconds to synchronously load lazily loaded font '../../../Engine/Content/Slate/Fonts/Roboto-Regular.ttf' (155K)
[2025.11.24-10.45.46:895][  0]LogSlate: Took 0.020847 seconds to synchronously load lazily loaded font '../../../Engine/Content/Editor/Slate/Fonts/FontAwesome.ttf' (139K)
[2025.11.24-10.45.46:899][  0]LogSlate: Took 0.000455 seconds to synchronously load lazily loaded font '../../../Engine/Content/Slate/Fonts/Roboto-Bold.ttf' (160K)
[2025.11.24-10.45.47:310][  0]LogRenderer: Reallocating scene render targets to support 904x428 Format 10 NumSamples 1 (Frame:1).
[2025.11.24-10.45.47:570][  0]LogNativeClassHierarchy: Verbose: Native class hierarchy updated for 'HierarchicalLODOutliner' in 0.0007 seconds. Added 0 classes and 0 folders.
[2025.11.24-10.45.47:570][  0]LogLoad: (Engine Initialization) Total time: 24.29 seconds
[2025.11.24-10.45.47:570][  0]LogLoad: (Engine Initialization) Total Blueprint compile time: 0.00 seconds
[2025.11.24-10.45.47:656][  0]LogContentStreaming: Texture pool size now 1000 MB
[2025.11.24-10.45.47:696][  1]LogAssetRegistry: Asset discovery search completed in 13.6866 seconds
[2025.11.24-10.45.47:711][  1]LogCollectionManager: Fixed up redirectors for 0 collections in 0.000009 seconds (updated 0 objects)
[2025.11.24-10.45.48:073][  2]LogSlate: Took 0.018250 seconds to synchronously load lazily loaded font '../../../Engine/Content/Slate/Fonts/Roboto-Light.ttf' (167K)
[2025.11.24-10.45.49:029][  5]LogSlate: Took 0.000504 seconds to synchronously load lazily loaded font '../../../Engine/Content/Slate/Fonts/Roboto-Light.ttf' (167K)
[2025.11.24-11.11.31:535][749]LogFactory: FactoryCreateFile: SoundWave with ReimportSoundFactory (0 0 E:\Areat\Nova pasta (4)\Despause.wav)
[2025.11.24-11.11.31:548][749]LogFactory: FactoryCreateFile: SoundWave with ReimportSoundFactory (0 0 E:\Areat\Nova pasta (4)\Click.wav)
[2025.11.24-11.11.31:584][749]LogFactory: FactoryCreateFile: SoundWave with ReimportSoundFactory (0 0 E:\Areat\Nova pasta (4)\FundoBoss.wav)
[2025.11.24-11.11.31:677][749]LogFactory: FactoryCreateFile: SoundWave with ReimportSoundFactory (0 0 E:\Areat\Nova pasta (4)\FundoFaseCogumelo.wav)
[2025.11.24-11.11.31:743][749]LogFactory: FactoryCreateFile: SoundWave with ReimportSoundFactory (0 0 E:\Areat\Nova pasta (4)\Pause.wav)
[2025.11.24-11.11.31:754][749]LogFactory: FactoryCreateFile: SoundWave with ReimportSoundFactory (0 0 E:\Areat\Nova pasta (4)\MusicaMenu.wav)
[2025.11.24-11.11.33:309][782]LogSlate: Took 0.028774 seconds to synchronously load lazily loaded font '../../../Engine/Content/Slate/Fonts/Roboto-Italic.ttf' (157K)
[2025.11.24-11.11.35:783][853]LogUObjectHash: Compacting FUObjectHashTables data took   1.47ms
[2025.11.24-11.11.35:937][853]Cmd: OBJ SAVEPACKAGE PACKAGE="/Game/Audios/Despause" FILE="E:/Unreal/Fumec_DevGames/Content/Audios/Despause.uasset" SILENT=true
[2025.11.24-11.11.35:946][853]LogSavePackage: Moving 'E:/Unreal/Fumec_DevGames/Saved/Despause2B767BCE4C8B14E8E4A48EB8CA18D3B8.tmp' to 'E:/Unreal/Fumec_DevGames/Content/Audios/Despause.uasset'
[2025.11.24-11.11.35:952][853]Cmd: OBJ SAVEPACKAGE PACKAGE="/Game/Audios/Click" FILE="E:/Unreal/Fumec_DevGames/Content/Audios/Click.uasset" SILENT=true
[2025.11.24-11.11.35:957][853]LogSavePackage: Moving 'E:/Unreal/Fumec_DevGames/Saved/Click9D28DF47474FC49A243AD4889F6496A2.tmp' to 'E:/Unreal/Fumec_DevGames/Content/Audios/Click.uasset'
[2025.11.24-11.11.35:974][853]Cmd: OBJ SAVEPACKAGE PACKAGE="/Game/Audios/FundoBoss" FILE="E:/Unreal/Fumec_DevGames/Content/Audios/FundoBoss.uasset" SILENT=true
[2025.11.24-11.11.35:988][853]LogSavePackage: Moving 'E:/Unreal/Fumec_DevGames/Saved/FundoBoss7D7DABAB4A697B83119E99AC5F78B443.tmp' to 'E:/Unreal/Fumec_DevGames/Content/Audios/FundoBoss.uasset'
[2025.11.24-11.11.36:009][853]Cmd: OBJ SAVEPACKAGE PACKAGE="/Game/Audios/FundoFaseCogumelo" FILE="E:/Unreal/Fumec_DevGames/Content/Audios/FundoFaseCogumelo.uasset" SILENT=true
[2025.11.24-11.11.36:024][853]LogSavePackage: Moving 'E:/Unreal/Fumec_DevGames/Saved/FundoFaseCogumeloAE2B96C3417651D9A2335F938E070E20.tmp' to 'E:/Unreal/Fumec_DevGames/Content/Audios/FundoFaseCogumelo.uasset'
[2025.11.24-11.11.36:030][853]Cmd: OBJ SAVEPACKAGE PACKAGE="/Game/Audios/Pause" FILE="E:/Unreal/Fumec_DevGames/Content/Audios/Pause.uasset" SILENT=true
[2025.11.24-11.11.36:143][853]LogSavePackage: Moving 'E:/Unreal/Fumec_DevGames/Saved/PauseD03A2DDF4C654DD64F1C1C838470CE4B.tmp' to 'E:/Unreal/Fumec_DevGames/Content/Audios/Pause.uasset'
[2025.11.24-11.11.36:166][853]Cmd: OBJ SAVEPACKAGE PACKAGE="/Game/Audios/MusicaMenu" FILE="E:/Unreal/Fumec_DevGames/Content/Audios/MusicaMenu.uasset" SILENT=true
[2025.11.24-11.11.36:172][853]LogSavePackage: Moving 'E:/Unreal/Fumec_DevGames/Saved/MusicaMenu582B89134EF7FDE507C69A97116AC77D.tmp' to 'E:/Unreal/Fumec_DevGames/Content/Audios/MusicaMenu.uasset'
[2025.11.24-11.11.36:244][853]AssetCheck: New page: Asset Save: multiple assets
[2025.11.24-11.11.36:244][853]LogContentValidation: Display: Validating SoundWave /Game/Audios/Despause.Despause
[2025.11.24-11.11.36:245][853]LogContentValidation: Display: Validating SoundWave /Game/Audios/Click.Click
[2025.11.24-11.11.36:245][853]LogContentValidation: Display: Validating SoundWave /Game/Audios/FundoBoss.FundoBoss
[2025.11.24-11.11.36:245][853]LogContentValidation: Display: Validating SoundWave /Game/Audios/FundoFaseCogumelo.FundoFaseCogumelo
[2025.11.24-11.11.36:245][853]LogContentValidation: Display: Validating SoundWave /Game/Audios/Pause.Pause
[2025.11.24-11.11.36:245][853]LogContentValidation: Display: Validating SoundWave /Game/Audios/MusicaMenu.MusicaMenu
[2025.11.24-11.11.45:349][101]LogAssetEditorSubsystem: Opening Asset editor for WidgetBlueprint /Game/Mapas/Menu/MainMenuWid.MainMenuWid
[2025.11.24-11.11.47:581][101]LogNativeClassHierarchy: Verbose: Native class hierarchy updated for 'BlueprintGraph' in 0.0016 seconds. Added 126 classes and 0 folders.
[2025.11.24-11.11.50:180][101]LogSlate: Took 0.000574 seconds to synchronously load lazily loaded font '../../../Engine/Content/Slate/Fonts/Roboto-BoldCondensed.ttf' (158K)
[2025.11.24-11.12.49:458][426]BlueprintLog: New page: Compile MainMenuWid
[2025.11.24-11.12.49:574][426]LogUObjectHash: Compacting FUObjectHashTables data took   7.05ms
[2025.11.24-11.12.49:692][426]Cmd: OBJ SAVEPACKAGE PACKAGE="/Game/Mapas/Menu/MainMenuWid" FILE="E:/Unreal/Fumec_DevGames/Content/Mapas/Menu/MainMenuWid.uasset" SILENT=true
[2025.11.24-11.12.49:717][426]LogSavePackage: Moving 'E:/Unreal/Fumec_DevGames/Saved/MainMenuWid8FF193814EFA3A240F73EA935F9479CB.tmp' to 'E:/Unreal/Fumec_DevGames/Content/Mapas/Menu/MainMenuWid.uasset'
[2025.11.24-11.12.49:821][426]AssetCheck: New page: Asset Save: MainMenuWid
[2025.11.24-11.12.49:821][426]LogContentValidation: Display: Validating WidgetBlueprint /Game/Mapas/Menu/MainMenuWid.MainMenuWid
[2025.11.24-11.12.49:880][426]LogSlate: Took 0.018273 seconds to synchronously load lazily loaded font '../../../Engine/Content/Slate/Fonts/DroidSansMono.ttf' (77K)
[2025.11.24-11.12.52:235][480]LogTemp: Repeating last play command: Selected Viewport
[2025.11.24-11.12.52:250][480]LogPlayLevel: PlayLevel: No blueprints needed recompiling
[2025.11.24-11.12.52:253][480]PIE: New page: PIE session: MainMenu (Nov 24, 2025, 5:12:52 AM)
[2025.11.24-11.12.52:257][480]LogOnline: OSS: Creating online subsystem instance for: NULL
[2025.11.24-11.12.52:262][480]LogOnline: OSS: TryLoadSubsystemAndSetDefault: Loaded subsystem for module [NULL]
[2025.11.24-11.12.52:262][480]LogPlayLevel: Creating play world package: /Game/Mapas/Menu/UEDPIE_0_MainMenu
[2025.11.24-11.12.52:264][480]LogPlayLevel: PIE: StaticDuplicateObject took: (0.002223s)
[2025.11.24-11.12.52:267][480]LogAIModule: Creating AISystem for world MainMenu
[2025.11.24-11.12.52:268][480]LogPlayLevel: PIE: World Init took: (0.003487s)
[2025.11.24-11.12.52:268][480]LogPlayLevel: PIE: Created PIE world by copying editor world from /Game/Mapas/Menu/MainMenu.MainMenu to /Game/Mapas/Menu/UEDPIE_0_MainMenu.MainMenu (0.006319s)
[2025.11.24-11.12.52:328][480]LogUObjectHash: Compacting FUObjectHashTables data took   7.13ms
[2025.11.24-11.12.52:331][480]LogAudio: Display: Creating Audio Device:                 Id: 2, Scope: Unique, Realtime: True
[2025.11.24-11.12.52:331][480]LogAudioMixer: Display: Audio Mixer Platform Settings:
[2025.11.24-11.12.52:331][480]LogAudioMixer: Display: 	Sample Rate:						  48000
[2025.11.24-11.12.52:331][480]LogAudioMixer: Display: 	Callback Buffer Frame Size Requested: 1024
[2025.11.24-11.12.52:331][480]LogAudioMixer: Display: 	Callback Buffer Frame Size To Use:	  1024
[2025.11.24-11.12.52:331][480]LogAudioMixer: Display: 	Number of buffers to queue:			  2
[2025.11.24-11.12.52:331][480]LogAudioMixer: Display: 	Max Channels (voices):				  32
[2025.11.24-11.12.52:331][480]LogAudioMixer: Display: 	Number of Async Source Workers:		  0
[2025.11.24-11.12.52:331][480]LogAudio: Display: AudioDevice MaxSources: 32
[2025.11.24-11.12.52:332][480]LogAudio: Display: Audio Spatialization Plugin: None (built-in).
[2025.11.24-11.12.52:332][480]LogAudio: Display: Audio Reverb Plugin: None (built-in).
[2025.11.24-11.12.52:332][480]LogAudio: Display: Audio Occlusion Plugin: None (built-in).
[2025.11.24-11.12.52:332][480]LogAudioMixer: Display: Initializing audio mixer.
[2025.11.24-11.12.52:345][480]LogAudioMixer: Display: 0: FrontLeft
[2025.11.24-11.12.52:345][480]LogAudioMixer: Display: 1: FrontRight
[2025.11.24-11.12.52:364][480]LogAudioMixer: Display: Using Audio Device Alto-falantes (Realtek(R) Audio)
[2025.11.24-11.12.52:364][480]LogAudioMixer: Display: Initializing Sound Submixes...
[2025.11.24-11.12.52:364][480]LogAudioMixer: Display: Creating Master Submix 'MasterSubmixDefault'
[2025.11.24-11.12.52:365][480]LogAudioMixer: Display: Creating Master Submix 'MasterReverbSubmixDefault'
[2025.11.24-11.12.52:365][480]LogAudioMixer: Display: Creating Master Submix 'MasterEQSubmixDefault'
[2025.11.24-11.12.52:366][480]LogAudioMixer: FMixerPlatformXAudio2::StartAudioStream() called
[2025.11.24-11.12.52:366][480]LogAudioMixer: Display: Output buffers initialized: Frames=1024, Channels=2, Samples=2048
[2025.11.24-11.12.52:369][480]LogAudioMixer: Display: Starting AudioMixerPlatformInterface::RunInternal()
[2025.11.24-11.12.52:369][480]LogAudioMixer: Display: FMixerPlatformXAudio2::SubmitBuffer() called for the first time
[2025.11.24-11.12.52:369][480]LogInit: FAudioDevice initialized.
[2025.11.24-11.12.52:369][480]LogAudio: Display: Audio Device (ID: 2) registered with world 'MainMenu'.
[2025.11.24-11.12.52:388][480]LogLoad: Game class is 'GameMode'
[2025.11.24-11.12.52:391][480]LogWorld: Bringing World /Game/Mapas/Menu/UEDPIE_0_MainMenu.MainMenu up for play (max tick rate 0) at 2025.11.24-08.12.52
[2025.11.24-11.12.52:391][480]LogWorld: Bringing up level for play took: 0.000913
[2025.11.24-11.12.52:392][480]LogOnline: OSS: Creating online subsystem instance for: :Context_3
[2025.11.24-11.12.52:409][480]LogNativeClassHierarchy: Verbose: Native class hierarchy updated for 'MovieSceneCapture' in 0.0008 seconds. Added 20 classes and 0 folders.
[2025.11.24-11.12.52:409][480]LogGameMode: Display: Match State Changed from EnteringMap to WaitingToStart
[2025.11.24-11.12.52:409][480]LogGameState: Match State Changed from EnteringMap to WaitingToStart
[2025.11.24-11.12.52:409][480]LogGameMode: Display: Match State Changed from WaitingToStart to InProgress
[2025.11.24-11.12.52:415][480]LogGameState: Match State Changed from WaitingToStart to InProgress
[2025.11.24-11.12.52:415][480]PIE: Server logged in
[2025.11.24-11.12.52:420][480]PIE: Play in editor total start time 0.171 seconds.
[2025.11.24-11.12.53:083][483]LogGameMode: Display: Match State Changed from InProgress to LeavingMap
[2025.11.24-11.12.53:084][483]LogGameState: Match State Changed from InProgress to LeavingMap
[2025.11.24-11.12.53:084][483]LogNet: Browse: /Game/Mapas/Fases/MapaInicialAr/MapaInicial
[2025.11.24-11.12.53:084][483]LogLoad: LoadMap: /Game/Mapas/Fases/MapaInicialAr/MapaInicial
[2025.11.24-11.12.53:084][483]LogWorld: BeginTearingDown for /Game/Mapas/Menu/UEDPIE_0_MainMenu
[2025.11.24-11.12.53:087][483]LogWorld: UWorld::CleanupWorld for MainMenu, bSessionEnded=true, bCleanupResources=true
[2025.11.24-11.12.53:087][483]LogSlate: InvalidateAllWidgets triggered.  All widgets were invalidated
[2025.11.24-11.12.53:135][483]LogAudio: Display: Audio Device unregistered from world 'None'.
[2025.11.24-11.12.53:233][483]LogUObjectHash: Compacting FUObjectHashTables data took   6.93ms
[2025.11.24-11.12.56:813][483]LogAudio: Display: Audio Device (ID: 2) registered with world 'MapaInicial'.
[2025.11.24-11.12.56:816][483]LogAIModule: Creating AISystem for world MapaInicial
[2025.11.24-11.12.57:231][483]LogLoad: Game class is 'GameModeRL_C'
[2025.11.24-11.12.57:236][483]LogWorld: Bringing World /Game/Mapas/Fases/MapaInicialAr/UEDPIE_0_MapaInicial.MapaInicial up for play (max tick rate 0) at 2025.11.24-08.12.57
[2025.11.24-11.12.57:236][483]LogWorld: Bringing up level for play took: 0.003429
[2025.11.24-11.12.57:244][483]LogLoad: Took 4.159414 seconds to LoadMap(/Game/Mapas/Fases/MapaInicialAr/MapaInicial)
[2025.11.24-11.12.57:283][484]LogCharacterMovement: Warning: GetSimulationTimeStep() - Max iterations 8 hit while remaining time 0.071628 > MaxSimulationTimeStep (0.050) for 'Player_BP_C_0', movement 'Walking'
[2025.11.24-11.12.58:068][504]LogSlate: Updating window title bar state: overlay mode, drag disabled, window buttons hidden, title bar hidden
[2025.11.24-11.12.58:068][504]LogWorld: BeginTearingDown for /Game/Mapas/Fases/MapaInicialAr/UEDPIE_0_MapaInicial
[2025.11.24-11.12.58:069][504]LogWorld: UWorld::CleanupWorld for MapaInicial, bSessionEnded=true, bCleanupResources=true
[2025.11.24-11.12.58:069][504]LogSlate: InvalidateAllWidgets triggered.  All widgets were invalidated
[2025.11.24-11.12.58:086][504]LogPlayLevel: Display: Shutting down PIE online subsystems
[2025.11.24-11.12.58:098][504]LogSlate: InvalidateAllWidgets triggered.  All widgets were invalidated
[2025.11.24-11.12.58:144][504]LogSlate: Updating window title bar state: overlay mode, drag disabled, window buttons hidden, title bar hidden
[2025.11.24-11.12.58:145][504]LogAudioMixer: FMixerPlatformXAudio2::StopAudioStream() called
[2025.11.24-11.12.58:147][504]LogAudioMixer: FMixerPlatformXAudio2::StopAudioStream() called
[2025.11.24-11.12.58:212][504]LogUObjectHash: Compacting FUObjectHashTables data took   8.17ms
[2025.11.24-11.12.58:249][505]LogPlayLevel: Display: Destroying online subsystem :Context_3
[2025.11.24-11.12.59:613][540]LogTemp: Repeating last play command: Selected Viewport
[2025.11.24-11.12.59:628][540]LogPlayLevel: PlayLevel: No blueprints needed recompiling
[2025.11.24-11.12.59:628][540]PIE: New page: PIE session: MainMenu (Nov 24, 2025, 5:12:59 AM)
[2025.11.24-11.12.59:629][540]LogPlayLevel: Creating play world package: /Game/Mapas/Menu/UEDPIE_0_MainMenu
[2025.11.24-11.12.59:633][540]LogPlayLevel: PIE: StaticDuplicateObject took: (0.003654s)
[2025.11.24-11.12.59:635][540]LogAIModule: Creating AISystem for world MainMenu
[2025.11.24-11.12.59:635][540]LogPlayLevel: PIE: World Init took: (0.002354s)
[2025.11.24-11.12.59:635][540]LogPlayLevel: PIE: Created PIE world by copying editor world from /Game/Mapas/Menu/MainMenu.MainMenu to /Game/Mapas/Menu/UEDPIE_0_MainMenu.MainMenu (0.006460s)
[2025.11.24-11.12.59:686][540]LogUObjectHash: Compacting FUObjectHashTables data took   4.70ms
[2025.11.24-11.12.59:687][540]LogAudio: Display: Creating Audio Device:                 Id: 3, Scope: Unique, Realtime: True
[2025.11.24-11.12.59:687][540]LogAudioMixer: Display: Audio Mixer Platform Settings:
[2025.11.24-11.12.59:687][540]LogAudioMixer: Display: 	Sample Rate:						  48000
[2025.11.24-11.12.59:687][540]LogAudioMixer: Display: 	Callback Buffer Frame Size Requested: 1024
[2025.11.24-11.12.59:687][540]LogAudioMixer: Display: 	Callback Buffer Frame Size To Use:	  1024
[2025.11.24-11.12.59:687][540]LogAudioMixer: Display: 	Number of buffers to queue:			  2
[2025.11.24-11.12.59:689][540]LogAudioMixer: Display: 	Max Channels (voices):				  32
[2025.11.24-11.12.59:689][540]LogAudioMixer: Display: 	Number of Async Source Workers:		  0
[2025.11.24-11.12.59:689][540]LogAudio: Display: AudioDevice MaxSources: 32
[2025.11.24-11.12.59:690][540]LogAudio: Display: Audio Spatialization Plugin: None (built-in).
[2025.11.24-11.12.59:690][540]LogAudio: Display: Audio Reverb Plugin: None (built-in).
[2025.11.24-11.12.59:690][540]LogAudio: Display: Audio Occlusion Plugin: None (built-in).
[2025.11.24-11.12.59:690][540]LogAudioMixer: Display: Initializing audio mixer.
[2025.11.24-11.12.59:702][540]LogAudioMixer: Display: 0: FrontLeft
[2025.11.24-11.12.59:702][540]LogAudioMixer: Display: 1: FrontRight
[2025.11.24-11.12.59:717][540]LogAudioMixer: Display: Using Audio Device Alto-falantes (Realtek(R) Audio)
[2025.11.24-11.12.59:717][540]LogAudioMixer: Display: Initializing Sound Submixes...
[2025.11.24-11.12.59:717][540]LogAudioMixer: Display: Creating Master Submix 'MasterSubmixDefault'
[2025.11.24-11.12.59:717][540]LogAudioMixer: Display: Creating Master Submix 'MasterReverbSubmixDefault'
[2025.11.24-11.12.59:718][540]LogAudioMixer: Display: Creating Master Submix 'MasterEQSubmixDefault'
[2025.11.24-11.12.59:719][540]LogAudioMixer: FMixerPlatformXAudio2::StartAudioStream() called
[2025.11.24-11.12.59:719][540]LogAudioMixer: Display: Output buffers initialized: Frames=1024, Channels=2, Samples=2048
[2025.11.24-11.12.59:722][540]LogAudioMixer: Display: Starting AudioMixerPlatformInterface::RunInternal()
[2025.11.24-11.12.59:723][540]LogAudioMixer: Display: FMixerPlatformXAudio2::SubmitBuffer() called for the first time
[2025.11.24-11.12.59:723][540]LogInit: FAudioDevice initialized.
[2025.11.24-11.12.59:723][540]LogAudio: Display: Audio Device (ID: 3) registered with world 'MainMenu'.
[2025.11.24-11.12.59:742][540]LogLoad: Game class is 'GameMode'
[2025.11.24-11.12.59:743][540]LogWorld: Bringing World /Game/Mapas/Menu/UEDPIE_0_MainMenu.MainMenu up for play (max tick rate 0) at 2025.11.24-08.12.59
[2025.11.24-11.12.59:743][540]LogWorld: Bringing up level for play took: 0.000693
[2025.11.24-11.12.59:743][540]LogOnline: OSS: Creating online subsystem instance for: :Context_4
[2025.11.24-11.12.59:748][540]LogGameMode: Display: Match State Changed from EnteringMap to WaitingToStart
[2025.11.24-11.12.59:748][540]LogGameState: Match State Changed from EnteringMap to WaitingToStart
[2025.11.24-11.12.59:748][540]LogGameMode: Display: Match State Changed from WaitingToStart to InProgress
[2025.11.24-11.12.59:750][540]LogGameState: Match State Changed from WaitingToStart to InProgress
[2025.11.24-11.12.59:750][540]PIE: Server logged in
[2025.11.24-11.12.59:752][540]PIE: Play in editor total start time 0.125 seconds.
[2025.11.24-11.13.06:506][688]LogGameMode: Display: Match State Changed from InProgress to LeavingMap
[2025.11.24-11.13.06:506][688]LogGameState: Match State Changed from InProgress to LeavingMap
[2025.11.24-11.13.06:506][688]LogNet: Browse: /Game/Mapas/Fases/MapaInicialAr/MapaInicial
[2025.11.24-11.13.06:507][688]LogLoad: LoadMap: /Game/Mapas/Fases/MapaInicialAr/MapaInicial
[2025.11.24-11.13.06:507][688]LogWorld: BeginTearingDown for /Game/Mapas/Menu/UEDPIE_0_MainMenu
[2025.11.24-11.13.06:508][688]LogWorld: UWorld::CleanupWorld for MainMenu, bSessionEnded=true, bCleanupResources=true
[2025.11.24-11.13.06:508][688]LogSlate: InvalidateAllWidgets triggered.  All widgets were invalidated
[2025.11.24-11.13.06:546][688]LogAudio: Display: Audio Device unregistered from world 'None'.
[2025.11.24-11.13.06:552][688]LogUObjectHash: Compacting FUObjectHashTables data took   4.13ms
[2025.11.24-11.13.06:572][688]LogAudio: Display: Audio Device (ID: 3) registered with world 'MapaInicial'.
[2025.11.24-11.13.06:573][688]LogAIModule: Creating AISystem for world MapaInicial
[2025.11.24-11.13.06:575][688]LogLoad: Game class is 'GameModeRL_C'
[2025.11.24-11.13.06:580][688]LogWorld: Bringing World /Game/Mapas/Fases/MapaInicialAr/UEDPIE_0_MapaInicial.MapaInicial up for play (max tick rate 0) at 2025.11.24-08.13.06
[2025.11.24-11.13.06:581][688]LogWorld: Bringing up level for play took: 0.004569
[2025.11.24-11.13.06:584][688]LogLoad: Took 0.077806 seconds to LoadMap(/Game/Mapas/Fases/MapaInicialAr/MapaInicial)
[2025.11.24-11.13.07:659][719]LogSlate: Updating window title bar state: overlay mode, drag disabled, window buttons hidden, title bar hidden
[2025.11.24-11.13.07:659][719]LogWorld: BeginTearingDown for /Game/Mapas/Fases/MapaInicialAr/UEDPIE_0_MapaInicial
[2025.11.24-11.13.07:660][719]LogWorld: UWorld::CleanupWorld for MapaInicial, bSessionEnded=true, bCleanupResources=true
[2025.11.24-11.13.07:660][719]LogSlate: InvalidateAllWidgets triggered.  All widgets were invalidated
[2025.11.24-11.13.07:681][719]LogPlayLevel: Display: Shutting down PIE online subsystems
[2025.11.24-11.13.07:691][719]LogSlate: InvalidateAllWidgets triggered.  All widgets were invalidated
[2025.11.24-11.13.07:728][719]LogSlate: Updating window title bar state: overlay mode, drag disabled, window buttons hidden, title bar hidden
[2025.11.24-11.13.07:729][719]LogAudioMixer: FMixerPlatformXAudio2::StopAudioStream() called
[2025.11.24-11.13.07:731][719]LogAudioMixer: FMixerPlatformXAudio2::StopAudioStream() called
[2025.11.24-11.13.07:742][719]LogUObjectHash: Compacting FUObjectHashTables data took   4.14ms
[2025.11.24-11.13.07:771][720]LogPlayLevel: Display: Destroying online subsystem :Context_4
[2025.11.24-11.13.11:775][818]LogAudioDerivedData: Display: Building compressed audio format OGG hash OGG10000-1-1-1-1-1 wave Click...
[2025.11.24-11.13.11:775][818]LogAudioDerivedData: Display: Compression Quality for SoundWave /Game/Audios/Click.Click will be modified from 40 to 40.
[2025.11.24-11.13.11:819][818]LogAudioDerivedData: Display: Updated SoundWave->RawPCMDataSize from 0 to 190356 while cooking SoundWave /Game/Audios/Click.Click.
[2025.11.24-11.13.36:108][398]BlueprintLog: New page: Compile MainMenuWid
[2025.11.24-11.13.36:163][398]LogUObjectHash: Compacting FUObjectHashTables data took   4.70ms
[2025.11.24-11.13.36:271][398]Cmd: OBJ SAVEPACKAGE PACKAGE="/Game/Mapas/Menu/MainMenuWid" FILE="E:/Unreal/Fumec_DevGames/Content/Mapas/Menu/MainMenuWid.uasset" SILENT=true
[2025.11.24-11.13.36:290][398]LogSavePackage: Moving 'E:/Unreal/Fumec_DevGames/Saved/MainMenuWidDEF0164B4F181C0CE889629946BB49D4.tmp' to 'E:/Unreal/Fumec_DevGames/Content/Mapas/Menu/MainMenuWid.uasset'
[2025.11.24-11.13.36:402][398]AssetCheck: New page: Asset Save: MainMenuWid
[2025.11.24-11.13.36:402][398]LogContentValidation: Display: Validating WidgetBlueprint /Game/Mapas/Menu/MainMenuWid.MainMenuWid
[2025.11.24-11.13.38:075][439]LogTemp: Repeating last play command: Selected Viewport
[2025.11.24-11.13.38:096][439]LogPlayLevel: PlayLevel: No blueprints needed recompiling
[2025.11.24-11.13.38:097][439]PIE: New page: PIE session: MainMenu (Nov 24, 2025, 5:13:38 AM)
[2025.11.24-11.13.38:097][439]LogPlayLevel: Creating play world package: /Game/Mapas/Menu/UEDPIE_0_MainMenu
[2025.11.24-11.13.38:101][439]LogPlayLevel: PIE: StaticDuplicateObject took: (0.004225s)
[2025.11.24-11.13.38:105][439]LogAIModule: Creating AISystem for world MainMenu
[2025.11.24-11.13.38:105][439]LogPlayLevel: PIE: World Init took: (0.003590s)
[2025.11.24-11.13.38:105][439]LogPlayLevel: PIE: Created PIE world by copying editor world from /Game/Mapas/Menu/MainMenu.MainMenu to /Game/Mapas/Menu/UEDPIE_0_MainMenu.MainMenu (0.008397s)
[2025.11.24-11.13.38:161][439]LogUObjectHash: Compacting FUObjectHashTables data took   5.56ms
[2025.11.24-11.13.38:162][439]LogAudio: Display: Creating Audio Device:                 Id: 4, Scope: Unique, Realtime: True
[2025.11.24-11.13.38:162][439]LogAudioMixer: Display: Audio Mixer Platform Settings:
[2025.11.24-11.13.38:162][439]LogAudioMixer: Display: 	Sample Rate:						  48000
[2025.11.24-11.13.38:162][439]LogAudioMixer: Display: 	Callback Buffer Frame Size Requested: 1024
[2025.11.24-11.13.38:162][439]LogAudioMixer: Display: 	Callback Buffer Frame Size To Use:	  1024
[2025.11.24-11.13.38:162][439]LogAudioMixer: Display: 	Number of buffers to queue:			  2
[2025.11.24-11.13.38:162][439]LogAudioMixer: Display: 	Max Channels (voices):				  32
[2025.11.24-11.13.38:162][439]LogAudioMixer: Display: 	Number of Async Source Workers:		  0
[2025.11.24-11.13.38:162][439]LogAudio: Display: AudioDevice MaxSources: 32
[2025.11.24-11.13.38:164][439]LogAudio: Display: Audio Spatialization Plugin: None (built-in).
[2025.11.24-11.13.38:164][439]LogAudio: Display: Audio Reverb Plugin: None (built-in).
[2025.11.24-11.13.38:164][439]LogAudio: Display: Audio Occlusion Plugin: None (built-in).
[2025.11.24-11.13.38:164][439]LogAudioMixer: Display: Initializing audio mixer.
[2025.11.24-11.13.38:175][439]LogAudioMixer: Display: 0: FrontLeft
[2025.11.24-11.13.38:175][439]LogAudioMixer: Display: 1: FrontRight
[2025.11.24-11.13.38:191][439]LogAudioMixer: Display: Using Audio Device Alto-falantes (Realtek(R) Audio)
[2025.11.24-11.13.38:192][439]LogAudioMixer: Display: Initializing Sound Submixes...
[2025.11.24-11.13.38:192][439]LogAudioMixer: Display: Creating Master Submix 'MasterSubmixDefault'
[2025.11.24-11.13.38:192][439]LogAudioMixer: Display: Creating Master Submix 'MasterReverbSubmixDefault'
[2025.11.24-11.13.38:193][439]LogAudioMixer: Display: Creating Master Submix 'MasterEQSubmixDefault'
[2025.11.24-11.13.38:193][439]LogAudioMixer: FMixerPlatformXAudio2::StartAudioStream() called
[2025.11.24-11.13.38:193][439]LogAudioMixer: Display: Output buffers initialized: Frames=1024, Channels=2, Samples=2048
[2025.11.24-11.13.38:195][439]LogAudioMixer: Display: Starting AudioMixerPlatformInterface::RunInternal()
[2025.11.24-11.13.38:195][439]LogAudioMixer: Display: FMixerPlatformXAudio2::SubmitBuffer() called for the first time
[2025.11.24-11.13.38:195][439]LogInit: FAudioDevice initialized.
[2025.11.24-11.13.38:195][439]LogAudio: Display: Audio Device (ID: 4) registered with world 'MainMenu'.
[2025.11.24-11.13.38:212][439]LogLoad: Game class is 'GameMode'
[2025.11.24-11.13.38:213][439]LogWorld: Bringing World /Game/Mapas/Menu/UEDPIE_0_MainMenu.MainMenu up for play (max tick rate 0) at 2025.11.24-08.13.38
[2025.11.24-11.13.38:213][439]LogWorld: Bringing up level for play took: 0.000676
[2025.11.24-11.13.38:214][439]LogOnline: OSS: Creating online subsystem instance for: :Context_5
[2025.11.24-11.13.38:219][439]LogGameMode: Display: Match State Changed from EnteringMap to WaitingToStart
[2025.11.24-11.13.38:219][439]LogGameState: Match State Changed from EnteringMap to WaitingToStart
[2025.11.24-11.13.38:219][439]LogGameMode: Display: Match State Changed from WaitingToStart to InProgress
[2025.11.24-11.13.38:220][439]LogGameState: Match State Changed from WaitingToStart to InProgress
[2025.11.24-11.13.38:221][439]PIE: Server logged in
[2025.11.24-11.13.38:222][439]PIE: Play in editor total start time 0.129 seconds.
[2025.11.24-11.13.39:248][469]LogGameMode: Display: Match State Changed from InProgress to LeavingMap
[2025.11.24-11.13.39:248][469]LogGameState: Match State Changed from InProgress to LeavingMap
[2025.11.24-11.13.39:249][469]LogNet: Browse: /Game/Mapas/Fases/MapaInicialAr/MapaInicial
[2025.11.24-11.13.39:249][469]LogLoad: LoadMap: /Game/Mapas/Fases/MapaInicialAr/MapaInicial
[2025.11.24-11.13.39:249][469]LogWorld: BeginTearingDown for /Game/Mapas/Menu/UEDPIE_0_MainMenu
[2025.11.24-11.13.39:251][469]LogWorld: UWorld::CleanupWorld for MainMenu, bSessionEnded=true, bCleanupResources=true
[2025.11.24-11.13.39:251][469]LogSlate: InvalidateAllWidgets triggered.  All widgets were invalidated
[2025.11.24-11.13.39:294][469]LogAudio: Display: Audio Device unregistered from world 'None'.
[2025.11.24-11.13.39:300][469]LogUObjectHash: Compacting FUObjectHashTables data took   5.03ms
[2025.11.24-11.13.39:319][469]LogAudio: Display: Audio Device (ID: 4) registered with world 'MapaInicial'.
[2025.11.24-11.13.39:321][469]LogAIModule: Creating AISystem for world MapaInicial
[2025.11.24-11.13.39:322][469]LogLoad: Game class is 'GameModeRL_C'
[2025.11.24-11.13.39:325][469]LogWorld: Bringing World /Game/Mapas/Fases/MapaInicialAr/UEDPIE_0_MapaInicial.MapaInicial up for play (max tick rate 0) at 2025.11.24-08.13.39
[2025.11.24-11.13.39:326][469]LogWorld: Bringing up level for play took: 0.003567
[2025.11.24-11.13.39:331][469]LogLoad: Took 0.080624 seconds to LoadMap(/Game/Mapas/Fases/MapaInicialAr/MapaInicial)
[2025.11.24-11.13.42:596][559]Cmd: TRANSACTION UNDO
[2025.11.24-11.13.42:597][559]LogEditorTransaction: Undo Change Number Pin Value
[2025.11.24-11.13.43:364][571]Cmd: TRANSACTION UNDO
[2025.11.24-11.13.43:364][571]LogEditorTransaction: Undo Move Node
[2025.11.24-11.13.45:358][608]LogSlate: Updating window title bar state: overlay mode, drag disabled, window buttons hidden, title bar hidden
[2025.11.24-11.13.45:358][608]LogWorld: BeginTearingDown for /Game/Mapas/Fases/MapaInicialAr/UEDPIE_0_MapaInicial
[2025.11.24-11.13.45:359][608]LogWorld: UWorld::CleanupWorld for MapaInicial, bSessionEnded=true, bCleanupResources=true
[2025.11.24-11.13.45:359][608]LogSlate: InvalidateAllWidgets triggered.  All widgets were invalidated
[2025.11.24-11.13.45:397][608]LogPlayLevel: Display: Shutting down PIE online subsystems
[2025.11.24-11.13.45:408][608]LogSlate: InvalidateAllWidgets triggered.  All widgets were invalidated
[2025.11.24-11.13.45:453][608]LogSlate: Updating window title bar state: overlay mode, drag disabled, window buttons hidden, title bar hidden
[2025.11.24-11.13.45:454][608]LogAudioMixer: FMixerPlatformXAudio2::StopAudioStream() called
[2025.11.24-11.13.45:456][608]LogAudioMixer: FMixerPlatformXAudio2::StopAudioStream() called
[2025.11.24-11.13.45:468][608]LogUObjectHash: Compacting FUObjectHashTables data took   5.02ms
[2025.11.24-11.13.45:503][609]LogPlayLevel: Display: Destroying online subsystem :Context_5
[2025.11.24-11.14.02:052][942]BlueprintLog: New page: Compile MainMenuWid
[2025.11.24-11.14.02:113][942]LogUObjectHash: Compacting FUObjectHashTables data took   5.59ms
[2025.11.24-11.14.02:229][942]Cmd: OBJ SAVEPACKAGE PACKAGE="/Game/Mapas/Menu/MainMenuWid" FILE="E:/Unreal/Fumec_DevGames/Content/Mapas/Menu/MainMenuWid.uasset" SILENT=true
[2025.11.24-11.14.02:248][942]LogSavePackage: Moving 'E:/Unreal/Fumec_DevGames/Saved/MainMenuWidBBB24FE7403A8BDE2C9499BB4377885E.tmp' to 'E:/Unreal/Fumec_DevGames/Content/Mapas/Menu/MainMenuWid.uasset'
[2025.11.24-11.14.02:362][942]AssetCheck: New page: Asset Save: MainMenuWid
[2025.11.24-11.14.02:362][942]LogContentValidation: Display: Validating WidgetBlueprint /Game/Mapas/Menu/MainMenuWid.MainMenuWid
[2025.11.24-11.14.03:302][962]LogTemp: Repeating last play command: Selected Viewport
[2025.11.24-11.14.03:317][962]LogPlayLevel: PlayLevel: No blueprints needed recompiling
[2025.11.24-11.14.03:317][962]PIE: New page: PIE session: MainMenu (Nov 24, 2025, 5:14:03 AM)
[2025.11.24-11.14.03:317][962]LogPlayLevel: Creating play world package: /Game/Mapas/Menu/UEDPIE_0_MainMenu
[2025.11.24-11.14.03:320][962]LogPlayLevel: PIE: StaticDuplicateObject took: (0.002982s)
[2025.11.24-11.14.03:322][962]LogAIModule: Creating AISystem for world MainMenu
[2025.11.24-11.14.03:323][962]LogPlayLevel: PIE: World Init took: (0.002527s)
[2025.11.24-11.14.03:323][962]LogPlayLevel: PIE: Created PIE world by copying editor world from /Game/Mapas/Menu/MainMenu.MainMenu to /Game/Mapas/Menu/UEDPIE_0_MainMenu.MainMenu (0.005854s)
[2025.11.24-11.14.03:386][962]LogUObjectHash: Compacting FUObjectHashTables data took   6.19ms
[2025.11.24-11.14.03:387][962]LogAudio: Display: Creating Audio Device:                 Id: 5, Scope: Unique, Realtime: True
[2025.11.24-11.14.03:387][962]LogAudioMixer: Display: Audio Mixer Platform Settings:
[2025.11.24-11.14.03:387][962]LogAudioMixer: Display: 	Sample Rate:						  48000
[2025.11.24-11.14.03:387][962]LogAudioMixer: Display: 	Callback Buffer Frame Size Requested: 1024
[2025.11.24-11.14.03:387][962]LogAudioMixer: Display: 	Callback Buffer Frame Size To Use:	  1024
[2025.11.24-11.14.03:387][962]LogAudioMixer: Display: 	Number of buffers to queue:			  2
[2025.11.24-11.14.03:387][962]LogAudioMixer: Display: 	Max Channels (voices):				  32
[2025.11.24-11.14.03:387][962]LogAudioMixer: Display: 	Number of Async Source Workers:		  0
[2025.11.24-11.14.03:387][962]LogAudio: Display: AudioDevice MaxSources: 32
[2025.11.24-11.14.03:388][962]LogAudio: Display: Audio Spatialization Plugin: None (built-in).
[2025.11.24-11.14.03:388][962]LogAudio: Display: Audio Reverb Plugin: None (built-in).
[2025.11.24-11.14.03:388][962]LogAudio: Display: Audio Occlusion Plugin: None (built-in).
[2025.11.24-11.14.03:388][962]LogAudioMixer: Display: Initializing audio mixer.
[2025.11.24-11.14.03:399][962]LogAudioMixer: Display: 0: FrontLeft
[2025.11.24-11.14.03:399][962]LogAudioMixer: Display: 1: FrontRight
[2025.11.24-11.14.03:414][962]LogAudioMixer: Display: Using Audio Device Alto-falantes (Realtek(R) Audio)
[2025.11.24-11.14.03:414][962]LogAudioMixer: Display: Initializing Sound Submixes...
[2025.11.24-11.14.03:414][962]LogAudioMixer: Display: Creating Master Submix 'MasterSubmixDefault'
[2025.11.24-11.14.03:415][962]LogAudioMixer: Display: Creating Master Submix 'MasterReverbSubmixDefault'
[2025.11.24-11.14.03:415][962]LogAudioMixer: Display: Creating Master Submix 'MasterEQSubmixDefault'
[2025.11.24-11.14.03:415][962]LogAudioMixer: FMixerPlatformXAudio2::StartAudioStream() called
[2025.11.24-11.14.03:416][962]LogAudioMixer: Display: Output buffers initialized: Frames=1024, Channels=2, Samples=2048
[2025.11.24-11.14.03:419][962]LogAudioMixer: Display: Starting AudioMixerPlatformInterface::RunInternal()
[2025.11.24-11.14.03:419][962]LogAudioMixer: Display: FMixerPlatformXAudio2::SubmitBuffer() called for the first time
[2025.11.24-11.14.03:419][962]LogInit: FAudioDevice initialized.
[2025.11.24-11.14.03:419][962]LogAudio: Display: Audio Device (ID: 5) registered with world 'MainMenu'.
[2025.11.24-11.14.03:475][962]LogSlate: Updating window title bar state: overlay mode, drag disabled, window buttons hidden, title bar hidden
[2025.11.24-11.14.03:476][962]LogLoad: Game class is 'GameMode'
[2025.11.24-11.14.03:478][962]LogWorld: Bringing World /Game/Mapas/Menu/UEDPIE_0_MainMenu.MainMenu up for play (max tick rate 0) at 2025.11.24-08.14.03
[2025.11.24-11.14.03:479][962]LogWorld: Bringing up level for play took: 0.001652
[2025.11.24-11.14.03:480][962]LogOnline: OSS: Creating online subsystem instance for: :Context_6
[2025.11.24-11.14.03:485][962]LogGameMode: FindPlayerStart: PATHS NOT DEFINED or NO PLAYERSTART with positive rating
[2025.11.24-11.14.03:486][962]LogGameMode: Display: Match State Changed from EnteringMap to WaitingToStart
[2025.11.24-11.14.03:487][962]LogGameState: Match State Changed from EnteringMap to WaitingToStart
[2025.11.24-11.14.03:487][962]LogGameMode: Display: Match State Changed from WaitingToStart to InProgress
[2025.11.24-11.14.03:489][962]LogGameState: Match State Changed from WaitingToStart to InProgress
[2025.11.24-11.14.03:491][962]PIE: Server logged in
[2025.11.24-11.14.03:493][962]PIE: Play in editor total start time 0.179 seconds.
[2025.11.24-11.14.03:547][963]LogRenderer: Reallocating scene render targets to support 1088x588 Format 10 NumSamples 1 (Frame:1).
[2025.11.24-11.14.04:627][984]LogGameMode: Display: Match State Changed from InProgress to LeavingMap
[2025.11.24-11.14.04:627][984]LogGameState: Match State Changed from InProgress to LeavingMap
[2025.11.24-11.14.04:628][984]LogNet: Browse: /Game/Mapas/Fases/MapaInicialAr/MapaInicial
[2025.11.24-11.14.04:628][984]LogLoad: LoadMap: /Game/Mapas/Fases/MapaInicialAr/MapaInicial
[2025.11.24-11.14.04:628][984]LogWorld: BeginTearingDown for /Game/Mapas/Menu/UEDPIE_0_MainMenu
[2025.11.24-11.14.04:629][984]LogWorld: UWorld::CleanupWorld for MainMenu, bSessionEnded=true, bCleanupResources=true
[2025.11.24-11.14.04:629][984]LogSlate: InvalidateAllWidgets triggered.  All widgets were invalidated
[2025.11.24-11.14.04:682][984]LogAudio: Display: Audio Device unregistered from world 'None'.
[2025.11.24-11.14.04:688][984]LogUObjectHash: Compacting FUObjectHashTables data took   4.58ms
[2025.11.24-11.14.04:707][984]LogAudio: Display: Audio Device (ID: 5) registered with world 'MapaInicial'.
[2025.11.24-11.14.04:709][984]LogAIModule: Creating AISystem for world MapaInicial
[2025.11.24-11.14.04:710][984]LogLoad: Game class is 'GameModeRL_C'
[2025.11.24-11.14.04:715][984]LogWorld: Bringing World /Game/Mapas/Fases/MapaInicialAr/UEDPIE_0_MapaInicial.MapaInicial up for play (max tick rate 0) at 2025.11.24-08.14.04
[2025.11.24-11.14.04:715][984]LogWorld: Bringing up level for play took: 0.003455
[2025.11.24-11.14.04:719][984]LogLoad: Took 0.091375 seconds to LoadMap(/Game/Mapas/Fases/MapaInicialAr/MapaInicial)
[2025.11.24-11.14.05:469][999]LogSlate: Updating window title bar state: overlay mode, drag disabled, window buttons hidden, title bar hidden
[2025.11.24-11.14.05:469][999]LogWorld: BeginTearingDown for /Game/Mapas/Fases/MapaInicialAr/UEDPIE_0_MapaInicial
[2025.11.24-11.14.05:469][999]LogSlate: Window 'ColunaDoendoSamurai Preview [NetMode: Standalone]  (64-bit/Windows) ' being destroyed
[2025.11.24-11.14.05:513][999]LogWorld: UWorld::CleanupWorld for MapaInicial, bSessionEnded=true, bCleanupResources=true
[2025.11.24-11.14.05:513][999]LogSlate: InvalidateAllWidgets triggered.  All widgets were invalidated
[2025.11.24-11.14.05:534][999]LogPlayLevel: Display: Shutting down PIE online subsystems
[2025.11.24-11.14.05:546][999]LogSlate: InvalidateAllWidgets triggered.  All widgets were invalidated
[2025.11.24-11.14.05:596][999]LogAudio: Display: Audio Device unregistered from world 'None'.
[2025.11.24-11.14.05:596][999]LogAudioMixer: FMixerPlatformXAudio2::StopAudioStream() called
[2025.11.24-11.14.05:598][999]LogAudioMixer: FMixerPlatformXAudio2::StopAudioStream() called
[2025.11.24-11.14.05:611][999]LogUObjectHash: Compacting FUObjectHashTables data took   4.47ms
[2025.11.24-11.14.05:651][  0]LogPlayLevel: Display: Destroying online subsystem :Context_6
[2025.11.24-11.14.49:971][429]LogUObjectHash: Compacting FUObjectHashTables data took   4.43ms
[2025.11.24-11.14.49:973][429]LogFileHelpers: Editor autosave (incl. external actors) for '/Game/Mapas/Menu/MainMenu' took 0.055
[2025.11.24-11.14.51:664][429]OBJ SavePackage: Generating thumbnails for [0] asset(s) in package [/Game/Mapas/Menu/MainMenuWid] ([2] browsable assets)...
[2025.11.24-11.14.51:666][429]OBJ SavePackage: Finished generating thumbnails for package [/Game/Mapas/Menu/MainMenuWid]
[2025.11.24-11.14.51:666][429]Cmd: OBJ SAVEPACKAGE PACKAGE="/Game/Mapas/Menu/MainMenuWid" FILE="E:/Unreal/Fumec_DevGames/Saved/Autosaves/Game/Mapas/Menu/MainMenuWid_Auto1.uasset" SILENT=false AUTOSAVING=true
[2025.11.24-11.14.51:684][429]LogSavePackage: Moving 'E:/Unreal/Fumec_DevGames/Saved/MainMenuWid_Auto1BA038D834954E4DFF7575385E83DBB70.tmp' to 'E:/Unreal/Fumec_DevGames/Saved/Autosaves/Game/Mapas/Menu/MainMenuWid_Auto1.uasset'
[2025.11.24-11.14.51:906][429]LogFileHelpers: Auto-saving content packages took 1.933
[2025.11.24-11.15.55:311][ 31]BlueprintLog: New page: Compile MainMenuWid
[2025.11.24-11.15.55:375][ 31]LogUObjectHash: Compacting FUObjectHashTables data took   5.12ms
[2025.11.24-11.15.55:488][ 31]Cmd: OBJ SAVEPACKAGE PACKAGE="/Game/Mapas/Menu/MainMenuWid" FILE="E:/Unreal/Fumec_DevGames/Content/Mapas/Menu/MainMenuWid.uasset" SILENT=true
[2025.11.24-11.15.56:852][ 31]LogSavePackage: Moving 'E:/Unreal/Fumec_DevGames/Saved/MainMenuWid27C9872B45500C61DBF69B815058EE6C.tmp' to 'E:/Unreal/Fumec_DevGames/Content/Mapas/Menu/MainMenuWid.uasset'
[2025.11.24-11.15.56:959][ 31]AssetCheck: New page: Asset Save: MainMenuWid
[2025.11.24-11.15.56:959][ 31]LogContentValidation: Display: Validating WidgetBlueprint /Game/Mapas/Menu/MainMenuWid.MainMenuWid
[2025.11.24-11.16.00:953][144]LogTemp: Repeating last play command: Selected Viewport
[2025.11.24-11.16.00:968][144]LogPlayLevel: PlayLevel: No blueprints needed recompiling
[2025.11.24-11.16.00:968][144]PIE: New page: PIE session: MainMenu (Nov 24, 2025, 5:16:00 AM)
[2025.11.24-11.16.00:969][144]LogPlayLevel: Creating play world package: /Game/Mapas/Menu/UEDPIE_0_MainMenu
[2025.11.24-11.16.00:972][144]LogPlayLevel: PIE: StaticDuplicateObject took: (0.003793s)
[2025.11.24-11.16.00:974][144]LogAIModule: Creating AISystem for world MainMenu
[2025.11.24-11.16.00:975][144]LogPlayLevel: PIE: World Init took: (0.002446s)
[2025.11.24-11.16.00:975][144]LogPlayLevel: PIE: Created PIE world by copying editor world from /Game/Mapas/Menu/MainMenu.MainMenu to /Game/Mapas/Menu/UEDPIE_0_MainMenu.MainMenu (0.006613s)
[2025.11.24-11.16.01:037][144]LogUObjectHash: Compacting FUObjectHashTables data took   5.80ms
[2025.11.24-11.16.01:038][144]LogAudio: Display: Creating Audio Device:                 Id: 6, Scope: Unique, Realtime: True
[2025.11.24-11.16.01:038][144]LogAudioMixer: Display: Audio Mixer Platform Settings:
[2025.11.24-11.16.01:038][144]LogAudioMixer: Display: 	Sample Rate:						  48000
[2025.11.24-11.16.01:038][144]LogAudioMixer: Display: 	Callback Buffer Frame Size Requested: 1024
[2025.11.24-11.16.01:039][144]LogAudioMixer: Display: 	Callback Buffer Frame Size To Use:	  1024
[2025.11.24-11.16.01:039][144]LogAudioMixer: Display: 	Number of buffers to queue:			  2
[2025.11.24-11.16.01:039][144]LogAudioMixer: Display: 	Max Channels (voices):				  32
[2025.11.24-11.16.01:039][144]LogAudioMixer: Display: 	Number of Async Source Workers:		  0
[2025.11.24-11.16.01:039][144]LogAudio: Display: AudioDevice MaxSources: 32
[2025.11.24-11.16.01:039][144]LogAudio: Display: Audio Spatialization Plugin: None (built-in).
[2025.11.24-11.16.01:039][144]LogAudio: Display: Audio Reverb Plugin: None (built-in).
[2025.11.24-11.16.01:039][144]LogAudio: Display: Audio Occlusion Plugin: None (built-in).
[2025.11.24-11.16.01:039][144]LogAudioMixer: Display: Initializing audio mixer.
[2025.11.24-11.16.01:051][144]LogAudioMixer: Display: 0: FrontLeft
[2025.11.24-11.16.01:051][144]LogAudioMixer: Display: 1: FrontRight
[2025.11.24-11.16.01:068][144]LogAudioMixer: Display: Using Audio Device Alto-falantes (Realtek(R) Audio)
[2025.11.24-11.16.01:068][144]LogAudioMixer: Display: Initializing Sound Submixes...
[2025.11.24-11.16.01:068][144]LogAudioMixer: Display: Creating Master Submix 'MasterSubmixDefault'
[2025.11.24-11.16.01:068][144]LogAudioMixer: Display: Creating Master Submix 'MasterReverbSubmixDefault'
[2025.11.24-11.16.01:069][144]LogAudioMixer: Display: Creating Master Submix 'MasterEQSubmixDefault'
[2025.11.24-11.16.01:070][144]LogAudioMixer: FMixerPlatformXAudio2::StartAudioStream() called
[2025.11.24-11.16.01:070][144]LogAudioMixer: Display: Output buffers initialized: Frames=1024, Channels=2, Samples=2048
[2025.11.24-11.16.01:073][144]LogAudioMixer: Display: Starting AudioMixerPlatformInterface::RunInternal()
[2025.11.24-11.16.01:073][144]LogAudioMixer: Display: FMixerPlatformXAudio2::SubmitBuffer() called for the first time
[2025.11.24-11.16.01:073][144]LogInit: FAudioDevice initialized.
[2025.11.24-11.16.01:073][144]LogAudio: Display: Audio Device (ID: 6) registered with world 'MainMenu'.
[2025.11.24-11.16.01:134][144]LogSlate: Updating window title bar state: overlay mode, drag disabled, window buttons hidden, title bar hidden
[2025.11.24-11.16.01:135][144]LogLoad: Game class is 'GameMode'
[2025.11.24-11.16.01:138][144]LogWorld: Bringing World /Game/Mapas/Menu/UEDPIE_0_MainMenu.MainMenu up for play (max tick rate 0) at 2025.11.24-08.16.01
[2025.11.24-11.16.01:139][144]LogWorld: Bringing up level for play took: 0.001575
[2025.11.24-11.16.01:139][144]LogOnline: OSS: Creating online subsystem instance for: :Context_7
[2025.11.24-11.16.01:145][144]LogGameMode: FindPlayerStart: PATHS NOT DEFINED or NO PLAYERSTART with positive rating
[2025.11.24-11.16.01:146][144]LogGameMode: Display: Match State Changed from EnteringMap to WaitingToStart
[2025.11.24-11.16.01:146][144]LogGameState: Match State Changed from EnteringMap to WaitingToStart
[2025.11.24-11.16.01:146][144]LogGameMode: Display: Match State Changed from WaitingToStart to InProgress
[2025.11.24-11.16.01:148][144]LogGameState: Match State Changed from WaitingToStart to InProgress
[2025.11.24-11.16.01:150][144]PIE: Server logged in
[2025.11.24-11.16.01:153][144]PIE: Play in editor total start time 0.187 seconds.
[2025.11.24-11.16.01:203][145]LogRenderer: Reallocating scene render targets to support 1088x596 Format 10 NumSamples 1 (Frame:1).
[2025.11.24-11.16.02:406][168]LogGameMode: Display: Match State Changed from InProgress to LeavingMap
[2025.11.24-11.16.02:406][168]LogGameState: Match State Changed from InProgress to LeavingMap
[2025.11.24-11.16.02:407][168]LogNet: Browse: /Game/Mapas/Fases/MapaInicialAr/MapaInicial
[2025.11.24-11.16.02:407][168]LogLoad: LoadMap: /Game/Mapas/Fases/MapaInicialAr/MapaInicial
[2025.11.24-11.16.02:407][168]LogWorld: BeginTearingDown for /Game/Mapas/Menu/UEDPIE_0_MainMenu
[2025.11.24-11.16.02:408][168]LogWorld: UWorld::CleanupWorld for MainMenu, bSessionEnded=true, bCleanupResources=true
[2025.11.24-11.16.02:408][168]LogSlate: InvalidateAllWidgets triggered.  All widgets were invalidated
[2025.11.24-11.16.02:463][168]LogAudio: Display: Audio Device unregistered from world 'None'.
[2025.11.24-11.16.02:468][168]LogUObjectHash: Compacting FUObjectHashTables data took   4.61ms
[2025.11.24-11.16.02:489][168]LogAudio: Display: Audio Device (ID: 6) registered with world 'MapaInicial'.
[2025.11.24-11.16.02:490][168]LogAIModule: Creating AISystem for world MapaInicial
[2025.11.24-11.16.02:491][168]LogLoad: Game class is 'GameModeRL_C'
[2025.11.24-11.16.02:496][168]LogWorld: Bringing World /Game/Mapas/Fases/MapaInicialAr/UEDPIE_0_MapaInicial.MapaInicial up for play (max tick rate 0) at 2025.11.24-08.16.02
[2025.11.24-11.16.02:497][168]LogWorld: Bringing up level for play took: 0.003533
[2025.11.24-11.16.02:501][168]LogLoad: Took 0.093464 seconds to LoadMap(/Game/Mapas/Fases/MapaInicialAr/MapaInicial)
[2025.11.24-11.16.03:975][198]LogSlate: Window 'ColunaDoendoSamurai Preview [NetMode: Standalone]  (64-bit/Windows) ' being destroyed
[2025.11.24-11.16.04:043][198]LogWorld: BeginTearingDown for /Game/Mapas/Fases/MapaInicialAr/UEDPIE_0_MapaInicial
[2025.11.24-11.16.04:045][198]LogWorld: UWorld::CleanupWorld for MapaInicial, bSessionEnded=true, bCleanupResources=true
[2025.11.24-11.16.04:046][198]LogSlate: InvalidateAllWidgets triggered.  All widgets were invalidated
[2025.11.24-11.16.04:062][198]LogPlayLevel: Display: Shutting down PIE online subsystems
[2025.11.24-11.16.04:075][198]LogSlate: InvalidateAllWidgets triggered.  All widgets were invalidated
[2025.11.24-11.16.04:133][198]LogAudio: Display: Audio Device unregistered from world 'None'.
[2025.11.24-11.16.04:133][198]LogAudioMixer: FMixerPlatformXAudio2::StopAudioStream() called
[2025.11.24-11.16.04:135][198]LogAudioMixer: FMixerPlatformXAudio2::StopAudioStream() called
[2025.11.24-11.16.04:150][198]LogUObjectHash: Compacting FUObjectHashTables data took   6.19ms
[2025.11.24-11.16.04:202][199]LogPlayLevel: Display: Destroying online subsystem :Context_7
[2025.11.24-11.16.06:120][248]LogTemp: Repeating last play command: Selected Viewport
[2025.11.24-11.16.06:136][248]LogPlayLevel: PlayLevel: No blueprints needed recompiling
[2025.11.24-11.16.06:136][248]PIE: New page: PIE session: MainMenu (Nov 24, 2025, 5:16:06 AM)
[2025.11.24-11.16.06:138][248]LogPlayLevel: Creating play world package: /Game/Mapas/Menu/UEDPIE_0_MainMenu
[2025.11.24-11.16.06:141][248]LogPlayLevel: PIE: StaticDuplicateObject took: (0.003392s)
[2025.11.24-11.16.06:143][248]LogAIModule: Creating AISystem for world MainMenu
[2025.11.24-11.16.06:143][248]LogPlayLevel: PIE: World Init took: (0.002665s)
[2025.11.24-11.16.06:143][248]LogPlayLevel: PIE: Created PIE world by copying editor world from /Game/Mapas/Menu/MainMenu.MainMenu to /Game/Mapas/Menu/UEDPIE_0_MainMenu.MainMenu (0.006467s)
[2025.11.24-11.16.06:201][248]LogUObjectHash: Compacting FUObjectHashTables data took   4.40ms
[2025.11.24-11.16.06:201][248]LogAudio: Display: Creating Audio Device:                 Id: 7, Scope: Unique, Realtime: True
[2025.11.24-11.16.06:201][248]LogAudioMixer: Display: Audio Mixer Platform Settings:
[2025.11.24-11.16.06:201][248]LogAudioMixer: Display: 	Sample Rate:						  48000
[2025.11.24-11.16.06:202][248]LogAudioMixer: Display: 	Callback Buffer Frame Size Requested: 1024
[2025.11.24-11.16.06:202][248]LogAudioMixer: Display: 	Callback Buffer Frame Size To Use:	  1024
[2025.11.24-11.16.06:202][248]LogAudioMixer: Display: 	Number of buffers to queue:			  2
[2025.11.24-11.16.06:202][248]LogAudioMixer: Display: 	Max Channels (voices):				  32
[2025.11.24-11.16.06:202][248]LogAudioMixer: Display: 	Number of Async Source Workers:		  0
[2025.11.24-11.16.06:202][248]LogAudio: Display: AudioDevice MaxSources: 32
[2025.11.24-11.16.06:203][248]LogAudio: Display: Audio Spatialization Plugin: None (built-in).
[2025.11.24-11.16.06:203][248]LogAudio: Display: Audio Reverb Plugin: None (built-in).
[2025.11.24-11.16.06:203][248]LogAudio: Display: Audio Occlusion Plugin: None (built-in).
[2025.11.24-11.16.06:203][248]LogAudioMixer: Display: Initializing audio mixer.
[2025.11.24-11.16.06:213][248]LogAudioMixer: Display: 0: FrontLeft
[2025.11.24-11.16.06:213][248]LogAudioMixer: Display: 1: FrontRight
[2025.11.24-11.16.06:229][248]LogAudioMixer: Display: Using Audio Device Alto-falantes (Realtek(R) Audio)
[2025.11.24-11.16.06:229][248]LogAudioMixer: Display: Initializing Sound Submixes...
[2025.11.24-11.16.06:229][248]LogAudioMixer: Display: Creating Master Submix 'MasterSubmixDefault'
[2025.11.24-11.16.06:229][248]LogAudioMixer: Display: Creating Master Submix 'MasterReverbSubmixDefault'
[2025.11.24-11.16.06:230][248]LogAudioMixer: Display: Creating Master Submix 'MasterEQSubmixDefault'
[2025.11.24-11.16.06:231][248]LogAudioMixer: FMixerPlatformXAudio2::StartAudioStream() called
[2025.11.24-11.16.06:231][248]LogAudioMixer: Display: Output buffers initialized: Frames=1024, Channels=2, Samples=2048
[2025.11.24-11.16.06:233][248]LogAudioMixer: Display: Starting AudioMixerPlatformInterface::RunInternal()
[2025.11.24-11.16.06:234][248]LogAudioMixer: Display: FMixerPlatformXAudio2::SubmitBuffer() called for the first time
[2025.11.24-11.16.06:234][248]LogInit: FAudioDevice initialized.
[2025.11.24-11.16.06:234][248]LogAudio: Display: Audio Device (ID: 7) registered with world 'MainMenu'.
[2025.11.24-11.16.06:286][248]LogSlate: Updating window title bar state: overlay mode, drag disabled, window buttons hidden, title bar hidden
[2025.11.24-11.16.06:286][248]LogLoad: Game class is 'GameMode'
[2025.11.24-11.16.06:289][248]LogWorld: Bringing World /Game/Mapas/Menu/UEDPIE_0_MainMenu.MainMenu up for play (max tick rate 0) at 2025.11.24-08.16.06
[2025.11.24-11.16.06:290][248]LogWorld: Bringing up level for play took: 0.001775
[2025.11.24-11.16.06:291][248]LogOnline: OSS: Creating online subsystem instance for: :Context_8
[2025.11.24-11.16.06:295][248]LogGameMode: FindPlayerStart: PATHS NOT DEFINED or NO PLAYERSTART with positive rating
[2025.11.24-11.16.06:297][248]LogGameMode: Display: Match State Changed from EnteringMap to WaitingToStart
[2025.11.24-11.16.06:297][248]LogGameState: Match State Changed from EnteringMap to WaitingToStart
[2025.11.24-11.16.06:297][248]LogGameMode: Display: Match State Changed from WaitingToStart to InProgress
[2025.11.24-11.16.06:299][248]LogGameState: Match State Changed from WaitingToStart to InProgress
[2025.11.24-11.16.06:301][248]PIE: Server logged in
[2025.11.24-11.16.06:303][248]PIE: Play in editor total start time 0.169 seconds.
[2025.11.24-11.16.06:358][249]LogRenderer: Reallocating scene render targets to support 1088x604 Format 10 NumSamples 1 (Frame:1).
[2025.11.24-11.16.10:199][311]LogSlate: Window 'ColunaDoendoSamurai Preview [NetMode: Standalone]  (64-bit/Windows) ' being destroyed
[2025.11.24-11.16.10:271][311]LogWorld: BeginTearingDown for /Game/Mapas/Menu/UEDPIE_0_MainMenu
[2025.11.24-11.16.10:271][311]LogWorld: UWorld::CleanupWorld for MainMenu, bSessionEnded=true, bCleanupResources=true
[2025.11.24-11.16.10:271][311]LogSlate: InvalidateAllWidgets triggered.  All widgets were invalidated
[2025.11.24-11.16.10:289][311]LogPlayLevel: Display: Shutting down PIE online subsystems
[2025.11.24-11.16.10:302][311]LogSlate: InvalidateAllWidgets triggered.  All widgets were invalidated
[2025.11.24-11.16.10:350][311]LogAudioMixer: FMixerPlatformXAudio2::StopAudioStream() called
[2025.11.24-11.16.10:353][311]LogAudioMixer: FMixerPlatformXAudio2::StopAudioStream() called
[2025.11.24-11.16.10:364][311]LogUObjectHash: Compacting FUObjectHashTables data took   4.80ms
[2025.11.24-11.16.10:407][312]LogPlayLevel: Display: Destroying online subsystem :Context_8
[2025.11.24-11.16.23:906][443]LogEditorViewport: Clicking Background
[2025.11.24-11.16.28:717][528]LogAssetEditorSubsystem: Opening Asset editor for LevelScriptBlueprint /Game/Mapas/Menu/MainMenu.MainMenu:PersistentLevel.MainMenu
[2025.11.24-11.16.55:835][126]BlueprintLog: New page: Compile MainMenu
[2025.11.24-11.16.55:937][126]LogUObjectHash: Compacting FUObjectHashTables data took   6.49ms
[2025.11.24-11.16.56:044][126]Cmd: OBJ SAVEPACKAGE PACKAGE="/Game/Mapas/Menu/MainMenu" FILE="E:/Unreal/Fumec_DevGames/Content/Mapas/Menu/MainMenu.umap" SILENT=true AUTOSAVING=false KEEPDIRTY=false
[2025.11.24-11.16.56:102][126]LogUObjectHash: Compacting FUObjectHashTables data took   1.28ms
[2025.11.24-11.16.56:115][126]LogSavePackage: Moving 'E:/Unreal/Fumec_DevGames/Saved/MainMenu82C304134D095B9BC4D66A9B555A0C36.tmp' to 'E:/Unreal/Fumec_DevGames/Content/Mapas/Menu/MainMenu.umap'
[2025.11.24-11.16.56:182][126]LogFileHelpers: Saving map 'MainMenu' took 0.139
[2025.11.24-11.16.56:263][126]AssetCheck: New page: Asset Save: MainMenu
[2025.11.24-11.16.56:264][126]LogContentValidation: Display: Validating World /Game/Mapas/Menu/MainMenu.MainMenu
[2025.11.24-11.16.58:551][182]LogTemp: Repeating last play command: Selected Viewport
[2025.11.24-11.16.58:568][182]LogPlayLevel: PlayLevel: No blueprints needed recompiling
[2025.11.24-11.16.58:568][182]PIE: New page: PIE session: MainMenu (Nov 24, 2025, 5:16:58 AM)
[2025.11.24-11.16.58:568][182]LogPlayLevel: Creating play world package: /Game/Mapas/Menu/UEDPIE_0_MainMenu
[2025.11.24-11.16.58:571][182]LogPlayLevel: PIE: StaticDuplicateObject took: (0.002656s)
[2025.11.24-11.16.58:572][182]LogAIModule: Creating AISystem for world MainMenu
[2025.11.24-11.16.58:573][182]LogPlayLevel: PIE: World Init took: (0.002129s)
[2025.11.24-11.16.58:573][182]LogPlayLevel: PIE: Created PIE world by copying editor world from /Game/Mapas/Menu/MainMenu.MainMenu to /Game/Mapas/Menu/UEDPIE_0_MainMenu.MainMenu (0.005066s)
[2025.11.24-11.16.58:632][182]LogUObjectHash: Compacting FUObjectHashTables data took   4.84ms
[2025.11.24-11.16.58:634][182]LogAudio: Display: Creating Audio Device:                 Id: 8, Scope: Unique, Realtime: True
[2025.11.24-11.16.58:634][182]LogAudioMixer: Display: Audio Mixer Platform Settings:
[2025.11.24-11.16.58:634][182]LogAudioMixer: Display: 	Sample Rate:						  48000
[2025.11.24-11.16.58:634][182]LogAudioMixer: Display: 	Callback Buffer Frame Size Requested: 1024
[2025.11.24-11.16.58:634][182]LogAudioMixer: Display: 	Callback Buffer Frame Size To Use:	  1024
[2025.11.24-11.16.58:634][182]LogAudioMixer: Display: 	Number of buffers to queue:			  2
[2025.11.24-11.16.58:634][182]LogAudioMixer: Display: 	Max Channels (voices):				  32
[2025.11.24-11.16.58:634][182]LogAudioMixer: Display: 	Number of Async Source Workers:		  0
[2025.11.24-11.16.58:634][182]LogAudio: Display: AudioDevice MaxSources: 32
[2025.11.24-11.16.58:635][182]LogAudio: Display: Audio Spatialization Plugin: None (built-in).
[2025.11.24-11.16.58:635][182]LogAudio: Display: Audio Reverb Plugin: None (built-in).
[2025.11.24-11.16.58:635][182]LogAudio: Display: Audio Occlusion Plugin: None (built-in).
[2025.11.24-11.16.58:635][182]LogAudioMixer: Display: Initializing audio mixer.
[2025.11.24-11.16.58:646][182]LogAudioMixer: Display: 0: FrontLeft
[2025.11.24-11.16.58:646][182]LogAudioMixer: Display: 1: FrontRight
[2025.11.24-11.16.58:661][182]LogAudioMixer: Display: Using Audio Device Alto-falantes (Realtek(R) Audio)
[2025.11.24-11.16.58:662][182]LogAudioMixer: Display: Initializing Sound Submixes...
[2025.11.24-11.16.58:662][182]LogAudioMixer: Display: Creating Master Submix 'MasterSubmixDefault'
[2025.11.24-11.16.58:662][182]LogAudioMixer: Display: Creating Master Submix 'MasterReverbSubmixDefault'
[2025.11.24-11.16.58:663][182]LogAudioMixer: Display: Creating Master Submix 'MasterEQSubmixDefault'
[2025.11.24-11.16.58:663][182]LogAudioMixer: FMixerPlatformXAudio2::StartAudioStream() called
[2025.11.24-11.16.58:663][182]LogAudioMixer: Display: Output buffers initialized: Frames=1024, Channels=2, Samples=2048
[2025.11.24-11.16.58:665][182]LogAudioMixer: Display: Starting AudioMixerPlatformInterface::RunInternal()
[2025.11.24-11.16.58:665][182]LogAudioMixer: Display: FMixerPlatformXAudio2::SubmitBuffer() called for the first time
[2025.11.24-11.16.58:665][182]LogInit: FAudioDevice initialized.
[2025.11.24-11.16.58:666][182]LogAudio: Display: Audio Device (ID: 8) registered with world 'MainMenu'.
[2025.11.24-11.16.58:685][182]LogLoad: Game class is 'GameMode'
[2025.11.24-11.16.58:686][182]LogWorld: Bringing World /Game/Mapas/Menu/UEDPIE_0_MainMenu.MainMenu up for play (max tick rate 0) at 2025.11.24-08.16.58
[2025.11.24-11.16.58:687][182]LogWorld: Bringing up level for play took: 0.000906
[2025.11.24-11.16.58:687][182]LogOnline: OSS: Creating online subsystem instance for: :Context_11
[2025.11.24-11.16.58:692][182]LogGameMode: Display: Match State Changed from EnteringMap to WaitingToStart
[2025.11.24-11.16.58:692][182]LogGameState: Match State Changed from EnteringMap to WaitingToStart
[2025.11.24-11.16.58:692][182]LogGameMode: Display: Match State Changed from WaitingToStart to InProgress
[2025.11.24-11.16.58:694][182]LogGameState: Match State Changed from WaitingToStart to InProgress
[2025.11.24-11.16.58:694][182]PIE: Server logged in
[2025.11.24-11.16.58:696][182]PIE: Play in editor total start time 0.13 seconds.
[2025.11.24-11.16.58:710][182]LogAudioDerivedData: Display: Building compressed audio format OGG hash OGG10000-1-1-1-1-1 wave MusicaMenu...
[2025.11.24-11.16.58:711][182]LogAudioDerivedData: Display: Compression Quality for SoundWave /Game/Audios/MusicaMenu.MusicaMenu will be modified from 40 to 40.
[2025.11.24-11.16.58:905][182]LogAudioDerivedData: Display: Updated SoundWave->RawPCMDataSize from 0 to 1411204 while cooking SoundWave /Game/Audios/MusicaMenu.MusicaMenu.
[2025.11.24-11.17.04:010][331]LogGameMode: Display: Match State Changed from InProgress to LeavingMap
[2025.11.24-11.17.04:011][331]LogGameState: Match State Changed from InProgress to LeavingMap
[2025.11.24-11.17.04:011][331]LogNet: Browse: /Game/Mapas/Fases/MapaInicialAr/MapaInicial
[2025.11.24-11.17.04:011][331]LogLoad: LoadMap: /Game/Mapas/Fases/MapaInicialAr/MapaInicial
[2025.11.24-11.17.04:011][331]LogWorld: BeginTearingDown for /Game/Mapas/Menu/UEDPIE_0_MainMenu
[2025.11.24-11.17.04:012][331]LogWorld: UWorld::CleanupWorld for MainMenu, bSessionEnded=true, bCleanupResources=true
[2025.11.24-11.17.04:013][331]LogSlate: InvalidateAllWidgets triggered.  All widgets were invalidated
[2025.11.24-11.17.04:100][331]LogAudio: Display: Audio Device unregistered from world 'None'.
[2025.11.24-11.17.04:106][331]LogUObjectHash: Compacting FUObjectHashTables data took   4.94ms
[2025.11.24-11.17.04:126][331]LogAudio: Display: Audio Device (ID: 8) registered with world 'MapaInicial'.
[2025.11.24-11.17.04:128][331]LogAIModule: Creating AISystem for world MapaInicial
[2025.11.24-11.17.04:129][331]LogLoad: Game class is 'GameModeRL_C'
[2025.11.24-11.17.04:133][331]LogWorld: Bringing World /Game/Mapas/Fases/MapaInicialAr/UEDPIE_0_MapaInicial.MapaInicial up for play (max tick rate 0) at 2025.11.24-08.17.04
[2025.11.24-11.17.04:134][331]LogWorld: Bringing up level for play took: 0.003933
[2025.11.24-11.17.04:138][331]LogLoad: Took 0.126605 seconds to LoadMap(/Game/Mapas/Fases/MapaInicialAr/MapaInicial)
[2025.11.24-11.17.07:208][422]LogSlate: Updating window title bar state: overlay mode, drag disabled, window buttons hidden, title bar hidden
[2025.11.24-11.17.07:208][422]LogWorld: BeginTearingDown for /Game/Mapas/Fases/MapaInicialAr/UEDPIE_0_MapaInicial
[2025.11.24-11.17.07:208][422]LogWorld: UWorld::CleanupWorld for MapaInicial, bSessionEnded=true, bCleanupResources=true
[2025.11.24-11.17.07:209][422]LogSlate: InvalidateAllWidgets triggered.  All widgets were invalidated
[2025.11.24-11.17.07:229][422]LogPlayLevel: Display: Shutting down PIE online subsystems
[2025.11.24-11.17.07:242][422]LogSlate: InvalidateAllWidgets triggered.  All widgets were invalidated
[2025.11.24-11.17.07:300][422]LogAudio: Display: Audio Device unregistered from world 'None'.
[2025.11.24-11.17.07:300][422]LogAudioMixer: FMixerPlatformXAudio2::StopAudioStream() called
[2025.11.24-11.17.07:303][422]LogAudioMixer: FMixerPlatformXAudio2::StopAudioStream() called
[2025.11.24-11.17.07:307][422]LogSlate: Updating window title bar state: overlay mode, drag disabled, window buttons hidden, title bar hidden
[2025.11.24-11.17.07:314][422]LogUObjectHash: Compacting FUObjectHashTables data took   4.74ms
[2025.11.24-11.17.07:349][423]LogPlayLevel: Display: Destroying online subsystem :Context_11
[2025.11.24-11.46.45:085][225]BlueprintLog: New page: Compile MainMenu
[2025.11.24-11.46.45:136][225]LogUObjectHash: Compacting FUObjectHashTables data took   3.57ms
[2025.11.24-11.46.45:183][225]Cmd: OBJ SAVEPACKAGE PACKAGE="/Game/Mapas/Menu/MainMenu" FILE="E:/Unreal/Fumec_DevGames/Content/Mapas/Menu/MainMenu.umap" SILENT=true AUTOSAVING=false KEEPDIRTY=false
[2025.11.24-11.46.45:211][225]LogUObjectHash: Compacting FUObjectHashTables data took   0.73ms
[2025.11.24-11.46.45:216][225]LogSavePackage: Moving 'E:/Unreal/Fumec_DevGames/Saved/MainMenuA020ECA240341ADCB9765BAE1CAFD8C7.tmp' to 'E:/Unreal/Fumec_DevGames/Content/Mapas/Menu/MainMenu.umap'
[2025.11.24-11.46.45:239][225]LogFileHelpers: Saving map 'MainMenu' took 0.056
[2025.11.24-11.46.45:254][225]AssetCheck: New page: Asset Save: MainMenu
[2025.11.24-11.46.45:254][225]LogContentValidation: Display: Validating World /Game/Mapas/Menu/MainMenu.MainMenu
[2025.11.24-11.46.56:987][894]LogEditorClassViewer: Warning: Class /Engine/Tutorial/InWorldBlueprintEditing/TutorialAssets/IWBE_Blutility.IWBE_Blutility_C has parent /Script/Blutility.PlacedEditorUtilityBase, but this parent is not found. The Class will not be shown in ClassViewer.
[2025.11.24-11.46.58:208][894]LogSlate: Window 'Pick Parent Class' being destroyed
[2025.11.24-11.46.58:218][894]LogContentBrowser: Deferred new asset file creation: NewBlueprint
[2025.11.24-11.46.58:231][894]LogContentBrowser: Creating deferred item: NewBlueprint
[2025.11.24-11.47.09:712][582]LogContentBrowser: Attempting asset rename: NewBlueprint -> AudioActor
[2025.11.24-11.47.09:717][582]LogContentBrowser: End creating deferred item NewBlueprint
[2025.11.24-11.47.10:588][633]LogAssetEditorSubsystem: Opening Asset editor for Blueprint /Game/Audios/AudioActor.AudioActor
[2025.11.24-11.47.11:994][678]LogUObjectHash: Compacting FUObjectHashTables data took   3.30ms
[2025.11.24-11.47.12:023][678]Cmd: OBJ SAVEPACKAGE PACKAGE="/Game/Audios/AudioActor" FILE="E:/Unreal/Fumec_DevGames/Content/Audios/AudioActor.uasset" SILENT=true
[2025.11.24-11.47.12:028][678]LogSavePackage: Moving 'E:/Unreal/Fumec_DevGames/Saved/AudioActor510A649E4FBC8F5440037D835A2AA397.tmp' to 'E:/Unreal/Fumec_DevGames/Content/Audios/AudioActor.uasset'
[2025.11.24-11.47.12:048][678]AssetCheck: New page: Asset Save: AudioActor
[2025.11.24-11.47.12:048][678]LogContentValidation: Display: Validating Blueprint /Game/Audios/AudioActor.AudioActor
[2025.11.24-11.47.14:058][790]LogSlate: Window 'AudioActor' being destroyed
[2025.11.24-11.47.21:168][185]BlueprintLog: New page: Compile AudioActor
[2025.11.24-11.47.21:222][185]LogUObjectHash: Compacting FUObjectHashTables data took   5.88ms
[2025.11.24-11.47.21:260][185]Cmd: OBJ SAVEPACKAGE PACKAGE="/Game/Audios/AudioActor" FILE="E:/Unreal/Fumec_DevGames/Content/Audios/AudioActor.uasset" SILENT=true
[2025.11.24-11.47.21:266][185]LogSavePackage: Moving 'E:/Unreal/Fumec_DevGames/Saved/AudioActor8FC32AD2432022A1FD2F28B30E99FE92.tmp' to 'E:/Unreal/Fumec_DevGames/Content/Audios/AudioActor.uasset'
[2025.11.24-11.47.21:285][185]AssetCheck: New page: Asset Save: AudioActor
[2025.11.24-11.47.21:285][185]LogContentValidation: Display: Validating Blueprint /Game/Audios/AudioActor.AudioActor
[2025.11.24-11.47.33:275][877]LogEditorViewport: Clicking Background
[2025.11.24-11.47.35:305][993]LogTemp: Repeating last play command: Selected Viewport
[2025.11.24-11.47.35:312][993]LogPlayLevel: PlayLevel: No blueprints needed recompiling
[2025.11.24-11.47.35:312][993]PIE: New page: PIE session: MainMenu (Nov 24, 2025, 5:47:35 AM)
[2025.11.24-11.47.35:312][993]LogPlayLevel: Creating play world package: /Game/Mapas/Menu/UEDPIE_0_MainMenu
[2025.11.24-11.47.35:314][993]LogPlayLevel: PIE: StaticDuplicateObject took: (0.001307s)
[2025.11.24-11.47.35:314][993]LogAIModule: Creating AISystem for world MainMenu
[2025.11.24-11.47.35:316][993]LogPlayLevel: PIE: World Init took: (0.001267s)
[2025.11.24-11.47.35:316][993]LogPlayLevel: PIE: Created PIE world by copying editor world from /Game/Mapas/Menu/MainMenu.MainMenu to /Game/Mapas/Menu/UEDPIE_0_MainMenu.MainMenu (0.002731s)
[2025.11.24-11.47.35:352][993]LogUObjectHash: Compacting FUObjectHashTables data took   3.74ms
[2025.11.24-11.47.35:354][993]LogAudio: Display: Creating Audio Device:                 Id: 9, Scope: Unique, Realtime: True
[2025.11.24-11.47.35:354][993]LogAudioMixer: Display: Audio Mixer Platform Settings:
[2025.11.24-11.47.35:354][993]LogAudioMixer: Display: 	Sample Rate:						  48000
[2025.11.24-11.47.35:354][993]LogAudioMixer: Display: 	Callback Buffer Frame Size Requested: 1024
[2025.11.24-11.47.35:354][993]LogAudioMixer: Display: 	Callback Buffer Frame Size To Use:	  1024
[2025.11.24-11.47.35:354][993]LogAudioMixer: Display: 	Number of buffers to queue:			  2
[2025.11.24-11.47.35:354][993]LogAudioMixer: Display: 	Max Channels (voices):				  32
[2025.11.24-11.47.35:354][993]LogAudioMixer: Display: 	Number of Async Source Workers:		  0
[2025.11.24-11.47.35:354][993]LogAudio: Display: AudioDevice MaxSources: 32
[2025.11.24-11.47.35:354][993]LogAudio: Display: Audio Spatialization Plugin: None (built-in).
[2025.11.24-11.47.35:354][993]LogAudio: Display: Audio Reverb Plugin: None (built-in).
[2025.11.24-11.47.35:354][993]LogAudio: Display: Audio Occlusion Plugin: None (built-in).
[2025.11.24-11.47.35:354][993]LogAudioMixer: Display: Initializing audio mixer.
[2025.11.24-11.47.35:361][993]LogAudioMixer: Display: 0: FrontLeft
[2025.11.24-11.47.35:361][993]LogAudioMixer: Display: 1: FrontRight
[2025.11.24-11.47.35:370][993]LogAudioMixer: Display: Using Audio Device Alto-falantes (Realtek(R) Audio)
[2025.11.24-11.47.35:371][993]LogAudioMixer: Display: Initializing Sound Submixes...
[2025.11.24-11.47.35:371][993]LogAudioMixer: Display: Creating Master Submix 'MasterSubmixDefault'
[2025.11.24-11.47.35:371][993]LogAudioMixer: Display: Creating Master Submix 'MasterReverbSubmixDefault'
[2025.11.24-11.47.35:371][993]LogAudioMixer: Display: Creating Master Submix 'MasterEQSubmixDefault'
[2025.11.24-11.47.35:371][993]LogAudioMixer: FMixerPlatformXAudio2::StartAudioStream() called
[2025.11.24-11.47.35:371][993]LogAudioMixer: Display: Output buffers initialized: Frames=1024, Channels=2, Samples=2048
[2025.11.24-11.47.35:373][993]LogAudioMixer: Display: Starting AudioMixerPlatformInterface::RunInternal()
[2025.11.24-11.47.35:373][993]LogAudioMixer: Display: FMixerPlatformXAudio2::SubmitBuffer() called for the first time
[2025.11.24-11.47.35:373][993]LogInit: FAudioDevice initialized.
[2025.11.24-11.47.35:373][993]LogAudio: Display: Audio Device (ID: 9) registered with world 'MainMenu'.
[2025.11.24-11.47.35:387][993]LogLoad: Game class is 'GameMode'
[2025.11.24-11.47.35:388][993]LogWorld: Bringing World /Game/Mapas/Menu/UEDPIE_0_MainMenu.MainMenu up for play (max tick rate 60) at 2025.11.24-08.47.35
[2025.11.24-11.47.35:388][993]LogWorld: Bringing up level for play took: 0.000528
[2025.11.24-11.47.35:388][993]LogOnline: OSS: Creating online subsystem instance for: :Context_13
[2025.11.24-11.47.35:391][993]LogGameMode: Display: Match State Changed from EnteringMap to WaitingToStart
[2025.11.24-11.47.35:391][993]LogGameState: Match State Changed from EnteringMap to WaitingToStart
[2025.11.24-11.47.35:391][993]LogGameMode: Display: Match State Changed from WaitingToStart to InProgress
[2025.11.24-11.47.35:391][993]LogGameState: Match State Changed from WaitingToStart to InProgress
[2025.11.24-11.47.35:392][993]PIE: Server logged in
[2025.11.24-11.47.35:392][993]PIE: Play in editor total start time 0.081 seconds.
[2025.11.24-11.47.36:799][ 75]LogSlate: Updating window title bar state: overlay mode, drag disabled, window buttons hidden, title bar hidden
[2025.11.24-11.47.36:799][ 75]LogWorld: BeginTearingDown for /Game/Mapas/Menu/UEDPIE_0_MainMenu
[2025.11.24-11.47.36:799][ 75]LogWorld: UWorld::CleanupWorld for MainMenu, bSessionEnded=true, bCleanupResources=true
[2025.11.24-11.47.36:799][ 75]LogSlate: InvalidateAllWidgets triggered.  All widgets were invalidated
[2025.11.24-11.47.36:811][ 75]LogPlayLevel: Display: Shutting down PIE online subsystems
[2025.11.24-11.47.36:819][ 75]LogSlate: InvalidateAllWidgets triggered.  All widgets were invalidated
[2025.11.24-11.47.36:849][ 75]LogAudio: Display: Audio Device unregistered from world 'None'.
[2025.11.24-11.47.36:850][ 75]LogAudioMixer: FMixerPlatformXAudio2::StopAudioStream() called
[2025.11.24-11.47.36:851][ 75]LogAudioMixer: FMixerPlatformXAudio2::StopAudioStream() called
[2025.11.24-11.47.36:853][ 75]LogSlate: Updating window title bar state: overlay mode, drag disabled, window buttons hidden, title bar hidden
[2025.11.24-11.47.36:857][ 75]LogUObjectHash: Compacting FUObjectHashTables data took   2.88ms
[2025.11.24-11.47.36:878][ 76]LogPlayLevel: Display: Destroying online subsystem :Context_13
[2025.11.24-11.48.46:791][844]LogUObjectHash: Compacting FUObjectHashTables data took   3.51ms
[2025.11.24-11.48.46:825][844]Cmd: OBJ SAVEPACKAGE PACKAGE="/Game/Mapas/Menu/MainMenu" FILE="E:/Unreal/Fumec_DevGames/Content/Mapas/Menu/MainMenu.umap" SILENT=true AUTOSAVING=false KEEPDIRTY=false
[2025.11.24-11.48.46:858][844]LogUObjectHash: Compacting FUObjectHashTables data took   0.85ms
[2025.11.24-11.48.46:866][844]LogSavePackage: Moving 'E:/Unreal/Fumec_DevGames/Saved/MainMenuB1D0119E47924E84A61F99AA8CB5EE6B.tmp' to 'E:/Unreal/Fumec_DevGames/Content/Mapas/Menu/MainMenu.umap'
[2025.11.24-11.48.46:885][844]LogFileHelpers: Saving map 'MainMenu' took 0.060
[2025.11.24-11.48.46:886][844]Cmd: OBJ SAVEPACKAGE PACKAGE="/Game/Audios/AudioActor" FILE="E:/Unreal/Fumec_DevGames/Content/Audios/AudioActor.uasset" SILENT=true
[2025.11.24-11.48.46:891][844]LogSavePackage: Moving 'E:/Unreal/Fumec_DevGames/Saved/AudioActor8F62CE5240834F69348954A11F37C73F.tmp' to 'E:/Unreal/Fumec_DevGames/Content/Audios/AudioActor.uasset'
[2025.11.24-11.48.46:910][844]AssetCheck: New page: Asset Save: multiple assets
[2025.11.24-11.48.46:910][844]LogContentValidation: Display: Validating World /Game/Mapas/Menu/MainMenu.MainMenu
[2025.11.24-11.48.46:910][844]LogContentValidation: Display: Validating Blueprint /Game/Audios/AudioActor.AudioActor
[2025.11.24-11.48.47:851][901]BlueprintLog: New page: Compile AudioActor
[2025.11.24-11.48.47:901][901]LogUObjectHash: Compacting FUObjectHashTables data took   3.24ms
[2025.11.24-11.48.48:177][912]Cmd: OBJ SAVEPACKAGE PACKAGE="/Game/Audios/AudioActor" FILE="E:/Unreal/Fumec_DevGames/Content/Audios/AudioActor.uasset" SILENT=true
[2025.11.24-11.48.48:182][912]LogSavePackage: Moving 'E:/Unreal/Fumec_DevGames/Saved/AudioActor2438CEE741DB38A25F2D9B90F633DCB3.tmp' to 'E:/Unreal/Fumec_DevGames/Content/Audios/AudioActor.uasset'
[2025.11.24-11.48.48:202][912]AssetCheck: New page: Asset Save: AudioActor
[2025.11.24-11.48.48:202][912]LogContentValidation: Display: Validating Blueprint /Game/Audios/AudioActor.AudioActor
[2025.11.24-11.48.49:477][961]LogUObjectHash: Compacting FUObjectHashTables data took   3.43ms
[2025.11.24-11.48.49:509][961]Cmd: OBJ SAVEPACKAGE PACKAGE="/Game/Mapas/Menu/MainMenu" FILE="E:/Unreal/Fumec_DevGames/Content/Mapas/Menu/MainMenu.umap" SILENT=true AUTOSAVING=false KEEPDIRTY=false
[2025.11.24-11.48.49:542][961]LogUObjectHash: Compacting FUObjectHashTables data took   0.73ms
[2025.11.24-11.48.49:550][961]LogSavePackage: Moving 'E:/Unreal/Fumec_DevGames/Saved/MainMenu397992494108B1A69D80299FA7D93BB2.tmp' to 'E:/Unreal/Fumec_DevGames/Content/Mapas/Menu/MainMenu.umap'
[2025.11.24-11.48.49:570][961]LogFileHelpers: Saving map 'MainMenu' took 0.061
[2025.11.24-11.48.49:587][961]AssetCheck: New page: Asset Save: MainMenu
[2025.11.24-11.48.49:587][961]LogContentValidation: Display: Validating World /Game/Mapas/Menu/MainMenu.MainMenu
[2025.11.24-11.48.50:432][ 10]BlueprintLog: New page: Compile MainMenu
[2025.11.24-11.48.50:434][ 10]LogBlueprint: Error: [AssetLog] E:\Unreal\Fumec_DevGames\Content\Mapas\Menu\MainMenu.umap: [Compiler] The type of  Object  is undetermined.  Connect something to  Cast To AudioActor  to imply a specific type.
[2025.11.24-11.48.50:434][ 10]LogBlueprint: Error: [AssetLog] E:\Unreal\Fumec_DevGames\Content\Mapas\Menu\MainMenu.umap: [Compiler] The current value of the ' Object ' pin is invalid: Unsupported type Object Wildcard on pin Object
[2025.11.24-11.48.50:498][ 10]LogUObjectHash: Compacting FUObjectHashTables data took   3.11ms
[2025.11.24-11.49.02:486][702]BlueprintLog: New page: Compile MainMenu
[2025.11.24-11.49.02:488][702]LogBlueprint: Warning: [AssetLog] E:\Unreal\Fumec_DevGames\Content\Mapas\Menu\MainMenu.umap: [Compiler] 'Audio Actor' does not inherit from 'Pawn' ( Cast To AudioActor  would always fail).
[2025.11.24-11.49.02:539][702]LogUObjectHash: Compacting FUObjectHashTables data took   3.14ms
[2025.11.24-11.49.33:046][480]BlueprintLog: New page: Compile MainMenu
[2025.11.24-11.49.33:049][480]LogBlueprint: Warning: [AssetLog] E:\Unreal\Fumec_DevGames\Content\Mapas\Menu\MainMenu.umap: [Compiler] 'Audio Actor' does not inherit from 'Player Controller' ( Cast To AudioActor  would always fail).
[2025.11.24-11.49.33:098][480]LogUObjectHash: Compacting FUObjectHashTables data took   3.12ms
[2025.11.24-11.51.09:101][390]BlueprintLog: New page: Compile MainMenu
[2025.11.24-11.51.09:102][390]LogBlueprint: Warning: [AssetLog] E:\Unreal\Fumec_DevGames\Content\Mapas\Menu\MainMenu.umap: [Compiler] 'Audio Actor' does not inherit from 'Scene Component' ( Cast To AudioActor  would always fail).
[2025.11.24-11.51.09:103][390]LogBlueprint: Error: [AssetLog] E:\Unreal\Fumec_DevGames\Content\Mapas\Menu\MainMenu.umap: [Compiler] This blueprint (self) is not a AudioActor_C, therefore ' Target ' must have a connection.
[2025.11.24-11.51.09:103][390]LogBlueprint: Error: [AssetLog] E:\Unreal\Fumec_DevGames\Content\Mapas\Menu\MainMenu.umap: [Compiler] Variable node  Get DefaultSceneRoot  uses an invalid target.  It may depend on a node that is not connected to the execution chain, and got purged.
[2025.11.24-11.51.09:153][390]LogUObjectHash: Compacting FUObjectHashTables data took   3.87ms
[2025.11.24-11.51.57:762][336]Cmd: OBJ SAVEPACKAGE PACKAGE="/Game/Mapas/Menu/MainMenu" FILE="E:/Unreal/Fumec_DevGames/Content/Mapas/Menu/MainMenu.umap" SILENT=true AUTOSAVING=false KEEPDIRTY=false
[2025.11.24-11.51.57:796][336]LogUObjectHash: Compacting FUObjectHashTables data took   2.34ms
[2025.11.24-11.51.57:803][336]LogSavePackage: Moving 'E:/Unreal/Fumec_DevGames/Saved/MainMenu4736E64143FC26FA8B001BB91E60AB58.tmp' to 'E:/Unreal/Fumec_DevGames/Content/Mapas/Menu/MainMenu.umap'
[2025.11.24-11.51.57:823][336]LogFileHelpers: Saving map 'MainMenu' took 0.063
[2025.11.24-11.51.57:842][336]AssetCheck: New page: Asset Save: MainMenu
[2025.11.24-11.51.57:842][336]LogContentValidation: Display: Validating World /Game/Mapas/Menu/MainMenu.MainMenu
[2025.11.24-11.52.10:601][ 30]LogSlate: Prevented a slow task dialog from being summoned while a context menu was open
[2025.11.24-11.52.10:624][ 30]LogEditorClassViewer: Warning: Class /Engine/Tutorial/InWorldBlueprintEditing/TutorialAssets/IWBE_Blutility.IWBE_Blutility_C has parent /Script/Blutility.PlacedEditorUtilityBase, but this parent is not found. The Class will not be shown in ClassViewer.
[2025.11.24-11.54.34:075][228]BlueprintLog: New page: Compile MainMenu
[2025.11.24-11.54.34:130][228]LogUObjectHash: Compacting FUObjectHashTables data took   3.68ms
[2025.11.24-11.54.34:171][228]Cmd: OBJ SAVEPACKAGE PACKAGE="/Game/Mapas/Menu/MainMenu" FILE="E:/Unreal/Fumec_DevGames/Content/Mapas/Menu/MainMenu.umap" SILENT=true AUTOSAVING=false KEEPDIRTY=false
[2025.11.24-11.54.34:202][228]LogUObjectHash: Compacting FUObjectHashTables data took   0.76ms
[2025.11.24-11.54.34:211][228]LogSavePackage: Moving 'E:/Unreal/Fumec_DevGames/Saved/MainMenu83BECCF14F1DCB26FF85D3A9F877BAF9.tmp' to 'E:/Unreal/Fumec_DevGames/Content/Mapas/Menu/MainMenu.umap'
[2025.11.24-11.54.34:231][228]LogFileHelpers: Saving map 'MainMenu' took 0.062
[2025.11.24-11.54.34:251][228]AssetCheck: New page: Asset Save: MainMenu
[2025.11.24-11.54.34:251][228]LogContentValidation: Display: Validating World /Game/Mapas/Menu/MainMenu.MainMenu
[2025.11.24-11.55.52:589][110]BlueprintLog: New page: Compile MainMenu
[2025.11.24-11.55.52:643][110]LogUObjectHash: Compacting FUObjectHashTables data took   3.59ms
[2025.11.24-11.55.52:683][110]Cmd: OBJ SAVEPACKAGE PACKAGE="/Game/Mapas/Menu/MainMenu" FILE="E:/Unreal/Fumec_DevGames/Content/Mapas/Menu/MainMenu.umap" SILENT=true AUTOSAVING=false KEEPDIRTY=false
[2025.11.24-11.55.52:717][110]LogUObjectHash: Compacting FUObjectHashTables data took   1.04ms
[2025.11.24-11.55.52:726][110]LogSavePackage: Moving 'E:/Unreal/Fumec_DevGames/Saved/MainMenu73CDA66140F6AAD76EEB9C9AC6A24330.tmp' to 'E:/Unreal/Fumec_DevGames/Content/Mapas/Menu/MainMenu.umap'
[2025.11.24-11.55.52:747][110]LogFileHelpers: Saving map 'MainMenu' took 0.064
[2025.11.24-11.55.52:766][110]AssetCheck: New page: Asset Save: MainMenu
[2025.11.24-11.55.52:766][110]LogContentValidation: Display: Validating World /Game/Mapas/Menu/MainMenu.MainMenu
[2025.11.24-11.55.55:081][241]LogTemp: Repeating last play command: Selected Viewport
[2025.11.24-11.55.55:089][241]LogPlayLevel: PlayLevel: No blueprints needed recompiling
[2025.11.24-11.55.55:089][241]PIE: New page: PIE session: MainMenu (Nov 24, 2025, 5:55:55 AM)
[2025.11.24-11.55.55:114][241]LogPlayLevel: Creating play world package: /Game/Mapas/Menu/UEDPIE_0_MainMenu
[2025.11.24-11.55.55:116][241]LogPlayLevel: PIE: StaticDuplicateObject took: (0.001880s)
[2025.11.24-11.55.55:118][241]LogAIModule: Creating AISystem for world MainMenu
[2025.11.24-11.55.55:118][241]LogPlayLevel: PIE: World Init took: (0.001461s)
[2025.11.24-11.55.55:118][241]LogPlayLevel: PIE: Created PIE world by copying editor world from /Game/Mapas/Menu/MainMenu.MainMenu to /Game/Mapas/Menu/UEDPIE_0_MainMenu.MainMenu (0.003573s)
[2025.11.24-11.55.55:154][241]LogUObjectHash: Compacting FUObjectHashTables data took   3.00ms
[2025.11.24-11.55.55:154][241]LogAudio: Display: Creating Audio Device:                 Id: 10, Scope: Unique, Realtime: True
[2025.11.24-11.55.55:154][241]LogAudioMixer: Display: Audio Mixer Platform Settings:
[2025.11.24-11.55.55:154][241]LogAudioMixer: Display: 	Sample Rate:						  48000
[2025.11.24-11.55.55:154][241]LogAudioMixer: Display: 	Callback Buffer Frame Size Requested: 1024
[2025.11.24-11.55.55:154][241]LogAudioMixer: Display: 	Callback Buffer Frame Size To Use:	  1024
[2025.11.24-11.55.55:154][241]LogAudioMixer: Display: 	Number of buffers to queue:			  2
[2025.11.24-11.55.55:154][241]LogAudioMixer: Display: 	Max Channels (voices):				  32
[2025.11.24-11.55.55:154][241]LogAudioMixer: Display: 	Number of Async Source Workers:		  0
[2025.11.24-11.55.55:154][241]LogAudio: Display: AudioDevice MaxSources: 32
[2025.11.24-11.55.55:155][241]LogAudio: Display: Audio Spatialization Plugin: None (built-in).
[2025.11.24-11.55.55:155][241]LogAudio: Display: Audio Reverb Plugin: None (built-in).
[2025.11.24-11.55.55:155][241]LogAudio: Display: Audio Occlusion Plugin: None (built-in).
[2025.11.24-11.55.55:155][241]LogAudioMixer: Display: Initializing audio mixer.
[2025.11.24-11.55.55:161][241]LogAudioMixer: Display: 0: FrontLeft
[2025.11.24-11.55.55:161][241]LogAudioMixer: Display: 1: FrontRight
[2025.11.24-11.55.55:172][241]LogAudioMixer: Display: Using Audio Device Alto-falantes (Realtek(R) Audio)
[2025.11.24-11.55.55:173][241]LogAudioMixer: Display: Initializing Sound Submixes...
[2025.11.24-11.55.55:173][241]LogAudioMixer: Display: Creating Master Submix 'MasterSubmixDefault'
[2025.11.24-11.55.55:173][241]LogAudioMixer: Display: Creating Master Submix 'MasterReverbSubmixDefault'
[2025.11.24-11.55.55:173][241]LogAudioMixer: Display: Creating Master Submix 'MasterEQSubmixDefault'
[2025.11.24-11.55.55:173][241]LogAudioMixer: FMixerPlatformXAudio2::StartAudioStream() called
[2025.11.24-11.55.55:173][241]LogAudioMixer: Display: Output buffers initialized: Frames=1024, Channels=2, Samples=2048
[2025.11.24-11.55.55:175][241]LogAudioMixer: Display: Starting AudioMixerPlatformInterface::RunInternal()
[2025.11.24-11.55.55:175][241]LogAudioMixer: Display: FMixerPlatformXAudio2::SubmitBuffer() called for the first time
[2025.11.24-11.55.55:175][241]LogInit: FAudioDevice initialized.
[2025.11.24-11.55.55:175][241]LogAudio: Display: Audio Device (ID: 10) registered with world 'MainMenu'.
[2025.11.24-11.55.55:187][241]LogLoad: Game class is 'GameMode'
[2025.11.24-11.55.55:188][241]LogWorld: Bringing World /Game/Mapas/Menu/UEDPIE_0_MainMenu.MainMenu up for play (max tick rate 60) at 2025.11.24-08.55.55
[2025.11.24-11.55.55:188][241]LogWorld: Bringing up level for play took: 0.000362
[2025.11.24-11.55.55:188][241]LogOnline: OSS: Creating online subsystem instance for: :Context_14
[2025.11.24-11.55.55:191][241]LogGameMode: Display: Match State Changed from EnteringMap to WaitingToStart
[2025.11.24-11.55.55:191][241]LogGameState: Match State Changed from EnteringMap to WaitingToStart
[2025.11.24-11.55.55:191][241]LogGameMode: Display: Match State Changed from WaitingToStart to InProgress
[2025.11.24-11.55.55:193][241]LogGameState: Match State Changed from WaitingToStart to InProgress
[2025.11.24-11.55.55:193][241]PIE: Server logged in
[2025.11.24-11.55.55:194][241]PIE: Play in editor total start time 0.106 seconds.
[2025.11.24-11.55.55:796][274]LogSlate: Updating window title bar state: overlay mode, drag disabled, window buttons hidden, title bar hidden
[2025.11.24-11.55.55:796][274]LogWorld: BeginTearingDown for /Game/Mapas/Menu/UEDPIE_0_MainMenu
[2025.11.24-11.55.55:796][274]LogWorld: UWorld::CleanupWorld for MainMenu, bSessionEnded=true, bCleanupResources=true
[2025.11.24-11.55.55:797][274]LogSlate: InvalidateAllWidgets triggered.  All widgets were invalidated
[2025.11.24-11.55.55:808][274]LogPlayLevel: Display: Shutting down PIE online subsystems
[2025.11.24-11.55.55:816][274]LogSlate: InvalidateAllWidgets triggered.  All widgets were invalidated
[2025.11.24-11.55.55:848][274]LogSlate: Updating window title bar state: overlay mode, drag disabled, window buttons hidden, title bar hidden
[2025.11.24-11.55.55:849][274]LogAudioMixer: FMixerPlatformXAudio2::StopAudioStream() called
[2025.11.24-11.55.55:850][274]LogAudioMixer: FMixerPlatformXAudio2::StopAudioStream() called
[2025.11.24-11.55.55:857][274]LogUObjectHash: Compacting FUObjectHashTables data took   4.29ms
[2025.11.24-11.55.55:877][275]LogPlayLevel: Display: Destroying online subsystem :Context_14
[2025.11.24-11.55.56:400][305]LogRenderer: Reallocating scene render targets to support 1128x604 Format 10 NumSamples 1 (Frame:3834).
[2025.11.24-11.56.03:391][705]BlueprintLog: New page: Compile MainMenu
[2025.11.24-11.56.03:393][705]LogBlueprint: Error: [AssetLog] E:\Unreal\Fumec_DevGames\Content\Mapas\Menu\MainMenu.umap: [Compiler] This blueprint (self) is not a AudioComponent, therefore ' Target ' must have a connection.
[2025.11.24-11.56.03:448][705]LogUObjectHash: Compacting FUObjectHashTables data took   3.14ms
[2025.11.24-11.56.11:212][146]BlueprintLog: New page: Compile MainMenu
[2025.11.24-11.56.11:267][146]LogUObjectHash: Compacting FUObjectHashTables data took   3.68ms
[2025.11.24-11.56.11:308][146]Cmd: OBJ SAVEPACKAGE PACKAGE="/Game/Mapas/Menu/MainMenu" FILE="E:/Unreal/Fumec_DevGames/Content/Mapas/Menu/MainMenu.umap" SILENT=true AUTOSAVING=false KEEPDIRTY=false
[2025.11.24-11.56.11:340][146]LogUObjectHash: Compacting FUObjectHashTables data took   0.75ms
[2025.11.24-11.56.11:348][146]LogSavePackage: Moving 'E:/Unreal/Fumec_DevGames/Saved/MainMenu92E089A34E7DA707FCD364A5443D2C44.tmp' to 'E:/Unreal/Fumec_DevGames/Content/Mapas/Menu/MainMenu.umap'
[2025.11.24-11.56.11:371][146]LogFileHelpers: Saving map 'MainMenu' took 0.064
[2025.11.24-11.56.11:395][146]AssetCheck: New page: Asset Save: MainMenu
[2025.11.24-11.56.11:395][146]LogContentValidation: Display: Validating World /Game/Mapas/Menu/MainMenu.MainMenu
[2025.11.24-11.56.11:945][178]LogTemp: Repeating last play command: Selected Viewport
[2025.11.24-11.56.11:953][178]LogPlayLevel: PlayLevel: No blueprints needed recompiling
[2025.11.24-11.56.11:953][178]PIE: New page: PIE session: MainMenu (Nov 24, 2025, 5:56:11 AM)
[2025.11.24-11.56.11:954][178]LogPlayLevel: Creating play world package: /Game/Mapas/Menu/UEDPIE_0_MainMenu
[2025.11.24-11.56.11:955][178]LogPlayLevel: PIE: StaticDuplicateObject took: (0.001512s)
[2025.11.24-11.56.11:955][178]LogAIModule: Creating AISystem for world MainMenu
[2025.11.24-11.56.11:956][178]LogPlayLevel: PIE: World Init took: (0.001164s)
[2025.11.24-11.56.11:956][178]LogPlayLevel: PIE: Created PIE world by copying editor world from /Game/Mapas/Menu/MainMenu.MainMenu to /Game/Mapas/Menu/UEDPIE_0_MainMenu.MainMenu (0.002841s)
[2025.11.24-11.56.11:992][178]LogUObjectHash: Compacting FUObjectHashTables data took   2.83ms
[2025.11.24-11.56.11:992][178]LogAudio: Display: Creating Audio Device:                 Id: 11, Scope: Unique, Realtime: True
[2025.11.24-11.56.11:993][178]LogAudioMixer: Display: Audio Mixer Platform Settings:
[2025.11.24-11.56.11:993][178]LogAudioMixer: Display: 	Sample Rate:						  48000
[2025.11.24-11.56.11:993][178]LogAudioMixer: Display: 	Callback Buffer Frame Size Requested: 1024
[2025.11.24-11.56.11:993][178]LogAudioMixer: Display: 	Callback Buffer Frame Size To Use:	  1024
[2025.11.24-11.56.11:993][178]LogAudioMixer: Display: 	Number of buffers to queue:			  2
[2025.11.24-11.56.11:993][178]LogAudioMixer: Display: 	Max Channels (voices):				  32
[2025.11.24-11.56.11:993][178]LogAudioMixer: Display: 	Number of Async Source Workers:		  0
[2025.11.24-11.56.11:993][178]LogAudio: Display: AudioDevice MaxSources: 32
[2025.11.24-11.56.11:994][178]LogAudio: Display: Audio Spatialization Plugin: None (built-in).
[2025.11.24-11.56.11:994][178]LogAudio: Display: Audio Reverb Plugin: None (built-in).
[2025.11.24-11.56.11:994][178]LogAudio: Display: Audio Occlusion Plugin: None (built-in).
[2025.11.24-11.56.11:994][178]LogAudioMixer: Display: Initializing audio mixer.
[2025.11.24-11.56.11:999][178]LogAudioMixer: Display: 0: FrontLeft
[2025.11.24-11.56.11:999][178]LogAudioMixer: Display: 1: FrontRight
[2025.11.24-11.56.12:007][178]LogAudioMixer: Display: Using Audio Device Alto-falantes (Realtek(R) Audio)
[2025.11.24-11.56.12:007][178]LogAudioMixer: Display: Initializing Sound Submixes...
[2025.11.24-11.56.12:007][178]LogAudioMixer: Display: Creating Master Submix 'MasterSubmixDefault'
[2025.11.24-11.56.12:007][178]LogAudioMixer: Display: Creating Master Submix 'MasterReverbSubmixDefault'
[2025.11.24-11.56.12:008][178]LogAudioMixer: Display: Creating Master Submix 'MasterEQSubmixDefault'
[2025.11.24-11.56.12:008][178]LogAudioMixer: FMixerPlatformXAudio2::StartAudioStream() called
[2025.11.24-11.56.12:008][178]LogAudioMixer: Display: Output buffers initialized: Frames=1024, Channels=2, Samples=2048
[2025.11.24-11.56.12:009][178]LogAudioMixer: Display: Starting AudioMixerPlatformInterface::RunInternal()
[2025.11.24-11.56.12:010][178]LogAudioMixer: Display: FMixerPlatformXAudio2::SubmitBuffer() called for the first time
[2025.11.24-11.56.12:010][178]LogInit: FAudioDevice initialized.
[2025.11.24-11.56.12:010][178]LogAudio: Display: Audio Device (ID: 11) registered with world 'MainMenu'.
[2025.11.24-11.56.12:050][178]LogSlate: Updating window title bar state: overlay mode, drag disabled, window buttons hidden, title bar hidden
[2025.11.24-11.56.12:050][178]LogLoad: Game class is 'GameMode'
[2025.11.24-11.56.12:051][178]LogWorld: Bringing World /Game/Mapas/Menu/UEDPIE_0_MainMenu.MainMenu up for play (max tick rate 60) at 2025.11.24-08.56.12
[2025.11.24-11.56.12:052][178]LogWorld: Bringing up level for play took: 0.000652
[2025.11.24-11.56.12:052][178]LogOnline: OSS: Creating online subsystem instance for: :Context_15
[2025.11.24-11.56.12:054][178]LogGameMode: FindPlayerStart: PATHS NOT DEFINED or NO PLAYERSTART with positive rating
[2025.11.24-11.56.12:054][178]LogGameMode: Display: Match State Changed from EnteringMap to WaitingToStart
[2025.11.24-11.56.12:054][178]LogGameState: Match State Changed from EnteringMap to WaitingToStart
[2025.11.24-11.56.12:055][178]LogGameMode: Display: Match State Changed from WaitingToStart to InProgress
[2025.11.24-11.56.12:056][178]LogGameState: Match State Changed from WaitingToStart to InProgress
[2025.11.24-11.56.12:056][178]PIE: Server logged in
[2025.11.24-11.56.12:057][178]PIE: Play in editor total start time 0.106 seconds.
[2025.11.24-11.56.12:095][179]LogRenderer: Reallocating scene render targets to support 1128x608 Format 10 NumSamples 1 (Frame:1).
[2025.11.24-11.56.14:208][304]LogSlate: Window 'ColunaDoendoSamurai Preview [NetMode: Standalone]  (64-bit/Windows) ' being destroyed
[2025.11.24-11.56.14:218][304]LogWorld: BeginTearingDown for /Game/Mapas/Menu/UEDPIE_0_MainMenu
[2025.11.24-11.56.14:244][304]LogWorld: UWorld::CleanupWorld for MainMenu, bSessionEnded=true, bCleanupResources=true
[2025.11.24-11.56.14:244][304]LogSlate: InvalidateAllWidgets triggered.  All widgets were invalidated
[2025.11.24-11.56.14:258][304]LogPlayLevel: Display: Shutting down PIE online subsystems
[2025.11.24-11.56.14:265][304]LogSlate: InvalidateAllWidgets triggered.  All widgets were invalidated
[2025.11.24-11.56.14:297][304]LogAudioMixer: FMixerPlatformXAudio2::StopAudioStream() called
[2025.11.24-11.56.14:299][304]LogAudioMixer: FMixerPlatformXAudio2::StopAudioStream() called
[2025.11.24-11.56.14:304][304]LogUObjectHash: Compacting FUObjectHashTables data took   2.84ms
[2025.11.24-11.56.14:322][305]LogPlayLevel: Display: Destroying online subsystem :Context_15
[2025.11.24-11.57.34:809][958]BlueprintLog: New page: Compile MainMenu
[2025.11.24-11.57.34:862][958]LogUObjectHash: Compacting FUObjectHashTables data took   4.60ms
[2025.11.24-11.57.34:903][958]Cmd: OBJ SAVEPACKAGE PACKAGE="/Game/Mapas/Menu/MainMenu" FILE="E:/Unreal/Fumec_DevGames/Content/Mapas/Menu/MainMenu.umap" SILENT=true AUTOSAVING=false KEEPDIRTY=false
[2025.11.24-11.57.34:935][958]LogUObjectHash: Compacting FUObjectHashTables data took   0.77ms
[2025.11.24-11.57.34:944][958]LogSavePackage: Moving 'E:/Unreal/Fumec_DevGames/Saved/MainMenu0EC271E2482082FCEB745C88AB384DC1.tmp' to 'E:/Unreal/Fumec_DevGames/Content/Mapas/Menu/MainMenu.umap'
[2025.11.24-11.57.34:966][958]LogFileHelpers: Saving map 'MainMenu' took 0.063
[2025.11.24-11.57.34:991][958]AssetCheck: New page: Asset Save: MainMenu
[2025.11.24-11.57.34:991][958]LogContentValidation: Display: Validating World /Game/Mapas/Menu/MainMenu.MainMenu
[2025.11.24-11.57.36:010][ 18]LogTemp: Repeating last play command: Selected Viewport
[2025.11.24-11.57.36:016][ 18]LogPlayLevel: PlayLevel: No blueprints needed recompiling
[2025.11.24-11.57.36:016][ 18]PIE: New page: PIE session: MainMenu (Nov 24, 2025, 5:57:36 AM)
[2025.11.24-11.57.36:017][ 18]LogPlayLevel: Creating play world package: /Game/Mapas/Menu/UEDPIE_0_MainMenu
[2025.11.24-11.57.36:019][ 18]LogPlayLevel: PIE: StaticDuplicateObject took: (0.001541s)
[2025.11.24-11.57.36:020][ 18]LogAIModule: Creating AISystem for world MainMenu
[2025.11.24-11.57.36:020][ 18]LogPlayLevel: PIE: World Init took: (0.001197s)
[2025.11.24-11.57.36:020][ 18]LogPlayLevel: PIE: Created PIE world by copying editor world from /Game/Mapas/Menu/MainMenu.MainMenu to /Game/Mapas/Menu/UEDPIE_0_MainMenu.MainMenu (0.002896s)
[2025.11.24-11.57.36:055][ 18]LogUObjectHash: Compacting FUObjectHashTables data took   2.80ms
[2025.11.24-11.57.36:055][ 18]LogAudio: Display: Creating Audio Device:                 Id: 12, Scope: Unique, Realtime: True
[2025.11.24-11.57.36:055][ 18]LogAudioMixer: Display: Audio Mixer Platform Settings:
[2025.11.24-11.57.36:055][ 18]LogAudioMixer: Display: 	Sample Rate:						  48000
[2025.11.24-11.57.36:055][ 18]LogAudioMixer: Display: 	Callback Buffer Frame Size Requested: 1024
[2025.11.24-11.57.36:055][ 18]LogAudioMixer: Display: 	Callback Buffer Frame Size To Use:	  1024
[2025.11.24-11.57.36:055][ 18]LogAudioMixer: Display: 	Number of buffers to queue:			  2
[2025.11.24-11.57.36:055][ 18]LogAudioMixer: Display: 	Max Channels (voices):				  32
[2025.11.24-11.57.36:055][ 18]LogAudioMixer: Display: 	Number of Async Source Workers:		  0
[2025.11.24-11.57.36:055][ 18]LogAudio: Display: AudioDevice MaxSources: 32
[2025.11.24-11.57.36:057][ 18]LogAudio: Display: Audio Spatialization Plugin: None (built-in).
[2025.11.24-11.57.36:057][ 18]LogAudio: Display: Audio Reverb Plugin: None (built-in).
[2025.11.24-11.57.36:057][ 18]LogAudio: Display: Audio Occlusion Plugin: None (built-in).
[2025.11.24-11.57.36:057][ 18]LogAudioMixer: Display: Initializing audio mixer.
[2025.11.24-11.57.36:062][ 18]LogAudioMixer: Display: 0: FrontLeft
[2025.11.24-11.57.36:063][ 18]LogAudioMixer: Display: 1: FrontRight
[2025.11.24-11.57.36:070][ 18]LogAudioMixer: Display: Using Audio Device Alto-falantes (Realtek(R) Audio)
[2025.11.24-11.57.36:072][ 18]LogAudioMixer: Display: Initializing Sound Submixes...
[2025.11.24-11.57.36:072][ 18]LogAudioMixer: Display: Creating Master Submix 'MasterSubmixDefault'
[2025.11.24-11.57.36:072][ 18]LogAudioMixer: Display: Creating Master Submix 'MasterReverbSubmixDefault'
[2025.11.24-11.57.36:072][ 18]LogAudioMixer: Display: Creating Master Submix 'MasterEQSubmixDefault'
[2025.11.24-11.57.36:072][ 18]LogAudioMixer: FMixerPlatformXAudio2::StartAudioStream() called
[2025.11.24-11.57.36:072][ 18]LogAudioMixer: Display: Output buffers initialized: Frames=1024, Channels=2, Samples=2048
[2025.11.24-11.57.36:074][ 18]LogAudioMixer: Display: Starting AudioMixerPlatformInterface::RunInternal()
[2025.11.24-11.57.36:074][ 18]LogAudioMixer: Display: FMixerPlatformXAudio2::SubmitBuffer() called for the first time
[2025.11.24-11.57.36:074][ 18]LogInit: FAudioDevice initialized.
[2025.11.24-11.57.36:074][ 18]LogAudio: Display: Audio Device (ID: 12) registered with world 'MainMenu'.
[2025.11.24-11.57.36:131][ 18]LogSlate: Updating window title bar state: overlay mode, drag disabled, window buttons hidden, title bar hidden
[2025.11.24-11.57.36:131][ 18]LogLoad: Game class is 'GameMode'
[2025.11.24-11.57.36:132][ 18]LogWorld: Bringing World /Game/Mapas/Menu/UEDPIE_0_MainMenu.MainMenu up for play (max tick rate 60) at 2025.11.24-08.57.36
[2025.11.24-11.57.36:132][ 18]LogWorld: Bringing up level for play took: 0.000540
[2025.11.24-11.57.36:132][ 18]LogOnline: OSS: Creating online subsystem instance for: :Context_16
[2025.11.24-11.57.36:134][ 18]LogGameMode: FindPlayerStart: PATHS NOT DEFINED or NO PLAYERSTART with positive rating
[2025.11.24-11.57.36:135][ 18]LogGameMode: Display: Match State Changed from EnteringMap to WaitingToStart
[2025.11.24-11.57.36:135][ 18]LogGameState: Match State Changed from EnteringMap to WaitingToStart
[2025.11.24-11.57.36:135][ 18]LogGameMode: Display: Match State Changed from WaitingToStart to InProgress
[2025.11.24-11.57.36:136][ 18]LogGameState: Match State Changed from WaitingToStart to InProgress
[2025.11.24-11.57.36:137][ 18]PIE: Server logged in
[2025.11.24-11.57.36:139][ 18]PIE: Play in editor total start time 0.123 seconds.
[2025.11.24-11.57.36:172][ 19]LogRenderer: Reallocating scene render targets to support 1128x616 Format 10 NumSamples 1 (Frame:1).
[2025.11.24-11.57.40:837][297]LogSlate: Window 'ColunaDoendoSamurai Preview [NetMode: Standalone]  (64-bit/Windows) ' being destroyed
[2025.11.24-11.57.40:846][297]LogWorld: BeginTearingDown for /Game/Mapas/Menu/UEDPIE_0_MainMenu
[2025.11.24-11.57.40:873][297]LogWorld: UWorld::CleanupWorld for MainMenu, bSessionEnded=true, bCleanupResources=true
[2025.11.24-11.57.40:873][297]LogSlate: InvalidateAllWidgets triggered.  All widgets were invalidated
[2025.11.24-11.57.40:883][297]LogPlayLevel: Display: Shutting down PIE online subsystems
[2025.11.24-11.57.40:890][297]LogSlate: InvalidateAllWidgets triggered.  All widgets were invalidated
[2025.11.24-11.57.40:922][297]LogAudio: Display: Audio Device unregistered from world 'None'.
[2025.11.24-11.57.40:922][297]LogAudioMixer: FMixerPlatformXAudio2::StopAudioStream() called
[2025.11.24-11.57.40:924][297]LogAudioMixer: FMixerPlatformXAudio2::StopAudioStream() called
[2025.11.24-11.57.40:931][297]LogUObjectHash: Compacting FUObjectHashTables data took   2.97ms
[2025.11.24-11.57.40:950][298]LogPlayLevel: Display: Destroying online subsystem :Context_16
[2025.11.24-12.00.40:866][452]LogSlate: Window 'Color Picker' being destroyed
[2025.11.24-12.00.48:357][895]LogSlate: Window 'Color Picker' being destroyed
[2025.11.24-12.04.12:473][775]LogSlate: Window 'Color Picker' being destroyed
[2025.11.24-12.04.17:493][ 71]LogSlate: Window 'Color Picker' being destroyed
[2025.11.24-12.05.42:575][512]LogSlate: Window 'Color Picker' being destroyed
[2025.11.24-12.05.49:891][951]LogEditorTransaction: Undo Edit Brush Color
[2025.11.24-12.05.52:365][ 81]LogEditorTransaction: Undo Add Keys at Current Time
[2025.11.24-12.06.11:686][230]LogSlate: Window 'Color Picker' being destroyed
[2025.11.24-12.06.45:497][252]BlueprintLog: New page: Compile MainMenuWid
[2025.11.24-12.06.45:551][252]LogUObjectHash: Compacting FUObjectHashTables data took   5.07ms
[2025.11.24-12.06.45:637][252]Cmd: OBJ SAVEPACKAGE PACKAGE="/Game/Mapas/Menu/MainMenuWid" FILE="E:/Unreal/Fumec_DevGames/Content/Mapas/Menu/MainMenuWid.uasset" SILENT=true
[2025.11.24-12.06.45:651][252]LogSavePackage: Moving 'E:/Unreal/Fumec_DevGames/Saved/MainMenuWid78605C1A4E91E982A81A4591DD720718.tmp' to 'E:/Unreal/Fumec_DevGames/Content/Mapas/Menu/MainMenuWid.uasset'
[2025.11.24-12.06.45:674][252]AssetCheck: New page: Asset Save: MainMenuWid
[2025.11.24-12.06.45:674][252]LogContentValidation: Display: Validating WidgetBlueprint /Game/Mapas/Menu/MainMenuWid.MainMenuWid
[2025.11.24-12.06.46:171][279]Cmd: OBJ SAVEPACKAGE PACKAGE="/Game/Mapas/Menu/MainMenuWid" FILE="E:/Unreal/Fumec_DevGames/Content/Mapas/Menu/MainMenuWid.uasset" SILENT=true
[2025.11.24-12.06.46:185][279]LogSavePackage: Moving 'E:/Unreal/Fumec_DevGames/Saved/MainMenuWid7332FA404600F3F6F9525FBD6D89E8E5.tmp' to 'E:/Unreal/Fumec_DevGames/Content/Mapas/Menu/MainMenuWid.uasset'
[2025.11.24-12.06.46:202][279]AssetCheck: New page: Asset Save: MainMenuWid
[2025.11.24-12.06.46:203][279]LogContentValidation: Display: Validating WidgetBlueprint /Game/Mapas/Menu/MainMenuWid.MainMenuWid
[2025.11.24-12.08.30:121][406]BlueprintLog: New page: Compile MainMenuWid
[2025.11.24-12.08.30:186][406]LogUObjectHash: Compacting FUObjectHashTables data took   5.36ms
[2025.11.24-12.08.30:225][406]Cmd: OBJ SAVEPACKAGE PACKAGE="/Game/Mapas/Menu/MainMenuWid" FILE="E:/Unreal/Fumec_DevGames/Content/Mapas/Menu/MainMenuWid.uasset" SILENT=true
[2025.11.24-12.08.30:243][406]LogSavePackage: Moving 'E:/Unreal/Fumec_DevGames/Saved/MainMenuWidE4E381114E72CCDDC85A09922DB9600C.tmp' to 'E:/Unreal/Fumec_DevGames/Content/Mapas/Menu/MainMenuWid.uasset'
[2025.11.24-12.08.30:267][406]AssetCheck: New page: Asset Save: MainMenuWid
[2025.11.24-12.08.30:267][406]LogContentValidation: Display: Validating WidgetBlueprint /Game/Mapas/Menu/MainMenuWid.MainMenuWid
[2025.11.24-12.09.36:045][348]LogTemp: Repeating last play command: Selected Viewport
[2025.11.24-12.09.36:056][348]LogPlayLevel: PlayLevel: No blueprints needed recompiling
[2025.11.24-12.09.36:056][348]PIE: New page: PIE session: MainMenu (Nov 24, 2025, 6:09:36 AM)
[2025.11.24-12.09.36:056][348]LogPlayLevel: Creating play world package: /Game/Mapas/Menu/UEDPIE_0_MainMenu
[2025.11.24-12.09.36:059][348]LogPlayLevel: PIE: StaticDuplicateObject took: (0.002181s)
[2025.11.24-12.09.36:060][348]LogAIModule: Creating AISystem for world MainMenu
[2025.11.24-12.09.36:061][348]LogPlayLevel: PIE: World Init took: (0.001604s)
[2025.11.24-12.09.36:061][348]LogPlayLevel: PIE: Created PIE world by copying editor world from /Game/Mapas/Menu/MainMenu.MainMenu to /Game/Mapas/Menu/UEDPIE_0_MainMenu.MainMenu (0.004038s)
[2025.11.24-12.09.36:101][348]LogUObjectHash: Compacting FUObjectHashTables data took   3.84ms
[2025.11.24-12.09.36:103][348]LogAudio: Display: Creating Audio Device:                 Id: 13, Scope: Unique, Realtime: True
[2025.11.24-12.09.36:103][348]LogAudioMixer: Display: Audio Mixer Platform Settings:
[2025.11.24-12.09.36:103][348]LogAudioMixer: Display: 	Sample Rate:						  48000
[2025.11.24-12.09.36:103][348]LogAudioMixer: Display: 	Callback Buffer Frame Size Requested: 1024
[2025.11.24-12.09.36:103][348]LogAudioMixer: Display: 	Callback Buffer Frame Size To Use:	  1024
[2025.11.24-12.09.36:103][348]LogAudioMixer: Display: 	Number of buffers to queue:			  2
[2025.11.24-12.09.36:103][348]LogAudioMixer: Display: 	Max Channels (voices):				  32
[2025.11.24-12.09.36:103][348]LogAudioMixer: Display: 	Number of Async Source Workers:		  0
[2025.11.24-12.09.36:103][348]LogAudio: Display: AudioDevice MaxSources: 32
[2025.11.24-12.09.36:103][348]LogAudio: Display: Audio Spatialization Plugin: None (built-in).
[2025.11.24-12.09.36:103][348]LogAudio: Display: Audio Reverb Plugin: None (built-in).
[2025.11.24-12.09.36:103][348]LogAudio: Display: Audio Occlusion Plugin: None (built-in).
[2025.11.24-12.09.36:103][348]LogAudioMixer: Display: Initializing audio mixer.
[2025.11.24-12.09.36:111][348]LogAudioMixer: Display: 0: FrontLeft
[2025.11.24-12.09.36:111][348]LogAudioMixer: Display: 1: FrontRight
[2025.11.24-12.09.36:122][348]LogAudioMixer: Display: Using Audio Device Alto-falantes (Realtek(R) Audio)
[2025.11.24-12.09.36:122][348]LogAudioMixer: Display: Initializing Sound Submixes...
[2025.11.24-12.09.36:122][348]LogAudioMixer: Display: Creating Master Submix 'MasterSubmixDefault'
[2025.11.24-12.09.36:122][348]LogAudioMixer: Display: Creating Master Submix 'MasterReverbSubmixDefault'
[2025.11.24-12.09.36:123][348]LogAudioMixer: Display: Creating Master Submix 'MasterEQSubmixDefault'
[2025.11.24-12.09.36:123][348]LogAudioMixer: FMixerPlatformXAudio2::StartAudioStream() called
[2025.11.24-12.09.36:123][348]LogAudioMixer: Display: Output buffers initialized: Frames=1024, Channels=2, Samples=2048
[2025.11.24-12.09.36:124][348]LogAudioMixer: Display: Starting AudioMixerPlatformInterface::RunInternal()
[2025.11.24-12.09.36:125][348]LogAudioMixer: Display: FMixerPlatformXAudio2::SubmitBuffer() called for the first time
[2025.11.24-12.09.36:125][348]LogInit: FAudioDevice initialized.
[2025.11.24-12.09.36:125][348]LogAudio: Display: Audio Device (ID: 13) registered with world 'MainMenu'.
[2025.11.24-12.09.36:179][348]LogSlate: Updating window title bar state: overlay mode, drag disabled, window buttons hidden, title bar hidden
[2025.11.24-12.09.36:179][348]LogLoad: Game class is 'GameMode'
[2025.11.24-12.09.36:181][348]LogWorld: Bringing World /Game/Mapas/Menu/UEDPIE_0_MainMenu.MainMenu up for play (max tick rate 60) at 2025.11.24-09.09.36
[2025.11.24-12.09.36:181][348]LogWorld: Bringing up level for play took: 0.000571
[2025.11.24-12.09.36:181][348]LogOnline: OSS: Creating online subsystem instance for: :Context_17
[2025.11.24-12.09.36:183][348]LogGameMode: FindPlayerStart: PATHS NOT DEFINED or NO PLAYERSTART with positive rating
[2025.11.24-12.09.36:184][348]LogGameMode: Display: Match State Changed from EnteringMap to WaitingToStart
[2025.11.24-12.09.36:184][348]LogGameState: Match State Changed from EnteringMap to WaitingToStart
[2025.11.24-12.09.36:184][348]LogGameMode: Display: Match State Changed from WaitingToStart to InProgress
[2025.11.24-12.09.36:185][348]LogGameState: Match State Changed from WaitingToStart to InProgress
[2025.11.24-12.09.36:187][348]PIE: Server logged in
[2025.11.24-12.09.36:188][348]PIE: Play in editor total start time 0.134 seconds.
[2025.11.24-12.09.36:216][349]LogRenderer: Reallocating scene render targets to support 1128x620 Format 10 NumSamples 1 (Frame:1).
[2025.11.24-12.09.44:486][822]LogSlate: Window 'ColunaDoendoSamurai Preview [NetMode: Standalone]  (64-bit/Windows) ' being destroyed
[2025.11.24-12.09.44:497][822]LogWorld: BeginTearingDown for /Game/Mapas/Menu/UEDPIE_0_MainMenu
[2025.11.24-12.09.44:531][822]LogWorld: UWorld::CleanupWorld for MainMenu, bSessionEnded=true, bCleanupResources=true
[2025.11.24-12.09.44:531][822]LogSlate: InvalidateAllWidgets triggered.  All widgets were invalidated
[2025.11.24-12.09.44:540][822]LogPlayLevel: Display: Shutting down PIE online subsystems
[2025.11.24-12.09.44:546][822]LogSlate: InvalidateAllWidgets triggered.  All widgets were invalidated
[2025.11.24-12.09.44:579][822]LogAudio: Display: Audio Device unregistered from world 'None'.
[2025.11.24-12.09.44:579][822]LogAudioMixer: FMixerPlatformXAudio2::StopAudioStream() called
[2025.11.24-12.09.44:581][822]LogAudioMixer: FMixerPlatformXAudio2::StopAudioStream() called
[2025.11.24-12.09.44:587][822]LogUObjectHash: Compacting FUObjectHashTables data took   2.97ms
[2025.11.24-12.09.44:610][823]LogPlayLevel: Display: Destroying online subsystem :Context_17
[2025.11.24-12.11.00:663][326]BlueprintLog: New page: Compile MainMenuWid
[2025.11.24-12.11.00:712][326]LogUObjectHash: Compacting FUObjectHashTables data took   4.10ms
[2025.11.24-12.11.00:798][326]Cmd: OBJ SAVEPACKAGE PACKAGE="/Game/Mapas/Menu/MainMenuWid" FILE="E:/Unreal/Fumec_DevGames/Content/Mapas/Menu/MainMenuWid.uasset" SILENT=true
[2025.11.24-12.11.00:817][326]LogSavePackage: Moving 'E:/Unreal/Fumec_DevGames/Saved/MainMenuWidDBBECB7B4D9D2DD45494CE9509A79FFF.tmp' to 'E:/Unreal/Fumec_DevGames/Content/Mapas/Menu/MainMenuWid.uasset'
[2025.11.24-12.11.00:847][326]AssetCheck: New page: Asset Save: MainMenuWid
[2025.11.24-12.11.00:848][326]LogContentValidation: Display: Validating WidgetBlueprint /Game/Mapas/Menu/MainMenuWid.MainMenuWid
[2025.11.24-12.11.01:216][346]Cmd: OBJ SAVEPACKAGE PACKAGE="/Game/Mapas/Menu/MainMenuWid" FILE="E:/Unreal/Fumec_DevGames/Content/Mapas/Menu/MainMenuWid.uasset" SILENT=true
[2025.11.24-12.11.01:234][346]LogSavePackage: Moving 'E:/Unreal/Fumec_DevGames/Saved/MainMenuWid5E9530FE45EE5323D5A9B49070892D58.tmp' to 'E:/Unreal/Fumec_DevGames/Content/Mapas/Menu/MainMenuWid.uasset'
[2025.11.24-12.11.01:253][346]AssetCheck: New page: Asset Save: MainMenuWid
[2025.11.24-12.11.01:253][346]LogContentValidation: Display: Validating WidgetBlueprint /Game/Mapas/Menu/MainMenuWid.MainMenuWid
[2025.11.24-12.11.03:063][455]LogTemp: Repeating last play command: Selected Viewport
[2025.11.24-12.11.03:072][455]LogPlayLevel: PlayLevel: No blueprints needed recompiling
[2025.11.24-12.11.03:072][455]PIE: New page: PIE session: MainMenu (Nov 24, 2025, 6:11:03 AM)
[2025.11.24-12.11.03:072][455]LogPlayLevel: Creating play world package: /Game/Mapas/Menu/UEDPIE_0_MainMenu
[2025.11.24-12.11.03:074][455]LogPlayLevel: PIE: StaticDuplicateObject took: (0.001878s)
[2025.11.24-12.11.03:075][455]LogAIModule: Creating AISystem for world MainMenu
[2025.11.24-12.11.03:075][455]LogPlayLevel: PIE: World Init took: (0.001187s)
[2025.11.24-12.11.03:076][455]LogPlayLevel: PIE: Created PIE world by copying editor world from /Game/Mapas/Menu/MainMenu.MainMenu to /Game/Mapas/Menu/UEDPIE_0_MainMenu.MainMenu (0.003308s)
[2025.11.24-12.11.03:115][455]LogUObjectHash: Compacting FUObjectHashTables data took   3.57ms
[2025.11.24-12.11.03:116][455]LogAudio: Display: Creating Audio Device:                 Id: 14, Scope: Unique, Realtime: True
[2025.11.24-12.11.03:116][455]LogAudioMixer: Display: Audio Mixer Platform Settings:
[2025.11.24-12.11.03:116][455]LogAudioMixer: Display: 	Sample Rate:						  48000
[2025.11.24-12.11.03:116][455]LogAudioMixer: Display: 	Callback Buffer Frame Size Requested: 1024
[2025.11.24-12.11.03:116][455]LogAudioMixer: Display: 	Callback Buffer Frame Size To Use:	  1024
[2025.11.24-12.11.03:116][455]LogAudioMixer: Display: 	Number of buffers to queue:			  2
[2025.11.24-12.11.03:116][455]LogAudioMixer: Display: 	Max Channels (voices):				  32
[2025.11.24-12.11.03:116][455]LogAudioMixer: Display: 	Number of Async Source Workers:		  0
[2025.11.24-12.11.03:116][455]LogAudio: Display: AudioDevice MaxSources: 32
[2025.11.24-12.11.03:117][455]LogAudio: Display: Audio Spatialization Plugin: None (built-in).
[2025.11.24-12.11.03:117][455]LogAudio: Display: Audio Reverb Plugin: None (built-in).
[2025.11.24-12.11.03:117][455]LogAudio: Display: Audio Occlusion Plugin: None (built-in).
[2025.11.24-12.11.03:117][455]LogAudioMixer: Display: Initializing audio mixer.
[2025.11.24-12.11.03:123][455]LogAudioMixer: Display: 0: FrontLeft
[2025.11.24-12.11.03:123][455]LogAudioMixer: Display: 1: FrontRight
[2025.11.24-12.11.03:132][455]LogAudioMixer: Display: Using Audio Device Alto-falantes (Realtek(R) Audio)
[2025.11.24-12.11.03:132][455]LogAudioMixer: Display: Initializing Sound Submixes...
[2025.11.24-12.11.03:132][455]LogAudioMixer: Display: Creating Master Submix 'MasterSubmixDefault'
[2025.11.24-12.11.03:132][455]LogAudioMixer: Display: Creating Master Submix 'MasterReverbSubmixDefault'
[2025.11.24-12.11.03:133][455]LogAudioMixer: Display: Creating Master Submix 'MasterEQSubmixDefault'
[2025.11.24-12.11.03:133][455]LogAudioMixer: FMixerPlatformXAudio2::StartAudioStream() called
[2025.11.24-12.11.03:133][455]LogAudioMixer: Display: Output buffers initialized: Frames=1024, Channels=2, Samples=2048
[2025.11.24-12.11.03:135][455]LogAudioMixer: Display: Starting AudioMixerPlatformInterface::RunInternal()
[2025.11.24-12.11.03:135][455]LogAudioMixer: Display: FMixerPlatformXAudio2::SubmitBuffer() called for the first time
[2025.11.24-12.11.03:135][455]LogInit: FAudioDevice initialized.
[2025.11.24-12.11.03:135][455]LogAudio: Display: Audio Device (ID: 14) registered with world 'MainMenu'.
[2025.11.24-12.11.03:177][455]LogSlate: Updating window title bar state: overlay mode, drag disabled, window buttons hidden, title bar hidden
[2025.11.24-12.11.03:177][455]LogLoad: Game class is 'GameMode'
[2025.11.24-12.11.03:179][455]LogWorld: Bringing World /Game/Mapas/Menu/UEDPIE_0_MainMenu.MainMenu up for play (max tick rate 60) at 2025.11.24-09.11.03
[2025.11.24-12.11.03:179][455]LogWorld: Bringing up level for play took: 0.000661
[2025.11.24-12.11.03:179][455]LogOnline: OSS: Creating online subsystem instance for: :Context_18
[2025.11.24-12.11.03:183][455]LogGameMode: FindPlayerStart: PATHS NOT DEFINED or NO PLAYERSTART with positive rating
[2025.11.24-12.11.03:183][455]LogGameMode: Display: Match State Changed from EnteringMap to WaitingToStart
[2025.11.24-12.11.03:183][455]LogGameState: Match State Changed from EnteringMap to WaitingToStart
[2025.11.24-12.11.03:183][455]LogGameMode: Display: Match State Changed from WaitingToStart to InProgress
[2025.11.24-12.11.03:184][455]LogGameState: Match State Changed from WaitingToStart to InProgress
[2025.11.24-12.11.03:185][455]PIE: Server logged in
[2025.11.24-12.11.03:186][455]PIE: Play in editor total start time 0.116 seconds.
[2025.11.24-12.11.03:215][456]LogRenderer: Reallocating scene render targets to support 1128x628 Format 10 NumSamples 1 (Frame:1).
[2025.11.24-12.11.06:573][655]LogGameMode: Display: Match State Changed from InProgress to LeavingMap
[2025.11.24-12.11.06:573][655]LogGameState: Match State Changed from InProgress to LeavingMap
[2025.11.24-12.11.06:573][655]LogNet: Browse: /Game/Mapas/Fases/MapaInicialAr/MapaInicial
[2025.11.24-12.11.06:574][655]LogLoad: LoadMap: /Game/Mapas/Fases/MapaInicialAr/MapaInicial
[2025.11.24-12.11.06:574][655]LogWorld: BeginTearingDown for /Game/Mapas/Menu/UEDPIE_0_MainMenu
[2025.11.24-12.11.06:574][655]LogWorld: UWorld::CleanupWorld for MainMenu, bSessionEnded=true, bCleanupResources=true
[2025.11.24-12.11.06:574][655]LogSlate: InvalidateAllWidgets triggered.  All widgets were invalidated
[2025.11.24-12.11.06:642][655]LogAudio: Display: Audio Device unregistered from world 'None'.
[2025.11.24-12.11.06:647][655]LogUObjectHash: Compacting FUObjectHashTables data took   3.10ms
[2025.11.24-12.11.06:704][655]LogAudio: Display: Audio Device (ID: 14) registered with world 'MapaInicial'.
[2025.11.24-12.11.06:705][655]LogAIModule: Creating AISystem for world MapaInicial
[2025.11.24-12.11.06:706][655]LogLoad: Game class is 'GameModeRL_C'
[2025.11.24-12.11.06:708][655]LogWorld: Bringing World /Game/Mapas/Fases/MapaInicialAr/UEDPIE_0_MapaInicial.MapaInicial up for play (max tick rate 60) at 2025.11.24-09.11.06
[2025.11.24-12.11.06:709][655]LogWorld: Bringing up level for play took: 0.002100
[2025.11.24-12.11.06:711][655]LogLoad: Took 0.137945 seconds to LoadMap(/Game/Mapas/Fases/MapaInicialAr/MapaInicial)
[2025.11.24-12.11.08:342][750]LogSlate: Updating window title bar state: overlay mode, drag disabled, window buttons hidden, title bar hidden
[2025.11.24-12.11.08:342][750]LogWorld: BeginTearingDown for /Game/Mapas/Fases/MapaInicialAr/UEDPIE_0_MapaInicial
[2025.11.24-12.11.08:342][750]LogSlate: Window 'ColunaDoendoSamurai Preview [NetMode: Standalone]  (64-bit/Windows) ' being destroyed
[2025.11.24-12.11.08:347][750]LogWorld: UWorld::CleanupWorld for MapaInicial, bSessionEnded=true, bCleanupResources=true
[2025.11.24-12.11.08:348][750]LogSlate: InvalidateAllWidgets triggered.  All widgets were invalidated
[2025.11.24-12.11.08:357][750]LogPlayLevel: Display: Shutting down PIE online subsystems
[2025.11.24-12.11.08:364][750]LogSlate: InvalidateAllWidgets triggered.  All widgets were invalidated
[2025.11.24-12.11.08:397][750]LogAudio: Display: Audio Device unregistered from world 'None'.
[2025.11.24-12.11.08:397][750]LogAudioMixer: FMixerPlatformXAudio2::StopAudioStream() called
[2025.11.24-12.11.08:398][750]LogAudioMixer: FMixerPlatformXAudio2::StopAudioStream() called
[2025.11.24-12.11.08:406][750]LogUObjectHash: Compacting FUObjectHashTables data took   3.56ms
[2025.11.24-12.11.08:424][751]LogPlayLevel: Display: Destroying online subsystem :Context_18
[2025.11.24-12.11.28:422][906]BlueprintLog: New page: Compile MainMenuWid
[2025.11.24-12.11.28:466][906]LogUObjectHash: Compacting FUObjectHashTables data took   3.47ms
[2025.11.24-12.11.28:507][906]Cmd: OBJ SAVEPACKAGE PACKAGE="/Game/Mapas/Menu/MainMenuWid" FILE="E:/Unreal/Fumec_DevGames/Content/Mapas/Menu/MainMenuWid.uasset" SILENT=true
[2025.11.24-12.11.28:527][906]LogSavePackage: Moving 'E:/Unreal/Fumec_DevGames/Saved/MainMenuWid07966DE64284DE95E00EB4B8F39A1CA1.tmp' to 'E:/Unreal/Fumec_DevGames/Content/Mapas/Menu/MainMenuWid.uasset'
[2025.11.24-12.11.28:545][906]AssetCheck: New page: Asset Save: MainMenuWid
[2025.11.24-12.11.28:546][906]LogContentValidation: Display: Validating WidgetBlueprint /Game/Mapas/Menu/MainMenuWid.MainMenuWid
[2025.11.24-12.11.29:488][962]LogTemp: Repeating last play command: Selected Viewport
[2025.11.24-12.11.29:495][962]LogPlayLevel: PlayLevel: No blueprints needed recompiling
[2025.11.24-12.11.29:495][962]PIE: New page: PIE session: MainMenu (Nov 24, 2025, 6:11:29 AM)
[2025.11.24-12.11.29:495][962]LogPlayLevel: Creating play world package: /Game/Mapas/Menu/UEDPIE_0_MainMenu
[2025.11.24-12.11.29:497][962]LogPlayLevel: PIE: StaticDuplicateObject took: (0.001727s)
[2025.11.24-12.11.29:498][962]LogAIModule: Creating AISystem for world MainMenu
[2025.11.24-12.11.29:498][962]LogPlayLevel: PIE: World Init took: (0.001286s)
[2025.11.24-12.11.29:498][962]LogPlayLevel: PIE: Created PIE world by copying editor world from /Game/Mapas/Menu/MainMenu.MainMenu to /Game/Mapas/Menu/UEDPIE_0_MainMenu.MainMenu (0.003190s)
[2025.11.24-12.11.29:539][962]LogUObjectHash: Compacting FUObjectHashTables data took   4.22ms
[2025.11.24-12.11.29:539][962]LogAudio: Display: Creating Audio Device:                 Id: 15, Scope: Unique, Realtime: True
[2025.11.24-12.11.29:539][962]LogAudioMixer: Display: Audio Mixer Platform Settings:
[2025.11.24-12.11.29:539][962]LogAudioMixer: Display: 	Sample Rate:						  48000
[2025.11.24-12.11.29:539][962]LogAudioMixer: Display: 	Callback Buffer Frame Size Requested: 1024
[2025.11.24-12.11.29:539][962]LogAudioMixer: Display: 	Callback Buffer Frame Size To Use:	  1024
[2025.11.24-12.11.29:539][962]LogAudioMixer: Display: 	Number of buffers to queue:			  2
[2025.11.24-12.11.29:539][962]LogAudioMixer: Display: 	Max Channels (voices):				  32
[2025.11.24-12.11.29:539][962]LogAudioMixer: Display: 	Number of Async Source Workers:		  0
[2025.11.24-12.11.29:539][962]LogAudio: Display: AudioDevice MaxSources: 32
[2025.11.24-12.11.29:540][962]LogAudio: Display: Audio Spatialization Plugin: None (built-in).
[2025.11.24-12.11.29:540][962]LogAudio: Display: Audio Reverb Plugin: None (built-in).
[2025.11.24-12.11.29:540][962]LogAudio: Display: Audio Occlusion Plugin: None (built-in).
[2025.11.24-12.11.29:540][962]LogAudioMixer: Display: Initializing audio mixer.
[2025.11.24-12.11.29:545][962]LogAudioMixer: Display: 0: FrontLeft
[2025.11.24-12.11.29:545][962]LogAudioMixer: Display: 1: FrontRight
[2025.11.24-12.11.29:552][962]LogAudioMixer: Display: Using Audio Device Alto-falantes (Realtek(R) Audio)
[2025.11.24-12.11.29:554][962]LogAudioMixer: Display: Initializing Sound Submixes...
[2025.11.24-12.11.29:554][962]LogAudioMixer: Display: Creating Master Submix 'MasterSubmixDefault'
[2025.11.24-12.11.29:554][962]LogAudioMixer: Display: Creating Master Submix 'MasterReverbSubmixDefault'
[2025.11.24-12.11.29:554][962]LogAudioMixer: Display: Creating Master Submix 'MasterEQSubmixDefault'
[2025.11.24-12.11.29:555][962]LogAudioMixer: FMixerPlatformXAudio2::StartAudioStream() called
[2025.11.24-12.11.29:555][962]LogAudioMixer: Display: Output buffers initialized: Frames=1024, Channels=2, Samples=2048
[2025.11.24-12.11.29:556][962]LogAudioMixer: Display: Starting AudioMixerPlatformInterface::RunInternal()
[2025.11.24-12.11.29:556][962]LogAudioMixer: Display: FMixerPlatformXAudio2::SubmitBuffer() called for the first time
[2025.11.24-12.11.29:556][962]LogInit: FAudioDevice initialized.
[2025.11.24-12.11.29:556][962]LogAudio: Display: Audio Device (ID: 15) registered with world 'MainMenu'.
[2025.11.24-12.11.29:603][962]LogSlate: Updating window title bar state: overlay mode, drag disabled, window buttons hidden, title bar hidden
[2025.11.24-12.11.29:603][962]LogLoad: Game class is 'GameMode'
[2025.11.24-12.11.29:604][962]LogWorld: Bringing World /Game/Mapas/Menu/UEDPIE_0_MainMenu.MainMenu up for play (max tick rate 60) at 2025.11.24-09.11.29
[2025.11.24-12.11.29:605][962]LogWorld: Bringing up level for play took: 0.000644
[2025.11.24-12.11.29:605][962]LogOnline: OSS: Creating online subsystem instance for: :Context_19
[2025.11.24-12.11.29:607][962]LogGameMode: FindPlayerStart: PATHS NOT DEFINED or NO PLAYERSTART with positive rating
[2025.11.24-12.11.29:607][962]LogGameMode: Display: Match State Changed from EnteringMap to WaitingToStart
[2025.11.24-12.11.29:608][962]LogGameState: Match State Changed from EnteringMap to WaitingToStart
[2025.11.24-12.11.29:608][962]LogGameMode: Display: Match State Changed from WaitingToStart to InProgress
[2025.11.24-12.11.29:609][962]LogGameState: Match State Changed from WaitingToStart to InProgress
[2025.11.24-12.11.29:611][962]PIE: Server logged in
[2025.11.24-12.11.29:612][962]PIE: Play in editor total start time 0.118 seconds.
[2025.11.24-12.11.29:640][963]LogRenderer: Reallocating scene render targets to support 1128x636 Format 10 NumSamples 1 (Frame:1).
[2025.11.24-12.11.33:555][196]LogGameMode: Display: Match State Changed from InProgress to LeavingMap
[2025.11.24-12.11.33:555][196]LogGameState: Match State Changed from InProgress to LeavingMap
[2025.11.24-12.11.33:556][196]LogNet: Browse: /Game/Mapas/Fases/MapaInicialAr/MapaInicial
[2025.11.24-12.11.33:556][196]LogLoad: LoadMap: /Game/Mapas/Fases/MapaInicialAr/MapaInicial
[2025.11.24-12.11.33:556][196]LogWorld: BeginTearingDown for /Game/Mapas/Menu/UEDPIE_0_MainMenu
[2025.11.24-12.11.33:556][196]LogWorld: UWorld::CleanupWorld for MainMenu, bSessionEnded=true, bCleanupResources=true
[2025.11.24-12.11.33:556][196]LogSlate: InvalidateAllWidgets triggered.  All widgets were invalidated
[2025.11.24-12.11.33:624][196]LogAudio: Display: Audio Device unregistered from world 'None'.
[2025.11.24-12.11.33:628][196]LogUObjectHash: Compacting FUObjectHashTables data took   2.92ms
[2025.11.24-12.11.33:638][196]LogAudio: Display: Audio Device (ID: 15) registered with world 'MapaInicial'.
[2025.11.24-12.11.33:639][196]LogAIModule: Creating AISystem for world MapaInicial
[2025.11.24-12.11.33:639][196]LogLoad: Game class is 'GameModeRL_C'
[2025.11.24-12.11.33:641][196]LogWorld: Bringing World /Game/Mapas/Fases/MapaInicialAr/UEDPIE_0_MapaInicial.MapaInicial up for play (max tick rate 60) at 2025.11.24-09.11.33
[2025.11.24-12.11.33:641][196]LogWorld: Bringing up level for play took: 0.001692
[2025.11.24-12.11.33:644][196]LogLoad: Took 0.088221 seconds to LoadMap(/Game/Mapas/Fases/MapaInicialAr/MapaInicial)
[2025.11.24-12.11.34:631][253]LogSlate: Updating window title bar state: overlay mode, drag disabled, window buttons hidden, title bar hidden
[2025.11.24-12.11.34:631][253]LogWorld: BeginTearingDown for /Game/Mapas/Fases/MapaInicialAr/UEDPIE_0_MapaInicial
[2025.11.24-12.11.34:631][253]LogSlate: Window 'ColunaDoendoSamurai Preview [NetMode: Standalone]  (64-bit/Windows) ' being destroyed
[2025.11.24-12.11.34:641][253]LogWorld: UWorld::CleanupWorld for MapaInicial, bSessionEnded=true, bCleanupResources=true
[2025.11.24-12.11.34:641][253]LogSlate: InvalidateAllWidgets triggered.  All widgets were invalidated
[2025.11.24-12.11.34:648][253]LogPlayLevel: Display: Shutting down PIE online subsystems
[2025.11.24-12.11.34:656][253]LogSlate: InvalidateAllWidgets triggered.  All widgets were invalidated
[2025.11.24-12.11.34:688][253]LogAudio: Display: Audio Device unregistered from world 'None'.
[2025.11.24-12.11.34:688][253]LogAudioMixer: FMixerPlatformXAudio2::StopAudioStream() called
[2025.11.24-12.11.34:690][253]LogAudioMixer: FMixerPlatformXAudio2::StopAudioStream() called
[2025.11.24-12.11.34:697][253]LogUObjectHash: Compacting FUObjectHashTables data took   2.84ms
[2025.11.24-12.11.34:718][254]LogPlayLevel: Display: Destroying online subsystem :Context_19
[2025.11.24-12.12.36:183][480]LogUObjectHash: Compacting FUObjectHashTables data took   4.18ms
[2025.11.24-12.12.36:184][480]LogFileHelpers: Editor autosave (incl. external actors) for '/Game/Mapas/Menu/MainMenu' took 0.041
[2025.11.24-12.12.36:184][480]OBJ SavePackage: Generating thumbnails for [0] asset(s) in package [/Game/Mapas/Menu/MainMenuWid] ([2] browsable assets)...
[2025.11.24-12.12.36:184][480]OBJ SavePackage: Finished generating thumbnails for package [/Game/Mapas/Menu/MainMenuWid]
[2025.11.24-12.12.36:184][480]Cmd: OBJ SAVEPACKAGE PACKAGE="/Game/Mapas/Menu/MainMenuWid" FILE="E:/Unreal/Fumec_DevGames/Saved/Autosaves/Game/Mapas/Menu/MainMenuWid_Auto2.uasset" SILENT=false AUTOSAVING=true
[2025.11.24-12.12.36:203][480]LogSavePackage: Moving 'E:/Unreal/Fumec_DevGames/Saved/MainMenuWid_Auto256475D2C44C749376C891BA51D8DA25F.tmp' to 'E:/Unreal/Fumec_DevGames/Saved/Autosaves/Game/Mapas/Menu/MainMenuWid_Auto2.uasset'
[2025.11.24-12.12.36:530][480]LogFileHelpers: Auto-saving content packages took 0.347
[2025.11.24-12.13.16:643][573]BlueprintLog: New page: Compile MainMenuWid
[2025.11.24-12.13.16:689][573]LogUObjectHash: Compacting FUObjectHashTables data took   4.19ms
[2025.11.24-12.13.16:732][573]Cmd: OBJ SAVEPACKAGE PACKAGE="/Game/Mapas/Menu/MainMenuWid" FILE="E:/Unreal/Fumec_DevGames/Content/Mapas/Menu/MainMenuWid.uasset" SILENT=true
[2025.11.24-12.13.16:750][573]LogSavePackage: Moving 'E:/Unreal/Fumec_DevGames/Saved/MainMenuWid38E0E7CB44F0A251CDFEDE9D7797ED35.tmp' to 'E:/Unreal/Fumec_DevGames/Content/Mapas/Menu/MainMenuWid.uasset'
[2025.11.24-12.13.16:771][573]AssetCheck: New page: Asset Save: MainMenuWid
[2025.11.24-12.13.16:771][573]LogContentValidation: Display: Validating WidgetBlueprint /Game/Mapas/Menu/MainMenuWid.MainMenuWid
[2025.11.24-12.13.18:524][677]LogTemp: Repeating last play command: Selected Viewport
[2025.11.24-12.13.18:533][677]LogPlayLevel: PlayLevel: No blueprints needed recompiling
[2025.11.24-12.13.18:533][677]PIE: New page: PIE session: MainMenu (Nov 24, 2025, 6:13:18 AM)
[2025.11.24-12.13.18:533][677]LogPlayLevel: Creating play world package: /Game/Mapas/Menu/UEDPIE_0_MainMenu
[2025.11.24-12.13.18:535][677]LogPlayLevel: PIE: StaticDuplicateObject took: (0.001973s)
[2025.11.24-12.13.18:536][677]LogAIModule: Creating AISystem for world MainMenu
[2025.11.24-12.13.18:537][677]LogPlayLevel: PIE: World Init took: (0.001367s)
[2025.11.24-12.13.18:537][677]LogPlayLevel: PIE: Created PIE world by copying editor world from /Game/Mapas/Menu/MainMenu.MainMenu to /Game/Mapas/Menu/UEDPIE_0_MainMenu.MainMenu (0.003542s)
[2025.11.24-12.13.18:577][677]LogUObjectHash: Compacting FUObjectHashTables data took   3.73ms
[2025.11.24-12.13.18:577][677]LogAudio: Display: Creating Audio Device:                 Id: 16, Scope: Unique, Realtime: True
[2025.11.24-12.13.18:577][677]LogAudioMixer: Display: Audio Mixer Platform Settings:
[2025.11.24-12.13.18:577][677]LogAudioMixer: Display: 	Sample Rate:						  48000
[2025.11.24-12.13.18:577][677]LogAudioMixer: Display: 	Callback Buffer Frame Size Requested: 1024
[2025.11.24-12.13.18:577][677]LogAudioMixer: Display: 	Callback Buffer Frame Size To Use:	  1024
[2025.11.24-12.13.18:577][677]LogAudioMixer: Display: 	Number of buffers to queue:			  2
[2025.11.24-12.13.18:577][677]LogAudioMixer: Display: 	Max Channels (voices):				  32
[2025.11.24-12.13.18:577][677]LogAudioMixer: Display: 	Number of Async Source Workers:		  0
[2025.11.24-12.13.18:577][677]LogAudio: Display: AudioDevice MaxSources: 32
[2025.11.24-12.13.18:578][677]LogAudio: Display: Audio Spatialization Plugin: None (built-in).
[2025.11.24-12.13.18:578][677]LogAudio: Display: Audio Reverb Plugin: None (built-in).
[2025.11.24-12.13.18:578][677]LogAudio: Display: Audio Occlusion Plugin: None (built-in).
[2025.11.24-12.13.18:578][677]LogAudioMixer: Display: Initializing audio mixer.
[2025.11.24-12.13.18:583][677]LogAudioMixer: Display: 0: FrontLeft
[2025.11.24-12.13.18:583][677]LogAudioMixer: Display: 1: FrontRight
[2025.11.24-12.13.18:592][677]LogAudioMixer: Display: Using Audio Device Alto-falantes (Realtek(R) Audio)
[2025.11.24-12.13.18:593][677]LogAudioMixer: Display: Initializing Sound Submixes...
[2025.11.24-12.13.18:593][677]LogAudioMixer: Display: Creating Master Submix 'MasterSubmixDefault'
[2025.11.24-12.13.18:593][677]LogAudioMixer: Display: Creating Master Submix 'MasterReverbSubmixDefault'
[2025.11.24-12.13.18:593][677]LogAudioMixer: Display: Creating Master Submix 'MasterEQSubmixDefault'
[2025.11.24-12.13.18:593][677]LogAudioMixer: FMixerPlatformXAudio2::StartAudioStream() called
[2025.11.24-12.13.18:593][677]LogAudioMixer: Display: Output buffers initialized: Frames=1024, Channels=2, Samples=2048
[2025.11.24-12.13.18:595][677]LogAudioMixer: Display: Starting AudioMixerPlatformInterface::RunInternal()
[2025.11.24-12.13.18:595][677]LogAudioMixer: Display: FMixerPlatformXAudio2::SubmitBuffer() called for the first time
[2025.11.24-12.13.18:595][677]LogInit: FAudioDevice initialized.
[2025.11.24-12.13.18:595][677]LogAudio: Display: Audio Device (ID: 16) registered with world 'MainMenu'.
[2025.11.24-12.13.18:643][677]LogSlate: Updating window title bar state: overlay mode, drag disabled, window buttons hidden, title bar hidden
[2025.11.24-12.13.18:644][677]LogLoad: Game class is 'GameMode'
[2025.11.24-12.13.18:644][677]LogWorld: Bringing World /Game/Mapas/Menu/UEDPIE_0_MainMenu.MainMenu up for play (max tick rate 60) at 2025.11.24-09.13.18
[2025.11.24-12.13.18:645][677]LogWorld: Bringing up level for play took: 0.000642
[2025.11.24-12.13.18:645][677]LogOnline: OSS: Creating online subsystem instance for: :Context_20
[2025.11.24-12.13.18:647][677]LogGameMode: FindPlayerStart: PATHS NOT DEFINED or NO PLAYERSTART with positive rating
[2025.11.24-12.13.18:647][677]LogGameMode: Display: Match State Changed from EnteringMap to WaitingToStart
[2025.11.24-12.13.18:647][677]LogGameState: Match State Changed from EnteringMap to WaitingToStart
[2025.11.24-12.13.18:647][677]LogGameMode: Display: Match State Changed from WaitingToStart to InProgress
[2025.11.24-12.13.18:649][677]LogGameState: Match State Changed from WaitingToStart to InProgress
[2025.11.24-12.13.18:650][677]PIE: Server logged in
[2025.11.24-12.13.18:652][677]PIE: Play in editor total start time 0.12 seconds.
[2025.11.24-12.13.18:682][678]LogRenderer: Reallocating scene render targets to support 1128x640 Format 10 NumSamples 1 (Frame:1).
[2025.11.24-12.13.24:664][ 35]LogGameMode: Display: Match State Changed from InProgress to LeavingMap
[2025.11.24-12.13.24:664][ 35]LogGameState: Match State Changed from InProgress to LeavingMap
[2025.11.24-12.13.24:664][ 35]LogNet: Browse: /Game/Mapas/Fases/MapaInicialAr/MapaInicial
[2025.11.24-12.13.24:664][ 35]LogLoad: LoadMap: /Game/Mapas/Fases/MapaInicialAr/MapaInicial
[2025.11.24-12.13.24:664][ 35]LogWorld: BeginTearingDown for /Game/Mapas/Menu/UEDPIE_0_MainMenu
[2025.11.24-12.13.24:665][ 35]LogWorld: UWorld::CleanupWorld for MainMenu, bSessionEnded=true, bCleanupResources=true
[2025.11.24-12.13.24:665][ 35]LogSlate: InvalidateAllWidgets triggered.  All widgets were invalidated
[2025.11.24-12.13.24:733][ 35]LogAudio: Display: Audio Device unregistered from world 'None'.
[2025.11.24-12.13.24:736][ 35]LogUObjectHash: Compacting FUObjectHashTables data took   3.09ms
[2025.11.24-12.13.24:747][ 35]LogAudio: Display: Audio Device (ID: 16) registered with world 'MapaInicial'.
[2025.11.24-12.13.24:749][ 35]LogAIModule: Creating AISystem for world MapaInicial
[2025.11.24-12.13.24:749][ 35]LogLoad: Game class is 'GameModeRL_C'
[2025.11.24-12.13.24:751][ 35]LogWorld: Bringing World /Game/Mapas/Fases/MapaInicialAr/UEDPIE_0_MapaInicial.MapaInicial up for play (max tick rate 60) at 2025.11.24-09.13.24
[2025.11.24-12.13.24:751][ 35]LogWorld: Bringing up level for play took: 0.001617
[2025.11.24-12.13.24:753][ 35]LogLoad: Took 0.089324 seconds to LoadMap(/Game/Mapas/Fases/MapaInicialAr/MapaInicial)
[2025.11.24-12.13.26:041][111]LogSlate: Updating window title bar state: overlay mode, drag disabled, window buttons hidden, title bar hidden
[2025.11.24-12.13.26:041][111]LogWorld: BeginTearingDown for /Game/Mapas/Fases/MapaInicialAr/UEDPIE_0_MapaInicial
[2025.11.24-12.13.26:041][111]LogSlate: Window 'ColunaDoendoSamurai Preview [NetMode: Standalone]  (64-bit/Windows) ' being destroyed
[2025.11.24-12.13.26:049][111]LogWorld: UWorld::CleanupWorld for MapaInicial, bSessionEnded=true, bCleanupResources=true
[2025.11.24-12.13.26:049][111]LogSlate: InvalidateAllWidgets triggered.  All widgets were invalidated
[2025.11.24-12.13.26:060][111]LogPlayLevel: Display: Shutting down PIE online subsystems
[2025.11.24-12.13.26:067][111]LogSlate: InvalidateAllWidgets triggered.  All widgets were invalidated
[2025.11.24-12.13.26:099][111]LogAudio: Display: Audio Device unregistered from world 'None'.
[2025.11.24-12.13.26:099][111]LogAudioMixer: FMixerPlatformXAudio2::StopAudioStream() called
[2025.11.24-12.13.26:100][111]LogAudioMixer: FMixerPlatformXAudio2::StopAudioStream() called
[2025.11.24-12.13.26:107][111]LogUObjectHash: Compacting FUObjectHashTables data took   3.56ms
[2025.11.24-12.13.26:131][112]LogPlayLevel: Display: Destroying online subsystem :Context_20
[2025.11.24-12.13.57:589][980]LogTabManager: Warning: Cannot spawn tab because no spawner is registered for 'SequencerGraphEditor'
[2025.11.24-12.13.57:625][980]LogSlate: The tab "SequencerGraphEditor" attempted to spawn in layout 'WidgetBlueprintEditor_Designer_Layout_v4_1' but failed for some reason. An "unrecognized tab" will be returned instead.
[2025.11.24-12.14.19:683][302]LogEditorTransaction: Undo Move Key
[2025.11.24-12.14.20:766][345]LogEditorTransaction: Undo Drag Tangents
[2025.11.24-12.14.22:785][461]LogSlate: Window 'Sequencer Curves' being destroyed
[2025.11.24-12.14.22:791][461]LogSlate: Window 'Sequencer Curves' being destroyed
[2025.11.24-12.14.29:987][885]BlueprintLog: New page: Compile MainMenuWid
[2025.11.24-12.14.30:044][885]LogUObjectHash: Compacting FUObjectHashTables data took   4.70ms
[2025.11.24-12.14.30:091][885]Cmd: OBJ SAVEPACKAGE PACKAGE="/Game/Mapas/Menu/MainMenuWid" FILE="E:/Unreal/Fumec_DevGames/Content/Mapas/Menu/MainMenuWid.uasset" SILENT=true
[2025.11.24-12.14.30:112][885]LogSavePackage: Moving 'E:/Unreal/Fumec_DevGames/Saved/MainMenuWid1B05769340FFC8500852DDBCA31063E6.tmp' to 'E:/Unreal/Fumec_DevGames/Content/Mapas/Menu/MainMenuWid.uasset'
[2025.11.24-12.14.30:132][885]AssetCheck: New page: Asset Save: MainMenuWid
[2025.11.24-12.14.30:132][885]LogContentValidation: Display: Validating WidgetBlueprint /Game/Mapas/Menu/MainMenuWid.MainMenuWid
[2025.11.24-12.14.44:861][757]LogTemp: Repeating last play command: Selected Viewport
[2025.11.24-12.14.44:870][757]LogPlayLevel: PlayLevel: No blueprints needed recompiling
[2025.11.24-12.14.44:871][757]PIE: New page: PIE session: MainMenu (Nov 24, 2025, 6:14:44 AM)
[2025.11.24-12.14.44:871][757]LogPlayLevel: Creating play world package: /Game/Mapas/Menu/UEDPIE_0_MainMenu
[2025.11.24-12.14.44:873][757]LogPlayLevel: PIE: StaticDuplicateObject took: (0.002146s)
[2025.11.24-12.14.44:875][757]LogAIModule: Creating AISystem for world MainMenu
[2025.11.24-12.14.44:875][757]LogPlayLevel: PIE: World Init took: (0.001407s)
[2025.11.24-12.14.44:875][757]LogPlayLevel: PIE: Created PIE world by copying editor world from /Game/Mapas/Menu/MainMenu.MainMenu to /Game/Mapas/Menu/UEDPIE_0_MainMenu.MainMenu (0.003761s)
[2025.11.24-12.14.44:916][757]LogUObjectHash: Compacting FUObjectHashTables data took   4.24ms
[2025.11.24-12.14.44:917][757]LogAudio: Display: Creating Audio Device:                 Id: 17, Scope: Unique, Realtime: True
[2025.11.24-12.14.44:917][757]LogAudioMixer: Display: Audio Mixer Platform Settings:
[2025.11.24-12.14.44:917][757]LogAudioMixer: Display: 	Sample Rate:						  48000
[2025.11.24-12.14.44:917][757]LogAudioMixer: Display: 	Callback Buffer Frame Size Requested: 1024
[2025.11.24-12.14.44:917][757]LogAudioMixer: Display: 	Callback Buffer Frame Size To Use:	  1024
[2025.11.24-12.14.44:917][757]LogAudioMixer: Display: 	Number of buffers to queue:			  2
[2025.11.24-12.14.44:917][757]LogAudioMixer: Display: 	Max Channels (voices):				  32
[2025.11.24-12.14.44:917][757]LogAudioMixer: Display: 	Number of Async Source Workers:		  0
[2025.11.24-12.14.44:917][757]LogAudio: Display: AudioDevice MaxSources: 32
[2025.11.24-12.14.44:917][757]LogAudio: Display: Audio Spatialization Plugin: None (built-in).
[2025.11.24-12.14.44:917][757]LogAudio: Display: Audio Reverb Plugin: None (built-in).
[2025.11.24-12.14.44:917][757]LogAudio: Display: Audio Occlusion Plugin: None (built-in).
[2025.11.24-12.14.44:917][757]LogAudioMixer: Display: Initializing audio mixer.
[2025.11.24-12.14.44:923][757]LogAudioMixer: Display: 0: FrontLeft
[2025.11.24-12.14.44:923][757]LogAudioMixer: Display: 1: FrontRight
[2025.11.24-12.14.44:932][757]LogAudioMixer: Display: Using Audio Device Alto-falantes (Realtek(R) Audio)
[2025.11.24-12.14.44:932][757]LogAudioMixer: Display: Initializing Sound Submixes...
[2025.11.24-12.14.44:932][757]LogAudioMixer: Display: Creating Master Submix 'MasterSubmixDefault'
[2025.11.24-12.14.44:932][757]LogAudioMixer: Display: Creating Master Submix 'MasterReverbSubmixDefault'
[2025.11.24-12.14.44:934][757]LogAudioMixer: Display: Creating Master Submix 'MasterEQSubmixDefault'
[2025.11.24-12.14.44:934][757]LogAudioMixer: FMixerPlatformXAudio2::StartAudioStream() called
[2025.11.24-12.14.44:934][757]LogAudioMixer: Display: Output buffers initialized: Frames=1024, Channels=2, Samples=2048
[2025.11.24-12.14.44:935][757]LogAudioMixer: Display: Starting AudioMixerPlatformInterface::RunInternal()
[2025.11.24-12.14.44:935][757]LogAudioMixer: Display: FMixerPlatformXAudio2::SubmitBuffer() called for the first time
[2025.11.24-12.14.44:935][757]LogInit: FAudioDevice initialized.
[2025.11.24-12.14.44:936][757]LogAudio: Display: Audio Device (ID: 17) registered with world 'MainMenu'.
[2025.11.24-12.14.44:993][757]LogSlate: Updating window title bar state: overlay mode, drag disabled, window buttons hidden, title bar hidden
[2025.11.24-12.14.44:993][757]LogLoad: Game class is 'GameMode'
[2025.11.24-12.14.44:994][757]LogWorld: Bringing World /Game/Mapas/Menu/UEDPIE_0_MainMenu.MainMenu up for play (max tick rate 60) at 2025.11.24-09.14.44
[2025.11.24-12.14.44:995][757]LogWorld: Bringing up level for play took: 0.000804
[2025.11.24-12.14.44:995][757]LogOnline: OSS: Creating online subsystem instance for: :Context_21
[2025.11.24-12.14.44:997][757]LogGameMode: FindPlayerStart: PATHS NOT DEFINED or NO PLAYERSTART with positive rating
[2025.11.24-12.14.44:998][757]LogGameMode: Display: Match State Changed from EnteringMap to WaitingToStart
[2025.11.24-12.14.44:998][757]LogGameState: Match State Changed from EnteringMap to WaitingToStart
[2025.11.24-12.14.44:998][757]LogGameMode: Display: Match State Changed from WaitingToStart to InProgress
[2025.11.24-12.14.44:999][757]LogGameState: Match State Changed from WaitingToStart to InProgress
[2025.11.24-12.14.45:000][757]PIE: Server logged in
[2025.11.24-12.14.45:001][757]PIE: Play in editor total start time 0.132 seconds.
[2025.11.24-12.14.45:030][758]LogRenderer: Reallocating scene render targets to support 1128x648 Format 10 NumSamples 1 (Frame:1).
[2025.11.24-12.14.53:925][290]LogGameMode: Display: Match State Changed from InProgress to LeavingMap
[2025.11.24-12.14.53:925][290]LogGameState: Match State Changed from InProgress to LeavingMap
[2025.11.24-12.14.53:925][290]LogNet: Browse: /Game/Mapas/Fases/MapaInicialAr/MapaInicial
[2025.11.24-12.14.53:925][290]LogLoad: LoadMap: /Game/Mapas/Fases/MapaInicialAr/MapaInicial
[2025.11.24-12.14.53:925][290]LogWorld: BeginTearingDown for /Game/Mapas/Menu/UEDPIE_0_MainMenu
[2025.11.24-12.14.53:926][290]LogWorld: UWorld::CleanupWorld for MainMenu, bSessionEnded=true, bCleanupResources=true
[2025.11.24-12.14.53:926][290]LogSlate: InvalidateAllWidgets triggered.  All widgets were invalidated
[2025.11.24-12.14.53:994][290]LogAudio: Display: Audio Device unregistered from world 'None'.
[2025.11.24-12.14.53:997][290]LogUObjectHash: Compacting FUObjectHashTables data took   3.01ms
[2025.11.24-12.14.54:010][290]LogAudio: Display: Audio Device (ID: 17) registered with world 'MapaInicial'.
[2025.11.24-12.14.54:011][290]LogAIModule: Creating AISystem for world MapaInicial
[2025.11.24-12.14.54:011][290]LogLoad: Game class is 'GameModeRL_C'
[2025.11.24-12.14.54:013][290]LogWorld: Bringing World /Game/Mapas/Fases/MapaInicialAr/UEDPIE_0_MapaInicial.MapaInicial up for play (max tick rate 60) at 2025.11.24-09.14.54
[2025.11.24-12.14.54:013][290]LogWorld: Bringing up level for play took: 0.001686
[2025.11.24-12.14.54:015][290]LogLoad: Took 0.089412 seconds to LoadMap(/Game/Mapas/Fases/MapaInicialAr/MapaInicial)
[2025.11.24-12.14.55:321][366]LogSlate: Updating window title bar state: overlay mode, drag disabled, window buttons hidden, title bar hidden
[2025.11.24-12.14.55:321][366]LogWorld: BeginTearingDown for /Game/Mapas/Fases/MapaInicialAr/UEDPIE_0_MapaInicial
[2025.11.24-12.14.55:322][366]LogSlate: Window 'ColunaDoendoSamurai Preview [NetMode: Standalone]  (64-bit/Windows) ' being destroyed
[2025.11.24-12.14.55:330][366]LogWorld: UWorld::CleanupWorld for MapaInicial, bSessionEnded=true, bCleanupResources=true
[2025.11.24-12.14.55:330][366]LogSlate: InvalidateAllWidgets triggered.  All widgets were invalidated
[2025.11.24-12.14.55:337][366]LogPlayLevel: Display: Shutting down PIE online subsystems
[2025.11.24-12.14.55:344][366]LogSlate: InvalidateAllWidgets triggered.  All widgets were invalidated
[2025.11.24-12.14.55:377][366]LogAudio: Display: Audio Device unregistered from world 'None'.
[2025.11.24-12.14.55:377][366]LogAudioMixer: FMixerPlatformXAudio2::StopAudioStream() called
[2025.11.24-12.14.55:379][366]LogAudioMixer: FMixerPlatformXAudio2::StopAudioStream() called
[2025.11.24-12.14.55:385][366]LogUObjectHash: Compacting FUObjectHashTables data took   2.86ms
[2025.11.24-12.14.55:408][367]LogPlayLevel: Display: Destroying online subsystem :Context_21
[2025.11.24-12.14.56:259][418]LogTemp: Repeating last play command: Selected Viewport
[2025.11.24-12.14.56:267][418]LogPlayLevel: PlayLevel: No blueprints needed recompiling
[2025.11.24-12.14.56:267][418]PIE: New page: PIE session: MainMenu (Nov 24, 2025, 6:14:56 AM)
[2025.11.24-12.14.56:267][418]LogPlayLevel: Creating play world package: /Game/Mapas/Menu/UEDPIE_0_MainMenu
[2025.11.24-12.14.56:270][418]LogPlayLevel: PIE: StaticDuplicateObject took: (0.002071s)
[2025.11.24-12.14.56:271][418]LogAIModule: Creating AISystem for world MainMenu
[2025.11.24-12.14.56:271][418]LogPlayLevel: PIE: World Init took: (0.001434s)
[2025.11.24-12.14.56:271][418]LogPlayLevel: PIE: Created PIE world by copying editor world from /Game/Mapas/Menu/MainMenu.MainMenu to /Game/Mapas/Menu/UEDPIE_0_MainMenu.MainMenu (0.003715s)
[2025.11.24-12.14.56:307][418]LogUObjectHash: Compacting FUObjectHashTables data took   2.79ms
[2025.11.24-12.14.56:307][418]LogAudio: Display: Creating Audio Device:                 Id: 18, Scope: Unique, Realtime: True
[2025.11.24-12.14.56:307][418]LogAudioMixer: Display: Audio Mixer Platform Settings:
[2025.11.24-12.14.56:307][418]LogAudioMixer: Display: 	Sample Rate:						  48000
[2025.11.24-12.14.56:307][418]LogAudioMixer: Display: 	Callback Buffer Frame Size Requested: 1024
[2025.11.24-12.14.56:307][418]LogAudioMixer: Display: 	Callback Buffer Frame Size To Use:	  1024
[2025.11.24-12.14.56:307][418]LogAudioMixer: Display: 	Number of buffers to queue:			  2
[2025.11.24-12.14.56:307][418]LogAudioMixer: Display: 	Max Channels (voices):				  32
[2025.11.24-12.14.56:307][418]LogAudioMixer: Display: 	Number of Async Source Workers:		  0
[2025.11.24-12.14.56:307][418]LogAudio: Display: AudioDevice MaxSources: 32
[2025.11.24-12.14.56:308][418]LogAudio: Display: Audio Spatialization Plugin: None (built-in).
[2025.11.24-12.14.56:308][418]LogAudio: Display: Audio Reverb Plugin: None (built-in).
[2025.11.24-12.14.56:308][418]LogAudio: Display: Audio Occlusion Plugin: None (built-in).
[2025.11.24-12.14.56:308][418]LogAudioMixer: Display: Initializing audio mixer.
[2025.11.24-12.14.56:314][418]LogAudioMixer: Display: 0: FrontLeft
[2025.11.24-12.14.56:314][418]LogAudioMixer: Display: 1: FrontRight
[2025.11.24-12.14.56:320][418]LogAudioMixer: Display: Using Audio Device Alto-falantes (Realtek(R) Audio)
[2025.11.24-12.14.56:322][418]LogAudioMixer: Display: Initializing Sound Submixes...
[2025.11.24-12.14.56:322][418]LogAudioMixer: Display: Creating Master Submix 'MasterSubmixDefault'
[2025.11.24-12.14.56:322][418]LogAudioMixer: Display: Creating Master Submix 'MasterReverbSubmixDefault'
[2025.11.24-12.14.56:322][418]LogAudioMixer: Display: Creating Master Submix 'MasterEQSubmixDefault'
[2025.11.24-12.14.56:322][418]LogAudioMixer: FMixerPlatformXAudio2::StartAudioStream() called
[2025.11.24-12.14.56:322][418]LogAudioMixer: Display: Output buffers initialized: Frames=1024, Channels=2, Samples=2048
[2025.11.24-12.14.56:324][418]LogAudioMixer: Display: Starting AudioMixerPlatformInterface::RunInternal()
[2025.11.24-12.14.56:324][418]LogAudioMixer: Display: FMixerPlatformXAudio2::SubmitBuffer() called for the first time
[2025.11.24-12.14.56:324][418]LogInit: FAudioDevice initialized.
[2025.11.24-12.14.56:324][418]LogAudio: Display: Audio Device (ID: 18) registered with world 'MainMenu'.
[2025.11.24-12.14.56:380][418]LogSlate: Updating window title bar state: overlay mode, drag disabled, window buttons hidden, title bar hidden
[2025.11.24-12.14.56:380][418]LogLoad: Game class is 'GameMode'
[2025.11.24-12.14.56:381][418]LogWorld: Bringing World /Game/Mapas/Menu/UEDPIE_0_MainMenu.MainMenu up for play (max tick rate 60) at 2025.11.24-09.14.56
[2025.11.24-12.14.56:381][418]LogWorld: Bringing up level for play took: 0.000706
[2025.11.24-12.14.56:381][418]LogOnline: OSS: Creating online subsystem instance for: :Context_22
[2025.11.24-12.14.56:384][418]LogGameMode: FindPlayerStart: PATHS NOT DEFINED or NO PLAYERSTART with positive rating
[2025.11.24-12.14.56:384][418]LogGameMode: Display: Match State Changed from EnteringMap to WaitingToStart
[2025.11.24-12.14.56:384][418]LogGameState: Match State Changed from EnteringMap to WaitingToStart
[2025.11.24-12.14.56:384][418]LogGameMode: Display: Match State Changed from WaitingToStart to InProgress
[2025.11.24-12.14.56:385][418]LogGameState: Match State Changed from WaitingToStart to InProgress
[2025.11.24-12.14.56:387][418]PIE: Server logged in
[2025.11.24-12.14.56:388][418]PIE: Play in editor total start time 0.123 seconds.
[2025.11.24-12.14.56:420][419]LogRenderer: Reallocating scene render targets to support 1128x652 Format 10 NumSamples 1 (Frame:1).
[2025.11.24-12.15.01:183][704]LogGameMode: Display: Match State Changed from InProgress to LeavingMap
[2025.11.24-12.15.01:183][704]LogGameState: Match State Changed from InProgress to LeavingMap
[2025.11.24-12.15.01:183][704]LogNet: Browse: /Game/Mapas/Fases/MapaInicialAr/MapaInicial
[2025.11.24-12.15.01:183][704]LogLoad: LoadMap: /Game/Mapas/Fases/MapaInicialAr/MapaInicial
[2025.11.24-12.15.01:183][704]LogWorld: BeginTearingDown for /Game/Mapas/Menu/UEDPIE_0_MainMenu
[2025.11.24-12.15.01:183][704]LogWorld: UWorld::CleanupWorld for MainMenu, bSessionEnded=true, bCleanupResources=true
[2025.11.24-12.15.01:183][704]LogSlate: InvalidateAllWidgets triggered.  All widgets were invalidated
[2025.11.24-12.15.01:242][704]LogAudio: Display: Audio Device unregistered from world 'None'.
[2025.11.24-12.15.01:245][704]LogUObjectHash: Compacting FUObjectHashTables data took   2.87ms
[2025.11.24-12.15.01:256][704]LogAudio: Display: Audio Device (ID: 18) registered with world 'MapaInicial'.
[2025.11.24-12.15.01:257][704]LogAIModule: Creating AISystem for world MapaInicial
[2025.11.24-12.15.01:257][704]LogLoad: Game class is 'GameModeRL_C'
[2025.11.24-12.15.01:260][704]LogWorld: Bringing World /Game/Mapas/Fases/MapaInicialAr/UEDPIE_0_MapaInicial.MapaInicial up for play (max tick rate 60) at 2025.11.24-09.15.01
[2025.11.24-12.15.01:260][704]LogWorld: Bringing up level for play took: 0.001711
[2025.11.24-12.15.01:262][704]LogLoad: Took 0.079825 seconds to LoadMap(/Game/Mapas/Fases/MapaInicialAr/MapaInicial)
[2025.11.24-12.15.05:391][950]LogSlate: Updating window title bar state: overlay mode, drag disabled, window buttons hidden, title bar hidden
[2025.11.24-12.15.05:391][950]LogWorld: BeginTearingDown for /Game/Mapas/Fases/MapaInicialAr/UEDPIE_0_MapaInicial
[2025.11.24-12.15.05:391][950]LogSlate: Window 'ColunaDoendoSamurai Preview [NetMode: Standalone]  (64-bit/Windows) ' being destroyed
[2025.11.24-12.15.05:400][950]LogWorld: UWorld::CleanupWorld for MapaInicial, bSessionEnded=true, bCleanupResources=true
[2025.11.24-12.15.05:400][950]LogSlate: InvalidateAllWidgets triggered.  All widgets were invalidated
[2025.11.24-12.15.05:411][950]LogPlayLevel: Display: Shutting down PIE online subsystems
[2025.11.24-12.15.05:418][950]LogSlate: InvalidateAllWidgets triggered.  All widgets were invalidated
[2025.11.24-12.15.05:449][950]LogAudioMixer: FMixerPlatformXAudio2::StopAudioStream() called
[2025.11.24-12.15.05:452][950]LogAudioMixer: FMixerPlatformXAudio2::StopAudioStream() called
[2025.11.24-12.15.05:459][950]LogUObjectHash: Compacting FUObjectHashTables data took   3.45ms
[2025.11.24-12.15.05:485][951]LogPlayLevel: Display: Destroying online subsystem :Context_22
[2025.11.24-12.15.41:026][179]BlueprintLog: New page: Compile MainMenuWid
[2025.11.24-12.15.41:072][179]LogUObjectHash: Compacting FUObjectHashTables data took   3.22ms
[2025.11.24-12.15.41:118][179]Cmd: OBJ SAVEPACKAGE PACKAGE="/Game/Mapas/Menu/MainMenuWid" FILE="E:/Unreal/Fumec_DevGames/Content/Mapas/Menu/MainMenuWid.uasset" SILENT=true
[2025.11.24-12.15.41:141][179]LogSavePackage: Moving 'E:/Unreal/Fumec_DevGames/Saved/MainMenuWidD59C5F95407344E656DB2B80790516B7.tmp' to 'E:/Unreal/Fumec_DevGames/Content/Mapas/Menu/MainMenuWid.uasset'
[2025.11.24-12.15.41:167][179]AssetCheck: New page: Asset Save: MainMenuWid
[2025.11.24-12.15.41:167][179]LogContentValidation: Display: Validating WidgetBlueprint /Game/Mapas/Menu/MainMenuWid.MainMenuWid
[2025.11.24-12.15.42:343][314]LogTemp: Repeating last play command: Selected Viewport
[2025.11.24-12.15.42:350][314]LogPlayLevel: PlayLevel: No blueprints needed recompiling
[2025.11.24-12.15.42:350][314]PIE: New page: PIE session: MainMenu (Nov 24, 2025, 6:15:42 AM)
[2025.11.24-12.15.42:350][314]LogPlayLevel: Creating play world package: /Game/Mapas/Menu/UEDPIE_0_MainMenu
[2025.11.24-12.15.42:352][314]LogPlayLevel: PIE: StaticDuplicateObject took: (0.001553s)
[2025.11.24-12.15.42:353][314]LogAIModule: Creating AISystem for world MainMenu
[2025.11.24-12.15.42:353][314]LogPlayLevel: PIE: World Init took: (0.001176s)
[2025.11.24-12.15.42:353][314]LogPlayLevel: PIE: Created PIE world by copying editor world from /Game/Mapas/Menu/MainMenu.MainMenu to /Game/Mapas/Menu/UEDPIE_0_MainMenu.MainMenu (0.002884s)
[2025.11.24-12.15.42:398][314]LogUObjectHash: Compacting FUObjectHashTables data took   4.36ms
[2025.11.24-12.15.42:399][314]LogAudio: Display: Creating Audio Device:                 Id: 19, Scope: Unique, Realtime: True
[2025.11.24-12.15.42:399][314]LogAudioMixer: Display: Audio Mixer Platform Settings:
[2025.11.24-12.15.42:399][314]LogAudioMixer: Display: 	Sample Rate:						  48000
[2025.11.24-12.15.42:399][314]LogAudioMixer: Display: 	Callback Buffer Frame Size Requested: 1024
[2025.11.24-12.15.42:399][314]LogAudioMixer: Display: 	Callback Buffer Frame Size To Use:	  1024
[2025.11.24-12.15.42:399][314]LogAudioMixer: Display: 	Number of buffers to queue:			  2
[2025.11.24-12.15.42:399][314]LogAudioMixer: Display: 	Max Channels (voices):				  32
[2025.11.24-12.15.42:399][314]LogAudioMixer: Display: 	Number of Async Source Workers:		  0
[2025.11.24-12.15.42:399][314]LogAudio: Display: AudioDevice MaxSources: 32
[2025.11.24-12.15.42:399][314]LogAudio: Display: Audio Spatialization Plugin: None (built-in).
[2025.11.24-12.15.42:400][314]LogAudio: Display: Audio Reverb Plugin: None (built-in).
[2025.11.24-12.15.42:400][314]LogAudio: Display: Audio Occlusion Plugin: None (built-in).
[2025.11.24-12.15.42:400][314]LogAudioMixer: Display: Initializing audio mixer.
[2025.11.24-12.15.42:405][314]LogAudioMixer: Display: 0: FrontLeft
[2025.11.24-12.15.42:405][314]LogAudioMixer: Display: 1: FrontRight
[2025.11.24-12.15.42:414][314]LogAudioMixer: Display: Using Audio Device Alto-falantes (Realtek(R) Audio)
[2025.11.24-12.15.42:414][314]LogAudioMixer: Display: Initializing Sound Submixes...
[2025.11.24-12.15.42:414][314]LogAudioMixer: Display: Creating Master Submix 'MasterSubmixDefault'
[2025.11.24-12.15.42:414][314]LogAudioMixer: Display: Creating Master Submix 'MasterReverbSubmixDefault'
[2025.11.24-12.15.42:415][314]LogAudioMixer: Display: Creating Master Submix 'MasterEQSubmixDefault'
[2025.11.24-12.15.42:415][314]LogAudioMixer: FMixerPlatformXAudio2::StartAudioStream() called
[2025.11.24-12.15.42:415][314]LogAudioMixer: Display: Output buffers initialized: Frames=1024, Channels=2, Samples=2048
[2025.11.24-12.15.42:416][314]LogAudioMixer: Display: Starting AudioMixerPlatformInterface::RunInternal()
[2025.11.24-12.15.42:416][314]LogAudioMixer: Display: FMixerPlatformXAudio2::SubmitBuffer() called for the first time
[2025.11.24-12.15.42:416][314]LogInit: FAudioDevice initialized.
[2025.11.24-12.15.42:416][314]LogAudio: Display: Audio Device (ID: 19) registered with world 'MainMenu'.
[2025.11.24-12.15.42:463][314]LogSlate: Updating window title bar state: overlay mode, drag disabled, window buttons hidden, title bar hidden
[2025.11.24-12.15.42:463][314]LogLoad: Game class is 'GameMode'
[2025.11.24-12.15.42:464][314]LogWorld: Bringing World /Game/Mapas/Menu/UEDPIE_0_MainMenu.MainMenu up for play (max tick rate 0) at 2025.11.24-09.15.42
[2025.11.24-12.15.42:465][314]LogWorld: Bringing up level for play took: 0.000804
[2025.11.24-12.15.42:465][314]LogOnline: OSS: Creating online subsystem instance for: :Context_23
[2025.11.24-12.15.42:467][314]LogGameMode: FindPlayerStart: PATHS NOT DEFINED or NO PLAYERSTART with positive rating
[2025.11.24-12.15.42:468][314]LogGameMode: Display: Match State Changed from EnteringMap to WaitingToStart
[2025.11.24-12.15.42:468][314]LogGameState: Match State Changed from EnteringMap to WaitingToStart
[2025.11.24-12.15.42:468][314]LogGameMode: Display: Match State Changed from WaitingToStart to InProgress
[2025.11.24-12.15.42:469][314]LogGameState: Match State Changed from WaitingToStart to InProgress
[2025.11.24-12.15.42:470][314]PIE: Server logged in
[2025.11.24-12.15.42:473][314]PIE: Play in editor total start time 0.123 seconds.
[2025.11.24-12.15.42:508][315]LogRenderer: Reallocating scene render targets to support 1128x660 Format 10 NumSamples 1 (Frame:1).
[2025.11.24-12.15.45:790][697]LogSlate: Updating window title bar state: overlay mode, drag disabled, window buttons hidden, title bar hidden
[2025.11.24-12.15.45:790][697]LogWorld: BeginTearingDown for /Game/Mapas/Menu/UEDPIE_0_MainMenu
[2025.11.24-12.15.45:791][697]LogSlate: Window 'ColunaDoendoSamurai Preview [NetMode: Standalone]  (64-bit/Windows) ' being destroyed
[2025.11.24-12.15.45:798][697]LogWorld: UWorld::CleanupWorld for MainMenu, bSessionEnded=true, bCleanupResources=true
[2025.11.24-12.15.45:798][697]LogSlate: InvalidateAllWidgets triggered.  All widgets were invalidated
[2025.11.24-12.15.45:809][697]LogPlayLevel: Display: Shutting down PIE online subsystems
[2025.11.24-12.15.45:816][697]LogSlate: InvalidateAllWidgets triggered.  All widgets were invalidated
[2025.11.24-12.15.45:848][697]LogAudio: Display: Audio Device unregistered from world 'None'.
[2025.11.24-12.15.45:848][697]LogAudioMixer: FMixerPlatformXAudio2::StopAudioStream() called
[2025.11.24-12.15.45:849][697]LogAudioMixer: FMixerPlatformXAudio2::StopAudioStream() called
[2025.11.24-12.15.45:856][697]LogUObjectHash: Compacting FUObjectHashTables data took   3.30ms
[2025.11.24-12.15.45:884][698]LogPlayLevel: Display: Destroying online subsystem :Context_23
[2025.11.24-12.15.47:327][855]LogTemp: Repeating last play command: Selected Viewport
[2025.11.24-12.15.47:335][855]LogPlayLevel: PlayLevel: No blueprints needed recompiling
[2025.11.24-12.15.47:335][855]PIE: New page: PIE session: MainMenu (Nov 24, 2025, 6:15:47 AM)
[2025.11.24-12.15.47:335][855]LogPlayLevel: Creating play world package: /Game/Mapas/Menu/UEDPIE_0_MainMenu
[2025.11.24-12.15.47:337][855]LogPlayLevel: PIE: StaticDuplicateObject took: (0.001580s)
[2025.11.24-12.15.47:338][855]LogAIModule: Creating AISystem for world MainMenu
[2025.11.24-12.15.47:338][855]LogPlayLevel: PIE: World Init took: (0.001148s)
[2025.11.24-12.15.47:339][855]LogPlayLevel: PIE: Created PIE world by copying editor world from /Game/Mapas/Menu/MainMenu.MainMenu to /Game/Mapas/Menu/UEDPIE_0_MainMenu.MainMenu (0.002889s)
[2025.11.24-12.15.47:375][855]LogUObjectHash: Compacting FUObjectHashTables data took   3.42ms
[2025.11.24-12.15.47:375][855]LogAudio: Display: Creating Audio Device:                 Id: 20, Scope: Unique, Realtime: True
[2025.11.24-12.15.47:375][855]LogAudioMixer: Display: Audio Mixer Platform Settings:
[2025.11.24-12.15.47:375][855]LogAudioMixer: Display: 	Sample Rate:						  48000
[2025.11.24-12.15.47:375][855]LogAudioMixer: Display: 	Callback Buffer Frame Size Requested: 1024
[2025.11.24-12.15.47:375][855]LogAudioMixer: Display: 	Callback Buffer Frame Size To Use:	  1024
[2025.11.24-12.15.47:376][855]LogAudioMixer: Display: 	Number of buffers to queue:			  2
[2025.11.24-12.15.47:376][855]LogAudioMixer: Display: 	Max Channels (voices):				  32
[2025.11.24-12.15.47:376][855]LogAudioMixer: Display: 	Number of Async Source Workers:		  0
[2025.11.24-12.15.47:376][855]LogAudio: Display: AudioDevice MaxSources: 32
[2025.11.24-12.15.47:376][855]LogAudio: Display: Audio Spatialization Plugin: None (built-in).
[2025.11.24-12.15.47:376][855]LogAudio: Display: Audio Reverb Plugin: None (built-in).
[2025.11.24-12.15.47:376][855]LogAudio: Display: Audio Occlusion Plugin: None (built-in).
[2025.11.24-12.15.47:376][855]LogAudioMixer: Display: Initializing audio mixer.
[2025.11.24-12.15.47:382][855]LogAudioMixer: Display: 0: FrontLeft
[2025.11.24-12.15.47:382][855]LogAudioMixer: Display: 1: FrontRight
[2025.11.24-12.15.47:391][855]LogAudioMixer: Display: Using Audio Device Alto-falantes (Realtek(R) Audio)
[2025.11.24-12.15.47:391][855]LogAudioMixer: Display: Initializing Sound Submixes...
[2025.11.24-12.15.47:391][855]LogAudioMixer: Display: Creating Master Submix 'MasterSubmixDefault'
[2025.11.24-12.15.47:391][855]LogAudioMixer: Display: Creating Master Submix 'MasterReverbSubmixDefault'
[2025.11.24-12.15.47:392][855]LogAudioMixer: Display: Creating Master Submix 'MasterEQSubmixDefault'
[2025.11.24-12.15.47:392][855]LogAudioMixer: FMixerPlatformXAudio2::StartAudioStream() called
[2025.11.24-12.15.47:392][855]LogAudioMixer: Display: Output buffers initialized: Frames=1024, Channels=2, Samples=2048
[2025.11.24-12.15.47:393][855]LogAudioMixer: Display: Starting AudioMixerPlatformInterface::RunInternal()
[2025.11.24-12.15.47:393][855]LogAudioMixer: Display: FMixerPlatformXAudio2::SubmitBuffer() called for the first time
[2025.11.24-12.15.47:393][855]LogInit: FAudioDevice initialized.
[2025.11.24-12.15.47:393][855]LogAudio: Display: Audio Device (ID: 20) registered with world 'MainMenu'.
[2025.11.24-12.15.47:449][855]LogSlate: Updating window title bar state: overlay mode, drag disabled, window buttons hidden, title bar hidden
[2025.11.24-12.15.47:449][855]LogLoad: Game class is 'GameMode'
[2025.11.24-12.15.47:451][855]LogWorld: Bringing World /Game/Mapas/Menu/UEDPIE_0_MainMenu.MainMenu up for play (max tick rate 0) at 2025.11.24-09.15.47
[2025.11.24-12.15.47:451][855]LogWorld: Bringing up level for play took: 0.000672
[2025.11.24-12.15.47:451][855]LogOnline: OSS: Creating online subsystem instance for: :Context_24
[2025.11.24-12.15.47:453][855]LogGameMode: FindPlayerStart: PATHS NOT DEFINED or NO PLAYERSTART with positive rating
[2025.11.24-12.15.47:454][855]LogGameMode: Display: Match State Changed from EnteringMap to WaitingToStart
[2025.11.24-12.15.47:454][855]LogGameState: Match State Changed from EnteringMap to WaitingToStart
[2025.11.24-12.15.47:454][855]LogGameMode: Display: Match State Changed from WaitingToStart to InProgress
[2025.11.24-12.15.47:455][855]LogGameState: Match State Changed from WaitingToStart to InProgress
[2025.11.24-12.15.47:456][855]PIE: Server logged in
[2025.11.24-12.15.47:457][855]PIE: Play in editor total start time 0.124 seconds.
[2025.11.24-12.15.47:494][856]LogRenderer: Reallocating scene render targets to support 1128x668 Format 10 NumSamples 1 (Frame:1).
[2025.11.24-12.15.54:801][722]LogSlate: Updating window title bar state: overlay mode, drag disabled, window buttons hidden, title bar hidden
[2025.11.24-12.15.54:801][722]LogWorld: BeginTearingDown for /Game/Mapas/Menu/UEDPIE_0_MainMenu
[2025.11.24-12.15.54:801][722]LogSlate: Window 'ColunaDoendoSamurai Preview [NetMode: Standalone]  (64-bit/Windows) ' being destroyed
[2025.11.24-12.15.54:809][722]LogWorld: UWorld::CleanupWorld for MainMenu, bSessionEnded=true, bCleanupResources=true
[2025.11.24-12.15.54:809][722]LogSlate: InvalidateAllWidgets triggered.  All widgets were invalidated
[2025.11.24-12.15.54:821][722]LogPlayLevel: Display: Shutting down PIE online subsystems
[2025.11.24-12.15.54:828][722]LogSlate: InvalidateAllWidgets triggered.  All widgets were invalidated
[2025.11.24-12.15.54:861][722]LogAudio: Display: Audio Device unregistered from world 'None'.
[2025.11.24-12.15.54:862][722]LogAudioMixer: FMixerPlatformXAudio2::StopAudioStream() called
[2025.11.24-12.15.54:863][722]LogAudioMixer: FMixerPlatformXAudio2::StopAudioStream() called
[2025.11.24-12.15.54:870][722]LogUObjectHash: Compacting FUObjectHashTables data took   3.28ms
[2025.11.24-12.15.54:894][723]LogPlayLevel: Display: Destroying online subsystem :Context_24
[2025.11.24-12.16.02:403][572]LogSlate: The tab "SequencerGraphEditor" attempted to spawn in layout 'WidgetBlueprintEditor_Designer_Layout_v4_1' but failed for some reason. An "unrecognized tab" will be returned instead.
[2025.11.24-12.16.05:116][868]LogSlate: Window 'SequencerGraphEditor' being destroyed
[2025.11.24-12.16.05:125][868]LogSlate: Window 'SequencerGraphEditor' being destroyed
[2025.11.24-12.16.49:675][ 44]Cmd: OBJ SAVEPACKAGE PACKAGE="/Game/Mapas/Menu/MainMenuWid" FILE="E:/Unreal/Fumec_DevGames/Content/Mapas/Menu/MainMenuWid.uasset" SILENT=true
[2025.11.24-12.16.49:700][ 44]LogSavePackage: Moving 'E:/Unreal/Fumec_DevGames/Saved/MainMenuWid001A32B045C702FDE5C5EC9DC017E3DF.tmp' to 'E:/Unreal/Fumec_DevGames/Content/Mapas/Menu/MainMenuWid.uasset'
[2025.11.24-12.16.49:723][ 44]AssetCheck: New page: Asset Save: MainMenuWid
[2025.11.24-12.16.49:723][ 44]LogContentValidation: Display: Validating WidgetBlueprint /Game/Mapas/Menu/MainMenuWid.MainMenuWid
[2025.11.24-12.16.52:352][334]LogTemp: Repeating last play command: Selected Viewport
[2025.11.24-12.16.52:362][334]LogPlayLevel: PlayLevel: No blueprints needed recompiling
[2025.11.24-12.16.52:363][334]PIE: New page: PIE session: MainMenu (Nov 24, 2025, 6:16:52 AM)
[2025.11.24-12.16.52:363][334]LogPlayLevel: Creating play world package: /Game/Mapas/Menu/UEDPIE_0_MainMenu
[2025.11.24-12.16.52:364][334]LogPlayLevel: PIE: StaticDuplicateObject took: (0.001737s)
[2025.11.24-12.16.52:365][334]LogAIModule: Creating AISystem for world MainMenu
[2025.11.24-12.16.52:366][334]LogPlayLevel: PIE: World Init took: (0.001419s)
[2025.11.24-12.16.52:366][334]LogPlayLevel: PIE: Created PIE world by copying editor world from /Game/Mapas/Menu/MainMenu.MainMenu to /Game/Mapas/Menu/UEDPIE_0_MainMenu.MainMenu (0.003379s)
[2025.11.24-12.16.52:410][334]LogUObjectHash: Compacting FUObjectHashTables data took   3.86ms
[2025.11.24-12.16.52:413][334]LogAudio: Display: Creating Audio Device:                 Id: 21, Scope: Unique, Realtime: True
[2025.11.24-12.16.52:414][334]LogAudioMixer: Display: Audio Mixer Platform Settings:
[2025.11.24-12.16.52:414][334]LogAudioMixer: Display: 	Sample Rate:						  48000
[2025.11.24-12.16.52:414][334]LogAudioMixer: Display: 	Callback Buffer Frame Size Requested: 1024
[2025.11.24-12.16.52:414][334]LogAudioMixer: Display: 	Callback Buffer Frame Size To Use:	  1024
[2025.11.24-12.16.52:414][334]LogAudioMixer: Display: 	Number of buffers to queue:			  2
[2025.11.24-12.16.52:414][334]LogAudioMixer: Display: 	Max Channels (voices):				  32
[2025.11.24-12.16.52:414][334]LogAudioMixer: Display: 	Number of Async Source Workers:		  0
[2025.11.24-12.16.52:414][334]LogAudio: Display: AudioDevice MaxSources: 32
[2025.11.24-12.16.52:414][334]LogAudio: Display: Audio Spatialization Plugin: None (built-in).
[2025.11.24-12.16.52:414][334]LogAudio: Display: Audio Reverb Plugin: None (built-in).
[2025.11.24-12.16.52:414][334]LogAudio: Display: Audio Occlusion Plugin: None (built-in).
[2025.11.24-12.16.52:414][334]LogAudioMixer: Display: Initializing audio mixer.
[2025.11.24-12.16.52:420][334]LogAudioMixer: Display: 0: FrontLeft
[2025.11.24-12.16.52:420][334]LogAudioMixer: Display: 1: FrontRight
[2025.11.24-12.16.52:430][334]LogAudioMixer: Display: Using Audio Device Alto-falantes (Realtek(R) Audio)
[2025.11.24-12.16.52:430][334]LogAudioMixer: Display: Initializing Sound Submixes...
[2025.11.24-12.16.52:430][334]LogAudioMixer: Display: Creating Master Submix 'MasterSubmixDefault'
[2025.11.24-12.16.52:430][334]LogAudioMixer: Display: Creating Master Submix 'MasterReverbSubmixDefault'
[2025.11.24-12.16.52:431][334]LogAudioMixer: Display: Creating Master Submix 'MasterEQSubmixDefault'
[2025.11.24-12.16.52:431][334]LogAudioMixer: FMixerPlatformXAudio2::StartAudioStream() called
[2025.11.24-12.16.52:431][334]LogAudioMixer: Display: Output buffers initialized: Frames=1024, Channels=2, Samples=2048
[2025.11.24-12.16.52:433][334]LogAudioMixer: Display: Starting AudioMixerPlatformInterface::RunInternal()
[2025.11.24-12.16.52:433][334]LogAudioMixer: Display: FMixerPlatformXAudio2::SubmitBuffer() called for the first time
[2025.11.24-12.16.52:433][334]LogInit: FAudioDevice initialized.
[2025.11.24-12.16.52:433][334]LogAudio: Display: Audio Device (ID: 21) registered with world 'MainMenu'.
[2025.11.24-12.16.52:489][334]LogSlate: Updating window title bar state: overlay mode, drag disabled, window buttons hidden, title bar hidden
[2025.11.24-12.16.52:489][334]LogLoad: Game class is 'GameMode'
[2025.11.24-12.16.52:491][334]LogWorld: Bringing World /Game/Mapas/Menu/UEDPIE_0_MainMenu.MainMenu up for play (max tick rate 0) at 2025.11.24-09.16.52
[2025.11.24-12.16.52:492][334]LogWorld: Bringing up level for play took: 0.000672
[2025.11.24-12.16.52:492][334]LogOnline: OSS: Creating online subsystem instance for: :Context_25
[2025.11.24-12.16.52:494][334]LogGameMode: FindPlayerStart: PATHS NOT DEFINED or NO PLAYERSTART with positive rating
[2025.11.24-12.16.52:495][334]LogGameMode: Display: Match State Changed from EnteringMap to WaitingToStart
[2025.11.24-12.16.52:495][334]LogGameState: Match State Changed from EnteringMap to WaitingToStart
[2025.11.24-12.16.52:495][334]LogGameMode: Display: Match State Changed from WaitingToStart to InProgress
[2025.11.24-12.16.52:496][334]LogGameState: Match State Changed from WaitingToStart to InProgress
[2025.11.24-12.16.52:498][334]PIE: Server logged in
[2025.11.24-12.16.52:499][334]PIE: Play in editor total start time 0.139 seconds.
[2025.11.24-12.16.52:534][335]LogRenderer: Reallocating scene render targets to support 1128x672 Format 10 NumSamples 1 (Frame:1).
[2025.11.24-12.16.59:880][192]LogSlate: Updating window title bar state: overlay mode, drag disabled, window buttons hidden, title bar hidden
[2025.11.24-12.16.59:880][192]LogWorld: BeginTearingDown for /Game/Mapas/Menu/UEDPIE_0_MainMenu
[2025.11.24-12.16.59:880][192]LogSlate: Window 'ColunaDoendoSamurai Preview [NetMode: Standalone]  (64-bit/Windows) ' being destroyed
[2025.11.24-12.16.59:886][192]LogWorld: UWorld::CleanupWorld for MainMenu, bSessionEnded=true, bCleanupResources=true
[2025.11.24-12.16.59:886][192]LogSlate: InvalidateAllWidgets triggered.  All widgets were invalidated
[2025.11.24-12.16.59:895][192]LogPlayLevel: Display: Shutting down PIE online subsystems
[2025.11.24-12.16.59:901][192]LogSlate: InvalidateAllWidgets triggered.  All widgets were invalidated
[2025.11.24-12.16.59:934][192]LogAudio: Display: Audio Device unregistered from world 'None'.
[2025.11.24-12.16.59:935][192]LogAudioMixer: FMixerPlatformXAudio2::StopAudioStream() called
[2025.11.24-12.16.59:936][192]LogAudioMixer: FMixerPlatformXAudio2::StopAudioStream() called
[2025.11.24-12.16.59:942][192]LogUObjectHash: Compacting FUObjectHashTables data took   3.03ms
[2025.11.24-12.16.59:961][193]LogPlayLevel: Display: Destroying online subsystem :Context_25
[2025.11.24-12.17.51:699][954]BlueprintLog: New page: Compile MainMenuWid
[2025.11.24-12.17.51:752][954]LogUObjectHash: Compacting FUObjectHashTables data took   3.82ms
[2025.11.24-12.17.51:800][954]Cmd: OBJ SAVEPACKAGE PACKAGE="/Game/Mapas/Menu/MainMenuWid" FILE="E:/Unreal/Fumec_DevGames/Content/Mapas/Menu/MainMenuWid.uasset" SILENT=true
[2025.11.24-12.17.51:822][954]LogSavePackage: Moving 'E:/Unreal/Fumec_DevGames/Saved/MainMenuWid97A925BA4ACB513A8D94CEB1D74E54E6.tmp' to 'E:/Unreal/Fumec_DevGames/Content/Mapas/Menu/MainMenuWid.uasset'
[2025.11.24-12.17.51:845][954]AssetCheck: New page: Asset Save: MainMenuWid
[2025.11.24-12.17.51:846][954]LogContentValidation: Display: Validating WidgetBlueprint /Game/Mapas/Menu/MainMenuWid.MainMenuWid
[2025.11.24-12.17.52:912][ 62]LogSlate: The tab "SequencerGraphEditor" attempted to spawn in layout 'WidgetBlueprintEditor_Designer_Layout_v4_1' but failed for some reason. An "unrecognized tab" will be returned instead.
[2025.11.24-12.17.55:327][336]LogSlate: Window 'SequencerGraphEditor' being destroyed
[2025.11.24-12.17.55:334][336]LogSlate: Window 'SequencerGraphEditor' being destroyed
[2025.11.24-12.18.02:086][ 98]Cmd: OBJ SAVEPACKAGE PACKAGE="/Game/Mapas/Menu/MainMenuWid" FILE="E:/Unreal/Fumec_DevGames/Content/Mapas/Menu/MainMenuWid.uasset" SILENT=true
[2025.11.24-12.18.02:109][ 98]LogSavePackage: Moving 'E:/Unreal/Fumec_DevGames/Saved/MainMenuWidAED66DF94CA47225F3DC8895C1D79771.tmp' to 'E:/Unreal/Fumec_DevGames/Content/Mapas/Menu/MainMenuWid.uasset'
[2025.11.24-12.18.02:130][ 98]AssetCheck: New page: Asset Save: MainMenuWid
[2025.11.24-12.18.02:130][ 98]LogContentValidation: Display: Validating WidgetBlueprint /Game/Mapas/Menu/MainMenuWid.MainMenuWid
[2025.11.24-12.18.05:546][477]LogTemp: Repeating last play command: Selected Viewport
[2025.11.24-12.18.05:556][477]LogPlayLevel: PlayLevel: No blueprints needed recompiling
[2025.11.24-12.18.05:556][477]PIE: New page: PIE session: MainMenu (Nov 24, 2025, 6:18:05 AM)
[2025.11.24-12.18.05:556][477]LogPlayLevel: Creating play world package: /Game/Mapas/Menu/UEDPIE_0_MainMenu
[2025.11.24-12.18.05:558][477]LogPlayLevel: PIE: StaticDuplicateObject took: (0.001658s)
[2025.11.24-12.18.05:559][477]LogAIModule: Creating AISystem for world MainMenu
[2025.11.24-12.18.05:560][477]LogPlayLevel: PIE: World Init took: (0.001456s)
[2025.11.24-12.18.05:560][477]LogPlayLevel: PIE: Created PIE world by copying editor world from /Game/Mapas/Menu/MainMenu.MainMenu to /Game/Mapas/Menu/UEDPIE_0_MainMenu.MainMenu (0.003325s)
[2025.11.24-12.18.05:603][477]LogUObjectHash: Compacting FUObjectHashTables data took   4.61ms
[2025.11.24-12.18.05:604][477]LogAudio: Display: Creating Audio Device:                 Id: 22, Scope: Unique, Realtime: True
[2025.11.24-12.18.05:604][477]LogAudioMixer: Display: Audio Mixer Platform Settings:
[2025.11.24-12.18.05:604][477]LogAudioMixer: Display: 	Sample Rate:						  48000
[2025.11.24-12.18.05:604][477]LogAudioMixer: Display: 	Callback Buffer Frame Size Requested: 1024
[2025.11.24-12.18.05:605][477]LogAudioMixer: Display: 	Callback Buffer Frame Size To Use:	  1024
[2025.11.24-12.18.05:605][477]LogAudioMixer: Display: 	Number of buffers to queue:			  2
[2025.11.24-12.18.05:605][477]LogAudioMixer: Display: 	Max Channels (voices):				  32
[2025.11.24-12.18.05:605][477]LogAudioMixer: Display: 	Number of Async Source Workers:		  0
[2025.11.24-12.18.05:605][477]LogAudio: Display: AudioDevice MaxSources: 32
[2025.11.24-12.18.05:605][477]LogAudio: Display: Audio Spatialization Plugin: None (built-in).
[2025.11.24-12.18.05:605][477]LogAudio: Display: Audio Reverb Plugin: None (built-in).
[2025.11.24-12.18.05:605][477]LogAudio: Display: Audio Occlusion Plugin: None (built-in).
[2025.11.24-12.18.05:605][477]LogAudioMixer: Display: Initializing audio mixer.
[2025.11.24-12.18.05:611][477]LogAudioMixer: Display: 0: FrontLeft
[2025.11.24-12.18.05:611][477]LogAudioMixer: Display: 1: FrontRight
[2025.11.24-12.18.05:620][477]LogAudioMixer: Display: Using Audio Device Alto-falantes (Realtek(R) Audio)
[2025.11.24-12.18.05:621][477]LogAudioMixer: Display: Initializing Sound Submixes...
[2025.11.24-12.18.05:621][477]LogAudioMixer: Display: Creating Master Submix 'MasterSubmixDefault'
[2025.11.24-12.18.05:621][477]LogAudioMixer: Display: Creating Master Submix 'MasterReverbSubmixDefault'
[2025.11.24-12.18.05:621][477]LogAudioMixer: Display: Creating Master Submix 'MasterEQSubmixDefault'
[2025.11.24-12.18.05:621][477]LogAudioMixer: FMixerPlatformXAudio2::StartAudioStream() called
[2025.11.24-12.18.05:621][477]LogAudioMixer: Display: Output buffers initialized: Frames=1024, Channels=2, Samples=2048
[2025.11.24-12.18.05:623][477]LogAudioMixer: Display: Starting AudioMixerPlatformInterface::RunInternal()
[2025.11.24-12.18.05:623][477]LogAudioMixer: Display: FMixerPlatformXAudio2::SubmitBuffer() called for the first time
[2025.11.24-12.18.05:623][477]LogInit: FAudioDevice initialized.
[2025.11.24-12.18.05:623][477]LogAudio: Display: Audio Device (ID: 22) registered with world 'MainMenu'.
[2025.11.24-12.18.05:683][477]LogSlate: Updating window title bar state: overlay mode, drag disabled, window buttons hidden, title bar hidden
[2025.11.24-12.18.05:683][477]LogLoad: Game class is 'GameMode'
[2025.11.24-12.18.05:684][477]LogWorld: Bringing World /Game/Mapas/Menu/UEDPIE_0_MainMenu.MainMenu up for play (max tick rate 0) at 2025.11.24-09.18.05
[2025.11.24-12.18.05:685][477]LogWorld: Bringing up level for play took: 0.000649
[2025.11.24-12.18.05:685][477]LogOnline: OSS: Creating online subsystem instance for: :Context_26
[2025.11.24-12.18.05:686][477]LogGameMode: FindPlayerStart: PATHS NOT DEFINED or NO PLAYERSTART with positive rating
[2025.11.24-12.18.05:688][477]LogGameMode: Display: Match State Changed from EnteringMap to WaitingToStart
[2025.11.24-12.18.05:688][477]LogGameState: Match State Changed from EnteringMap to WaitingToStart
[2025.11.24-12.18.05:688][477]LogGameMode: Display: Match State Changed from WaitingToStart to InProgress
[2025.11.24-12.18.05:689][477]LogGameState: Match State Changed from WaitingToStart to InProgress
[2025.11.24-12.18.05:691][477]PIE: Server logged in
[2025.11.24-12.18.05:692][477]PIE: Play in editor total start time 0.137 seconds.
[2025.11.24-12.18.05:728][478]LogRenderer: Reallocating scene render targets to support 1128x680 Format 10 NumSamples 1 (Frame:1).
[2025.11.24-12.18.12:545][278]LogGameMode: Display: Match State Changed from InProgress to LeavingMap
[2025.11.24-12.18.12:545][278]LogGameState: Match State Changed from InProgress to LeavingMap
[2025.11.24-12.18.12:545][278]LogNet: Browse: /Game/Mapas/Fases/MapaInicialAr/MapaInicial
[2025.11.24-12.18.12:546][278]LogLoad: LoadMap: /Game/Mapas/Fases/MapaInicialAr/MapaInicial
[2025.11.24-12.18.12:546][278]LogWorld: BeginTearingDown for /Game/Mapas/Menu/UEDPIE_0_MainMenu
[2025.11.24-12.18.12:546][278]LogWorld: UWorld::CleanupWorld for MainMenu, bSessionEnded=true, bCleanupResources=true
[2025.11.24-12.18.12:546][278]LogSlate: InvalidateAllWidgets triggered.  All widgets were invalidated
[2025.11.24-12.18.12:610][278]LogAudio: Display: Audio Device unregistered from world 'None'.
[2025.11.24-12.18.12:615][278]LogUObjectHash: Compacting FUObjectHashTables data took   3.57ms
[2025.11.24-12.18.12:628][278]LogAudio: Display: Audio Device (ID: 22) registered with world 'MapaInicial'.
[2025.11.24-12.18.12:629][278]LogAIModule: Creating AISystem for world MapaInicial
[2025.11.24-12.18.12:629][278]LogLoad: Game class is 'GameModeRL_C'
[2025.11.24-12.18.12:631][278]LogWorld: Bringing World /Game/Mapas/Fases/MapaInicialAr/UEDPIE_0_MapaInicial.MapaInicial up for play (max tick rate 0) at 2025.11.24-09.18.12
[2025.11.24-12.18.12:631][278]LogWorld: Bringing up level for play took: 0.001620
[2025.11.24-12.18.12:633][278]LogLoad: Took 0.087808 seconds to LoadMap(/Game/Mapas/Fases/MapaInicialAr/MapaInicial)
[2025.11.24-12.18.14:010][425]LogSlate: Updating window title bar state: overlay mode, drag disabled, window buttons hidden, title bar hidden
[2025.11.24-12.18.14:010][425]LogWorld: BeginTearingDown for /Game/Mapas/Fases/MapaInicialAr/UEDPIE_0_MapaInicial
[2025.11.24-12.18.14:010][425]LogSlate: Window 'ColunaDoendoSamurai Preview [NetMode: Standalone]  (64-bit/Windows) ' being destroyed
[2025.11.24-12.18.14:015][425]LogWorld: UWorld::CleanupWorld for MapaInicial, bSessionEnded=true, bCleanupResources=true
[2025.11.24-12.18.14:016][425]LogSlate: InvalidateAllWidgets triggered.  All widgets were invalidated
[2025.11.24-12.18.14:027][425]LogPlayLevel: Display: Shutting down PIE online subsystems
[2025.11.24-12.18.14:033][425]LogSlate: InvalidateAllWidgets triggered.  All widgets were invalidated
[2025.11.24-12.18.14:068][425]LogAudio: Display: Audio Device unregistered from world 'None'.
[2025.11.24-12.18.14:068][425]LogAudioMixer: FMixerPlatformXAudio2::StopAudioStream() called
[2025.11.24-12.18.14:070][425]LogAudioMixer: FMixerPlatformXAudio2::StopAudioStream() called
[2025.11.24-12.18.14:075][425]LogUObjectHash: Compacting FUObjectHashTables data took   2.97ms
[2025.11.24-12.18.14:094][426]LogPlayLevel: Display: Destroying online subsystem :Context_26
[2025.11.24-12.18.25:986][851]LogTemp: Repeating last play command: Selected Viewport
[2025.11.24-12.18.25:994][851]LogPlayLevel: PlayLevel: No blueprints needed recompiling
[2025.11.24-12.18.25:994][851]PIE: New page: PIE session: MainMenu (Nov 24, 2025, 6:18:25 AM)
[2025.11.24-12.18.25:994][851]LogPlayLevel: Creating play world package: /Game/Mapas/Menu/UEDPIE_0_MainMenu
[2025.11.24-12.18.25:996][851]LogPlayLevel: PIE: StaticDuplicateObject took: (0.001763s)
[2025.11.24-12.18.25:996][851]LogAIModule: Creating AISystem for world MainMenu
[2025.11.24-12.18.25:997][851]LogPlayLevel: PIE: World Init took: (0.001236s)
[2025.11.24-12.18.25:997][851]LogPlayLevel: PIE: Created PIE world by copying editor world from /Game/Mapas/Menu/MainMenu.MainMenu to /Game/Mapas/Menu/UEDPIE_0_MainMenu.MainMenu (0.003156s)
[2025.11.24-12.18.26:032][851]LogUObjectHash: Compacting FUObjectHashTables data took   2.87ms
[2025.11.24-12.18.26:033][851]LogAudio: Display: Creating Audio Device:                 Id: 23, Scope: Unique, Realtime: True
[2025.11.24-12.18.26:033][851]LogAudioMixer: Display: Audio Mixer Platform Settings:
[2025.11.24-12.18.26:033][851]LogAudioMixer: Display: 	Sample Rate:						  48000
[2025.11.24-12.18.26:033][851]LogAudioMixer: Display: 	Callback Buffer Frame Size Requested: 1024
[2025.11.24-12.18.26:033][851]LogAudioMixer: Display: 	Callback Buffer Frame Size To Use:	  1024
[2025.11.24-12.18.26:033][851]LogAudioMixer: Display: 	Number of buffers to queue:			  2
[2025.11.24-12.18.26:033][851]LogAudioMixer: Display: 	Max Channels (voices):				  32
[2025.11.24-12.18.26:033][851]LogAudioMixer: Display: 	Number of Async Source Workers:		  0
[2025.11.24-12.18.26:033][851]LogAudio: Display: AudioDevice MaxSources: 32
[2025.11.24-12.18.26:034][851]LogAudio: Display: Audio Spatialization Plugin: None (built-in).
[2025.11.24-12.18.26:034][851]LogAudio: Display: Audio Reverb Plugin: None (built-in).
[2025.11.24-12.18.26:034][851]LogAudio: Display: Audio Occlusion Plugin: None (built-in).
[2025.11.24-12.18.26:034][851]LogAudioMixer: Display: Initializing audio mixer.
[2025.11.24-12.18.26:040][851]LogAudioMixer: Display: 0: FrontLeft
[2025.11.24-12.18.26:040][851]LogAudioMixer: Display: 1: FrontRight
[2025.11.24-12.18.26:046][851]LogAudioMixer: Display: Using Audio Device Alto-falantes (Realtek(R) Audio)
[2025.11.24-12.18.26:048][851]LogAudioMixer: Display: Initializing Sound Submixes...
[2025.11.24-12.18.26:048][851]LogAudioMixer: Display: Creating Master Submix 'MasterSubmixDefault'
[2025.11.24-12.18.26:048][851]LogAudioMixer: Display: Creating Master Submix 'MasterReverbSubmixDefault'
[2025.11.24-12.18.26:048][851]LogAudioMixer: Display: Creating Master Submix 'MasterEQSubmixDefault'
[2025.11.24-12.18.26:048][851]LogAudioMixer: FMixerPlatformXAudio2::StartAudioStream() called
[2025.11.24-12.18.26:048][851]LogAudioMixer: Display: Output buffers initialized: Frames=1024, Channels=2, Samples=2048
[2025.11.24-12.18.26:050][851]LogAudioMixer: Display: Starting AudioMixerPlatformInterface::RunInternal()
[2025.11.24-12.18.26:050][851]LogAudioMixer: Display: FMixerPlatformXAudio2::SubmitBuffer() called for the first time
[2025.11.24-12.18.26:050][851]LogInit: FAudioDevice initialized.
[2025.11.24-12.18.26:050][851]LogAudio: Display: Audio Device (ID: 23) registered with world 'MainMenu'.
[2025.11.24-12.18.26:091][851]LogSlate: Updating window title bar state: overlay mode, drag disabled, window buttons hidden, title bar hidden
[2025.11.24-12.18.26:091][851]LogLoad: Game class is 'GameMode'
[2025.11.24-12.18.26:092][851]LogWorld: Bringing World /Game/Mapas/Menu/UEDPIE_0_MainMenu.MainMenu up for play (max tick rate 0) at 2025.11.24-09.18.26
[2025.11.24-12.18.26:093][851]LogWorld: Bringing up level for play took: 0.000687
[2025.11.24-12.18.26:093][851]LogOnline: OSS: Creating online subsystem instance for: :Context_27
[2025.11.24-12.18.26:095][851]LogGameMode: FindPlayerStart: PATHS NOT DEFINED or NO PLAYERSTART with positive rating
[2025.11.24-12.18.26:096][851]LogGameMode: Display: Match State Changed from EnteringMap to WaitingToStart
[2025.11.24-12.18.26:096][851]LogGameState: Match State Changed from EnteringMap to WaitingToStart
[2025.11.24-12.18.26:096][851]LogGameMode: Display: Match State Changed from WaitingToStart to InProgress
[2025.11.24-12.18.26:097][851]LogGameState: Match State Changed from WaitingToStart to InProgress
[2025.11.24-12.18.26:099][851]PIE: Server logged in
[2025.11.24-12.18.26:101][851]PIE: Play in editor total start time 0.108 seconds.
[2025.11.24-12.18.26:135][852]LogRenderer: Reallocating scene render targets to support 1128x684 Format 10 NumSamples 1 (Frame:1).
[2025.11.24-12.18.33:876][729]LogSlate: Window 'ColunaDoendoSamurai Preview [NetMode: Standalone]  (64-bit/Windows) ' being destroyed
[2025.11.24-12.18.33:886][729]LogWorld: BeginTearingDown for /Game/Mapas/Menu/UEDPIE_0_MainMenu
[2025.11.24-12.18.33:927][729]LogWorld: UWorld::CleanupWorld for MainMenu, bSessionEnded=true, bCleanupResources=true
[2025.11.24-12.18.33:929][729]LogSlate: InvalidateAllWidgets triggered.  All widgets were invalidated
[2025.11.24-12.18.33:941][729]LogPlayLevel: Display: Shutting down PIE online subsystems
[2025.11.24-12.18.33:949][729]LogSlate: InvalidateAllWidgets triggered.  All widgets were invalidated
[2025.11.24-12.18.33:980][729]LogAudioMixer: FMixerPlatformXAudio2::StopAudioStream() called
[2025.11.24-12.18.33:982][729]LogAudioMixer: FMixerPlatformXAudio2::StopAudioStream() called
[2025.11.24-12.18.33:989][729]LogUObjectHash: Compacting FUObjectHashTables data took   3.20ms
[2025.11.24-12.18.34:007][730]LogPlayLevel: Display: Destroying online subsystem :Context_27
[2025.11.24-12.18.34:764][817]LogTemp: Repeating last play command: Selected Viewport
[2025.11.24-12.18.34:773][817]LogPlayLevel: PlayLevel: No blueprints needed recompiling
[2025.11.24-12.18.34:773][817]PIE: New page: PIE session: MainMenu (Nov 24, 2025, 6:18:34 AM)
[2025.11.24-12.18.34:773][817]LogPlayLevel: Creating play world package: /Game/Mapas/Menu/UEDPIE_0_MainMenu
[2025.11.24-12.18.34:774][817]LogPlayLevel: PIE: StaticDuplicateObject took: (0.001697s)
[2025.11.24-12.18.34:775][817]LogAIModule: Creating AISystem for world MainMenu
[2025.11.24-12.18.34:776][817]LogPlayLevel: PIE: World Init took: (0.001183s)
[2025.11.24-12.18.34:776][817]LogPlayLevel: PIE: Created PIE world by copying editor world from /Game/Mapas/Menu/MainMenu.MainMenu to /Game/Mapas/Menu/UEDPIE_0_MainMenu.MainMenu (0.003052s)
[2025.11.24-12.18.34:812][817]LogUObjectHash: Compacting FUObjectHashTables data took   2.88ms
[2025.11.24-12.18.34:813][817]LogAudio: Display: Creating Audio Device:                 Id: 24, Scope: Unique, Realtime: True
[2025.11.24-12.18.34:813][817]LogAudioMixer: Display: Audio Mixer Platform Settings:
[2025.11.24-12.18.34:813][817]LogAudioMixer: Display: 	Sample Rate:						  48000
[2025.11.24-12.18.34:813][817]LogAudioMixer: Display: 	Callback Buffer Frame Size Requested: 1024
[2025.11.24-12.18.34:813][817]LogAudioMixer: Display: 	Callback Buffer Frame Size To Use:	  1024
[2025.11.24-12.18.34:813][817]LogAudioMixer: Display: 	Number of buffers to queue:			  2
[2025.11.24-12.18.34:813][817]LogAudioMixer: Display: 	Max Channels (voices):				  32
[2025.11.24-12.18.34:813][817]LogAudioMixer: Display: 	Number of Async Source Workers:		  0
[2025.11.24-12.18.34:813][817]LogAudio: Display: AudioDevice MaxSources: 32
[2025.11.24-12.18.34:813][817]LogAudio: Display: Audio Spatialization Plugin: None (built-in).
[2025.11.24-12.18.34:813][817]LogAudio: Display: Audio Reverb Plugin: None (built-in).
[2025.11.24-12.18.34:813][817]LogAudio: Display: Audio Occlusion Plugin: None (built-in).
[2025.11.24-12.18.34:813][817]LogAudioMixer: Display: Initializing audio mixer.
[2025.11.24-12.18.34:820][817]LogAudioMixer: Display: 0: FrontLeft
[2025.11.24-12.18.34:820][817]LogAudioMixer: Display: 1: FrontRight
[2025.11.24-12.18.34:826][817]LogAudioMixer: Display: Using Audio Device Alto-falantes (Realtek(R) Audio)
[2025.11.24-12.18.34:826][817]LogAudioMixer: Display: Initializing Sound Submixes...
[2025.11.24-12.18.34:826][817]LogAudioMixer: Display: Creating Master Submix 'MasterSubmixDefault'
[2025.11.24-12.18.34:826][817]LogAudioMixer: Display: Creating Master Submix 'MasterReverbSubmixDefault'
[2025.11.24-12.18.34:828][817]LogAudioMixer: Display: Creating Master Submix 'MasterEQSubmixDefault'
[2025.11.24-12.18.34:828][817]LogAudioMixer: FMixerPlatformXAudio2::StartAudioStream() called
[2025.11.24-12.18.34:828][817]LogAudioMixer: Display: Output buffers initialized: Frames=1024, Channels=2, Samples=2048
[2025.11.24-12.18.34:830][817]LogAudioMixer: Display: Starting AudioMixerPlatformInterface::RunInternal()
[2025.11.24-12.18.34:830][817]LogAudioMixer: Display: FMixerPlatformXAudio2::SubmitBuffer() called for the first time
[2025.11.24-12.18.34:830][817]LogInit: FAudioDevice initialized.
[2025.11.24-12.18.34:830][817]LogAudio: Display: Audio Device (ID: 24) registered with world 'MainMenu'.
[2025.11.24-12.18.34:860][817]LogSlate: Updating window title bar state: overlay mode, drag disabled, window buttons hidden, title bar hidden
[2025.11.24-12.18.34:860][817]LogLoad: Game class is 'GameMode'
[2025.11.24-12.18.34:861][817]LogWorld: Bringing World /Game/Mapas/Menu/UEDPIE_0_MainMenu.MainMenu up for play (max tick rate 0) at 2025.11.24-09.18.34
[2025.11.24-12.18.34:861][817]LogWorld: Bringing up level for play took: 0.000652
[2025.11.24-12.18.34:862][817]LogOnline: OSS: Creating online subsystem instance for: :Context_28
[2025.11.24-12.18.34:864][817]LogGameMode: FindPlayerStart: PATHS NOT DEFINED or NO PLAYERSTART with positive rating
[2025.11.24-12.18.34:864][817]LogGameMode: Display: Match State Changed from EnteringMap to WaitingToStart
[2025.11.24-12.18.34:864][817]LogGameState: Match State Changed from EnteringMap to WaitingToStart
[2025.11.24-12.18.34:864][817]LogGameMode: Display: Match State Changed from WaitingToStart to InProgress
[2025.11.24-12.18.34:865][817]LogGameState: Match State Changed from WaitingToStart to InProgress
[2025.11.24-12.18.34:867][817]PIE: Server logged in
[2025.11.24-12.18.34:868][817]PIE: Play in editor total start time 0.097 seconds.
[2025.11.24-12.18.34:896][818]LogRenderer: Reallocating scene render targets to support 1128x692 Format 10 NumSamples 1 (Frame:1).
[2025.11.24-12.18.43:761][843]LogGameMode: Display: Match State Changed from InProgress to LeavingMap
[2025.11.24-12.18.43:761][843]LogGameState: Match State Changed from InProgress to LeavingMap
[2025.11.24-12.18.43:761][843]LogNet: Browse: /Game/Mapas/Fases/MapaInicialAr/MapaInicial
[2025.11.24-12.18.43:761][843]LogLoad: LoadMap: /Game/Mapas/Fases/MapaInicialAr/MapaInicial
[2025.11.24-12.18.43:761][843]LogWorld: BeginTearingDown for /Game/Mapas/Menu/UEDPIE_0_MainMenu
[2025.11.24-12.18.43:761][843]LogWorld: UWorld::CleanupWorld for MainMenu, bSessionEnded=true, bCleanupResources=true
[2025.11.24-12.18.43:761][843]LogSlate: InvalidateAllWidgets triggered.  All widgets were invalidated
[2025.11.24-12.18.43:821][843]LogAudio: Display: Audio Device unregistered from world 'None'.
[2025.11.24-12.18.43:825][843]LogUObjectHash: Compacting FUObjectHashTables data took   2.96ms
[2025.11.24-12.18.43:837][843]LogAudio: Display: Audio Device (ID: 24) registered with world 'MapaInicial'.
[2025.11.24-12.18.43:838][843]LogAIModule: Creating AISystem for world MapaInicial
[2025.11.24-12.18.43:838][843]LogLoad: Game class is 'GameModeRL_C'
[2025.11.24-12.18.43:842][843]LogWorld: Bringing World /Game/Mapas/Fases/MapaInicialAr/UEDPIE_0_MapaInicial.MapaInicial up for play (max tick rate 0) at 2025.11.24-09.18.43
[2025.11.24-12.18.43:842][843]LogWorld: Bringing up level for play took: 0.002360
[2025.11.24-12.18.43:844][843]LogLoad: Took 0.082209 seconds to LoadMap(/Game/Mapas/Fases/MapaInicialAr/MapaInicial)
[2025.11.24-12.19.06:493][396]LogSlate: Window 'ColunaDoendoSamurai Preview [NetMode: Standalone]  (64-bit/Windows) ' being destroyed
[2025.11.24-12.19.06:506][396]LogWorld: BeginTearingDown for /Game/Mapas/Fases/MapaInicialAr/UEDPIE_0_MapaInicial
[2025.11.24-12.19.06:538][396]LogWorld: UWorld::CleanupWorld for MapaInicial, bSessionEnded=true, bCleanupResources=true
[2025.11.24-12.19.06:538][396]LogSlate: InvalidateAllWidgets triggered.  All widgets were invalidated
[2025.11.24-12.19.06:551][396]LogPlayLevel: Display: Shutting down PIE online subsystems
[2025.11.24-12.19.06:559][396]LogSlate: InvalidateAllWidgets triggered.  All widgets were invalidated
[2025.11.24-12.19.06:591][396]LogAudioMixer: FMixerPlatformXAudio2::StopAudioStream() called
[2025.11.24-12.19.06:593][396]LogAudioMixer: FMixerPlatformXAudio2::StopAudioStream() called
[2025.11.24-12.19.06:599][396]LogUObjectHash: Compacting FUObjectHashTables data took   3.02ms
[2025.11.24-12.19.06:619][397]LogPlayLevel: Display: Destroying online subsystem :Context_28
[2025.11.24-12.20.10:849][863]LogTemp: Repeating last play command: Selected Viewport
[2025.11.24-12.20.10:857][863]LogPlayLevel: PlayLevel: No blueprints needed recompiling
[2025.11.24-12.20.10:857][863]PIE: New page: PIE session: MainMenu (Nov 24, 2025, 6:20:10 AM)
[2025.11.24-12.20.10:857][863]LogPlayLevel: Creating play world package: /Game/Mapas/Menu/UEDPIE_0_MainMenu
[2025.11.24-12.20.10:859][863]LogPlayLevel: PIE: StaticDuplicateObject took: (0.001655s)
[2025.11.24-12.20.10:860][863]LogAIModule: Creating AISystem for world MainMenu
[2025.11.24-12.20.10:860][863]LogPlayLevel: PIE: World Init took: (0.001285s)
[2025.11.24-12.20.10:860][863]LogPlayLevel: PIE: Created PIE world by copying editor world from /Game/Mapas/Menu/MainMenu.MainMenu to /Game/Mapas/Menu/UEDPIE_0_MainMenu.MainMenu (0.003123s)
[2025.11.24-12.20.10:897][863]LogUObjectHash: Compacting FUObjectHashTables data took   3.29ms
[2025.11.24-12.20.10:898][863]LogAudio: Display: Creating Audio Device:                 Id: 25, Scope: Unique, Realtime: True
[2025.11.24-12.20.10:898][863]LogAudioMixer: Display: Audio Mixer Platform Settings:
[2025.11.24-12.20.10:898][863]LogAudioMixer: Display: 	Sample Rate:						  48000
[2025.11.24-12.20.10:898][863]LogAudioMixer: Display: 	Callback Buffer Frame Size Requested: 1024
[2025.11.24-12.20.10:898][863]LogAudioMixer: Display: 	Callback Buffer Frame Size To Use:	  1024
[2025.11.24-12.20.10:898][863]LogAudioMixer: Display: 	Number of buffers to queue:			  2
[2025.11.24-12.20.10:898][863]LogAudioMixer: Display: 	Max Channels (voices):				  32
[2025.11.24-12.20.10:898][863]LogAudioMixer: Display: 	Number of Async Source Workers:		  0
[2025.11.24-12.20.10:899][863]LogAudio: Display: AudioDevice MaxSources: 32
[2025.11.24-12.20.10:899][863]LogAudio: Display: Audio Spatialization Plugin: None (built-in).
[2025.11.24-12.20.10:899][863]LogAudio: Display: Audio Reverb Plugin: None (built-in).
[2025.11.24-12.20.10:899][863]LogAudio: Display: Audio Occlusion Plugin: None (built-in).
[2025.11.24-12.20.10:899][863]LogAudioMixer: Display: Initializing audio mixer.
[2025.11.24-12.20.10:905][863]LogAudioMixer: Display: 0: FrontLeft
[2025.11.24-12.20.10:905][863]LogAudioMixer: Display: 1: FrontRight
[2025.11.24-12.20.10:913][863]LogAudioMixer: Display: Using Audio Device Alto-falantes (Realtek(R) Audio)
[2025.11.24-12.20.10:913][863]LogAudioMixer: Display: Initializing Sound Submixes...
[2025.11.24-12.20.10:913][863]LogAudioMixer: Display: Creating Master Submix 'MasterSubmixDefault'
[2025.11.24-12.20.10:913][863]LogAudioMixer: Display: Creating Master Submix 'MasterReverbSubmixDefault'
[2025.11.24-12.20.10:914][863]LogAudioMixer: Display: Creating Master Submix 'MasterEQSubmixDefault'
[2025.11.24-12.20.10:914][863]LogAudioMixer: FMixerPlatformXAudio2::StartAudioStream() called
[2025.11.24-12.20.10:914][863]LogAudioMixer: Display: Output buffers initialized: Frames=1024, Channels=2, Samples=2048
[2025.11.24-12.20.10:916][863]LogAudioMixer: Display: Starting AudioMixerPlatformInterface::RunInternal()
[2025.11.24-12.20.10:916][863]LogAudioMixer: Display: FMixerPlatformXAudio2::SubmitBuffer() called for the first time
[2025.11.24-12.20.10:916][863]LogInit: FAudioDevice initialized.
[2025.11.24-12.20.10:916][863]LogAudio: Display: Audio Device (ID: 25) registered with world 'MainMenu'.
[2025.11.24-12.20.10:965][863]LogSlate: Updating window title bar state: overlay mode, drag disabled, window buttons hidden, title bar hidden
[2025.11.24-12.20.10:965][863]LogLoad: Game class is 'GameMode'
[2025.11.24-12.20.10:966][863]LogWorld: Bringing World /Game/Mapas/Menu/UEDPIE_0_MainMenu.MainMenu up for play (max tick rate 0) at 2025.11.24-09.20.10
[2025.11.24-12.20.10:966][863]LogWorld: Bringing up level for play took: 0.000654
[2025.11.24-12.20.10:967][863]LogOnline: OSS: Creating online subsystem instance for: :Context_29
[2025.11.24-12.20.10:970][863]LogGameMode: FindPlayerStart: PATHS NOT DEFINED or NO PLAYERSTART with positive rating
[2025.11.24-12.20.10:970][863]LogGameMode: Display: Match State Changed from EnteringMap to WaitingToStart
[2025.11.24-12.20.10:970][863]LogGameState: Match State Changed from EnteringMap to WaitingToStart
[2025.11.24-12.20.10:970][863]LogGameMode: Display: Match State Changed from WaitingToStart to InProgress
[2025.11.24-12.20.10:972][863]LogGameState: Match State Changed from WaitingToStart to InProgress
[2025.11.24-12.20.10:975][863]PIE: Server logged in
[2025.11.24-12.20.10:976][863]PIE: Play in editor total start time 0.121 seconds.
[2025.11.24-12.20.11:020][864]LogRenderer: Reallocating scene render targets to support 1128x700 Format 10 NumSamples 1 (Frame:1).
[2025.11.24-12.20.17:287][481]LogSlate: Window 'ColunaDoendoSamurai Preview [NetMode: Standalone]  (64-bit/Windows) ' being destroyed
[2025.11.24-12.20.17:298][481]LogWorld: BeginTearingDown for /Game/Mapas/Menu/UEDPIE_0_MainMenu
[2025.11.24-12.20.17:337][481]LogWorld: UWorld::CleanupWorld for MainMenu, bSessionEnded=true, bCleanupResources=true
[2025.11.24-12.20.17:338][481]LogSlate: InvalidateAllWidgets triggered.  All widgets were invalidated
[2025.11.24-12.20.17:349][481]LogPlayLevel: Display: Shutting down PIE online subsystems
[2025.11.24-12.20.17:356][481]LogSlate: InvalidateAllWidgets triggered.  All widgets were invalidated
[2025.11.24-12.20.17:389][481]LogAudioMixer: FMixerPlatformXAudio2::StopAudioStream() called
[2025.11.24-12.20.17:391][481]LogAudioMixer: FMixerPlatformXAudio2::StopAudioStream() called
[2025.11.24-12.20.17:397][481]LogUObjectHash: Compacting FUObjectHashTables data took   2.91ms
[2025.11.24-12.20.17:420][482]LogPlayLevel: Display: Destroying online subsystem :Context_29
[2025.11.24-12.20.38:302][906]BlueprintLog: New page: Compile AudioActor
[2025.11.24-12.20.38:366][906]LogUObjectHash: Compacting FUObjectHashTables data took   3.10ms
[2025.11.24-12.20.38:410][906]Cmd: OBJ SAVEPACKAGE PACKAGE="/Game/Audios/AudioActor" FILE="E:/Unreal/Fumec_DevGames/Content/Audios/AudioActor.uasset" SILENT=true
[2025.11.24-12.20.38:416][906]LogSavePackage: Moving 'E:/Unreal/Fumec_DevGames/Saved/AudioActorE9E82E7F4C6E2D41335B20BB68B5B706.tmp' to 'E:/Unreal/Fumec_DevGames/Content/Audios/AudioActor.uasset'
[2025.11.24-12.20.38:436][906]AssetCheck: New page: Asset Save: AudioActor
[2025.11.24-12.20.38:436][906]LogContentValidation: Display: Validating Blueprint /Game/Audios/AudioActor.AudioActor
[2025.11.24-12.20.38:662][921]Cmd: OBJ SAVEPACKAGE PACKAGE="/Game/Audios/AudioActor" FILE="E:/Unreal/Fumec_DevGames/Content/Audios/AudioActor.uasset" SILENT=true
[2025.11.24-12.20.38:667][921]LogSavePackage: Moving 'E:/Unreal/Fumec_DevGames/Saved/AudioActor619267E8415B5638EEA506B0363345E2.tmp' to 'E:/Unreal/Fumec_DevGames/Content/Audios/AudioActor.uasset'
[2025.11.24-12.20.38:687][921]AssetCheck: New page: Asset Save: AudioActor
[2025.11.24-12.20.38:688][921]LogContentValidation: Display: Validating Blueprint /Game/Audios/AudioActor.AudioActor
[2025.11.24-12.20.40:402][106]LogUObjectHash: Compacting FUObjectHashTables data took   3.83ms
[2025.11.24-12.20.40:428][106]Cmd: OBJ SAVEPACKAGE PACKAGE="/Game/Mapas/Menu/MainMenu" FILE="E:/Unreal/Fumec_DevGames/Content/Mapas/Menu/MainMenu.umap" SILENT=true AUTOSAVING=false KEEPDIRTY=false
[2025.11.24-12.20.40:462][106]LogUObjectHash: Compacting FUObjectHashTables data took   0.91ms
[2025.11.24-12.20.40:472][106]LogSavePackage: Moving 'E:/Unreal/Fumec_DevGames/Saved/MainMenu9FBBC0FA41596921B98AD38FBADA51B5.tmp' to 'E:/Unreal/Fumec_DevGames/Content/Mapas/Menu/MainMenu.umap'
[2025.11.24-12.20.40:495][106]LogFileHelpers: Saving map 'MainMenu' took 0.067
[2025.11.24-12.20.40:495][106]Cmd: OBJ SAVEPACKAGE PACKAGE="/Game/Mapas/Menu/MainMenuWid" FILE="E:/Unreal/Fumec_DevGames/Content/Mapas/Menu/MainMenuWid.uasset" SILENT=true
[2025.11.24-12.20.40:518][106]LogSavePackage: Moving 'E:/Unreal/Fumec_DevGames/Saved/MainMenuWidBEA6AC4C4CC1A8BFF85532A714D2C881.tmp' to 'E:/Unreal/Fumec_DevGames/Content/Mapas/Menu/MainMenuWid.uasset'
[2025.11.24-12.20.40:538][106]AssetCheck: New page: Asset Save: multiple assets
[2025.11.24-12.20.40:538][106]LogContentValidation: Display: Validating World /Game/Mapas/Menu/MainMenu.MainMenu
[2025.11.24-12.20.40:538][106]LogContentValidation: Display: Validating WidgetBlueprint /Game/Mapas/Menu/MainMenuWid.MainMenuWid
[2025.11.24-12.20.41:329][190]LogTemp: Repeating last play command: Selected Viewport
[2025.11.24-12.20.41:336][190]LogPlayLevel: PlayLevel: No blueprints needed recompiling
[2025.11.24-12.20.41:336][190]PIE: New page: PIE session: MainMenu (Nov 24, 2025, 6:20:41 AM)
[2025.11.24-12.20.41:337][190]LogPlayLevel: Creating play world package: /Game/Mapas/Menu/UEDPIE_0_MainMenu
[2025.11.24-12.20.41:338][190]LogPlayLevel: PIE: StaticDuplicateObject took: (0.001623s)
[2025.11.24-12.20.41:339][190]LogAIModule: Creating AISystem for world MainMenu
[2025.11.24-12.20.41:339][190]LogPlayLevel: PIE: World Init took: (0.001210s)
[2025.11.24-12.20.41:339][190]LogPlayLevel: PIE: Created PIE world by copying editor world from /Game/Mapas/Menu/MainMenu.MainMenu to /Game/Mapas/Menu/UEDPIE_0_MainMenu.MainMenu (0.002997s)
[2025.11.24-12.20.41:381][190]LogUObjectHash: Compacting FUObjectHashTables data took   3.41ms
[2025.11.24-12.20.41:382][190]LogAudio: Display: Creating Audio Device:                 Id: 26, Scope: Unique, Realtime: True
[2025.11.24-12.20.41:382][190]LogAudioMixer: Display: Audio Mixer Platform Settings:
[2025.11.24-12.20.41:382][190]LogAudioMixer: Display: 	Sample Rate:						  48000
[2025.11.24-12.20.41:382][190]LogAudioMixer: Display: 	Callback Buffer Frame Size Requested: 1024
[2025.11.24-12.20.41:382][190]LogAudioMixer: Display: 	Callback Buffer Frame Size To Use:	  1024
[2025.11.24-12.20.41:382][190]LogAudioMixer: Display: 	Number of buffers to queue:			  2
[2025.11.24-12.20.41:382][190]LogAudioMixer: Display: 	Max Channels (voices):				  32
[2025.11.24-12.20.41:382][190]LogAudioMixer: Display: 	Number of Async Source Workers:		  0
[2025.11.24-12.20.41:382][190]LogAudio: Display: AudioDevice MaxSources: 32
[2025.11.24-12.20.41:382][190]LogAudio: Display: Audio Spatialization Plugin: None (built-in).
[2025.11.24-12.20.41:382][190]LogAudio: Display: Audio Reverb Plugin: None (built-in).
[2025.11.24-12.20.41:382][190]LogAudio: Display: Audio Occlusion Plugin: None (built-in).
[2025.11.24-12.20.41:382][190]LogAudioMixer: Display: Initializing audio mixer.
[2025.11.24-12.20.41:388][190]LogAudioMixer: Display: 0: FrontLeft
[2025.11.24-12.20.41:388][190]LogAudioMixer: Display: 1: FrontRight
[2025.11.24-12.20.41:397][190]LogAudioMixer: Display: Using Audio Device Alto-falantes (Realtek(R) Audio)
[2025.11.24-12.20.41:397][190]LogAudioMixer: Display: Initializing Sound Submixes...
[2025.11.24-12.20.41:397][190]LogAudioMixer: Display: Creating Master Submix 'MasterSubmixDefault'
[2025.11.24-12.20.41:397][190]LogAudioMixer: Display: Creating Master Submix 'MasterReverbSubmixDefault'
[2025.11.24-12.20.41:398][190]LogAudioMixer: Display: Creating Master Submix 'MasterEQSubmixDefault'
[2025.11.24-12.20.41:398][190]LogAudioMixer: FMixerPlatformXAudio2::StartAudioStream() called
[2025.11.24-12.20.41:398][190]LogAudioMixer: Display: Output buffers initialized: Frames=1024, Channels=2, Samples=2048
[2025.11.24-12.20.41:400][190]LogAudioMixer: Display: Starting AudioMixerPlatformInterface::RunInternal()
[2025.11.24-12.20.41:400][190]LogAudioMixer: Display: FMixerPlatformXAudio2::SubmitBuffer() called for the first time
[2025.11.24-12.20.41:400][190]LogInit: FAudioDevice initialized.
[2025.11.24-12.20.41:400][190]LogAudio: Display: Audio Device (ID: 26) registered with world 'MainMenu'.
[2025.11.24-12.20.41:457][190]LogSlate: Updating window title bar state: overlay mode, drag disabled, window buttons hidden, title bar hidden
[2025.11.24-12.20.41:457][190]LogLoad: Game class is 'GameMode'
[2025.11.24-12.20.41:458][190]LogWorld: Bringing World /Game/Mapas/Menu/UEDPIE_0_MainMenu.MainMenu up for play (max tick rate 0) at 2025.11.24-09.20.41
[2025.11.24-12.20.41:458][190]LogWorld: Bringing up level for play took: 0.000722
[2025.11.24-12.20.41:459][190]LogOnline: OSS: Creating online subsystem instance for: :Context_30
[2025.11.24-12.20.41:461][190]LogGameMode: FindPlayerStart: PATHS NOT DEFINED or NO PLAYERSTART with positive rating
[2025.11.24-12.20.41:462][190]LogGameMode: Display: Match State Changed from EnteringMap to WaitingToStart
[2025.11.24-12.20.41:462][190]LogGameState: Match State Changed from EnteringMap to WaitingToStart
[2025.11.24-12.20.41:462][190]LogGameMode: Display: Match State Changed from WaitingToStart to InProgress
[2025.11.24-12.20.41:463][190]LogGameState: Match State Changed from WaitingToStart to InProgress
[2025.11.24-12.20.41:464][190]PIE: Server logged in
[2025.11.24-12.20.41:465][190]PIE: Play in editor total start time 0.13 seconds.
[2025.11.24-12.20.41:498][191]LogRenderer: Reallocating scene render targets to support 1128x704 Format 10 NumSamples 1 (Frame:1).
[2025.11.24-12.20.47:531][909]LogGameMode: Display: Match State Changed from InProgress to LeavingMap
[2025.11.24-12.20.47:531][909]LogGameState: Match State Changed from InProgress to LeavingMap
[2025.11.24-12.20.47:533][909]LogNet: Browse: /Game/Mapas/Fases/MapaInicialAr/MapaInicial
[2025.11.24-12.20.47:533][909]LogLoad: LoadMap: /Game/Mapas/Fases/MapaInicialAr/MapaInicial
[2025.11.24-12.20.47:533][909]LogWorld: BeginTearingDown for /Game/Mapas/Menu/UEDPIE_0_MainMenu
[2025.11.24-12.20.47:533][909]LogWorld: UWorld::CleanupWorld for MainMenu, bSessionEnded=true, bCleanupResources=true
[2025.11.24-12.20.47:533][909]LogSlate: InvalidateAllWidgets triggered.  All widgets were invalidated
[2025.11.24-12.20.47:601][909]LogAudio: Display: Audio Device unregistered from world 'None'.
[2025.11.24-12.20.47:605][909]LogUObjectHash: Compacting FUObjectHashTables data took   3.05ms
[2025.11.24-12.20.47:617][909]LogAudio: Display: Audio Device (ID: 26) registered with world 'MapaInicial'.
[2025.11.24-12.20.47:617][909]LogAIModule: Creating AISystem for world MapaInicial
[2025.11.24-12.20.47:617][909]LogLoad: Game class is 'GameModeRL_C'
[2025.11.24-12.20.47:619][909]LogWorld: Bringing World /Game/Mapas/Fases/MapaInicialAr/UEDPIE_0_MapaInicial.MapaInicial up for play (max tick rate 0) at 2025.11.24-09.20.47
[2025.11.24-12.20.47:620][909]LogWorld: Bringing up level for play took: 0.001881
[2025.11.24-12.20.47:622][909]LogLoad: Took 0.090173 seconds to LoadMap(/Game/Mapas/Fases/MapaInicialAr/MapaInicial)
[2025.11.24-12.20.47:779][924]LogSlate: Window 'ColunaDoendoSamurai Preview [NetMode: Standalone]  (64-bit/Windows) ' being destroyed
[2025.11.24-12.20.47:795][924]LogWorld: BeginTearingDown for /Game/Mapas/Fases/MapaInicialAr/UEDPIE_0_MapaInicial
[2025.11.24-12.20.47:827][924]LogWorld: UWorld::CleanupWorld for MapaInicial, bSessionEnded=true, bCleanupResources=true
[2025.11.24-12.20.47:828][924]LogSlate: InvalidateAllWidgets triggered.  All widgets were invalidated
[2025.11.24-12.20.47:836][924]LogPlayLevel: Display: Shutting down PIE online subsystems
[2025.11.24-12.20.47:844][924]LogSlate: InvalidateAllWidgets triggered.  All widgets were invalidated
[2025.11.24-12.20.47:876][924]LogAudioMixer: FMixerPlatformXAudio2::StopAudioStream() called
[2025.11.24-12.20.47:878][924]LogAudioMixer: FMixerPlatformXAudio2::StopAudioStream() called
[2025.11.24-12.20.47:884][924]LogUObjectHash: Compacting FUObjectHashTables data took   2.86ms
[2025.11.24-12.20.47:901][925]LogPlayLevel: Display: Destroying online subsystem :Context_30
[2025.11.24-12.20.48:872][ 28]LogTemp: Repeating last play command: Selected Viewport
[2025.11.24-12.20.48:879][ 28]LogPlayLevel: PlayLevel: No blueprints needed recompiling
[2025.11.24-12.20.48:879][ 28]PIE: New page: PIE session: MainMenu (Nov 24, 2025, 6:20:48 AM)
[2025.11.24-12.20.48:879][ 28]LogPlayLevel: Creating play world package: /Game/Mapas/Menu/UEDPIE_0_MainMenu
[2025.11.24-12.20.48:881][ 28]LogPlayLevel: PIE: StaticDuplicateObject took: (0.001526s)
[2025.11.24-12.20.48:882][ 28]LogAIModule: Creating AISystem for world MainMenu
[2025.11.24-12.20.48:882][ 28]LogPlayLevel: PIE: World Init took: (0.001185s)
[2025.11.24-12.20.48:882][ 28]LogPlayLevel: PIE: Created PIE world by copying editor world from /Game/Mapas/Menu/MainMenu.MainMenu to /Game/Mapas/Menu/UEDPIE_0_MainMenu.MainMenu (0.002868s)
[2025.11.24-12.20.48:918][ 28]LogUObjectHash: Compacting FUObjectHashTables data took   2.85ms
[2025.11.24-12.20.48:919][ 28]LogAudio: Display: Creating Audio Device:                 Id: 27, Scope: Unique, Realtime: True
[2025.11.24-12.20.48:919][ 28]LogAudioMixer: Display: Audio Mixer Platform Settings:
[2025.11.24-12.20.48:919][ 28]LogAudioMixer: Display: 	Sample Rate:						  48000
[2025.11.24-12.20.48:919][ 28]LogAudioMixer: Display: 	Callback Buffer Frame Size Requested: 1024
[2025.11.24-12.20.48:919][ 28]LogAudioMixer: Display: 	Callback Buffer Frame Size To Use:	  1024
[2025.11.24-12.20.48:919][ 28]LogAudioMixer: Display: 	Number of buffers to queue:			  2
[2025.11.24-12.20.48:919][ 28]LogAudioMixer: Display: 	Max Channels (voices):				  32
[2025.11.24-12.20.48:919][ 28]LogAudioMixer: Display: 	Number of Async Source Workers:		  0
[2025.11.24-12.20.48:919][ 28]LogAudio: Display: AudioDevice MaxSources: 32
[2025.11.24-12.20.48:919][ 28]LogAudio: Display: Audio Spatialization Plugin: None (built-in).
[2025.11.24-12.20.48:919][ 28]LogAudio: Display: Audio Reverb Plugin: None (built-in).
[2025.11.24-12.20.48:919][ 28]LogAudio: Display: Audio Occlusion Plugin: None (built-in).
[2025.11.24-12.20.48:919][ 28]LogAudioMixer: Display: Initializing audio mixer.
[2025.11.24-12.20.48:925][ 28]LogAudioMixer: Display: 0: FrontLeft
[2025.11.24-12.20.48:925][ 28]LogAudioMixer: Display: 1: FrontRight
[2025.11.24-12.20.48:933][ 28]LogAudioMixer: Display: Using Audio Device Alto-falantes (Realtek(R) Audio)
[2025.11.24-12.20.48:933][ 28]LogAudioMixer: Display: Initializing Sound Submixes...
[2025.11.24-12.20.48:933][ 28]LogAudioMixer: Display: Creating Master Submix 'MasterSubmixDefault'
[2025.11.24-12.20.48:933][ 28]LogAudioMixer: Display: Creating Master Submix 'MasterReverbSubmixDefault'
[2025.11.24-12.20.48:934][ 28]LogAudioMixer: Display: Creating Master Submix 'MasterEQSubmixDefault'
[2025.11.24-12.20.48:934][ 28]LogAudioMixer: FMixerPlatformXAudio2::StartAudioStream() called
[2025.11.24-12.20.48:934][ 28]LogAudioMixer: Display: Output buffers initialized: Frames=1024, Channels=2, Samples=2048
[2025.11.24-12.20.48:936][ 28]LogAudioMixer: Display: Starting AudioMixerPlatformInterface::RunInternal()
[2025.11.24-12.20.48:936][ 28]LogAudioMixer: Display: FMixerPlatformXAudio2::SubmitBuffer() called for the first time
[2025.11.24-12.20.48:936][ 28]LogInit: FAudioDevice initialized.
[2025.11.24-12.20.48:936][ 28]LogAudio: Display: Audio Device (ID: 27) registered with world 'MainMenu'.
[2025.11.24-12.20.48:992][ 28]LogSlate: Updating window title bar state: overlay mode, drag disabled, window buttons hidden, title bar hidden
[2025.11.24-12.20.48:992][ 28]LogLoad: Game class is 'GameMode'
[2025.11.24-12.20.48:993][ 28]LogWorld: Bringing World /Game/Mapas/Menu/UEDPIE_0_MainMenu.MainMenu up for play (max tick rate 0) at 2025.11.24-09.20.48
[2025.11.24-12.20.48:994][ 28]LogWorld: Bringing up level for play took: 0.000792
[2025.11.24-12.20.48:994][ 28]LogOnline: OSS: Creating online subsystem instance for: :Context_31
[2025.11.24-12.20.48:997][ 28]LogGameMode: FindPlayerStart: PATHS NOT DEFINED or NO PLAYERSTART with positive rating
[2025.11.24-12.20.48:997][ 28]LogGameMode: Display: Match State Changed from EnteringMap to WaitingToStart
[2025.11.24-12.20.48:997][ 28]LogGameState: Match State Changed from EnteringMap to WaitingToStart
[2025.11.24-12.20.48:997][ 28]LogGameMode: Display: Match State Changed from WaitingToStart to InProgress
[2025.11.24-12.20.48:998][ 28]LogGameState: Match State Changed from WaitingToStart to InProgress
[2025.11.24-12.20.48:999][ 28]PIE: Server logged in
[2025.11.24-12.20.49:001][ 28]PIE: Play in editor total start time 0.122 seconds.
[2025.11.24-12.20.49:032][ 29]LogRenderer: Reallocating scene render targets to support 1128x712 Format 10 NumSamples 1 (Frame:1).
[2025.11.24-12.20.57:836][ 72]LogGameMode: Display: Match State Changed from InProgress to LeavingMap
[2025.11.24-12.20.57:836][ 72]LogGameState: Match State Changed from InProgress to LeavingMap
[2025.11.24-12.20.57:837][ 72]LogNet: Browse: /Game/Mapas/Fases/MapaInicialAr/MapaInicial
[2025.11.24-12.20.57:837][ 72]LogLoad: LoadMap: /Game/Mapas/Fases/MapaInicialAr/MapaInicial
[2025.11.24-12.20.57:837][ 72]LogWorld: BeginTearingDown for /Game/Mapas/Menu/UEDPIE_0_MainMenu
[2025.11.24-12.20.57:837][ 72]LogWorld: UWorld::CleanupWorld for MainMenu, bSessionEnded=true, bCleanupResources=true
[2025.11.24-12.20.57:837][ 72]LogSlate: InvalidateAllWidgets triggered.  All widgets were invalidated
[2025.11.24-12.20.57:900][ 72]LogAudio: Display: Audio Device unregistered from world 'None'.
[2025.11.24-12.20.57:904][ 72]LogUObjectHash: Compacting FUObjectHashTables data took   2.94ms
[2025.11.24-12.20.57:915][ 72]LogAudio: Display: Audio Device (ID: 27) registered with world 'MapaInicial'.
[2025.11.24-12.20.57:915][ 72]LogAIModule: Creating AISystem for world MapaInicial
[2025.11.24-12.20.57:917][ 72]LogLoad: Game class is 'GameModeRL_C'
[2025.11.24-12.20.57:919][ 72]LogWorld: Bringing World /Game/Mapas/Fases/MapaInicialAr/UEDPIE_0_MapaInicial.MapaInicial up for play (max tick rate 0) at 2025.11.24-09.20.57
[2025.11.24-12.20.57:919][ 72]LogWorld: Bringing up level for play took: 0.001822
[2025.11.24-12.20.57:921][ 72]LogLoad: Took 0.084105 seconds to LoadMap(/Game/Mapas/Fases/MapaInicialAr/MapaInicial)
[2025.11.24-12.21.00:038][306]LogSlate: Window 'ColunaDoendoSamurai Preview [NetMode: Standalone]  (64-bit/Windows) ' being destroyed
[2025.11.24-12.21.00:052][306]LogWorld: BeginTearingDown for /Game/Mapas/Fases/MapaInicialAr/UEDPIE_0_MapaInicial
[2025.11.24-12.21.00:052][306]LogWorld: UWorld::CleanupWorld for MapaInicial, bSessionEnded=true, bCleanupResources=true
[2025.11.24-12.21.00:053][306]LogSlate: InvalidateAllWidgets triggered.  All widgets were invalidated
[2025.11.24-12.21.00:064][306]LogPlayLevel: Display: Shutting down PIE online subsystems
[2025.11.24-12.21.00:070][306]LogSlate: InvalidateAllWidgets triggered.  All widgets were invalidated
[2025.11.24-12.21.00:102][306]LogAudioMixer: FMixerPlatformXAudio2::StopAudioStream() called
[2025.11.24-12.21.00:103][306]LogAudioMixer: FMixerPlatformXAudio2::StopAudioStream() called
[2025.11.24-12.21.00:110][306]LogUObjectHash: Compacting FUObjectHashTables data took   3.03ms
[2025.11.24-12.21.00:144][309]LogPlayLevel: Display: Destroying online subsystem :Context_31
[2025.11.24-12.21.35:049][434]LogAssetEditorSubsystem: Opening Asset editor for Blueprint /Game/Player/Blueprints/Player_BP.Player_BP
[2025.11.24-12.23.01:664][877]LogAssetEditorSubsystem: Opening Asset editor for WidgetBlueprint /Game/Player/Blueprints/HUD/HUD_Padrao.HUD_Padrao
[2025.11.24-12.23.02:125][877]LogSlate: The tab "SequencerGraphEditor" attempted to spawn in layout 'WidgetBlueprintEditor_Designer_Layout_v4_1' but failed for some reason. An "unrecognized tab" will be returned instead.
[2025.11.24-12.23.04:418][145]LogSlate: Window 'SequencerGraphEditor' being destroyed
[2025.11.24-12.23.04:422][145]LogSlate: Window 'SequencerGraphEditor' being destroyed
[2025.11.24-12.23.47:987][136]BlueprintLog: New page: Compile HUD_Padrao
[2025.11.24-12.23.48:057][136]LogUObjectHash: Compacting FUObjectHashTables data took   5.11ms
[2025.11.24-12.23.48:149][136]Cmd: OBJ SAVEPACKAGE PACKAGE="/Game/Player/Blueprints/HUD/HUD_Padrao" FILE="E:/Unreal/Fumec_DevGames/Content/Player/Blueprints/HUD/HUD_Padrao.uasset" SILENT=true
[2025.11.24-12.23.48:159][136]LogSavePackage: Moving 'E:/Unreal/Fumec_DevGames/Saved/HUD_Padrao86B8760F4F986A70FD3D58891AAC1324.tmp' to 'E:/Unreal/Fumec_DevGames/Content/Player/Blueprints/HUD/HUD_Padrao.uasset'
[2025.11.24-12.23.48:392][136]AssetCheck: New page: Asset Save: HUD_Padrao
[2025.11.24-12.23.48:392][136]LogContentValidation: Display: Validating WidgetBlueprint /Game/Player/Blueprints/HUD/HUD_Padrao.HUD_Padrao
[2025.11.24-12.23.48:881][189]Cmd: OBJ SAVEPACKAGE PACKAGE="/Game/Player/Blueprints/HUD/HUD_Padrao" FILE="E:/Unreal/Fumec_DevGames/Content/Player/Blueprints/HUD/HUD_Padrao.uasset" SILENT=true
[2025.11.24-12.23.48:890][189]LogSavePackage: Moving 'E:/Unreal/Fumec_DevGames/Saved/HUD_Padrao7A99D2064E3CE20C7A994CAA20D4AACD.tmp' to 'E:/Unreal/Fumec_DevGames/Content/Player/Blueprints/HUD/HUD_Padrao.uasset'
[2025.11.24-12.23.48:910][189]AssetCheck: New page: Asset Save: HUD_Padrao
[2025.11.24-12.23.48:910][189]LogContentValidation: Display: Validating WidgetBlueprint /Game/Player/Blueprints/HUD/HUD_Padrao.HUD_Padrao
[2025.11.24-12.23.55:773][965]LogSlate: Window 'Color Picker' being destroyed
[2025.11.24-12.24.58:715][273]BlueprintLog: New page: Compile HUD_Padrao
[2025.11.24-12.24.58:790][273]LogUObjectHash: Compacting FUObjectHashTables data took   5.71ms
[2025.11.24-12.24.58:839][273]Cmd: OBJ SAVEPACKAGE PACKAGE="/Game/Player/Blueprints/HUD/HUD_Padrao" FILE="E:/Unreal/Fumec_DevGames/Content/Player/Blueprints/HUD/HUD_Padrao.uasset" SILENT=true
[2025.11.24-12.24.58:853][273]LogSavePackage: Moving 'E:/Unreal/Fumec_DevGames/Saved/HUD_Padrao6A99970F4138A6C10B8B2687B75A018E.tmp' to 'E:/Unreal/Fumec_DevGames/Content/Player/Blueprints/HUD/HUD_Padrao.uasset'
[2025.11.24-12.24.58:877][273]AssetCheck: New page: Asset Save: HUD_Padrao
[2025.11.24-12.24.58:877][273]LogContentValidation: Display: Validating WidgetBlueprint /Game/Player/Blueprints/HUD/HUD_Padrao.HUD_Padrao
[2025.11.24-12.26.24:734][765]BlueprintLog: New page: Compile Player_BP
[2025.11.24-12.26.24:831][765]LogUObjectHash: Compacting FUObjectHashTables data took   4.28ms
[2025.11.24-12.26.24:889][765]Cmd: OBJ SAVEPACKAGE PACKAGE="/Game/Player/Blueprints/Player_BP" FILE="E:/Unreal/Fumec_DevGames/Content/Player/Blueprints/Player_BP.uasset" SILENT=true
[2025.11.24-12.26.24:988][765]LogSavePackage: Moving 'E:/Unreal/Fumec_DevGames/Saved/Player_BP470F361041180E71432C4AB3C84D4ACE.tmp' to 'E:/Unreal/Fumec_DevGames/Content/Player/Blueprints/Player_BP.uasset'
[2025.11.24-12.26.25:012][765]AssetCheck: New page: Asset Save: Player_BP
[2025.11.24-12.26.25:012][765]LogContentValidation: Display: Validating Blueprint /Game/Player/Blueprints/Player_BP.Player_BP
[2025.11.24-12.26.26:223][885]LogTemp: Repeating last play command: Selected Viewport
[2025.11.24-12.26.26:231][885]LogPlayLevel: PlayLevel: No blueprints needed recompiling
[2025.11.24-12.26.26:231][885]PIE: New page: PIE session: MainMenu (Nov 24, 2025, 6:26:26 AM)
[2025.11.24-12.26.26:232][885]LogPlayLevel: Creating play world package: /Game/Mapas/Menu/UEDPIE_0_MainMenu
[2025.11.24-12.26.26:233][885]LogPlayLevel: PIE: StaticDuplicateObject took: (0.001522s)
[2025.11.24-12.26.26:234][885]LogAIModule: Creating AISystem for world MainMenu
[2025.11.24-12.26.26:234][885]LogPlayLevel: PIE: World Init took: (0.001221s)
[2025.11.24-12.26.26:234][885]LogPlayLevel: PIE: Created PIE world by copying editor world from /Game/Mapas/Menu/MainMenu.MainMenu to /Game/Mapas/Menu/UEDPIE_0_MainMenu.MainMenu (0.002912s)
[2025.11.24-12.26.26:281][885]LogUObjectHash: Compacting FUObjectHashTables data took   4.22ms
[2025.11.24-12.26.26:282][885]LogAudio: Display: Creating Audio Device:                 Id: 28, Scope: Unique, Realtime: True
[2025.11.24-12.26.26:282][885]LogAudioMixer: Display: Audio Mixer Platform Settings:
[2025.11.24-12.26.26:282][885]LogAudioMixer: Display: 	Sample Rate:						  48000
[2025.11.24-12.26.26:282][885]LogAudioMixer: Display: 	Callback Buffer Frame Size Requested: 1024
[2025.11.24-12.26.26:282][885]LogAudioMixer: Display: 	Callback Buffer Frame Size To Use:	  1024
[2025.11.24-12.26.26:282][885]LogAudioMixer: Display: 	Number of buffers to queue:			  2
[2025.11.24-12.26.26:282][885]LogAudioMixer: Display: 	Max Channels (voices):				  32
[2025.11.24-12.26.26:282][885]LogAudioMixer: Display: 	Number of Async Source Workers:		  0
[2025.11.24-12.26.26:282][885]LogAudio: Display: AudioDevice MaxSources: 32
[2025.11.24-12.26.26:282][885]LogAudio: Display: Audio Spatialization Plugin: None (built-in).
[2025.11.24-12.26.26:282][885]LogAudio: Display: Audio Reverb Plugin: None (built-in).
[2025.11.24-12.26.26:282][885]LogAudio: Display: Audio Occlusion Plugin: None (built-in).
[2025.11.24-12.26.26:282][885]LogAudioMixer: Display: Initializing audio mixer.
[2025.11.24-12.26.26:290][885]LogAudioMixer: Display: 0: FrontLeft
[2025.11.24-12.26.26:290][885]LogAudioMixer: Display: 1: FrontRight
[2025.11.24-12.26.26:299][885]LogAudioMixer: Display: Using Audio Device Alto-falantes (Realtek(R) Audio)
[2025.11.24-12.26.26:299][885]LogAudioMixer: Display: Initializing Sound Submixes...
[2025.11.24-12.26.26:299][885]LogAudioMixer: Display: Creating Master Submix 'MasterSubmixDefault'
[2025.11.24-12.26.26:299][885]LogAudioMixer: Display: Creating Master Submix 'MasterReverbSubmixDefault'
[2025.11.24-12.26.26:300][885]LogAudioMixer: Display: Creating Master Submix 'MasterEQSubmixDefault'
[2025.11.24-12.26.26:300][885]LogAudioMixer: FMixerPlatformXAudio2::StartAudioStream() called
[2025.11.24-12.26.26:300][885]LogAudioMixer: Display: Output buffers initialized: Frames=1024, Channels=2, Samples=2048
[2025.11.24-12.26.26:301][885]LogAudioMixer: Display: Starting AudioMixerPlatformInterface::RunInternal()
[2025.11.24-12.26.26:301][885]LogAudioMixer: Display: FMixerPlatformXAudio2::SubmitBuffer() called for the first time
[2025.11.24-12.26.26:301][885]LogInit: FAudioDevice initialized.
[2025.11.24-12.26.26:302][885]LogAudio: Display: Audio Device (ID: 28) registered with world 'MainMenu'.
[2025.11.24-12.26.26:350][885]LogSlate: Updating window title bar state: overlay mode, drag disabled, window buttons hidden, title bar hidden
[2025.11.24-12.26.26:350][885]LogLoad: Game class is 'GameMode'
[2025.11.24-12.26.26:351][885]LogWorld: Bringing World /Game/Mapas/Menu/UEDPIE_0_MainMenu.MainMenu up for play (max tick rate 0) at 2025.11.24-09.26.26
[2025.11.24-12.26.26:352][885]LogWorld: Bringing up level for play took: 0.000660
[2025.11.24-12.26.26:352][885]LogOnline: OSS: Creating online subsystem instance for: :Context_35
[2025.11.24-12.26.26:354][885]LogGameMode: FindPlayerStart: PATHS NOT DEFINED or NO PLAYERSTART with positive rating
[2025.11.24-12.26.26:354][885]LogGameMode: Display: Match State Changed from EnteringMap to WaitingToStart
[2025.11.24-12.26.26:354][885]LogGameState: Match State Changed from EnteringMap to WaitingToStart
[2025.11.24-12.26.26:354][885]LogGameMode: Display: Match State Changed from WaitingToStart to InProgress
[2025.11.24-12.26.26:355][885]LogGameState: Match State Changed from WaitingToStart to InProgress
[2025.11.24-12.26.26:359][885]PIE: Server logged in
[2025.11.24-12.26.26:362][885]PIE: Play in editor total start time 0.132 seconds.
[2025.11.24-12.26.26:397][886]LogRenderer: Reallocating scene render targets to support 1128x716 Format 10 NumSamples 1 (Frame:1).
[2025.11.24-12.26.30:477][257]LogGameMode: Display: Match State Changed from InProgress to LeavingMap
[2025.11.24-12.26.30:477][257]LogGameState: Match State Changed from InProgress to LeavingMap
[2025.11.24-12.26.30:477][257]LogNet: Browse: /Game/Mapas/Fases/MapaInicialAr/MapaInicial
[2025.11.24-12.26.30:478][257]LogLoad: LoadMap: /Game/Mapas/Fases/MapaInicialAr/MapaInicial
[2025.11.24-12.26.30:478][257]LogWorld: BeginTearingDown for /Game/Mapas/Menu/UEDPIE_0_MainMenu
[2025.11.24-12.26.30:478][257]LogWorld: UWorld::CleanupWorld for MainMenu, bSessionEnded=true, bCleanupResources=true
[2025.11.24-12.26.30:478][257]LogSlate: InvalidateAllWidgets triggered.  All widgets were invalidated
[2025.11.24-12.26.30:546][257]LogAudio: Display: Audio Device unregistered from world 'None'.
[2025.11.24-12.26.30:551][257]LogUObjectHash: Compacting FUObjectHashTables data took   3.81ms
[2025.11.24-12.26.30:564][257]LogAudio: Display: Audio Device (ID: 28) registered with world 'MapaInicial'.
[2025.11.24-12.26.30:565][257]LogAIModule: Creating AISystem for world MapaInicial
[2025.11.24-12.26.30:565][257]LogLoad: Game class is 'GameModeRL_C'
[2025.11.24-12.26.30:568][257]LogWorld: Bringing World /Game/Mapas/Fases/MapaInicialAr/UEDPIE_0_MapaInicial.MapaInicial up for play (max tick rate 0) at 2025.11.24-09.26.30
[2025.11.24-12.26.30:569][257]LogWorld: Bringing up level for play took: 0.002107
[2025.11.24-12.26.30:571][257]LogLoad: Took 0.093802 seconds to LoadMap(/Game/Mapas/Fases/MapaInicialAr/MapaInicial)
[2025.11.24-12.26.35:898][756]LogSlate: Window 'ColunaDoendoSamurai Preview [NetMode: Standalone]  (64-bit/Windows) ' being destroyed
[2025.11.24-12.26.35:912][756]LogWorld: BeginTearingDown for /Game/Mapas/Fases/MapaInicialAr/UEDPIE_0_MapaInicial
[2025.11.24-12.26.35:946][756]LogWorld: UWorld::CleanupWorld for MapaInicial, bSessionEnded=true, bCleanupResources=true
[2025.11.24-12.26.35:946][756]LogSlate: InvalidateAllWidgets triggered.  All widgets were invalidated
[2025.11.24-12.26.35:955][756]LogPlayLevel: Display: Shutting down PIE online subsystems
[2025.11.24-12.26.35:962][756]LogSlate: InvalidateAllWidgets triggered.  All widgets were invalidated
[2025.11.24-12.26.36:001][756]LogAudio: Display: Audio Device unregistered from world 'None'.
[2025.11.24-12.26.36:001][756]LogAudioMixer: FMixerPlatformXAudio2::StopAudioStream() called
[2025.11.24-12.26.36:002][756]LogAudioMixer: FMixerPlatformXAudio2::StopAudioStream() called
[2025.11.24-12.26.36:009][756]LogUObjectHash: Compacting FUObjectHashTables data took   3.07ms
[2025.11.24-12.26.36:039][757]LogPlayLevel: Display: Destroying online subsystem :Context_35
[2025.11.24-12.26.47:873][992]BlueprintLog: New page: Compile HUD_Padrao
[2025.11.24-12.26.47:940][992]LogUObjectHash: Compacting FUObjectHashTables data took   4.04ms
[2025.11.24-12.26.48:030][992]Cmd: OBJ SAVEPACKAGE PACKAGE="/Game/Player/Blueprints/HUD/HUD_Padrao" FILE="E:/Unreal/Fumec_DevGames/Content/Player/Blueprints/HUD/HUD_Padrao.uasset" SILENT=true
[2025.11.24-12.26.48:044][992]LogSavePackage: Moving 'E:/Unreal/Fumec_DevGames/Saved/HUD_PadraoBA67316A42FF4B48F980ADBB7A6AC2ED.tmp' to 'E:/Unreal/Fumec_DevGames/Content/Player/Blueprints/HUD/HUD_Padrao.uasset'
[2025.11.24-12.26.48:069][992]AssetCheck: New page: Asset Save: HUD_Padrao
[2025.11.24-12.26.48:069][992]LogContentValidation: Display: Validating WidgetBlueprint /Game/Player/Blueprints/HUD/HUD_Padrao.HUD_Padrao
[2025.11.24-12.26.48:697][ 56]LogTemp: Repeating last play command: Selected Viewport
[2025.11.24-12.26.48:705][ 56]LogPlayLevel: PlayLevel: No blueprints needed recompiling
[2025.11.24-12.26.48:705][ 56]PIE: New page: PIE session: MainMenu (Nov 24, 2025, 6:26:48 AM)
[2025.11.24-12.26.48:707][ 56]LogPlayLevel: Creating play world package: /Game/Mapas/Menu/UEDPIE_0_MainMenu
[2025.11.24-12.26.48:708][ 56]LogPlayLevel: PIE: StaticDuplicateObject took: (0.001789s)
[2025.11.24-12.26.48:709][ 56]LogAIModule: Creating AISystem for world MainMenu
[2025.11.24-12.26.48:709][ 56]LogPlayLevel: PIE: World Init took: (0.001298s)
[2025.11.24-12.26.48:709][ 56]LogPlayLevel: PIE: Created PIE world by copying editor world from /Game/Mapas/Menu/MainMenu.MainMenu to /Game/Mapas/Menu/UEDPIE_0_MainMenu.MainMenu (0.003283s)
[2025.11.24-12.26.48:756][ 56]LogUObjectHash: Compacting FUObjectHashTables data took   3.93ms
[2025.11.24-12.26.48:757][ 56]LogAudio: Display: Creating Audio Device:                 Id: 29, Scope: Unique, Realtime: True
[2025.11.24-12.26.48:757][ 56]LogAudioMixer: Display: Audio Mixer Platform Settings:
[2025.11.24-12.26.48:757][ 56]LogAudioMixer: Display: 	Sample Rate:						  48000
[2025.11.24-12.26.48:757][ 56]LogAudioMixer: Display: 	Callback Buffer Frame Size Requested: 1024
[2025.11.24-12.26.48:757][ 56]LogAudioMixer: Display: 	Callback Buffer Frame Size To Use:	  1024
[2025.11.24-12.26.48:757][ 56]LogAudioMixer: Display: 	Number of buffers to queue:			  2
[2025.11.24-12.26.48:757][ 56]LogAudioMixer: Display: 	Max Channels (voices):				  32
[2025.11.24-12.26.48:757][ 56]LogAudioMixer: Display: 	Number of Async Source Workers:		  0
[2025.11.24-12.26.48:757][ 56]LogAudio: Display: AudioDevice MaxSources: 32
[2025.11.24-12.26.48:758][ 56]LogAudio: Display: Audio Spatialization Plugin: None (built-in).
[2025.11.24-12.26.48:758][ 56]LogAudio: Display: Audio Reverb Plugin: None (built-in).
[2025.11.24-12.26.48:758][ 56]LogAudio: Display: Audio Occlusion Plugin: None (built-in).
[2025.11.24-12.26.48:758][ 56]LogAudioMixer: Display: Initializing audio mixer.
[2025.11.24-12.26.48:764][ 56]LogAudioMixer: Display: 0: FrontLeft
[2025.11.24-12.26.48:764][ 56]LogAudioMixer: Display: 1: FrontRight
[2025.11.24-12.26.48:772][ 56]LogAudioMixer: Display: Using Audio Device Alto-falantes (Realtek(R) Audio)
[2025.11.24-12.26.48:772][ 56]LogAudioMixer: Display: Initializing Sound Submixes...
[2025.11.24-12.26.48:772][ 56]LogAudioMixer: Display: Creating Master Submix 'MasterSubmixDefault'
[2025.11.24-12.26.48:772][ 56]LogAudioMixer: Display: Creating Master Submix 'MasterReverbSubmixDefault'
[2025.11.24-12.26.48:773][ 56]LogAudioMixer: Display: Creating Master Submix 'MasterEQSubmixDefault'
[2025.11.24-12.26.48:773][ 56]LogAudioMixer: FMixerPlatformXAudio2::StartAudioStream() called
[2025.11.24-12.26.48:773][ 56]LogAudioMixer: Display: Output buffers initialized: Frames=1024, Channels=2, Samples=2048
[2025.11.24-12.26.48:774][ 56]LogAudioMixer: Display: Starting AudioMixerPlatformInterface::RunInternal()
[2025.11.24-12.26.48:774][ 56]LogAudioMixer: Display: FMixerPlatformXAudio2::SubmitBuffer() called for the first time
[2025.11.24-12.26.48:774][ 56]LogInit: FAudioDevice initialized.
[2025.11.24-12.26.48:774][ 56]LogAudio: Display: Audio Device (ID: 29) registered with world 'MainMenu'.
[2025.11.24-12.26.48:809][ 56]LogSlate: Updating window title bar state: overlay mode, drag disabled, window buttons hidden, title bar hidden
[2025.11.24-12.26.48:809][ 56]LogLoad: Game class is 'GameMode'
[2025.11.24-12.26.48:810][ 56]LogWorld: Bringing World /Game/Mapas/Menu/UEDPIE_0_MainMenu.MainMenu up for play (max tick rate 0) at 2025.11.24-09.26.48
[2025.11.24-12.26.48:810][ 56]LogWorld: Bringing up level for play took: 0.000678
[2025.11.24-12.26.48:810][ 56]LogOnline: OSS: Creating online subsystem instance for: :Context_36
[2025.11.24-12.26.48:812][ 56]LogGameMode: FindPlayerStart: PATHS NOT DEFINED or NO PLAYERSTART with positive rating
[2025.11.24-12.26.48:813][ 56]LogGameMode: Display: Match State Changed from EnteringMap to WaitingToStart
[2025.11.24-12.26.48:813][ 56]LogGameState: Match State Changed from EnteringMap to WaitingToStart
[2025.11.24-12.26.48:813][ 56]LogGameMode: Display: Match State Changed from WaitingToStart to InProgress
[2025.11.24-12.26.48:814][ 56]LogGameState: Match State Changed from WaitingToStart to InProgress
[2025.11.24-12.26.48:816][ 56]PIE: Server logged in
[2025.11.24-12.26.48:817][ 56]PIE: Play in editor total start time 0.113 seconds.
[2025.11.24-12.26.48:857][ 57]LogRenderer: Reallocating scene render targets to support 1128x724 Format 10 NumSamples 1 (Frame:1).
[2025.11.24-12.26.52:731][433]LogGameMode: Display: Match State Changed from InProgress to LeavingMap
[2025.11.24-12.26.52:732][433]LogGameState: Match State Changed from InProgress to LeavingMap
[2025.11.24-12.26.52:732][433]LogNet: Browse: /Game/Mapas/Fases/MapaInicialAr/MapaInicial
[2025.11.24-12.26.52:732][433]LogLoad: LoadMap: /Game/Mapas/Fases/MapaInicialAr/MapaInicial
[2025.11.24-12.26.52:732][433]LogWorld: BeginTearingDown for /Game/Mapas/Menu/UEDPIE_0_MainMenu
[2025.11.24-12.26.52:732][433]LogWorld: UWorld::CleanupWorld for MainMenu, bSessionEnded=true, bCleanupResources=true
[2025.11.24-12.26.52:732][433]LogSlate: InvalidateAllWidgets triggered.  All widgets were invalidated
[2025.11.24-12.26.52:794][433]LogAudio: Display: Audio Device unregistered from world 'None'.
[2025.11.24-12.26.52:798][433]LogUObjectHash: Compacting FUObjectHashTables data took   3.54ms
[2025.11.24-12.26.52:810][433]LogAudio: Display: Audio Device (ID: 29) registered with world 'MapaInicial'.
[2025.11.24-12.26.52:811][433]LogAIModule: Creating AISystem for world MapaInicial
[2025.11.24-12.26.52:811][433]LogLoad: Game class is 'GameModeRL_C'
[2025.11.24-12.26.52:813][433]LogWorld: Bringing World /Game/Mapas/Fases/MapaInicialAr/UEDPIE_0_MapaInicial.MapaInicial up for play (max tick rate 0) at 2025.11.24-09.26.52
[2025.11.24-12.26.52:814][433]LogWorld: Bringing up level for play took: 0.001658
[2025.11.24-12.26.52:815][433]LogLoad: Took 0.083966 seconds to LoadMap(/Game/Mapas/Fases/MapaInicialAr/MapaInicial)
[2025.11.24-12.26.55:707][711]LogSlate: Updating window title bar state: overlay mode, drag disabled, window buttons hidden, title bar hidden
[2025.11.24-12.26.55:708][711]LogWorld: BeginTearingDown for /Game/Mapas/Fases/MapaInicialAr/UEDPIE_0_MapaInicial
[2025.11.24-12.26.55:708][711]LogSlate: Window 'ColunaDoendoSamurai Preview [NetMode: Standalone]  (64-bit/Windows) ' being destroyed
[2025.11.24-12.26.55:713][711]LogWorld: UWorld::CleanupWorld for MapaInicial, bSessionEnded=true, bCleanupResources=true
[2025.11.24-12.26.55:715][711]LogSlate: InvalidateAllWidgets triggered.  All widgets were invalidated
[2025.11.24-12.26.55:727][711]LogPlayLevel: Display: Shutting down PIE online subsystems
[2025.11.24-12.26.55:734][711]LogSlate: InvalidateAllWidgets triggered.  All widgets were invalidated
[2025.11.24-12.26.55:773][711]LogAudio: Display: Audio Device unregistered from world 'None'.
[2025.11.24-12.26.55:774][711]LogAudioMixer: FMixerPlatformXAudio2::StopAudioStream() called
[2025.11.24-12.26.55:774][711]LogAudioMixer: FMixerPlatformXAudio2::StopAudioStream() called
[2025.11.24-12.26.55:781][711]LogUObjectHash: Compacting FUObjectHashTables data took   2.94ms
[2025.11.24-12.26.55:799][712]LogPlayLevel: Display: Destroying online subsystem :Context_36
[2025.11.24-12.27.05:244][800]LogTemp: Repeating last play command: Selected Viewport
[2025.11.24-12.27.05:252][800]LogPlayLevel: PlayLevel: No blueprints needed recompiling
[2025.11.24-12.27.05:252][800]PIE: New page: PIE session: MainMenu (Nov 24, 2025, 6:27:05 AM)
[2025.11.24-12.27.05:252][800]LogPlayLevel: Creating play world package: /Game/Mapas/Menu/UEDPIE_0_MainMenu
[2025.11.24-12.27.05:254][800]LogPlayLevel: PIE: StaticDuplicateObject took: (0.001581s)
[2025.11.24-12.27.05:254][800]LogAIModule: Creating AISystem for world MainMenu
[2025.11.24-12.27.05:255][800]LogPlayLevel: PIE: World Init took: (0.001188s)
[2025.11.24-12.27.05:255][800]LogPlayLevel: PIE: Created PIE world by copying editor world from /Game/Mapas/Menu/MainMenu.MainMenu to /Game/Mapas/Menu/UEDPIE_0_MainMenu.MainMenu (0.002948s)
[2025.11.24-12.27.05:296][800]LogUObjectHash: Compacting FUObjectHashTables data took   2.87ms
[2025.11.24-12.27.05:297][800]LogAudio: Display: Creating Audio Device:                 Id: 30, Scope: Unique, Realtime: True
[2025.11.24-12.27.05:297][800]LogAudioMixer: Display: Audio Mixer Platform Settings:
[2025.11.24-12.27.05:297][800]LogAudioMixer: Display: 	Sample Rate:						  48000
[2025.11.24-12.27.05:297][800]LogAudioMixer: Display: 	Callback Buffer Frame Size Requested: 1024
[2025.11.24-12.27.05:297][800]LogAudioMixer: Display: 	Callback Buffer Frame Size To Use:	  1024
[2025.11.24-12.27.05:297][800]LogAudioMixer: Display: 	Number of buffers to queue:			  2
[2025.11.24-12.27.05:297][800]LogAudioMixer: Display: 	Max Channels (voices):				  32
[2025.11.24-12.27.05:297][800]LogAudioMixer: Display: 	Number of Async Source Workers:		  0
[2025.11.24-12.27.05:297][800]LogAudio: Display: AudioDevice MaxSources: 32
[2025.11.24-12.27.05:297][800]LogAudio: Display: Audio Spatialization Plugin: None (built-in).
[2025.11.24-12.27.05:297][800]LogAudio: Display: Audio Reverb Plugin: None (built-in).
[2025.11.24-12.27.05:297][800]LogAudio: Display: Audio Occlusion Plugin: None (built-in).
[2025.11.24-12.27.05:297][800]LogAudioMixer: Display: Initializing audio mixer.
[2025.11.24-12.27.05:303][800]LogAudioMixer: Display: 0: FrontLeft
[2025.11.24-12.27.05:303][800]LogAudioMixer: Display: 1: FrontRight
[2025.11.24-12.27.05:311][800]LogAudioMixer: Display: Using Audio Device Alto-falantes (Realtek(R) Audio)
[2025.11.24-12.27.05:312][800]LogAudioMixer: Display: Initializing Sound Submixes...
[2025.11.24-12.27.05:312][800]LogAudioMixer: Display: Creating Master Submix 'MasterSubmixDefault'
[2025.11.24-12.27.05:312][800]LogAudioMixer: Display: Creating Master Submix 'MasterReverbSubmixDefault'
[2025.11.24-12.27.05:312][800]LogAudioMixer: Display: Creating Master Submix 'MasterEQSubmixDefault'
[2025.11.24-12.27.05:313][800]LogAudioMixer: FMixerPlatformXAudio2::StartAudioStream() called
[2025.11.24-12.27.05:313][800]LogAudioMixer: Display: Output buffers initialized: Frames=1024, Channels=2, Samples=2048
[2025.11.24-12.27.05:314][800]LogAudioMixer: Display: Starting AudioMixerPlatformInterface::RunInternal()
[2025.11.24-12.27.05:314][800]LogAudioMixer: Display: FMixerPlatformXAudio2::SubmitBuffer() called for the first time
[2025.11.24-12.27.05:314][800]LogInit: FAudioDevice initialized.
[2025.11.24-12.27.05:314][800]LogAudio: Display: Audio Device (ID: 30) registered with world 'MainMenu'.
[2025.11.24-12.27.05:365][800]LogSlate: Updating window title bar state: overlay mode, drag disabled, window buttons hidden, title bar hidden
[2025.11.24-12.27.05:365][800]LogLoad: Game class is 'GameMode'
[2025.11.24-12.27.05:366][800]LogWorld: Bringing World /Game/Mapas/Menu/UEDPIE_0_MainMenu.MainMenu up for play (max tick rate 0) at 2025.11.24-09.27.05
[2025.11.24-12.27.05:367][800]LogWorld: Bringing up level for play took: 0.000714
[2025.11.24-12.27.05:367][800]LogOnline: OSS: Creating online subsystem instance for: :Context_37
[2025.11.24-12.27.05:369][800]LogGameMode: FindPlayerStart: PATHS NOT DEFINED or NO PLAYERSTART with positive rating
[2025.11.24-12.27.05:369][800]LogGameMode: Display: Match State Changed from EnteringMap to WaitingToStart
[2025.11.24-12.27.05:369][800]LogGameState: Match State Changed from EnteringMap to WaitingToStart
[2025.11.24-12.27.05:369][800]LogGameMode: Display: Match State Changed from WaitingToStart to InProgress
[2025.11.24-12.27.05:371][800]LogGameState: Match State Changed from WaitingToStart to InProgress
[2025.11.24-12.27.05:372][800]PIE: Server logged in
[2025.11.24-12.27.05:374][800]PIE: Play in editor total start time 0.123 seconds.
[2025.11.24-12.27.05:407][801]LogRenderer: Reallocating scene render targets to support 1128x732 Format 10 NumSamples 1 (Frame:1).
[2025.11.24-12.27.09:777][227]LogGameMode: Display: Match State Changed from InProgress to LeavingMap
[2025.11.24-12.27.09:778][227]LogGameState: Match State Changed from InProgress to LeavingMap
[2025.11.24-12.27.09:778][227]LogNet: Browse: /Game/Mapas/Fases/MapaInicialAr/MapaInicial
[2025.11.24-12.27.09:778][227]LogLoad: LoadMap: /Game/Mapas/Fases/MapaInicialAr/MapaInicial
[2025.11.24-12.27.09:778][227]LogWorld: BeginTearingDown for /Game/Mapas/Menu/UEDPIE_0_MainMenu
[2025.11.24-12.27.09:778][227]LogWorld: UWorld::CleanupWorld for MainMenu, bSessionEnded=true, bCleanupResources=true
[2025.11.24-12.27.09:778][227]LogSlate: InvalidateAllWidgets triggered.  All widgets were invalidated
[2025.11.24-12.27.09:857][227]LogAudio: Display: Audio Device unregistered from world 'None'.
[2025.11.24-12.27.09:860][227]LogUObjectHash: Compacting FUObjectHashTables data took   2.88ms
[2025.11.24-12.27.09:870][227]LogAudio: Display: Audio Device (ID: 30) registered with world 'MapaInicial'.
[2025.11.24-12.27.09:871][227]LogAIModule: Creating AISystem for world MapaInicial
[2025.11.24-12.27.09:871][227]LogLoad: Game class is 'GameModeRL_C'
[2025.11.24-12.27.09:873][227]LogWorld: Bringing World /Game/Mapas/Fases/MapaInicialAr/UEDPIE_0_MapaInicial.MapaInicial up for play (max tick rate 0) at 2025.11.24-09.27.09
[2025.11.24-12.27.09:874][227]LogWorld: Bringing up level for play took: 0.001878
[2025.11.24-12.27.09:876][227]LogLoad: Took 0.098270 seconds to LoadMap(/Game/Mapas/Fases/MapaInicialAr/MapaInicial)
[2025.11.24-12.28.32:532][334]LogSlate: Window 'ColunaDoendoSamurai Preview [NetMode: Standalone]  (64-bit/Windows) ' being destroyed
[2025.11.24-12.28.32:545][334]LogWorld: BeginTearingDown for /Game/Mapas/Fases/MapaInicialAr/UEDPIE_0_MapaInicial
[2025.11.24-12.28.32:566][334]LogWorld: UWorld::CleanupWorld for MapaInicial, bSessionEnded=true, bCleanupResources=true
[2025.11.24-12.28.32:566][334]LogSlate: InvalidateAllWidgets triggered.  All widgets were invalidated
[2025.11.24-12.28.32:575][334]LogPlayLevel: Display: Shutting down PIE online subsystems
[2025.11.24-12.28.32:582][334]LogSlate: InvalidateAllWidgets triggered.  All widgets were invalidated
[2025.11.24-12.28.32:622][334]LogAudioMixer: FMixerPlatformXAudio2::StopAudioStream() called
[2025.11.24-12.28.32:623][334]LogAudioMixer: FMixerPlatformXAudio2::StopAudioStream() called
[2025.11.24-12.28.32:631][334]LogUObjectHash: Compacting FUObjectHashTables data took   3.34ms
[2025.11.24-12.28.32:653][335]LogPlayLevel: Display: Destroying online subsystem :Context_37
[2025.11.24-12.29.21:481][809]LogSlate: The tab "SequencerGraphEditor" attempted to spawn in layout 'WidgetBlueprintEditor_Designer_Layout_v4_1' but failed for some reason. An "unrecognized tab" will be returned instead.
[2025.11.24-12.29.23:065][973]LogSlate: Window 'SequencerGraphEditor' being destroyed
[2025.11.24-12.29.23:075][973]LogSlate: Window 'SequencerGraphEditor' being destroyed
[2025.11.24-12.29.34:821][323]BlueprintLog: New page: Compile MainMenuWid
[2025.11.24-12.29.34:880][323]LogUObjectHash: Compacting FUObjectHashTables data took   4.44ms
[2025.11.24-12.29.34:975][323]Cmd: OBJ SAVEPACKAGE PACKAGE="/Game/Mapas/Menu/MainMenuWid" FILE="E:/Unreal/Fumec_DevGames/Content/Mapas/Menu/MainMenuWid.uasset" SILENT=true
[2025.11.24-12.29.34:998][323]LogSavePackage: Moving 'E:/Unreal/Fumec_DevGames/Saved/MainMenuWid314A28314F844FF7EE5A0CB7791F9E5B.tmp' to 'E:/Unreal/Fumec_DevGames/Content/Mapas/Menu/MainMenuWid.uasset'
[2025.11.24-12.29.35:020][323]AssetCheck: New page: Asset Save: MainMenuWid
[2025.11.24-12.29.35:020][323]LogContentValidation: Display: Validating WidgetBlueprint /Game/Mapas/Menu/MainMenuWid.MainMenuWid
[2025.11.24-12.29.35:799][401]LogUObjectHash: Compacting FUObjectHashTables data took   3.95ms
[2025.11.24-12.29.35:824][401]Cmd: OBJ SAVEPACKAGE PACKAGE="/Game/Mapas/Menu/MainMenu" FILE="E:/Unreal/Fumec_DevGames/Content/Mapas/Menu/MainMenu.umap" SILENT=true AUTOSAVING=false KEEPDIRTY=false
[2025.11.24-12.29.35:864][401]LogUObjectHash: Compacting FUObjectHashTables data took   0.89ms
[2025.11.24-12.29.35:874][401]LogSavePackage: Moving 'E:/Unreal/Fumec_DevGames/Saved/MainMenuC309C0C94F49BDC90B2C61AA4EFC122A.tmp' to 'E:/Unreal/Fumec_DevGames/Content/Mapas/Menu/MainMenu.umap'
[2025.11.24-12.29.35:897][401]LogFileHelpers: Saving map 'MainMenu' took 0.073
[2025.11.24-12.29.35:898][401]Cmd: OBJ SAVEPACKAGE PACKAGE="/Game/Player/Blueprints/HUD/HUD_Padrao" FILE="E:/Unreal/Fumec_DevGames/Content/Player/Blueprints/HUD/HUD_Padrao.uasset" SILENT=true
[2025.11.24-12.29.35:911][401]LogSavePackage: Moving 'E:/Unreal/Fumec_DevGames/Saved/HUD_PadraoF9C1A716418804540401378C862E729E.tmp' to 'E:/Unreal/Fumec_DevGames/Content/Player/Blueprints/HUD/HUD_Padrao.uasset'
[2025.11.24-12.29.35:930][401]AssetCheck: New page: Asset Save: multiple assets
[2025.11.24-12.29.35:930][401]LogContentValidation: Display: Validating World /Game/Mapas/Menu/MainMenu.MainMenu
[2025.11.24-12.29.35:930][401]LogContentValidation: Display: Validating WidgetBlueprint /Game/Player/Blueprints/HUD/HUD_Padrao.HUD_Padrao
[2025.11.24-12.29.53:326][342]BlueprintLog: New page: Compile Player_BP
[2025.11.24-12.29.53:422][342]LogUObjectHash: Compacting FUObjectHashTables data took   3.86ms
[2025.11.24-12.29.53:499][342]Cmd: OBJ SAVEPACKAGE PACKAGE="/Game/Player/Blueprints/Player_BP" FILE="E:/Unreal/Fumec_DevGames/Content/Player/Blueprints/Player_BP.uasset" SILENT=true
[2025.11.24-12.29.53:600][342]LogSavePackage: Moving 'E:/Unreal/Fumec_DevGames/Saved/Player_BP3F7288784A3DE33DBC2CBABA14C9EC88.tmp' to 'E:/Unreal/Fumec_DevGames/Content/Player/Blueprints/Player_BP.uasset'
[2025.11.24-12.29.53:621][342]AssetCheck: New page: Asset Save: Player_BP
[2025.11.24-12.29.53:621][342]LogContentValidation: Display: Validating Blueprint /Game/Player/Blueprints/Player_BP.Player_BP
[2025.11.24-12.29.54:058][383]LogTemp: Repeating last play command: Selected Viewport
[2025.11.24-12.29.54:065][383]BlueprintLog: New page: Pre-Play auto-recompile
[2025.11.24-12.29.54:066][383]LogPlayLevel: [PlayLevel] Compiling MainMenu before play...
[2025.11.24-12.29.54:113][383]Cmd: OBJ SAVEPACKAGE PACKAGE="/Game/Mapas/Menu/MainMenu" FILE="E:/Unreal/Fumec_DevGames/Content/Mapas/Menu/MainMenu.umap" SILENT=true AUTOSAVING=false KEEPDIRTY=false
[2025.11.24-12.29.54:156][383]LogUObjectHash: Compacting FUObjectHashTables data took   4.19ms
[2025.11.24-12.29.54:166][383]LogSavePackage: Moving 'E:/Unreal/Fumec_DevGames/Saved/MainMenu152FEE4D453301E6106FEBAB9BF57682.tmp' to 'E:/Unreal/Fumec_DevGames/Content/Mapas/Menu/MainMenu.umap'
[2025.11.24-12.29.54:187][383]LogFileHelpers: Saving map 'MainMenu' took 0.073
[2025.11.24-12.29.54:212][383]LogPlayLevel: [PlayLevel] Compiling HUD_Padrao before play...
[2025.11.24-12.29.54:296][383]LogUObjectHash: Compacting FUObjectHashTables data took   4.32ms
[2025.11.24-12.29.54:296][383]LogPlayLevel: PlayLevel: Blueprint regeneration took 230 ms (2 blueprints)
[2025.11.24-12.29.54:296][383]PIE: New page: PIE session: MainMenu (Nov 24, 2025, 6:29:54 AM)
[2025.11.24-12.29.54:297][383]LogPlayLevel: Creating play world package: /Game/Mapas/Menu/UEDPIE_0_MainMenu
[2025.11.24-12.29.54:298][383]LogPlayLevel: PIE: StaticDuplicateObject took: (0.001524s)
[2025.11.24-12.29.54:299][383]LogAIModule: Creating AISystem for world MainMenu
[2025.11.24-12.29.54:299][383]LogPlayLevel: PIE: World Init took: (0.001083s)
[2025.11.24-12.29.54:299][383]LogPlayLevel: PIE: Created PIE world by copying editor world from /Game/Mapas/Menu/MainMenu.MainMenu to /Game/Mapas/Menu/UEDPIE_0_MainMenu.MainMenu (0.002743s)
[2025.11.24-12.29.54:340][383]LogUObjectHash: Compacting FUObjectHashTables data took   2.86ms
[2025.11.24-12.29.54:340][383]LogAudio: Display: Creating Audio Device:                 Id: 31, Scope: Unique, Realtime: True
[2025.11.24-12.29.54:340][383]LogAudioMixer: Display: Audio Mixer Platform Settings:
[2025.11.24-12.29.54:340][383]LogAudioMixer: Display: 	Sample Rate:						  48000
[2025.11.24-12.29.54:341][383]LogAudioMixer: Display: 	Callback Buffer Frame Size Requested: 1024
[2025.11.24-12.29.54:341][383]LogAudioMixer: Display: 	Callback Buffer Frame Size To Use:	  1024
[2025.11.24-12.29.54:341][383]LogAudioMixer: Display: 	Number of buffers to queue:			  2
[2025.11.24-12.29.54:341][383]LogAudioMixer: Display: 	Max Channels (voices):				  32
[2025.11.24-12.29.54:341][383]LogAudioMixer: Display: 	Number of Async Source Workers:		  0
[2025.11.24-12.29.54:341][383]LogAudio: Display: AudioDevice MaxSources: 32
[2025.11.24-12.29.54:341][383]LogAudio: Display: Audio Spatialization Plugin: None (built-in).
[2025.11.24-12.29.54:341][383]LogAudio: Display: Audio Reverb Plugin: None (built-in).
[2025.11.24-12.29.54:341][383]LogAudio: Display: Audio Occlusion Plugin: None (built-in).
[2025.11.24-12.29.54:341][383]LogAudioMixer: Display: Initializing audio mixer.
[2025.11.24-12.29.54:348][383]LogAudioMixer: Display: 0: FrontLeft
[2025.11.24-12.29.54:348][383]LogAudioMixer: Display: 1: FrontRight
[2025.11.24-12.29.54:356][383]LogAudioMixer: Display: Using Audio Device Alto-falantes (Realtek(R) Audio)
[2025.11.24-12.29.54:357][383]LogAudioMixer: Display: Initializing Sound Submixes...
[2025.11.24-12.29.54:357][383]LogAudioMixer: Display: Creating Master Submix 'MasterSubmixDefault'
[2025.11.24-12.29.54:357][383]LogAudioMixer: Display: Creating Master Submix 'MasterReverbSubmixDefault'
[2025.11.24-12.29.54:357][383]LogAudioMixer: Display: Creating Master Submix 'MasterEQSubmixDefault'
[2025.11.24-12.29.54:357][383]LogAudioMixer: FMixerPlatformXAudio2::StartAudioStream() called
[2025.11.24-12.29.54:357][383]LogAudioMixer: Display: Output buffers initialized: Frames=1024, Channels=2, Samples=2048
[2025.11.24-12.29.54:359][383]LogAudioMixer: Display: Starting AudioMixerPlatformInterface::RunInternal()
[2025.11.24-12.29.54:359][383]LogAudioMixer: Display: FMixerPlatformXAudio2::SubmitBuffer() called for the first time
[2025.11.24-12.29.54:359][383]LogInit: FAudioDevice initialized.
[2025.11.24-12.29.54:359][383]LogAudio: Display: Audio Device (ID: 31) registered with world 'MainMenu'.
[2025.11.24-12.29.54:411][383]LogSlate: Updating window title bar state: overlay mode, drag disabled, window buttons hidden, title bar hidden
[2025.11.24-12.29.54:411][383]LogLoad: Game class is 'GameMode'
[2025.11.24-12.29.54:412][383]LogWorld: Bringing World /Game/Mapas/Menu/UEDPIE_0_MainMenu.MainMenu up for play (max tick rate 0) at 2025.11.24-09.29.54
[2025.11.24-12.29.54:413][383]LogWorld: Bringing up level for play took: 0.000925
[2025.11.24-12.29.54:413][383]LogOnline: OSS: Creating online subsystem instance for: :Context_38
[2025.11.24-12.29.54:414][383]LogGameMode: FindPlayerStart: PATHS NOT DEFINED or NO PLAYERSTART with positive rating
[2025.11.24-12.29.54:416][383]LogGameMode: Display: Match State Changed from EnteringMap to WaitingToStart
[2025.11.24-12.29.54:416][383]LogGameState: Match State Changed from EnteringMap to WaitingToStart
[2025.11.24-12.29.54:416][383]LogGameMode: Display: Match State Changed from WaitingToStart to InProgress
[2025.11.24-12.29.54:417][383]LogGameState: Match State Changed from WaitingToStart to InProgress
[2025.11.24-12.29.54:418][383]PIE: Server logged in
[2025.11.24-12.29.54:418][383]PIE: Play in editor total start time 0.354 seconds.
[2025.11.24-12.29.54:512][384]LogRenderer: Reallocating scene render targets to support 1128x736 Format 10 NumSamples 1 (Frame:1).
[2025.11.24-12.29.54:523][384]AssetCheck: New page: Asset Save: MainMenu
[2025.11.24-12.29.54:523][384]LogContentValidation: Display: Validating World /Game/Mapas/Menu/MainMenu.MainMenu
[2025.11.24-12.29.58:519][784]LogGameMode: Display: Match State Changed from InProgress to LeavingMap
[2025.11.24-12.29.58:519][784]LogGameState: Match State Changed from InProgress to LeavingMap
[2025.11.24-12.29.58:519][784]LogNet: Browse: /Game/Mapas/Fases/MapaInicialAr/MapaInicial
[2025.11.24-12.29.58:519][784]LogLoad: LoadMap: /Game/Mapas/Fases/MapaInicialAr/MapaInicial
[2025.11.24-12.29.58:519][784]LogWorld: BeginTearingDown for /Game/Mapas/Menu/UEDPIE_0_MainMenu
[2025.11.24-12.29.58:519][784]LogWorld: UWorld::CleanupWorld for MainMenu, bSessionEnded=true, bCleanupResources=true
[2025.11.24-12.29.58:520][784]LogSlate: InvalidateAllWidgets triggered.  All widgets were invalidated
[2025.11.24-12.29.58:603][784]LogAudio: Display: Audio Device unregistered from world 'None'.
[2025.11.24-12.29.58:608][784]LogUObjectHash: Compacting FUObjectHashTables data took   3.58ms
[2025.11.24-12.29.58:621][784]LogAudio: Display: Audio Device (ID: 31) registered with world 'MapaInicial'.
[2025.11.24-12.29.58:622][784]LogAIModule: Creating AISystem for world MapaInicial
[2025.11.24-12.29.58:622][784]LogLoad: Game class is 'GameModeRL_C'
[2025.11.24-12.29.58:625][784]LogWorld: Bringing World /Game/Mapas/Fases/MapaInicialAr/UEDPIE_0_MapaInicial.MapaInicial up for play (max tick rate 0) at 2025.11.24-09.29.58
[2025.11.24-12.29.58:625][784]LogWorld: Bringing up level for play took: 0.001992
[2025.11.24-12.29.58:627][784]LogLoad: Took 0.108050 seconds to LoadMap(/Game/Mapas/Fases/MapaInicialAr/MapaInicial)
[2025.11.24-12.30.01:192][ 28]LogNet: Browse: /Game/Mapas/Fases/MapadeTeste/MapadeTeste
[2025.11.24-12.30.01:192][ 28]LogLoad: LoadMap: /Game/Mapas/Fases/MapadeTeste/MapadeTeste
[2025.11.24-12.30.01:192][ 28]LogWorld: BeginTearingDown for /Game/Mapas/Fases/MapaInicialAr/UEDPIE_0_MapaInicial
[2025.11.24-12.30.01:193][ 28]LogWorld: UWorld::CleanupWorld for MapaInicial, bSessionEnded=true, bCleanupResources=true
[2025.11.24-12.30.01:193][ 28]LogSlate: InvalidateAllWidgets triggered.  All widgets were invalidated
[2025.11.24-12.30.01:264][ 28]LogAudio: Display: Audio Device unregistered from world 'None'.
[2025.11.24-12.30.01:270][ 28]LogUObjectHash: Compacting FUObjectHashTables data took   3.13ms
[2025.11.24-12.30.02:130][ 28]LogAudio: Display: Audio Device (ID: 31) registered with world 'MapadeTeste'.
[2025.11.24-12.30.02:131][ 28]LogAIModule: Creating AISystem for world MapadeTeste
[2025.11.24-12.30.02:132][ 28]LogLoad: Game class is 'GameModeRL_C'
[2025.11.24-12.30.02:137][ 28]LogWorld: Bringing World /Game/Mapas/Fases/MapadeTeste/UEDPIE_0_MapadeTeste.MapadeTeste up for play (max tick rate 0) at 2025.11.24-09.30.02
[2025.11.24-12.30.02:139][ 28]LogWorld: Bringing up level for play took: 0.005679
[2025.11.24-12.30.02:141][ 28]LogLoad: Took 0.948670 seconds to LoadMap(/Game/Mapas/Fases/MapadeTeste/MapadeTeste)
[2025.11.24-12.30.03:346][120]LogSlate: Updating window title bar state: overlay mode, drag disabled, window buttons hidden, title bar hidden
[2025.11.24-12.30.03:346][120]LogWorld: BeginTearingDown for /Game/Mapas/Fases/MapadeTeste/UEDPIE_0_MapadeTeste
[2025.11.24-12.30.03:347][120]LogSlate: Window 'ColunaDoendoSamurai Preview [NetMode: Standalone]  (64-bit/Windows) ' being destroyed
[2025.11.24-12.30.03:354][120]LogWorld: UWorld::CleanupWorld for MapadeTeste, bSessionEnded=true, bCleanupResources=true
[2025.11.24-12.30.03:354][120]LogSlate: InvalidateAllWidgets triggered.  All widgets were invalidated
[2025.11.24-12.30.03:366][120]LogPlayLevel: Display: Shutting down PIE online subsystems
[2025.11.24-12.30.03:373][120]LogSlate: InvalidateAllWidgets triggered.  All widgets were invalidated
[2025.11.24-12.30.03:411][120]LogAudio: Display: Audio Device unregistered from world 'None'.
[2025.11.24-12.30.03:411][120]LogAudioMixer: FMixerPlatformXAudio2::StopAudioStream() called
[2025.11.24-12.30.03:414][120]LogAudioMixer: FMixerPlatformXAudio2::StopAudioStream() called
[2025.11.24-12.30.03:420][120]LogUObjectHash: Compacting FUObjectHashTables data took   3.22ms
[2025.11.24-12.30.03:442][121]LogPlayLevel: Display: Destroying online subsystem :Context_38
[2025.11.24-12.33.47:437][195]LogUObjectHash: Compacting FUObjectHashTables data took   5.14ms
[2025.11.24-12.33.47:469][195]Cmd: OBJ SAVEPACKAGE PACKAGE="/Game/Player/Blueprints/Player_BP" FILE="E:/Unreal/Fumec_DevGames/Content/Player/Blueprints/Player_BP.uasset" SILENT=true
[2025.11.24-12.33.47:571][195]LogSavePackage: Moving 'E:/Unreal/Fumec_DevGames/Saved/Player_BP1327BA004754FC4D88CD5982EF3F428F.tmp' to 'E:/Unreal/Fumec_DevGames/Content/Player/Blueprints/Player_BP.uasset'
[2025.11.24-12.33.47:572][195]Cmd: OBJ SAVEPACKAGE PACKAGE="/Game/Player/Blueprints/HUD/HUD_Padrao" FILE="E:/Unreal/Fumec_DevGames/Content/Player/Blueprints/HUD/HUD_Padrao.uasset" SILENT=true
[2025.11.24-12.33.47:586][195]LogSavePackage: Moving 'E:/Unreal/Fumec_DevGames/Saved/HUD_PadraoA3F9006C4795AF2A590EEB8A724B5E46.tmp' to 'E:/Unreal/Fumec_DevGames/Content/Player/Blueprints/HUD/HUD_Padrao.uasset'
[2025.11.24-12.33.47:603][195]AssetCheck: New page: Asset Save: multiple assets
[2025.11.24-12.33.47:604][195]LogContentValidation: Display: Validating WidgetBlueprint /Game/Player/Blueprints/HUD/HUD_Padrao.HUD_Padrao
[2025.11.24-12.33.47:604][195]LogContentValidation: Display: Validating Blueprint /Game/Player/Blueprints/Player_BP.Player_BP
[2025.11.24-12.35.24:793][488]BlueprintLog: New page: Compile HUD_Padrao
[2025.11.24-12.35.24:880][488]LogUObjectHash: Compacting FUObjectHashTables data took   3.23ms
[2025.11.24-12.35.24:937][488]Cmd: OBJ SAVEPACKAGE PACKAGE="/Game/Player/Blueprints/HUD/HUD_Padrao" FILE="E:/Unreal/Fumec_DevGames/Content/Player/Blueprints/HUD/HUD_Padrao.uasset" SILENT=true
[2025.11.24-12.35.24:951][488]LogSavePackage: Moving 'E:/Unreal/Fumec_DevGames/Saved/HUD_PadraoDC55EA9C447F5E1AB87D9781727E04AF.tmp' to 'E:/Unreal/Fumec_DevGames/Content/Player/Blueprints/HUD/HUD_Padrao.uasset'
[2025.11.24-12.35.24:974][488]AssetCheck: New page: Asset Save: HUD_Padrao
[2025.11.24-12.35.24:974][488]LogContentValidation: Display: Validating WidgetBlueprint /Game/Player/Blueprints/HUD/HUD_Padrao.HUD_Padrao
[2025.11.24-12.35.38:500][  5]BlueprintLog: New page: Compile HUD_Padrao
[2025.11.24-12.35.38:573][  5]LogUObjectHash: Compacting FUObjectHashTables data took   4.30ms
[2025.11.24-12.35.38:626][  5]Cmd: OBJ SAVEPACKAGE PACKAGE="/Game/Player/Blueprints/HUD/HUD_Padrao" FILE="E:/Unreal/Fumec_DevGames/Content/Player/Blueprints/HUD/HUD_Padrao.uasset" SILENT=true
[2025.11.24-12.35.38:643][  5]LogSavePackage: Moving 'E:/Unreal/Fumec_DevGames/Saved/HUD_Padrao07E321004D6EB5EAFFE687AD46D9E482.tmp' to 'E:/Unreal/Fumec_DevGames/Content/Player/Blueprints/HUD/HUD_Padrao.uasset'
[2025.11.24-12.35.38:664][  5]AssetCheck: New page: Asset Save: HUD_Padrao
[2025.11.24-12.35.38:664][  5]LogContentValidation: Display: Validating WidgetBlueprint /Game/Player/Blueprints/HUD/HUD_Padrao.HUD_Padrao
[2025.11.24-12.47.12:374][172]LogAudioMixer: Resetting audio stream to device id 
[2025.11.24-12.47.12:403][172]LogAudioMixer: Display: 0: FrontLeft
[2025.11.24-12.47.12:403][172]LogAudioMixer: Display: 1: FrontRight
[2025.11.24-12.47.22:773][203]LogUObjectHash: Compacting FUObjectHashTables data took   6.41ms
[2025.11.24-12.47.22:774][203]LogFileHelpers: Editor autosave (incl. external actors) for '/Game/Mapas/Menu/MainMenu' took 0.057
[2025.11.24-12.47.22:825][203]OBJ SavePackage: Generating thumbnails for [0] asset(s) in package [/Game/Player/Blueprints/HUD/HUD_Padrao] ([2] browsable assets)...
[2025.11.24-12.47.22:825][203]OBJ SavePackage: Finished generating thumbnails for package [/Game/Player/Blueprints/HUD/HUD_Padrao]
[2025.11.24-12.47.22:825][203]Cmd: OBJ SAVEPACKAGE PACKAGE="/Game/Player/Blueprints/HUD/HUD_Padrao" FILE="E:/Unreal/Fumec_DevGames/Saved/Autosaves/Game/Player/Blueprints/HUD/HUD_Padrao_Auto3.uasset" SILENT=false AUTOSAVING=true
[2025.11.24-12.47.22:872][203]LogSavePackage: Moving 'E:/Unreal/Fumec_DevGames/Saved/HUD_Padrao_Auto372C238144B269149735903A73174F8C6.tmp' to 'E:/Unreal/Fumec_DevGames/Saved/Autosaves/Game/Player/Blueprints/HUD/HUD_Padrao_Auto3.uasset'
[2025.11.24-12.47.22:927][203]LogFileHelpers: Auto-saving content packages took 0.152
[2025.11.24-12.47.31:902][129]LogHttp: Warning: 000001CA1502DD00: invalid HTTP response code received. URL: https://datarouter.ol.epicgames.com/datarouter/api/v1/public/data?SessionID=%7B16EBEF64-415D-E822-0B73-C893FC833F73%7D&AppID=UEEditor.Rocket.Release&AppVersion=4.27.2-18319896%2B%2B%2BUE4%2BRelease-4.27&UserID=6b32b507452abda10a7c05ae1bad203d%7C38f7320a2cd3485499351c2be7beab48%7C53da50d7-cec7-4077-bfe3-1423eb7dc99f&AppEnvironment=datacollector-binary&UploadType=eteventstream, HTTP code: 0, content length: 0, actual payload size: 0
[2025.11.24-12.47.31:902][129]LogHttp: Warning: 000001CA1502DD00: request failed, libcurl error: 56 (Failure when receiving data from the peer)
[2025.11.24-12.47.31:902][129]LogHttp: Warning: 000001CA1502DD00: libcurl info message cache 0 (Found bundle for host datarouter.ol.epicgames.com: 0x1c89fc855a0 [can pipeline])
[2025.11.24-12.47.31:902][129]LogHttp: Warning: 000001CA1502DD00: libcurl info message cache 1 (Re-using existing connection! (#1) with host datarouter.ol.epicgames.com)
[2025.11.24-12.47.31:902][129]LogHttp: Warning: 000001CA1502DD00: libcurl info message cache 2 (Connected to datarouter.ol.epicgames.com (52.45.128.185) port 443 (#1))
[2025.11.24-12.47.31:902][129]LogHttp: Warning: 000001CA1502DD00: libcurl info message cache 3 (TLSv1.3 (OUT), TLS Unknown, Unknown (23):)
[2025.11.24-12.47.31:902][129]LogHttp: Warning: 000001CA1502DD00: libcurl info message cache 4 (TLSv1.3 (OUT), TLS Unknown, Unknown (23):)
[2025.11.24-12.47.31:902][129]LogHttp: Warning: 000001CA1502DD00: libcurl info message cache 5 (We are completely uploaded and fine)
[2025.11.24-12.47.31:902][129]LogHttp: Warning: 000001CA1502DD00: libcurl info message cache 6 (OpenSSL SSL_read: SSL_ERROR_SYSCALL, errno 10054)
[2025.11.24-12.47.31:902][129]LogHttp: Warning: 000001CA1502DD00: libcurl info message cache 7 (Connection died, retrying a fresh connect)
[2025.11.24-12.47.31:902][129]LogHttp: Warning: 000001CA1502DD00: libcurl info message cache 8 (necessary data rewind wasn't possible)
[2025.11.24-12.47.31:902][129]LogHttp: Warning: 000001CA1502DD00: libcurl info message cache 9 (Closing connection 1)
[2025.11.24-12.47.31:902][129]LogHttp: Warning: 000001CA1502DD00: libcurl info message cache 10 (TLSv1.3 (OUT), TLS Unknown, Unknown (21):)
[2025.11.24-12.47.31:903][129]LogHttp: Warning: Retry exhausted on https://datarouter.ol.epicgames.com/datarouter/api/v1/public/data?SessionID=%7B16EBEF64-415D-E822-0B73-C893FC833F73%7D&AppID=UEEditor.Rocket.Release&AppVersion=4.27.2-18319896%2B%2B%2BUE4%2BRelease-4.27&UserID=6b32b507452abda10a7c05ae1bad203d%7C38f7320a2cd3485499351c2be7beab48%7C53da50d7-cec7-4077-bfe3-1423eb7dc99f&AppEnvironment=datacollector-binary&UploadType=eteventstream
[2025.11.24-12.47.41:839][246]LogHttp: Warning: 000001C9C6CF4800: invalid HTTP response code received. URL: https://datarouter.ol.epicgames.com/datarouter/api/v1/public/data?SessionID=%7B16EBEF64-415D-E822-0B73-C893FC833F73%7D&AppID=UEEditor.Rocket.Release&AppVersion=4.27.2-18319896%2B%2B%2BUE4%2BRelease-4.27&UserID=6b32b507452abda10a7c05ae1bad203d%7C38f7320a2cd3485499351c2be7beab48%7C53da50d7-cec7-4077-bfe3-1423eb7dc99f&AppEnvironment=datacollector-binary&UploadType=eteventstream, HTTP code: 0, content length: 0, actual payload size: 0
[2025.11.24-12.47.41:839][246]LogHttp: Warning: 000001C9C6CF4800: request failed, libcurl error: 6 (Couldn't resolve host name)
[2025.11.24-12.47.41:839][246]LogHttp: Warning: 000001C9C6CF4800: libcurl info message cache 0 (Could not resolve host: datarouter.ol.epicgames.com)
[2025.11.24-12.47.41:839][246]LogHttp: Warning: 000001C9C6CF4800: libcurl info message cache 1 (Closing connection 2)
[2025.11.24-12.47.41:846][247]LogHttp: Warning: Retry exhausted on https://datarouter.ol.epicgames.com/datarouter/api/v1/public/data?SessionID=%7B16EBEF64-415D-E822-0B73-C893FC833F73%7D&AppID=UEEditor.Rocket.Release&AppVersion=4.27.2-18319896%2B%2B%2BUE4%2BRelease-4.27&UserID=6b32b507452abda10a7c05ae1bad203d%7C38f7320a2cd3485499351c2be7beab48%7C53da50d7-cec7-4077-bfe3-1423eb7dc99f&AppEnvironment=datacollector-binary&UploadType=eteventstream
[2025.11.24-12.48.28:563][723]LogSlate: Took 0.011542 seconds to synchronously load lazily loaded font '../../../Engine/Content/Slate/Fonts/Roboto-BoldCondensedItalic.ttf' (160K)
[2025.11.24-12.48.41:854][299]LogHttp: Warning: 000001CA1114A400: invalid HTTP response code received. URL: https://datarouter.ol.epicgames.com/datarouter/api/v1/public/data?SessionID=%7B16EBEF64-415D-E822-0B73-C893FC833F73%7D&AppID=UEEditor.Rocket.Release&AppVersion=4.27.2-18319896%2B%2B%2BUE4%2BRelease-4.27&UserID=6b32b507452abda10a7c05ae1bad203d%7C38f7320a2cd3485499351c2be7beab48%7C53da50d7-cec7-4077-bfe3-1423eb7dc99f&AppEnvironment=datacollector-binary&UploadType=eteventstream, HTTP code: 0, content length: 0, actual payload size: 0
[2025.11.24-12.48.41:854][299]LogHttp: Warning: 000001CA1114A400: request failed, libcurl error: 6 (Couldn't resolve host name)
[2025.11.24-12.48.41:854][299]LogHttp: Warning: 000001CA1114A400: libcurl info message cache 0 (Could not resolve host: datarouter.ol.epicgames.com)
[2025.11.24-12.48.41:854][299]LogHttp: Warning: 000001CA1114A400: libcurl info message cache 1 (Closing connection 3)
[2025.11.24-12.48.41:854][299]LogHttp: Warning: Retry exhausted on https://datarouter.ol.epicgames.com/datarouter/api/v1/public/data?SessionID=%7B16EBEF64-415D-E822-0B73-C893FC833F73%7D&AppID=UEEditor.Rocket.Release&AppVersion=4.27.2-18319896%2B%2B%2BUE4%2BRelease-4.27&UserID=6b32b507452abda10a7c05ae1bad203d%7C38f7320a2cd3485499351c2be7beab48%7C53da50d7-cec7-4077-bfe3-1423eb7dc99f&AppEnvironment=datacollector-binary&UploadType=eteventstream
[2025.11.24-12.49.38:953][832]BlueprintLog: New page: Compile HUD_Padrao
[2025.11.24-12.49.39:026][832]LogUObjectHash: Compacting FUObjectHashTables data took   4.47ms
[2025.11.24-12.49.39:077][832]Cmd: OBJ SAVEPACKAGE PACKAGE="/Game/Player/Blueprints/HUD/HUD_Padrao" FILE="E:/Unreal/Fumec_DevGames/Content/Player/Blueprints/HUD/HUD_Padrao.uasset" SILENT=true
[2025.11.24-12.49.39:099][832]LogSavePackage: Moving 'E:/Unreal/Fumec_DevGames/Saved/HUD_Padrao135BDE83400817525A370FAECCD8972E.tmp' to 'E:/Unreal/Fumec_DevGames/Content/Player/Blueprints/HUD/HUD_Padrao.uasset'
[2025.11.24-12.49.39:120][832]AssetCheck: New page: Asset Save: HUD_Padrao
[2025.11.24-12.49.39:120][832]LogContentValidation: Display: Validating WidgetBlueprint /Game/Player/Blueprints/HUD/HUD_Padrao.HUD_Padrao
[2025.11.24-12.49.41:850][154]LogHttp: Warning: 000001C9E7C65600: invalid HTTP response code received. URL: https://datarouter.ol.epicgames.com/datarouter/api/v1/public/data?SessionID=%7B16EBEF64-415D-E822-0B73-C893FC833F73%7D&AppID=UEEditor.Rocket.Release&AppVersion=4.27.2-18319896%2B%2B%2BUE4%2BRelease-4.27&UserID=6b32b507452abda10a7c05ae1bad203d%7C38f7320a2cd3485499351c2be7beab48%7C53da50d7-cec7-4077-bfe3-1423eb7dc99f&AppEnvironment=datacollector-binary&UploadType=eteventstream, HTTP code: 0, content length: 0, actual payload size: 0
[2025.11.24-12.49.41:850][154]LogHttp: Warning: 000001C9E7C65600: request failed, libcurl error: 6 (Couldn't resolve host name)
[2025.11.24-12.49.41:850][154]LogHttp: Warning: 000001C9E7C65600: libcurl info message cache 0 (Could not resolve host: datarouter.ol.epicgames.com)
[2025.11.24-12.49.41:850][154]LogHttp: Warning: 000001C9E7C65600: libcurl info message cache 1 (Closing connection 4)
[2025.11.24-12.49.41:857][155]LogHttp: Warning: Retry exhausted on https://datarouter.ol.epicgames.com/datarouter/api/v1/public/data?SessionID=%7B16EBEF64-415D-E822-0B73-C893FC833F73%7D&AppID=UEEditor.Rocket.Release&AppVersion=4.27.2-18319896%2B%2B%2BUE4%2BRelease-4.27&UserID=6b32b507452abda10a7c05ae1bad203d%7C38f7320a2cd3485499351c2be7beab48%7C53da50d7-cec7-4077-bfe3-1423eb7dc99f&AppEnvironment=datacollector-binary&UploadType=eteventstream
[2025.11.24-12.50.11:315][564]BlueprintLog: New page: Compile HUD_Padrao
[2025.11.24-12.50.11:387][564]LogUObjectHash: Compacting FUObjectHashTables data took   4.26ms
[2025.11.24-12.50.11:439][564]Cmd: OBJ SAVEPACKAGE PACKAGE="/Game/Player/Blueprints/HUD/HUD_Padrao" FILE="E:/Unreal/Fumec_DevGames/Content/Player/Blueprints/HUD/HUD_Padrao.uasset" SILENT=true
[2025.11.24-12.50.11:462][564]LogSavePackage: Moving 'E:/Unreal/Fumec_DevGames/Saved/HUD_Padrao2B75098546A4387F7EE425A429C1193A.tmp' to 'E:/Unreal/Fumec_DevGames/Content/Player/Blueprints/HUD/HUD_Padrao.uasset'
[2025.11.24-12.50.11:481][564]AssetCheck: New page: Asset Save: HUD_Padrao
[2025.11.24-12.50.11:481][564]LogContentValidation: Display: Validating WidgetBlueprint /Game/Player/Blueprints/HUD/HUD_Padrao.HUD_Padrao
[2025.11.24-12.50.11:840][599]Cmd: OBJ SAVEPACKAGE PACKAGE="/Game/Player/Blueprints/HUD/HUD_Padrao" FILE="E:/Unreal/Fumec_DevGames/Content/Player/Blueprints/HUD/HUD_Padrao.uasset" SILENT=true
[2025.11.24-12.50.11:864][599]LogSavePackage: Moving 'E:/Unreal/Fumec_DevGames/Saved/HUD_PadraoD24FF1654D891C8F552677BBD5166E9C.tmp' to 'E:/Unreal/Fumec_DevGames/Content/Player/Blueprints/HUD/HUD_Padrao.uasset'
[2025.11.24-12.50.11:887][599]AssetCheck: New page: Asset Save: HUD_Padrao
[2025.11.24-12.50.11:887][599]LogContentValidation: Display: Validating WidgetBlueprint /Game/Player/Blueprints/HUD/HUD_Padrao.HUD_Padrao
[2025.11.24-12.50.17:924][284]BlueprintLog: New page: Compile HUD_Padrao
[2025.11.24-12.50.17:999][284]LogUObjectHash: Compacting FUObjectHashTables data took   4.23ms
[2025.11.24-12.50.18:041][284]Cmd: OBJ SAVEPACKAGE PACKAGE="/Game/Player/Blueprints/HUD/HUD_Padrao" FILE="E:/Unreal/Fumec_DevGames/Content/Player/Blueprints/HUD/HUD_Padrao.uasset" SILENT=true
[2025.11.24-12.50.18:064][284]LogSavePackage: Moving 'E:/Unreal/Fumec_DevGames/Saved/HUD_PadraoE8CB14D34C47F38FCAC9A287B1DC7806.tmp' to 'E:/Unreal/Fumec_DevGames/Content/Player/Blueprints/HUD/HUD_Padrao.uasset'
[2025.11.24-12.50.18:086][284]AssetCheck: New page: Asset Save: HUD_Padrao
[2025.11.24-12.50.18:086][284]LogContentValidation: Display: Validating WidgetBlueprint /Game/Player/Blueprints/HUD/HUD_Padrao.HUD_Padrao
[2025.11.24-12.50.18:676][341]Cmd: OBJ SAVEPACKAGE PACKAGE="/Game/Player/Blueprints/HUD/HUD_Padrao" FILE="E:/Unreal/Fumec_DevGames/Content/Player/Blueprints/HUD/HUD_Padrao.uasset" SILENT=true
[2025.11.24-12.50.18:700][341]LogSavePackage: Moving 'E:/Unreal/Fumec_DevGames/Saved/HUD_Padrao89F4E4AB42E07C838097FCA4DEE4DE71.tmp' to 'E:/Unreal/Fumec_DevGames/Content/Player/Blueprints/HUD/HUD_Padrao.uasset'
[2025.11.24-12.50.18:722][341]AssetCheck: New page: Asset Save: HUD_Padrao
[2025.11.24-12.50.18:722][341]LogContentValidation: Display: Validating WidgetBlueprint /Game/Player/Blueprints/HUD/HUD_Padrao.HUD_Padrao
[2025.11.24-12.50.41:838][ 81]LogHttp: Warning: 000001C9C6CF7200: invalid HTTP response code received. URL: https://datarouter.ol.epicgames.com/datarouter/api/v1/public/data?SessionID=%7B16EBEF64-415D-E822-0B73-C893FC833F73%7D&AppID=UEEditor.Rocket.Release&AppVersion=4.27.2-18319896%2B%2B%2BUE4%2BRelease-4.27&UserID=6b32b507452abda10a7c05ae1bad203d%7C38f7320a2cd3485499351c2be7beab48%7C53da50d7-cec7-4077-bfe3-1423eb7dc99f&AppEnvironment=datacollector-binary&UploadType=eteventstream, HTTP code: 0, content length: 0, actual payload size: 0
[2025.11.24-12.50.41:838][ 81]LogHttp: Warning: 000001C9C6CF7200: request failed, libcurl error: 6 (Couldn't resolve host name)
[2025.11.24-12.50.41:838][ 81]LogHttp: Warning: 000001C9C6CF7200: libcurl info message cache 0 (Could not resolve host: datarouter.ol.epicgames.com)
[2025.11.24-12.50.41:838][ 81]LogHttp: Warning: 000001C9C6CF7200: libcurl info message cache 1 (Closing connection 5)
[2025.11.24-12.50.41:838][ 81]LogHttp: Warning: Retry exhausted on https://datarouter.ol.epicgames.com/datarouter/api/v1/public/data?SessionID=%7B16EBEF64-415D-E822-0B73-C893FC833F73%7D&AppID=UEEditor.Rocket.Release&AppVersion=4.27.2-18319896%2B%2B%2BUE4%2BRelease-4.27&UserID=6b32b507452abda10a7c05ae1bad203d%7C38f7320a2cd3485499351c2be7beab48%7C53da50d7-cec7-4077-bfe3-1423eb7dc99f&AppEnvironment=datacollector-binary&UploadType=eteventstream
[2025.11.24-12.51.19:166][116]BlueprintLog: New page: Compile Player_BP
[2025.11.24-12.51.19:268][116]LogUObjectHash: Compacting FUObjectHashTables data took   4.30ms
[2025.11.24-12.51.19:331][116]Cmd: OBJ SAVEPACKAGE PACKAGE="/Game/Player/Blueprints/Player_BP" FILE="E:/Unreal/Fumec_DevGames/Content/Player/Blueprints/Player_BP.uasset" SILENT=true
[2025.11.24-12.51.19:428][116]LogSavePackage: Moving 'E:/Unreal/Fumec_DevGames/Saved/Player_BP9FD2479B4D7F1E41CE5C1DADBAD37148.tmp' to 'E:/Unreal/Fumec_DevGames/Content/Player/Blueprints/Player_BP.uasset'
[2025.11.24-12.51.19:457][116]AssetCheck: New page: Asset Save: Player_BP
[2025.11.24-12.51.19:457][116]LogContentValidation: Display: Validating Blueprint /Game/Player/Blueprints/Player_BP.Player_BP
[2025.11.24-12.51.20:113][174]LogTemp: Repeating last play command: Selected Viewport
[2025.11.24-12.51.20:121][174]LogPlayLevel: PlayLevel: No blueprints needed recompiling
[2025.11.24-12.51.20:121][174]PIE: New page: PIE session: MainMenu (Nov 24, 2025, 6:51:20 AM)
[2025.11.24-12.51.20:121][174]LogPlayLevel: Creating play world package: /Game/Mapas/Menu/UEDPIE_0_MainMenu
[2025.11.24-12.51.20:123][174]LogPlayLevel: PIE: StaticDuplicateObject took: (0.001879s)
[2025.11.24-12.51.20:124][174]LogAIModule: Creating AISystem for world MainMenu
[2025.11.24-12.51.20:124][174]LogPlayLevel: PIE: World Init took: (0.001486s)
[2025.11.24-12.51.20:124][174]LogPlayLevel: PIE: Created PIE world by copying editor world from /Game/Mapas/Menu/MainMenu.MainMenu to /Game/Mapas/Menu/UEDPIE_0_MainMenu.MainMenu (0.003566s)
[2025.11.24-12.51.20:170][174]LogUObjectHash: Compacting FUObjectHashTables data took   5.15ms
[2025.11.24-12.51.20:170][174]LogAudio: Display: Creating Audio Device:                 Id: 32, Scope: Unique, Realtime: True
[2025.11.24-12.51.20:170][174]LogAudioMixer: Display: Audio Mixer Platform Settings:
[2025.11.24-12.51.20:170][174]LogAudioMixer: Display: 	Sample Rate:						  48000
[2025.11.24-12.51.20:170][174]LogAudioMixer: Display: 	Callback Buffer Frame Size Requested: 1024
[2025.11.24-12.51.20:170][174]LogAudioMixer: Display: 	Callback Buffer Frame Size To Use:	  1024
[2025.11.24-12.51.20:171][174]LogAudioMixer: Display: 	Number of buffers to queue:			  2
[2025.11.24-12.51.20:171][174]LogAudioMixer: Display: 	Max Channels (voices):				  32
[2025.11.24-12.51.20:171][174]LogAudioMixer: Display: 	Number of Async Source Workers:		  0
[2025.11.24-12.51.20:171][174]LogAudio: Display: AudioDevice MaxSources: 32
[2025.11.24-12.51.20:171][174]LogAudio: Display: Audio Spatialization Plugin: None (built-in).
[2025.11.24-12.51.20:171][174]LogAudio: Display: Audio Reverb Plugin: None (built-in).
[2025.11.24-12.51.20:171][174]LogAudio: Display: Audio Occlusion Plugin: None (built-in).
[2025.11.24-12.51.20:171][174]LogAudioMixer: Display: Initializing audio mixer.
[2025.11.24-12.51.20:178][174]LogAudioMixer: Display: 0: FrontLeft
[2025.11.24-12.51.20:178][174]LogAudioMixer: Display: 1: FrontRight
[2025.11.24-12.51.20:187][174]LogAudioMixer: Display: Using Audio Device Alto-falantes (Realtek(R) Audio)
[2025.11.24-12.51.20:187][174]LogAudioMixer: Display: Initializing Sound Submixes...
[2025.11.24-12.51.20:188][174]LogAudioMixer: Display: Creating Master Submix 'MasterSubmixDefault'
[2025.11.24-12.51.20:188][174]LogAudioMixer: Display: Creating Master Submix 'MasterReverbSubmixDefault'
[2025.11.24-12.51.20:188][174]LogAudioMixer: Display: Creating Master Submix 'MasterEQSubmixDefault'
[2025.11.24-12.51.20:188][174]LogAudioMixer: FMixerPlatformXAudio2::StartAudioStream() called
[2025.11.24-12.51.20:188][174]LogAudioMixer: Display: Output buffers initialized: Frames=1024, Channels=2, Samples=2048
[2025.11.24-12.51.20:190][174]LogAudioMixer: Display: Starting AudioMixerPlatformInterface::RunInternal()
[2025.11.24-12.51.20:190][174]LogAudioMixer: Display: FMixerPlatformXAudio2::SubmitBuffer() called for the first time
[2025.11.24-12.51.20:190][174]LogInit: FAudioDevice initialized.
[2025.11.24-12.51.20:190][174]LogAudio: Display: Audio Device (ID: 32) registered with world 'MainMenu'.
[2025.11.24-12.51.20:243][174]LogSlate: Updating window title bar state: overlay mode, drag disabled, window buttons hidden, title bar hidden
[2025.11.24-12.51.20:243][174]LogLoad: Game class is 'GameMode'
[2025.11.24-12.51.20:244][174]LogWorld: Bringing World /Game/Mapas/Menu/UEDPIE_0_MainMenu.MainMenu up for play (max tick rate 0) at 2025.11.24-09.51.20
[2025.11.24-12.51.20:245][174]LogWorld: Bringing up level for play took: 0.000663
[2025.11.24-12.51.20:245][174]LogOnline: OSS: Creating online subsystem instance for: :Context_39
[2025.11.24-12.51.20:247][174]LogGameMode: FindPlayerStart: PATHS NOT DEFINED or NO PLAYERSTART with positive rating
[2025.11.24-12.51.20:248][174]LogGameMode: Display: Match State Changed from EnteringMap to WaitingToStart
[2025.11.24-12.51.20:248][174]LogGameState: Match State Changed from EnteringMap to WaitingToStart
[2025.11.24-12.51.20:248][174]LogGameMode: Display: Match State Changed from WaitingToStart to InProgress
[2025.11.24-12.51.20:249][174]LogGameState: Match State Changed from WaitingToStart to InProgress
[2025.11.24-12.51.20:252][174]PIE: Server logged in
[2025.11.24-12.51.20:257][174]PIE: Play in editor total start time 0.137 seconds.
[2025.11.24-12.51.20:292][175]LogRenderer: Reallocating scene render targets to support 1128x744 Format 10 NumSamples 1 (Frame:1).
[2025.11.24-12.51.24:209][506]LogGameMode: Display: Match State Changed from InProgress to LeavingMap
[2025.11.24-12.51.24:209][506]LogGameState: Match State Changed from InProgress to LeavingMap
[2025.11.24-12.51.24:210][506]LogNet: Browse: /Game/Mapas/Fases/MapaInicialAr/MapaInicial
[2025.11.24-12.51.24:210][506]LogLoad: LoadMap: /Game/Mapas/Fases/MapaInicialAr/MapaInicial
[2025.11.24-12.51.24:210][506]LogWorld: BeginTearingDown for /Game/Mapas/Menu/UEDPIE_0_MainMenu
[2025.11.24-12.51.24:210][506]LogWorld: UWorld::CleanupWorld for MainMenu, bSessionEnded=true, bCleanupResources=true
[2025.11.24-12.51.24:210][506]LogSlate: InvalidateAllWidgets triggered.  All widgets were invalidated
[2025.11.24-12.51.24:278][506]LogAudio: Display: Audio Device unregistered from world 'None'.
[2025.11.24-12.51.24:282][506]LogUObjectHash: Compacting FUObjectHashTables data took   3.12ms
[2025.11.24-12.51.24:297][506]LogAudio: Display: Audio Device (ID: 32) registered with world 'MapaInicial'.
[2025.11.24-12.51.24:298][506]LogAIModule: Creating AISystem for world MapaInicial
[2025.11.24-12.51.24:299][506]LogLoad: Game class is 'GameModeRL_C'
[2025.11.24-12.51.24:301][506]LogWorld: Bringing World /Game/Mapas/Fases/MapaInicialAr/UEDPIE_0_MapaInicial.MapaInicial up for play (max tick rate 0) at 2025.11.24-09.51.24
[2025.11.24-12.51.24:303][506]LogWorld: Bringing up level for play took: 0.002314
[2025.11.24-12.51.24:306][506]LogLoad: Took 0.095710 seconds to LoadMap(/Game/Mapas/Fases/MapaInicialAr/MapaInicial)
[2025.11.24-12.51.27:076][741]LogSlate: Window 'ColunaDoendoSamurai Preview [NetMode: Standalone]  (64-bit/Windows) ' being destroyed
[2025.11.24-12.51.27:092][741]LogWorld: BeginTearingDown for /Game/Mapas/Fases/MapaInicialAr/UEDPIE_0_MapaInicial
[2025.11.24-12.51.27:120][741]LogWorld: UWorld::CleanupWorld for MapaInicial, bSessionEnded=true, bCleanupResources=true
[2025.11.24-12.51.27:121][741]LogSlate: InvalidateAllWidgets triggered.  All widgets were invalidated
[2025.11.24-12.51.27:131][741]LogPlayLevel: Display: Shutting down PIE online subsystems
[2025.11.24-12.51.27:139][741]LogSlate: InvalidateAllWidgets triggered.  All widgets were invalidated
[2025.11.24-12.51.27:179][741]LogAudio: Display: Audio Device unregistered from world 'None'.
[2025.11.24-12.51.27:179][741]LogAudioMixer: FMixerPlatformXAudio2::StopAudioStream() called
[2025.11.24-12.51.27:180][741]LogAudioMixer: FMixerPlatformXAudio2::StopAudioStream() called
[2025.11.24-12.51.27:186][741]LogUObjectHash: Compacting FUObjectHashTables data took   3.00ms
[2025.11.24-12.51.27:218][742]LogPlayLevel: Display: Destroying online subsystem :Context_39
[2025.11.24-12.51.41:857][221]LogHttp: Warning: 000001CA11C4C800: invalid HTTP response code received. URL: https://datarouter.ol.epicgames.com/datarouter/api/v1/public/data?SessionID=%7B16EBEF64-415D-E822-0B73-C893FC833F73%7D&AppID=UEEditor.Rocket.Release&AppVersion=4.27.2-18319896%2B%2B%2BUE4%2BRelease-4.27&UserID=6b32b507452abda10a7c05ae1bad203d%7C38f7320a2cd3485499351c2be7beab48%7C53da50d7-cec7-4077-bfe3-1423eb7dc99f&AppEnvironment=datacollector-binary&UploadType=eteventstream, HTTP code: 0, content length: 0, actual payload size: 0
[2025.11.24-12.51.41:857][221]LogHttp: Warning: 000001CA11C4C800: request failed, libcurl error: 6 (Couldn't resolve host name)
[2025.11.24-12.51.41:857][221]LogHttp: Warning: 000001CA11C4C800: libcurl info message cache 0 (Could not resolve host: datarouter.ol.epicgames.com)
[2025.11.24-12.51.41:857][221]LogHttp: Warning: 000001CA11C4C800: libcurl info message cache 1 (Closing connection 6)
[2025.11.24-12.51.41:857][221]LogHttp: Warning: Retry exhausted on https://datarouter.ol.epicgames.com/datarouter/api/v1/public/data?SessionID=%7B16EBEF64-415D-E822-0B73-C893FC833F73%7D&AppID=UEEditor.Rocket.Release&AppVersion=4.27.2-18319896%2B%2B%2BUE4%2BRelease-4.27&UserID=6b32b507452abda10a7c05ae1bad203d%7C38f7320a2cd3485499351c2be7beab48%7C53da50d7-cec7-4077-bfe3-1423eb7dc99f&AppEnvironment=datacollector-binary&UploadType=eteventstream
[2025.11.24-12.52.41:855][150]LogHttp: Warning: 000001CA11200F00: invalid HTTP response code received. URL: https://datarouter.ol.epicgames.com/datarouter/api/v1/public/data?SessionID=%7B16EBEF64-415D-E822-0B73-C893FC833F73%7D&AppID=UEEditor.Rocket.Release&AppVersion=4.27.2-18319896%2B%2B%2BUE4%2BRelease-4.27&UserID=6b32b507452abda10a7c05ae1bad203d%7C38f7320a2cd3485499351c2be7beab48%7C53da50d7-cec7-4077-bfe3-1423eb7dc99f&AppEnvironment=datacollector-binary&UploadType=eteventstream, HTTP code: 0, content length: 0, actual payload size: 0
[2025.11.24-12.52.41:855][150]LogHttp: Warning: 000001CA11200F00: request failed, libcurl error: 6 (Couldn't resolve host name)
[2025.11.24-12.52.41:855][150]LogHttp: Warning: 000001CA11200F00: libcurl info message cache 0 (Could not resolve host: datarouter.ol.epicgames.com)
[2025.11.24-12.52.41:855][150]LogHttp: Warning: 000001CA11200F00: libcurl info message cache 1 (Closing connection 7)
[2025.11.24-12.52.41:869][151]LogHttp: Warning: Retry exhausted on https://datarouter.ol.epicgames.com/datarouter/api/v1/public/data?SessionID=%7B16EBEF64-415D-E822-0B73-C893FC833F73%7D&AppID=UEEditor.Rocket.Release&AppVersion=4.27.2-18319896%2B%2B%2BUE4%2BRelease-4.27&UserID=6b32b507452abda10a7c05ae1bad203d%7C38f7320a2cd3485499351c2be7beab48%7C53da50d7-cec7-4077-bfe3-1423eb7dc99f&AppEnvironment=datacollector-binary&UploadType=eteventstream
[2025.11.24-13.06.53:711][491]LogAudioMixer: Resetting audio stream to device id 
[2025.11.24-13.06.53:934][491]LogAudioMixer: Display: 0: FrontLeft
[2025.11.24-13.06.53:934][491]LogAudioMixer: Display: 1: FrontRight
[2025.11.24-13.06.54:427][493]LogHttp: Warning: 000001CA11200F00: invalid HTTP response code received. URL: https://datarouter.ol.epicgames.com/datarouter/api/v1/public/data?SessionID=%7B16EBEF64-415D-E822-0B73-C893FC833F73%7D&AppID=UEEditor.Rocket.Release&AppVersion=4.27.2-18319896%2B%2B%2BUE4%2BRelease-4.27&UserID=6b32b507452abda10a7c05ae1bad203d%7C38f7320a2cd3485499351c2be7beab48%7C53da50d7-cec7-4077-bfe3-1423eb7dc99f&AppEnvironment=datacollector-binary&UploadType=eteventstream, HTTP code: 0, content length: 0, actual payload size: 0
[2025.11.24-13.06.54:427][493]LogHttp: Warning: 000001CA11200F00: request failed, libcurl error: 6 (Couldn't resolve host name)
[2025.11.24-13.06.54:427][493]LogHttp: Warning: 000001CA11200F00: libcurl info message cache 0 (Could not resolve host: datarouter.ol.epicgames.com)
[2025.11.24-13.06.54:427][493]LogHttp: Warning: 000001CA11200F00: libcurl info message cache 1 (Closing connection 8)
[2025.11.24-13.06.54:427][493]LogHttp: Warning: Retry exhausted on https://datarouter.ol.epicgames.com/datarouter/api/v1/public/data?SessionID=%7B16EBEF64-415D-E822-0B73-C893FC833F73%7D&AppID=UEEditor.Rocket.Release&AppVersion=4.27.2-18319896%2B%2B%2BUE4%2BRelease-4.27&UserID=6b32b507452abda10a7c05ae1bad203d%7C38f7320a2cd3485499351c2be7beab48%7C53da50d7-cec7-4077-bfe3-1423eb7dc99f&AppEnvironment=datacollector-binary&UploadType=eteventstream
[2025.11.24-13.07.41:829][431]LogHttp: Warning: 000001CA1785B900: invalid HTTP response code received. URL: https://datarouter.ol.epicgames.com/datarouter/api/v1/public/data?SessionID=%7B16EBEF64-415D-E822-0B73-C893FC833F73%7D&AppID=UEEditor.Rocket.Release&AppVersion=4.27.2-18319896%2B%2B%2BUE4%2BRelease-4.27&UserID=6b32b507452abda10a7c05ae1bad203d%7C38f7320a2cd3485499351c2be7beab48%7C53da50d7-cec7-4077-bfe3-1423eb7dc99f&AppEnvironment=datacollector-binary&UploadType=eteventstream, HTTP code: 0, content length: 0, actual payload size: 0
[2025.11.24-13.07.41:829][431]LogHttp: Warning: 000001CA1785B900: request failed, libcurl error: 6 (Couldn't resolve host name)
[2025.11.24-13.07.41:829][431]LogHttp: Warning: 000001CA1785B900: libcurl info message cache 0 (Could not resolve host: datarouter.ol.epicgames.com)
[2025.11.24-13.07.41:829][431]LogHttp: Warning: 000001CA1785B900: libcurl info message cache 1 (Closing connection 9)
[2025.11.24-13.07.41:829][431]LogHttp: Warning: Retry exhausted on https://datarouter.ol.epicgames.com/datarouter/api/v1/public/data?SessionID=%7B16EBEF64-415D-E822-0B73-C893FC833F73%7D&AppID=UEEditor.Rocket.Release&AppVersion=4.27.2-18319896%2B%2B%2BUE4%2BRelease-4.27&UserID=6b32b507452abda10a7c05ae1bad203d%7C38f7320a2cd3485499351c2be7beab48%7C53da50d7-cec7-4077-bfe3-1423eb7dc99f&AppEnvironment=datacollector-binary&UploadType=eteventstream
[2025.11.24-13.08.09:930][560]LogUObjectHash: Compacting FUObjectHashTables data took   3.47ms
[2025.11.24-13.08.09:977][560]LogAssetEditorSubsystem: Opening Asset editor for World /Game/Mapas/Fases/MapaInicialAr/MapaInicial.MapaInicial
[2025.11.24-13.08.09:978][560]Cmd: MAP LOAD FILE="E:/Unreal/Fumec_DevGames/Content/Mapas/Fases/MapaInicialAr/MapaInicial.umap" TEMPLATE=0 SHOWPROGRESS=1 FEATURELEVEL=3
[2025.11.24-13.08.09:978][560]LightingResults: New page: Lighting Build
[2025.11.24-13.08.09:979][560]LoadErrors: New page: Loading map: MapaInicial.umap
[2025.11.24-13.08.09:994][560]LogWorld: UWorld::CleanupWorld for World_7, bSessionEnded=true, bCleanupResources=true
[2025.11.24-13.08.09:994][560]LogSlate: InvalidateAllWidgets triggered.  All widgets were invalidated
[2025.11.24-13.08.10:067][560]LogWorld: UWorld::CleanupWorld for MainMenu, bSessionEnded=true, bCleanupResources=true
[2025.11.24-13.08.10:067][560]LogSlate: InvalidateAllWidgets triggered.  All widgets were invalidated
[2025.11.24-13.08.10:067][560]MapCheck: New page: Map Check
[2025.11.24-13.08.10:067][560]LightingResults: New page: Lighting Build
[2025.11.24-13.08.10:103][560]LogAudio: Display: Audio Device unregistered from world 'None'.
[2025.11.24-13.08.10:113][560]LogUObjectHash: Compacting FUObjectHashTables data took   3.58ms
[2025.11.24-13.08.10:115][560]LogAudio: Display: Audio Device (ID: 1) registered with world 'MapaInicial'.
[2025.11.24-13.08.10:252][560]LogEditorServer: Finished looking for orphan Actors (0.000 secs)
[2025.11.24-13.08.10:252][560]LogAIModule: Creating AISystem for world MapaInicial
[2025.11.24-13.08.10:294][560]LogUObjectHash: Compacting FUObjectHashTables data took   2.87ms
[2025.11.24-13.08.10:312][560]Cmd: MAP CHECKDEP NOCLEARLOG
[2025.11.24-13.08.10:312][560]MapCheck: Map check complete: 0 Error(s), 0 Warning(s), took 0.106ms to complete.
[2025.11.24-13.08.10:312][560]LogFileHelpers: Loading map 'MapaInicial' took 0.335
[2025.11.24-13.08.13:461][892]LogAssetEditorSubsystem: Opening Asset editor for Blueprint /Game/Mapas/Fases/MapaInicialAr/PortalInicio.PortalInicio
[2025.11.24-13.08.41:831][ 76]LogHttp: Warning: 000001C942A2C800: invalid HTTP response code received. URL: https://datarouter.ol.epicgames.com/datarouter/api/v1/public/data?SessionID=%7B16EBEF64-415D-E822-0B73-C893FC833F73%7D&AppID=UEEditor.Rocket.Release&AppVersion=4.27.2-18319896%2B%2B%2BUE4%2BRelease-4.27&UserID=6b32b507452abda10a7c05ae1bad203d%7C38f7320a2cd3485499351c2be7beab48%7C53da50d7-cec7-4077-bfe3-1423eb7dc99f&AppEnvironment=datacollector-binary&UploadType=eteventstream, HTTP code: 0, content length: 0, actual payload size: 0
[2025.11.24-13.08.41:831][ 76]LogHttp: Warning: 000001C942A2C800: request failed, libcurl error: 6 (Couldn't resolve host name)
[2025.11.24-13.08.41:831][ 76]LogHttp: Warning: 000001C942A2C800: libcurl info message cache 0 (Could not resolve host: datarouter.ol.epicgames.com)
[2025.11.24-13.08.41:831][ 76]LogHttp: Warning: 000001C942A2C800: libcurl info message cache 1 (Closing connection 10)
[2025.11.24-13.08.41:840][ 77]LogHttp: Warning: Retry exhausted on https://datarouter.ol.epicgames.com/datarouter/api/v1/public/data?SessionID=%7B16EBEF64-415D-E822-0B73-C893FC833F73%7D&AppID=UEEditor.Rocket.Release&AppVersion=4.27.2-18319896%2B%2B%2BUE4%2BRelease-4.27&UserID=6b32b507452abda10a7c05ae1bad203d%7C38f7320a2cd3485499351c2be7beab48%7C53da50d7-cec7-4077-bfe3-1423eb7dc99f&AppEnvironment=datacollector-binary&UploadType=eteventstream
[2025.11.24-13.09.21:098][565]BlueprintLog: New page: Compile Player_BP
[2025.11.24-13.09.21:203][565]LogUObjectHash: Compacting FUObjectHashTables data took   4.29ms
[2025.11.24-13.09.21:723][565]Cmd: OBJ SAVEPACKAGE PACKAGE="/Game/Player/Blueprints/Player_BP" FILE="E:/Unreal/Fumec_DevGames/Content/Player/Blueprints/Player_BP.uasset" SILENT=true
[2025.11.24-13.09.21:823][565]LogSavePackage: Moving 'E:/Unreal/Fumec_DevGames/Saved/Player_BP240AB75749C725CB7833DD988DD22BB0.tmp' to 'E:/Unreal/Fumec_DevGames/Content/Player/Blueprints/Player_BP.uasset'
[2025.11.24-13.09.21:844][565]AssetCheck: New page: Asset Save: Player_BP
[2025.11.24-13.09.21:844][565]LogContentValidation: Display: Validating Blueprint /Game/Player/Blueprints/Player_BP.Player_BP
[2025.11.24-13.09.41:834][881]LogHttp: Warning: 000001C8F6FD6B00: invalid HTTP response code received. URL: https://datarouter.ol.epicgames.com/datarouter/api/v1/public/data?SessionID=%7B16EBEF64-415D-E822-0B73-C893FC833F73%7D&AppID=UEEditor.Rocket.Release&AppVersion=4.27.2-18319896%2B%2B%2BUE4%2BRelease-4.27&UserID=6b32b507452abda10a7c05ae1bad203d%7C38f7320a2cd3485499351c2be7beab48%7C53da50d7-cec7-4077-bfe3-1423eb7dc99f&AppEnvironment=datacollector-binary&UploadType=eteventstream, HTTP code: 0, content length: 0, actual payload size: 0
[2025.11.24-13.09.41:834][881]LogHttp: Warning: 000001C8F6FD6B00: request failed, libcurl error: 6 (Couldn't resolve host name)
[2025.11.24-13.09.41:834][881]LogHttp: Warning: 000001C8F6FD6B00: libcurl info message cache 0 (Could not resolve host: datarouter.ol.epicgames.com)
[2025.11.24-13.09.41:834][881]LogHttp: Warning: 000001C8F6FD6B00: libcurl info message cache 1 (Closing connection 11)
[2025.11.24-13.09.41:834][881]LogHttp: Warning: Retry exhausted on https://datarouter.ol.epicgames.com/datarouter/api/v1/public/data?SessionID=%7B16EBEF64-415D-E822-0B73-C893FC833F73%7D&AppID=UEEditor.Rocket.Release&AppVersion=4.27.2-18319896%2B%2B%2BUE4%2BRelease-4.27&UserID=6b32b507452abda10a7c05ae1bad203d%7C38f7320a2cd3485499351c2be7beab48%7C53da50d7-cec7-4077-bfe3-1423eb7dc99f&AppEnvironment=datacollector-binary&UploadType=eteventstream
[2025.11.24-13.10.01:691][146]BlueprintLog: New page: Compile Player_BP
[2025.11.24-13.10.01:793][146]LogUObjectHash: Compacting FUObjectHashTables data took   4.41ms
[2025.11.24-13.10.01:869][146]Cmd: OBJ SAVEPACKAGE PACKAGE="/Game/Player/Blueprints/Player_BP" FILE="E:/Unreal/Fumec_DevGames/Content/Player/Blueprints/Player_BP.uasset" SILENT=true
[2025.11.24-13.10.01:969][146]LogSavePackage: Moving 'E:/Unreal/Fumec_DevGames/Saved/Player_BP745A9EE44828AB63343BC6AB02CE14E8.tmp' to 'E:/Unreal/Fumec_DevGames/Content/Player/Blueprints/Player_BP.uasset'
[2025.11.24-13.10.01:994][146]AssetCheck: New page: Asset Save: Player_BP
[2025.11.24-13.10.01:994][146]LogContentValidation: Display: Validating Blueprint /Game/Player/Blueprints/Player_BP.Player_BP
[2025.11.24-13.10.19:551][176]LogWorld: UWorld::CleanupWorld for World_8, bSessionEnded=true, bCleanupResources=true
[2025.11.24-13.10.19:551][176]LogSlate: InvalidateAllWidgets triggered.  All widgets were invalidated
[2025.11.24-13.10.30:884][271]Cmd: OBJ SAVEPACKAGE PACKAGE="/Game/Mapas/Fases/MapaInicialAr/MapaInicial" FILE="E:/Unreal/Fumec_DevGames/Content/Mapas/Fases/MapaInicialAr/MapaInicial.umap" SILENT=true AUTOSAVING=false KEEPDIRTY=false
[2025.11.24-13.10.30:931][271]LogUObjectHash: Compacting FUObjectHashTables data took   4.35ms
[2025.11.24-13.10.30:944][271]LogSavePackage: Moving 'E:/Unreal/Fumec_DevGames/Saved/MapaInicial90FA545D48D78EBE2A51A7976FBB314B.tmp' to 'E:/Unreal/Fumec_DevGames/Content/Mapas/Fases/MapaInicialAr/MapaInicial.umap'
[2025.11.24-13.10.30:984][271]AssetCheck: New page: Asset Save: MapaInicial
[2025.11.24-13.10.30:984][271]LogContentValidation: Display: Validating World /Game/Mapas/Fases/MapaInicialAr/MapaInicial.MapaInicial
[2025.11.24-13.10.40:694][416]LogTemp: Repeating last play command: Selected Viewport
[2025.11.24-13.10.40:702][416]LogPlayLevel: PlayLevel: No blueprints needed recompiling
[2025.11.24-13.10.40:702][416]PIE: New page: PIE session: MapaInicial (Nov 24, 2025, 7:10:40 AM)
[2025.11.24-13.10.40:702][416]LogPlayLevel: Creating play world package: /Game/Mapas/Fases/MapaInicialAr/UEDPIE_0_MapaInicial
[2025.11.24-13.10.40:707][416]LogPlayLevel: PIE: StaticDuplicateObject took: (0.004091s)
[2025.11.24-13.10.40:708][416]LogAIModule: Creating AISystem for world MapaInicial
[2025.11.24-13.10.40:708][416]LogPlayLevel: PIE: World Init took: (0.001669s)
[2025.11.24-13.10.40:708][416]LogPlayLevel: PIE: Created PIE world by copying editor world from /Game/Mapas/Fases/MapaInicialAr/MapaInicial.MapaInicial to /Game/Mapas/Fases/MapaInicialAr/UEDPIE_0_MapaInicial.MapaInicial (0.005985s)
[2025.11.24-13.10.40:748][416]LogUObjectHash: Compacting FUObjectHashTables data took   3.28ms
[2025.11.24-13.10.40:750][416]LogAudio: Display: Creating Audio Device:                 Id: 33, Scope: Unique, Realtime: True
[2025.11.24-13.10.40:750][416]LogAudioMixer: Display: Audio Mixer Platform Settings:
[2025.11.24-13.10.40:750][416]LogAudioMixer: Display: 	Sample Rate:						  48000
[2025.11.24-13.10.40:751][416]LogAudioMixer: Display: 	Callback Buffer Frame Size Requested: 1024
[2025.11.24-13.10.40:751][416]LogAudioMixer: Display: 	Callback Buffer Frame Size To Use:	  1024
[2025.11.24-13.10.40:751][416]LogAudioMixer: Display: 	Number of buffers to queue:			  2
[2025.11.24-13.10.40:751][416]LogAudioMixer: Display: 	Max Channels (voices):				  32
[2025.11.24-13.10.40:751][416]LogAudioMixer: Display: 	Number of Async Source Workers:		  0
[2025.11.24-13.10.40:751][416]LogAudio: Display: AudioDevice MaxSources: 32
[2025.11.24-13.10.40:751][416]LogAudio: Display: Audio Spatialization Plugin: None (built-in).
[2025.11.24-13.10.40:751][416]LogAudio: Display: Audio Reverb Plugin: None (built-in).
[2025.11.24-13.10.40:751][416]LogAudio: Display: Audio Occlusion Plugin: None (built-in).
[2025.11.24-13.10.40:751][416]LogAudioMixer: Display: Initializing audio mixer.
[2025.11.24-13.10.40:759][416]LogAudioMixer: Display: 0: FrontLeft
[2025.11.24-13.10.40:759][416]LogAudioMixer: Display: 1: FrontRight
[2025.11.24-13.10.40:770][416]LogAudioMixer: Display: Using Audio Device Alto-falantes (Realtek(R) Audio)
[2025.11.24-13.10.40:770][416]LogAudioMixer: Display: Initializing Sound Submixes...
[2025.11.24-13.10.40:770][416]LogAudioMixer: Display: Creating Master Submix 'MasterSubmixDefault'
[2025.11.24-13.10.40:770][416]LogAudioMixer: Display: Creating Master Submix 'MasterReverbSubmixDefault'
[2025.11.24-13.10.40:772][416]LogAudioMixer: Display: Creating Master Submix 'MasterEQSubmixDefault'
[2025.11.24-13.10.40:772][416]LogAudioMixer: FMixerPlatformXAudio2::StartAudioStream() called
[2025.11.24-13.10.40:772][416]LogAudioMixer: Display: Output buffers initialized: Frames=1024, Channels=2, Samples=2048
[2025.11.24-13.10.40:773][416]LogAudioMixer: Display: Starting AudioMixerPlatformInterface::RunInternal()
[2025.11.24-13.10.40:773][416]LogAudioMixer: Display: FMixerPlatformXAudio2::SubmitBuffer() called for the first time
[2025.11.24-13.10.40:773][416]LogInit: FAudioDevice initialized.
[2025.11.24-13.10.40:773][416]LogAudio: Display: Audio Device (ID: 33) registered with world 'MapaInicial'.
[2025.11.24-13.10.40:793][416]LogLoad: Game class is 'GameModeRL_C'
[2025.11.24-13.10.40:795][416]LogWorld: Bringing World /Game/Mapas/Fases/MapaInicialAr/UEDPIE_0_MapaInicial.MapaInicial up for play (max tick rate 0) at 2025.11.24-10.10.40
[2025.11.24-13.10.40:795][416]LogWorld: Bringing up level for play took: 0.000752
[2025.11.24-13.10.40:795][416]LogOnline: OSS: Creating online subsystem instance for: :Context_41
[2025.11.24-13.10.40:800][416]PIE: Server logged in
[2025.11.24-13.10.40:801][416]PIE: Play in editor total start time 0.099 seconds.
[2025.11.24-13.10.41:834][536]LogHttp: Warning: 000001C9DDC33900: invalid HTTP response code received. URL: https://datarouter.ol.epicgames.com/datarouter/api/v1/public/data?SessionID=%7B16EBEF64-415D-E822-0B73-C893FC833F73%7D&AppID=UEEditor.Rocket.Release&AppVersion=4.27.2-18319896%2B%2B%2BUE4%2BRelease-4.27&UserID=6b32b507452abda10a7c05ae1bad203d%7C38f7320a2cd3485499351c2be7beab48%7C53da50d7-cec7-4077-bfe3-1423eb7dc99f&AppEnvironment=datacollector-binary&UploadType=eteventstream, HTTP code: 0, content length: 0, actual payload size: 0
[2025.11.24-13.10.41:834][536]LogHttp: Warning: 000001C9DDC33900: request failed, libcurl error: 6 (Couldn't resolve host name)
[2025.11.24-13.10.41:834][536]LogHttp: Warning: 000001C9DDC33900: libcurl info message cache 0 (Could not resolve host: datarouter.ol.epicgames.com)
[2025.11.24-13.10.41:834][536]LogHttp: Warning: 000001C9DDC33900: libcurl info message cache 1 (Closing connection 12)
[2025.11.24-13.10.41:842][537]LogHttp: Warning: Retry exhausted on https://datarouter.ol.epicgames.com/datarouter/api/v1/public/data?SessionID=%7B16EBEF64-415D-E822-0B73-C893FC833F73%7D&AppID=UEEditor.Rocket.Release&AppVersion=4.27.2-18319896%2B%2B%2BUE4%2BRelease-4.27&UserID=6b32b507452abda10a7c05ae1bad203d%7C38f7320a2cd3485499351c2be7beab48%7C53da50d7-cec7-4077-bfe3-1423eb7dc99f&AppEnvironment=datacollector-binary&UploadType=eteventstream
[2025.11.24-13.10.42:238][580]LogNet: Browse: /Game/Mapas/Fases/MapadeTeste/MapadeTeste
[2025.11.24-13.10.42:238][580]LogLoad: LoadMap: /Game/Mapas/Fases/MapadeTeste/MapadeTeste
[2025.11.24-13.10.42:238][580]LogWorld: BeginTearingDown for /Game/Mapas/Fases/MapaInicialAr/UEDPIE_0_MapaInicial
[2025.11.24-13.10.42:239][580]LogWorld: UWorld::CleanupWorld for MapaInicial, bSessionEnded=true, bCleanupResources=true
[2025.11.24-13.10.42:239][580]LogSlate: InvalidateAllWidgets triggered.  All widgets were invalidated
[2025.11.24-13.10.42:301][580]LogAudio: Display: Audio Device unregistered from world 'None'.
[2025.11.24-13.10.42:305][580]LogUObjectHash: Compacting FUObjectHashTables data took   3.27ms
[2025.11.24-13.10.42:337][580]LogAudio: Display: Audio Device (ID: 33) registered with world 'MapadeTeste'.
[2025.11.24-13.10.42:338][580]LogAIModule: Creating AISystem for world MapadeTeste
[2025.11.24-13.10.42:338][580]LogLoad: Game class is 'GameModeRL_C'
[2025.11.24-13.10.42:340][580]LogWorld: Bringing World /Game/Mapas/Fases/MapadeTeste/UEDPIE_0_MapadeTeste.MapadeTeste up for play (max tick rate 0) at 2025.11.24-10.10.42
[2025.11.24-13.10.42:341][580]LogWorld: Bringing up level for play took: 0.002855
[2025.11.24-13.10.42:344][580]LogLoad: Took 0.105176 seconds to LoadMap(/Game/Mapas/Fases/MapadeTeste/MapadeTeste)
[2025.11.24-13.10.43:926][765]LogSlate: Updating window title bar state: overlay mode, drag disabled, window buttons hidden, title bar hidden
[2025.11.24-13.10.43:926][765]LogWorld: BeginTearingDown for /Game/Mapas/Fases/MapadeTeste/UEDPIE_0_MapadeTeste
[2025.11.24-13.10.43:926][765]LogWorld: UWorld::CleanupWorld for MapadeTeste, bSessionEnded=true, bCleanupResources=true
[2025.11.24-13.10.43:926][765]LogSlate: InvalidateAllWidgets triggered.  All widgets were invalidated
[2025.11.24-13.10.43:936][765]LogPlayLevel: Display: Shutting down PIE online subsystems
[2025.11.24-13.10.43:943][765]LogSlate: InvalidateAllWidgets triggered.  All widgets were invalidated
[2025.11.24-13.10.43:979][765]LogAudio: Display: Audio Device unregistered from world 'None'.
[2025.11.24-13.10.43:979][765]LogAudioMixer: FMixerPlatformXAudio2::StopAudioStream() called
[2025.11.24-13.10.43:980][765]LogAudioMixer: FMixerPlatformXAudio2::StopAudioStream() called
[2025.11.24-13.10.43:982][765]LogSlate: Updating window title bar state: overlay mode, drag disabled, window buttons hidden, title bar hidden
[2025.11.24-13.10.43:987][765]LogUObjectHash: Compacting FUObjectHashTables data took   3.00ms
[2025.11.24-13.10.44:011][766]LogPlayLevel: Display: Destroying online subsystem :Context_41
[2025.11.24-13.11.42:258][933]LogHttp: Warning: 000001C9413A0800: invalid HTTP response code received. URL: https://datarouter.ol.epicgames.com/datarouter/api/v1/public/data?SessionID=%7B16EBEF64-415D-E822-0B73-C893FC833F73%7D&AppID=UEEditor.Rocket.Release&AppVersion=4.27.2-18319896%2B%2B%2BUE4%2BRelease-4.27&UserID=6b32b507452abda10a7c05ae1bad203d%7C38f7320a2cd3485499351c2be7beab48%7C53da50d7-cec7-4077-bfe3-1423eb7dc99f&AppEnvironment=datacollector-binary&UploadType=eteventstream, HTTP code: 0, content length: 0, actual payload size: 0
[2025.11.24-13.11.42:258][933]LogHttp: Warning: 000001C9413A0800: request failed, libcurl error: 6 (Couldn't resolve host name)
[2025.11.24-13.11.42:258][933]LogHttp: Warning: 000001C9413A0800: libcurl info message cache 0 (Could not resolve host: datarouter.ol.epicgames.com)
[2025.11.24-13.11.42:258][933]LogHttp: Warning: 000001C9413A0800: libcurl info message cache 1 (Closing connection 13)
[2025.11.24-13.11.42:260][933]LogHttp: Warning: Retry exhausted on https://datarouter.ol.epicgames.com/datarouter/api/v1/public/data?SessionID=%7B16EBEF64-415D-E822-0B73-C893FC833F73%7D&AppID=UEEditor.Rocket.Release&AppVersion=4.27.2-18319896%2B%2B%2BUE4%2BRelease-4.27&UserID=6b32b507452abda10a7c05ae1bad203d%7C38f7320a2cd3485499351c2be7beab48%7C53da50d7-cec7-4077-bfe3-1423eb7dc99f&AppEnvironment=datacollector-binary&UploadType=eteventstream
[2025.11.24-13.14.53:917][100]BlueprintLog: New page: Compile Player_BP
[2025.11.24-13.14.53:942][100]LogBlueprint: Error: [AssetLog] E:\Unreal\Fumec_DevGames\Content\Player\Blueprints\Player_BP.uasset: [Compiler] The type of  Object  is undetermined.  Connect something to  Cast To HUD_Padrao  to imply a specific type.
[2025.11.24-13.14.53:943][100]LogBlueprint: Error: [AssetLog] E:\Unreal\Fumec_DevGames\Content\Player\Blueprints\Player_BP.uasset: [Compiler] The current value of the ' Object ' pin is invalid: Unsupported type Object Wildcard on pin Object
[2025.11.24-13.14.54:016][100]LogUObjectHash: Compacting FUObjectHashTables data took   4.59ms
[2025.11.24-13.17.54:267][ 48]BlueprintLog: New page: Compile PortalInicio
[2025.11.24-13.17.54:339][ 48]LogUObjectHash: Compacting FUObjectHashTables data took   4.59ms
[2025.11.24-13.17.54:390][ 48]Cmd: OBJ SAVEPACKAGE PACKAGE="/Game/Mapas/Fases/MapaInicialAr/PortalInicio" FILE="E:/Unreal/Fumec_DevGames/Content/Mapas/Fases/MapaInicialAr/PortalInicio.uasset" SILENT=true
[2025.11.24-13.17.54:401][ 48]LogSavePackage: Moving 'E:/Unreal/Fumec_DevGames/Saved/PortalInicioDC6027404AFA43A5C847E598DFF59B22.tmp' to 'E:/Unreal/Fumec_DevGames/Content/Mapas/Fases/MapaInicialAr/PortalInicio.uasset'
[2025.11.24-13.17.54:423][ 48]AssetCheck: New page: Asset Save: PortalInicio
[2025.11.24-13.17.54:423][ 48]LogContentValidation: Display: Validating Blueprint /Game/Mapas/Fases/MapaInicialAr/PortalInicio.PortalInicio
[2025.11.24-13.18.46:920][117]BlueprintLog: New page: Compile HUD_Padrao
[2025.11.24-13.18.46:996][117]LogUObjectHash: Compacting FUObjectHashTables data took   5.27ms
[2025.11.24-13.18.47:047][117]Cmd: OBJ SAVEPACKAGE PACKAGE="/Game/Player/Blueprints/HUD/HUD_Padrao" FILE="E:/Unreal/Fumec_DevGames/Content/Player/Blueprints/HUD/HUD_Padrao.uasset" SILENT=true
[2025.11.24-13.18.47:073][117]LogSavePackage: Moving 'E:/Unreal/Fumec_DevGames/Saved/HUD_PadraoB081F52D4765CA6455CFEE9C8E7843A3.tmp' to 'E:/Unreal/Fumec_DevGames/Content/Player/Blueprints/HUD/HUD_Padrao.uasset'
[2025.11.24-13.18.47:094][117]AssetCheck: New page: Asset Save: HUD_Padrao
[2025.11.24-13.18.47:094][117]LogContentValidation: Display: Validating WidgetBlueprint /Game/Player/Blueprints/HUD/HUD_Padrao.HUD_Padrao
[2025.11.24-13.19.47:359][596]LogSlate: Prevented a slow task dialog from being summoned while a context menu was open
[2025.11.24-13.19.47:392][596]LogEditorClassViewer: Warning: Class /Engine/Tutorial/InWorldBlueprintEditing/TutorialAssets/IWBE_Blutility.IWBE_Blutility_C has parent /Script/Blutility.PlacedEditorUtilityBase, but this parent is not found. The Class will not be shown in ClassViewer.
[2025.11.24-13.20.12:731][316]LogEditorTransaction: Undo Change Class Pin Value
[2025.11.24-13.20.13:443][349]LogEditorTransaction: Undo Add Node
[2025.11.24-13.20.14:041][409]LogEditorTransaction: Undo Delete current selection
[2025.11.24-13.21.35:354][607]BlueprintLog: New page: Compile Player_BP
[2025.11.24-13.21.35:462][607]LogUObjectHash: Compacting FUObjectHashTables data took   4.44ms
[2025.11.24-13.21.35:543][607]Cmd: OBJ SAVEPACKAGE PACKAGE="/Game/Player/Blueprints/Player_BP" FILE="E:/Unreal/Fumec_DevGames/Content/Player/Blueprints/Player_BP.uasset" SILENT=true
[2025.11.24-13.21.35:643][607]LogSavePackage: Moving 'E:/Unreal/Fumec_DevGames/Saved/Player_BPFECEA20043FBFF1509FB43910BE2FAF8.tmp' to 'E:/Unreal/Fumec_DevGames/Content/Player/Blueprints/Player_BP.uasset'
[2025.11.24-13.21.35:668][607]AssetCheck: New page: Asset Save: Player_BP
[2025.11.24-13.21.35:668][607]LogContentValidation: Display: Validating Blueprint /Game/Player/Blueprints/Player_BP.Player_BP
[2025.11.24-13.23.32:742][708]BlueprintLog: New page: Compile HUD_Padrao
[2025.11.24-13.23.32:818][708]LogUObjectHash: Compacting FUObjectHashTables data took   4.67ms
[2025.11.24-13.23.32:869][708]Cmd: OBJ SAVEPACKAGE PACKAGE="/Game/Player/Blueprints/HUD/HUD_Padrao" FILE="E:/Unreal/Fumec_DevGames/Content/Player/Blueprints/HUD/HUD_Padrao.uasset" SILENT=true
[2025.11.24-13.23.32:897][708]LogSavePackage: Moving 'E:/Unreal/Fumec_DevGames/Saved/HUD_Padrao0F8308934E1B72382C145784F8416AC6.tmp' to 'E:/Unreal/Fumec_DevGames/Content/Player/Blueprints/HUD/HUD_Padrao.uasset'
[2025.11.24-13.23.32:918][708]AssetCheck: New page: Asset Save: HUD_Padrao
[2025.11.24-13.23.32:918][708]LogContentValidation: Display: Validating WidgetBlueprint /Game/Player/Blueprints/HUD/HUD_Padrao.HUD_Padrao
[2025.11.24-13.23.43:124][823]Cmd: OBJ SAVEPACKAGE PACKAGE="/Game/Player/Blueprints/HUD/HUD_Padrao" FILE="E:/Unreal/Fumec_DevGames/Content/Player/Blueprints/HUD/HUD_Padrao.uasset" SILENT=true
[2025.11.24-13.23.43:152][823]LogSavePackage: Moving 'E:/Unreal/Fumec_DevGames/Saved/HUD_Padrao947667BF49C14713D7F1C3A283CF7D39.tmp' to 'E:/Unreal/Fumec_DevGames/Content/Player/Blueprints/HUD/HUD_Padrao.uasset'
[2025.11.24-13.23.43:173][823]AssetCheck: New page: Asset Save: HUD_Padrao
[2025.11.24-13.23.43:173][823]LogContentValidation: Display: Validating WidgetBlueprint /Game/Player/Blueprints/HUD/HUD_Padrao.HUD_Padrao
[2025.11.24-13.24.00:137][738]Cmd: OBJ SAVEPACKAGE PACKAGE="/Game/Mapas/Fases/MapaInicialAr/PortalInicio" FILE="E:/Unreal/Fumec_DevGames/Content/Mapas/Fases/MapaInicialAr/PortalInicio.uasset" SILENT=true
[2025.11.24-13.24.00:148][738]LogSavePackage: Moving 'E:/Unreal/Fumec_DevGames/Saved/PortalInicio8B82E6244A67A5593A022499F11571B5.tmp' to 'E:/Unreal/Fumec_DevGames/Content/Mapas/Fases/MapaInicialAr/PortalInicio.uasset'
[2025.11.24-13.24.00:149][738]Cmd: OBJ SAVEPACKAGE PACKAGE="/Game/Mapas/Fases/MapaInicialAr/MapaInicial" FILE="E:/Unreal/Fumec_DevGames/Content/Mapas/Fases/MapaInicialAr/MapaInicial.umap" SILENT=true AUTOSAVING=false KEEPDIRTY=false
[2025.11.24-13.24.00:195][738]LogUObjectHash: Compacting FUObjectHashTables data took   4.60ms
[2025.11.24-13.24.00:208][738]LogSavePackage: Moving 'E:/Unreal/Fumec_DevGames/Saved/MapaInicialB37B4E3B4024F2134C4960BACC62550E.tmp' to 'E:/Unreal/Fumec_DevGames/Content/Mapas/Fases/MapaInicialAr/MapaInicial.umap'
[2025.11.24-13.24.00:233][738]LogFileHelpers: Saving map 'MapaInicial' took 0.084
[2025.11.24-13.24.00:248][738]AssetCheck: New page: Asset Save: multiple assets
[2025.11.24-13.24.00:248][738]LogContentValidation: Display: Validating Blueprint /Game/Mapas/Fases/MapaInicialAr/PortalInicio.PortalInicio
[2025.11.24-13.24.00:248][738]LogContentValidation: Display: Validating World /Game/Mapas/Fases/MapaInicialAr/MapaInicial.MapaInicial
[2025.11.24-13.24.08:076][580]LogContentBrowser: Attempting asset rename: MapadeTeste -> MapadeTeste
[2025.11.24-13.24.11:610][992]Cmd: OBJ SAVEPACKAGE PACKAGE="/Game/Mapas/Fases/MapaInicialAr/PortalInicio" FILE="E:/Unreal/Fumec_DevGames/Content/Mapas/Fases/MapaInicialAr/PortalInicio.uasset" SILENT=true
[2025.11.24-13.24.11:620][992]LogSavePackage: Moving 'E:/Unreal/Fumec_DevGames/Saved/PortalInicioD2528E604F68B8855EB03EA7FF02C6AE.tmp' to 'E:/Unreal/Fumec_DevGames/Content/Mapas/Fases/MapaInicialAr/PortalInicio.uasset'
[2025.11.24-13.24.11:643][992]AssetCheck: New page: Asset Save: PortalInicio
[2025.11.24-13.24.11:643][992]LogContentValidation: Display: Validating Blueprint /Game/Mapas/Fases/MapaInicialAr/PortalInicio.PortalInicio
[2025.11.24-13.24.13:174][170]BlueprintLog: New page: Compile PortalInicio
[2025.11.24-13.24.13:237][170]LogUObjectHash: Compacting FUObjectHashTables data took   3.37ms
[2025.11.24-13.24.18:210][743]LogTemp: Repeating last play command: Selected Viewport
[2025.11.24-13.24.18:219][743]LogPlayLevel: PlayLevel: No blueprints needed recompiling
[2025.11.24-13.24.18:219][743]PIE: New page: PIE session: MapaInicial (Nov 24, 2025, 7:24:18 AM)
[2025.11.24-13.24.18:251][743]LogPlayLevel: Creating play world package: /Game/Mapas/Fases/MapaInicialAr/UEDPIE_0_MapaInicial
[2025.11.24-13.24.18:255][743]LogPlayLevel: PIE: StaticDuplicateObject took: (0.004031s)
[2025.11.24-13.24.18:256][743]LogAIModule: Creating AISystem for world MapaInicial
[2025.11.24-13.24.18:256][743]LogPlayLevel: PIE: World Init took: (0.001488s)
[2025.11.24-13.24.18:256][743]LogPlayLevel: PIE: Created PIE world by copying editor world from /Game/Mapas/Fases/MapaInicialAr/MapaInicial.MapaInicial to /Game/Mapas/Fases/MapaInicialAr/UEDPIE_0_MapaInicial.MapaInicial (0.005786s)
[2025.11.24-13.24.18:296][743]LogUObjectHash: Compacting FUObjectHashTables data took   3.97ms
[2025.11.24-13.24.18:298][743]LogAudio: Display: Creating Audio Device:                 Id: 34, Scope: Unique, Realtime: True
[2025.11.24-13.24.18:298][743]LogAudioMixer: Display: Audio Mixer Platform Settings:
[2025.11.24-13.24.18:298][743]LogAudioMixer: Display: 	Sample Rate:						  48000
[2025.11.24-13.24.18:298][743]LogAudioMixer: Display: 	Callback Buffer Frame Size Requested: 1024
[2025.11.24-13.24.18:298][743]LogAudioMixer: Display: 	Callback Buffer Frame Size To Use:	  1024
[2025.11.24-13.24.18:298][743]LogAudioMixer: Display: 	Number of buffers to queue:			  2
[2025.11.24-13.24.18:298][743]LogAudioMixer: Display: 	Max Channels (voices):				  32
[2025.11.24-13.24.18:298][743]LogAudioMixer: Display: 	Number of Async Source Workers:		  0
[2025.11.24-13.24.18:298][743]LogAudio: Display: AudioDevice MaxSources: 32
[2025.11.24-13.24.18:299][743]LogAudio: Display: Audio Spatialization Plugin: None (built-in).
[2025.11.24-13.24.18:299][743]LogAudio: Display: Audio Reverb Plugin: None (built-in).
[2025.11.24-13.24.18:299][743]LogAudio: Display: Audio Occlusion Plugin: None (built-in).
[2025.11.24-13.24.18:299][743]LogAudioMixer: Display: Initializing audio mixer.
[2025.11.24-13.24.18:305][743]LogAudioMixer: Display: 0: FrontLeft
[2025.11.24-13.24.18:305][743]LogAudioMixer: Display: 1: FrontRight
[2025.11.24-13.24.18:317][743]LogAudioMixer: Display: Using Audio Device Alto-falantes (Realtek(R) Audio)
[2025.11.24-13.24.18:317][743]LogAudioMixer: Display: Initializing Sound Submixes...
[2025.11.24-13.24.18:317][743]LogAudioMixer: Display: Creating Master Submix 'MasterSubmixDefault'
[2025.11.24-13.24.18:317][743]LogAudioMixer: Display: Creating Master Submix 'MasterReverbSubmixDefault'
[2025.11.24-13.24.18:318][743]LogAudioMixer: Display: Creating Master Submix 'MasterEQSubmixDefault'
[2025.11.24-13.24.18:318][743]LogAudioMixer: FMixerPlatformXAudio2::StartAudioStream() called
[2025.11.24-13.24.18:318][743]LogAudioMixer: Display: Output buffers initialized: Frames=1024, Channels=2, Samples=2048
[2025.11.24-13.24.18:319][743]LogAudioMixer: Display: Starting AudioMixerPlatformInterface::RunInternal()
[2025.11.24-13.24.18:319][743]LogAudioMixer: Display: FMixerPlatformXAudio2::SubmitBuffer() called for the first time
[2025.11.24-13.24.18:319][743]LogInit: FAudioDevice initialized.
[2025.11.24-13.24.18:319][743]LogAudio: Display: Audio Device (ID: 34) registered with world 'MapaInicial'.
[2025.11.24-13.24.18:329][743]LogLoad: Game class is 'GameModeRL_C'
[2025.11.24-13.24.18:330][743]LogWorld: Bringing World /Game/Mapas/Fases/MapaInicialAr/UEDPIE_0_MapaInicial.MapaInicial up for play (max tick rate 0) at 2025.11.24-10.24.18
[2025.11.24-13.24.18:330][743]LogWorld: Bringing up level for play took: 0.000703
[2025.11.24-13.24.18:330][743]LogOnline: OSS: Creating online subsystem instance for: :Context_42
[2025.11.24-13.24.18:335][743]PIE: Server logged in
[2025.11.24-13.24.18:336][743]PIE: Play in editor total start time 0.118 seconds.
[2025.11.24-13.24.22:278][185]LogPackageName: SearchForPackageOnDisk took   0.199s, but failed to resolve MapadeTesteNone.umap.
[2025.11.24-13.24.22:460][186]LogPackageName: SearchForPackageOnDisk took   0.174s, but failed to resolve MapadeTesteNone.umap.
[2025.11.24-13.24.22:460][186]LogNet: Browse: /Game/Mapas/Menu/MainMenu
[2025.11.24-13.24.22:460][186]LogNet: Warning: Travel Failure: [InvalidURL]: Invalid URL: /Game/Mapas/Menu/MainMenu
[2025.11.24-13.24.22:460][186]LogNet: Warning: TravelFailure: InvalidURL, Reason for Failure: 'Invalid URL: /Game/Mapas/Menu/MainMenu'. Shutting down PIE.
[2025.11.24-13.24.22:460][186]PIE: Warning: TravelFailure: InvalidURL, Reason for Failure: 'Invalid URL: /Game/Mapas/Menu/MainMenu'. Shutting down PIE.
[2025.11.24-13.24.22:460][186]LogNet: Warning: Travel Failure: [ClientTravelFailure]: Invalid URL: /Game/Mapas/Menu/MainMenu
[2025.11.24-13.24.22:460][186]LogNet: Warning: TravelFailure: ClientTravelFailure, Reason for Failure: 'Invalid URL: /Game/Mapas/Menu/MainMenu'. Shutting down PIE.
[2025.11.24-13.24.22:460][186]PIE: Warning: TravelFailure: ClientTravelFailure, Reason for Failure: 'Invalid URL: /Game/Mapas/Menu/MainMenu'. Shutting down PIE.
[2025.11.24-13.24.22:502][186]LogSlate: Updating window title bar state: overlay mode, drag disabled, window buttons hidden, title bar hidden
[2025.11.24-13.24.22:502][186]LogWorld: BeginTearingDown for /Game/Mapas/Fases/MapaInicialAr/UEDPIE_0_MapaInicial
[2025.11.24-13.24.22:503][186]LogWorld: UWorld::CleanupWorld for MapaInicial, bSessionEnded=true, bCleanupResources=true
[2025.11.24-13.24.22:503][186]LogSlate: InvalidateAllWidgets triggered.  All widgets were invalidated
[2025.11.24-13.24.22:518][186]LogPlayLevel: Display: Shutting down PIE online subsystems
[2025.11.24-13.24.22:526][186]LogSlate: InvalidateAllWidgets triggered.  All widgets were invalidated
[2025.11.24-13.24.22:564][186]LogAudio: Display: Audio Device unregistered from world 'None'.
[2025.11.24-13.24.22:564][186]LogAudioMixer: FMixerPlatformXAudio2::StopAudioStream() called
[2025.11.24-13.24.22:565][186]LogAudioMixer: FMixerPlatformXAudio2::StopAudioStream() called
[2025.11.24-13.24.22:567][186]LogSlate: Updating window title bar state: overlay mode, drag disabled, window buttons hidden, title bar hidden
[2025.11.24-13.24.22:574][186]LogUObjectHash: Compacting FUObjectHashTables data took   3.74ms
[2025.11.24-13.24.22:716][187]LogPlayLevel: Display: Destroying online subsystem :Context_42
[2025.11.24-13.24.31:038][  8]LogSlate: Window 'Message Log' being destroyed
[2025.11.24-13.24.31:054][  8]LogSlate: Window 'Message Log' being destroyed
[2025.11.24-13.24.35:313][423]LogUObjectHash: Compacting FUObjectHashTables data took   3.27ms
[2025.11.24-13.24.35:343][423]Cmd: OBJ SAVEPACKAGE PACKAGE="/Game/Mapas/Fases/MapaInicialAr/MapaInicial" FILE="E:/Unreal/Fumec_DevGames/Content/Mapas/Fases/MapaInicialAr/MapaInicial.umap" SILENT=true AUTOSAVING=false KEEPDIRTY=false
[2025.11.24-13.24.35:380][423]LogUObjectHash: Compacting FUObjectHashTables data took   0.80ms
[2025.11.24-13.24.35:391][423]LogSavePackage: Moving 'E:/Unreal/Fumec_DevGames/Saved/MapaInicial9ABAF4A74C5E2A1211FB9CB509F37812.tmp' to 'E:/Unreal/Fumec_DevGames/Content/Mapas/Fases/MapaInicialAr/MapaInicial.umap'
[2025.11.24-13.24.35:412][423]LogFileHelpers: Saving map 'MapaInicial' took 0.070
[2025.11.24-13.24.35:412][423]Cmd: OBJ SAVEPACKAGE PACKAGE="/Game/Player/Blueprints/Player_BP" FILE="E:/Unreal/Fumec_DevGames/Content/Player/Blueprints/Player_BP.uasset" SILENT=true
[2025.11.24-13.24.35:515][423]LogSavePackage: Moving 'E:/Unreal/Fumec_DevGames/Saved/Player_BP39011AE54818656101FCD5A709563275.tmp' to 'E:/Unreal/Fumec_DevGames/Content/Player/Blueprints/Player_BP.uasset'
[2025.11.24-13.24.35:557][423]AssetCheck: New page: Asset Save: multiple assets
[2025.11.24-13.24.35:557][423]LogContentValidation: Display: Validating World /Game/Mapas/Fases/MapaInicialAr/MapaInicial.MapaInicial
[2025.11.24-13.24.35:557][423]LogContentValidation: Display: Validating Blueprint /Game/Player/Blueprints/Player_BP.Player_BP
[2025.11.24-13.25.16:239][917]LogTemp: Repeating last play command: Selected Viewport
[2025.11.24-13.25.16:247][917]LogPlayLevel: PlayLevel: No blueprints needed recompiling
[2025.11.24-13.25.16:247][917]PIE: New page: PIE session: MapaInicial (Nov 24, 2025, 7:25:16 AM)
[2025.11.24-13.25.16:247][917]LogPlayLevel: Creating play world package: /Game/Mapas/Fases/MapaInicialAr/UEDPIE_0_MapaInicial
[2025.11.24-13.25.16:252][917]LogPlayLevel: PIE: StaticDuplicateObject took: (0.004613s)
[2025.11.24-13.25.16:253][917]LogAIModule: Creating AISystem for world MapaInicial
[2025.11.24-13.25.16:253][917]LogPlayLevel: PIE: World Init took: (0.001277s)
[2025.11.24-13.25.16:254][917]LogPlayLevel: PIE: Created PIE world by copying editor world from /Game/Mapas/Fases/MapaInicialAr/MapaInicial.MapaInicial to /Game/Mapas/Fases/MapaInicialAr/UEDPIE_0_MapaInicial.MapaInicial (0.006100s)
[2025.11.24-13.25.16:292][917]LogUObjectHash: Compacting FUObjectHashTables data took   3.10ms
[2025.11.24-13.25.16:293][917]LogAudio: Display: Creating Audio Device:                 Id: 35, Scope: Unique, Realtime: True
[2025.11.24-13.25.16:293][917]LogAudioMixer: Display: Audio Mixer Platform Settings:
[2025.11.24-13.25.16:293][917]LogAudioMixer: Display: 	Sample Rate:						  48000
[2025.11.24-13.25.16:293][917]LogAudioMixer: Display: 	Callback Buffer Frame Size Requested: 1024
[2025.11.24-13.25.16:293][917]LogAudioMixer: Display: 	Callback Buffer Frame Size To Use:	  1024
[2025.11.24-13.25.16:293][917]LogAudioMixer: Display: 	Number of buffers to queue:			  2
[2025.11.24-13.25.16:293][917]LogAudioMixer: Display: 	Max Channels (voices):				  32
[2025.11.24-13.25.16:293][917]LogAudioMixer: Display: 	Number of Async Source Workers:		  0
[2025.11.24-13.25.16:293][917]LogAudio: Display: AudioDevice MaxSources: 32
[2025.11.24-13.25.16:294][917]LogAudio: Display: Audio Spatialization Plugin: None (built-in).
[2025.11.24-13.25.16:294][917]LogAudio: Display: Audio Reverb Plugin: None (built-in).
[2025.11.24-13.25.16:294][917]LogAudio: Display: Audio Occlusion Plugin: None (built-in).
[2025.11.24-13.25.16:294][917]LogAudioMixer: Display: Initializing audio mixer.
[2025.11.24-13.25.16:300][917]LogAudioMixer: Display: 0: FrontLeft
[2025.11.24-13.25.16:300][917]LogAudioMixer: Display: 1: FrontRight
[2025.11.24-13.25.16:308][917]LogAudioMixer: Display: Using Audio Device Alto-falantes (Realtek(R) Audio)
[2025.11.24-13.25.16:309][917]LogAudioMixer: Display: Initializing Sound Submixes...
[2025.11.24-13.25.16:309][917]LogAudioMixer: Display: Creating Master Submix 'MasterSubmixDefault'
[2025.11.24-13.25.16:309][917]LogAudioMixer: Display: Creating Master Submix 'MasterReverbSubmixDefault'
[2025.11.24-13.25.16:309][917]LogAudioMixer: Display: Creating Master Submix 'MasterEQSubmixDefault'
[2025.11.24-13.25.16:309][917]LogAudioMixer: FMixerPlatformXAudio2::StartAudioStream() called
[2025.11.24-13.25.16:309][917]LogAudioMixer: Display: Output buffers initialized: Frames=1024, Channels=2, Samples=2048
[2025.11.24-13.25.16:311][917]LogAudioMixer: Display: Starting AudioMixerPlatformInterface::RunInternal()
[2025.11.24-13.25.16:311][917]LogAudioMixer: Display: FMixerPlatformXAudio2::SubmitBuffer() called for the first time
[2025.11.24-13.25.16:311][917]LogInit: FAudioDevice initialized.
[2025.11.24-13.25.16:311][917]LogAudio: Display: Audio Device (ID: 35) registered with world 'MapaInicial'.
[2025.11.24-13.25.16:368][917]LogSlate: Updating window title bar state: overlay mode, drag disabled, window buttons hidden, title bar hidden
[2025.11.24-13.25.16:368][917]LogLoad: Game class is 'GameModeRL_C'
[2025.11.24-13.25.16:370][917]LogWorld: Bringing World /Game/Mapas/Fases/MapaInicialAr/UEDPIE_0_MapaInicial.MapaInicial up for play (max tick rate 0) at 2025.11.24-10.25.16
[2025.11.24-13.25.16:370][917]LogWorld: Bringing up level for play took: 0.001163
[2025.11.24-13.25.16:370][917]LogOnline: OSS: Creating online subsystem instance for: :Context_43
[2025.11.24-13.25.16:377][917]PIE: Server logged in
[2025.11.24-13.25.16:379][917]PIE: Play in editor total start time 0.134 seconds.
[2025.11.24-13.25.16:408][918]LogRenderer: Reallocating scene render targets to support 1128x748 Format 10 NumSamples 1 (Frame:1).
[2025.11.24-13.25.19:580][205]LogPackageName: SearchForPackageOnDisk took   0.171s, but failed to resolve MapadeTesteNone.umap.
[2025.11.24-13.25.19:763][206]LogPackageName: SearchForPackageOnDisk took   0.173s, but failed to resolve MapadeTesteNone.umap.
[2025.11.24-13.25.19:763][206]LogNet: Browse: /Game/Mapas/Menu/MainMenu
[2025.11.24-13.25.19:763][206]LogNet: Warning: Travel Failure: [InvalidURL]: Invalid URL: /Game/Mapas/Menu/MainMenu
[2025.11.24-13.25.19:763][206]LogNet: Warning: TravelFailure: InvalidURL, Reason for Failure: 'Invalid URL: /Game/Mapas/Menu/MainMenu'. Shutting down PIE.
[2025.11.24-13.25.19:763][206]PIE: Warning: TravelFailure: InvalidURL, Reason for Failure: 'Invalid URL: /Game/Mapas/Menu/MainMenu'. Shutting down PIE.
[2025.11.24-13.25.19:763][206]LogNet: Warning: Travel Failure: [ClientTravelFailure]: Invalid URL: /Game/Mapas/Menu/MainMenu
[2025.11.24-13.25.19:763][206]LogNet: Warning: TravelFailure: ClientTravelFailure, Reason for Failure: 'Invalid URL: /Game/Mapas/Menu/MainMenu'. Shutting down PIE.
[2025.11.24-13.25.19:763][206]PIE: Warning: TravelFailure: ClientTravelFailure, Reason for Failure: 'Invalid URL: /Game/Mapas/Menu/MainMenu'. Shutting down PIE.
[2025.11.24-13.25.19:792][206]LogSlate: Updating window title bar state: overlay mode, drag disabled, window buttons hidden, title bar hidden
[2025.11.24-13.25.19:793][206]LogWorld: BeginTearingDown for /Game/Mapas/Fases/MapaInicialAr/UEDPIE_0_MapaInicial
[2025.11.24-13.25.19:793][206]LogSlate: Window 'ColunaDoendoSamurai Preview [NetMode: Standalone]  (64-bit/Windows) ' being destroyed
[2025.11.24-13.25.19:799][206]LogWorld: UWorld::CleanupWorld for MapaInicial, bSessionEnded=true, bCleanupResources=true
[2025.11.24-13.25.19:799][206]LogSlate: InvalidateAllWidgets triggered.  All widgets were invalidated
[2025.11.24-13.25.19:808][206]LogPlayLevel: Display: Shutting down PIE online subsystems
[2025.11.24-13.25.19:814][206]LogSlate: InvalidateAllWidgets triggered.  All widgets were invalidated
[2025.11.24-13.25.19:851][206]LogAudioMixer: FMixerPlatformXAudio2::StopAudioStream() called
[2025.11.24-13.25.19:853][206]LogAudioMixer: FMixerPlatformXAudio2::StopAudioStream() called
[2025.11.24-13.25.19:860][206]LogUObjectHash: Compacting FUObjectHashTables data took   3.46ms
[2025.11.24-13.25.19:981][207]LogPlayLevel: Display: Destroying online subsystem :Context_43
[2025.11.24-13.25.35:550][958]LogSlate: Window 'Message Log' being destroyed
[2025.11.24-13.25.35:562][958]LogSlate: Window 'Message Log' being destroyed
[2025.11.24-13.25.47:068][259]BlueprintLog: New page: Compile PortalInicio
[2025.11.24-13.25.47:135][259]LogUObjectHash: Compacting FUObjectHashTables data took   3.27ms
[2025.11.24-13.25.47:193][259]Cmd: OBJ SAVEPACKAGE PACKAGE="/Game/Mapas/Fases/MapaInicialAr/PortalInicio" FILE="E:/Unreal/Fumec_DevGames/Content/Mapas/Fases/MapaInicialAr/PortalInicio.uasset" SILENT=true
[2025.11.24-13.25.47:204][259]LogSavePackage: Moving 'E:/Unreal/Fumec_DevGames/Saved/PortalInicioD0534906411E94663F042FAA563E2483.tmp' to 'E:/Unreal/Fumec_DevGames/Content/Mapas/Fases/MapaInicialAr/PortalInicio.uasset'
[2025.11.24-13.25.47:226][259]AssetCheck: New page: Asset Save: PortalInicio
[2025.11.24-13.25.47:226][259]LogContentValidation: Display: Validating Blueprint /Game/Mapas/Fases/MapaInicialAr/PortalInicio.PortalInicio
[2025.11.24-13.25.47:842][325]LogTemp: Repeating last play command: Selected Viewport
[2025.11.24-13.25.47:851][325]LogPlayLevel: PlayLevel: No blueprints needed recompiling
[2025.11.24-13.25.47:851][325]PIE: New page: PIE session: MapaInicial (Nov 24, 2025, 7:25:47 AM)
[2025.11.24-13.25.47:851][325]LogPlayLevel: Creating play world package: /Game/Mapas/Fases/MapaInicialAr/UEDPIE_0_MapaInicial
[2025.11.24-13.25.47:855][325]LogPlayLevel: PIE: StaticDuplicateObject took: (0.003817s)
[2025.11.24-13.25.47:856][325]LogAIModule: Creating AISystem for world MapaInicial
[2025.11.24-13.25.47:857][325]LogPlayLevel: PIE: World Init took: (0.001906s)
[2025.11.24-13.25.47:857][325]LogPlayLevel: PIE: Created PIE world by copying editor world from /Game/Mapas/Fases/MapaInicialAr/MapaInicial.MapaInicial to /Game/Mapas/Fases/MapaInicialAr/UEDPIE_0_MapaInicial.MapaInicial (0.006007s)
[2025.11.24-13.25.47:898][325]LogUObjectHash: Compacting FUObjectHashTables data took   3.88ms
[2025.11.24-13.25.47:900][325]LogAudio: Display: Creating Audio Device:                 Id: 36, Scope: Unique, Realtime: True
[2025.11.24-13.25.47:900][325]LogAudioMixer: Display: Audio Mixer Platform Settings:
[2025.11.24-13.25.47:900][325]LogAudioMixer: Display: 	Sample Rate:						  48000
[2025.11.24-13.25.47:900][325]LogAudioMixer: Display: 	Callback Buffer Frame Size Requested: 1024
[2025.11.24-13.25.47:900][325]LogAudioMixer: Display: 	Callback Buffer Frame Size To Use:	  1024
[2025.11.24-13.25.47:900][325]LogAudioMixer: Display: 	Number of buffers to queue:			  2
[2025.11.24-13.25.47:900][325]LogAudioMixer: Display: 	Max Channels (voices):				  32
[2025.11.24-13.25.47:900][325]LogAudioMixer: Display: 	Number of Async Source Workers:		  0
[2025.11.24-13.25.47:900][325]LogAudio: Display: AudioDevice MaxSources: 32
[2025.11.24-13.25.47:900][325]LogAudio: Display: Audio Spatialization Plugin: None (built-in).
[2025.11.24-13.25.47:900][325]LogAudio: Display: Audio Reverb Plugin: None (built-in).
[2025.11.24-13.25.47:900][325]LogAudio: Display: Audio Occlusion Plugin: None (built-in).
[2025.11.24-13.25.47:900][325]LogAudioMixer: Display: Initializing audio mixer.
[2025.11.24-13.25.47:906][325]LogAudioMixer: Display: 0: FrontLeft
[2025.11.24-13.25.47:906][325]LogAudioMixer: Display: 1: FrontRight
[2025.11.24-13.25.47:914][325]LogAudioMixer: Display: Using Audio Device Alto-falantes (Realtek(R) Audio)
[2025.11.24-13.25.47:915][325]LogAudioMixer: Display: Initializing Sound Submixes...
[2025.11.24-13.25.47:915][325]LogAudioMixer: Display: Creating Master Submix 'MasterSubmixDefault'
[2025.11.24-13.25.47:915][325]LogAudioMixer: Display: Creating Master Submix 'MasterReverbSubmixDefault'
[2025.11.24-13.25.47:915][325]LogAudioMixer: Display: Creating Master Submix 'MasterEQSubmixDefault'
[2025.11.24-13.25.47:915][325]LogAudioMixer: FMixerPlatformXAudio2::StartAudioStream() called
[2025.11.24-13.25.47:915][325]LogAudioMixer: Display: Output buffers initialized: Frames=1024, Channels=2, Samples=2048
[2025.11.24-13.25.47:917][325]LogAudioMixer: Display: Starting AudioMixerPlatformInterface::RunInternal()
[2025.11.24-13.25.47:917][325]LogAudioMixer: Display: FMixerPlatformXAudio2::SubmitBuffer() called for the first time
[2025.11.24-13.25.47:917][325]LogInit: FAudioDevice initialized.
[2025.11.24-13.25.47:917][325]LogAudio: Display: Audio Device (ID: 36) registered with world 'MapaInicial'.
[2025.11.24-13.25.47:947][325]LogSlate: Updating window title bar state: overlay mode, drag disabled, window buttons hidden, title bar hidden
[2025.11.24-13.25.47:947][325]LogLoad: Game class is 'GameModeRL_C'
[2025.11.24-13.25.47:949][325]LogWorld: Bringing World /Game/Mapas/Fases/MapaInicialAr/UEDPIE_0_MapaInicial.MapaInicial up for play (max tick rate 0) at 2025.11.24-10.25.47
[2025.11.24-13.25.47:949][325]LogWorld: Bringing up level for play took: 0.001060
[2025.11.24-13.25.47:949][325]LogOnline: OSS: Creating online subsystem instance for: :Context_44
[2025.11.24-13.25.47:955][325]PIE: Server logged in
[2025.11.24-13.25.47:956][325]PIE: Play in editor total start time 0.107 seconds.
[2025.11.24-13.25.47:988][326]LogRenderer: Reallocating scene render targets to support 1128x756 Format 10 NumSamples 1 (Frame:1).
[2025.11.24-13.25.51:346][681]LogNet: Browse: /Game/Mapas/Fases/MapadeTeste/MapadeTeste
[2025.11.24-13.25.51:346][681]LogLoad: LoadMap: /Game/Mapas/Fases/MapadeTeste/MapadeTeste
[2025.11.24-13.25.51:346][681]LogWorld: BeginTearingDown for /Game/Mapas/Fases/MapaInicialAr/UEDPIE_0_MapaInicial
[2025.11.24-13.25.51:348][681]LogWorld: UWorld::CleanupWorld for MapaInicial, bSessionEnded=true, bCleanupResources=true
[2025.11.24-13.25.51:348][681]LogSlate: InvalidateAllWidgets triggered.  All widgets were invalidated
[2025.11.24-13.25.51:407][681]LogAudio: Display: Audio Device unregistered from world 'None'.
[2025.11.24-13.25.51:411][681]LogUObjectHash: Compacting FUObjectHashTables data took   3.01ms
[2025.11.24-13.25.51:412][681]LogPlayLevel: Creating play world package: /Game/Mapas/Fases/MapadeTeste/UEDPIE_0_MapadeTeste
[2025.11.24-13.25.51:432][681]LogPlayLevel: PIE: StaticDuplicateObject took: (0.020299s)
[2025.11.24-13.25.51:433][681]LogAIModule: Creating AISystem for world MapadeTeste
[2025.11.24-13.25.51:433][681]LogPlayLevel: PIE: World Init took: (0.001218s)
[2025.11.24-13.25.51:433][681]LogPlayLevel: PIE: Created PIE world by copying editor world from /Game/Mapas/Fases/MapadeTeste/MapadeTeste.MapadeTeste to /Game/Mapas/Fases/MapadeTeste/UEDPIE_0_MapadeTeste.MapadeTeste (0.021731s)
[2025.11.24-13.25.51:433][681]LogAudio: Display: Audio Device (ID: 36) registered with world 'MapadeTeste'.
[2025.11.24-13.25.51:434][681]LogLoad: Game class is 'GameModeRL_C'
[2025.11.24-13.25.51:436][681]LogWorld: Bringing World /Game/Mapas/Fases/MapadeTeste/UEDPIE_0_MapadeTeste.MapadeTeste up for play (max tick rate 0) at 2025.11.24-10.25.51
[2025.11.24-13.25.51:436][681]LogWorld: Bringing up level for play took: 0.001237
[2025.11.24-13.25.51:439][681]LogLoad: Took 0.092208 seconds to LoadMap(/Game/Mapas/Fases/MapadeTeste/UEDPIE_0_MapadeTeste)
[2025.11.24-13.25.57:662][175]LogSlate: Updating window title bar state: overlay mode, drag disabled, window buttons hidden, title bar hidden
[2025.11.24-13.25.57:663][175]LogWorld: BeginTearingDown for /Game/Mapas/Fases/MapadeTeste/UEDPIE_0_MapadeTeste
[2025.11.24-13.25.57:663][175]LogSlate: Window 'ColunaDoendoSamurai Preview [NetMode: Standalone]  (64-bit/Windows) ' being destroyed
[2025.11.24-13.25.57:668][175]LogWorld: UWorld::CleanupWorld for MapadeTeste, bSessionEnded=true, bCleanupResources=true
[2025.11.24-13.25.57:668][175]LogSlate: InvalidateAllWidgets triggered.  All widgets were invalidated
[2025.11.24-13.25.57:681][175]LogPlayLevel: Display: Shutting down PIE online subsystems
[2025.11.24-13.25.57:688][175]LogSlate: InvalidateAllWidgets triggered.  All widgets were invalidated
[2025.11.24-13.25.57:723][175]LogAudio: Display: Audio Device unregistered from world 'None'.
[2025.11.24-13.25.57:723][175]LogAudioMixer: FMixerPlatformXAudio2::StopAudioStream() called
[2025.11.24-13.25.57:724][175]LogAudioMixer: FMixerPlatformXAudio2::StopAudioStream() called
[2025.11.24-13.25.57:731][175]LogUObjectHash: Compacting FUObjectHashTables data took   3.06ms
[2025.11.24-13.25.57:749][176]LogPlayLevel: Display: Destroying online subsystem :Context_44
[2025.11.24-13.26.45:923][459]Cmd: OBJ SAVEPACKAGE PACKAGE="/Game/Mapas/Menu/MainMenuWid" FILE="E:/Unreal/Fumec_DevGames/Content/Mapas/Menu/MainMenuWid.uasset" SILENT=true
[2025.11.24-13.26.45:944][459]LogSavePackage: Moving 'E:/Unreal/Fumec_DevGames/Saved/MainMenuWidC591D0C94DC4B2F19EECD2909AB3DAB9.tmp' to 'E:/Unreal/Fumec_DevGames/Content/Mapas/Menu/MainMenuWid.uasset'
[2025.11.24-13.26.45:967][459]AssetCheck: New page: Asset Save: MainMenuWid
[2025.11.24-13.26.45:967][459]LogContentValidation: Display: Validating WidgetBlueprint /Game/Mapas/Menu/MainMenuWid.MainMenuWid
[2025.11.24-13.26.47:406][610]LogUObjectHash: Compacting FUObjectHashTables data took   2.94ms
[2025.11.24-13.26.47:440][610]Cmd: OBJ SAVEPACKAGE PACKAGE="/Game/Mapas/Fases/MapaInicialAr/MapaInicial" FILE="E:/Unreal/Fumec_DevGames/Content/Mapas/Fases/MapaInicialAr/MapaInicial.umap" SILENT=true AUTOSAVING=false KEEPDIRTY=false
[2025.11.24-13.26.47:478][610]LogUObjectHash: Compacting FUObjectHashTables data took   0.91ms
[2025.11.24-13.26.47:489][610]LogSavePackage: Moving 'E:/Unreal/Fumec_DevGames/Saved/MapaInicial61A98D0A449FA6EFF11ACFA0EB61008F.tmp' to 'E:/Unreal/Fumec_DevGames/Content/Mapas/Fases/MapaInicialAr/MapaInicial.umap'
[2025.11.24-13.26.47:510][610]LogFileHelpers: Saving map 'MapaInicial' took 0.070
[2025.11.24-13.26.47:524][610]AssetCheck: New page: Asset Save: MapaInicial
[2025.11.24-13.26.47:524][610]LogContentValidation: Display: Validating World /Game/Mapas/Fases/MapaInicialAr/MapaInicial.MapaInicial
[2025.11.24-13.27.04:537][605]LogUObjectHash: Compacting FUObjectHashTables data took   0.81ms
[2025.11.24-13.27.04:593][605]LogAssetEditorSubsystem: Opening Asset editor for World /Game/Mapas/Menu/MainMenu.MainMenu
[2025.11.24-13.27.04:594][605]Cmd: MAP LOAD FILE="E:/Unreal/Fumec_DevGames/Content/Mapas/Menu/MainMenu.umap" TEMPLATE=0 SHOWPROGRESS=1 FEATURELEVEL=3
[2025.11.24-13.27.04:594][605]LightingResults: New page: Lighting Build
[2025.11.24-13.27.04:594][605]LoadErrors: New page: Loading map: MainMenu.umap
[2025.11.24-13.27.04:632][605]LogWorld: UWorld::CleanupWorld for MapaInicial, bSessionEnded=true, bCleanupResources=true
[2025.11.24-13.27.04:632][605]LogSlate: InvalidateAllWidgets triggered.  All widgets were invalidated
[2025.11.24-13.27.04:632][605]MapCheck: New page: Map Check
[2025.11.24-13.27.04:632][605]LightingResults: New page: Lighting Build
[2025.11.24-13.27.04:671][605]LogAudio: Display: Audio Device unregistered from world 'None'.
[2025.11.24-13.27.04:676][605]LogUObjectHash: Compacting FUObjectHashTables data took   3.92ms
[2025.11.24-13.27.04:718][605]LogUObjectHash: Compacting FUObjectHashTables data took   3.59ms
[2025.11.24-13.27.04:756][605]LogUObjectHash: Compacting FUObjectHashTables data took   2.89ms
[2025.11.24-13.27.04:757][605]LogAudio: Display: Audio Device (ID: 1) registered with world 'MainMenu'.
[2025.11.24-13.27.04:852][605]LogEditorServer: Finished looking for orphan Actors (0.000 secs)
[2025.11.24-13.27.04:852][605]LogAIModule: Creating AISystem for world MainMenu
[2025.11.24-13.27.04:894][605]LogUObjectHash: Compacting FUObjectHashTables data took   2.90ms
[2025.11.24-13.27.04:915][605]Cmd: MAP CHECKDEP NOCLEARLOG
[2025.11.24-13.27.04:916][605]MapCheck: Map check complete: 0 Error(s), 0 Warning(s), took 0.1ms to complete.
[2025.11.24-13.27.04:916][605]LogFileHelpers: Loading map 'MainMenu' took 0.321
[2025.11.24-13.27.25:212][828]LogUObjectHash: Compacting FUObjectHashTables data took   0.77ms
[2025.11.24-13.27.25:251][828]LogAssetEditorSubsystem: Opening Asset editor for World /Game/Mapas/Fases/MapaInicialAr/MapaInicial.MapaInicial
[2025.11.24-13.27.25:251][828]Cmd: MAP LOAD FILE="E:/Unreal/Fumec_DevGames/Content/Mapas/Fases/MapaInicialAr/MapaInicial.umap" TEMPLATE=0 SHOWPROGRESS=1 FEATURELEVEL=3
[2025.11.24-13.27.25:251][828]LightingResults: New page: Lighting Build
[2025.11.24-13.27.25:251][828]LoadErrors: New page: Loading map: MapaInicial.umap
[2025.11.24-13.27.25:282][828]LogWorld: UWorld::CleanupWorld for MainMenu, bSessionEnded=true, bCleanupResources=true
[2025.11.24-13.27.25:282][828]LogSlate: InvalidateAllWidgets triggered.  All widgets were invalidated
[2025.11.24-13.27.25:282][828]MapCheck: New page: Map Check
[2025.11.24-13.27.25:282][828]LightingResults: New page: Lighting Build
[2025.11.24-13.27.25:320][828]LogAudio: Display: Audio Device unregistered from world 'None'.
[2025.11.24-13.27.25:324][828]LogUObjectHash: Compacting FUObjectHashTables data took   3.71ms
[2025.11.24-13.27.25:325][828]LogAudio: Display: Audio Device (ID: 1) registered with world 'MapaInicial'.
[2025.11.24-13.27.25:432][828]LogEditorServer: Finished looking for orphan Actors (0.000 secs)
[2025.11.24-13.27.25:432][828]LogAIModule: Creating AISystem for world MapaInicial
[2025.11.24-13.27.25:473][828]LogUObjectHash: Compacting FUObjectHashTables data took   2.96ms
[2025.11.24-13.27.25:498][828]Cmd: MAP CHECKDEP NOCLEARLOG
[2025.11.24-13.27.25:498][828]MapCheck: Map check complete: 0 Error(s), 0 Warning(s), took 0.107ms to complete.
[2025.11.24-13.27.25:499][828]LogFileHelpers: Loading map 'MapaInicial' took 0.248
[2025.11.24-13.27.30:695][377]LogEditorViewport: Clicking Background
[2025.11.24-13.27.38:288][229]LogUObjectHash: Compacting FUObjectHashTables data took   2.58ms
[2025.11.24-13.27.40:589][229]LogSlate: Window 'Save Content' being destroyed
[2025.11.24-13.27.40:628][229]Cmd: OBJ SAVEPACKAGE PACKAGE="/Game/Mapas/Fases/MapaInicialAr/MapaInicial" FILE="E:/Unreal/Fumec_DevGames/Content/Mapas/Fases/MapaInicialAr/MapaInicial.umap" SILENT=true AUTOSAVING=false KEEPDIRTY=false
[2025.11.24-13.27.40:664][229]LogUObjectHash: Compacting FUObjectHashTables data took   0.78ms
[2025.11.24-13.27.40:676][229]LogSavePackage: Moving 'E:/Unreal/Fumec_DevGames/Saved/MapaInicial2EB4213549AF59F6FBA599A046F4109F.tmp' to 'E:/Unreal/Fumec_DevGames/Content/Mapas/Fases/MapaInicialAr/MapaInicial.umap'
[2025.11.24-13.27.40:697][229]LogFileHelpers: Saving map 'MapaInicial' took 0.069
[2025.11.24-13.27.40:736][229]LogAssetEditorSubsystem: Opening Asset editor for World /Game/Mapas/Menu/MainMenu.MainMenu
[2025.11.24-13.27.40:737][229]Cmd: MAP LOAD FILE="E:/Unreal/Fumec_DevGames/Content/Mapas/Menu/MainMenu.umap" TEMPLATE=0 SHOWPROGRESS=1 FEATURELEVEL=3
[2025.11.24-13.27.40:737][229]LightingResults: New page: Lighting Build
[2025.11.24-13.27.40:737][229]LoadErrors: New page: Loading map: MainMenu.umap
[2025.11.24-13.27.40:738][229]LogWorld: UWorld::CleanupWorld for MapaInicial, bSessionEnded=true, bCleanupResources=true
[2025.11.24-13.27.40:738][229]LogSlate: InvalidateAllWidgets triggered.  All widgets were invalidated
[2025.11.24-13.27.40:738][229]MapCheck: New page: Map Check
[2025.11.24-13.27.40:738][229]LightingResults: New page: Lighting Build
[2025.11.24-13.27.40:775][229]LogAudio: Display: Audio Device unregistered from world 'None'.
[2025.11.24-13.27.40:780][229]LogUObjectHash: Compacting FUObjectHashTables data took   3.41ms
[2025.11.24-13.27.40:781][229]LogAudio: Display: Audio Device (ID: 1) registered with world 'MainMenu'.
[2025.11.24-13.27.40:874][229]LogEditorServer: Finished looking for orphan Actors (0.000 secs)
[2025.11.24-13.27.40:874][229]LogAIModule: Creating AISystem for world MainMenu
[2025.11.24-13.27.40:918][229]LogUObjectHash: Compacting FUObjectHashTables data took   3.99ms
[2025.11.24-13.27.40:937][229]Cmd: MAP CHECKDEP NOCLEARLOG
[2025.11.24-13.27.40:938][229]MapCheck: Map check complete: 0 Error(s), 0 Warning(s), took 1.37ms to complete.
[2025.11.24-13.27.40:938][229]LogFileHelpers: Loading map 'MainMenu' took 0.203
[2025.11.24-13.27.40:986][229]AssetCheck: New page: Asset Save: MapaInicial
[2025.11.24-13.27.40:986][229]LogContentValidation: Display: Validating World /Game/Mapas/Fases/MapaInicialAr/MapaInicial.MapaInicial
[2025.11.24-13.27.42:401][387]LogTemp: Repeating last play command: Selected Viewport
[2025.11.24-13.27.42:409][387]LogPlayLevel: PlayLevel: No blueprints needed recompiling
[2025.11.24-13.27.42:409][387]PIE: New page: PIE session: MainMenu (Nov 24, 2025, 7:27:42 AM)
[2025.11.24-13.27.42:430][387]LogPlayLevel: Creating play world package: /Game/Mapas/Menu/UEDPIE_0_MainMenu
[2025.11.24-13.27.42:432][387]LogPlayLevel: PIE: StaticDuplicateObject took: (0.001881s)
[2025.11.24-13.27.42:433][387]LogAIModule: Creating AISystem for world MainMenu
[2025.11.24-13.27.42:433][387]LogPlayLevel: PIE: World Init took: (0.001333s)
[2025.11.24-13.27.42:433][387]LogPlayLevel: PIE: Created PIE world by copying editor world from /Game/Mapas/Menu/MainMenu.MainMenu to /Game/Mapas/Menu/UEDPIE_0_MainMenu.MainMenu (0.003452s)
[2025.11.24-13.27.42:473][387]LogUObjectHash: Compacting FUObjectHashTables data took   3.29ms
[2025.11.24-13.27.42:474][387]LogAudio: Display: Creating Audio Device:                 Id: 37, Scope: Unique, Realtime: True
[2025.11.24-13.27.42:474][387]LogAudioMixer: Display: Audio Mixer Platform Settings:
[2025.11.24-13.27.42:474][387]LogAudioMixer: Display: 	Sample Rate:						  48000
[2025.11.24-13.27.42:474][387]LogAudioMixer: Display: 	Callback Buffer Frame Size Requested: 1024
[2025.11.24-13.27.42:474][387]LogAudioMixer: Display: 	Callback Buffer Frame Size To Use:	  1024
[2025.11.24-13.27.42:474][387]LogAudioMixer: Display: 	Number of buffers to queue:			  2
[2025.11.24-13.27.42:474][387]LogAudioMixer: Display: 	Max Channels (voices):				  32
[2025.11.24-13.27.42:474][387]LogAudioMixer: Display: 	Number of Async Source Workers:		  0
[2025.11.24-13.27.42:474][387]LogAudio: Display: AudioDevice MaxSources: 32
[2025.11.24-13.27.42:475][387]LogAudio: Display: Audio Spatialization Plugin: None (built-in).
[2025.11.24-13.27.42:475][387]LogAudio: Display: Audio Reverb Plugin: None (built-in).
[2025.11.24-13.27.42:475][387]LogAudio: Display: Audio Occlusion Plugin: None (built-in).
[2025.11.24-13.27.42:475][387]LogAudioMixer: Display: Initializing audio mixer.
[2025.11.24-13.27.42:481][387]LogAudioMixer: Display: 0: FrontLeft
[2025.11.24-13.27.42:481][387]LogAudioMixer: Display: 1: FrontRight
[2025.11.24-13.27.42:488][387]LogAudioMixer: Display: Using Audio Device Alto-falantes (Realtek(R) Audio)
[2025.11.24-13.27.42:488][387]LogAudioMixer: Display: Initializing Sound Submixes...
[2025.11.24-13.27.42:489][387]LogAudioMixer: Display: Creating Master Submix 'MasterSubmixDefault'
[2025.11.24-13.27.42:489][387]LogAudioMixer: Display: Creating Master Submix 'MasterReverbSubmixDefault'
[2025.11.24-13.27.42:489][387]LogAudioMixer: Display: Creating Master Submix 'MasterEQSubmixDefault'
[2025.11.24-13.27.42:489][387]LogAudioMixer: FMixerPlatformXAudio2::StartAudioStream() called
[2025.11.24-13.27.42:489][387]LogAudioMixer: Display: Output buffers initialized: Frames=1024, Channels=2, Samples=2048
[2025.11.24-13.27.42:491][387]LogAudioMixer: Display: Starting AudioMixerPlatformInterface::RunInternal()
[2025.11.24-13.27.42:491][387]LogAudioMixer: Display: FMixerPlatformXAudio2::SubmitBuffer() called for the first time
[2025.11.24-13.27.42:491][387]LogInit: FAudioDevice initialized.
[2025.11.24-13.27.42:491][387]LogAudio: Display: Audio Device (ID: 37) registered with world 'MainMenu'.
[2025.11.24-13.27.42:504][387]LogLoad: Game class is 'GameMode'
[2025.11.24-13.27.42:505][387]LogWorld: Bringing World /Game/Mapas/Menu/UEDPIE_0_MainMenu.MainMenu up for play (max tick rate 0) at 2025.11.24-10.27.42
[2025.11.24-13.27.42:505][387]LogWorld: Bringing up level for play took: 0.000359
[2025.11.24-13.27.42:505][387]LogOnline: OSS: Creating online subsystem instance for: :Context_45
[2025.11.24-13.27.42:508][387]LogGameMode: Display: Match State Changed from EnteringMap to WaitingToStart
[2025.11.24-13.27.42:508][387]LogGameState: Match State Changed from EnteringMap to WaitingToStart
[2025.11.24-13.27.42:508][387]LogGameMode: Display: Match State Changed from WaitingToStart to InProgress
[2025.11.24-13.27.42:508][387]LogGameState: Match State Changed from WaitingToStart to InProgress
[2025.11.24-13.27.42:508][387]PIE: Server logged in
[2025.11.24-13.27.42:509][387]PIE: Play in editor total start time 0.102 seconds.
[2025.11.24-13.27.48:984][150]LogGameMode: Display: Match State Changed from InProgress to LeavingMap
[2025.11.24-13.27.48:984][150]LogGameState: Match State Changed from InProgress to LeavingMap
[2025.11.24-13.27.48:984][150]LogNet: Browse: /Game/Mapas/Fases/MapaInicialAr/MapaInicial
[2025.11.24-13.27.48:985][150]LogLoad: LoadMap: /Game/Mapas/Fases/MapaInicialAr/MapaInicial
[2025.11.24-13.27.48:985][150]LogWorld: BeginTearingDown for /Game/Mapas/Menu/UEDPIE_0_MainMenu
[2025.11.24-13.27.48:985][150]LogWorld: UWorld::CleanupWorld for MainMenu, bSessionEnded=true, bCleanupResources=true
[2025.11.24-13.27.48:985][150]LogSlate: InvalidateAllWidgets triggered.  All widgets were invalidated
[2025.11.24-13.27.49:055][150]LogAudio: Display: Audio Device unregistered from world 'None'.
[2025.11.24-13.27.49:060][150]LogUObjectHash: Compacting FUObjectHashTables data took   3.28ms
[2025.11.24-13.27.49:061][150]LogPlayLevel: Creating play world package: /Game/Mapas/Fases/MapaInicialAr/UEDPIE_0_MapaInicial
[2025.11.24-13.27.49:065][150]LogPlayLevel: PIE: StaticDuplicateObject took: (0.004645s)
[2025.11.24-13.27.49:067][150]LogAIModule: Creating AISystem for world MapaInicial
[2025.11.24-13.27.49:068][150]LogPlayLevel: PIE: World Init took: (0.001402s)
[2025.11.24-13.27.49:068][150]LogPlayLevel: PIE: Created PIE world by copying editor world from /Game/Mapas/Fases/MapaInicialAr/MapaInicial.MapaInicial to /Game/Mapas/Fases/MapaInicialAr/UEDPIE_0_MapaInicial.MapaInicial (0.006332s)
[2025.11.24-13.27.49:068][150]LogAudio: Display: Audio Device (ID: 37) registered with world 'MapaInicial'.
[2025.11.24-13.27.49:068][150]LogLoad: Game class is 'GameModeRL_C'
[2025.11.24-13.27.49:068][150]LogWorld: Bringing World /Game/Mapas/Fases/MapaInicialAr/UEDPIE_0_MapaInicial.MapaInicial up for play (max tick rate 0) at 2025.11.24-10.27.49
[2025.11.24-13.27.49:069][150]LogWorld: Bringing up level for play took: 0.000799
[2025.11.24-13.27.49:072][150]LogLoad: Took 0.087654 seconds to LoadMap(/Game/Mapas/Fases/MapaInicialAr/UEDPIE_0_MapaInicial)
[2025.11.24-13.27.53:781][705]LogSlate: Updating window title bar state: overlay mode, drag disabled, window buttons hidden, title bar hidden
[2025.11.24-13.27.53:781][705]LogWorld: BeginTearingDown for /Game/Mapas/Fases/MapaInicialAr/UEDPIE_0_MapaInicial
[2025.11.24-13.27.53:782][705]LogWorld: UWorld::CleanupWorld for MapaInicial, bSessionEnded=true, bCleanupResources=true
[2025.11.24-13.27.53:782][705]LogSlate: InvalidateAllWidgets triggered.  All widgets were invalidated
[2025.11.24-13.27.53:795][705]LogPlayLevel: Display: Shutting down PIE online subsystems
[2025.11.24-13.27.53:802][705]LogSlate: InvalidateAllWidgets triggered.  All widgets were invalidated
[2025.11.24-13.27.53:840][705]LogAudio: Display: Audio Device unregistered from world 'None'.
[2025.11.24-13.27.53:840][705]LogAudioMixer: FMixerPlatformXAudio2::StopAudioStream() called
[2025.11.24-13.27.53:842][705]LogAudioMixer: FMixerPlatformXAudio2::StopAudioStream() called
[2025.11.24-13.27.53:844][705]LogSlate: Updating window title bar state: overlay mode, drag disabled, window buttons hidden, title bar hidden
[2025.11.24-13.27.53:848][705]LogUObjectHash: Compacting FUObjectHashTables data took   3.14ms
[2025.11.24-13.27.53:870][706]LogPlayLevel: Display: Destroying online subsystem :Context_45
[2025.11.24-13.29.09:006][385]LogSelectionDetails: Warning: NavigateToFunctionSource:  Unable to find symbols for 'UAudioComponent::FadeIn' [Não foi possível encontrar o módulo especificado.]
[2025.11.24-13.29.10:144][469]Cmd: OBJ SAVEPACKAGE PACKAGE="/Game/Player/Blueprints/HUD/HUD_Padrao" FILE="E:/Unreal/Fumec_DevGames/Content/Player/Blueprints/HUD/HUD_Padrao.uasset" SILENT=true
[2025.11.24-13.29.10:174][469]LogSavePackage: Moving 'E:/Unreal/Fumec_DevGames/Saved/HUD_PadraoF3DC5EAD4271791AFAA73DBCDA2604B2.tmp' to 'E:/Unreal/Fumec_DevGames/Content/Player/Blueprints/HUD/HUD_Padrao.uasset'
[2025.11.24-13.29.10:197][469]AssetCheck: New page: Asset Save: HUD_Padrao
[2025.11.24-13.29.10:197][469]LogContentValidation: Display: Validating WidgetBlueprint /Game/Player/Blueprints/HUD/HUD_Padrao.HUD_Padrao
[2025.11.24-13.31.45:534][441]BlueprintLog: New page: Compile HUD_Padrao
[2025.11.24-13.31.45:539][441]LogBlueprint: Error: [AssetLog] E:\Unreal\Fumec_DevGames\Content\Player\Blueprints\HUD\HUD_Padrao.uasset: [Compiler] Could not find a function named "FadeOUTAudio" in 'HUD_Padrao_C'.
Make sure 'HUD_Padrao_C' has been compiled for  Fade OUTAudio
[2025.11.24-13.31.45:606][441]LogUObjectHash: Compacting FUObjectHashTables data took   4.69ms
[2025.11.24-13.32.07:415][  7]BlueprintLog: New page: Compile HUD_Padrao
[2025.11.24-13.32.07:421][  7]LogBlueprint: Error: [AssetLog] E:\Unreal\Fumec_DevGames\Content\Player\Blueprints\HUD\HUD_Padrao.uasset: [Compiler] Could not find a function named "FadeOUTAudio" in 'HUD_Padrao_C'.
Make sure 'HUD_Padrao_C' has been compiled for  Fade OUTAudio
[2025.11.24-13.32.07:470][  7]LogUObjectHash: Compacting FUObjectHashTables data took   4.29ms
[2025.11.24-13.32.34:861][ 89]BlueprintLog: New page: Compile HUD_Padrao
[2025.11.24-13.32.34:915][ 89]LogUObjectHash: Compacting FUObjectHashTables data took   4.13ms
[2025.11.24-13.32.34:968][ 89]Cmd: OBJ SAVEPACKAGE PACKAGE="/Game/Player/Blueprints/HUD/HUD_Padrao" FILE="E:/Unreal/Fumec_DevGames/Content/Player/Blueprints/HUD/HUD_Padrao.uasset" SILENT=true
[2025.11.24-13.32.34:991][ 89]LogSavePackage: Moving 'E:/Unreal/Fumec_DevGames/Saved/HUD_Padrao478A98B94812E32ADEC37CA6CB9AAEB6.tmp' to 'E:/Unreal/Fumec_DevGames/Content/Player/Blueprints/HUD/HUD_Padrao.uasset'
[2025.11.24-13.32.35:014][ 89]AssetCheck: New page: Asset Save: HUD_Padrao
[2025.11.24-13.32.35:014][ 89]LogContentValidation: Display: Validating WidgetBlueprint /Game/Player/Blueprints/HUD/HUD_Padrao.HUD_Padrao
[2025.11.24-13.32.46:373][412]LogTemp: Repeating last play command: Selected Viewport
[2025.11.24-13.32.46:381][412]LogPlayLevel: PlayLevel: No blueprints needed recompiling
[2025.11.24-13.32.46:381][412]PIE: New page: PIE session: MainMenu (Nov 24, 2025, 7:32:46 AM)
[2025.11.24-13.32.46:381][412]LogPlayLevel: Creating play world package: /Game/Mapas/Menu/UEDPIE_0_MainMenu
[2025.11.24-13.32.46:382][412]LogPlayLevel: PIE: StaticDuplicateObject took: (0.001762s)
[2025.11.24-13.32.46:384][412]LogAIModule: Creating AISystem for world MainMenu
[2025.11.24-13.32.46:385][412]LogPlayLevel: PIE: World Init took: (0.001316s)
[2025.11.24-13.32.46:385][412]LogPlayLevel: PIE: Created PIE world by copying editor world from /Game/Mapas/Menu/MainMenu.MainMenu to /Game/Mapas/Menu/UEDPIE_0_MainMenu.MainMenu (0.003256s)
[2025.11.24-13.32.46:430][412]LogUObjectHash: Compacting FUObjectHashTables data took   4.07ms
[2025.11.24-13.32.46:431][412]LogAudio: Display: Creating Audio Device:                 Id: 38, Scope: Unique, Realtime: True
[2025.11.24-13.32.46:431][412]LogAudioMixer: Display: Audio Mixer Platform Settings:
[2025.11.24-13.32.46:431][412]LogAudioMixer: Display: 	Sample Rate:						  48000
[2025.11.24-13.32.46:431][412]LogAudioMixer: Display: 	Callback Buffer Frame Size Requested: 1024
[2025.11.24-13.32.46:431][412]LogAudioMixer: Display: 	Callback Buffer Frame Size To Use:	  1024
[2025.11.24-13.32.46:431][412]LogAudioMixer: Display: 	Number of buffers to queue:			  2
[2025.11.24-13.32.46:431][412]LogAudioMixer: Display: 	Max Channels (voices):				  32
[2025.11.24-13.32.46:431][412]LogAudioMixer: Display: 	Number of Async Source Workers:		  0
[2025.11.24-13.32.46:432][412]LogAudio: Display: AudioDevice MaxSources: 32
[2025.11.24-13.32.46:432][412]LogAudio: Display: Audio Spatialization Plugin: None (built-in).
[2025.11.24-13.32.46:432][412]LogAudio: Display: Audio Reverb Plugin: None (built-in).
[2025.11.24-13.32.46:432][412]LogAudio: Display: Audio Occlusion Plugin: None (built-in).
[2025.11.24-13.32.46:432][412]LogAudioMixer: Display: Initializing audio mixer.
[2025.11.24-13.32.46:439][412]LogAudioMixer: Display: 0: FrontLeft
[2025.11.24-13.32.46:439][412]LogAudioMixer: Display: 1: FrontRight
[2025.11.24-13.32.46:449][412]LogAudioMixer: Display: Using Audio Device Alto-falantes (Realtek(R) Audio)
[2025.11.24-13.32.46:449][412]LogAudioMixer: Display: Initializing Sound Submixes...
[2025.11.24-13.32.46:449][412]LogAudioMixer: Display: Creating Master Submix 'MasterSubmixDefault'
[2025.11.24-13.32.46:449][412]LogAudioMixer: Display: Creating Master Submix 'MasterReverbSubmixDefault'
[2025.11.24-13.32.46:450][412]LogAudioMixer: Display: Creating Master Submix 'MasterEQSubmixDefault'
[2025.11.24-13.32.46:450][412]LogAudioMixer: FMixerPlatformXAudio2::StartAudioStream() called
[2025.11.24-13.32.46:450][412]LogAudioMixer: Display: Output buffers initialized: Frames=1024, Channels=2, Samples=2048
[2025.11.24-13.32.46:452][412]LogAudioMixer: Display: Starting AudioMixerPlatformInterface::RunInternal()
[2025.11.24-13.32.46:452][412]LogAudioMixer: Display: FMixerPlatformXAudio2::SubmitBuffer() called for the first time
[2025.11.24-13.32.46:452][412]LogInit: FAudioDevice initialized.
[2025.11.24-13.32.46:452][412]LogAudio: Display: Audio Device (ID: 38) registered with world 'MainMenu'.
[2025.11.24-13.32.46:501][412]LogSlate: Updating window title bar state: overlay mode, drag disabled, window buttons hidden, title bar hidden
[2025.11.24-13.32.46:501][412]LogLoad: Game class is 'GameMode'
[2025.11.24-13.32.46:503][412]LogWorld: Bringing World /Game/Mapas/Menu/UEDPIE_0_MainMenu.MainMenu up for play (max tick rate 0) at 2025.11.24-10.32.46
[2025.11.24-13.32.46:503][412]LogWorld: Bringing up level for play took: 0.000683
[2025.11.24-13.32.46:503][412]LogOnline: OSS: Creating online subsystem instance for: :Context_46
[2025.11.24-13.32.46:505][412]LogGameMode: FindPlayerStart: PATHS NOT DEFINED or NO PLAYERSTART with positive rating
[2025.11.24-13.32.46:505][412]LogGameMode: Display: Match State Changed from EnteringMap to WaitingToStart
[2025.11.24-13.32.46:505][412]LogGameState: Match State Changed from EnteringMap to WaitingToStart
[2025.11.24-13.32.46:505][412]LogGameMode: Display: Match State Changed from WaitingToStart to InProgress
[2025.11.24-13.32.46:506][412]LogGameState: Match State Changed from WaitingToStart to InProgress
[2025.11.24-13.32.46:508][412]PIE: Server logged in
[2025.11.24-13.32.46:509][412]PIE: Play in editor total start time 0.129 seconds.
[2025.11.24-13.32.46:545][413]LogRenderer: Reallocating scene render targets to support 1128x764 Format 10 NumSamples 1 (Frame:1).
[2025.11.24-13.32.50:623][879]LogGameMode: Display: Match State Changed from InProgress to LeavingMap
[2025.11.24-13.32.50:623][879]LogGameState: Match State Changed from InProgress to LeavingMap
[2025.11.24-13.32.50:623][879]LogNet: Browse: /Game/Mapas/Fases/MapaInicialAr/MapaInicial
[2025.11.24-13.32.50:623][879]LogLoad: LoadMap: /Game/Mapas/Fases/MapaInicialAr/MapaInicial
[2025.11.24-13.32.50:623][879]LogWorld: BeginTearingDown for /Game/Mapas/Menu/UEDPIE_0_MainMenu
[2025.11.24-13.32.50:624][879]LogWorld: UWorld::CleanupWorld for MainMenu, bSessionEnded=true, bCleanupResources=true
[2025.11.24-13.32.50:624][879]LogSlate: InvalidateAllWidgets triggered.  All widgets were invalidated
[2025.11.24-13.32.50:694][879]LogAudio: Display: Audio Device unregistered from world 'None'.
[2025.11.24-13.32.50:698][879]LogUObjectHash: Compacting FUObjectHashTables data took   2.94ms
[2025.11.24-13.32.50:700][879]LogPlayLevel: Creating play world package: /Game/Mapas/Fases/MapaInicialAr/UEDPIE_0_MapaInicial
[2025.11.24-13.32.50:703][879]LogPlayLevel: PIE: StaticDuplicateObject took: (0.003399s)
[2025.11.24-13.32.50:704][879]LogAIModule: Creating AISystem for world MapaInicial
[2025.11.24-13.32.50:704][879]LogPlayLevel: PIE: World Init took: (0.001257s)
[2025.11.24-13.32.50:704][879]LogPlayLevel: PIE: Created PIE world by copying editor world from /Game/Mapas/Fases/MapaInicialAr/MapaInicial.MapaInicial to /Game/Mapas/Fases/MapaInicialAr/UEDPIE_0_MapaInicial.MapaInicial (0.004890s)
[2025.11.24-13.32.50:705][879]LogAudio: Display: Audio Device (ID: 38) registered with world 'MapaInicial'.
[2025.11.24-13.32.50:705][879]LogLoad: Game class is 'GameModeRL_C'
[2025.11.24-13.32.50:706][879]LogWorld: Bringing World /Game/Mapas/Fases/MapaInicialAr/UEDPIE_0_MapaInicial.MapaInicial up for play (max tick rate 0) at 2025.11.24-10.32.50
[2025.11.24-13.32.50:706][879]LogWorld: Bringing up level for play took: 0.000970
[2025.11.24-13.32.50:709][879]LogLoad: Took 0.085342 seconds to LoadMap(/Game/Mapas/Fases/MapaInicialAr/UEDPIE_0_MapaInicial)
[2025.11.24-13.32.52:925][117]LogSlate: Window 'ColunaDoendoSamurai Preview [NetMode: Standalone]  (64-bit/Windows) ' being destroyed
[2025.11.24-13.32.52:941][117]LogWorld: BeginTearingDown for /Game/Mapas/Fases/MapaInicialAr/UEDPIE_0_MapaInicial
[2025.11.24-13.32.52:979][117]LogWorld: UWorld::CleanupWorld for MapaInicial, bSessionEnded=true, bCleanupResources=true
[2025.11.24-13.32.52:979][117]LogSlate: InvalidateAllWidgets triggered.  All widgets were invalidated
[2025.11.24-13.32.52:988][117]LogPlayLevel: Display: Shutting down PIE online subsystems
[2025.11.24-13.32.52:994][117]LogSlate: InvalidateAllWidgets triggered.  All widgets were invalidated
[2025.11.24-13.32.53:032][117]LogAudio: Display: Audio Device unregistered from world 'None'.
[2025.11.24-13.32.53:032][117]LogAudioMixer: FMixerPlatformXAudio2::StopAudioStream() called
[2025.11.24-13.32.53:033][117]LogAudioMixer: FMixerPlatformXAudio2::StopAudioStream() called
[2025.11.24-13.32.53:040][117]LogUObjectHash: Compacting FUObjectHashTables data took   3.51ms
[2025.11.24-13.32.53:060][118]LogPlayLevel: Display: Destroying online subsystem :Context_46
[2025.11.24-13.33.10:104][ 40]LogTemp: Repeating last play command: Selected Viewport
[2025.11.24-13.33.10:112][ 40]LogPlayLevel: PlayLevel: No blueprints needed recompiling
[2025.11.24-13.33.10:112][ 40]PIE: New page: PIE session: MainMenu (Nov 24, 2025, 7:33:10 AM)
[2025.11.24-13.33.10:112][ 40]LogPlayLevel: Creating play world package: /Game/Mapas/Menu/UEDPIE_0_MainMenu
[2025.11.24-13.33.10:114][ 40]LogPlayLevel: PIE: StaticDuplicateObject took: (0.001580s)
[2025.11.24-13.33.10:114][ 40]LogAIModule: Creating AISystem for world MainMenu
[2025.11.24-13.33.10:115][ 40]LogPlayLevel: PIE: World Init took: (0.001162s)
[2025.11.24-13.33.10:115][ 40]LogPlayLevel: PIE: Created PIE world by copying editor world from /Game/Mapas/Menu/MainMenu.MainMenu to /Game/Mapas/Menu/UEDPIE_0_MainMenu.MainMenu (0.002908s)
[2025.11.24-13.33.10:156][ 40]LogUObjectHash: Compacting FUObjectHashTables data took   2.88ms
[2025.11.24-13.33.10:157][ 40]LogAudio: Display: Creating Audio Device:                 Id: 39, Scope: Unique, Realtime: True
[2025.11.24-13.33.10:157][ 40]LogAudioMixer: Display: Audio Mixer Platform Settings:
[2025.11.24-13.33.10:157][ 40]LogAudioMixer: Display: 	Sample Rate:						  48000
[2025.11.24-13.33.10:157][ 40]LogAudioMixer: Display: 	Callback Buffer Frame Size Requested: 1024
[2025.11.24-13.33.10:157][ 40]LogAudioMixer: Display: 	Callback Buffer Frame Size To Use:	  1024
[2025.11.24-13.33.10:157][ 40]LogAudioMixer: Display: 	Number of buffers to queue:			  2
[2025.11.24-13.33.10:157][ 40]LogAudioMixer: Display: 	Max Channels (voices):				  32
[2025.11.24-13.33.10:157][ 40]LogAudioMixer: Display: 	Number of Async Source Workers:		  0
[2025.11.24-13.33.10:157][ 40]LogAudio: Display: AudioDevice MaxSources: 32
[2025.11.24-13.33.10:158][ 40]LogAudio: Display: Audio Spatialization Plugin: None (built-in).
[2025.11.24-13.33.10:158][ 40]LogAudio: Display: Audio Reverb Plugin: None (built-in).
[2025.11.24-13.33.10:158][ 40]LogAudio: Display: Audio Occlusion Plugin: None (built-in).
[2025.11.24-13.33.10:158][ 40]LogAudioMixer: Display: Initializing audio mixer.
[2025.11.24-13.33.10:163][ 40]LogAudioMixer: Display: 0: FrontLeft
[2025.11.24-13.33.10:163][ 40]LogAudioMixer: Display: 1: FrontRight
[2025.11.24-13.33.10:171][ 40]LogAudioMixer: Display: Using Audio Device Alto-falantes (Realtek(R) Audio)
[2025.11.24-13.33.10:171][ 40]LogAudioMixer: Display: Initializing Sound Submixes...
[2025.11.24-13.33.10:171][ 40]LogAudioMixer: Display: Creating Master Submix 'MasterSubmixDefault'
[2025.11.24-13.33.10:171][ 40]LogAudioMixer: Display: Creating Master Submix 'MasterReverbSubmixDefault'
[2025.11.24-13.33.10:173][ 40]LogAudioMixer: Display: Creating Master Submix 'MasterEQSubmixDefault'
[2025.11.24-13.33.10:173][ 40]LogAudioMixer: FMixerPlatformXAudio2::StartAudioStream() called
[2025.11.24-13.33.10:173][ 40]LogAudioMixer: Display: Output buffers initialized: Frames=1024, Channels=2, Samples=2048
[2025.11.24-13.33.10:175][ 40]LogAudioMixer: Display: Starting AudioMixerPlatformInterface::RunInternal()
[2025.11.24-13.33.10:175][ 40]LogAudioMixer: Display: FMixerPlatformXAudio2::SubmitBuffer() called for the first time
[2025.11.24-13.33.10:175][ 40]LogInit: FAudioDevice initialized.
[2025.11.24-13.33.10:175][ 40]LogAudio: Display: Audio Device (ID: 39) registered with world 'MainMenu'.
[2025.11.24-13.33.10:209][ 40]LogSlate: Updating window title bar state: overlay mode, drag disabled, window buttons hidden, title bar hidden
[2025.11.24-13.33.10:209][ 40]LogLoad: Game class is 'GameMode'
[2025.11.24-13.33.10:210][ 40]LogWorld: Bringing World /Game/Mapas/Menu/UEDPIE_0_MainMenu.MainMenu up for play (max tick rate 0) at 2025.11.24-10.33.10
[2025.11.24-13.33.10:211][ 40]LogWorld: Bringing up level for play took: 0.000725
[2025.11.24-13.33.10:211][ 40]LogOnline: OSS: Creating online subsystem instance for: :Context_47
[2025.11.24-13.33.10:214][ 40]LogGameMode: FindPlayerStart: PATHS NOT DEFINED or NO PLAYERSTART with positive rating
[2025.11.24-13.33.10:214][ 40]LogGameMode: Display: Match State Changed from EnteringMap to WaitingToStart
[2025.11.24-13.33.10:214][ 40]LogGameState: Match State Changed from EnteringMap to WaitingToStart
[2025.11.24-13.33.10:214][ 40]LogGameMode: Display: Match State Changed from WaitingToStart to InProgress
[2025.11.24-13.33.10:215][ 40]LogGameState: Match State Changed from WaitingToStart to InProgress
[2025.11.24-13.33.10:217][ 40]PIE: Server logged in
[2025.11.24-13.33.10:218][ 40]PIE: Play in editor total start time 0.107 seconds.
[2025.11.24-13.33.10:249][ 41]LogRenderer: Reallocating scene render targets to support 1132x768 Format 10 NumSamples 1 (Frame:1).
[2025.11.24-13.33.16:890][824]LogGameMode: Display: Match State Changed from InProgress to LeavingMap
[2025.11.24-13.33.16:890][824]LogGameState: Match State Changed from InProgress to LeavingMap
[2025.11.24-13.33.16:891][824]LogNet: Browse: /Game/Mapas/Fases/MapaInicialAr/MapaInicial
[2025.11.24-13.33.16:891][824]LogLoad: LoadMap: /Game/Mapas/Fases/MapaInicialAr/MapaInicial
[2025.11.24-13.33.16:891][824]LogWorld: BeginTearingDown for /Game/Mapas/Menu/UEDPIE_0_MainMenu
[2025.11.24-13.33.16:891][824]LogWorld: UWorld::CleanupWorld for MainMenu, bSessionEnded=true, bCleanupResources=true
[2025.11.24-13.33.16:891][824]LogSlate: InvalidateAllWidgets triggered.  All widgets were invalidated
[2025.11.24-13.33.16:975][824]LogAudio: Display: Audio Device unregistered from world 'None'.
[2025.11.24-13.33.16:980][824]LogUObjectHash: Compacting FUObjectHashTables data took   3.53ms
[2025.11.24-13.33.16:982][824]LogPlayLevel: Creating play world package: /Game/Mapas/Fases/MapaInicialAr/UEDPIE_0_MapaInicial
[2025.11.24-13.33.16:985][824]LogPlayLevel: PIE: StaticDuplicateObject took: (0.003268s)
[2025.11.24-13.33.16:985][824]LogAIModule: Creating AISystem for world MapaInicial
[2025.11.24-13.33.16:986][824]LogPlayLevel: PIE: World Init took: (0.001210s)
[2025.11.24-13.33.16:986][824]LogPlayLevel: PIE: Created PIE world by copying editor world from /Game/Mapas/Fases/MapaInicialAr/MapaInicial.MapaInicial to /Game/Mapas/Fases/MapaInicialAr/UEDPIE_0_MapaInicial.MapaInicial (0.004701s)
[2025.11.24-13.33.16:986][824]LogAudio: Display: Audio Device (ID: 39) registered with world 'MapaInicial'.
[2025.11.24-13.33.16:986][824]LogLoad: Game class is 'GameModeRL_C'
[2025.11.24-13.33.16:986][824]LogWorld: Bringing World /Game/Mapas/Fases/MapaInicialAr/UEDPIE_0_MapaInicial.MapaInicial up for play (max tick rate 0) at 2025.11.24-10.33.16
[2025.11.24-13.33.16:988][824]LogWorld: Bringing up level for play took: 0.000707
[2025.11.24-13.33.16:990][824]LogLoad: Took 0.099302 seconds to LoadMap(/Game/Mapas/Fases/MapaInicialAr/UEDPIE_0_MapaInicial)
[2025.11.24-13.33.20:765][228]LogSlate: Window 'ColunaDoendoSamurai Preview [NetMode: Standalone]  (64-bit/Windows) ' being destroyed
[2025.11.24-13.33.20:783][228]LogWorld: BeginTearingDown for /Game/Mapas/Fases/MapaInicialAr/UEDPIE_0_MapaInicial
[2025.11.24-13.33.20:819][228]LogWorld: UWorld::CleanupWorld for MapaInicial, bSessionEnded=true, bCleanupResources=true
[2025.11.24-13.33.20:819][228]LogSlate: InvalidateAllWidgets triggered.  All widgets were invalidated
[2025.11.24-13.33.20:831][228]LogPlayLevel: Display: Shutting down PIE online subsystems
[2025.11.24-13.33.20:838][228]LogSlate: InvalidateAllWidgets triggered.  All widgets were invalidated
[2025.11.24-13.33.20:873][228]LogAudioMixer: FMixerPlatformXAudio2::StopAudioStream() called
[2025.11.24-13.33.20:875][228]LogAudioMixer: FMixerPlatformXAudio2::StopAudioStream() called
[2025.11.24-13.33.20:881][228]LogUObjectHash: Compacting FUObjectHashTables data took   3.06ms
[2025.11.24-13.33.20:907][229]LogPlayLevel: Display: Destroying online subsystem :Context_47
[2025.11.24-13.33.54:805][989]BlueprintLog: New page: Compile HUD_Padrao
[2025.11.24-13.33.54:857][989]LogUObjectHash: Compacting FUObjectHashTables data took   3.42ms
[2025.11.24-13.33.54:916][989]Cmd: OBJ SAVEPACKAGE PACKAGE="/Game/Player/Blueprints/HUD/HUD_Padrao" FILE="E:/Unreal/Fumec_DevGames/Content/Player/Blueprints/HUD/HUD_Padrao.uasset" SILENT=true
[2025.11.24-13.33.54:938][989]LogSavePackage: Moving 'E:/Unreal/Fumec_DevGames/Saved/HUD_Padrao21D787E047A1BF10A36B3C8977DA946E.tmp' to 'E:/Unreal/Fumec_DevGames/Content/Player/Blueprints/HUD/HUD_Padrao.uasset'
[2025.11.24-13.33.54:958][989]AssetCheck: New page: Asset Save: HUD_Padrao
[2025.11.24-13.33.54:958][989]LogContentValidation: Display: Validating WidgetBlueprint /Game/Player/Blueprints/HUD/HUD_Padrao.HUD_Padrao
[2025.11.24-13.33.55:538][ 52]LogTemp: Repeating last play command: Selected Viewport
[2025.11.24-13.33.55:547][ 52]LogPlayLevel: PlayLevel: No blueprints needed recompiling
[2025.11.24-13.33.55:547][ 52]PIE: New page: PIE session: MainMenu (Nov 24, 2025, 7:33:55 AM)
[2025.11.24-13.33.55:548][ 52]LogPlayLevel: Creating play world package: /Game/Mapas/Menu/UEDPIE_0_MainMenu
[2025.11.24-13.33.55:549][ 52]LogPlayLevel: PIE: StaticDuplicateObject took: (0.001638s)
[2025.11.24-13.33.55:550][ 52]LogAIModule: Creating AISystem for world MainMenu
[2025.11.24-13.33.55:550][ 52]LogPlayLevel: PIE: World Init took: (0.001192s)
[2025.11.24-13.33.55:550][ 52]LogPlayLevel: PIE: Created PIE world by copying editor world from /Game/Mapas/Menu/MainMenu.MainMenu to /Game/Mapas/Menu/UEDPIE_0_MainMenu.MainMenu (0.003001s)
[2025.11.24-13.33.55:595][ 52]LogUObjectHash: Compacting FUObjectHashTables data took   4.29ms
[2025.11.24-13.33.55:595][ 52]LogAudio: Display: Creating Audio Device:                 Id: 40, Scope: Unique, Realtime: True
[2025.11.24-13.33.55:595][ 52]LogAudioMixer: Display: Audio Mixer Platform Settings:
[2025.11.24-13.33.55:595][ 52]LogAudioMixer: Display: 	Sample Rate:						  48000
[2025.11.24-13.33.55:595][ 52]LogAudioMixer: Display: 	Callback Buffer Frame Size Requested: 1024
[2025.11.24-13.33.55:595][ 52]LogAudioMixer: Display: 	Callback Buffer Frame Size To Use:	  1024
[2025.11.24-13.33.55:595][ 52]LogAudioMixer: Display: 	Number of buffers to queue:			  2
[2025.11.24-13.33.55:595][ 52]LogAudioMixer: Display: 	Max Channels (voices):				  32
[2025.11.24-13.33.55:596][ 52]LogAudioMixer: Display: 	Number of Async Source Workers:		  0
[2025.11.24-13.33.55:596][ 52]LogAudio: Display: AudioDevice MaxSources: 32
[2025.11.24-13.33.55:596][ 52]LogAudio: Display: Audio Spatialization Plugin: None (built-in).
[2025.11.24-13.33.55:596][ 52]LogAudio: Display: Audio Reverb Plugin: None (built-in).
[2025.11.24-13.33.55:596][ 52]LogAudio: Display: Audio Occlusion Plugin: None (built-in).
[2025.11.24-13.33.55:596][ 52]LogAudioMixer: Display: Initializing audio mixer.
[2025.11.24-13.33.55:603][ 52]LogAudioMixer: Display: 0: FrontLeft
[2025.11.24-13.33.55:603][ 52]LogAudioMixer: Display: 1: FrontRight
[2025.11.24-13.33.55:612][ 52]LogAudioMixer: Display: Using Audio Device Alto-falantes (Realtek(R) Audio)
[2025.11.24-13.33.55:612][ 52]LogAudioMixer: Display: Initializing Sound Submixes...
[2025.11.24-13.33.55:612][ 52]LogAudioMixer: Display: Creating Master Submix 'MasterSubmixDefault'
[2025.11.24-13.33.55:612][ 52]LogAudioMixer: Display: Creating Master Submix 'MasterReverbSubmixDefault'
[2025.11.24-13.33.55:612][ 52]LogAudioMixer: Display: Creating Master Submix 'MasterEQSubmixDefault'
[2025.11.24-13.33.55:612][ 52]LogAudioMixer: FMixerPlatformXAudio2::StartAudioStream() called
[2025.11.24-13.33.55:612][ 52]LogAudioMixer: Display: Output buffers initialized: Frames=1024, Channels=2, Samples=2048
[2025.11.24-13.33.55:614][ 52]LogAudioMixer: Display: Starting AudioMixerPlatformInterface::RunInternal()
[2025.11.24-13.33.55:614][ 52]LogAudioMixer: Display: FMixerPlatformXAudio2::SubmitBuffer() called for the first time
[2025.11.24-13.33.55:614][ 52]LogInit: FAudioDevice initialized.
[2025.11.24-13.33.55:614][ 52]LogAudio: Display: Audio Device (ID: 40) registered with world 'MainMenu'.
[2025.11.24-13.33.55:660][ 52]LogSlate: Updating window title bar state: overlay mode, drag disabled, window buttons hidden, title bar hidden
[2025.11.24-13.33.55:660][ 52]LogLoad: Game class is 'GameMode'
[2025.11.24-13.33.55:661][ 52]LogWorld: Bringing World /Game/Mapas/Menu/UEDPIE_0_MainMenu.MainMenu up for play (max tick rate 0) at 2025.11.24-10.33.55
[2025.11.24-13.33.55:661][ 52]LogWorld: Bringing up level for play took: 0.000570
[2025.11.24-13.33.55:661][ 52]LogOnline: OSS: Creating online subsystem instance for: :Context_48
[2025.11.24-13.33.55:663][ 52]LogGameMode: FindPlayerStart: PATHS NOT DEFINED or NO PLAYERSTART with positive rating
[2025.11.24-13.33.55:664][ 52]LogGameMode: Display: Match State Changed from EnteringMap to WaitingToStart
[2025.11.24-13.33.55:664][ 52]LogGameState: Match State Changed from EnteringMap to WaitingToStart
[2025.11.24-13.33.55:664][ 52]LogGameMode: Display: Match State Changed from WaitingToStart to InProgress
[2025.11.24-13.33.55:665][ 52]LogGameState: Match State Changed from WaitingToStart to InProgress
[2025.11.24-13.33.55:666][ 52]PIE: Server logged in
[2025.11.24-13.33.55:666][ 52]PIE: Play in editor total start time 0.122 seconds.
[2025.11.24-13.33.55:705][ 53]LogRenderer: Reallocating scene render targets to support 1132x776 Format 10 NumSamples 1 (Frame:1).
[2025.11.24-13.33.59:430][491]LogGameMode: Display: Match State Changed from InProgress to LeavingMap
[2025.11.24-13.33.59:430][491]LogGameState: Match State Changed from InProgress to LeavingMap
[2025.11.24-13.33.59:430][491]LogNet: Browse: /Game/Mapas/Fases/MapaInicialAr/MapaInicial
[2025.11.24-13.33.59:430][491]LogLoad: LoadMap: /Game/Mapas/Fases/MapaInicialAr/MapaInicial
[2025.11.24-13.33.59:430][491]LogWorld: BeginTearingDown for /Game/Mapas/Menu/UEDPIE_0_MainMenu
[2025.11.24-13.33.59:430][491]LogWorld: UWorld::CleanupWorld for MainMenu, bSessionEnded=true, bCleanupResources=true
[2025.11.24-13.33.59:431][491]LogSlate: InvalidateAllWidgets triggered.  All widgets were invalidated
[2025.11.24-13.33.59:514][491]LogAudio: Display: Audio Device unregistered from world 'None'.
[2025.11.24-13.33.59:519][491]LogUObjectHash: Compacting FUObjectHashTables data took   3.73ms
[2025.11.24-13.33.59:520][491]LogPlayLevel: Creating play world package: /Game/Mapas/Fases/MapaInicialAr/UEDPIE_0_MapaInicial
[2025.11.24-13.33.59:524][491]LogPlayLevel: PIE: StaticDuplicateObject took: (0.003329s)
[2025.11.24-13.33.59:525][491]LogAIModule: Creating AISystem for world MapaInicial
[2025.11.24-13.33.59:525][491]LogPlayLevel: PIE: World Init took: (0.001314s)
[2025.11.24-13.33.59:525][491]LogPlayLevel: PIE: Created PIE world by copying editor world from /Game/Mapas/Fases/MapaInicialAr/MapaInicial.MapaInicial to /Game/Mapas/Fases/MapaInicialAr/UEDPIE_0_MapaInicial.MapaInicial (0.004886s)
[2025.11.24-13.33.59:525][491]LogAudio: Display: Audio Device (ID: 40) registered with world 'MapaInicial'.
[2025.11.24-13.33.59:525][491]LogLoad: Game class is 'GameModeRL_C'
[2025.11.24-13.33.59:526][491]LogWorld: Bringing World /Game/Mapas/Fases/MapaInicialAr/UEDPIE_0_MapaInicial.MapaInicial up for play (max tick rate 0) at 2025.11.24-10.33.59
[2025.11.24-13.33.59:526][491]LogWorld: Bringing up level for play took: 0.000680
[2025.11.24-13.33.59:529][491]LogLoad: Took 0.099477 seconds to LoadMap(/Game/Mapas/Fases/MapaInicialAr/UEDPIE_0_MapaInicial)
[2025.11.24-13.34.04:770][ 53]LogSlate: Updating window title bar state: overlay mode, drag disabled, window buttons hidden, title bar hidden
[2025.11.24-13.34.04:770][ 53]LogWorld: BeginTearingDown for /Game/Mapas/Fases/MapaInicialAr/UEDPIE_0_MapaInicial
[2025.11.24-13.34.04:771][ 53]LogSlate: Window 'ColunaDoendoSamurai Preview [NetMode: Standalone]  (64-bit/Windows) ' being destroyed
[2025.11.24-13.34.04:779][ 53]LogWorld: UWorld::CleanupWorld for MapaInicial, bSessionEnded=true, bCleanupResources=true
[2025.11.24-13.34.04:779][ 53]LogSlate: InvalidateAllWidgets triggered.  All widgets were invalidated
[2025.11.24-13.34.04:786][ 53]LogPlayLevel: Display: Shutting down PIE online subsystems
[2025.11.24-13.34.04:792][ 53]LogSlate: InvalidateAllWidgets triggered.  All widgets were invalidated
[2025.11.24-13.34.04:831][ 53]LogAudioMixer: FMixerPlatformXAudio2::StopAudioStream() called
[2025.11.24-13.34.04:832][ 53]LogAudioMixer: FMixerPlatformXAudio2::StopAudioStream() called
[2025.11.24-13.34.04:839][ 53]LogUObjectHash: Compacting FUObjectHashTables data took   2.96ms
[2025.11.24-13.34.04:865][ 54]LogPlayLevel: Display: Destroying online subsystem :Context_48
[2025.11.24-13.34.13:421][ 39]LogUObjectHash: Compacting FUObjectHashTables data took   2.90ms
[2025.11.24-13.34.15:218][ 39]LogSlate: Window 'Save Content' being destroyed
[2025.11.24-13.34.15:257][ 39]Cmd: OBJ SAVEPACKAGE PACKAGE="/Game/Player/Blueprints/Player_BP" FILE="E:/Unreal/Fumec_DevGames/Content/Player/Blueprints/Player_BP.uasset" SILENT=true
[2025.11.24-13.34.15:532][ 39]LogSavePackage: Moving 'E:/Unreal/Fumec_DevGames/Saved/Player_BP0AE8E9C641170844F26931A8BE37340F.tmp' to 'E:/Unreal/Fumec_DevGames/Content/Player/Blueprints/Player_BP.uasset'
[2025.11.24-13.34.15:573][ 39]LogAssetEditorSubsystem: Opening Asset editor for World /Game/Mapas/Menu/MainMenu.MainMenu
[2025.11.24-13.34.15:573][ 39]Cmd: MAP LOAD FILE="E:/Unreal/Fumec_DevGames/Content/Mapas/Menu/MainMenu.umap" TEMPLATE=0 SHOWPROGRESS=1 FEATURELEVEL=3
[2025.11.24-13.34.15:573][ 39]LightingResults: New page: Lighting Build
[2025.11.24-13.34.15:574][ 39]LoadErrors: New page: Loading map: MainMenu.umap
[2025.11.24-13.34.15:610][ 39]LogWorld: UWorld::CleanupWorld for MainMenu, bSessionEnded=true, bCleanupResources=true
[2025.11.24-13.34.15:610][ 39]LogSlate: InvalidateAllWidgets triggered.  All widgets were invalidated
[2025.11.24-13.34.15:610][ 39]MapCheck: New page: Map Check
[2025.11.24-13.34.15:610][ 39]LightingResults: New page: Lighting Build
[2025.11.24-13.34.15:648][ 39]LogAudio: Display: Audio Device unregistered from world 'None'.
[2025.11.24-13.34.15:653][ 39]LogUObjectHash: Compacting FUObjectHashTables data took   4.02ms
[2025.11.24-13.34.15:695][ 39]LogUObjectHash: Compacting FUObjectHashTables data took   3.31ms
[2025.11.24-13.34.15:733][ 39]LogUObjectHash: Compacting FUObjectHashTables data took   2.93ms
[2025.11.24-13.34.15:742][ 39]LogAudio: Display: Audio Device (ID: 1) registered with world 'MainMenu'.
[2025.11.24-13.34.15:743][ 39]LogAIModule: Creating AISystem for world MainMenu
[2025.11.24-13.34.15:836][ 39]LogEditorServer: Finished looking for orphan Actors (0.000 secs)
[2025.11.24-13.34.15:878][ 39]LogUObjectHash: Compacting FUObjectHashTables data took   3.85ms
[2025.11.24-13.34.15:900][ 39]Cmd: MAP CHECKDEP NOCLEARLOG
[2025.11.24-13.34.15:900][ 39]MapCheck: Map check complete: 0 Error(s), 0 Warning(s), took 0.113ms to complete.
[2025.11.24-13.34.15:900][ 39]LogFileHelpers: Loading map 'MainMenu' took 0.326
[2025.11.24-13.34.15:939][ 39]AssetCheck: New page: Asset Save: Player_BP
[2025.11.24-13.34.15:939][ 39]LogContentValidation: Display: Validating Blueprint /Game/Player/Blueprints/Player_BP.Player_BP
[2025.11.24-13.34.21:770][694]LogUObjectHash: Compacting FUObjectHashTables data took   2.43ms
[2025.11.24-13.34.21:821][694]LogAssetEditorSubsystem: Opening Asset editor for World /Game/Mapas/Fases/MapadeTeste/MapadeTeste.MapadeTeste
[2025.11.24-13.34.21:821][694]Cmd: MAP LOAD FILE="E:/Unreal/Fumec_DevGames/Content/Mapas/Fases/MapadeTeste/MapadeTeste.umap" TEMPLATE=0 SHOWPROGRESS=1 FEATURELEVEL=3
[2025.11.24-13.34.21:822][694]LightingResults: New page: Lighting Build
[2025.11.24-13.34.21:822][694]LoadErrors: New page: Loading map: MapadeTeste.umap
[2025.11.24-13.34.21:860][694]LogWorld: UWorld::CleanupWorld for MainMenu, bSessionEnded=true, bCleanupResources=true
[2025.11.24-13.34.21:860][694]LogSlate: InvalidateAllWidgets triggered.  All widgets were invalidated
[2025.11.24-13.34.21:860][694]MapCheck: New page: Map Check
[2025.11.24-13.34.21:860][694]LightingResults: New page: Lighting Build
[2025.11.24-13.34.21:897][694]LogAudio: Display: Audio Device unregistered from world 'None'.
[2025.11.24-13.34.21:901][694]LogUObjectHash: Compacting FUObjectHashTables data took   4.14ms
[2025.11.24-13.34.21:902][694]LogAudio: Display: Audio Device (ID: 1) registered with world 'MapadeTeste'.
[2025.11.24-13.34.22:017][694]LogEditorServer: Finished looking for orphan Actors (0.000 secs)
[2025.11.24-13.34.22:017][694]LogAIModule: Creating AISystem for world MapadeTeste
[2025.11.24-13.34.22:061][694]LogUObjectHash: Compacting FUObjectHashTables data took   3.02ms
[2025.11.24-13.34.22:081][694]Cmd: MAP CHECKDEP NOCLEARLOG
[2025.11.24-13.34.22:081][694]MapCheck: Map check complete: 0 Error(s), 0 Warning(s), took 0.106ms to complete.
[2025.11.24-13.34.22:081][694]LogFileHelpers: Loading map 'MapadeTeste' took 0.260
[2025.11.24-13.34.27:152][185]LogUObjectHash: Compacting FUObjectHashTables data took   0.81ms
[2025.11.24-13.34.27:206][185]LogAssetEditorSubsystem: Opening Asset editor for World /Game/Mapas/Fases/MapaInicialAr/MapaInicial.MapaInicial
[2025.11.24-13.34.27:206][185]Cmd: MAP LOAD FILE="E:/Unreal/Fumec_DevGames/Content/Mapas/Fases/MapaInicialAr/MapaInicial.umap" TEMPLATE=0 SHOWPROGRESS=1 FEATURELEVEL=3
[2025.11.24-13.34.27:206][185]LightingResults: New page: Lighting Build
[2025.11.24-13.34.27:206][185]LoadErrors: New page: Loading map: MapaInicial.umap
[2025.11.24-13.34.27:220][185]LogWorld: UWorld::CleanupWorld for MapadeTeste, bSessionEnded=true, bCleanupResources=true
[2025.11.24-13.34.27:220][185]LogSlate: InvalidateAllWidgets triggered.  All widgets were invalidated
[2025.11.24-13.34.27:221][185]MapCheck: New page: Map Check
[2025.11.24-13.34.27:221][185]LightingResults: New page: Lighting Build
[2025.11.24-13.34.27:256][185]LogAudio: Display: Audio Device unregistered from world 'None'.
[2025.11.24-13.34.27:262][185]LogUObjectHash: Compacting FUObjectHashTables data took   3.41ms
[2025.11.24-13.34.27:262][185]LogAudio: Display: Audio Device (ID: 1) registered with world 'MapaInicial'.
[2025.11.24-13.34.27:291][185]LogEditorServer: Finished looking for orphan Actors (0.000 secs)
[2025.11.24-13.34.27:291][185]LogAIModule: Creating AISystem for world MapaInicial
[2025.11.24-13.34.27:331][185]LogUObjectHash: Compacting FUObjectHashTables data took   2.96ms
[2025.11.24-13.34.27:352][185]Cmd: MAP CHECKDEP NOCLEARLOG
[2025.11.24-13.34.27:352][185]MapCheck: Map check complete: 0 Error(s), 0 Warning(s), took 0.106ms to complete.
[2025.11.24-13.34.27:352][185]LogFileHelpers: Loading map 'MapaInicial' took 0.146
[2025.11.24-13.34.28:912][356]LogEditorViewport: Clicking on Actor (LMB): AudioActor_C (AudioActor)
[2025.11.24-13.36.24:119][234]LogAssetEditorSubsystem: Opening Asset editor for Blueprint /Game/Audios/AudioActor.AudioActor
[2025.11.24-13.36.33:989][291]Cmd: OBJ SAVEPACKAGE PACKAGE="/Game/Audios/AudioActor" FILE="E:/Unreal/Fumec_DevGames/Content/Audios/AudioActor.uasset" SILENT=true
[2025.11.24-13.36.33:994][291]LogSavePackage: Moving 'E:/Unreal/Fumec_DevGames/Saved/AudioActorE19B75B34080B258FFDE4D9E3B9E7E7B.tmp' to 'E:/Unreal/Fumec_DevGames/Content/Audios/AudioActor.uasset'
[2025.11.24-13.36.34:018][291]AssetCheck: New page: Asset Save: AudioActor
[2025.11.24-13.36.34:018][291]LogContentValidation: Display: Validating Blueprint /Game/Audios/AudioActor.AudioActor
[2025.11.24-13.36.59:013][990]BlueprintLog: New page: Compile AudioActor
[2025.11.24-13.36.59:101][990]LogUObjectHash: Compacting FUObjectHashTables data took   3.49ms
[2025.11.24-13.36.59:150][990]Cmd: OBJ SAVEPACKAGE PACKAGE="/Game/Audios/AudioActor" FILE="E:/Unreal/Fumec_DevGames/Content/Audios/AudioActor.uasset" SILENT=true
[2025.11.24-13.36.59:155][990]LogSavePackage: Moving 'E:/Unreal/Fumec_DevGames/Saved/AudioActor4478C1504BAB5332709E81BA43186DFE.tmp' to 'E:/Unreal/Fumec_DevGames/Content/Audios/AudioActor.uasset'
[2025.11.24-13.36.59:175][990]AssetCheck: New page: Asset Save: AudioActor
[2025.11.24-13.36.59:175][990]LogContentValidation: Display: Validating Blueprint /Game/Audios/AudioActor.AudioActor
[2025.11.24-13.36.59:400][  1]Cmd: OBJ SAVEPACKAGE PACKAGE="/Game/Audios/AudioActor" FILE="E:/Unreal/Fumec_DevGames/Content/Audios/AudioActor.uasset" SILENT=true
[2025.11.24-13.36.59:405][  1]LogSavePackage: Moving 'E:/Unreal/Fumec_DevGames/Saved/AudioActorF30D265F49300D77AC428189BE3457AD.tmp' to 'E:/Unreal/Fumec_DevGames/Content/Audios/AudioActor.uasset'
[2025.11.24-13.36.59:429][  1]AssetCheck: New page: Asset Save: AudioActor
[2025.11.24-13.36.59:429][  1]LogContentValidation: Display: Validating Blueprint /Game/Audios/AudioActor.AudioActor
[2025.11.24-13.39.01:417][209]LogEditorClassViewer: Warning: Class /Engine/Tutorial/InWorldBlueprintEditing/TutorialAssets/IWBE_Blutility.IWBE_Blutility_C has parent /Script/Blutility.PlacedEditorUtilityBase, but this parent is not found. The Class will not be shown in ClassViewer.
[2025.11.24-13.39.01:422][209]LogSlate: Warning: Slate: Had to block on waiting for a draw buffer
[2025.11.24-13.39.08:803][209]LogSlate: Window 'Pick Parent Class' being destroyed
[2025.11.24-13.39.08:811][209]LogContentBrowser: Deferred new asset file creation: NewBlueprint
[2025.11.24-13.39.08:828][209]LogContentBrowser: Creating deferred item: NewBlueprint
[2025.11.24-13.39.12:978][455]LogContentBrowser: Attempting asset rename: NewBlueprint -> AudioGI
[2025.11.24-13.39.12:981][455]LogContentBrowser: End creating deferred item NewBlueprint
[2025.11.24-13.39.14:482][543]Cmd: OBJ SAVEPACKAGE PACKAGE="/Game/Audios/AudioGI" FILE="E:/Unreal/Fumec_DevGames/Content/Audios/AudioGI.uasset" SILENT=true
[2025.11.24-13.39.14:483][543]LogSavePackage: Moving 'E:/Unreal/Fumec_DevGames/Saved/AudioGIB71948C341209678ADAA2EBEC4DD0CB4.tmp' to 'E:/Unreal/Fumec_DevGames/Content/Audios/AudioGI.uasset'
[2025.11.24-13.39.14:503][543]AssetCheck: New page: Asset Save: AudioGI
[2025.11.24-13.39.14:503][543]LogContentValidation: Display: Validating Blueprint /Game/Audios/AudioGI.AudioGI
[2025.11.24-13.39.18:374][736]LogSlate: Only BGRA pngs, bmps or icos are supported in by External Image Picker
[2025.11.24-13.39.40:285][682]LogSlate: Prevented a slow task dialog from being summoned while a context menu was open
[2025.11.24-13.39.40:309][682]LogEditorClassViewer: Warning: Class /Engine/Tutorial/InWorldBlueprintEditing/TutorialAssets/IWBE_Blutility.IWBE_Blutility_C has parent /Script/Blutility.PlacedEditorUtilityBase, but this parent is not found. The Class will not be shown in ClassViewer.
[2025.11.24-13.39.46:536][ 36]LogTemp: Repeating last play command: Selected Viewport
[2025.11.24-13.39.46:545][ 36]LogPlayLevel: PlayLevel: No blueprints needed recompiling
[2025.11.24-13.39.46:545][ 36]PIE: New page: PIE session: MapaInicial (Nov 24, 2025, 7:39:46 AM)
[2025.11.24-13.39.46:545][ 36]LogPlayLevel: Creating play world package: /Game/Mapas/Fases/MapaInicialAr/UEDPIE_0_MapaInicial
[2025.11.24-13.39.46:552][ 36]LogPlayLevel: PIE: StaticDuplicateObject took: (0.007649s)
[2025.11.24-13.39.46:553][ 36]LogAIModule: Creating AISystem for world MapaInicial
[2025.11.24-13.39.46:554][ 36]LogPlayLevel: PIE: World Init took: (0.001485s)
[2025.11.24-13.39.46:554][ 36]LogPlayLevel: PIE: Created PIE world by copying editor world from /Game/Mapas/Fases/MapaInicialAr/MapaInicial.MapaInicial to /Game/Mapas/Fases/MapaInicialAr/UEDPIE_0_MapaInicial.MapaInicial (0.009363s)
[2025.11.24-13.39.46:679][ 36]LogUObjectHash: Compacting FUObjectHashTables data took   5.91ms
[2025.11.24-13.39.46:683][ 36]LogAudio: Display: Creating Audio Device:                 Id: 41, Scope: Unique, Realtime: True
[2025.11.24-13.39.46:683][ 36]LogAudioMixer: Display: Audio Mixer Platform Settings:
[2025.11.24-13.39.46:683][ 36]LogAudioMixer: Display: 	Sample Rate:						  48000
[2025.11.24-13.39.46:683][ 36]LogAudioMixer: Display: 	Callback Buffer Frame Size Requested: 1024
[2025.11.24-13.39.46:683][ 36]LogAudioMixer: Display: 	Callback Buffer Frame Size To Use:	  1024
[2025.11.24-13.39.46:683][ 36]LogAudioMixer: Display: 	Number of buffers to queue:			  2
[2025.11.24-13.39.46:683][ 36]LogAudioMixer: Display: 	Max Channels (voices):				  32
[2025.11.24-13.39.46:683][ 36]LogAudioMixer: Display: 	Number of Async Source Workers:		  0
[2025.11.24-13.39.46:683][ 36]LogAudio: Display: AudioDevice MaxSources: 32
[2025.11.24-13.39.46:684][ 36]LogAudio: Display: Audio Spatialization Plugin: None (built-in).
[2025.11.24-13.39.46:684][ 36]LogAudio: Display: Audio Reverb Plugin: None (built-in).
[2025.11.24-13.39.46:684][ 36]LogAudio: Display: Audio Occlusion Plugin: None (built-in).
[2025.11.24-13.39.46:684][ 36]LogAudioMixer: Display: Initializing audio mixer.
[2025.11.24-13.39.46:689][ 36]LogAudioMixer: Display: 0: FrontLeft
[2025.11.24-13.39.46:689][ 36]LogAudioMixer: Display: 1: FrontRight
[2025.11.24-13.39.46:698][ 36]LogAudioMixer: Display: Using Audio Device Alto-falantes (Realtek(R) Audio)
[2025.11.24-13.39.46:699][ 36]LogAudioMixer: Display: Initializing Sound Submixes...
[2025.11.24-13.39.46:699][ 36]LogAudioMixer: Display: Creating Master Submix 'MasterSubmixDefault'
[2025.11.24-13.39.46:699][ 36]LogAudioMixer: Display: Creating Master Submix 'MasterReverbSubmixDefault'
[2025.11.24-13.39.46:699][ 36]LogAudioMixer: Display: Creating Master Submix 'MasterEQSubmixDefault'
[2025.11.24-13.39.46:700][ 36]LogAudioMixer: FMixerPlatformXAudio2::StartAudioStream() called
[2025.11.24-13.39.46:700][ 36]LogAudioMixer: Display: Output buffers initialized: Frames=1024, Channels=2, Samples=2048
[2025.11.24-13.39.46:701][ 36]LogAudioMixer: Display: Starting AudioMixerPlatformInterface::RunInternal()
[2025.11.24-13.39.46:701][ 36]LogAudioMixer: Display: FMixerPlatformXAudio2::SubmitBuffer() called for the first time
[2025.11.24-13.39.46:701][ 36]LogInit: FAudioDevice initialized.
[2025.11.24-13.39.46:701][ 36]LogAudio: Display: Audio Device (ID: 41) registered with world 'MapaInicial'.
[2025.11.24-13.39.46:715][ 36]LogLoad: Game class is 'GameModeRL_C'
[2025.11.24-13.39.46:716][ 36]LogWorld: Bringing World /Game/Mapas/Fases/MapaInicialAr/UEDPIE_0_MapaInicial.MapaInicial up for play (max tick rate 60) at 2025.11.24-10.39.46
[2025.11.24-13.39.46:716][ 36]LogWorld: Bringing up level for play took: 0.000692
[2025.11.24-13.39.46:716][ 36]LogOnline: OSS: Creating online subsystem instance for: :Context_51
[2025.11.24-13.39.46:721][ 36]PIE: Server logged in
[2025.11.24-13.39.46:722][ 36]PIE: Play in editor total start time 0.179 seconds.
[2025.11.24-13.39.48:428][136]LogSlate: Updating window title bar state: overlay mode, drag disabled, window buttons hidden, title bar hidden
[2025.11.24-13.39.48:428][136]LogWorld: BeginTearingDown for /Game/Mapas/Fases/MapaInicialAr/UEDPIE_0_MapaInicial
[2025.11.24-13.39.48:428][136]LogWorld: UWorld::CleanupWorld for MapaInicial, bSessionEnded=true, bCleanupResources=true
[2025.11.24-13.39.48:429][136]LogSlate: InvalidateAllWidgets triggered.  All widgets were invalidated
[2025.11.24-13.39.48:443][136]LogPlayLevel: Display: Shutting down PIE online subsystems
[2025.11.24-13.39.48:458][136]LogSlate: InvalidateAllWidgets triggered.  All widgets were invalidated
[2025.11.24-13.39.48:501][136]LogAudio: Display: Audio Device unregistered from world 'None'.
[2025.11.24-13.39.48:503][136]LogAudioMixer: FMixerPlatformXAudio2::StopAudioStream() called
[2025.11.24-13.39.48:504][136]LogAudioMixer: FMixerPlatformXAudio2::StopAudioStream() called
[2025.11.24-13.39.48:505][136]LogSlate: Updating window title bar state: overlay mode, drag disabled, window buttons hidden, title bar hidden
[2025.11.24-13.39.48:525][136]LogUObjectHash: Compacting FUObjectHashTables data took   5.09ms
[2025.11.24-13.39.48:557][137]LogPlayLevel: Display: Destroying online subsystem :Context_51
[2025.11.24-13.39.56:151][579]LogAssetEditorSubsystem: Opening Asset editor for Blueprint /Game/Audios/AudioGI.AudioGI
[2025.11.24-13.41.47:450][846]BlueprintLog: New page: Compile AudioGI
[2025.11.24-13.41.47:451][846]LogBlueprint: Error: [AssetLog] E:\Unreal\Fumec_DevGames\Content\Audios\AudioGI.uasset: [Compiler] The current value of the ' Spawn Transform ' pin is invalid: 'Spawn Transform' in action 'Begin Deferred Actor Spawn from Class' must have an input wired into it ("by ref" params expect a valid input to operate on).
[2025.11.24-13.41.47:451][846]LogBlueprint: Error: [AssetLog] E:\Unreal\Fumec_DevGames\Content\Audios\AudioGI.uasset: [Compiler] The current value of the ' Spawn Transform ' pin is invalid: 'Spawn Transform' in action 'Finish Spawning Actor' must have an input wired into it ("by ref" params expect a valid input to operate on).
[2025.11.24-13.41.47:505][846]LogUObjectHash: Compacting FUObjectHashTables data took   5.30ms
[2025.11.24-13.41.55:466][301]BlueprintLog: New page: Compile AudioGI
[2025.11.24-13.41.55:519][301]LogUObjectHash: Compacting FUObjectHashTables data took   4.89ms
[2025.11.24-13.41.55:561][301]Cmd: OBJ SAVEPACKAGE PACKAGE="/Game/Audios/AudioGI" FILE="E:/Unreal/Fumec_DevGames/Content/Audios/AudioGI.uasset" SILENT=true
[2025.11.24-13.41.55:566][301]LogSavePackage: Moving 'E:/Unreal/Fumec_DevGames/Saved/AudioGIB49F82234B804EDC3ABD8CA38CD5C662.tmp' to 'E:/Unreal/Fumec_DevGames/Content/Audios/AudioGI.uasset'
[2025.11.24-13.41.55:588][301]AssetCheck: New page: Asset Save: AudioGI
[2025.11.24-13.41.55:588][301]LogContentValidation: Display: Validating Blueprint /Game/Audios/AudioGI.AudioGI
[2025.11.24-13.42.58:721][438]LogEditorTransaction: Undo Move Node
[2025.11.24-13.42.58:986][445]LogEditorTransaction: Undo Add Node
[2025.11.24-13.42.59:427][462]LogEditorTransaction: Undo Delete current selection
[2025.11.24-13.43.00:300][510]Cmd: OBJ SAVEPACKAGE PACKAGE="/Game/Audios/AudioGI" FILE="E:/Unreal/Fumec_DevGames/Content/Audios/AudioGI.uasset" SILENT=true
[2025.11.24-13.43.00:305][510]LogSavePackage: Moving 'E:/Unreal/Fumec_DevGames/Saved/AudioGI7DE6311D4DBAC76162C638AEC8AA9247.tmp' to 'E:/Unreal/Fumec_DevGames/Content/Audios/AudioGI.uasset'
[2025.11.24-13.43.00:330][510]AssetCheck: New page: Asset Save: AudioGI
[2025.11.24-13.43.00:330][510]LogContentValidation: Display: Validating Blueprint /Game/Audios/AudioGI.AudioGI
[2025.11.24-13.43.17:016][672]BlueprintLog: New page: Compile AudioGI
[2025.11.24-13.43.17:071][672]LogUObjectHash: Compacting FUObjectHashTables data took   5.40ms
[2025.11.24-13.43.20:200][859]LogEditorViewport: Clicking Background
[2025.11.24-13.43.20:668][887]LogEditorViewport: Clicking on Actor (LMB): AudioActor_C (AudioActor)
[2025.11.24-13.43.20:953][903]Cmd: DELETE
[2025.11.24-13.43.20:954][903]Cmd: ACTOR DELETE
[2025.11.24-13.43.20:958][903]LogEditorActor: Deleted Actor: AudioActor_C
[2025.11.24-13.43.21:010][903]LogUObjectHash: Compacting FUObjectHashTables data took   4.75ms
[2025.11.24-13.43.21:012][903]LogEditorActor: Deleted 1 Actors (0.057 secs)
[2025.11.24-13.43.23:308][ 31]Cmd: OBJ SAVEPACKAGE PACKAGE="/Game/Mapas/Fases/MapaInicialAr/MapaInicial" FILE="E:/Unreal/Fumec_DevGames/Content/Mapas/Fases/MapaInicialAr/MapaInicial.umap" SILENT=true AUTOSAVING=false KEEPDIRTY=false
[2025.11.24-13.43.23:358][ 31]LogUObjectHash: Compacting FUObjectHashTables data took   0.95ms
[2025.11.24-13.43.23:370][ 31]LogSavePackage: Moving 'E:/Unreal/Fumec_DevGames/Saved/MapaInicialFF7727F8471652F5E1C5F18DD42E88BA.tmp' to 'E:/Unreal/Fumec_DevGames/Content/Mapas/Fases/MapaInicialAr/MapaInicial.umap'
[2025.11.24-13.43.23:407][ 31]AssetCheck: New page: Asset Save: MapaInicial
[2025.11.24-13.43.23:407][ 31]LogContentValidation: Display: Validating World /Game/Mapas/Fases/MapaInicialAr/MapaInicial.MapaInicial
[2025.11.24-13.43.25:024][120]LogUObjectHash: Compacting FUObjectHashTables data took   4.38ms
[2025.11.24-13.43.26:391][120]LogSlate: Window 'Save Content' being destroyed
[2025.11.24-13.43.26:424][120]Cmd: OBJ SAVEPACKAGE PACKAGE="/Game/Player/Blueprints/HUD/HUD_Padrao" FILE="E:/Unreal/Fumec_DevGames/Content/Player/Blueprints/HUD/HUD_Padrao.uasset" SILENT=true
[2025.11.24-13.43.26:445][120]LogSavePackage: Moving 'E:/Unreal/Fumec_DevGames/Saved/HUD_Padrao5D94721445BA83CF67D950900874B0B0.tmp' to 'E:/Unreal/Fumec_DevGames/Content/Player/Blueprints/HUD/HUD_Padrao.uasset'
[2025.11.24-13.43.26:485][120]LogAssetEditorSubsystem: Opening Asset editor for World /Game/Mapas/Menu/MainMenu.MainMenu
[2025.11.24-13.43.26:485][120]Cmd: MAP LOAD FILE="E:/Unreal/Fumec_DevGames/Content/Mapas/Menu/MainMenu.umap" TEMPLATE=0 SHOWPROGRESS=1 FEATURELEVEL=3
[2025.11.24-13.43.26:485][120]LightingResults: New page: Lighting Build
[2025.11.24-13.43.26:485][120]LoadErrors: New page: Loading map: MainMenu.umap
[2025.11.24-13.43.26:487][120]LogWorld: UWorld::CleanupWorld for MapaInicial, bSessionEnded=true, bCleanupResources=true
[2025.11.24-13.43.26:487][120]LogSlate: InvalidateAllWidgets triggered.  All widgets were invalidated
[2025.11.24-13.43.26:487][120]MapCheck: New page: Map Check
[2025.11.24-13.43.26:487][120]LightingResults: New page: Lighting Build
[2025.11.24-13.43.26:532][120]LogAudio: Display: Audio Device unregistered from world 'None'.
[2025.11.24-13.43.26:538][120]LogUObjectHash: Compacting FUObjectHashTables data took   4.67ms
[2025.11.24-13.43.26:539][120]LogAudio: Display: Audio Device (ID: 1) registered with world 'MainMenu'.
[2025.11.24-13.43.26:568][120]LogEditorServer: Finished looking for orphan Actors (0.000 secs)
[2025.11.24-13.43.26:569][120]LogAIModule: Creating AISystem for world MainMenu
[2025.11.24-13.43.26:621][120]LogUObjectHash: Compacting FUObjectHashTables data took   3.66ms
[2025.11.24-13.43.26:641][120]Cmd: MAP CHECKDEP NOCLEARLOG
[2025.11.24-13.43.26:641][120]MapCheck: Map check complete: 0 Error(s), 0 Warning(s), took 0.102ms to complete.
[2025.11.24-13.43.26:641][120]LogFileHelpers: Loading map 'MainMenu' took 0.156
[2025.11.24-13.43.26:690][120]AssetCheck: New page: Asset Save: HUD_Padrao
[2025.11.24-13.43.26:690][120]LogContentValidation: Display: Validating WidgetBlueprint /Game/Player/Blueprints/HUD/HUD_Padrao.HUD_Padrao
[2025.11.24-13.43.27:530][168]LogEditorViewport: Clicking on Actor (LMB): AudioActor_C (AudioActor)
[2025.11.24-13.43.28:330][215]Cmd: DELETE
[2025.11.24-13.43.28:331][215]Cmd: ACTOR DELETE
[2025.11.24-13.43.28:332][215]LogEditorActor: Deleted Actor: AudioActor_C
[2025.11.24-13.43.28:385][215]LogUObjectHash: Compacting FUObjectHashTables data took   3.74ms
[2025.11.24-13.43.28:387][215]LogEditorActor: Deleted 1 Actors (0.056 secs)
[2025.11.24-13.43.29:278][267]Cmd: OBJ SAVEPACKAGE PACKAGE="/Game/Mapas/Menu/MainMenu" FILE="E:/Unreal/Fumec_DevGames/Content/Mapas/Menu/MainMenu.umap" SILENT=true AUTOSAVING=false KEEPDIRTY=false
[2025.11.24-13.43.29:327][267]LogUObjectHash: Compacting FUObjectHashTables data took   0.97ms
[2025.11.24-13.43.29:336][267]LogSavePackage: Moving 'E:/Unreal/Fumec_DevGames/Saved/MainMenu3C33653C4BFA8D69477A31A70A59FE1C.tmp' to 'E:/Unreal/Fumec_DevGames/Content/Mapas/Menu/MainMenu.umap'
[2025.11.24-13.43.29:374][267]AssetCheck: New page: Asset Save: MainMenu
[2025.11.24-13.43.29:374][267]LogContentValidation: Display: Validating World /Game/Mapas/Menu/MainMenu.MainMenu
[2025.11.24-13.43.30:106][311]LogTemp: Repeating last play command: Selected Viewport
[2025.11.24-13.43.30:116][311]LogPlayLevel: PlayLevel: No blueprints needed recompiling
[2025.11.24-13.43.30:116][311]PIE: New page: PIE session: MainMenu (Nov 24, 2025, 7:43:30 AM)
[2025.11.24-13.43.30:116][311]LogPlayLevel: Creating play world package: /Game/Mapas/Menu/UEDPIE_0_MainMenu
[2025.11.24-13.43.30:118][311]LogPlayLevel: PIE: StaticDuplicateObject took: (0.001940s)
[2025.11.24-13.43.30:119][311]LogAIModule: Creating AISystem for world MainMenu
[2025.11.24-13.43.30:119][311]LogPlayLevel: PIE: World Init took: (0.001207s)
[2025.11.24-13.43.30:119][311]LogPlayLevel: PIE: Created PIE world by copying editor world from /Game/Mapas/Menu/MainMenu.MainMenu to /Game/Mapas/Menu/UEDPIE_0_MainMenu.MainMenu (0.003334s)
[2025.11.24-13.43.30:171][311]LogUObjectHash: Compacting FUObjectHashTables data took   3.88ms
[2025.11.24-13.43.30:173][311]LogAudio: Display: Creating Audio Device:                 Id: 42, Scope: Unique, Realtime: True
[2025.11.24-13.43.30:173][311]LogAudioMixer: Display: Audio Mixer Platform Settings:
[2025.11.24-13.43.30:173][311]LogAudioMixer: Display: 	Sample Rate:						  48000
[2025.11.24-13.43.30:173][311]LogAudioMixer: Display: 	Callback Buffer Frame Size Requested: 1024
[2025.11.24-13.43.30:174][311]LogAudioMixer: Display: 	Callback Buffer Frame Size To Use:	  1024
[2025.11.24-13.43.30:174][311]LogAudioMixer: Display: 	Number of buffers to queue:			  2
[2025.11.24-13.43.30:174][311]LogAudioMixer: Display: 	Max Channels (voices):				  32
[2025.11.24-13.43.30:174][311]LogAudioMixer: Display: 	Number of Async Source Workers:		  0
[2025.11.24-13.43.30:174][311]LogAudio: Display: AudioDevice MaxSources: 32
[2025.11.24-13.43.30:174][311]LogAudio: Display: Audio Spatialization Plugin: None (built-in).
[2025.11.24-13.43.30:174][311]LogAudio: Display: Audio Reverb Plugin: None (built-in).
[2025.11.24-13.43.30:174][311]LogAudio: Display: Audio Occlusion Plugin: None (built-in).
[2025.11.24-13.43.30:174][311]LogAudioMixer: Display: Initializing audio mixer.
[2025.11.24-13.43.30:180][311]LogAudioMixer: Display: 0: FrontLeft
[2025.11.24-13.43.30:180][311]LogAudioMixer: Display: 1: FrontRight
[2025.11.24-13.43.30:189][311]LogAudioMixer: Display: Using Audio Device Alto-falantes (Realtek(R) Audio)
[2025.11.24-13.43.30:190][311]LogAudioMixer: Display: Initializing Sound Submixes...
[2025.11.24-13.43.30:190][311]LogAudioMixer: Display: Creating Master Submix 'MasterSubmixDefault'
[2025.11.24-13.43.30:190][311]LogAudioMixer: Display: Creating Master Submix 'MasterReverbSubmixDefault'
[2025.11.24-13.43.30:190][311]LogAudioMixer: Display: Creating Master Submix 'MasterEQSubmixDefault'
[2025.11.24-13.43.30:190][311]LogAudioMixer: FMixerPlatformXAudio2::StartAudioStream() called
[2025.11.24-13.43.30:190][311]LogAudioMixer: Display: Output buffers initialized: Frames=1024, Channels=2, Samples=2048
[2025.11.24-13.43.30:192][311]LogAudioMixer: Display: Starting AudioMixerPlatformInterface::RunInternal()
[2025.11.24-13.43.30:192][311]LogAudioMixer: Display: FMixerPlatformXAudio2::SubmitBuffer() called for the first time
[2025.11.24-13.43.30:192][311]LogInit: FAudioDevice initialized.
[2025.11.24-13.43.30:192][311]LogAudio: Display: Audio Device (ID: 42) registered with world 'MainMenu'.
[2025.11.24-13.43.30:206][311]LogLoad: Game class is 'GameMode'
[2025.11.24-13.43.30:207][311]LogWorld: Bringing World /Game/Mapas/Menu/UEDPIE_0_MainMenu.MainMenu up for play (max tick rate 60) at 2025.11.24-10.43.30
[2025.11.24-13.43.30:207][311]LogWorld: Bringing up level for play took: 0.000442
[2025.11.24-13.43.30:207][311]LogOnline: OSS: Creating online subsystem instance for: :Context_53
[2025.11.24-13.43.30:210][311]LogGameMode: Display: Match State Changed from EnteringMap to WaitingToStart
[2025.11.24-13.43.30:210][311]LogGameState: Match State Changed from EnteringMap to WaitingToStart
[2025.11.24-13.43.30:210][311]LogGameMode: Display: Match State Changed from WaitingToStart to InProgress
[2025.11.24-13.43.30:211][311]LogGameState: Match State Changed from WaitingToStart to InProgress
[2025.11.24-13.43.30:211][311]PIE: Server logged in
[2025.11.24-13.43.30:212][311]PIE: Play in editor total start time 0.098 seconds.
[2025.11.24-13.43.37:810][764]LogGameMode: Display: Match State Changed from InProgress to LeavingMap
[2025.11.24-13.43.37:810][764]LogGameState: Match State Changed from InProgress to LeavingMap
[2025.11.24-13.43.37:811][764]LogNet: Browse: /Game/Mapas/Fases/MapaInicialAr/MapaInicial
[2025.11.24-13.43.37:811][764]LogLoad: LoadMap: /Game/Mapas/Fases/MapaInicialAr/MapaInicial
[2025.11.24-13.43.37:811][764]LogWorld: BeginTearingDown for /Game/Mapas/Menu/UEDPIE_0_MainMenu
[2025.11.24-13.43.37:811][764]LogWorld: UWorld::CleanupWorld for MainMenu, bSessionEnded=true, bCleanupResources=true
[2025.11.24-13.43.37:811][764]LogSlate: InvalidateAllWidgets triggered.  All widgets were invalidated
[2025.11.24-13.43.37:859][764]LogAudio: Display: Audio Device unregistered from world 'None'.
[2025.11.24-13.43.37:864][764]LogUObjectHash: Compacting FUObjectHashTables data took   4.74ms
[2025.11.24-13.43.37:876][764]LogAudio: Display: Audio Device (ID: 42) registered with world 'MapaInicial'.
[2025.11.24-13.43.37:877][764]LogAIModule: Creating AISystem for world MapaInicial
[2025.11.24-13.43.37:878][764]LogLoad: Game class is 'GameModeRL_C'
[2025.11.24-13.43.37:880][764]LogWorld: Bringing World /Game/Mapas/Fases/MapaInicialAr/UEDPIE_0_MapaInicial.MapaInicial up for play (max tick rate 60) at 2025.11.24-10.43.37
[2025.11.24-13.43.37:880][764]LogWorld: Bringing up level for play took: 0.001970
[2025.11.24-13.43.37:884][764]LogScript: Warning: Script Msg: Attempted to access index 0 from array 'CallFunc_GetAllActorsOfClass_OutActors' of length 0 in '/Game/Player/Blueprints/HUD/HUD_Padrao.HUD_Padrao_C:FadeIN'!
[2025.11.24-13.43.37:884][764]LogLoad: Took 0.073622 seconds to LoadMap(/Game/Mapas/Fases/MapaInicialAr/MapaInicial)
[2025.11.24-13.43.46:807][297]LogSlate: Updating window title bar state: overlay mode, drag disabled, window buttons hidden, title bar hidden
[2025.11.24-13.43.46:807][297]LogWorld: BeginTearingDown for /Game/Mapas/Fases/MapaInicialAr/UEDPIE_0_MapaInicial
[2025.11.24-13.43.46:807][297]LogWorld: UWorld::CleanupWorld for MapaInicial, bSessionEnded=true, bCleanupResources=true
[2025.11.24-13.43.46:807][297]LogSlate: InvalidateAllWidgets triggered.  All widgets were invalidated
[2025.11.24-13.43.46:820][297]LogPlayLevel: Display: Shutting down PIE online subsystems
[2025.11.24-13.43.46:829][297]LogSlate: InvalidateAllWidgets triggered.  All widgets were invalidated
[2025.11.24-13.43.46:874][297]LogSlate: Updating window title bar state: overlay mode, drag disabled, window buttons hidden, title bar hidden
[2025.11.24-13.43.46:875][297]LogAudioMixer: FMixerPlatformXAudio2::StopAudioStream() called
[2025.11.24-13.43.46:876][297]LogAudioMixer: FMixerPlatformXAudio2::StopAudioStream() called
[2025.11.24-13.43.46:883][297]LogUObjectHash: Compacting FUObjectHashTables data took   3.74ms
[2025.11.24-13.43.46:904][298]LogPlayLevel: Display: Destroying online subsystem :Context_53
[2025.11.24-13.43.50:898][531]LogTemp: Repeating last play command: Selected Viewport
[2025.11.24-13.43.50:906][531]LogPlayLevel: PlayLevel: No blueprints needed recompiling
[2025.11.24-13.43.50:906][531]PIE: New page: PIE session: MainMenu (Nov 24, 2025, 7:43:50 AM)
[2025.11.24-13.43.50:906][531]LogPlayLevel: Creating play world package: /Game/Mapas/Menu/UEDPIE_0_MainMenu
[2025.11.24-13.43.50:907][531]LogPlayLevel: PIE: StaticDuplicateObject took: (0.001592s)
[2025.11.24-13.43.50:908][531]LogAIModule: Creating AISystem for world MainMenu
[2025.11.24-13.43.50:909][531]LogPlayLevel: PIE: World Init took: (0.001219s)
[2025.11.24-13.43.50:909][531]LogPlayLevel: PIE: Created PIE world by copying editor world from /Game/Mapas/Menu/MainMenu.MainMenu to /Game/Mapas/Menu/UEDPIE_0_MainMenu.MainMenu (0.002987s)
[2025.11.24-13.43.50:959][531]LogUObjectHash: Compacting FUObjectHashTables data took   4.02ms
[2025.11.24-13.43.50:961][531]LogAudio: Display: Creating Audio Device:                 Id: 43, Scope: Unique, Realtime: True
[2025.11.24-13.43.50:961][531]LogAudioMixer: Display: Audio Mixer Platform Settings:
[2025.11.24-13.43.50:961][531]LogAudioMixer: Display: 	Sample Rate:						  48000
[2025.11.24-13.43.50:961][531]LogAudioMixer: Display: 	Callback Buffer Frame Size Requested: 1024
[2025.11.24-13.43.50:961][531]LogAudioMixer: Display: 	Callback Buffer Frame Size To Use:	  1024
[2025.11.24-13.43.50:961][531]LogAudioMixer: Display: 	Number of buffers to queue:			  2
[2025.11.24-13.43.50:961][531]LogAudioMixer: Display: 	Max Channels (voices):				  32
[2025.11.24-13.43.50:961][531]LogAudioMixer: Display: 	Number of Async Source Workers:		  0
[2025.11.24-13.43.50:961][531]LogAudio: Display: AudioDevice MaxSources: 32
[2025.11.24-13.43.50:962][531]LogAudio: Display: Audio Spatialization Plugin: None (built-in).
[2025.11.24-13.43.50:962][531]LogAudio: Display: Audio Reverb Plugin: None (built-in).
[2025.11.24-13.43.50:962][531]LogAudio: Display: Audio Occlusion Plugin: None (built-in).
[2025.11.24-13.43.50:962][531]LogAudioMixer: Display: Initializing audio mixer.
[2025.11.24-13.43.50:967][531]LogAudioMixer: Display: 0: FrontLeft
[2025.11.24-13.43.50:967][531]LogAudioMixer: Display: 1: FrontRight
[2025.11.24-13.43.50:975][531]LogAudioMixer: Display: Using Audio Device Alto-falantes (Realtek(R) Audio)
[2025.11.24-13.43.50:976][531]LogAudioMixer: Display: Initializing Sound Submixes...
[2025.11.24-13.43.50:976][531]LogAudioMixer: Display: Creating Master Submix 'MasterSubmixDefault'
[2025.11.24-13.43.50:976][531]LogAudioMixer: Display: Creating Master Submix 'MasterReverbSubmixDefault'
[2025.11.24-13.43.50:976][531]LogAudioMixer: Display: Creating Master Submix 'MasterEQSubmixDefault'
[2025.11.24-13.43.50:976][531]LogAudioMixer: FMixerPlatformXAudio2::StartAudioStream() called
[2025.11.24-13.43.50:976][531]LogAudioMixer: Display: Output buffers initialized: Frames=1024, Channels=2, Samples=2048
[2025.11.24-13.43.50:978][531]LogAudioMixer: Display: Starting AudioMixerPlatformInterface::RunInternal()
[2025.11.24-13.43.50:978][531]LogAudioMixer: Display: FMixerPlatformXAudio2::SubmitBuffer() called for the first time
[2025.11.24-13.43.50:978][531]LogInit: FAudioDevice initialized.
[2025.11.24-13.43.50:978][531]LogAudio: Display: Audio Device (ID: 43) registered with world 'MainMenu'.
[2025.11.24-13.43.50:987][531]LogLoad: Game class is 'GameMode'
[2025.11.24-13.43.50:988][531]LogWorld: Bringing World /Game/Mapas/Menu/UEDPIE_0_MainMenu.MainMenu up for play (max tick rate 60) at 2025.11.24-10.43.50
[2025.11.24-13.43.50:988][531]LogWorld: Bringing up level for play took: 0.000393
[2025.11.24-13.43.50:988][531]LogOnline: OSS: Creating online subsystem instance for: :Context_54
[2025.11.24-13.43.50:991][531]LogGameMode: Display: Match State Changed from EnteringMap to WaitingToStart
[2025.11.24-13.43.50:991][531]LogGameState: Match State Changed from EnteringMap to WaitingToStart
[2025.11.24-13.43.50:991][531]LogGameMode: Display: Match State Changed from WaitingToStart to InProgress
[2025.11.24-13.43.50:992][531]LogGameState: Match State Changed from WaitingToStart to InProgress
[2025.11.24-13.43.50:992][531]PIE: Server logged in
[2025.11.24-13.43.50:993][531]PIE: Play in editor total start time 0.089 seconds.
[2025.11.24-13.43.53:517][680]LogSlate: Updating window title bar state: overlay mode, drag disabled, window buttons hidden, title bar hidden
[2025.11.24-13.43.53:517][680]LogWorld: BeginTearingDown for /Game/Mapas/Menu/UEDPIE_0_MainMenu
[2025.11.24-13.43.53:517][680]LogWorld: UWorld::CleanupWorld for MainMenu, bSessionEnded=true, bCleanupResources=true
[2025.11.24-13.43.53:518][680]LogSlate: InvalidateAllWidgets triggered.  All widgets were invalidated
[2025.11.24-13.43.53:529][680]LogPlayLevel: Display: Shutting down PIE online subsystems
[2025.11.24-13.43.53:537][680]LogSlate: InvalidateAllWidgets triggered.  All widgets were invalidated
[2025.11.24-13.43.53:584][680]LogSlate: Updating window title bar state: overlay mode, drag disabled, window buttons hidden, title bar hidden
[2025.11.24-13.43.53:585][680]LogAudioMixer: FMixerPlatformXAudio2::StopAudioStream() called
[2025.11.24-13.43.53:586][680]LogAudioMixer: FMixerPlatformXAudio2::StopAudioStream() called
[2025.11.24-13.43.53:593][680]LogUObjectHash: Compacting FUObjectHashTables data took   4.00ms
[2025.11.24-13.43.53:615][681]LogPlayLevel: Display: Destroying online subsystem :Context_54
[2025.11.24-13.45.02:757][752]BlueprintLog: New page: Compile AudioGI
[2025.11.24-13.45.02:813][752]LogUObjectHash: Compacting FUObjectHashTables data took   5.23ms
[2025.11.24-13.45.02:843][752]Cmd: OBJ SAVEPACKAGE PACKAGE="/Game/Audios/AudioGI" FILE="E:/Unreal/Fumec_DevGames/Content/Audios/AudioGI.uasset" SILENT=true
[2025.11.24-13.45.02:849][752]LogSavePackage: Moving 'E:/Unreal/Fumec_DevGames/Saved/AudioGI85F87BFB4A0C0B38E33F218D1EF16D6B.tmp' to 'E:/Unreal/Fumec_DevGames/Content/Audios/AudioGI.uasset'
[2025.11.24-13.45.02:873][752]AssetCheck: New page: Asset Save: AudioGI
[2025.11.24-13.45.02:873][752]LogContentValidation: Display: Validating Blueprint /Game/Audios/AudioGI.AudioGI
[2025.11.24-13.45.03:510][788]Cmd: OBJ SAVEPACKAGE PACKAGE="/Game/Audios/AudioGI" FILE="E:/Unreal/Fumec_DevGames/Content/Audios/AudioGI.uasset" SILENT=true
[2025.11.24-13.45.03:515][788]LogSavePackage: Moving 'E:/Unreal/Fumec_DevGames/Saved/AudioGICAE870F64A3CCEB1CBD9C9B90971E66C.tmp' to 'E:/Unreal/Fumec_DevGames/Content/Audios/AudioGI.uasset'
[2025.11.24-13.45.03:535][788]AssetCheck: New page: Asset Save: AudioGI
[2025.11.24-13.45.03:535][788]LogContentValidation: Display: Validating Blueprint /Game/Audios/AudioGI.AudioGI
[2025.11.24-13.45.55:662][843]BlueprintLog: New page: Compile MainMenuWid
[2025.11.24-13.45.55:724][843]LogUObjectHash: Compacting FUObjectHashTables data took   5.82ms
[2025.11.24-13.45.55:765][843]Cmd: OBJ SAVEPACKAGE PACKAGE="/Game/Mapas/Menu/MainMenuWid" FILE="E:/Unreal/Fumec_DevGames/Content/Mapas/Menu/MainMenuWid.uasset" SILENT=true
[2025.11.24-13.45.55:786][843]LogSavePackage: Moving 'E:/Unreal/Fumec_DevGames/Saved/MainMenuWidCFAD29734E760D6657454DA20DBD60AB.tmp' to 'E:/Unreal/Fumec_DevGames/Content/Mapas/Menu/MainMenuWid.uasset'
[2025.11.24-13.45.55:811][843]AssetCheck: New page: Asset Save: MainMenuWid
[2025.11.24-13.45.55:811][843]LogContentValidation: Display: Validating WidgetBlueprint /Game/Mapas/Menu/MainMenuWid.MainMenuWid
[2025.11.24-13.45.57:291][930]LogTemp: Repeating last play command: Selected Viewport
[2025.11.24-13.45.57:299][930]LogPlayLevel: PlayLevel: No blueprints needed recompiling
[2025.11.24-13.45.57:299][930]PIE: New page: PIE session: MainMenu (Nov 24, 2025, 7:45:57 AM)
[2025.11.24-13.45.57:299][930]LogPlayLevel: Creating play world package: /Game/Mapas/Menu/UEDPIE_0_MainMenu
[2025.11.24-13.45.57:301][930]LogPlayLevel: PIE: StaticDuplicateObject took: (0.001728s)
[2025.11.24-13.45.57:302][930]LogAIModule: Creating AISystem for world MainMenu
[2025.11.24-13.45.57:303][930]LogPlayLevel: PIE: World Init took: (0.001382s)
[2025.11.24-13.45.57:303][930]LogPlayLevel: PIE: Created PIE world by copying editor world from /Game/Mapas/Menu/MainMenu.MainMenu to /Game/Mapas/Menu/UEDPIE_0_MainMenu.MainMenu (0.003338s)
[2025.11.24-13.45.57:358][930]LogUObjectHash: Compacting FUObjectHashTables data took   5.57ms
[2025.11.24-13.45.57:359][930]LogAudio: Display: Creating Audio Device:                 Id: 44, Scope: Unique, Realtime: True
[2025.11.24-13.45.57:359][930]LogAudioMixer: Display: Audio Mixer Platform Settings:
[2025.11.24-13.45.57:359][930]LogAudioMixer: Display: 	Sample Rate:						  48000
[2025.11.24-13.45.57:359][930]LogAudioMixer: Display: 	Callback Buffer Frame Size Requested: 1024
[2025.11.24-13.45.57:359][930]LogAudioMixer: Display: 	Callback Buffer Frame Size To Use:	  1024
[2025.11.24-13.45.57:359][930]LogAudioMixer: Display: 	Number of buffers to queue:			  2
[2025.11.24-13.45.57:359][930]LogAudioMixer: Display: 	Max Channels (voices):				  32
[2025.11.24-13.45.57:360][930]LogAudioMixer: Display: 	Number of Async Source Workers:		  0
[2025.11.24-13.45.57:360][930]LogAudio: Display: AudioDevice MaxSources: 32
[2025.11.24-13.45.57:360][930]LogAudio: Display: Audio Spatialization Plugin: None (built-in).
[2025.11.24-13.45.57:360][930]LogAudio: Display: Audio Reverb Plugin: None (built-in).
[2025.11.24-13.45.57:360][930]LogAudio: Display: Audio Occlusion Plugin: None (built-in).
[2025.11.24-13.45.57:360][930]LogAudioMixer: Display: Initializing audio mixer.
[2025.11.24-13.45.57:366][930]LogAudioMixer: Display: 0: FrontLeft
[2025.11.24-13.45.57:366][930]LogAudioMixer: Display: 1: FrontRight
[2025.11.24-13.45.57:375][930]LogAudioMixer: Display: Using Audio Device Alto-falantes (Realtek(R) Audio)
[2025.11.24-13.45.57:376][930]LogAudioMixer: Display: Initializing Sound Submixes...
[2025.11.24-13.45.57:376][930]LogAudioMixer: Display: Creating Master Submix 'MasterSubmixDefault'
[2025.11.24-13.45.57:376][930]LogAudioMixer: Display: Creating Master Submix 'MasterReverbSubmixDefault'
[2025.11.24-13.45.57:376][930]LogAudioMixer: Display: Creating Master Submix 'MasterEQSubmixDefault'
[2025.11.24-13.45.57:376][930]LogAudioMixer: FMixerPlatformXAudio2::StartAudioStream() called
[2025.11.24-13.45.57:376][930]LogAudioMixer: Display: Output buffers initialized: Frames=1024, Channels=2, Samples=2048
[2025.11.24-13.45.57:378][930]LogAudioMixer: Display: Starting AudioMixerPlatformInterface::RunInternal()
[2025.11.24-13.45.57:378][930]LogAudioMixer: Display: FMixerPlatformXAudio2::SubmitBuffer() called for the first time
[2025.11.24-13.45.57:378][930]LogInit: FAudioDevice initialized.
[2025.11.24-13.45.57:378][930]LogAudio: Display: Audio Device (ID: 44) registered with world 'MainMenu'.
[2025.11.24-13.45.57:391][930]LogLoad: Game class is 'GameMode'
[2025.11.24-13.45.57:392][930]LogWorld: Bringing World /Game/Mapas/Menu/UEDPIE_0_MainMenu.MainMenu up for play (max tick rate 60) at 2025.11.24-10.45.57
[2025.11.24-13.45.57:392][930]LogWorld: Bringing up level for play took: 0.000496
[2025.11.24-13.45.57:392][930]LogOnline: OSS: Creating online subsystem instance for: :Context_55
[2025.11.24-13.45.57:395][930]LogGameMode: Display: Match State Changed from EnteringMap to WaitingToStart
[2025.11.24-13.45.57:395][930]LogGameState: Match State Changed from EnteringMap to WaitingToStart
[2025.11.24-13.45.57:395][930]LogGameMode: Display: Match State Changed from WaitingToStart to InProgress
[2025.11.24-13.45.57:395][930]LogGameState: Match State Changed from WaitingToStart to InProgress
[2025.11.24-13.45.57:395][930]PIE: Server logged in
[2025.11.24-13.45.57:396][930]PIE: Play in editor total start time 0.099 seconds.
[2025.11.24-13.45.59:367][ 46]LogSlate: Updating window title bar state: overlay mode, drag disabled, window buttons hidden, title bar hidden
[2025.11.24-13.45.59:367][ 46]LogWorld: BeginTearingDown for /Game/Mapas/Menu/UEDPIE_0_MainMenu
[2025.11.24-13.45.59:367][ 46]LogWorld: UWorld::CleanupWorld for MainMenu, bSessionEnded=true, bCleanupResources=true
[2025.11.24-13.45.59:367][ 46]LogSlate: InvalidateAllWidgets triggered.  All widgets were invalidated
[2025.11.24-13.45.59:378][ 46]LogPlayLevel: Display: Shutting down PIE online subsystems
[2025.11.24-13.45.59:387][ 46]LogSlate: InvalidateAllWidgets triggered.  All widgets were invalidated
[2025.11.24-13.45.59:435][ 46]LogAudio: Display: Audio Device unregistered from world 'None'.
[2025.11.24-13.45.59:435][ 46]LogAudioMixer: FMixerPlatformXAudio2::StopAudioStream() called
[2025.11.24-13.45.59:436][ 46]LogAudioMixer: FMixerPlatformXAudio2::StopAudioStream() called
[2025.11.24-13.45.59:438][ 46]LogSlate: Updating window title bar state: overlay mode, drag disabled, window buttons hidden, title bar hidden
[2025.11.24-13.45.59:444][ 46]LogUObjectHash: Compacting FUObjectHashTables data took   4.55ms
[2025.11.24-13.45.59:467][ 47]LogPlayLevel: Display: Destroying online subsystem :Context_55
[2025.11.24-13.46.41:714][558]Cmd: OBJ SAVEPACKAGE PACKAGE="/Game/Player/Blueprints/HUD/HUD_Padrao" FILE="E:/Unreal/Fumec_DevGames/Content/Player/Blueprints/HUD/HUD_Padrao.uasset" SILENT=true
[2025.11.24-13.46.41:736][558]LogSavePackage: Moving 'E:/Unreal/Fumec_DevGames/Saved/HUD_PadraoE512B4F24323E6833DC08F80CDB0CDDB.tmp' to 'E:/Unreal/Fumec_DevGames/Content/Player/Blueprints/HUD/HUD_Padrao.uasset'
[2025.11.24-13.46.41:758][558]AssetCheck: New page: Asset Save: HUD_Padrao
[2025.11.24-13.46.41:758][558]LogContentValidation: Display: Validating WidgetBlueprint /Game/Player/Blueprints/HUD/HUD_Padrao.HUD_Padrao
[2025.11.24-13.46.47:074][871]BlueprintLog: New page: Compile HUD_Padrao
[2025.11.24-13.46.47:195][871]LogUObjectHash: Compacting FUObjectHashTables data took   4.89ms
[2025.11.24-13.46.47:601][891]Cmd: OBJ SAVEPACKAGE PACKAGE="/Game/Player/Blueprints/HUD/HUD_Padrao" FILE="E:/Unreal/Fumec_DevGames/Content/Player/Blueprints/HUD/HUD_Padrao.uasset" SILENT=true
[2025.11.24-13.46.47:622][891]LogSavePackage: Moving 'E:/Unreal/Fumec_DevGames/Saved/HUD_Padrao76BEA15241E2954A9305168B4251FCC0.tmp' to 'E:/Unreal/Fumec_DevGames/Content/Player/Blueprints/HUD/HUD_Padrao.uasset'
[2025.11.24-13.46.47:642][891]AssetCheck: New page: Asset Save: HUD_Padrao
[2025.11.24-13.46.47:643][891]LogContentValidation: Display: Validating WidgetBlueprint /Game/Player/Blueprints/HUD/HUD_Padrao.HUD_Padrao
[2025.11.24-13.46.49:979][ 26]LogTemp: Repeating last play command: Selected Viewport
[2025.11.24-13.46.49:986][ 26]LogPlayLevel: PlayLevel: No blueprints needed recompiling
[2025.11.24-13.46.49:987][ 26]PIE: New page: PIE session: MainMenu (Nov 24, 2025, 7:46:49 AM)
[2025.11.24-13.46.49:987][ 26]LogPlayLevel: Creating play world package: /Game/Mapas/Menu/UEDPIE_0_MainMenu
[2025.11.24-13.46.49:988][ 26]LogPlayLevel: PIE: StaticDuplicateObject took: (0.001583s)
[2025.11.24-13.46.49:989][ 26]LogAIModule: Creating AISystem for world MainMenu
[2025.11.24-13.46.49:990][ 26]LogPlayLevel: PIE: World Init took: (0.001255s)
[2025.11.24-13.46.49:990][ 26]LogPlayLevel: PIE: Created PIE world by copying editor world from /Game/Mapas/Menu/MainMenu.MainMenu to /Game/Mapas/Menu/UEDPIE_0_MainMenu.MainMenu (0.003017s)
[2025.11.24-13.46.50:048][ 26]LogUObjectHash: Compacting FUObjectHashTables data took   5.45ms
[2025.11.24-13.46.50:049][ 26]LogAudio: Display: Creating Audio Device:                 Id: 45, Scope: Unique, Realtime: True
[2025.11.24-13.46.50:049][ 26]LogAudioMixer: Display: Audio Mixer Platform Settings:
[2025.11.24-13.46.50:049][ 26]LogAudioMixer: Display: 	Sample Rate:						  48000
[2025.11.24-13.46.50:049][ 26]LogAudioMixer: Display: 	Callback Buffer Frame Size Requested: 1024
[2025.11.24-13.46.50:049][ 26]LogAudioMixer: Display: 	Callback Buffer Frame Size To Use:	  1024
[2025.11.24-13.46.50:049][ 26]LogAudioMixer: Display: 	Number of buffers to queue:			  2
[2025.11.24-13.46.50:049][ 26]LogAudioMixer: Display: 	Max Channels (voices):				  32
[2025.11.24-13.46.50:049][ 26]LogAudioMixer: Display: 	Number of Async Source Workers:		  0
[2025.11.24-13.46.50:049][ 26]LogAudio: Display: AudioDevice MaxSources: 32
[2025.11.24-13.46.50:050][ 26]LogAudio: Display: Audio Spatialization Plugin: None (built-in).
[2025.11.24-13.46.50:050][ 26]LogAudio: Display: Audio Reverb Plugin: None (built-in).
[2025.11.24-13.46.50:050][ 26]LogAudio: Display: Audio Occlusion Plugin: None (built-in).
[2025.11.24-13.46.50:050][ 26]LogAudioMixer: Display: Initializing audio mixer.
[2025.11.24-13.46.50:056][ 26]LogAudioMixer: Display: 0: FrontLeft
[2025.11.24-13.46.50:056][ 26]LogAudioMixer: Display: 1: FrontRight
[2025.11.24-13.46.50:064][ 26]LogAudioMixer: Display: Using Audio Device Alto-falantes (Realtek(R) Audio)
[2025.11.24-13.46.50:065][ 26]LogAudioMixer: Display: Initializing Sound Submixes...
[2025.11.24-13.46.50:065][ 26]LogAudioMixer: Display: Creating Master Submix 'MasterSubmixDefault'
[2025.11.24-13.46.50:065][ 26]LogAudioMixer: Display: Creating Master Submix 'MasterReverbSubmixDefault'
[2025.11.24-13.46.50:065][ 26]LogAudioMixer: Display: Creating Master Submix 'MasterEQSubmixDefault'
[2025.11.24-13.46.50:065][ 26]LogAudioMixer: FMixerPlatformXAudio2::StartAudioStream() called
[2025.11.24-13.46.50:065][ 26]LogAudioMixer: Display: Output buffers initialized: Frames=1024, Channels=2, Samples=2048
[2025.11.24-13.46.50:067][ 26]LogAudioMixer: Display: Starting AudioMixerPlatformInterface::RunInternal()
[2025.11.24-13.46.50:067][ 26]LogAudioMixer: Display: FMixerPlatformXAudio2::SubmitBuffer() called for the first time
[2025.11.24-13.46.50:067][ 26]LogInit: FAudioDevice initialized.
[2025.11.24-13.46.50:067][ 26]LogAudio: Display: Audio Device (ID: 45) registered with world 'MainMenu'.
[2025.11.24-13.46.50:112][ 26]LogSlate: Updating window title bar state: overlay mode, drag disabled, window buttons hidden, title bar hidden
[2025.11.24-13.46.50:112][ 26]LogLoad: Game class is 'GameMode'
[2025.11.24-13.46.50:114][ 26]LogWorld: Bringing World /Game/Mapas/Menu/UEDPIE_0_MainMenu.MainMenu up for play (max tick rate 60) at 2025.11.24-10.46.50
[2025.11.24-13.46.50:114][ 26]LogWorld: Bringing up level for play took: 0.000535
[2025.11.24-13.46.50:114][ 26]LogOnline: OSS: Creating online subsystem instance for: :Context_56
[2025.11.24-13.46.50:116][ 26]LogGameMode: FindPlayerStart: PATHS NOT DEFINED or NO PLAYERSTART with positive rating
[2025.11.24-13.46.50:116][ 26]LogGameMode: Display: Match State Changed from EnteringMap to WaitingToStart
[2025.11.24-13.46.50:116][ 26]LogGameState: Match State Changed from EnteringMap to WaitingToStart
[2025.11.24-13.46.50:117][ 26]LogGameMode: Display: Match State Changed from WaitingToStart to InProgress
[2025.11.24-13.46.50:118][ 26]LogGameState: Match State Changed from WaitingToStart to InProgress
[2025.11.24-13.46.50:120][ 26]PIE: Server logged in
[2025.11.24-13.46.50:121][ 26]PIE: Play in editor total start time 0.135 seconds.
[2025.11.24-13.46.50:157][ 27]LogRenderer: Reallocating scene render targets to support 1136x780 Format 10 NumSamples 1 (Frame:1).
[2025.11.24-13.46.53:929][252]LogGameMode: Display: Match State Changed from InProgress to LeavingMap
[2025.11.24-13.46.53:929][252]LogGameState: Match State Changed from InProgress to LeavingMap
[2025.11.24-13.46.53:931][252]LogNet: Browse: /Game/Mapas/Fases/MapaInicialAr/MapaInicial
[2025.11.24-13.46.53:931][252]LogLoad: LoadMap: /Game/Mapas/Fases/MapaInicialAr/MapaInicial
[2025.11.24-13.46.53:931][252]LogWorld: BeginTearingDown for /Game/Mapas/Menu/UEDPIE_0_MainMenu
[2025.11.24-13.46.53:931][252]LogWorld: UWorld::CleanupWorld for MainMenu, bSessionEnded=true, bCleanupResources=true
[2025.11.24-13.46.53:931][252]LogSlate: InvalidateAllWidgets triggered.  All widgets were invalidated
[2025.11.24-13.46.54:002][252]LogAudio: Display: Audio Device unregistered from world 'None'.
[2025.11.24-13.46.54:008][252]LogUObjectHash: Compacting FUObjectHashTables data took   4.35ms
[2025.11.24-13.46.54:019][252]LogAudio: Display: Audio Device (ID: 45) registered with world 'MapaInicial'.
[2025.11.24-13.46.54:020][252]LogAIModule: Creating AISystem for world MapaInicial
[2025.11.24-13.46.54:020][252]LogLoad: Game class is 'GameModeRL_C'
[2025.11.24-13.46.54:022][252]LogWorld: Bringing World /Game/Mapas/Fases/MapaInicialAr/UEDPIE_0_MapaInicial.MapaInicial up for play (max tick rate 60) at 2025.11.24-10.46.54
[2025.11.24-13.46.54:023][252]LogWorld: Bringing up level for play took: 0.001697
[2025.11.24-13.46.54:025][252]LogScript: Warning: Accessed None trying to read property Audio
	HUD_Padrao_C /Engine/Transient.UnrealEdEngine_0:AudioGI_C_4.HUD_Padrao_C_0
	Function /Game/Player/Blueprints/HUD/HUD_Padrao.HUD_Padrao_C:FadeIN:00BB
[2025.11.24-13.46.54:025][252]PIE: Error: Blueprint Runtime Error: "Accessed None trying to read property Audio". Blueprint:  HUD_Padrao Function:  Fade IN Graph:  FadeIN Node:  Play
[2025.11.24-13.46.54:025][252]LogScript: Warning: Accessed None
	HUD_Padrao_C /Engine/Transient.UnrealEdEngine_0:AudioGI_C_4.HUD_Padrao_C_0
	Function /Game/Player/Blueprints/HUD/HUD_Padrao.HUD_Padrao_C:FadeIN:00D0
[2025.11.24-13.46.54:025][252]PIE: Error: Blueprint Runtime Error: "Accessed None". Blueprint:  HUD_Padrao Function:  Fade IN Graph:  FadeIN Node:  Play
[2025.11.24-13.46.54:025][252]LogScript: Warning: Accessed None trying to read property Audio
	HUD_Padrao_C /Engine/Transient.UnrealEdEngine_0:AudioGI_C_4.HUD_Padrao_C_0
	Function /Game/Player/Blueprints/HUD/HUD_Padrao.HUD_Padrao_C:FadeIN:0112
[2025.11.24-13.46.54:025][252]PIE: Error: Blueprint Runtime Error: "Accessed None trying to read property Audio". Blueprint:  HUD_Padrao Function:  Fade IN Graph:  FadeIN Node:  Fade In
[2025.11.24-13.46.54:025][252]LogScript: Warning: Accessed None
	HUD_Padrao_C /Engine/Transient.UnrealEdEngine_0:AudioGI_C_4.HUD_Padrao_C_0
	Function /Game/Player/Blueprints/HUD/HUD_Padrao.HUD_Padrao_C:FadeIN:0127
[2025.11.24-13.46.54:025][252]PIE: Error: Blueprint Runtime Error: "Accessed None". Blueprint:  HUD_Padrao Function:  Fade IN Graph:  FadeIN Node:  Fade In
[2025.11.24-13.46.54:026][252]LogLoad: Took 0.095661 seconds to LoadMap(/Game/Mapas/Fases/MapaInicialAr/MapaInicial)
[2025.11.24-13.46.58:946][547]LogSlate: Window 'ColunaDoendoSamurai Preview [NetMode: Standalone]  (64-bit/Windows) ' being destroyed
[2025.11.24-13.46.58:956][547]LogWorld: BeginTearingDown for /Game/Mapas/Fases/MapaInicialAr/UEDPIE_0_MapaInicial
[2025.11.24-13.46.58:956][547]LogWorld: UWorld::CleanupWorld for MapaInicial, bSessionEnded=true, bCleanupResources=true
[2025.11.24-13.46.58:956][547]LogSlate: InvalidateAllWidgets triggered.  All widgets were invalidated
[2025.11.24-13.46.58:966][547]LogPlayLevel: Display: Shutting down PIE online subsystems
[2025.11.24-13.46.58:975][547]LogSlate: InvalidateAllWidgets triggered.  All widgets were invalidated
[2025.11.24-13.46.59:024][547]LogAudioMixer: FMixerPlatformXAudio2::StopAudioStream() called
[2025.11.24-13.46.59:026][547]LogAudioMixer: FMixerPlatformXAudio2::StopAudioStream() called
[2025.11.24-13.46.59:035][547]LogUObjectHash: Compacting FUObjectHashTables data took   5.64ms
[2025.11.24-13.46.59:179][548]LogPlayLevel: Display: Destroying online subsystem :Context_56
[2025.11.24-13.47.10:567][217]LogSlate: Window 'Message Log' being destroyed
[2025.11.24-13.47.10:572][217]LogSlate: Window 'Message Log' being destroyed
[2025.11.24-13.47.29:274][312]LogUObjectHash: Compacting FUObjectHashTables data took   4.00ms
[2025.11.24-13.47.29:301][312]Cmd: OBJ SAVEPACKAGE PACKAGE="/Game/Player/Blueprints/HUD/HUD_Padrao" FILE="E:/Unreal/Fumec_DevGames/Content/Player/Blueprints/HUD/HUD_Padrao.uasset" SILENT=true
[2025.11.24-13.47.29:323][312]LogSavePackage: Moving 'E:/Unreal/Fumec_DevGames/Saved/HUD_PadraoEABB4CCE42A26C8F1E0713B2527BE5F6.tmp' to 'E:/Unreal/Fumec_DevGames/Content/Player/Blueprints/HUD/HUD_Padrao.uasset'
[2025.11.24-13.47.29:347][312]AssetCheck: New page: Asset Save: HUD_Padrao
[2025.11.24-13.47.29:347][312]LogContentValidation: Display: Validating WidgetBlueprint /Game/Player/Blueprints/HUD/HUD_Padrao.HUD_Padrao
[2025.11.24-13.47.30:974][410]LogTemp: Repeating last play command: Selected Viewport
[2025.11.24-13.47.30:981][410]LogPlayLevel: PlayLevel: No blueprints needed recompiling
[2025.11.24-13.47.30:981][410]PIE: New page: PIE session: MainMenu (Nov 24, 2025, 7:47:30 AM)
[2025.11.24-13.47.30:982][410]LogPlayLevel: Creating play world package: /Game/Mapas/Menu/UEDPIE_0_MainMenu
[2025.11.24-13.47.30:983][410]LogPlayLevel: PIE: StaticDuplicateObject took: (0.001409s)
[2025.11.24-13.47.30:984][410]LogAIModule: Creating AISystem for world MainMenu
[2025.11.24-13.47.30:984][410]LogPlayLevel: PIE: World Init took: (0.001198s)
[2025.11.24-13.47.30:984][410]LogPlayLevel: PIE: Created PIE world by copying editor world from /Game/Mapas/Menu/MainMenu.MainMenu to /Game/Mapas/Menu/UEDPIE_0_MainMenu.MainMenu (0.002764s)
[2025.11.24-13.47.31:039][410]LogUObjectHash: Compacting FUObjectHashTables data took   3.83ms
[2025.11.24-13.47.31:040][410]LogAudio: Display: Creating Audio Device:                 Id: 46, Scope: Unique, Realtime: True
[2025.11.24-13.47.31:040][410]LogAudioMixer: Display: Audio Mixer Platform Settings:
[2025.11.24-13.47.31:040][410]LogAudioMixer: Display: 	Sample Rate:						  48000
[2025.11.24-13.47.31:040][410]LogAudioMixer: Display: 	Callback Buffer Frame Size Requested: 1024
[2025.11.24-13.47.31:040][410]LogAudioMixer: Display: 	Callback Buffer Frame Size To Use:	  1024
[2025.11.24-13.47.31:040][410]LogAudioMixer: Display: 	Number of buffers to queue:			  2
[2025.11.24-13.47.31:040][410]LogAudioMixer: Display: 	Max Channels (voices):				  32
[2025.11.24-13.47.31:040][410]LogAudioMixer: Display: 	Number of Async Source Workers:		  0
[2025.11.24-13.47.31:040][410]LogAudio: Display: AudioDevice MaxSources: 32
[2025.11.24-13.47.31:040][410]LogAudio: Display: Audio Spatialization Plugin: None (built-in).
[2025.11.24-13.47.31:040][410]LogAudio: Display: Audio Reverb Plugin: None (built-in).
[2025.11.24-13.47.31:040][410]LogAudio: Display: Audio Occlusion Plugin: None (built-in).
[2025.11.24-13.47.31:040][410]LogAudioMixer: Display: Initializing audio mixer.
[2025.11.24-13.47.31:046][410]LogAudioMixer: Display: 0: FrontLeft
[2025.11.24-13.47.31:046][410]LogAudioMixer: Display: 1: FrontRight
[2025.11.24-13.47.31:056][410]LogAudioMixer: Display: Using Audio Device Alto-falantes (Realtek(R) Audio)
[2025.11.24-13.47.31:056][410]LogAudioMixer: Display: Initializing Sound Submixes...
[2025.11.24-13.47.31:056][410]LogAudioMixer: Display: Creating Master Submix 'MasterSubmixDefault'
[2025.11.24-13.47.31:056][410]LogAudioMixer: Display: Creating Master Submix 'MasterReverbSubmixDefault'
[2025.11.24-13.47.31:057][410]LogAudioMixer: Display: Creating Master Submix 'MasterEQSubmixDefault'
[2025.11.24-13.47.31:057][410]LogAudioMixer: FMixerPlatformXAudio2::StartAudioStream() called
[2025.11.24-13.47.31:057][410]LogAudioMixer: Display: Output buffers initialized: Frames=1024, Channels=2, Samples=2048
[2025.11.24-13.47.31:058][410]LogAudioMixer: Display: Starting AudioMixerPlatformInterface::RunInternal()
[2025.11.24-13.47.31:058][410]LogAudioMixer: Display: FMixerPlatformXAudio2::SubmitBuffer() called for the first time
[2025.11.24-13.47.31:058][410]LogInit: FAudioDevice initialized.
[2025.11.24-13.47.31:058][410]LogAudio: Display: Audio Device (ID: 46) registered with world 'MainMenu'.
[2025.11.24-13.47.31:110][410]LogSlate: Updating window title bar state: overlay mode, drag disabled, window buttons hidden, title bar hidden
[2025.11.24-13.47.31:111][410]LogLoad: Game class is 'GameMode'
[2025.11.24-13.47.31:112][410]LogWorld: Bringing World /Game/Mapas/Menu/UEDPIE_0_MainMenu.MainMenu up for play (max tick rate 60) at 2025.11.24-10.47.31
[2025.11.24-13.47.31:112][410]LogWorld: Bringing up level for play took: 0.000731
[2025.11.24-13.47.31:112][410]LogOnline: OSS: Creating online subsystem instance for: :Context_57
[2025.11.24-13.47.31:114][410]LogGameMode: FindPlayerStart: PATHS NOT DEFINED or NO PLAYERSTART with positive rating
[2025.11.24-13.47.31:114][410]LogGameMode: Display: Match State Changed from EnteringMap to WaitingToStart
[2025.11.24-13.47.31:116][410]LogGameState: Match State Changed from EnteringMap to WaitingToStart
[2025.11.24-13.47.31:116][410]LogGameMode: Display: Match State Changed from WaitingToStart to InProgress
[2025.11.24-13.47.31:117][410]LogGameState: Match State Changed from WaitingToStart to InProgress
[2025.11.24-13.47.31:118][410]PIE: Server logged in
[2025.11.24-13.47.31:119][410]PIE: Play in editor total start time 0.139 seconds.
[2025.11.24-13.47.31:155][411]LogRenderer: Reallocating scene render targets to support 1136x784 Format 10 NumSamples 1 (Frame:1).
[2025.11.24-13.47.33:026][520]LogSlate: Updating window title bar state: overlay mode, drag disabled, window buttons hidden, title bar hidden
[2025.11.24-13.47.33:026][520]LogWorld: BeginTearingDown for /Game/Mapas/Menu/UEDPIE_0_MainMenu
[2025.11.24-13.47.33:027][520]LogSlate: Window 'ColunaDoendoSamurai Preview [NetMode: Standalone]  (64-bit/Windows) ' being destroyed
[2025.11.24-13.47.33:035][520]LogWorld: UWorld::CleanupWorld for MainMenu, bSessionEnded=true, bCleanupResources=true
[2025.11.24-13.47.33:035][520]LogSlate: InvalidateAllWidgets triggered.  All widgets were invalidated
[2025.11.24-13.47.33:048][520]LogPlayLevel: Display: Shutting down PIE online subsystems
[2025.11.24-13.47.33:057][520]LogSlate: InvalidateAllWidgets triggered.  All widgets were invalidated
[2025.11.24-13.47.33:104][520]LogAudio: Display: Audio Device unregistered from world 'None'.
[2025.11.24-13.47.33:104][520]LogAudioMixer: FMixerPlatformXAudio2::StopAudioStream() called
[2025.11.24-13.47.33:105][520]LogAudioMixer: FMixerPlatformXAudio2::StopAudioStream() called
[2025.11.24-13.47.33:111][520]LogUObjectHash: Compacting FUObjectHashTables data took   3.70ms
[2025.11.24-13.47.33:140][521]LogPlayLevel: Display: Destroying online subsystem :Context_57
[2025.11.24-13.47.33:925][568]LogTemp: Repeating last play command: Selected Viewport
[2025.11.24-13.47.33:935][568]LogPlayLevel: PlayLevel: No blueprints needed recompiling
[2025.11.24-13.47.33:935][568]PIE: New page: PIE session: MainMenu (Nov 24, 2025, 7:47:33 AM)
[2025.11.24-13.47.33:935][568]LogPlayLevel: Creating play world package: /Game/Mapas/Menu/UEDPIE_0_MainMenu
[2025.11.24-13.47.33:937][568]LogPlayLevel: PIE: StaticDuplicateObject took: (0.001885s)
[2025.11.24-13.47.33:938][568]LogAIModule: Creating AISystem for world MainMenu
[2025.11.24-13.47.33:939][568]LogPlayLevel: PIE: World Init took: (0.001555s)
[2025.11.24-13.47.33:939][568]LogPlayLevel: PIE: Created PIE world by copying editor world from /Game/Mapas/Menu/MainMenu.MainMenu to /Game/Mapas/Menu/UEDPIE_0_MainMenu.MainMenu (0.003666s)
[2025.11.24-13.47.33:993][568]LogUObjectHash: Compacting FUObjectHashTables data took   3.78ms
[2025.11.24-13.47.33:994][568]LogAudio: Display: Creating Audio Device:                 Id: 47, Scope: Unique, Realtime: True
[2025.11.24-13.47.33:994][568]LogAudioMixer: Display: Audio Mixer Platform Settings:
[2025.11.24-13.47.33:994][568]LogAudioMixer: Display: 	Sample Rate:						  48000
[2025.11.24-13.47.33:994][568]LogAudioMixer: Display: 	Callback Buffer Frame Size Requested: 1024
[2025.11.24-13.47.33:994][568]LogAudioMixer: Display: 	Callback Buffer Frame Size To Use:	  1024
[2025.11.24-13.47.33:994][568]LogAudioMixer: Display: 	Number of buffers to queue:			  2
[2025.11.24-13.47.33:994][568]LogAudioMixer: Display: 	Max Channels (voices):				  32
[2025.11.24-13.47.33:994][568]LogAudioMixer: Display: 	Number of Async Source Workers:		  0
[2025.11.24-13.47.33:994][568]LogAudio: Display: AudioDevice MaxSources: 32
[2025.11.24-13.47.33:995][568]LogAudio: Display: Audio Spatialization Plugin: None (built-in).
[2025.11.24-13.47.33:995][568]LogAudio: Display: Audio Reverb Plugin: None (built-in).
[2025.11.24-13.47.33:995][568]LogAudio: Display: Audio Occlusion Plugin: None (built-in).
[2025.11.24-13.47.33:995][568]LogAudioMixer: Display: Initializing audio mixer.
[2025.11.24-13.47.34:001][568]LogAudioMixer: Display: 0: FrontLeft
[2025.11.24-13.47.34:001][568]LogAudioMixer: Display: 1: FrontRight
[2025.11.24-13.47.34:008][568]LogAudioMixer: Display: Using Audio Device Alto-falantes (Realtek(R) Audio)
[2025.11.24-13.47.34:008][568]LogAudioMixer: Display: Initializing Sound Submixes...
[2025.11.24-13.47.34:008][568]LogAudioMixer: Display: Creating Master Submix 'MasterSubmixDefault'
[2025.11.24-13.47.34:008][568]LogAudioMixer: Display: Creating Master Submix 'MasterReverbSubmixDefault'
[2025.11.24-13.47.34:009][568]LogAudioMixer: Display: Creating Master Submix 'MasterEQSubmixDefault'
[2025.11.24-13.47.34:009][568]LogAudioMixer: FMixerPlatformXAudio2::StartAudioStream() called
[2025.11.24-13.47.34:009][568]LogAudioMixer: Display: Output buffers initialized: Frames=1024, Channels=2, Samples=2048
[2025.11.24-13.47.34:011][568]LogAudioMixer: Display: Starting AudioMixerPlatformInterface::RunInternal()
[2025.11.24-13.47.34:012][568]LogAudioMixer: Display: FMixerPlatformXAudio2::SubmitBuffer() called for the first time
[2025.11.24-13.47.34:012][568]LogInit: FAudioDevice initialized.
[2025.11.24-13.47.34:012][568]LogAudio: Display: Audio Device (ID: 47) registered with world 'MainMenu'.
[2025.11.24-13.47.34:061][568]LogSlate: Updating window title bar state: overlay mode, drag disabled, window buttons hidden, title bar hidden
[2025.11.24-13.47.34:061][568]LogLoad: Game class is 'GameMode'
[2025.11.24-13.47.34:062][568]LogWorld: Bringing World /Game/Mapas/Menu/UEDPIE_0_MainMenu.MainMenu up for play (max tick rate 60) at 2025.11.24-10.47.34
[2025.11.24-13.47.34:063][568]LogWorld: Bringing up level for play took: 0.000590
[2025.11.24-13.47.34:063][568]LogOnline: OSS: Creating online subsystem instance for: :Context_58
[2025.11.24-13.47.34:066][568]LogGameMode: FindPlayerStart: PATHS NOT DEFINED or NO PLAYERSTART with positive rating
[2025.11.24-13.47.34:066][568]LogGameMode: Display: Match State Changed from EnteringMap to WaitingToStart
[2025.11.24-13.47.34:066][568]LogGameState: Match State Changed from EnteringMap to WaitingToStart
[2025.11.24-13.47.34:066][568]LogGameMode: Display: Match State Changed from WaitingToStart to InProgress
[2025.11.24-13.47.34:067][568]LogGameState: Match State Changed from WaitingToStart to InProgress
[2025.11.24-13.47.34:068][568]PIE: Server logged in
[2025.11.24-13.47.34:070][568]PIE: Play in editor total start time 0.136 seconds.
[2025.11.24-13.47.37:856][793]LogGameMode: Display: Match State Changed from InProgress to LeavingMap
[2025.11.24-13.47.37:856][793]LogGameState: Match State Changed from InProgress to LeavingMap
[2025.11.24-13.47.37:857][793]LogNet: Browse: /Game/Mapas/Fases/MapaInicialAr/MapaInicial
[2025.11.24-13.47.37:857][793]LogLoad: LoadMap: /Game/Mapas/Fases/MapaInicialAr/MapaInicial
[2025.11.24-13.47.37:857][793]LogWorld: BeginTearingDown for /Game/Mapas/Menu/UEDPIE_0_MainMenu
[2025.11.24-13.47.37:857][793]LogWorld: UWorld::CleanupWorld for MainMenu, bSessionEnded=true, bCleanupResources=true
[2025.11.24-13.47.37:857][793]LogSlate: InvalidateAllWidgets triggered.  All widgets were invalidated
[2025.11.24-13.47.37:910][793]LogAudio: Display: Audio Device unregistered from world 'None'.
[2025.11.24-13.47.37:915][793]LogUObjectHash: Compacting FUObjectHashTables data took   3.98ms
[2025.11.24-13.47.37:927][793]LogAudio: Display: Audio Device (ID: 47) registered with world 'MapaInicial'.
[2025.11.24-13.47.37:927][793]LogAIModule: Creating AISystem for world MapaInicial
[2025.11.24-13.47.37:929][793]LogLoad: Game class is 'GameModeRL_C'
[2025.11.24-13.47.37:931][793]LogWorld: Bringing World /Game/Mapas/Fases/MapaInicialAr/UEDPIE_0_MapaInicial.MapaInicial up for play (max tick rate 60) at 2025.11.24-10.47.37
[2025.11.24-13.47.37:931][793]LogWorld: Bringing up level for play took: 0.001863
[2025.11.24-13.47.37:933][793]LogScript: Warning: Accessed None trying to read property Audio
	HUD_Padrao_C /Engine/Transient.UnrealEdEngine_0:AudioGI_C_6.HUD_Padrao_C_0
	Function /Game/Player/Blueprints/HUD/HUD_Padrao.HUD_Padrao_C:FadeIN:00BB
[2025.11.24-13.47.37:934][793]PIE: Error: Blueprint Runtime Error: "Accessed None trying to read property Audio". Blueprint:  HUD_Padrao Function:  Fade IN Graph:  FadeIN Node:  Play
[2025.11.24-13.47.37:934][793]LogScript: Warning: Accessed None
	HUD_Padrao_C /Engine/Transient.UnrealEdEngine_0:AudioGI_C_6.HUD_Padrao_C_0
	Function /Game/Player/Blueprints/HUD/HUD_Padrao.HUD_Padrao_C:FadeIN:00D0
[2025.11.24-13.47.37:934][793]PIE: Error: Blueprint Runtime Error: "Accessed None". Blueprint:  HUD_Padrao Function:  Fade IN Graph:  FadeIN Node:  Play
[2025.11.24-13.47.37:934][793]LogScript: Warning: Accessed None trying to read property Audio
	HUD_Padrao_C /Engine/Transient.UnrealEdEngine_0:AudioGI_C_6.HUD_Padrao_C_0
	Function /Game/Player/Blueprints/HUD/HUD_Padrao.HUD_Padrao_C:FadeIN:0112
[2025.11.24-13.47.37:934][793]PIE: Error: Blueprint Runtime Error: "Accessed None trying to read property Audio". Blueprint:  HUD_Padrao Function:  Fade IN Graph:  FadeIN Node:  Fade In
[2025.11.24-13.47.37:934][793]LogScript: Warning: Accessed None
	HUD_Padrao_C /Engine/Transient.UnrealEdEngine_0:AudioGI_C_6.HUD_Padrao_C_0
	Function /Game/Player/Blueprints/HUD/HUD_Padrao.HUD_Padrao_C:FadeIN:0127
[2025.11.24-13.47.37:935][793]PIE: Error: Blueprint Runtime Error: "Accessed None". Blueprint:  HUD_Padrao Function:  Fade IN Graph:  FadeIN Node:  Fade In
[2025.11.24-13.47.37:935][793]LogLoad: Took 0.077326 seconds to LoadMap(/Game/Mapas/Fases/MapaInicialAr/MapaInicial)
[2025.11.24-13.47.40:306][933]LogSlate: Updating window title bar state: overlay mode, drag disabled, window buttons hidden, title bar hidden
[2025.11.24-13.47.40:306][933]LogWorld: BeginTearingDown for /Game/Mapas/Fases/MapaInicialAr/UEDPIE_0_MapaInicial
[2025.11.24-13.47.40:307][933]LogSlate: Window 'ColunaDoendoSamurai Preview [NetMode: Standalone]  (64-bit/Windows) ' being destroyed
[2025.11.24-13.47.40:316][933]LogWorld: UWorld::CleanupWorld for MapaInicial, bSessionEnded=true, bCleanupResources=true
[2025.11.24-13.47.40:317][933]LogSlate: InvalidateAllWidgets triggered.  All widgets were invalidated
[2025.11.24-13.47.40:328][933]LogPlayLevel: Display: Shutting down PIE online subsystems
[2025.11.24-13.47.40:339][933]LogSlate: InvalidateAllWidgets triggered.  All widgets were invalidated
[2025.11.24-13.47.40:387][933]LogAudioMixer: FMixerPlatformXAudio2::StopAudioStream() called
[2025.11.24-13.47.40:389][933]LogAudioMixer: FMixerPlatformXAudio2::StopAudioStream() called
[2025.11.24-13.47.40:398][933]LogUObjectHash: Compacting FUObjectHashTables data took   4.02ms
[2025.11.24-13.47.40:553][934]LogPlayLevel: Display: Destroying online subsystem :Context_58
[2025.11.24-13.47.48:346][391]LogSlate: Window 'Message Log' being destroyed
[2025.11.24-13.47.48:353][391]LogSlate: Window 'Message Log' being destroyed
[2025.11.24-13.51.10:505][828]LogSlate: Window 'Message Log' being destroyed
[2025.11.24-13.51.10:511][828]LogSlate: Window 'Message Log' being destroyed
[2025.11.24-13.51.27:218][794]LogSlate: Prevented a slow task dialog from being summoned while a context menu was open
[2025.11.24-13.51.27:241][794]LogEditorClassViewer: Warning: Class /Engine/Tutorial/InWorldBlueprintEditing/TutorialAssets/IWBE_Blutility.IWBE_Blutility_C has parent /Script/Blutility.PlacedEditorUtilityBase, but this parent is not found. The Class will not be shown in ClassViewer.
[2025.11.24-13.51.45:883][885]BlueprintLog: New page: Compile AudioGI
[2025.11.24-13.51.45:895][885]LogBlueprint: Error: [AssetLog] E:\Unreal\Fumec_DevGames\Content\Audios\AudioGI.uasset: [Compiler] The current value of the ' Spawn Transform ' pin is invalid: 'Spawn Transform' in action 'Begin Deferred Actor Spawn from Class' must have an input wired into it ("by ref" params expect a valid input to operate on).
[2025.11.24-13.51.45:895][885]LogBlueprint: Error: [AssetLog] E:\Unreal\Fumec_DevGames\Content\Audios\AudioGI.uasset: [Compiler] The current value of the ' Spawn Transform ' pin is invalid: 'Spawn Transform' in action 'Finish Spawning Actor' must have an input wired into it ("by ref" params expect a valid input to operate on).
[2025.11.24-13.51.45:953][885]LogUObjectHash: Compacting FUObjectHashTables data took   4.49ms
[2025.11.24-13.51.54:721][398]BlueprintLog: New page: Compile AudioGI
[2025.11.24-13.51.54:781][398]LogUObjectHash: Compacting FUObjectHashTables data took   6.57ms
[2025.11.24-13.51.54:832][398]Cmd: OBJ SAVEPACKAGE PACKAGE="/Game/Audios/AudioGI" FILE="E:/Unreal/Fumec_DevGames/Content/Audios/AudioGI.uasset" SILENT=true
[2025.11.24-13.51.54:838][398]LogSavePackage: Moving 'E:/Unreal/Fumec_DevGames/Saved/AudioGI4022D424403E21545F8AD7A5FB5E5E88.tmp' to 'E:/Unreal/Fumec_DevGames/Content/Audios/AudioGI.uasset'
[2025.11.24-13.51.54:863][398]AssetCheck: New page: Asset Save: AudioGI
[2025.11.24-13.51.54:863][398]LogContentValidation: Display: Validating Blueprint /Game/Audios/AudioGI.AudioGI
[2025.11.24-13.51.55:215][416]Cmd: OBJ SAVEPACKAGE PACKAGE="/Game/Audios/AudioGI" FILE="E:/Unreal/Fumec_DevGames/Content/Audios/AudioGI.uasset" SILENT=true
[2025.11.24-13.51.55:221][416]LogSavePackage: Moving 'E:/Unreal/Fumec_DevGames/Saved/AudioGI974E6D2143C69A4CF669F680F44C55D5.tmp' to 'E:/Unreal/Fumec_DevGames/Content/Audios/AudioGI.uasset'
[2025.11.24-13.51.55:243][416]AssetCheck: New page: Asset Save: AudioGI
[2025.11.24-13.51.55:243][416]LogContentValidation: Display: Validating Blueprint /Game/Audios/AudioGI.AudioGI
[2025.11.24-13.51.58:055][580]LogTemp: Repeating last play command: Selected Viewport
[2025.11.24-13.51.58:063][580]LogPlayLevel: PlayLevel: No blueprints needed recompiling
[2025.11.24-13.51.58:063][580]PIE: New page: PIE session: MainMenu (Nov 24, 2025, 7:51:58 AM)
[2025.11.24-13.51.58:063][580]LogPlayLevel: Creating play world package: /Game/Mapas/Menu/UEDPIE_0_MainMenu
[2025.11.24-13.51.58:064][580]LogPlayLevel: PIE: StaticDuplicateObject took: (0.001472s)
[2025.11.24-13.51.58:065][580]LogAIModule: Creating AISystem for world MainMenu
[2025.11.24-13.51.58:066][580]LogPlayLevel: PIE: World Init took: (0.001171s)
[2025.11.24-13.51.58:066][580]LogPlayLevel: PIE: Created PIE world by copying editor world from /Game/Mapas/Menu/MainMenu.MainMenu to /Game/Mapas/Menu/UEDPIE_0_MainMenu.MainMenu (0.002816s)
[2025.11.24-13.51.58:121][580]LogUObjectHash: Compacting FUObjectHashTables data took   6.11ms
[2025.11.24-13.51.58:123][580]LogAudio: Display: Creating Audio Device:                 Id: 48, Scope: Unique, Realtime: True
[2025.11.24-13.51.58:123][580]LogAudioMixer: Display: Audio Mixer Platform Settings:
[2025.11.24-13.51.58:123][580]LogAudioMixer: Display: 	Sample Rate:						  48000
[2025.11.24-13.51.58:123][580]LogAudioMixer: Display: 	Callback Buffer Frame Size Requested: 1024
[2025.11.24-13.51.58:123][580]LogAudioMixer: Display: 	Callback Buffer Frame Size To Use:	  1024
[2025.11.24-13.51.58:123][580]LogAudioMixer: Display: 	Number of buffers to queue:			  2
[2025.11.24-13.51.58:123][580]LogAudioMixer: Display: 	Max Channels (voices):				  32
[2025.11.24-13.51.58:123][580]LogAudioMixer: Display: 	Number of Async Source Workers:		  0
[2025.11.24-13.51.58:123][580]LogAudio: Display: AudioDevice MaxSources: 32
[2025.11.24-13.51.58:123][580]LogAudio: Display: Audio Spatialization Plugin: None (built-in).
[2025.11.24-13.51.58:123][580]LogAudio: Display: Audio Reverb Plugin: None (built-in).
[2025.11.24-13.51.58:123][580]LogAudio: Display: Audio Occlusion Plugin: None (built-in).
[2025.11.24-13.51.58:123][580]LogAudioMixer: Display: Initializing audio mixer.
[2025.11.24-13.51.58:131][580]LogAudioMixer: Display: 0: FrontLeft
[2025.11.24-13.51.58:131][580]LogAudioMixer: Display: 1: FrontRight
[2025.11.24-13.51.58:141][580]LogAudioMixer: Display: Using Audio Device Alto-falantes (Realtek(R) Audio)
[2025.11.24-13.51.58:141][580]LogAudioMixer: Display: Initializing Sound Submixes...
[2025.11.24-13.51.58:141][580]LogAudioMixer: Display: Creating Master Submix 'MasterSubmixDefault'
[2025.11.24-13.51.58:141][580]LogAudioMixer: Display: Creating Master Submix 'MasterReverbSubmixDefault'
[2025.11.24-13.51.58:142][580]LogAudioMixer: Display: Creating Master Submix 'MasterEQSubmixDefault'
[2025.11.24-13.51.58:142][580]LogAudioMixer: FMixerPlatformXAudio2::StartAudioStream() called
[2025.11.24-13.51.58:142][580]LogAudioMixer: Display: Output buffers initialized: Frames=1024, Channels=2, Samples=2048
[2025.11.24-13.51.58:143][580]LogAudioMixer: Display: Starting AudioMixerPlatformInterface::RunInternal()
[2025.11.24-13.51.58:143][580]LogAudioMixer: Display: FMixerPlatformXAudio2::SubmitBuffer() called for the first time
[2025.11.24-13.51.58:143][580]LogInit: FAudioDevice initialized.
[2025.11.24-13.51.58:143][580]LogAudio: Display: Audio Device (ID: 48) registered with world 'MainMenu'.
[2025.11.24-13.51.58:153][580]LogLoad: Game class is 'GameMode'
[2025.11.24-13.51.58:153][580]LogWorld: Bringing World /Game/Mapas/Menu/UEDPIE_0_MainMenu.MainMenu up for play (max tick rate 60) at 2025.11.24-10.51.58
[2025.11.24-13.51.58:153][580]LogWorld: Bringing up level for play took: 0.000372
[2025.11.24-13.51.58:153][580]LogOnline: OSS: Creating online subsystem instance for: :Context_59
[2025.11.24-13.51.58:156][580]LogGameMode: Display: Match State Changed from EnteringMap to WaitingToStart
[2025.11.24-13.51.58:156][580]LogGameState: Match State Changed from EnteringMap to WaitingToStart
[2025.11.24-13.51.58:156][580]LogGameMode: Display: Match State Changed from WaitingToStart to InProgress
[2025.11.24-13.51.58:157][580]LogGameState: Match State Changed from WaitingToStart to InProgress
[2025.11.24-13.51.58:157][580]PIE: Server logged in
[2025.11.24-13.51.58:159][580]PIE: Play in editor total start time 0.096 seconds.
[2025.11.24-13.52.07:793][157]LogGameMode: Display: Match State Changed from InProgress to LeavingMap
[2025.11.24-13.52.07:793][157]LogGameState: Match State Changed from InProgress to LeavingMap
[2025.11.24-13.52.07:793][157]LogNet: Browse: /Game/Mapas/Fases/MapaInicialAr/MapaInicial
[2025.11.24-13.52.07:793][157]LogLoad: LoadMap: /Game/Mapas/Fases/MapaInicialAr/MapaInicial
[2025.11.24-13.52.07:793][157]LogWorld: BeginTearingDown for /Game/Mapas/Menu/UEDPIE_0_MainMenu
[2025.11.24-13.52.07:793][157]LogWorld: UWorld::CleanupWorld for MainMenu, bSessionEnded=true, bCleanupResources=true
[2025.11.24-13.52.07:793][157]LogSlate: InvalidateAllWidgets triggered.  All widgets were invalidated
[2025.11.24-13.52.07:840][157]LogAudio: Display: Audio Device unregistered from world 'None'.
[2025.11.24-13.52.07:845][157]LogUObjectHash: Compacting FUObjectHashTables data took   3.95ms
[2025.11.24-13.52.07:857][157]LogAudio: Display: Audio Device (ID: 48) registered with world 'MapaInicial'.
[2025.11.24-13.52.07:858][157]LogAIModule: Creating AISystem for world MapaInicial
[2025.11.24-13.52.07:858][157]LogLoad: Game class is 'GameModeRL_C'
[2025.11.24-13.52.07:860][157]LogWorld: Bringing World /Game/Mapas/Fases/MapaInicialAr/UEDPIE_0_MapaInicial.MapaInicial up for play (max tick rate 60) at 2025.11.24-10.52.07
[2025.11.24-13.52.07:861][157]LogWorld: Bringing up level for play took: 0.001994
[2025.11.24-13.52.07:864][157]LogScript: Warning: Accessed None trying to read property Audio
	HUD_Padrao_C /Engine/Transient.UnrealEdEngine_0:AudioGI_C_7.HUD_Padrao_C_0
	Function /Game/Player/Blueprints/HUD/HUD_Padrao.HUD_Padrao_C:FadeIN:00BB
[2025.11.24-13.52.07:864][157]PIE: Error: Blueprint Runtime Error: "Accessed None trying to read property Audio". Blueprint:  HUD_Padrao Function:  Fade IN Graph:  FadeIN Node:  Play
[2025.11.24-13.52.07:864][157]LogScript: Warning: Accessed None
	HUD_Padrao_C /Engine/Transient.UnrealEdEngine_0:AudioGI_C_7.HUD_Padrao_C_0
	Function /Game/Player/Blueprints/HUD/HUD_Padrao.HUD_Padrao_C:FadeIN:00D0
[2025.11.24-13.52.07:864][157]PIE: Error: Blueprint Runtime Error: "Accessed None". Blueprint:  HUD_Padrao Function:  Fade IN Graph:  FadeIN Node:  Play
[2025.11.24-13.52.07:864][157]LogScript: Warning: Accessed None trying to read property Audio
	HUD_Padrao_C /Engine/Transient.UnrealEdEngine_0:AudioGI_C_7.HUD_Padrao_C_0
	Function /Game/Player/Blueprints/HUD/HUD_Padrao.HUD_Padrao_C:FadeIN:0112
[2025.11.24-13.52.07:864][157]PIE: Error: Blueprint Runtime Error: "Accessed None trying to read property Audio". Blueprint:  HUD_Padrao Function:  Fade IN Graph:  FadeIN Node:  Fade In
[2025.11.24-13.52.07:864][157]LogScript: Warning: Accessed None
	HUD_Padrao_C /Engine/Transient.UnrealEdEngine_0:AudioGI_C_7.HUD_Padrao_C_0
	Function /Game/Player/Blueprints/HUD/HUD_Padrao.HUD_Padrao_C:FadeIN:0127
[2025.11.24-13.52.07:864][157]PIE: Error: Blueprint Runtime Error: "Accessed None". Blueprint:  HUD_Padrao Function:  Fade IN Graph:  FadeIN Node:  Fade In
[2025.11.24-13.52.07:864][157]LogLoad: Took 0.071394 seconds to LoadMap(/Game/Mapas/Fases/MapaInicialAr/MapaInicial)
[2025.11.24-13.52.37:845][910]LogSlate: Updating window title bar state: overlay mode, drag disabled, window buttons hidden, title bar hidden
[2025.11.24-13.52.37:845][910]LogWorld: BeginTearingDown for /Game/Mapas/Fases/MapaInicialAr/UEDPIE_0_MapaInicial
[2025.11.24-13.52.37:845][910]LogWorld: UWorld::CleanupWorld for MapaInicial, bSessionEnded=true, bCleanupResources=true
[2025.11.24-13.52.37:845][910]LogSlate: InvalidateAllWidgets triggered.  All widgets were invalidated
[2025.11.24-13.52.37:860][910]LogPlayLevel: Display: Shutting down PIE online subsystems
[2025.11.24-13.52.37:870][910]LogSlate: InvalidateAllWidgets triggered.  All widgets were invalidated
[2025.11.24-13.52.37:914][910]LogAudio: Display: Audio Device unregistered from world 'None'.
[2025.11.24-13.52.37:914][910]LogAudioMixer: FMixerPlatformXAudio2::StopAudioStream() called
[2025.11.24-13.52.37:917][910]LogAudioMixer: FMixerPlatformXAudio2::StopAudioStream() called
[2025.11.24-13.52.37:918][910]LogSlate: Updating window title bar state: overlay mode, drag disabled, window buttons hidden, title bar hidden
[2025.11.24-13.52.37:924][910]LogUObjectHash: Compacting FUObjectHashTables data took   4.55ms
[2025.11.24-13.52.38:052][911]LogPlayLevel: Display: Destroying online subsystem :Context_59
[2025.11.24-13.52.39:483][984]LogSlate: Window 'Message Log' being destroyed
[2025.11.24-13.52.39:489][984]LogSlate: Window 'Message Log' being destroyed
[2025.11.24-13.54.47:977][435]LogUObjectHash: Compacting FUObjectHashTables data took   6.52ms
[2025.11.24-13.54.47:979][435]LogFileHelpers: Editor autosave (incl. external actors) for '/Game/Mapas/Menu/MainMenu' took 0.059
[2025.11.24-13.54.47:980][435]OBJ SavePackage: Generating thumbnails for [0] asset(s) in package [/Game/Audios/AudioGI] ([4] browsable assets)...
[2025.11.24-13.54.47:980][435]OBJ SavePackage: Finished generating thumbnails for package [/Game/Audios/AudioGI]
[2025.11.24-13.54.47:980][435]Cmd: OBJ SAVEPACKAGE PACKAGE="/Game/Audios/AudioGI" FILE="E:/Unreal/Fumec_DevGames/Saved/Autosaves/Game/Audios/AudioGI_Auto4.uasset" SILENT=false AUTOSAVING=true
[2025.11.24-13.54.47:986][435]LogSavePackage: Moving 'E:/Unreal/Fumec_DevGames/Saved/AudioGI_Auto467024D4440F62DBA52B95F95390386A0.tmp' to 'E:/Unreal/Fumec_DevGames/Saved/Autosaves/Game/Audios/AudioGI_Auto4.uasset'
[2025.11.24-13.54.47:986][435]LogFileHelpers: Auto-saving content packages took 0.007
[2025.11.24-13.55.40:218][885]LogSlate: Window 'Delete Variable' being destroyed
[2025.11.24-13.56.15:210][409]LogSlate: Prevented a slow task dialog from being summoned while a context menu was open
[2025.11.24-13.56.15:236][409]LogEditorClassViewer: Warning: Class /Engine/Tutorial/InWorldBlueprintEditing/TutorialAssets/IWBE_Blutility.IWBE_Blutility_C has parent /Script/Blutility.PlacedEditorUtilityBase, but this parent is not found. The Class will not be shown in ClassViewer.
[2025.11.24-13.56.32:122][407]BlueprintLog: New page: Compile AudioGI
[2025.11.24-13.56.32:124][407]LogBlueprint: Error: [AssetLog] E:\Unreal\Fumec_DevGames\Content\Audios\AudioGI.uasset: [Compiler] This blueprint (self) is not a Actor, therefore ' Target ' must have a connection.
[2025.11.24-13.56.32:181][407]LogUObjectHash: Compacting FUObjectHashTables data took   6.41ms
[2025.11.24-13.56.56:017][607]LogEditorTransaction: Undo Move Node
[2025.11.24-13.56.57:009][648]Cmd: OBJ SAVEPACKAGE PACKAGE="/Game/Audios/AudioGI" FILE="E:/Unreal/Fumec_DevGames/Content/Audios/AudioGI.uasset" SILENT=true
[2025.11.24-13.56.57:091][648]LogSavePackage: Moving 'E:/Unreal/Fumec_DevGames/Saved/AudioGI3F928DDA416CE413ED41BA8377BD8464.tmp' to 'E:/Unreal/Fumec_DevGames/Content/Audios/AudioGI.uasset'
[2025.11.24-13.56.57:113][648]AssetCheck: New page: Asset Save: AudioGI
[2025.11.24-13.56.57:113][648]LogContentValidation: Display: Validating Blueprint /Game/Audios/AudioGI.AudioGI
[2025.11.24-13.56.58:718][745]BlueprintLog: New page: Compile AudioGI
[2025.11.24-13.56.58:775][745]LogUObjectHash: Compacting FUObjectHashTables data took   5.43ms
[2025.11.24-13.56.58:828][745]Cmd: OBJ SAVEPACKAGE PACKAGE="/Game/Audios/AudioGI" FILE="E:/Unreal/Fumec_DevGames/Content/Audios/AudioGI.uasset" SILENT=true
[2025.11.24-13.56.58:834][745]LogSavePackage: Moving 'E:/Unreal/Fumec_DevGames/Saved/AudioGIEE8A08874B2C2029AB92259D26260E04.tmp' to 'E:/Unreal/Fumec_DevGames/Content/Audios/AudioGI.uasset'
[2025.11.24-13.56.58:856][745]AssetCheck: New page: Asset Save: AudioGI
[2025.11.24-13.56.58:857][745]LogContentValidation: Display: Validating Blueprint /Game/Audios/AudioGI.AudioGI
[2025.11.24-13.57.30:267][612]LogWorld: UWorld::CleanupWorld for World_39, bSessionEnded=true, bCleanupResources=true
[2025.11.24-13.57.30:267][612]LogSlate: InvalidateAllWidgets triggered.  All widgets were invalidated
[2025.11.24-13.57.40:597][192]LogUObjectHash: Compacting FUObjectHashTables data took   7.97ms
[2025.11.24-13.57.51:685][192]LogSlate: Window 'Delete Assets' being destroyed
[2025.11.24-13.58.20:517][892]BlueprintLog: New page: Compile HUD_Padrao
[2025.11.24-13.58.20:593][892]LogUObjectHash: Compacting FUObjectHashTables data took   4.66ms
[2025.11.24-13.58.20:638][892]Cmd: OBJ SAVEPACKAGE PACKAGE="/Game/Player/Blueprints/HUD/HUD_Padrao" FILE="E:/Unreal/Fumec_DevGames/Content/Player/Blueprints/HUD/HUD_Padrao.uasset" SILENT=true
[2025.11.24-13.58.20:659][892]LogSavePackage: Moving 'E:/Unreal/Fumec_DevGames/Saved/HUD_Padrao8C0A38104FFEACEBBDD30F9FE0E80D50.tmp' to 'E:/Unreal/Fumec_DevGames/Content/Player/Blueprints/HUD/HUD_Padrao.uasset'
[2025.11.24-13.58.20:684][892]AssetCheck: New page: Asset Save: HUD_Padrao
[2025.11.24-13.58.20:684][892]LogContentValidation: Display: Validating WidgetBlueprint /Game/Player/Blueprints/HUD/HUD_Padrao.HUD_Padrao
[2025.11.24-13.58.21:108][915]Cmd: OBJ SAVEPACKAGE PACKAGE="/Game/Player/Blueprints/HUD/HUD_Padrao" FILE="E:/Unreal/Fumec_DevGames/Content/Player/Blueprints/HUD/HUD_Padrao.uasset" SILENT=true
[2025.11.24-13.58.21:131][915]LogSavePackage: Moving 'E:/Unreal/Fumec_DevGames/Saved/HUD_PadraoCE255B1445870410497D44BC15780FBD.tmp' to 'E:/Unreal/Fumec_DevGames/Content/Player/Blueprints/HUD/HUD_Padrao.uasset'
[2025.11.24-13.58.21:152][915]AssetCheck: New page: Asset Save: HUD_Padrao
[2025.11.24-13.58.21:152][915]LogContentValidation: Display: Validating WidgetBlueprint /Game/Player/Blueprints/HUD/HUD_Padrao.HUD_Padrao
[2025.11.24-13.58.26:336][190]LogUObjectHash: Compacting FUObjectHashTables data took   6.29ms
[2025.11.24-13.58.31:078][190]LogSlate: Window 'Delete Assets' being destroyed
[2025.11.24-13.58.44:090][957]LogUObjectHash: Compacting FUObjectHashTables data took   3.96ms
[2025.11.24-13.58.44:112][957]LogAssetEditorSubsystem: Opening Asset editor for World /Game/Mapas/Menu/MainMenu.MainMenu
[2025.11.24-13.58.44:112][957]Cmd: MAP LOAD FILE="E:/Unreal/Fumec_DevGames/Content/Mapas/Menu/MainMenu.umap" TEMPLATE=0 SHOWPROGRESS=1 FEATURELEVEL=3
[2025.11.24-13.58.44:112][957]LightingResults: New page: Lighting Build
[2025.11.24-13.58.44:113][957]LoadErrors: New page: Loading map: MainMenu.umap
[2025.11.24-13.58.44:115][957]LogWorld: UWorld::CleanupWorld for MainMenu, bSessionEnded=true, bCleanupResources=true
[2025.11.24-13.58.44:115][957]LogSlate: InvalidateAllWidgets triggered.  All widgets were invalidated
[2025.11.24-13.58.44:115][957]MapCheck: New page: Map Check
[2025.11.24-13.58.44:115][957]LightingResults: New page: Lighting Build
[2025.11.24-13.58.44:160][957]LogAudio: Display: Audio Device unregistered from world 'None'.
[2025.11.24-13.58.44:164][957]LogUObjectHash: Compacting FUObjectHashTables data took   4.35ms
[2025.11.24-13.58.44:174][957]LogAudio: Display: Audio Device (ID: 1) registered with world 'MainMenu'.
[2025.11.24-13.58.44:175][957]LogAIModule: Creating AISystem for world MainMenu
[2025.11.24-13.58.44:201][957]LogEditorServer: Finished looking for orphan Actors (0.000 secs)
[2025.11.24-13.58.44:251][957]LogUObjectHash: Compacting FUObjectHashTables data took   4.14ms
[2025.11.24-13.58.44:273][957]Cmd: MAP CHECKDEP NOCLEARLOG
[2025.11.24-13.58.44:273][957]MapCheck: Map check complete: 0 Error(s), 0 Warning(s), took 0.113ms to complete.
[2025.11.24-13.58.44:273][957]LogFileHelpers: Loading map 'MainMenu' took 0.161
[2025.11.24-13.58.48:645][211]LogAssetEditorSubsystem: Opening Asset editor for LevelScriptBlueprint /Game/Mapas/Menu/MainMenu.MainMenu:PersistentLevel.MainMenu
[2025.11.24-13.59.28:746][519]LogUObjectHash: Compacting FUObjectHashTables data took   3.78ms
[2025.11.24-13.59.28:780][519]Cmd: OBJ SAVEPACKAGE PACKAGE="/Game/Mapas/Menu/MainMenu" FILE="E:/Unreal/Fumec_DevGames/Content/Mapas/Menu/MainMenu.umap" SILENT=true AUTOSAVING=false KEEPDIRTY=false
[2025.11.24-13.59.28:829][519]LogUObjectHash: Compacting FUObjectHashTables data took   0.95ms
[2025.11.24-13.59.28:838][519]LogSavePackage: Moving 'E:/Unreal/Fumec_DevGames/Saved/MainMenu80FBA5B1459D40772DBEE4864C75753F.tmp' to 'E:/Unreal/Fumec_DevGames/Content/Mapas/Menu/MainMenu.umap'
[2025.11.24-13.59.28:858][519]LogFileHelpers: Saving map 'MainMenu' took 0.079
[2025.11.24-13.59.28:876][519]AssetCheck: New page: Asset Save: MainMenu
[2025.11.24-13.59.28:876][519]LogContentValidation: Display: Validating World /Game/Mapas/Menu/MainMenu.MainMenu
[2025.11.24-13.59.30:159][594]BlueprintLog: New page: Compile MainMenu
[2025.11.24-13.59.30:237][594]LogUObjectHash: Compacting FUObjectHashTables data took   4.60ms
[2025.11.24-13.59.30:282][594]Cmd: OBJ SAVEPACKAGE PACKAGE="/Game/Mapas/Menu/MainMenu" FILE="E:/Unreal/Fumec_DevGames/Content/Mapas/Menu/MainMenu.umap" SILENT=true AUTOSAVING=false KEEPDIRTY=false
[2025.11.24-13.59.30:331][594]LogUObjectHash: Compacting FUObjectHashTables data took   0.96ms
[2025.11.24-13.59.30:338][594]LogSavePackage: Moving 'E:/Unreal/Fumec_DevGames/Saved/MainMenu74B3CBD945F0CE9F51E0BEBA43C47D54.tmp' to 'E:/Unreal/Fumec_DevGames/Content/Mapas/Menu/MainMenu.umap'
[2025.11.24-13.59.30:359][594]LogFileHelpers: Saving map 'MainMenu' took 0.077
[2025.11.24-13.59.30:377][594]AssetCheck: New page: Asset Save: MainMenu
[2025.11.24-13.59.30:377][594]LogContentValidation: Display: Validating World /Game/Mapas/Menu/MainMenu.MainMenu
[2025.11.24-14.00.01:241][399]Cmd: OBJ SAVEPACKAGE PACKAGE="/Game/Mapas/Menu/MainMenuWid" FILE="E:/Unreal/Fumec_DevGames/Content/Mapas/Menu/MainMenuWid.uasset" SILENT=true
[2025.11.24-14.00.01:261][399]LogSavePackage: Moving 'E:/Unreal/Fumec_DevGames/Saved/MainMenuWidC1B5C42E40490F50BD502EB234BE744C.tmp' to 'E:/Unreal/Fumec_DevGames/Content/Mapas/Menu/MainMenuWid.uasset'
[2025.11.24-14.00.01:285][399]AssetCheck: New page: Asset Save: MainMenuWid
[2025.11.24-14.00.01:285][399]LogContentValidation: Display: Validating WidgetBlueprint /Game/Mapas/Menu/MainMenuWid.MainMenuWid
[2025.11.24-14.00.06:874][715]LogUObjectHash: Compacting FUObjectHashTables data took   4.52ms
[2025.11.24-14.00.09:130][715]LogSlate: Window 'Delete Assets' being destroyed
[2025.11.24-14.00.31:999][ 67]BlueprintLog: New page: Compile MainMenu
[2025.11.24-14.00.32:073][ 67]LogUObjectHash: Compacting FUObjectHashTables data took   4.16ms
[2025.11.24-14.00.32:104][ 67]Cmd: OBJ SAVEPACKAGE PACKAGE="/Game/Mapas/Menu/MainMenu" FILE="E:/Unreal/Fumec_DevGames/Content/Mapas/Menu/MainMenu.umap" SILENT=true AUTOSAVING=false KEEPDIRTY=false
[2025.11.24-14.00.32:152][ 67]LogUObjectHash: Compacting FUObjectHashTables data took   0.95ms
[2025.11.24-14.00.32:159][ 67]LogSavePackage: Moving 'E:/Unreal/Fumec_DevGames/Saved/MainMenuB03EDDAC4DDD20F97D274CA04FAE8D5E.tmp' to 'E:/Unreal/Fumec_DevGames/Content/Mapas/Menu/MainMenu.umap'
[2025.11.24-14.00.32:180][ 67]LogFileHelpers: Saving map 'MainMenu' took 0.078
[2025.11.24-14.00.32:199][ 67]AssetCheck: New page: Asset Save: MainMenu
[2025.11.24-14.00.32:199][ 67]LogContentValidation: Display: Validating World /Game/Mapas/Menu/MainMenu.MainMenu
[2025.11.24-14.00.33:314][129]LogUObjectHash: Compacting FUObjectHashTables data took   2.06ms
[2025.11.24-14.00.37:139][336]LogUObjectHash: Compacting FUObjectHashTables data took   3.78ms
[2025.11.24-14.00.49:440][336]LogSlate: Window 'Delete Assets' being destroyed
[2025.11.24-14.01.10:577][591]BlueprintLog: New page: Compile MainMenuWid
[2025.11.24-14.01.10:638][591]LogUObjectHash: Compacting FUObjectHashTables data took   4.22ms
[2025.11.24-14.01.18:253][ 15]LogUObjectHash: Compacting FUObjectHashTables data took   7.37ms
[2025.11.24-14.01.20:133][ 15]LogSlate: Window 'Delete Assets' being destroyed
[2025.11.24-14.01.20:229][ 15]LogActorComponent: UnregisterComponent: (/Engine/Transient.EditorFloorComp) Not registered. Aborting.
[2025.11.24-14.01.20:229][ 15]LogWorld: UWorld::CleanupWorld for World_47, bSessionEnded=true, bCleanupResources=true
[2025.11.24-14.01.20:229][ 15]LogSlate: InvalidateAllWidgets triggered.  All widgets were invalidated
[2025.11.24-14.01.20:311][ 15]LogWorld: UWorld::CleanupWorld for World_57, bSessionEnded=true, bCleanupResources=true
[2025.11.24-14.01.20:311][ 15]LogSlate: InvalidateAllWidgets triggered.  All widgets were invalidated
[2025.11.24-14.01.20:365][ 15]LogUObjectGlobals: Force Deleting 1 Package(s):
	Asset Name: /Game/Audios/AudioActor.AudioActor
[2025.11.24-14.01.23:421][ 15]LogUObjectHash: Compacting FUObjectHashTables data took   5.85ms
[2025.11.24-14.01.23:475][ 15]LogUObjectHash: Compacting FUObjectHashTables data took   3.89ms
[2025.11.24-14.01.23:517][ 15]LogUObjectHash: Compacting FUObjectHashTables data took   1.09ms
[2025.11.24-14.01.24:756][ 83]Cmd: OBJ SAVEPACKAGE PACKAGE="/Game/Mapas/Menu/MainMenu" FILE="E:/Unreal/Fumec_DevGames/Content/Mapas/Menu/MainMenu.umap" SILENT=true AUTOSAVING=false KEEPDIRTY=false
[2025.11.24-14.01.24:803][ 83]LogUObjectHash: Compacting FUObjectHashTables data took   4.49ms
[2025.11.24-14.01.24:812][ 83]LogSavePackage: Moving 'E:/Unreal/Fumec_DevGames/Saved/MainMenu58A4273447CCF55AB6C08B80060C1E2A.tmp' to 'E:/Unreal/Fumec_DevGames/Content/Mapas/Menu/MainMenu.umap'
[2025.11.24-14.01.24:850][ 83]AssetCheck: New page: Asset Save: MainMenu
[2025.11.24-14.01.24:850][ 83]LogContentValidation: Display: Validating World /Game/Mapas/Menu/MainMenu.MainMenu
[2025.11.24-14.01.28:549][301]LogTemp: Repeating last play command: Selected Viewport
[2025.11.24-14.01.28:555][301]LogPlayLevel: PlayLevel: No blueprints needed recompiling
[2025.11.24-14.01.28:557][301]PIE: New page: PIE session: MainMenu (Nov 24, 2025, 8:01:28 AM)
[2025.11.24-14.01.28:557][301]LogPlayLevel: Creating play world package: /Game/Mapas/Menu/UEDPIE_0_MainMenu
[2025.11.24-14.01.28:558][301]LogPlayLevel: PIE: StaticDuplicateObject took: (0.001500s)
[2025.11.24-14.01.28:559][301]LogAIModule: Creating AISystem for world MainMenu
[2025.11.24-14.01.28:559][301]LogPlayLevel: PIE: World Init took: (0.001206s)
[2025.11.24-14.01.28:559][301]LogPlayLevel: PIE: Created PIE world by copying editor world from /Game/Mapas/Menu/MainMenu.MainMenu to /Game/Mapas/Menu/UEDPIE_0_MainMenu.MainMenu (0.002874s)
[2025.11.24-14.01.28:604][301]LogUObjectHash: Compacting FUObjectHashTables data took   3.74ms
[2025.11.24-14.01.28:606][301]LogScript: Warning: Accessed None trying to read property CallFunc_GetPlayerPawn_ReturnValue
	AudioGI_C /Engine/Transient.UnrealEdEngine_0:AudioGI_C_8
	Function /Game/Audios/AudioGI.AudioGI_C:ExecuteUbergraph_AudioGI:0039
[2025.11.24-14.01.28:606][301]LogAudio: Display: Creating Audio Device:                 Id: 49, Scope: Unique, Realtime: True
[2025.11.24-14.01.28:606][301]LogAudioMixer: Display: Audio Mixer Platform Settings:
[2025.11.24-14.01.28:606][301]LogAudioMixer: Display: 	Sample Rate:						  48000
[2025.11.24-14.01.28:606][301]LogAudioMixer: Display: 	Callback Buffer Frame Size Requested: 1024
[2025.11.24-14.01.28:606][301]LogAudioMixer: Display: 	Callback Buffer Frame Size To Use:	  1024
[2025.11.24-14.01.28:606][301]LogAudioMixer: Display: 	Number of buffers to queue:			  2
[2025.11.24-14.01.28:606][301]LogAudioMixer: Display: 	Max Channels (voices):				  32
[2025.11.24-14.01.28:606][301]LogAudioMixer: Display: 	Number of Async Source Workers:		  0
[2025.11.24-14.01.28:606][301]LogAudio: Display: AudioDevice MaxSources: 32
[2025.11.24-14.01.28:607][301]LogAudio: Display: Audio Spatialization Plugin: None (built-in).
[2025.11.24-14.01.28:607][301]LogAudio: Display: Audio Reverb Plugin: None (built-in).
[2025.11.24-14.01.28:607][301]LogAudio: Display: Audio Occlusion Plugin: None (built-in).
[2025.11.24-14.01.28:607][301]LogAudioMixer: Display: Initializing audio mixer.
[2025.11.24-14.01.28:614][301]LogAudioMixer: Display: 0: FrontLeft
[2025.11.24-14.01.28:614][301]LogAudioMixer: Display: 1: FrontRight
[2025.11.24-14.01.28:624][301]LogAudioMixer: Display: Using Audio Device Alto-falantes (Realtek(R) Audio)
[2025.11.24-14.01.28:624][301]LogAudioMixer: Display: Initializing Sound Submixes...
[2025.11.24-14.01.28:625][301]LogAudioMixer: Display: Creating Master Submix 'MasterSubmixDefault'
[2025.11.24-14.01.28:625][301]LogAudioMixer: Display: Creating Master Submix 'MasterReverbSubmixDefault'
[2025.11.24-14.01.28:625][301]LogAudioMixer: Display: Creating Master Submix 'MasterEQSubmixDefault'
[2025.11.24-14.01.28:625][301]LogAudioMixer: FMixerPlatformXAudio2::StartAudioStream() called
[2025.11.24-14.01.28:625][301]LogAudioMixer: Display: Output buffers initialized: Frames=1024, Channels=2, Samples=2048
[2025.11.24-14.01.28:627][301]LogAudioMixer: Display: Starting AudioMixerPlatformInterface::RunInternal()
[2025.11.24-14.01.28:627][301]LogAudioMixer: Display: FMixerPlatformXAudio2::SubmitBuffer() called for the first time
[2025.11.24-14.01.28:627][301]LogInit: FAudioDevice initialized.
[2025.11.24-14.01.28:627][301]LogAudio: Display: Audio Device (ID: 49) registered with world 'MainMenu'.
[2025.11.24-14.01.28:641][301]LogLoad: Game class is 'GameMode'
[2025.11.24-14.01.28:642][301]LogWorld: Bringing World /Game/Mapas/Menu/UEDPIE_0_MainMenu.MainMenu up for play (max tick rate 60) at 2025.11.24-11.01.28
[2025.11.24-14.01.28:642][301]LogWorld: Bringing up level for play took: 0.000403
[2025.11.24-14.01.28:642][301]LogOnline: OSS: Creating online subsystem instance for: :Context_61
[2025.11.24-14.01.28:645][301]LogGameMode: Display: Match State Changed from EnteringMap to WaitingToStart
[2025.11.24-14.01.28:645][301]LogGameState: Match State Changed from EnteringMap to WaitingToStart
[2025.11.24-14.01.28:645][301]LogGameMode: Display: Match State Changed from WaitingToStart to InProgress
[2025.11.24-14.01.28:646][301]LogScript: Warning: Accessed None trying to read property JBL
	MainMenu_C /Game/Mapas/Menu/UEDPIE_0_MainMenu.MainMenu:PersistentLevel.MainMenu_C_1
	Function /Game/Mapas/Menu/MainMenu.MainMenu_C:ExecuteUbergraph_MainMenu:0092
[2025.11.24-14.01.28:646][301]PIE: Error: Blueprint Runtime Error: "Accessed None trying to read property JBL". Blueprint:  MainMenu Function:  Execute Ubergraph Main Menu Graph:  EventGraph Node:  Set Sound
[2025.11.24-14.01.28:646][301]LogScript: Warning: Accessed None trying to read property JBL
	MainMenu_C /Game/Mapas/Menu/UEDPIE_0_MainMenu.MainMenu:PersistentLevel.MainMenu_C_1
	Function /Game/Mapas/Menu/MainMenu.MainMenu_C:ExecuteUbergraph_MainMenu:00D3
[2025.11.24-14.01.28:646][301]PIE: Error: Blueprint Runtime Error: "Accessed None trying to read property JBL". Blueprint:  MainMenu Function:  Execute Ubergraph Main Menu Graph:  EventGraph Node:  Play
[2025.11.24-14.01.28:646][301]LogScript: Warning: Accessed None trying to read property JBL
	MainMenu_C /Game/Mapas/Menu/UEDPIE_0_MainMenu.MainMenu:PersistentLevel.MainMenu_C_1
	Function /Game/Mapas/Menu/MainMenu.MainMenu_C:ExecuteUbergraph_MainMenu:0114
[2025.11.24-14.01.28:646][301]PIE: Error: Blueprint Runtime Error: "Accessed None trying to read property JBL". Blueprint:  MainMenu Function:  Execute Ubergraph Main Menu Graph:  EventGraph Node:  Fade In
[2025.11.24-14.01.28:646][301]LogGameState: Match State Changed from WaitingToStart to InProgress
[2025.11.24-14.01.28:646][301]PIE: Server logged in
[2025.11.24-14.01.28:647][301]PIE: Play in editor total start time 0.092 seconds.
[2025.11.24-14.01.39:753][967]LogScript: Warning: Accessed None trying to read property JBL
	MainMenuWid_C /Engine/Transient.UnrealEdEngine_0:AudioGI_C_8.MainMenuWid_C_0
	Function /Game/Mapas/Menu/MainMenuWid.MainMenuWid_C:ExecuteUbergraph_MainMenuWid:00B2
[2025.11.24-14.01.39:753][967]PIE: Error: Blueprint Runtime Error: "Accessed None trying to read property JBL". Blueprint:  MainMenuWid Function:  Execute Ubergraph Main Menu Wid Graph:  EventGraph Node:  Set Sound
[2025.11.24-14.01.39:753][967]LogScript: Warning: Accessed None trying to read property JBL
	MainMenuWid_C /Engine/Transient.UnrealEdEngine_0:AudioGI_C_8.MainMenuWid_C_0
	Function /Game/Mapas/Menu/MainMenuWid.MainMenuWid_C:ExecuteUbergraph_MainMenuWid:00F3
[2025.11.24-14.01.39:753][967]PIE: Error: Blueprint Runtime Error: "Accessed None trying to read property JBL". Blueprint:  MainMenuWid Function:  Execute Ubergraph Main Menu Wid Graph:  EventGraph Node:  Play
[2025.11.24-14.01.39:753][967]LogScript: Warning: Accessed None trying to read property JBL
	MainMenuWid_C /Engine/Transient.UnrealEdEngine_0:AudioGI_C_8.MainMenuWid_C_0
	Function /Game/Mapas/Menu/MainMenuWid.MainMenuWid_C:ExecuteUbergraph_MainMenuWid:0134
[2025.11.24-14.01.39:753][967]PIE: Error: Blueprint Runtime Error: "Accessed None trying to read property JBL". Blueprint:  MainMenuWid Function:  Execute Ubergraph Main Menu Wid Graph:  EventGraph Node:  Fade Out
[2025.11.24-14.01.42:753][147]LogGameMode: Display: Match State Changed from InProgress to LeavingMap
[2025.11.24-14.01.42:753][147]LogGameState: Match State Changed from InProgress to LeavingMap
[2025.11.24-14.01.42:753][147]LogNet: Browse: /Game/Mapas/Fases/MapaInicialAr/MapaInicial
[2025.11.24-14.01.42:753][147]LogLoad: LoadMap: /Game/Mapas/Fases/MapaInicialAr/MapaInicial
[2025.11.24-14.01.42:753][147]LogWorld: BeginTearingDown for /Game/Mapas/Menu/UEDPIE_0_MainMenu
[2025.11.24-14.01.42:754][147]LogWorld: UWorld::CleanupWorld for MainMenu, bSessionEnded=true, bCleanupResources=true
[2025.11.24-14.01.42:754][147]LogSlate: InvalidateAllWidgets triggered.  All widgets were invalidated
[2025.11.24-14.01.42:794][147]LogAudio: Display: Audio Device unregistered from world 'None'.
[2025.11.24-14.01.42:799][147]LogUObjectHash: Compacting FUObjectHashTables data took   3.88ms
[2025.11.24-14.01.43:624][147]LogAudio: Display: Audio Device (ID: 49) registered with world 'MapaInicial'.
[2025.11.24-14.01.43:625][147]LogAIModule: Creating AISystem for world MapaInicial
[2025.11.24-14.01.43:625][147]LogLoad: Game class is 'GameModeRL_C'
[2025.11.24-14.01.43:627][147]LogWorld: Bringing World /Game/Mapas/Fases/MapaInicialAr/UEDPIE_0_MapaInicial.MapaInicial up for play (max tick rate 60) at 2025.11.24-11.01.43
[2025.11.24-14.01.43:628][147]LogWorld: Bringing up level for play took: 0.001668
[2025.11.24-14.01.43:630][147]LogScript: Warning: Accessed None trying to read property JBL
	HUD_Padrao_C /Engine/Transient.UnrealEdEngine_0:AudioGI_C_8.HUD_Padrao_C_0
	Function /Game/Player/Blueprints/HUD/HUD_Padrao.HUD_Padrao_C:FadeIN:00BA
[2025.11.24-14.01.43:631][147]PIE: Error: Blueprint Runtime Error: "Accessed None trying to read property JBL". Blueprint:  HUD_Padrao Function:  Fade IN Graph:  FadeIN Node:  Play
[2025.11.24-14.01.43:631][147]LogScript: Warning: Accessed None trying to read property JBL
	HUD_Padrao_C /Engine/Transient.UnrealEdEngine_0:AudioGI_C_8.HUD_Padrao_C_0
	Function /Game/Player/Blueprints/HUD/HUD_Padrao.HUD_Padrao_C:FadeIN:00FB
[2025.11.24-14.01.43:631][147]PIE: Error: Blueprint Runtime Error: "Accessed None trying to read property JBL". Blueprint:  HUD_Padrao Function:  Fade IN Graph:  FadeIN Node:  Fade In
[2025.11.24-14.01.43:631][147]LogLoad: Took 0.877710 seconds to LoadMap(/Game/Mapas/Fases/MapaInicialAr/MapaInicial)
[2025.11.24-14.01.44:692][208]LogSlate: Updating window title bar state: overlay mode, drag disabled, window buttons hidden, title bar hidden
[2025.11.24-14.01.44:692][208]LogWorld: BeginTearingDown for /Game/Mapas/Fases/MapaInicialAr/UEDPIE_0_MapaInicial
[2025.11.24-14.01.44:692][208]LogWorld: UWorld::CleanupWorld for MapaInicial, bSessionEnded=true, bCleanupResources=true
[2025.11.24-14.01.44:692][208]LogSlate: InvalidateAllWidgets triggered.  All widgets were invalidated
[2025.11.24-14.01.44:702][208]LogPlayLevel: Display: Shutting down PIE online subsystems
[2025.11.24-14.01.44:711][208]LogSlate: InvalidateAllWidgets triggered.  All widgets were invalidated
[2025.11.24-14.01.44:755][208]LogSlate: Updating window title bar state: overlay mode, drag disabled, window buttons hidden, title bar hidden
[2025.11.24-14.01.44:755][208]LogAudioMixer: FMixerPlatformXAudio2::StopAudioStream() called
[2025.11.24-14.01.44:756][208]LogAudioMixer: FMixerPlatformXAudio2::StopAudioStream() called
[2025.11.24-14.01.44:764][208]LogUObjectHash: Compacting FUObjectHashTables data took   4.51ms
[2025.11.24-14.01.44:884][209]LogPlayLevel: Display: Destroying online subsystem :Context_61
[2025.11.24-14.01.49:540][474]LogSlate: Window 'Message Log' being destroyed
[2025.11.24-14.01.49:546][474]LogSlate: Window 'Message Log' being destroyed
[2025.11.24-14.01.53:559][714]LogSlate: Prevented a slow task dialog from being summoned while a context menu was open
[2025.11.24-14.01.53:585][714]LogEditorClassViewer: Warning: Class /Engine/Tutorial/InWorldBlueprintEditing/TutorialAssets/IWBE_Blutility.IWBE_Blutility_C has parent /Script/Blutility.PlacedEditorUtilityBase, but this parent is not found. The Class will not be shown in ClassViewer.
[2025.11.24-14.02.20:055][285]BlueprintLog: New page: Compile AudioGI
[2025.11.24-14.02.20:116][285]LogUObjectHash: Compacting FUObjectHashTables data took   5.35ms
[2025.11.24-14.02.20:159][285]Cmd: OBJ SAVEPACKAGE PACKAGE="/Game/Audios/AudioGI" FILE="E:/Unreal/Fumec_DevGames/Content/Audios/AudioGI.uasset" SILENT=true
[2025.11.24-14.02.20:164][285]LogSavePackage: Moving 'E:/Unreal/Fumec_DevGames/Saved/AudioGIB2AC9172495D182786D0C09926C5A881.tmp' to 'E:/Unreal/Fumec_DevGames/Content/Audios/AudioGI.uasset'
[2025.11.24-14.02.20:185][285]AssetCheck: New page: Asset Save: AudioGI
[2025.11.24-14.02.20:185][285]LogContentValidation: Display: Validating Blueprint /Game/Audios/AudioGI.AudioGI
[2025.11.24-14.02.42:381][551]LogTemp: Repeating last play command: Selected Viewport
[2025.11.24-14.02.42:389][551]LogPlayLevel: PlayLevel: No blueprints needed recompiling
[2025.11.24-14.02.42:389][551]PIE: New page: PIE session: MainMenu (Nov 24, 2025, 8:02:42 AM)
[2025.11.24-14.02.42:389][551]LogPlayLevel: Creating play world package: /Game/Mapas/Menu/UEDPIE_0_MainMenu
[2025.11.24-14.02.42:391][551]LogPlayLevel: PIE: StaticDuplicateObject took: (0.001816s)
[2025.11.24-14.02.42:392][551]LogAIModule: Creating AISystem for world MainMenu
[2025.11.24-14.02.42:392][551]LogPlayLevel: PIE: World Init took: (0.001286s)
[2025.11.24-14.02.42:392][551]LogPlayLevel: PIE: Created PIE world by copying editor world from /Game/Mapas/Menu/MainMenu.MainMenu to /Game/Mapas/Menu/UEDPIE_0_MainMenu.MainMenu (0.003296s)
[2025.11.24-14.02.42:440][551]LogUObjectHash: Compacting FUObjectHashTables data took   5.40ms
[2025.11.24-14.02.42:441][551]LogScript: Warning: Accessed None trying to read property CallFunc_GetPlayerPawn_ReturnValue
	AudioGI_C /Engine/Transient.UnrealEdEngine_0:AudioGI_C_9
	Function /Game/Audios/AudioGI.AudioGI_C:ExecuteUbergraph_AudioGI:0039
[2025.11.24-14.02.42:441][551]LogAudio: Display: Creating Audio Device:                 Id: 50, Scope: Unique, Realtime: True
[2025.11.24-14.02.42:441][551]LogAudioMixer: Display: Audio Mixer Platform Settings:
[2025.11.24-14.02.42:441][551]LogAudioMixer: Display: 	Sample Rate:						  48000
[2025.11.24-14.02.42:441][551]LogAudioMixer: Display: 	Callback Buffer Frame Size Requested: 1024
[2025.11.24-14.02.42:442][551]LogAudioMixer: Display: 	Callback Buffer Frame Size To Use:	  1024
[2025.11.24-14.02.42:442][551]LogAudioMixer: Display: 	Number of buffers to queue:			  2
[2025.11.24-14.02.42:442][551]LogAudioMixer: Display: 	Max Channels (voices):				  32
[2025.11.24-14.02.42:442][551]LogAudioMixer: Display: 	Number of Async Source Workers:		  0
[2025.11.24-14.02.42:442][551]LogAudio: Display: AudioDevice MaxSources: 32
[2025.11.24-14.02.42:442][551]LogAudio: Display: Audio Spatialization Plugin: None (built-in).
[2025.11.24-14.02.42:442][551]LogAudio: Display: Audio Reverb Plugin: None (built-in).
[2025.11.24-14.02.42:442][551]LogAudio: Display: Audio Occlusion Plugin: None (built-in).
[2025.11.24-14.02.42:442][551]LogAudioMixer: Display: Initializing audio mixer.
[2025.11.24-14.02.42:448][551]LogAudioMixer: Display: 0: FrontLeft
[2025.11.24-14.02.42:448][551]LogAudioMixer: Display: 1: FrontRight
[2025.11.24-14.02.42:457][551]LogAudioMixer: Display: Using Audio Device Alto-falantes (Realtek(R) Audio)
[2025.11.24-14.02.42:457][551]LogAudioMixer: Display: Initializing Sound Submixes...
[2025.11.24-14.02.42:457][551]LogAudioMixer: Display: Creating Master Submix 'MasterSubmixDefault'
[2025.11.24-14.02.42:457][551]LogAudioMixer: Display: Creating Master Submix 'MasterReverbSubmixDefault'
[2025.11.24-14.02.42:458][551]LogAudioMixer: Display: Creating Master Submix 'MasterEQSubmixDefault'
[2025.11.24-14.02.42:458][551]LogAudioMixer: FMixerPlatformXAudio2::StartAudioStream() called
[2025.11.24-14.02.42:458][551]LogAudioMixer: Display: Output buffers initialized: Frames=1024, Channels=2, Samples=2048
[2025.11.24-14.02.42:459][551]LogAudioMixer: Display: Starting AudioMixerPlatformInterface::RunInternal()
[2025.11.24-14.02.42:460][551]LogAudioMixer: Display: FMixerPlatformXAudio2::SubmitBuffer() called for the first time
[2025.11.24-14.02.42:460][551]LogInit: FAudioDevice initialized.
[2025.11.24-14.02.42:460][551]LogAudio: Display: Audio Device (ID: 50) registered with world 'MainMenu'.
[2025.11.24-14.02.42:475][551]LogLoad: Game class is 'GameMode'
[2025.11.24-14.02.42:476][551]LogWorld: Bringing World /Game/Mapas/Menu/UEDPIE_0_MainMenu.MainMenu up for play (max tick rate 60) at 2025.11.24-11.02.42
[2025.11.24-14.02.42:476][551]LogWorld: Bringing up level for play took: 0.000468
[2025.11.24-14.02.42:476][551]LogOnline: OSS: Creating online subsystem instance for: :Context_62
[2025.11.24-14.02.42:479][551]LogGameMode: Display: Match State Changed from EnteringMap to WaitingToStart
[2025.11.24-14.02.42:479][551]LogGameState: Match State Changed from EnteringMap to WaitingToStart
[2025.11.24-14.02.42:479][551]LogGameMode: Display: Match State Changed from WaitingToStart to InProgress
[2025.11.24-14.02.42:480][551]LogScript: Warning: Accessed None trying to read property JBL
	MainMenu_C /Game/Mapas/Menu/UEDPIE_0_MainMenu.MainMenu:PersistentLevel.MainMenu_C_1
	Function /Game/Mapas/Menu/MainMenu.MainMenu_C:ExecuteUbergraph_MainMenu:0092
[2025.11.24-14.02.42:480][551]PIE: Error: Blueprint Runtime Error: "Accessed None trying to read property JBL". Blueprint:  MainMenu Function:  Execute Ubergraph Main Menu Graph:  EventGraph Node:  Set Sound
[2025.11.24-14.02.42:480][551]LogScript: Warning: Accessed None trying to read property JBL
	MainMenu_C /Game/Mapas/Menu/UEDPIE_0_MainMenu.MainMenu:PersistentLevel.MainMenu_C_1
	Function /Game/Mapas/Menu/MainMenu.MainMenu_C:ExecuteUbergraph_MainMenu:00D3
[2025.11.24-14.02.42:480][551]PIE: Error: Blueprint Runtime Error: "Accessed None trying to read property JBL". Blueprint:  MainMenu Function:  Execute Ubergraph Main Menu Graph:  EventGraph Node:  Play
[2025.11.24-14.02.42:480][551]LogScript: Warning: Accessed None trying to read property JBL
	MainMenu_C /Game/Mapas/Menu/UEDPIE_0_MainMenu.MainMenu:PersistentLevel.MainMenu_C_1
	Function /Game/Mapas/Menu/MainMenu.MainMenu_C:ExecuteUbergraph_MainMenu:0114
[2025.11.24-14.02.42:480][551]PIE: Error: Blueprint Runtime Error: "Accessed None trying to read property JBL". Blueprint:  MainMenu Function:  Execute Ubergraph Main Menu Graph:  EventGraph Node:  Fade In
[2025.11.24-14.02.42:481][551]LogGameState: Match State Changed from WaitingToStart to InProgress
[2025.11.24-14.02.42:481][551]PIE: Server logged in
[2025.11.24-14.02.42:482][551]PIE: Play in editor total start time 0.094 seconds.
[2025.11.24-14.02.45:403][725]LogSlate: Updating window title bar state: overlay mode, drag disabled, window buttons hidden, title bar hidden
[2025.11.24-14.02.45:403][725]LogWorld: BeginTearingDown for /Game/Mapas/Menu/UEDPIE_0_MainMenu
[2025.11.24-14.02.45:403][725]LogWorld: UWorld::CleanupWorld for MainMenu, bSessionEnded=true, bCleanupResources=true
[2025.11.24-14.02.45:403][725]LogSlate: InvalidateAllWidgets triggered.  All widgets were invalidated
[2025.11.24-14.02.45:415][725]LogPlayLevel: Display: Shutting down PIE online subsystems
[2025.11.24-14.02.45:424][725]LogSlate: InvalidateAllWidgets triggered.  All widgets were invalidated
[2025.11.24-14.02.45:467][725]LogAudio: Display: Audio Device unregistered from world 'None'.
[2025.11.24-14.02.45:467][725]LogAudioMixer: FMixerPlatformXAudio2::StopAudioStream() called
[2025.11.24-14.02.45:469][725]LogAudioMixer: FMixerPlatformXAudio2::StopAudioStream() called
[2025.11.24-14.02.45:471][725]LogSlate: Updating window title bar state: overlay mode, drag disabled, window buttons hidden, title bar hidden
[2025.11.24-14.02.45:477][725]LogUObjectHash: Compacting FUObjectHashTables data took   4.02ms
[2025.11.24-14.02.45:570][726]LogPlayLevel: Display: Destroying online subsystem :Context_62
[2025.11.24-14.02.47:928][800]LogSlate: Window 'Message Log' being destroyed
[2025.11.24-14.02.47:934][800]LogSlate: Window 'Message Log' being destroyed
[2025.11.24-14.03.46:583][759]BlueprintLog: New page: Compile AudioGI
[2025.11.24-14.03.46:636][759]LogUObjectHash: Compacting FUObjectHashTables data took   4.75ms
[2025.11.24-14.03.46:678][759]Cmd: OBJ SAVEPACKAGE PACKAGE="/Game/Audios/AudioGI" FILE="E:/Unreal/Fumec_DevGames/Content/Audios/AudioGI.uasset" SILENT=true
[2025.11.24-14.03.46:685][759]LogSavePackage: Moving 'E:/Unreal/Fumec_DevGames/Saved/AudioGI10B4466042D1B729BCAA2B90B1268814.tmp' to 'E:/Unreal/Fumec_DevGames/Content/Audios/AudioGI.uasset'
[2025.11.24-14.03.46:710][759]AssetCheck: New page: Asset Save: AudioGI
[2025.11.24-14.03.46:710][759]LogContentValidation: Display: Validating Blueprint /Game/Audios/AudioGI.AudioGI
[2025.11.24-14.03.47:599][806]LogTemp: Repeating last play command: Selected Viewport
[2025.11.24-14.03.47:607][806]LogPlayLevel: PlayLevel: No blueprints needed recompiling
[2025.11.24-14.03.47:608][806]PIE: New page: PIE session: MainMenu (Nov 24, 2025, 8:03:47 AM)
[2025.11.24-14.03.47:608][806]LogPlayLevel: Creating play world package: /Game/Mapas/Menu/UEDPIE_0_MainMenu
[2025.11.24-14.03.47:609][806]LogPlayLevel: PIE: StaticDuplicateObject took: (0.001632s)
[2025.11.24-14.03.47:610][806]LogAIModule: Creating AISystem for world MainMenu
[2025.11.24-14.03.47:610][806]LogPlayLevel: PIE: World Init took: (0.001209s)
[2025.11.24-14.03.47:610][806]LogPlayLevel: PIE: Created PIE world by copying editor world from /Game/Mapas/Menu/MainMenu.MainMenu to /Game/Mapas/Menu/UEDPIE_0_MainMenu.MainMenu (0.003029s)
[2025.11.24-14.03.47:658][806]LogUObjectHash: Compacting FUObjectHashTables data took   5.19ms
[2025.11.24-14.03.47:659][806]LogScript: Warning: Accessed None trying to read property CallFunc_GetPlayerPawn_ReturnValue
	AudioGI_C /Engine/Transient.UnrealEdEngine_0:AudioGI_C_10
	Function /Game/Audios/AudioGI.AudioGI_C:ExecuteUbergraph_AudioGI:0039
[2025.11.24-14.03.47:659][806]LogScript: Warning: Accessed None trying to read property JBL
	AudioGI_C /Engine/Transient.UnrealEdEngine_0:AudioGI_C_10
	Function /Game/Audios/AudioGI.AudioGI_C:ExecuteUbergraph_AudioGI:00A4
[2025.11.24-14.03.47:659][806]LogAudio: Display: Creating Audio Device:                 Id: 51, Scope: Unique, Realtime: True
[2025.11.24-14.03.47:659][806]LogAudioMixer: Display: Audio Mixer Platform Settings:
[2025.11.24-14.03.47:659][806]LogAudioMixer: Display: 	Sample Rate:						  48000
[2025.11.24-14.03.47:659][806]LogAudioMixer: Display: 	Callback Buffer Frame Size Requested: 1024
[2025.11.24-14.03.47:659][806]LogAudioMixer: Display: 	Callback Buffer Frame Size To Use:	  1024
[2025.11.24-14.03.47:659][806]LogAudioMixer: Display: 	Number of buffers to queue:			  2
[2025.11.24-14.03.47:659][806]LogAudioMixer: Display: 	Max Channels (voices):				  32
[2025.11.24-14.03.47:659][806]LogAudioMixer: Display: 	Number of Async Source Workers:		  0
[2025.11.24-14.03.47:659][806]LogAudio: Display: AudioDevice MaxSources: 32
[2025.11.24-14.03.47:659][806]LogAudio: Display: Audio Spatialization Plugin: None (built-in).
[2025.11.24-14.03.47:659][806]LogAudio: Display: Audio Reverb Plugin: None (built-in).
[2025.11.24-14.03.47:659][806]LogAudio: Display: Audio Occlusion Plugin: None (built-in).
[2025.11.24-14.03.47:659][806]LogAudioMixer: Display: Initializing audio mixer.
[2025.11.24-14.03.47:665][806]LogAudioMixer: Display: 0: FrontLeft
[2025.11.24-14.03.47:665][806]LogAudioMixer: Display: 1: FrontRight
[2025.11.24-14.03.47:674][806]LogAudioMixer: Display: Using Audio Device Alto-falantes (Realtek(R) Audio)
[2025.11.24-14.03.47:674][806]LogAudioMixer: Display: Initializing Sound Submixes...
[2025.11.24-14.03.47:674][806]LogAudioMixer: Display: Creating Master Submix 'MasterSubmixDefault'
[2025.11.24-14.03.47:674][806]LogAudioMixer: Display: Creating Master Submix 'MasterReverbSubmixDefault'
[2025.11.24-14.03.47:675][806]LogAudioMixer: Display: Creating Master Submix 'MasterEQSubmixDefault'
[2025.11.24-14.03.47:675][806]LogAudioMixer: FMixerPlatformXAudio2::StartAudioStream() called
[2025.11.24-14.03.47:675][806]LogAudioMixer: Display: Output buffers initialized: Frames=1024, Channels=2, Samples=2048
[2025.11.24-14.03.47:676][806]LogAudioMixer: Display: Starting AudioMixerPlatformInterface::RunInternal()
[2025.11.24-14.03.47:676][806]LogAudioMixer: Display: FMixerPlatformXAudio2::SubmitBuffer() called for the first time
[2025.11.24-14.03.47:676][806]LogInit: FAudioDevice initialized.
[2025.11.24-14.03.47:677][806]LogAudio: Display: Audio Device (ID: 51) registered with world 'MainMenu'.
[2025.11.24-14.03.47:736][806]LogSlate: Updating window title bar state: overlay mode, drag disabled, window buttons hidden, title bar hidden
[2025.11.24-14.03.47:737][806]LogLoad: Game class is 'GameMode'
[2025.11.24-14.03.47:738][806]LogWorld: Bringing World /Game/Mapas/Menu/UEDPIE_0_MainMenu.MainMenu up for play (max tick rate 60) at 2025.11.24-11.03.47
[2025.11.24-14.03.47:738][806]LogWorld: Bringing up level for play took: 0.000705
[2025.11.24-14.03.47:738][806]LogOnline: OSS: Creating online subsystem instance for: :Context_63
[2025.11.24-14.03.47:740][806]LogGameMode: FindPlayerStart: PATHS NOT DEFINED or NO PLAYERSTART with positive rating
[2025.11.24-14.03.47:742][806]LogGameMode: Display: Match State Changed from EnteringMap to WaitingToStart
[2025.11.24-14.03.47:742][806]LogGameState: Match State Changed from EnteringMap to WaitingToStart
[2025.11.24-14.03.47:742][806]LogGameMode: Display: Match State Changed from WaitingToStart to InProgress
[2025.11.24-14.03.47:743][806]LogScript: Warning: Accessed None trying to read property JBL
	MainMenu_C /Game/Mapas/Menu/UEDPIE_0_MainMenu.MainMenu:PersistentLevel.MainMenu_C_1
	Function /Game/Mapas/Menu/MainMenu.MainMenu_C:ExecuteUbergraph_MainMenu:0092
[2025.11.24-14.03.47:743][806]PIE: Error: Blueprint Runtime Error: "Accessed None trying to read property JBL". Blueprint:  MainMenu Function:  Execute Ubergraph Main Menu Graph:  EventGraph Node:  Set Sound
[2025.11.24-14.03.47:743][806]LogScript: Warning: Accessed None trying to read property JBL
	MainMenu_C /Game/Mapas/Menu/UEDPIE_0_MainMenu.MainMenu:PersistentLevel.MainMenu_C_1
	Function /Game/Mapas/Menu/MainMenu.MainMenu_C:ExecuteUbergraph_MainMenu:00D3
[2025.11.24-14.03.47:743][806]PIE: Error: Blueprint Runtime Error: "Accessed None trying to read property JBL". Blueprint:  MainMenu Function:  Execute Ubergraph Main Menu Graph:  EventGraph Node:  Play
[2025.11.24-14.03.47:743][806]LogScript: Warning: Accessed None trying to read property JBL
	MainMenu_C /Game/Mapas/Menu/UEDPIE_0_MainMenu.MainMenu:PersistentLevel.MainMenu_C_1
	Function /Game/Mapas/Menu/MainMenu.MainMenu_C:ExecuteUbergraph_MainMenu:0114
[2025.11.24-14.03.47:743][806]PIE: Error: Blueprint Runtime Error: "Accessed None trying to read property JBL". Blueprint:  MainMenu Function:  Execute Ubergraph Main Menu Graph:  EventGraph Node:  Fade In
[2025.11.24-14.03.47:743][806]LogGameState: Match State Changed from WaitingToStart to InProgress
[2025.11.24-14.03.47:744][806]PIE: Server logged in
[2025.11.24-14.03.47:745][806]PIE: Play in editor total start time 0.138 seconds.
[2025.11.24-14.03.47:768][807]LogRenderer: Reallocating scene render targets to support 1140x784 Format 10 NumSamples 1 (Frame:1).
[2025.11.24-14.03.51:595][ 30]LogSlate: Window 'ColunaDoendoSamurai Preview [NetMode: Standalone]  (64-bit/Windows) ' being destroyed
[2025.11.24-14.03.51:604][ 30]LogWorld: BeginTearingDown for /Game/Mapas/Menu/UEDPIE_0_MainMenu
[2025.11.24-14.03.51:641][ 30]LogWorld: UWorld::CleanupWorld for MainMenu, bSessionEnded=true, bCleanupResources=true
[2025.11.24-14.03.51:641][ 30]LogSlate: InvalidateAllWidgets triggered.  All widgets were invalidated
[2025.11.24-14.03.51:650][ 30]LogPlayLevel: Display: Shutting down PIE online subsystems
[2025.11.24-14.03.51:658][ 30]LogSlate: InvalidateAllWidgets triggered.  All widgets were invalidated
[2025.11.24-14.03.51:701][ 30]LogAudio: Display: Audio Device unregistered from world 'None'.
[2025.11.24-14.03.51:701][ 30]LogAudioMixer: FMixerPlatformXAudio2::StopAudioStream() called
[2025.11.24-14.03.51:702][ 30]LogAudioMixer: FMixerPlatformXAudio2::StopAudioStream() called
[2025.11.24-14.03.51:711][ 30]LogUObjectHash: Compacting FUObjectHashTables data took   3.96ms
[2025.11.24-14.03.51:821][ 31]LogPlayLevel: Display: Destroying online subsystem :Context_63
[2025.11.24-14.03.54:502][177]LogSlate: Window 'Message Log' being destroyed
[2025.11.24-14.03.54:507][177]LogSlate: Window 'Message Log' being destroyed
[2025.11.24-14.04.05:606][843]LogTemp: Repeating last play command: Selected Viewport
[2025.11.24-14.04.05:613][843]LogPlayLevel: PlayLevel: No blueprints needed recompiling
[2025.11.24-14.04.05:613][843]PIE: New page: PIE session: MainMenu (Nov 24, 2025, 8:04:05 AM)
[2025.11.24-14.04.05:614][843]LogPlayLevel: Creating play world package: /Game/Mapas/Menu/UEDPIE_0_MainMenu
[2025.11.24-14.04.05:615][843]LogPlayLevel: PIE: StaticDuplicateObject took: (0.001354s)
[2025.11.24-14.04.05:616][843]LogAIModule: Creating AISystem for world MainMenu
[2025.11.24-14.04.05:616][843]LogPlayLevel: PIE: World Init took: (0.001200s)
[2025.11.24-14.04.05:616][843]LogPlayLevel: PIE: Created PIE world by copying editor world from /Game/Mapas/Menu/MainMenu.MainMenu to /Game/Mapas/Menu/UEDPIE_0_MainMenu.MainMenu (0.002713s)
[2025.11.24-14.04.05:663][843]LogUObjectHash: Compacting FUObjectHashTables data took   4.58ms
[2025.11.24-14.04.05:666][843]LogScript: Warning: Accessed None trying to read property CallFunc_GetPlayerPawn_ReturnValue
	AudioGI_C /Engine/Transient.UnrealEdEngine_0:AudioGI_C_11
	Function /Game/Audios/AudioGI.AudioGI_C:ExecuteUbergraph_AudioGI:0039
[2025.11.24-14.04.05:666][843]LogScript: Warning: Accessed None trying to read property JBL
	AudioGI_C /Engine/Transient.UnrealEdEngine_0:AudioGI_C_11
	Function /Game/Audios/AudioGI.AudioGI_C:ExecuteUbergraph_AudioGI:00A4
[2025.11.24-14.04.05:666][843]LogAudio: Display: Creating Audio Device:                 Id: 52, Scope: Unique, Realtime: True
[2025.11.24-14.04.05:666][843]LogAudioMixer: Display: Audio Mixer Platform Settings:
[2025.11.24-14.04.05:666][843]LogAudioMixer: Display: 	Sample Rate:						  48000
[2025.11.24-14.04.05:666][843]LogAudioMixer: Display: 	Callback Buffer Frame Size Requested: 1024
[2025.11.24-14.04.05:666][843]LogAudioMixer: Display: 	Callback Buffer Frame Size To Use:	  1024
[2025.11.24-14.04.05:666][843]LogAudioMixer: Display: 	Number of buffers to queue:			  2
[2025.11.24-14.04.05:666][843]LogAudioMixer: Display: 	Max Channels (voices):				  32
[2025.11.24-14.04.05:666][843]LogAudioMixer: Display: 	Number of Async Source Workers:		  0
[2025.11.24-14.04.05:666][843]LogAudio: Display: AudioDevice MaxSources: 32
[2025.11.24-14.04.05:666][843]LogAudio: Display: Audio Spatialization Plugin: None (built-in).
[2025.11.24-14.04.05:666][843]LogAudio: Display: Audio Reverb Plugin: None (built-in).
[2025.11.24-14.04.05:667][843]LogAudio: Display: Audio Occlusion Plugin: None (built-in).
[2025.11.24-14.04.05:667][843]LogAudioMixer: Display: Initializing audio mixer.
[2025.11.24-14.04.05:673][843]LogAudioMixer: Display: 0: FrontLeft
[2025.11.24-14.04.05:673][843]LogAudioMixer: Display: 1: FrontRight
[2025.11.24-14.04.05:680][843]LogAudioMixer: Display: Using Audio Device Alto-falantes (Realtek(R) Audio)
[2025.11.24-14.04.05:680][843]LogAudioMixer: Display: Initializing Sound Submixes...
[2025.11.24-14.04.05:680][843]LogAudioMixer: Display: Creating Master Submix 'MasterSubmixDefault'
[2025.11.24-14.04.05:680][843]LogAudioMixer: Display: Creating Master Submix 'MasterReverbSubmixDefault'
[2025.11.24-14.04.05:682][843]LogAudioMixer: Display: Creating Master Submix 'MasterEQSubmixDefault'
[2025.11.24-14.04.05:682][843]LogAudioMixer: FMixerPlatformXAudio2::StartAudioStream() called
[2025.11.24-14.04.05:682][843]LogAudioMixer: Display: Output buffers initialized: Frames=1024, Channels=2, Samples=2048
[2025.11.24-14.04.05:684][843]LogAudioMixer: Display: Starting AudioMixerPlatformInterface::RunInternal()
[2025.11.24-14.04.05:684][843]LogAudioMixer: Display: FMixerPlatformXAudio2::SubmitBuffer() called for the first time
[2025.11.24-14.04.05:684][843]LogInit: FAudioDevice initialized.
[2025.11.24-14.04.05:684][843]LogAudio: Display: Audio Device (ID: 52) registered with world 'MainMenu'.
[2025.11.24-14.04.05:696][843]LogLoad: Game class is 'GameMode'
[2025.11.24-14.04.05:697][843]LogWorld: Bringing World /Game/Mapas/Menu/UEDPIE_0_MainMenu.MainMenu up for play (max tick rate 60) at 2025.11.24-11.04.05
[2025.11.24-14.04.05:698][843]LogWorld: Bringing up level for play took: 0.000437
[2025.11.24-14.04.05:698][843]LogOnline: OSS: Creating online subsystem instance for: :Context_64
[2025.11.24-14.04.05:700][843]LogGameMode: Display: Match State Changed from EnteringMap to WaitingToStart
[2025.11.24-14.04.05:700][843]LogGameState: Match State Changed from EnteringMap to WaitingToStart
[2025.11.24-14.04.05:700][843]LogGameMode: Display: Match State Changed from WaitingToStart to InProgress
[2025.11.24-14.04.05:700][843]LogScript: Warning: Accessed None trying to read property JBL
	MainMenu_C /Game/Mapas/Menu/UEDPIE_0_MainMenu.MainMenu:PersistentLevel.MainMenu_C_1
	Function /Game/Mapas/Menu/MainMenu.MainMenu_C:ExecuteUbergraph_MainMenu:0092
[2025.11.24-14.04.05:701][843]PIE: Error: Blueprint Runtime Error: "Accessed None trying to read property JBL". Blueprint:  MainMenu Function:  Execute Ubergraph Main Menu Graph:  EventGraph Node:  Set Sound
[2025.11.24-14.04.05:701][843]LogScript: Warning: Accessed None trying to read property JBL
	MainMenu_C /Game/Mapas/Menu/UEDPIE_0_MainMenu.MainMenu:PersistentLevel.MainMenu_C_1
	Function /Game/Mapas/Menu/MainMenu.MainMenu_C:ExecuteUbergraph_MainMenu:00D3
[2025.11.24-14.04.05:701][843]PIE: Error: Blueprint Runtime Error: "Accessed None trying to read property JBL". Blueprint:  MainMenu Function:  Execute Ubergraph Main Menu Graph:  EventGraph Node:  Play
[2025.11.24-14.04.05:701][843]LogScript: Warning: Accessed None trying to read property JBL
	MainMenu_C /Game/Mapas/Menu/UEDPIE_0_MainMenu.MainMenu:PersistentLevel.MainMenu_C_1
	Function /Game/Mapas/Menu/MainMenu.MainMenu_C:ExecuteUbergraph_MainMenu:0114
[2025.11.24-14.04.05:701][843]PIE: Error: Blueprint Runtime Error: "Accessed None trying to read property JBL". Blueprint:  MainMenu Function:  Execute Ubergraph Main Menu Graph:  EventGraph Node:  Fade In
[2025.11.24-14.04.05:701][843]LogGameState: Match State Changed from WaitingToStart to InProgress
[2025.11.24-14.04.05:701][843]PIE: Server logged in
[2025.11.24-14.04.05:702][843]PIE: Play in editor total start time 0.09 seconds.
[2025.11.24-14.04.09:082][ 43]LogSlate: Updating window title bar state: overlay mode, drag disabled, window buttons hidden, title bar hidden
[2025.11.24-14.04.09:082][ 43]LogWorld: BeginTearingDown for /Game/Mapas/Menu/UEDPIE_0_MainMenu
[2025.11.24-14.04.09:082][ 43]LogWorld: UWorld::CleanupWorld for MainMenu, bSessionEnded=true, bCleanupResources=true
[2025.11.24-14.04.09:082][ 43]LogSlate: InvalidateAllWidgets triggered.  All widgets were invalidated
[2025.11.24-14.04.09:096][ 43]LogPlayLevel: Display: Shutting down PIE online subsystems
[2025.11.24-14.04.09:104][ 43]LogSlate: InvalidateAllWidgets triggered.  All widgets were invalidated
[2025.11.24-14.04.09:147][ 43]LogSlate: Updating window title bar state: overlay mode, drag disabled, window buttons hidden, title bar hidden
[2025.11.24-14.04.09:147][ 43]LogAudioMixer: FMixerPlatformXAudio2::StopAudioStream() called
[2025.11.24-14.04.09:148][ 43]LogAudioMixer: FMixerPlatformXAudio2::StopAudioStream() called
[2025.11.24-14.04.09:155][ 43]LogUObjectHash: Compacting FUObjectHashTables data took   3.73ms
[2025.11.24-14.04.09:248][ 44]LogPlayLevel: Display: Destroying online subsystem :Context_64
[2025.11.24-14.04.10:653][115]LogSlate: Window 'Message Log' being destroyed
[2025.11.24-14.04.10:659][115]LogSlate: Window 'Message Log' being destroyed
[2025.11.24-14.04.50:722][105]BlueprintLog: New page: Compile AudioGI
[2025.11.24-14.04.50:780][105]LogUObjectHash: Compacting FUObjectHashTables data took   4.15ms
[2025.11.24-14.04.50:835][105]Cmd: OBJ SAVEPACKAGE PACKAGE="/Game/Audios/AudioGI" FILE="E:/Unreal/Fumec_DevGames/Content/Audios/AudioGI.uasset" SILENT=true
[2025.11.24-14.04.50:842][105]LogSavePackage: Moving 'E:/Unreal/Fumec_DevGames/Saved/AudioGI320ED48F4F0B5579436914A9DCEBF832.tmp' to 'E:/Unreal/Fumec_DevGames/Content/Audios/AudioGI.uasset'
[2025.11.24-14.04.50:866][105]AssetCheck: New page: Asset Save: AudioGI
[2025.11.24-14.04.50:866][105]LogContentValidation: Display: Validating Blueprint /Game/Audios/AudioGI.AudioGI
[2025.11.24-14.04.52:123][133]LogTemp: Repeating last play command: Selected Viewport
[2025.11.24-14.04.52:132][133]LogPlayLevel: PlayLevel: No blueprints needed recompiling
[2025.11.24-14.04.52:132][133]PIE: New page: PIE session: MainMenu (Nov 24, 2025, 8:04:52 AM)
[2025.11.24-14.04.52:132][133]LogPlayLevel: Creating play world package: /Game/Mapas/Menu/UEDPIE_0_MainMenu
[2025.11.24-14.04.52:134][133]LogPlayLevel: PIE: StaticDuplicateObject took: (0.001404s)
[2025.11.24-14.04.52:135][133]LogAIModule: Creating AISystem for world MainMenu
[2025.11.24-14.04.52:135][133]LogPlayLevel: PIE: World Init took: (0.001199s)
[2025.11.24-14.04.52:135][133]LogPlayLevel: PIE: Created PIE world by copying editor world from /Game/Mapas/Menu/MainMenu.MainMenu to /Game/Mapas/Menu/UEDPIE_0_MainMenu.MainMenu (0.002764s)
[2025.11.24-14.04.52:183][133]LogUObjectHash: Compacting FUObjectHashTables data took   5.20ms
[2025.11.24-14.04.52:183][133]LogScript: Warning: Accessed None trying to read property CallFunc_GetPlayerPawn_ReturnValue
	AudioGI_C /Engine/Transient.UnrealEdEngine_0:AudioGI_C_12
	Function /Game/Audios/AudioGI.AudioGI_C:ExecuteUbergraph_AudioGI:0039
[2025.11.24-14.04.52:183][133]LogScript: Warning: Accessed None trying to read property JBL
	AudioGI_C /Engine/Transient.UnrealEdEngine_0:AudioGI_C_12
	Function /Game/Audios/AudioGI.AudioGI_C:ExecuteUbergraph_AudioGI:00A4
[2025.11.24-14.04.52:183][133]LogScript: Warning: Accessed None trying to read property JBL
	AudioGI_C /Engine/Transient.UnrealEdEngine_0:AudioGI_C_12
	Function /Game/Audios/AudioGI.AudioGI_C:ExecuteUbergraph_AudioGI:00CF
[2025.11.24-14.04.52:183][133]LogAudio: Display: Creating Audio Device:                 Id: 53, Scope: Unique, Realtime: True
[2025.11.24-14.04.52:183][133]LogAudioMixer: Display: Audio Mixer Platform Settings:
[2025.11.24-14.04.52:183][133]LogAudioMixer: Display: 	Sample Rate:						  48000
[2025.11.24-14.04.52:183][133]LogAudioMixer: Display: 	Callback Buffer Frame Size Requested: 1024
[2025.11.24-14.04.52:183][133]LogAudioMixer: Display: 	Callback Buffer Frame Size To Use:	  1024
[2025.11.24-14.04.52:183][133]LogAudioMixer: Display: 	Number of buffers to queue:			  2
[2025.11.24-14.04.52:183][133]LogAudioMixer: Display: 	Max Channels (voices):				  32
[2025.11.24-14.04.52:183][133]LogAudioMixer: Display: 	Number of Async Source Workers:		  0
[2025.11.24-14.04.52:183][133]LogAudio: Display: AudioDevice MaxSources: 32
[2025.11.24-14.04.52:185][133]LogAudio: Display: Audio Spatialization Plugin: None (built-in).
[2025.11.24-14.04.52:185][133]LogAudio: Display: Audio Reverb Plugin: None (built-in).
[2025.11.24-14.04.52:185][133]LogAudio: Display: Audio Occlusion Plugin: None (built-in).
[2025.11.24-14.04.52:185][133]LogAudioMixer: Display: Initializing audio mixer.
[2025.11.24-14.04.52:190][133]LogAudioMixer: Display: 0: FrontLeft
[2025.11.24-14.04.52:191][133]LogAudioMixer: Display: 1: FrontRight
[2025.11.24-14.04.52:199][133]LogAudioMixer: Display: Using Audio Device Alto-falantes (Realtek(R) Audio)
[2025.11.24-14.04.52:200][133]LogAudioMixer: Display: Initializing Sound Submixes...
[2025.11.24-14.04.52:200][133]LogAudioMixer: Display: Creating Master Submix 'MasterSubmixDefault'
[2025.11.24-14.04.52:200][133]LogAudioMixer: Display: Creating Master Submix 'MasterReverbSubmixDefault'
[2025.11.24-14.04.52:200][133]LogAudioMixer: Display: Creating Master Submix 'MasterEQSubmixDefault'
[2025.11.24-14.04.52:201][133]LogAudioMixer: FMixerPlatformXAudio2::StartAudioStream() called
[2025.11.24-14.04.52:201][133]LogAudioMixer: Display: Output buffers initialized: Frames=1024, Channels=2, Samples=2048
[2025.11.24-14.04.52:202][133]LogAudioMixer: Display: Starting AudioMixerPlatformInterface::RunInternal()
[2025.11.24-14.04.52:202][133]LogAudioMixer: Display: FMixerPlatformXAudio2::SubmitBuffer() called for the first time
[2025.11.24-14.04.52:202][133]LogInit: FAudioDevice initialized.
[2025.11.24-14.04.52:202][133]LogAudio: Display: Audio Device (ID: 53) registered with world 'MainMenu'.
[2025.11.24-14.04.52:260][133]LogSlate: Updating window title bar state: overlay mode, drag disabled, window buttons hidden, title bar hidden
[2025.11.24-14.04.52:261][133]LogLoad: Game class is 'GameMode'
[2025.11.24-14.04.52:262][133]LogWorld: Bringing World /Game/Mapas/Menu/UEDPIE_0_MainMenu.MainMenu up for play (max tick rate 60) at 2025.11.24-11.04.52
[2025.11.24-14.04.52:262][133]LogWorld: Bringing up level for play took: 0.000742
[2025.11.24-14.04.52:263][133]LogOnline: OSS: Creating online subsystem instance for: :Context_65
[2025.11.24-14.04.52:264][133]LogGameMode: FindPlayerStart: PATHS NOT DEFINED or NO PLAYERSTART with positive rating
[2025.11.24-14.04.52:265][133]LogGameMode: Display: Match State Changed from EnteringMap to WaitingToStart
[2025.11.24-14.04.52:265][133]LogGameState: Match State Changed from EnteringMap to WaitingToStart
[2025.11.24-14.04.52:265][133]LogGameMode: Display: Match State Changed from WaitingToStart to InProgress
[2025.11.24-14.04.52:266][133]LogScript: Warning: Accessed None trying to read property JBL
	MainMenu_C /Game/Mapas/Menu/UEDPIE_0_MainMenu.MainMenu:PersistentLevel.MainMenu_C_1
	Function /Game/Mapas/Menu/MainMenu.MainMenu_C:ExecuteUbergraph_MainMenu:0092
[2025.11.24-14.04.52:266][133]PIE: Error: Blueprint Runtime Error: "Accessed None trying to read property JBL". Blueprint:  MainMenu Function:  Execute Ubergraph Main Menu Graph:  EventGraph Node:  Set Sound
[2025.11.24-14.04.52:266][133]LogScript: Warning: Accessed None trying to read property JBL
	MainMenu_C /Game/Mapas/Menu/UEDPIE_0_MainMenu.MainMenu:PersistentLevel.MainMenu_C_1
	Function /Game/Mapas/Menu/MainMenu.MainMenu_C:ExecuteUbergraph_MainMenu:00D3
[2025.11.24-14.04.52:266][133]PIE: Error: Blueprint Runtime Error: "Accessed None trying to read property JBL". Blueprint:  MainMenu Function:  Execute Ubergraph Main Menu Graph:  EventGraph Node:  Play
[2025.11.24-14.04.52:266][133]LogScript: Warning: Accessed None trying to read property JBL
	MainMenu_C /Game/Mapas/Menu/UEDPIE_0_MainMenu.MainMenu:PersistentLevel.MainMenu_C_1
	Function /Game/Mapas/Menu/MainMenu.MainMenu_C:ExecuteUbergraph_MainMenu:0114
[2025.11.24-14.04.52:266][133]PIE: Error: Blueprint Runtime Error: "Accessed None trying to read property JBL". Blueprint:  MainMenu Function:  Execute Ubergraph Main Menu Graph:  EventGraph Node:  Fade In
[2025.11.24-14.04.52:267][133]LogGameState: Match State Changed from WaitingToStart to InProgress
[2025.11.24-14.04.52:267][133]PIE: Server logged in
[2025.11.24-14.04.52:268][133]PIE: Play in editor total start time 0.138 seconds.
[2025.11.24-14.04.58:414][493]LogSlate: Window 'ColunaDoendoSamurai Preview [NetMode: Standalone]  (64-bit/Windows) ' being destroyed
[2025.11.24-14.04.58:423][493]LogWorld: BeginTearingDown for /Game/Mapas/Menu/UEDPIE_0_MainMenu
[2025.11.24-14.04.58:423][493]LogWorld: UWorld::CleanupWorld for MainMenu, bSessionEnded=true, bCleanupResources=true
[2025.11.24-14.04.58:424][493]LogSlate: InvalidateAllWidgets triggered.  All widgets were invalidated
[2025.11.24-14.04.58:437][493]LogPlayLevel: Display: Shutting down PIE online subsystems
[2025.11.24-14.04.58:446][493]LogSlate: InvalidateAllWidgets triggered.  All widgets were invalidated
[2025.11.24-14.04.58:486][493]LogAudio: Display: Audio Device unregistered from world 'None'.
[2025.11.24-14.04.58:486][493]LogAudioMixer: FMixerPlatformXAudio2::StopAudioStream() called
[2025.11.24-14.04.58:487][493]LogAudioMixer: FMixerPlatformXAudio2::StopAudioStream() called
[2025.11.24-14.04.58:496][493]LogUObjectHash: Compacting FUObjectHashTables data took   3.83ms
[2025.11.24-14.04.58:627][494]LogPlayLevel: Display: Destroying online subsystem :Context_65
[2025.11.24-14.05.01:443][648]LogSlate: Window 'Message Log' being destroyed
[2025.11.24-14.05.01:448][648]LogSlate: Window 'Message Log' being destroyed
[2025.11.24-14.06.24:721][ 49]Cmd: OBJ SAVEPACKAGE PACKAGE="/Game/Audios/AudioGI" FILE="E:/Unreal/Fumec_DevGames/Content/Audios/AudioGI.uasset" SILENT=true
[2025.11.24-14.06.24:726][ 49]LogSavePackage: Moving 'E:/Unreal/Fumec_DevGames/Saved/AudioGI17F0E4CF4A333BB4FB5B77A1D8A4AEE2.tmp' to 'E:/Unreal/Fumec_DevGames/Content/Audios/AudioGI.uasset'
[2025.11.24-14.06.24:747][ 49]AssetCheck: New page: Asset Save: AudioGI
[2025.11.24-14.06.24:747][ 49]LogContentValidation: Display: Validating Blueprint /Game/Audios/AudioGI.AudioGI
[2025.11.24-14.06.25:540][ 95]BlueprintLog: New page: Compile AudioGI
[2025.11.24-14.06.25:593][ 95]LogUObjectHash: Compacting FUObjectHashTables data took   5.33ms
[2025.11.24-14.06.26:424][139]LogTemp: Repeating last play command: Selected Viewport
[2025.11.24-14.06.26:432][139]LogPlayLevel: PlayLevel: No blueprints needed recompiling
[2025.11.24-14.06.26:432][139]PIE: New page: PIE session: MainMenu (Nov 24, 2025, 8:06:26 AM)
[2025.11.24-14.06.26:432][139]LogPlayLevel: Creating play world package: /Game/Mapas/Menu/UEDPIE_0_MainMenu
[2025.11.24-14.06.26:433][139]LogPlayLevel: PIE: StaticDuplicateObject took: (0.001389s)
[2025.11.24-14.06.26:434][139]LogAIModule: Creating AISystem for world MainMenu
[2025.11.24-14.06.26:435][139]LogPlayLevel: PIE: World Init took: (0.001176s)
[2025.11.24-14.06.26:435][139]LogPlayLevel: PIE: Created PIE world by copying editor world from /Game/Mapas/Menu/MainMenu.MainMenu to /Game/Mapas/Menu/UEDPIE_0_MainMenu.MainMenu (0.002741s)
[2025.11.24-14.06.26:482][139]LogUObjectHash: Compacting FUObjectHashTables data took   5.15ms
[2025.11.24-14.06.26:482][139]LogAudio: Display: Creating Audio Device:                 Id: 54, Scope: Unique, Realtime: True
[2025.11.24-14.06.26:482][139]LogAudioMixer: Display: Audio Mixer Platform Settings:
[2025.11.24-14.06.26:482][139]LogAudioMixer: Display: 	Sample Rate:						  48000
[2025.11.24-14.06.26:482][139]LogAudioMixer: Display: 	Callback Buffer Frame Size Requested: 1024
[2025.11.24-14.06.26:482][139]LogAudioMixer: Display: 	Callback Buffer Frame Size To Use:	  1024
[2025.11.24-14.06.26:482][139]LogAudioMixer: Display: 	Number of buffers to queue:			  2
[2025.11.24-14.06.26:482][139]LogAudioMixer: Display: 	Max Channels (voices):				  32
[2025.11.24-14.06.26:482][139]LogAudioMixer: Display: 	Number of Async Source Workers:		  0
[2025.11.24-14.06.26:482][139]LogAudio: Display: AudioDevice MaxSources: 32
[2025.11.24-14.06.26:483][139]LogAudio: Display: Audio Spatialization Plugin: None (built-in).
[2025.11.24-14.06.26:483][139]LogAudio: Display: Audio Reverb Plugin: None (built-in).
[2025.11.24-14.06.26:483][139]LogAudio: Display: Audio Occlusion Plugin: None (built-in).
[2025.11.24-14.06.26:483][139]LogAudioMixer: Display: Initializing audio mixer.
[2025.11.24-14.06.26:489][139]LogAudioMixer: Display: 0: FrontLeft
[2025.11.24-14.06.26:489][139]LogAudioMixer: Display: 1: FrontRight
[2025.11.24-14.06.26:497][139]LogAudioMixer: Display: Using Audio Device Alto-falantes (Realtek(R) Audio)
[2025.11.24-14.06.26:499][139]LogAudioMixer: Display: Initializing Sound Submixes...
[2025.11.24-14.06.26:499][139]LogAudioMixer: Display: Creating Master Submix 'MasterSubmixDefault'
[2025.11.24-14.06.26:499][139]LogAudioMixer: Display: Creating Master Submix 'MasterReverbSubmixDefault'
[2025.11.24-14.06.26:499][139]LogAudioMixer: Display: Creating Master Submix 'MasterEQSubmixDefault'
[2025.11.24-14.06.26:499][139]LogAudioMixer: FMixerPlatformXAudio2::StartAudioStream() called
[2025.11.24-14.06.26:499][139]LogAudioMixer: Display: Output buffers initialized: Frames=1024, Channels=2, Samples=2048
[2025.11.24-14.06.26:501][139]LogAudioMixer: Display: Starting AudioMixerPlatformInterface::RunInternal()
[2025.11.24-14.06.26:501][139]LogAudioMixer: Display: FMixerPlatformXAudio2::SubmitBuffer() called for the first time
[2025.11.24-14.06.26:501][139]LogInit: FAudioDevice initialized.
[2025.11.24-14.06.26:501][139]LogAudio: Display: Audio Device (ID: 54) registered with world 'MainMenu'.
[2025.11.24-14.06.26:562][139]LogSlate: Updating window title bar state: overlay mode, drag disabled, window buttons hidden, title bar hidden
[2025.11.24-14.06.26:562][139]LogLoad: Game class is 'GameMode'
[2025.11.24-14.06.26:563][139]LogWorld: Bringing World /Game/Mapas/Menu/UEDPIE_0_MainMenu.MainMenu up for play (max tick rate 60) at 2025.11.24-11.06.26
[2025.11.24-14.06.26:563][139]LogWorld: Bringing up level for play took: 0.000628
[2025.11.24-14.06.26:564][139]LogOnline: OSS: Creating online subsystem instance for: :Context_66
[2025.11.24-14.06.26:566][139]LogGameMode: FindPlayerStart: PATHS NOT DEFINED or NO PLAYERSTART with positive rating
[2025.11.24-14.06.26:566][139]LogGameMode: Display: Match State Changed from EnteringMap to WaitingToStart
[2025.11.24-14.06.26:566][139]LogGameState: Match State Changed from EnteringMap to WaitingToStart
[2025.11.24-14.06.26:566][139]LogGameMode: Display: Match State Changed from WaitingToStart to InProgress
[2025.11.24-14.06.26:567][139]LogScript: Warning: Accessed None trying to read property JBL
	MainMenu_C /Game/Mapas/Menu/UEDPIE_0_MainMenu.MainMenu:PersistentLevel.MainMenu_C_1
	Function /Game/Mapas/Menu/MainMenu.MainMenu_C:ExecuteUbergraph_MainMenu:0092
[2025.11.24-14.06.26:567][139]PIE: Error: Blueprint Runtime Error: "Accessed None trying to read property JBL". Blueprint:  MainMenu Function:  Execute Ubergraph Main Menu Graph:  EventGraph Node:  Set Sound
[2025.11.24-14.06.26:567][139]PIE: Error: Blueprint Runtime Error: "Accessed None trying to read property JBL". Blueprint:  MainMenu Function:  Execute Ubergraph Main Menu Graph:  EventGraph Node:  Play
[2025.11.24-14.06.26:567][139]PIE: Error: Blueprint Runtime Error: "Accessed None trying to read property JBL". Blueprint:  MainMenu Function:  Execute Ubergraph Main Menu Graph:  EventGraph Node:  Fade In
[2025.11.24-14.06.26:567][139]LogGameState: Match State Changed from WaitingToStart to InProgress
[2025.11.24-14.06.26:569][139]PIE: Server logged in
[2025.11.24-14.06.26:570][139]PIE: Play in editor total start time 0.139 seconds.
[2025.11.24-14.06.26:592][140]LogRenderer: Reallocating scene render targets to support 1144x784 Format 10 NumSamples 1 (Frame:1).
[2025.11.24-14.06.31:131][408]LogSlate: Updating window title bar state: overlay mode, drag disabled, window buttons hidden, title bar hidden
[2025.11.24-14.06.31:131][408]LogWorld: BeginTearingDown for /Game/Mapas/Menu/UEDPIE_0_MainMenu
[2025.11.24-14.06.31:132][408]LogSlate: Window 'ColunaDoendoSamurai Preview [NetMode: Standalone]  (64-bit/Windows) ' being destroyed
[2025.11.24-14.06.31:140][408]LogWorld: UWorld::CleanupWorld for MainMenu, bSessionEnded=true, bCleanupResources=true
[2025.11.24-14.06.31:140][408]LogSlate: InvalidateAllWidgets triggered.  All widgets were invalidated
[2025.11.24-14.06.31:150][408]LogPlayLevel: Display: Shutting down PIE online subsystems
[2025.11.24-14.06.31:158][408]LogSlate: InvalidateAllWidgets triggered.  All widgets were invalidated
[2025.11.24-14.06.31:200][408]LogAudio: Display: Audio Device unregistered from world 'None'.
[2025.11.24-14.06.31:200][408]LogAudioMixer: FMixerPlatformXAudio2::StopAudioStream() called
[2025.11.24-14.06.31:202][408]LogAudioMixer: FMixerPlatformXAudio2::StopAudioStream() called
[2025.11.24-14.06.31:210][408]LogUObjectHash: Compacting FUObjectHashTables data took   4.01ms
[2025.11.24-14.06.31:323][409]LogPlayLevel: Display: Destroying online subsystem :Context_66
[2025.11.24-14.06.36:410][700]LogSlate: Window 'Message Log' being destroyed
[2025.11.24-14.06.36:416][700]LogSlate: Window 'Message Log' being destroyed
[2025.11.24-14.06.45:131][206]BlueprintLog: New page: Compile AudioGI
[2025.11.24-14.06.45:180][206]LogUObjectHash: Compacting FUObjectHashTables data took   4.15ms
[2025.11.24-14.06.45:232][206]Cmd: OBJ SAVEPACKAGE PACKAGE="/Game/Audios/AudioGI" FILE="E:/Unreal/Fumec_DevGames/Content/Audios/AudioGI.uasset" SILENT=true
[2025.11.24-14.06.45:238][206]LogSavePackage: Moving 'E:/Unreal/Fumec_DevGames/Saved/AudioGI370B5B43439B04EB20C1AE85248AF3F9.tmp' to 'E:/Unreal/Fumec_DevGames/Content/Audios/AudioGI.uasset'
[2025.11.24-14.06.45:264][206]AssetCheck: New page: Asset Save: AudioGI
[2025.11.24-14.06.45:264][206]LogContentValidation: Display: Validating Blueprint /Game/Audios/AudioGI.AudioGI
[2025.11.24-14.06.45:931][246]LogTemp: Repeating last play command: Selected Viewport
[2025.11.24-14.06.45:939][246]LogPlayLevel: PlayLevel: No blueprints needed recompiling
[2025.11.24-14.06.45:939][246]PIE: New page: PIE session: MainMenu (Nov 24, 2025, 8:06:45 AM)
[2025.11.24-14.06.45:939][246]LogPlayLevel: Creating play world package: /Game/Mapas/Menu/UEDPIE_0_MainMenu
[2025.11.24-14.06.45:941][246]LogPlayLevel: PIE: StaticDuplicateObject took: (0.001401s)
[2025.11.24-14.06.45:942][246]LogAIModule: Creating AISystem for world MainMenu
[2025.11.24-14.06.45:942][246]LogPlayLevel: PIE: World Init took: (0.001148s)
[2025.11.24-14.06.45:942][246]LogPlayLevel: PIE: Created PIE world by copying editor world from /Game/Mapas/Menu/MainMenu.MainMenu to /Game/Mapas/Menu/UEDPIE_0_MainMenu.MainMenu (0.002710s)
[2025.11.24-14.06.45:989][246]LogUObjectHash: Compacting FUObjectHashTables data took   5.10ms
[2025.11.24-14.06.45:990][246]LogAudio: Display: Creating Audio Device:                 Id: 55, Scope: Unique, Realtime: True
[2025.11.24-14.06.45:990][246]LogAudioMixer: Display: Audio Mixer Platform Settings:
[2025.11.24-14.06.45:990][246]LogAudioMixer: Display: 	Sample Rate:						  48000
[2025.11.24-14.06.45:990][246]LogAudioMixer: Display: 	Callback Buffer Frame Size Requested: 1024
[2025.11.24-14.06.45:990][246]LogAudioMixer: Display: 	Callback Buffer Frame Size To Use:	  1024
[2025.11.24-14.06.45:990][246]LogAudioMixer: Display: 	Number of buffers to queue:			  2
[2025.11.24-14.06.45:990][246]LogAudioMixer: Display: 	Max Channels (voices):				  32
[2025.11.24-14.06.45:990][246]LogAudioMixer: Display: 	Number of Async Source Workers:		  0
[2025.11.24-14.06.45:990][246]LogAudio: Display: AudioDevice MaxSources: 32
[2025.11.24-14.06.45:990][246]LogAudio: Display: Audio Spatialization Plugin: None (built-in).
[2025.11.24-14.06.45:991][246]LogAudio: Display: Audio Reverb Plugin: None (built-in).
[2025.11.24-14.06.45:991][246]LogAudio: Display: Audio Occlusion Plugin: None (built-in).
[2025.11.24-14.06.45:991][246]LogAudioMixer: Display: Initializing audio mixer.
[2025.11.24-14.06.45:996][246]LogAudioMixer: Display: 0: FrontLeft
[2025.11.24-14.06.45:996][246]LogAudioMixer: Display: 1: FrontRight
[2025.11.24-14.06.46:003][246]LogAudioMixer: Display: Using Audio Device Alto-falantes (Realtek(R) Audio)
[2025.11.24-14.06.46:004][246]LogAudioMixer: Display: Initializing Sound Submixes...
[2025.11.24-14.06.46:004][246]LogAudioMixer: Display: Creating Master Submix 'MasterSubmixDefault'
[2025.11.24-14.06.46:004][246]LogAudioMixer: Display: Creating Master Submix 'MasterReverbSubmixDefault'
[2025.11.24-14.06.46:004][246]LogAudioMixer: Display: Creating Master Submix 'MasterEQSubmixDefault'
[2025.11.24-14.06.46:006][246]LogAudioMixer: FMixerPlatformXAudio2::StartAudioStream() called
[2025.11.24-14.06.46:006][246]LogAudioMixer: Display: Output buffers initialized: Frames=1024, Channels=2, Samples=2048
[2025.11.24-14.06.46:007][246]LogAudioMixer: Display: Starting AudioMixerPlatformInterface::RunInternal()
[2025.11.24-14.06.46:007][246]LogAudioMixer: Display: FMixerPlatformXAudio2::SubmitBuffer() called for the first time
[2025.11.24-14.06.46:007][246]LogInit: FAudioDevice initialized.
[2025.11.24-14.06.46:007][246]LogAudio: Display: Audio Device (ID: 55) registered with world 'MainMenu'.
[2025.11.24-14.06.46:053][246]LogSlate: Updating window title bar state: overlay mode, drag disabled, window buttons hidden, title bar hidden
[2025.11.24-14.06.46:053][246]LogLoad: Game class is 'GameMode'
[2025.11.24-14.06.46:054][246]LogWorld: Bringing World /Game/Mapas/Menu/UEDPIE_0_MainMenu.MainMenu up for play (max tick rate 60) at 2025.11.24-11.06.46
[2025.11.24-14.06.46:054][246]LogWorld: Bringing up level for play took: 0.000644
[2025.11.24-14.06.46:054][246]LogOnline: OSS: Creating online subsystem instance for: :Context_67
[2025.11.24-14.06.46:058][246]LogGameMode: FindPlayerStart: PATHS NOT DEFINED or NO PLAYERSTART with positive rating
[2025.11.24-14.06.46:058][246]LogGameMode: Display: Match State Changed from EnteringMap to WaitingToStart
[2025.11.24-14.06.46:058][246]LogGameState: Match State Changed from EnteringMap to WaitingToStart
[2025.11.24-14.06.46:058][246]LogGameMode: Display: Match State Changed from WaitingToStart to InProgress
[2025.11.24-14.06.46:059][246]LogGameState: Match State Changed from WaitingToStart to InProgress
[2025.11.24-14.06.46:060][246]PIE: Server logged in
[2025.11.24-14.06.46:061][246]PIE: Play in editor total start time 0.123 seconds.
[2025.11.24-14.06.51:105][546]LogSlate: Window 'ColunaDoendoSamurai Preview [NetMode: Standalone]  (64-bit/Windows) ' being destroyed
[2025.11.24-14.06.51:115][546]LogWorld: BeginTearingDown for /Game/Mapas/Menu/UEDPIE_0_MainMenu
[2025.11.24-14.06.51:150][546]LogWorld: UWorld::CleanupWorld for MainMenu, bSessionEnded=true, bCleanupResources=true
[2025.11.24-14.06.51:150][546]LogSlate: InvalidateAllWidgets triggered.  All widgets were invalidated
[2025.11.24-14.06.51:158][546]LogPlayLevel: Display: Shutting down PIE online subsystems
[2025.11.24-14.06.51:167][546]LogSlate: InvalidateAllWidgets triggered.  All widgets were invalidated
[2025.11.24-14.06.51:211][546]LogAudioMixer: FMixerPlatformXAudio2::StopAudioStream() called
[2025.11.24-14.06.51:212][546]LogAudioMixer: FMixerPlatformXAudio2::StopAudioStream() called
[2025.11.24-14.06.51:220][546]LogUObjectHash: Compacting FUObjectHashTables data took   4.12ms
[2025.11.24-14.06.51:245][547]LogPlayLevel: Display: Destroying online subsystem :Context_67
[2025.11.24-14.06.55:706][814]LogTemp: Repeating last play command: Selected Viewport
[2025.11.24-14.06.55:714][814]LogPlayLevel: PlayLevel: No blueprints needed recompiling
[2025.11.24-14.06.55:714][814]PIE: New page: PIE session: MainMenu (Nov 24, 2025, 8:06:55 AM)
[2025.11.24-14.06.55:714][814]LogPlayLevel: Creating play world package: /Game/Mapas/Menu/UEDPIE_0_MainMenu
[2025.11.24-14.06.55:716][814]LogPlayLevel: PIE: StaticDuplicateObject took: (0.002043s)
[2025.11.24-14.06.55:717][814]LogAIModule: Creating AISystem for world MainMenu
[2025.11.24-14.06.55:718][814]LogPlayLevel: PIE: World Init took: (0.001409s)
[2025.11.24-14.06.55:718][814]LogPlayLevel: PIE: Created PIE world by copying editor world from /Game/Mapas/Menu/MainMenu.MainMenu to /Game/Mapas/Menu/UEDPIE_0_MainMenu.MainMenu (0.003673s)
[2025.11.24-14.06.55:764][814]LogUObjectHash: Compacting FUObjectHashTables data took   3.70ms
[2025.11.24-14.06.55:765][814]LogAudio: Display: Creating Audio Device:                 Id: 56, Scope: Unique, Realtime: True
[2025.11.24-14.06.55:765][814]LogAudioMixer: Display: Audio Mixer Platform Settings:
[2025.11.24-14.06.55:765][814]LogAudioMixer: Display: 	Sample Rate:						  48000
[2025.11.24-14.06.55:765][814]LogAudioMixer: Display: 	Callback Buffer Frame Size Requested: 1024
[2025.11.24-14.06.55:765][814]LogAudioMixer: Display: 	Callback Buffer Frame Size To Use:	  1024
[2025.11.24-14.06.55:765][814]LogAudioMixer: Display: 	Number of buffers to queue:			  2
[2025.11.24-14.06.55:765][814]LogAudioMixer: Display: 	Max Channels (voices):				  32
[2025.11.24-14.06.55:765][814]LogAudioMixer: Display: 	Number of Async Source Workers:		  0
[2025.11.24-14.06.55:765][814]LogAudio: Display: AudioDevice MaxSources: 32
[2025.11.24-14.06.55:765][814]LogAudio: Display: Audio Spatialization Plugin: None (built-in).
[2025.11.24-14.06.55:765][814]LogAudio: Display: Audio Reverb Plugin: None (built-in).
[2025.11.24-14.06.55:765][814]LogAudio: Display: Audio Occlusion Plugin: None (built-in).
[2025.11.24-14.06.55:766][814]LogAudioMixer: Display: Initializing audio mixer.
[2025.11.24-14.06.55:771][814]LogAudioMixer: Display: 0: FrontLeft
[2025.11.24-14.06.55:772][814]LogAudioMixer: Display: 1: FrontRight
[2025.11.24-14.06.55:779][814]LogAudioMixer: Display: Using Audio Device Alto-falantes (Realtek(R) Audio)
[2025.11.24-14.06.55:780][814]LogAudioMixer: Display: Initializing Sound Submixes...
[2025.11.24-14.06.55:780][814]LogAudioMixer: Display: Creating Master Submix 'MasterSubmixDefault'
[2025.11.24-14.06.55:780][814]LogAudioMixer: Display: Creating Master Submix 'MasterReverbSubmixDefault'
[2025.11.24-14.06.55:780][814]LogAudioMixer: Display: Creating Master Submix 'MasterEQSubmixDefault'
[2025.11.24-14.06.55:780][814]LogAudioMixer: FMixerPlatformXAudio2::StartAudioStream() called
[2025.11.24-14.06.55:780][814]LogAudioMixer: Display: Output buffers initialized: Frames=1024, Channels=2, Samples=2048
[2025.11.24-14.06.55:782][814]LogAudioMixer: Display: Starting AudioMixerPlatformInterface::RunInternal()
[2025.11.24-14.06.55:782][814]LogAudioMixer: Display: FMixerPlatformXAudio2::SubmitBuffer() called for the first time
[2025.11.24-14.06.55:782][814]LogInit: FAudioDevice initialized.
[2025.11.24-14.06.55:782][814]LogAudio: Display: Audio Device (ID: 56) registered with world 'MainMenu'.
[2025.11.24-14.06.55:839][814]LogSlate: Updating window title bar state: overlay mode, drag disabled, window buttons hidden, title bar hidden
[2025.11.24-14.06.55:839][814]LogLoad: Game class is 'GameMode'
[2025.11.24-14.06.55:840][814]LogWorld: Bringing World /Game/Mapas/Menu/UEDPIE_0_MainMenu.MainMenu up for play (max tick rate 60) at 2025.11.24-11.06.55
[2025.11.24-14.06.55:841][814]LogWorld: Bringing up level for play took: 0.000696
[2025.11.24-14.06.55:841][814]LogOnline: OSS: Creating online subsystem instance for: :Context_68
[2025.11.24-14.06.55:843][814]LogGameMode: FindPlayerStart: PATHS NOT DEFINED or NO PLAYERSTART with positive rating
[2025.11.24-14.06.55:843][814]LogGameMode: Display: Match State Changed from EnteringMap to WaitingToStart
[2025.11.24-14.06.55:843][814]LogGameState: Match State Changed from EnteringMap to WaitingToStart
[2025.11.24-14.06.55:843][814]LogGameMode: Display: Match State Changed from WaitingToStart to InProgress
[2025.11.24-14.06.55:845][814]LogGameState: Match State Changed from WaitingToStart to InProgress
[2025.11.24-14.06.55:846][814]PIE: Server logged in
[2025.11.24-14.06.55:847][814]PIE: Play in editor total start time 0.134 seconds.
[2025.11.24-14.06.58:408][963]LogSlate: Window 'ColunaDoendoSamurai Preview [NetMode: Standalone]  (64-bit/Windows) ' being destroyed
[2025.11.24-14.06.58:418][963]LogWorld: BeginTearingDown for /Game/Mapas/Menu/UEDPIE_0_MainMenu
[2025.11.24-14.06.58:450][963]LogWorld: UWorld::CleanupWorld for MainMenu, bSessionEnded=true, bCleanupResources=true
[2025.11.24-14.06.58:450][963]LogSlate: InvalidateAllWidgets triggered.  All widgets were invalidated
[2025.11.24-14.06.58:458][963]LogPlayLevel: Display: Shutting down PIE online subsystems
[2025.11.24-14.06.58:467][963]LogSlate: InvalidateAllWidgets triggered.  All widgets were invalidated
[2025.11.24-14.06.58:510][963]LogAudioMixer: FMixerPlatformXAudio2::StopAudioStream() called
[2025.11.24-14.06.58:511][963]LogAudioMixer: FMixerPlatformXAudio2::StopAudioStream() called
[2025.11.24-14.06.58:518][963]LogUObjectHash: Compacting FUObjectHashTables data took   3.85ms
[2025.11.24-14.06.58:541][964]LogPlayLevel: Display: Destroying online subsystem :Context_68
[2025.11.24-14.07.23:884][362]LogSlate: Window 'Delete Variable' being destroyed
[2025.11.24-14.07.30:093][721]Cmd: OBJ SAVEPACKAGE PACKAGE="/Game/Audios/AudioGI" FILE="E:/Unreal/Fumec_DevGames/Content/Audios/AudioGI.uasset" SILENT=true
[2025.11.24-14.07.30:097][721]LogSavePackage: Moving 'E:/Unreal/Fumec_DevGames/Saved/AudioGIA53D24544C9A2E3922FE8AB7E862A0A7.tmp' to 'E:/Unreal/Fumec_DevGames/Content/Audios/AudioGI.uasset'
[2025.11.24-14.07.30:122][721]AssetCheck: New page: Asset Save: AudioGI
[2025.11.24-14.07.30:122][721]LogContentValidation: Display: Validating Blueprint /Game/Audios/AudioGI.AudioGI
[2025.11.24-14.07.30:709][753]Cmd: OBJ SAVEPACKAGE PACKAGE="/Game/Audios/AudioGI" FILE="E:/Unreal/Fumec_DevGames/Content/Audios/AudioGI.uasset" SILENT=true
[2025.11.24-14.07.30:715][753]LogSavePackage: Moving 'E:/Unreal/Fumec_DevGames/Saved/AudioGIEA2FF65640A191462D39B0AFF082318B.tmp' to 'E:/Unreal/Fumec_DevGames/Content/Audios/AudioGI.uasset'
[2025.11.24-14.07.30:735][753]AssetCheck: New page: Asset Save: AudioGI
[2025.11.24-14.07.30:735][753]LogContentValidation: Display: Validating Blueprint /Game/Audios/AudioGI.AudioGI
[2025.11.24-14.07.31:901][823]BlueprintLog: New page: Compile AudioGI
[2025.11.24-14.07.31:954][823]LogUObjectHash: Compacting FUObjectHashTables data took   5.25ms
[2025.11.24-14.07.47:538][737]BlueprintLog: New page: Compile MainMenuWid
[2025.11.24-14.07.47:595][737]LogUObjectHash: Compacting FUObjectHashTables data took   5.40ms
[2025.11.24-14.07.47:630][737]Cmd: OBJ SAVEPACKAGE PACKAGE="/Game/Mapas/Menu/MainMenuWid" FILE="E:/Unreal/Fumec_DevGames/Content/Mapas/Menu/MainMenuWid.uasset" SILENT=true
[2025.11.24-14.07.47:649][737]LogSavePackage: Moving 'E:/Unreal/Fumec_DevGames/Saved/MainMenuWidCF8FC66F473949A542AAEA822EDDC21C.tmp' to 'E:/Unreal/Fumec_DevGames/Content/Mapas/Menu/MainMenuWid.uasset'
[2025.11.24-14.07.47:671][737]AssetCheck: New page: Asset Save: MainMenuWid
[2025.11.24-14.07.47:672][737]LogContentValidation: Display: Validating WidgetBlueprint /Game/Mapas/Menu/MainMenuWid.MainMenuWid
[2025.11.24-14.07.54:414][126]LogAssetEditorSubsystem: Opening Asset editor for LevelScriptBlueprint /Game/Mapas/Menu/MainMenu.MainMenu:PersistentLevel.MainMenu
[2025.11.24-14.08.25:707][965]BlueprintLog: New page: Compile MainMenu
[2025.11.24-14.08.25:790][965]LogUObjectHash: Compacting FUObjectHashTables data took   5.14ms
[2025.11.24-14.08.25:828][965]Cmd: OBJ SAVEPACKAGE PACKAGE="/Game/Mapas/Menu/MainMenu" FILE="E:/Unreal/Fumec_DevGames/Content/Mapas/Menu/MainMenu.umap" SILENT=true AUTOSAVING=false KEEPDIRTY=false
[2025.11.24-14.08.25:875][965]LogUObjectHash: Compacting FUObjectHashTables data took   1.10ms
[2025.11.24-14.08.25:883][965]LogSavePackage: Moving 'E:/Unreal/Fumec_DevGames/Saved/MainMenu6791A6ED47BE12C98CCA35A2B25804A0.tmp' to 'E:/Unreal/Fumec_DevGames/Content/Mapas/Menu/MainMenu.umap'
[2025.11.24-14.08.25:905][965]LogFileHelpers: Saving map 'MainMenu' took 0.076
[2025.11.24-14.08.25:924][965]AssetCheck: New page: Asset Save: MainMenu
[2025.11.24-14.08.25:924][965]LogContentValidation: Display: Validating World /Game/Mapas/Menu/MainMenu.MainMenu
[2025.11.24-14.08.26:045][970]Cmd: OBJ SAVEPACKAGE PACKAGE="/Game/Mapas/Menu/MainMenu" FILE="E:/Unreal/Fumec_DevGames/Content/Mapas/Menu/MainMenu.umap" SILENT=true AUTOSAVING=false KEEPDIRTY=false
[2025.11.24-14.08.26:094][970]LogUObjectHash: Compacting FUObjectHashTables data took   3.99ms
[2025.11.24-14.08.26:102][970]LogSavePackage: Moving 'E:/Unreal/Fumec_DevGames/Saved/MainMenuEF3CFBA941930B119306278464CBBC71.tmp' to 'E:/Unreal/Fumec_DevGames/Content/Mapas/Menu/MainMenu.umap'
[2025.11.24-14.08.26:122][970]LogFileHelpers: Saving map 'MainMenu' took 0.077
[2025.11.24-14.08.26:142][970]AssetCheck: New page: Asset Save: MainMenu
[2025.11.24-14.08.26:142][970]LogContentValidation: Display: Validating World /Game/Mapas/Menu/MainMenu.MainMenu
[2025.11.24-14.08.27:236][ 32]LogTemp: Repeating last play command: Selected Viewport
[2025.11.24-14.08.27:244][ 32]LogPlayLevel: PlayLevel: No blueprints needed recompiling
[2025.11.24-14.08.27:244][ 32]PIE: New page: PIE session: MainMenu (Nov 24, 2025, 8:08:27 AM)
[2025.11.24-14.08.27:244][ 32]LogPlayLevel: Creating play world package: /Game/Mapas/Menu/UEDPIE_0_MainMenu
[2025.11.24-14.08.27:246][ 32]LogPlayLevel: PIE: StaticDuplicateObject took: (0.001672s)
[2025.11.24-14.08.27:247][ 32]LogAIModule: Creating AISystem for world MainMenu
[2025.11.24-14.08.27:247][ 32]LogPlayLevel: PIE: World Init took: (0.001299s)
[2025.11.24-14.08.27:247][ 32]LogPlayLevel: PIE: Created PIE world by copying editor world from /Game/Mapas/Menu/MainMenu.MainMenu to /Game/Mapas/Menu/UEDPIE_0_MainMenu.MainMenu (0.003194s)
[2025.11.24-14.08.27:299][ 32]LogUObjectHash: Compacting FUObjectHashTables data took   4.86ms
[2025.11.24-14.08.27:300][ 32]LogAudio: Display: Creating Audio Device:                 Id: 57, Scope: Unique, Realtime: True
[2025.11.24-14.08.27:300][ 32]LogAudioMixer: Display: Audio Mixer Platform Settings:
[2025.11.24-14.08.27:300][ 32]LogAudioMixer: Display: 	Sample Rate:						  48000
[2025.11.24-14.08.27:300][ 32]LogAudioMixer: Display: 	Callback Buffer Frame Size Requested: 1024
[2025.11.24-14.08.27:300][ 32]LogAudioMixer: Display: 	Callback Buffer Frame Size To Use:	  1024
[2025.11.24-14.08.27:300][ 32]LogAudioMixer: Display: 	Number of buffers to queue:			  2
[2025.11.24-14.08.27:300][ 32]LogAudioMixer: Display: 	Max Channels (voices):				  32
[2025.11.24-14.08.27:300][ 32]LogAudioMixer: Display: 	Number of Async Source Workers:		  0
[2025.11.24-14.08.27:300][ 32]LogAudio: Display: AudioDevice MaxSources: 32
[2025.11.24-14.08.27:300][ 32]LogAudio: Display: Audio Spatialization Plugin: None (built-in).
[2025.11.24-14.08.27:301][ 32]LogAudio: Display: Audio Reverb Plugin: None (built-in).
[2025.11.24-14.08.27:301][ 32]LogAudio: Display: Audio Occlusion Plugin: None (built-in).
[2025.11.24-14.08.27:301][ 32]LogAudioMixer: Display: Initializing audio mixer.
[2025.11.24-14.08.27:309][ 32]LogAudioMixer: Display: 0: FrontLeft
[2025.11.24-14.08.27:309][ 32]LogAudioMixer: Display: 1: FrontRight
[2025.11.24-14.08.27:318][ 32]LogAudioMixer: Display: Using Audio Device Alto-falantes (Realtek(R) Audio)
[2025.11.24-14.08.27:319][ 32]LogAudioMixer: Display: Initializing Sound Submixes...
[2025.11.24-14.08.27:319][ 32]LogAudioMixer: Display: Creating Master Submix 'MasterSubmixDefault'
[2025.11.24-14.08.27:319][ 32]LogAudioMixer: Display: Creating Master Submix 'MasterReverbSubmixDefault'
[2025.11.24-14.08.27:319][ 32]LogAudioMixer: Display: Creating Master Submix 'MasterEQSubmixDefault'
[2025.11.24-14.08.27:320][ 32]LogAudioMixer: FMixerPlatformXAudio2::StartAudioStream() called
[2025.11.24-14.08.27:320][ 32]LogAudioMixer: Display: Output buffers initialized: Frames=1024, Channels=2, Samples=2048
[2025.11.24-14.08.27:321][ 32]LogAudioMixer: Display: Starting AudioMixerPlatformInterface::RunInternal()
[2025.11.24-14.08.27:321][ 32]LogAudioMixer: Display: FMixerPlatformXAudio2::SubmitBuffer() called for the first time
[2025.11.24-14.08.27:321][ 32]LogInit: FAudioDevice initialized.
[2025.11.24-14.08.27:321][ 32]LogAudio: Display: Audio Device (ID: 57) registered with world 'MainMenu'.
[2025.11.24-14.08.27:373][ 32]LogSlate: Updating window title bar state: overlay mode, drag disabled, window buttons hidden, title bar hidden
[2025.11.24-14.08.27:374][ 32]LogLoad: Game class is 'GameMode'
[2025.11.24-14.08.27:374][ 32]LogWorld: Bringing World /Game/Mapas/Menu/UEDPIE_0_MainMenu.MainMenu up for play (max tick rate 60) at 2025.11.24-11.08.27
[2025.11.24-14.08.27:375][ 32]LogWorld: Bringing up level for play took: 0.000597
[2025.11.24-14.08.27:375][ 32]LogOnline: OSS: Creating online subsystem instance for: :Context_70
[2025.11.24-14.08.27:377][ 32]LogGameMode: FindPlayerStart: PATHS NOT DEFINED or NO PLAYERSTART with positive rating
[2025.11.24-14.08.27:377][ 32]LogGameMode: Display: Match State Changed from EnteringMap to WaitingToStart
[2025.11.24-14.08.27:377][ 32]LogGameState: Match State Changed from EnteringMap to WaitingToStart
[2025.11.24-14.08.27:377][ 32]LogGameMode: Display: Match State Changed from WaitingToStart to InProgress
[2025.11.24-14.08.27:379][ 32]LogScript: Warning: Accessed None trying to read property JBL
	MainMenu_C /Game/Mapas/Menu/UEDPIE_0_MainMenu.MainMenu:PersistentLevel.MainMenu_C_2
	Function /Game/Mapas/Menu/MainMenu.MainMenu_C:ExecuteUbergraph_MainMenu:0092
[2025.11.24-14.08.27:379][ 32]PIE: Error: Blueprint Runtime Error: "Accessed None trying to read property JBL". Blueprint:  MainMenu Function:  Execute Ubergraph Main Menu Graph:  EventGraph Node:  Set Sound
[2025.11.24-14.08.27:379][ 32]LogScript: Warning: Accessed None trying to read property JBL
	MainMenu_C /Game/Mapas/Menu/UEDPIE_0_MainMenu.MainMenu:PersistentLevel.MainMenu_C_2
	Function /Game/Mapas/Menu/MainMenu.MainMenu_C:ExecuteUbergraph_MainMenu:00D3
[2025.11.24-14.08.27:379][ 32]PIE: Error: Blueprint Runtime Error: "Accessed None trying to read property JBL". Blueprint:  MainMenu Function:  Execute Ubergraph Main Menu Graph:  EventGraph Node:  Play
[2025.11.24-14.08.27:379][ 32]LogScript: Warning: Accessed None trying to read property JBL
	MainMenu_C /Game/Mapas/Menu/UEDPIE_0_MainMenu.MainMenu:PersistentLevel.MainMenu_C_2
	Function /Game/Mapas/Menu/MainMenu.MainMenu_C:ExecuteUbergraph_MainMenu:0114
[2025.11.24-14.08.27:379][ 32]PIE: Error: Blueprint Runtime Error: "Accessed None trying to read property JBL". Blueprint:  MainMenu Function:  Execute Ubergraph Main Menu Graph:  EventGraph Node:  Fade In
[2025.11.24-14.08.27:380][ 32]LogGameState: Match State Changed from WaitingToStart to InProgress
[2025.11.24-14.08.27:381][ 32]PIE: Server logged in
[2025.11.24-14.08.27:382][ 32]PIE: Play in editor total start time 0.139 seconds.
[2025.11.24-14.08.27:413][ 33]LogRenderer: Reallocating scene render targets to support 1148x784 Format 10 NumSamples 1 (Frame:1).
[2025.11.24-14.08.30:772][229]LogSlate: Window 'ColunaDoendoSamurai Preview [NetMode: Standalone]  (64-bit/Windows) ' being destroyed
[2025.11.24-14.08.30:781][229]LogWorld: BeginTearingDown for /Game/Mapas/Menu/UEDPIE_0_MainMenu
[2025.11.24-14.08.30:819][229]LogWorld: UWorld::CleanupWorld for MainMenu, bSessionEnded=true, bCleanupResources=true
[2025.11.24-14.08.30:819][229]LogSlate: InvalidateAllWidgets triggered.  All widgets were invalidated
[2025.11.24-14.08.30:831][229]LogPlayLevel: Display: Shutting down PIE online subsystems
[2025.11.24-14.08.30:840][229]LogSlate: InvalidateAllWidgets triggered.  All widgets were invalidated
[2025.11.24-14.08.30:884][229]LogAudio: Display: Audio Device unregistered from world 'None'.
[2025.11.24-14.08.30:884][229]LogAudioMixer: FMixerPlatformXAudio2::StopAudioStream() called
[2025.11.24-14.08.30:885][229]LogAudioMixer: FMixerPlatformXAudio2::StopAudioStream() called
[2025.11.24-14.08.30:893][229]LogUObjectHash: Compacting FUObjectHashTables data took   3.72ms
[2025.11.24-14.08.31:099][230]LogPlayLevel: Display: Destroying online subsystem :Context_70
[2025.11.24-14.10.54:981][297]LogSlate: Window 'Message Log' being destroyed
[2025.11.24-14.10.54:988][297]LogSlate: Window 'Message Log' being destroyed
[2025.11.24-14.13.49:336][774]LogAudioMixer: Resetting audio stream to device id 
[2025.11.24-14.13.49:388][774]LogAudioMixer: Display: 0: FrontLeft
[2025.11.24-14.13.49:388][774]LogAudioMixer: Display: 1: FrontRight
[2025.11.24-14.14.08:996][834]LogHttp: Warning: 000001CA811B9600: invalid HTTP response code received. URL: https://datarouter.ol.epicgames.com/datarouter/api/v1/public/data?SessionID=%7B16EBEF64-415D-E822-0B73-C893FC833F73%7D&AppID=UEEditor.Rocket.Release&AppVersion=4.27.2-18319896%2B%2B%2BUE4%2BRelease-4.27&UserID=6b32b507452abda10a7c05ae1bad203d%7C38f7320a2cd3485499351c2be7beab48%7C53da50d7-cec7-4077-bfe3-1423eb7dc99f&AppEnvironment=datacollector-binary&UploadType=eteventstream, HTTP code: 0, content length: 0, actual payload size: 0
[2025.11.24-14.14.08:996][834]LogHttp: Warning: 000001CA811B9600: request failed, libcurl error: 56 (Failure when receiving data from the peer)
[2025.11.24-14.14.08:996][834]LogHttp: Warning: 000001CA811B9600: libcurl info message cache 0 (Found bundle for host datarouter.ol.epicgames.com: 0x1c89fc85d20 [can pipeline])
[2025.11.24-14.14.08:996][834]LogHttp: Warning: 000001CA811B9600: libcurl info message cache 1 (Re-using existing connection! (#16) with host datarouter.ol.epicgames.com)
[2025.11.24-14.14.08:996][834]LogHttp: Warning: 000001CA811B9600: libcurl info message cache 2 (Connected to datarouter.ol.epicgames.com (54.162.51.105) port 443 (#16))
[2025.11.24-14.14.08:996][834]LogHttp: Warning: 000001CA811B9600: libcurl info message cache 3 (TLSv1.3 (OUT), TLS Unknown, Unknown (23):)
[2025.11.24-14.14.08:996][834]LogHttp: Warning: 000001CA811B9600: libcurl info message cache 4 (TLSv1.3 (OUT), TLS Unknown, Unknown (23):)
[2025.11.24-14.14.08:996][834]LogHttp: Warning: 000001CA811B9600: libcurl info message cache 5 (We are completely uploaded and fine)
[2025.11.24-14.14.08:996][834]LogHttp: Warning: 000001CA811B9600: libcurl info message cache 6 (OpenSSL SSL_read: SSL_ERROR_SYSCALL, errno 10054)
[2025.11.24-14.14.08:996][834]LogHttp: Warning: 000001CA811B9600: libcurl info message cache 7 (Connection died, retrying a fresh connect)
[2025.11.24-14.14.08:997][834]LogHttp: Warning: 000001CA811B9600: libcurl info message cache 8 (necessary data rewind wasn't possible)
[2025.11.24-14.14.08:997][834]LogHttp: Warning: 000001CA811B9600: libcurl info message cache 9 (Closing connection 16)
[2025.11.24-14.14.08:997][834]LogHttp: Warning: 000001CA811B9600: libcurl info message cache 10 (TLSv1.3 (OUT), TLS Unknown, Unknown (21):)
[2025.11.24-14.14.09:330][835]LogHttp: Warning: Retry exhausted on https://datarouter.ol.epicgames.com/datarouter/api/v1/public/data?SessionID=%7B16EBEF64-415D-E822-0B73-C893FC833F73%7D&AppID=UEEditor.Rocket.Release&AppVersion=4.27.2-18319896%2B%2B%2BUE4%2BRelease-4.27&UserID=6b32b507452abda10a7c05ae1bad203d%7C38f7320a2cd3485499351c2be7beab48%7C53da50d7-cec7-4077-bfe3-1423eb7dc99f&AppEnvironment=datacollector-binary&UploadType=eteventstream
[2025.11.24-14.14.42:457][934]LogHttp: Warning: 000001CA811B9600: invalid HTTP response code received. URL: https://datarouter.ol.epicgames.com/datarouter/api/v1/public/data?SessionID=%7B16EBEF64-415D-E822-0B73-C893FC833F73%7D&AppID=UEEditor.Rocket.Release&AppVersion=4.27.2-18319896%2B%2B%2BUE4%2BRelease-4.27&UserID=6b32b507452abda10a7c05ae1bad203d%7C38f7320a2cd3485499351c2be7beab48%7C53da50d7-cec7-4077-bfe3-1423eb7dc99f&AppEnvironment=datacollector-binary&UploadType=eteventstream, HTTP code: 0, content length: 0, actual payload size: 0
[2025.11.24-14.14.42:457][934]LogHttp: Warning: 000001CA811B9600: request failed, libcurl error: 6 (Couldn't resolve host name)
[2025.11.24-14.14.42:457][934]LogHttp: Warning: 000001CA811B9600: libcurl info message cache 0 (Could not resolve host: datarouter.ol.epicgames.com)
[2025.11.24-14.14.42:457][934]LogHttp: Warning: 000001CA811B9600: libcurl info message cache 1 (Closing connection 17)
[2025.11.24-14.14.42:792][935]LogHttp: Warning: Retry exhausted on https://datarouter.ol.epicgames.com/datarouter/api/v1/public/data?SessionID=%7B16EBEF64-415D-E822-0B73-C893FC833F73%7D&AppID=UEEditor.Rocket.Release&AppVersion=4.27.2-18319896%2B%2B%2BUE4%2BRelease-4.27&UserID=6b32b507452abda10a7c05ae1bad203d%7C38f7320a2cd3485499351c2be7beab48%7C53da50d7-cec7-4077-bfe3-1423eb7dc99f&AppEnvironment=datacollector-binary&UploadType=eteventstream
[2025.11.24-14.15.42:334][113]LogHttp: Warning: 000001CAE8382400: invalid HTTP response code received. URL: https://datarouter.ol.epicgames.com/datarouter/api/v1/public/data?SessionID=%7B16EBEF64-415D-E822-0B73-C893FC833F73%7D&AppID=UEEditor.Rocket.Release&AppVersion=4.27.2-18319896%2B%2B%2BUE4%2BRelease-4.27&UserID=6b32b507452abda10a7c05ae1bad203d%7C38f7320a2cd3485499351c2be7beab48%7C53da50d7-cec7-4077-bfe3-1423eb7dc99f&AppEnvironment=datacollector-binary&UploadType=eteventstream, HTTP code: 0, content length: 0, actual payload size: 0
[2025.11.24-14.15.42:334][113]LogHttp: Warning: 000001CAE8382400: request failed, libcurl error: 6 (Couldn't resolve host name)
[2025.11.24-14.15.42:334][113]LogHttp: Warning: 000001CAE8382400: libcurl info message cache 0 (Could not resolve host: datarouter.ol.epicgames.com)
[2025.11.24-14.15.42:334][113]LogHttp: Warning: 000001CAE8382400: libcurl info message cache 1 (Closing connection 18)
[2025.11.24-14.15.42:334][113]LogHttp: Warning: Retry exhausted on https://datarouter.ol.epicgames.com/datarouter/api/v1/public/data?SessionID=%7B16EBEF64-415D-E822-0B73-C893FC833F73%7D&AppID=UEEditor.Rocket.Release&AppVersion=4.27.2-18319896%2B%2B%2BUE4%2BRelease-4.27&UserID=6b32b507452abda10a7c05ae1bad203d%7C38f7320a2cd3485499351c2be7beab48%7C53da50d7-cec7-4077-bfe3-1423eb7dc99f&AppEnvironment=datacollector-binary&UploadType=eteventstream
