Log file open, 11/25/25 14:55:03
LogWindows: Failed to load 'aqProf.dll' (GetLastError=126)
LogWindows: File 'aqProf.dll' does not exist
LogWindows: Failed to load 'VtuneApi.dll' (GetLastError=126)
LogWindows: File 'VtuneApi.dll' does not exist
LogWindows: Failed to load 'VtuneApi32e.dll' (GetLastError=126)
LogWindows: File 'VtuneApi32e.dll' does not exist
LogConsoleResponse: Display: Failed to find resolution value strings in scalability ini. Falling back to default.
LogConsoleResponse: Display: Failed to find resolution value strings in scalability ini. Falling back to default.
LogInit: Display: Running engine for game: ColunaDoendoSamurai
LogPlatformFile: Not using cached read wrapper
LogTaskGraph: Started task graph with 5 named threads and 23 total threads with 3 sets of task threads.
LogStats: Stats thread started at 0.267483
LogICUInternationalization: ICU TimeZone Detection - Raw Offset: -3:00, Platform Override: ''
LogInit: Display: Loading text-based GConfig....
LogPluginManager: Mounting plugin MeshPainting
LogPluginManager: Mounting plugin XGEController
LogPluginManager: Mounting plugin LightPropagationVolume
LogPluginManager: Mounting plugin Paper2D
LogPluginManager: Mounting plugin LiveLink
LogPluginManager: Mounting plugin AssetManagerEditor
LogPluginManager: Mounting plugin AnimationSharing
LogPluginManager: Mounting plugin CLionSourceCodeAccess
LogPluginManager: Mounting plugin DataValidation
LogPluginManager: Mounting plugin CurveEditorTools
LogPluginManager: Mounting plugin CryptoKeys
LogPluginManager: Mounting plugin FacialAnimation
LogPluginManager: Mounting plugin GameplayTagsEditor
LogPluginManager: Mounting plugin GeometryMode
LogPluginManager: Mounting plugin MacGraphicsSwitching
LogPluginManager: Mounting plugin PluginBrowser
LogPluginManager: Mounting plugin MobileLauncherProfileWizard
LogPluginManager: Mounting plugin MaterialAnalyzer
LogPluginManager: Mounting plugin SpeedTreeImporter
LogPluginManager: Mounting plugin CodeLiteSourceCodeAccess
LogPluginManager: Mounting plugin DatasmithContent
LogPluginManager: Mounting plugin GitSourceControl
LogPluginManager: Mounting plugin NullSourceCodeAccess
LogPluginManager: Mounting plugin KDevelopSourceCodeAccess
LogPluginManager: Mounting plugin PerforceSourceControl
LogPluginManager: Mounting plugin PixWinPlugin
LogPluginManager: Mounting plugin PluginUtils
LogPluginManager: Mounting plugin PlasticSourceControl
LogPluginManager: Mounting plugin PropertyAccessNode
LogPluginManager: Mounting plugin RiderSourceCodeAccess
LogPluginManager: Mounting plugin SubversionSourceControl
LogPluginManager: Mounting plugin TextureFormatOodle
LogPluginManager: Mounting plugin VariantManagerContent
LogPluginManager: Mounting plugin UObjectPlugin
LogPluginManager: Mounting plugin VisualStudioCodeSourceCodeAccess
LogPluginManager: Mounting plugin XCodeSourceCodeAccess
LogPluginManager: Mounting plugin VisualStudioSourceCodeAccess
LogPluginManager: Mounting plugin AlembicImporter
LogPluginManager: Mounting plugin AutomationUtils
LogPluginManager: Mounting plugin BackChannel
LogPluginManager: Mounting plugin ChaosCloth
LogPluginManager: Mounting plugin ChaosClothEditor
LogPluginManager: Mounting plugin ChaosEditor
LogPluginManager: Mounting plugin ChaosNiagara
LogPluginManager: Mounting plugin ChaosSolverPlugin
LogPluginManager: Mounting plugin CharacterAI
LogPluginManager: Mounting plugin GeometryCache
LogPluginManager: Mounting plugin GeometryProcessing
LogPluginManager: Mounting plugin GeometryCollectionPlugin
LogPluginManager: Mounting plugin MotoSynth
LogPluginManager: Mounting plugin OpenImageDenoise
LogPluginManager: Mounting plugin ProxyLODPlugin
LogPluginManager: Mounting plugin PlatformCrypto
LogPluginManager: Mounting plugin PlanarCut
LogPluginManager: Mounting plugin PythonScriptPlugin
LogPluginManager: Mounting plugin SkeletalReduction
LogPluginManager: Mounting plugin Niagara
LogPluginManager: Mounting plugin MagicLeap
LogPluginManager: Mounting plugin LuminPlatformFeatures
LogPluginManager: Mounting plugin MagicLeapMedia
LogPluginManager: Mounting plugin MagicLeapLightEstimation
LogPluginManager: Mounting plugin MagicLeapPassableWorld
LogPluginManager: Mounting plugin MLSDK
LogPluginManager: Mounting plugin AndroidMedia
LogPluginManager: Mounting plugin AvfMedia
LogPluginManager: Mounting plugin ImgMedia
LogPluginManager: Mounting plugin MediaCompositing
LogPluginManager: Mounting plugin MediaPlayerEditor
LogPluginManager: Mounting plugin WebMMedia
LogPluginManager: Mounting plugin WmfMedia
LogPluginManager: Mounting plugin TcpMessaging
LogPluginManager: Mounting plugin ActorSequence
LogPluginManager: Mounting plugin UdpMessaging
LogPluginManager: Mounting plugin MatineeToLevelSequence
LogPluginManager: Mounting plugin LevelSequenceEditor
LogPluginManager: Mounting plugin TemplateSequence
LogPluginManager: Mounting plugin OnlineSubsystem
LogPluginManager: Mounting plugin OnlineSubsystemNull
LogPluginManager: Mounting plugin OnlineSubsystemUtils
LogPluginManager: Mounting plugin LauncherChunkInstaller
LogPluginManager: Mounting plugin ActorLayerUtilities
LogPluginManager: Mounting plugin AndroidDeviceProfileSelector
LogPluginManager: Mounting plugin AndroidMoviePlayer
LogPluginManager: Mounting plugin AndroidPermission
LogPluginManager: Mounting plugin AppleImageUtils
LogPluginManager: Mounting plugin AppleMoviePlayer
LogPluginManager: Mounting plugin ArchVisCharacter
LogPluginManager: Mounting plugin AssetTags
LogPluginManager: Mounting plugin AudioCapture
LogPluginManager: Mounting plugin AudioSynesthesia
LogPluginManager: Mounting plugin CableComponent
LogPluginManager: Mounting plugin CustomMeshComponent
LogPluginManager: Mounting plugin ChunkDownloader
LogPluginManager: Mounting plugin EditableMesh
LogPluginManager: Mounting plugin ExampleDeviceProfileSelector
LogPluginManager: Mounting plugin GoogleCloudMessaging
LogPluginManager: Mounting plugin GooglePAD
LogPluginManager: Mounting plugin ScreenshotTools
LogPluginManager: Mounting plugin IOSDeviceProfileSelector
LogPluginManager: Mounting plugin LinuxDeviceProfileSelector
LogPluginManager: Mounting plugin LocationServicesBPLibrary
LogPluginManager: Mounting plugin MobilePatchingUtils
LogPluginManager: Mounting plugin OpenXREyeTracker
LogPluginManager: Mounting plugin OpenXR
LogPluginManager: Mounting plugin OpenXRHandTracking
LogPluginManager: Mounting plugin PhysXVehicles
LogPluginManager: Mounting plugin PostSplashScreen
LogPluginManager: Mounting plugin ProceduralMeshComponent
LogPluginManager: Mounting plugin RuntimePhysXCooking
LogPluginManager: Mounting plugin PropertyAccessEditor
LogPluginManager: Mounting plugin SignificanceManager
LogPluginManager: Mounting plugin SoundFields
LogPluginManager: Mounting plugin Synthesis
LogPluginManager: Mounting plugin WebMMoviePlayer
LogPluginManager: Mounting plugin WindowsMoviePlayer
LogPluginManager: Mounting plugin Takes
LogPluginManager: Mounting plugin AISupport
LogPluginManager: Mounting plugin EnvironmentQueryEditor
LogPluginManager: Mounting plugin CameraShakePreviewer
LogPluginManager: Mounting plugin GameplayCameras
LogPluginManager: Mounting plugin OodleNetwork
LogPluginManager: Mounting plugin OodleData
LogPluginManager: Mounting plugin ContentBrowserAssetDataSource
LogPluginManager: Mounting plugin ContentBrowserClassDataSource
LogPluginManager: Mounting plugin ContentBrowserFileDataSource
LogPluginManager: Mounting plugin OnlineSubsystemGooglePlay
LogPluginManager: Mounting plugin OnlineSubsystemIOS
LogPluginManager: Mounting plugin OculusVR
LogPluginManager: Mounting plugin SteamVR
PixWinPlugin: PIX capture plugin failed to initialize! Check that the process is launched from PIX.
LogInit: Using libcurl 7.55.1-DEV
LogInit:  - built for x86_64-pc-win32
LogInit:  - supports SSL with OpenSSL/1.1.1
LogInit:  - supports HTTP deflate (compression) using libz 1.2.8
LogInit:  - other features:
LogInit:      CURL_VERSION_SSL
LogInit:      CURL_VERSION_LIBZ
LogInit:      CURL_VERSION_IPV6
LogInit:      CURL_VERSION_ASYNCHDNS
LogInit:      CURL_VERSION_LARGEFILE
LogInit:      CURL_VERSION_IDN
LogInit:  CurlRequestOptions (configurable via config and command line):
LogInit:  - bVerifyPeer = true  - Libcurl will verify peer certificate
LogInit:  - bUseHttpProxy = false  - Libcurl will NOT use HTTP proxy
LogInit:  - bDontReuseConnections = false  - Libcurl will reuse connections
LogInit:  - MaxHostConnections = 16  - Libcurl will limit the number of connections to a host
LogInit:  - LocalHostAddr = Default
LogInit:  - BufferSize = 65536
LogOnline: OSS: Creating online subsystem instance for: NULL
LogInit: WinSock: version 1.1 (2.2), MaxSocks=32767, MaxUdp=65467
LogOnline: OSS: TryLoadSubsystemAndSetDefault: Loaded subsystem for module [NULL]
LogOculusPluginWrapper: OculusPlugin initialized successfully
LogHMD: Failed initializing OVRPlugin 1.59.0
LogInit: Build: ++UE4+Release-4.27-CL-18319896
LogInit: Engine Version: 4.27.2-18319896+++UE4+Release-4.27
LogInit: Compatible Engine Version: 4.27.0-17155196+++UE4+Release-4.27
LogInit: Net CL: 17155196
LogInit: OS: Windows 10 (Release 2009) (), CPU: AMD Ryzen 7 3750H with Radeon Vega Mobile Gfx  , GPU: AMD Radeon(TM) RX Vega 10 Graphics 
LogInit: Compiled (64-bit): Nov 30 2021 07:12:08
LogInit: Compiled with Visual C++: 19.24.28315.00
LogInit: Build Configuration: Development
LogInit: Branch Name: ++UE4+Release-4.27
LogInit: Command Line: 
LogInit: Base Directory: C:/Genshin/UE_4.27/Engine/Binaries/Win64/
LogInit: Allocator: TBB
LogInit: Installed Engine Build: 1
LogDevObjectVersion: Number of dev versions registered: 29
LogDevObjectVersion:   Dev-Blueprints (B0D832E4-1F89-4F0D-ACCF-7EB736FD4AA2): 10
LogDevObjectVersion:   Dev-Build (E1C64328-A22C-4D53-A36C-8E866417BD8C): 0
LogDevObjectVersion:   Dev-Core (375EC13C-06E4-48FB-B500-84F0262A717E): 4
LogDevObjectVersion:   Dev-Editor (E4B068ED-F494-42E9-A231-DA0B2E46BB41): 40
LogDevObjectVersion:   Dev-Framework (CFFC743F-43B0-4480-9391-14DF171D2073): 37
LogDevObjectVersion:   Dev-Mobile (B02B49B5-BB20-44E9-A304-32B752E40360): 3
LogDevObjectVersion:   Dev-Networking (A4E4105C-59A1-49B5-A7C5-40C4547EDFEE): 0
LogDevObjectVersion:   Dev-Online (39C831C9-5AE6-47DC-9A44-9C173E1C8E7C): 0
LogDevObjectVersion:   Dev-Physics (78F01B33-EBEA-4F98-B9B4-84EACCB95AA2): 14
LogDevObjectVersion:   Dev-Platform (6631380F-2D4D-43E0-8009-CF276956A95A): 0
LogDevObjectVersion:   Dev-Rendering (12F88B9F-8875-4AFC-A67C-D90C383ABD29): 45
LogDevObjectVersion:   Dev-Sequencer (7B5AE74C-D270-4C10-A958-57980B212A5A): 13
LogDevObjectVersion:   Dev-VR (D7296918-1DD6-4BDD-9DE2-64A83CC13884): 3
LogDevObjectVersion:   Dev-LoadTimes (C2A15278-BFE7-4AFE-6C17-90FF531DF755): 1
LogDevObjectVersion:   Private-Geometry (6EACA3D4-40EC-4CC1-B786-8BED09428FC5): 3
LogDevObjectVersion:   Dev-AnimPhys (29E575DD-E0A3-4627-9D10-D276232CDCEA): 17
LogDevObjectVersion:   Dev-Anim (AF43A65D-7FD3-4947-9873-3E8ED9C1BB05): 15
LogDevObjectVersion:   Dev-ReflectionCapture (6B266CEC-1EC7-4B8F-A30B-E4D90942FC07): 1
LogDevObjectVersion:   Dev-Automation (0DF73D61-A23F-47EA-B727-89E90C41499A): 1
LogDevObjectVersion:   FortniteMain (601D1886-AC64-4F84-AA16-D3DE0DEAC7D6): 47
LogDevObjectVersion:   FortniteRelease (E7086368-6B23-4C58-8439-1B7016265E91): 1
LogDevObjectVersion:   Dev-Enterprise (9DFFBCD6-494F-0158-E221-12823C92A888): 10
LogDevObjectVersion:   Dev-Niagara (F2AED0AC-9AFE-416F-8664-AA7FFA26D6FC): 1
LogDevObjectVersion:   Dev-Destruction (174F1F0B-B4C6-45A5-B13F-2EE8D0FB917D): 10
LogDevObjectVersion:   Dev-Physics-Ext (35F94A83-E258-406C-A318-09F59610247C): 41
LogDevObjectVersion:   Dev-PhysicsMaterial-Chaos (B68FC16E-8B1B-42E2-B453-215C058844FE): 1
LogDevObjectVersion:   Dev-CineCamera (B2E18506-4273-CFC2-A54E-F4BB758BBA07): 1
LogDevObjectVersion:   Dev-VirtualProduction (64F58936-FD1B-42BA-BA96-7289D5D0FA4E): 1
LogDevObjectVersion:   Dev-MediaFramework (6F0ED827-A609-4895-9C91-998D90180EA4): 2
LogInit: Presizing for max 25165824 objects, including 0 objects not considered by GC, pre-allocating 0 bytes for permanent pool.
LogConfig: Applying CVar settings from Section [/Script/Engine.StreamingSettings] File [E:/Unreal/Fumec_DevGames/Saved/Config/Windows/Engine.ini]
LogConfig: Setting CVar [[s.MinBulkDataSizeForAsyncLoading:131072]]
LogConfig: Setting CVar [[s.AsyncLoadingThreadEnabled:0]]
LogConfig: Setting CVar [[s.EventDrivenLoaderEnabled:1]]
LogConfig: Setting CVar [[s.WarnIfTimeLimitExceeded:0]]
LogConfig: Setting CVar [[s.TimeLimitExceededMultiplier:1.5]]
LogConfig: Setting CVar [[s.TimeLimitExceededMinTime:0.005]]
LogConfig: Setting CVar [[s.UseBackgroundLevelStreaming:1]]
LogConfig: Setting CVar [[s.PriorityAsyncLoadingExtraTime:15.0]]
LogConfig: Setting CVar [[s.LevelStreamingActorsUpdateTimeLimit:5.0]]
LogConfig: Setting CVar [[s.PriorityLevelStreamingActorsUpdateExtraTime:5.0]]
LogConfig: Setting CVar [[s.LevelStreamingComponentsRegistrationGranularity:10]]
LogConfig: Setting CVar [[s.UnregisterComponentsTimeLimit:1.0]]
LogConfig: Setting CVar [[s.LevelStreamingComponentsUnregistrationGranularity:5]]
LogConfig: Setting CVar [[s.FlushStreamingOnExit:1]]
LogInit: Object subsystem initialized
LogConfig: Setting CVar [[con.DebugEarlyDefault:1]]
LogConfig: Setting CVar [[r.setres:1280x720]]
[2025.11.25-17.55.04:519][  0]LogConfig: Setting CVar [[r.VSync:0]]
[2025.11.25-17.55.04:519][  0]LogConfig: Setting CVar [[r.RHICmdBypass:0]]
[2025.11.25-17.55.04:519][  0]LogConfig: Applying CVar settings from Section [/Script/Engine.RendererSettings] File [E:/Unreal/Fumec_DevGames/Saved/Config/Windows/Engine.ini]
[2025.11.25-17.55.04:519][  0]LogConfig: Setting CVar [[r.GPUCrashDebugging:0]]
[2025.11.25-17.55.04:519][  0]LogConfig: Setting CVar [[r.Mobile.DisableVertexFog:1]]
[2025.11.25-17.55.04:519][  0]LogConfig: Setting CVar [[r.Shadow.CSM.MaxMobileCascades:2]]
[2025.11.25-17.55.04:519][  0]LogConfig: Setting CVar [[r.MobileMSAA:1]]
[2025.11.25-17.55.04:519][  0]LogConfig: Setting CVar [[r.Mobile.AllowDitheredLODTransition:0]]
[2025.11.25-17.55.04:519][  0]LogConfig: Setting CVar [[r.Mobile.AllowSoftwareOcclusion:0]]
[2025.11.25-17.55.04:519][  0]LogConfig: Setting CVar [[r.Mobile.VirtualTextures:0]]
[2025.11.25-17.55.04:519][  0]LogConfig: Setting CVar [[r.DiscardUnusedQuality:0]]
[2025.11.25-17.55.04:519][  0]LogConfig: Setting CVar [[r.AllowOcclusionQueries:1]]
[2025.11.25-17.55.04:519][  0]LogConfig: Setting CVar [[r.MinScreenRadiusForLights:0.030000]]
[2025.11.25-17.55.04:519][  0]LogConfig: Setting CVar [[r.MinScreenRadiusForDepthPrepass:0.030000]]
[2025.11.25-17.55.04:519][  0]LogConfig: Setting CVar [[r.MinScreenRadiusForCSMDepth:0.010000]]
[2025.11.25-17.55.04:519][  0]LogConfig: Setting CVar [[r.PrecomputedVisibilityWarning:0]]
[2025.11.25-17.55.04:519][  0]LogConfig: Setting CVar [[r.TextureStreaming:1]]
[2025.11.25-17.55.04:519][  0]LogConfig: Setting CVar [[Compat.UseDXT5NormalMaps:0]]
[2025.11.25-17.55.04:519][  0]LogConfig: Setting CVar [[r.VirtualTextures:0]]
[2025.11.25-17.55.04:519][  0]LogConfig: Setting CVar [[r.VT.EnableAutoImport:1]]
[2025.11.25-17.55.04:519][  0]LogConfig: Setting CVar [[r.VirtualTexturedLightmaps:0]]
[2025.11.25-17.55.04:519][  0]LogConfig: Setting CVar [[r.VT.TileSize:128]]
[2025.11.25-17.55.04:519][  0]LogConfig: Setting CVar [[r.VT.TileBorderSize:4]]
[2025.11.25-17.55.04:519][  0]LogConfig: Setting CVar [[r.vt.FeedbackFactor:16]]
[2025.11.25-17.55.04:519][  0]LogConfig: Setting CVar [[r.VT.EnableCompressZlib:1]]
[2025.11.25-17.55.04:519][  0]LogConfig: Setting CVar [[r.VT.EnableCompressCrunch:0]]
[2025.11.25-17.55.04:520][  0]LogConfig: Setting CVar [[r.ClearCoatNormal:0]]
[2025.11.25-17.55.04:520][  0]LogConfig: Setting CVar [[r.ReflectionCaptureResolution:128]]
[2025.11.25-17.55.04:520][  0]LogConfig: Setting CVar [[r.Mobile.ReflectionCaptureCompression:0]]
[2025.11.25-17.55.04:520][  0]LogConfig: Setting CVar [[r.ReflectionEnvironmentLightmapMixBasedOnRoughness:1]]
[2025.11.25-17.55.04:520][  0]LogConfig: Setting CVar [[r.ForwardShading:0]]
[2025.11.25-17.55.04:520][  0]LogConfig: Setting CVar [[r.VertexFoggingForOpaque:1]]
[2025.11.25-17.55.04:520][  0]LogConfig: Setting CVar [[r.AllowStaticLighting:1]]
[2025.11.25-17.55.04:520][  0]LogConfig: Setting CVar [[r.NormalMapsForStaticLighting:0]]
[2025.11.25-17.55.04:520][  0]LogConfig: Setting CVar [[r.GenerateMeshDistanceFields:0]]
[2025.11.25-17.55.04:520][  0]LogConfig: Setting CVar [[r.DistanceFieldBuild.EightBit:0]]
[2025.11.25-17.55.04:520][  0]LogConfig: Setting CVar [[r.GenerateLandscapeGIData:0]]
[2025.11.25-17.55.04:520][  0]LogConfig: Setting CVar [[r.DistanceFieldBuild.Compress:0]]
[2025.11.25-17.55.04:520][  0]LogConfig: Setting CVar [[r.TessellationAdaptivePixelsPerTriangle:48.000000]]
[2025.11.25-17.55.04:520][  0]LogConfig: Setting CVar [[r.SeparateTranslucency:1]]
[2025.11.25-17.55.04:520][  0]LogConfig: Setting CVar [[r.TranslucentSortPolicy:0]]
[2025.11.25-17.55.04:520][  0]LogConfig: Setting CVar [[vr.VRS.HMDFixedFoveationLevel:0]]
[2025.11.25-17.55.04:520][  0]LogConfig: Setting CVar [[r.CustomDepth:1]]
[2025.11.25-17.55.04:520][  0]LogConfig: Setting CVar [[r.CustomDepthTemporalAAJitter:1]]
[2025.11.25-17.55.04:520][  0]LogConfig: Setting CVar [[r.PostProcessing.PropagateAlpha:0]]
[2025.11.25-17.55.04:520][  0]LogConfig: Setting CVar [[r.DefaultFeature.Bloom:1]]
[2025.11.25-17.55.04:520][  0]LogConfig: Setting CVar [[r.DefaultFeature.AmbientOcclusion:1]]
[2025.11.25-17.55.04:520][  0]LogConfig: Setting CVar [[r.DefaultFeature.AmbientOcclusionStaticFraction:1]]
[2025.11.25-17.55.04:520][  0]LogConfig: Setting CVar [[r.DefaultFeature.AutoExposure:0]]
[2025.11.25-17.55.04:520][  0]LogConfig: Setting CVar [[r.DefaultFeature.AutoExposure.Method:0]]
[2025.11.25-17.55.04:520][  0]LogConfig: Setting CVar [[r.DefaultFeature.AutoExposure.Bias:1.000000]]
[2025.11.25-17.55.04:520][  0]LogConfig: Setting CVar [[r.DefaultFeature.AutoExposure.ExtendDefaultLuminanceRange:0]]
[2025.11.25-17.55.04:520][  0]LogConfig: Setting CVar [[r.UsePreExposure:1]]
[2025.11.25-17.55.04:520][  0]LogConfig: Setting CVar [[r.EyeAdaptation.EditorOnly:0]]
[2025.11.25-17.55.04:520][  0]LogConfig: Setting CVar [[r.DefaultFeature.MotionBlur:0]]
[2025.11.25-17.55.04:520][  0]LogConfig: Setting CVar [[r.DefaultFeature.LensFlare:0]]
[2025.11.25-17.55.04:520][  0]LogConfig: Setting CVar [[r.TemporalAA.Upsampling:0]]
[2025.11.25-17.55.04:520][  0]LogConfig: Setting CVar [[r.SSGI.Enable:0]]
[2025.11.25-17.55.04:520][  0]LogConfig: Setting CVar [[r.DefaultFeature.AntiAliasing:0]]
[2025.11.25-17.55.04:520][  0]LogConfig: Setting CVar [[r.DefaultFeature.LightUnits:1]]
[2025.11.25-17.55.04:520][  0]LogConfig: Setting CVar [[r.DefaultBackBufferPixelFormat:4]]
[2025.11.25-17.55.04:520][  0]LogConfig: Setting CVar [[r.Shadow.UnbuiltPreviewInGame:1]]
[2025.11.25-17.55.04:520][  0]LogConfig: Setting CVar [[r.StencilForLODDither:0]]
[2025.11.25-17.55.04:520][  0]LogConfig: Setting CVar [[r.EarlyZPass:3]]
[2025.11.25-17.55.04:520][  0]LogConfig: Setting CVar [[r.EarlyZPassOnlyMaterialMasking:0]]
[2025.11.25-17.55.04:520][  0]LogConfig: Setting CVar [[r.DBuffer:1]]
[2025.11.25-17.55.04:520][  0]LogConfig: Setting CVar [[r.ClearSceneMethod:1]]
[2025.11.25-17.55.04:520][  0]LogConfig: Setting CVar [[r.BasePassOutputsVelocity:0]]
[2025.11.25-17.55.04:520][  0]LogConfig: Setting CVar [[r.VertexDeformationOutputsVelocity:0]]
[2025.11.25-17.55.04:520][  0]LogConfig: Setting CVar [[r.SelectiveBasePassOutputs:0]]
[2025.11.25-17.55.04:520][  0]LogConfig: Setting CVar [[fx.GPUSimulationTextureSizeX:1024]]
[2025.11.25-17.55.04:520][  0]LogConfig: Setting CVar [[fx.GPUSimulationTextureSizeY:1024]]
[2025.11.25-17.55.04:520][  0]LogConfig: Setting CVar [[r.AllowGlobalClipPlane:0]]
[2025.11.25-17.55.04:520][  0]LogConfig: Setting CVar [[r.GBufferFormat:1]]
[2025.11.25-17.55.04:520][  0]LogConfig: Setting CVar [[r.MorphTarget.Mode:1]]
[2025.11.25-17.55.04:520][  0]LogConfig: Setting CVar [[vr.InstancedStereo:0]]
[2025.11.25-17.55.04:520][  0]LogConfig: Setting CVar [[r.MobileHDR:1]]
[2025.11.25-17.55.04:520][  0]LogConfig: Setting CVar [[vr.MobileMultiView:0]]
[2025.11.25-17.55.04:520][  0]LogConfig: Setting CVar [[r.Mobile.UseHWsRGBEncoding:0]]
[2025.11.25-17.55.04:520][  0]LogConfig: Setting CVar [[vr.RoundRobinOcclusion:0]]
[2025.11.25-17.55.04:520][  0]LogConfig: Setting CVar [[vr.ODSCapture:0]]
[2025.11.25-17.55.04:520][  0]LogConfig: Setting CVar [[r.MeshStreaming:0]]
[2025.11.25-17.55.04:520][  0]LogConfig: Setting CVar [[r.WireframeCullThreshold:5.000000]]
[2025.11.25-17.55.04:520][  0]LogConfig: Setting CVar [[r.RayTracing:0]]
[2025.11.25-17.55.04:520][  0]LogConfig: Setting CVar [[r.RayTracing.UseTextureLod:0]]
[2025.11.25-17.55.04:520][  0]LogConfig: Setting CVar [[r.SupportStationarySkylight:1]]
[2025.11.25-17.55.04:520][  0]LogConfig: Setting CVar [[r.SupportLowQualityLightmaps:1]]
[2025.11.25-17.55.04:520][  0]LogConfig: Setting CVar [[r.SupportPointLightWholeSceneShadows:1]]
[2025.11.25-17.55.04:520][  0]LogConfig: Setting CVar [[r.SupportAtmosphericFog:1]]
[2025.11.25-17.55.04:520][  0]LogConfig: Setting CVar [[r.SupportSkyAtmosphere:1]]
[2025.11.25-17.55.04:520][  0]LogConfig: Setting CVar [[r.SupportSkyAtmosphereAffectsHeightFog:0]]
[2025.11.25-17.55.04:520][  0]LogConfig: Setting CVar [[r.SkinCache.CompileShaders:0]]
[2025.11.25-17.55.04:520][  0]LogConfig: Setting CVar [[r.SkinCache.DefaultBehavior:1]]
[2025.11.25-17.55.04:520][  0]LogConfig: Setting CVar [[r.SkinCache.SceneMemoryLimitInMB:128.000000]]
[2025.11.25-17.55.04:520][  0]LogConfig: Setting CVar [[r.Mobile.EnableStaticAndCSMShadowReceivers:1]]
[2025.11.25-17.55.04:520][  0]LogConfig: Setting CVar [[r.Mobile.EnableMovableLightCSMShaderCulling:1]]
[2025.11.25-17.55.04:520][  0]LogConfig: Setting CVar [[r.Mobile.AllowDistanceFieldShadows:1]]
[2025.11.25-17.55.04:520][  0]LogConfig: Setting CVar [[r.Mobile.AllowMovableDirectionalLights:1]]
[2025.11.25-17.55.04:520][  0]LogConfig: Setting CVar [[r.MobileNumDynamicPointLights:4]]
[2025.11.25-17.55.04:520][  0]LogConfig: Setting CVar [[r.MobileDynamicPointLightsUseStaticBranch:1]]
[2025.11.25-17.55.04:520][  0]LogConfig: Setting CVar [[r.Mobile.EnableMovableSpotlights:0]]
[2025.11.25-17.55.04:520][  0]LogConfig: Setting CVar [[r.Mobile.EnableMovableSpotlightsShadow:0]]
[2025.11.25-17.55.04:520][  0]LogConfig: Setting CVar [[r.GPUSkin.Support16BitBoneIndex:0]]
[2025.11.25-17.55.04:520][  0]LogConfig: Setting CVar [[r.GPUSkin.Limit2BoneInfluences:0]]
[2025.11.25-17.55.04:520][  0]LogConfig: Setting CVar [[r.SupportDepthOnlyIndexBuffers:1]]
[2025.11.25-17.55.04:520][  0]LogConfig: Setting CVar [[r.SupportReversedIndexBuffers:1]]
[2025.11.25-17.55.04:521][  0]LogConfig: Setting CVar [[r.LightPropagationVolume:0]]
[2025.11.25-17.55.04:521][  0]LogConfig: Setting CVar [[r.Mobile.AmbientOcclusion:0]]
[2025.11.25-17.55.04:521][  0]LogConfig: Setting CVar [[r.GPUSkin.UnlimitedBoneInfluences:0]]
[2025.11.25-17.55.04:521][  0]LogConfig: Setting CVar [[r.GPUSkin.UnlimitedBoneInfluencesThreshold:8]]
[2025.11.25-17.55.04:521][  0]LogConfig: Setting CVar [[r.Mobile.PlanarReflectionMode:0]]
[2025.11.25-17.55.04:521][  0]LogConfig: Setting CVar [[r.Mobile.SupportsGen4TAA:0]]
[2025.11.25-17.55.04:521][  0]LogConfig: Applying CVar settings from Section [/Script/Engine.RendererOverrideSettings] File [E:/Unreal/Fumec_DevGames/Saved/Config/Windows/Engine.ini]
[2025.11.25-17.55.04:521][  0]LogConfig: Applying CVar settings from Section [/Script/Engine.StreamingSettings] File [E:/Unreal/Fumec_DevGames/Saved/Config/Windows/Engine.ini]
[2025.11.25-17.55.04:521][  0]LogConfig: Setting CVar [[s.MinBulkDataSizeForAsyncLoading:131072]]
[2025.11.25-17.55.04:521][  0]LogConfig: Setting CVar [[s.AsyncLoadingThreadEnabled:0]]
[2025.11.25-17.55.04:521][  0]LogConfig: Setting CVar [[s.EventDrivenLoaderEnabled:1]]
[2025.11.25-17.55.04:521][  0]LogConfig: Setting CVar [[s.WarnIfTimeLimitExceeded:0]]
[2025.11.25-17.55.04:521][  0]LogConfig: Setting CVar [[s.TimeLimitExceededMultiplier:1.5]]
[2025.11.25-17.55.04:521][  0]LogConfig: Setting CVar [[s.TimeLimitExceededMinTime:0.005]]
[2025.11.25-17.55.04:521][  0]LogConfig: Setting CVar [[s.UseBackgroundLevelStreaming:1]]
[2025.11.25-17.55.04:521][  0]LogConfig: Setting CVar [[s.PriorityAsyncLoadingExtraTime:15.0]]
[2025.11.25-17.55.04:521][  0]LogConfig: Setting CVar [[s.LevelStreamingActorsUpdateTimeLimit:5.0]]
[2025.11.25-17.55.04:521][  0]LogConfig: Setting CVar [[s.PriorityLevelStreamingActorsUpdateExtraTime:5.0]]
[2025.11.25-17.55.04:521][  0]LogConfig: Setting CVar [[s.LevelStreamingComponentsRegistrationGranularity:10]]
[2025.11.25-17.55.04:521][  0]LogConfig: Setting CVar [[s.UnregisterComponentsTimeLimit:1.0]]
[2025.11.25-17.55.04:521][  0]LogConfig: Setting CVar [[s.LevelStreamingComponentsUnregistrationGranularity:5]]
[2025.11.25-17.55.04:521][  0]LogConfig: Setting CVar [[s.FlushStreamingOnExit:1]]
[2025.11.25-17.55.04:521][  0]LogConfig: Applying CVar settings from Section [/Script/Engine.GarbageCollectionSettings] File [E:/Unreal/Fumec_DevGames/Saved/Config/Windows/Engine.ini]
[2025.11.25-17.55.04:521][  0]LogConfig: Setting CVar [[gc.MaxObjectsNotConsideredByGC:1]]
[2025.11.25-17.55.04:521][  0]LogConfig: Setting CVar [[gc.SizeOfPermanentObjectPool:0]]
[2025.11.25-17.55.04:521][  0]LogConfig: Setting CVar [[gc.FlushStreamingOnGC:0]]
[2025.11.25-17.55.04:521][  0]LogConfig: Setting CVar [[gc.NumRetriesBeforeForcingGC:10]]
[2025.11.25-17.55.04:521][  0]LogConfig: Setting CVar [[gc.AllowParallelGC:1]]
[2025.11.25-17.55.04:521][  0]LogConfig: Setting CVar [[gc.TimeBetweenPurgingPendingKillObjects:61.1]]
[2025.11.25-17.55.04:521][  0]LogConfig: Setting CVar [[gc.MaxObjectsInEditor:25165824]]
[2025.11.25-17.55.04:521][  0]LogConfig: Setting CVar [[gc.IncrementalBeginDestroyEnabled:1]]
[2025.11.25-17.55.04:521][  0]LogConfig: Setting CVar [[gc.CreateGCClusters:1]]
[2025.11.25-17.55.04:521][  0]LogConfig: Setting CVar [[gc.MinGCClusterSize:5]]
[2025.11.25-17.55.04:521][  0]LogConfig: Setting CVar [[gc.ActorClusteringEnabled:0]]
[2025.11.25-17.55.04:521][  0]LogConfig: Setting CVar [[gc.BlueprintClusteringEnabled:0]]
[2025.11.25-17.55.04:521][  0]LogConfig: Setting CVar [[gc.UseDisregardForGCOnDedicatedServers:0]]
[2025.11.25-17.55.04:521][  0]LogConfig: Setting CVar [[gc.MultithreadedDestructionEnabled:1]]
[2025.11.25-17.55.04:521][  0]LogConfig: Applying CVar settings from Section [/Script/Engine.NetworkSettings] File [E:/Unreal/Fumec_DevGames/Saved/Config/Windows/Engine.ini]
[2025.11.25-17.55.04:521][  0]LogConfig: Applying CVar settings from Section [/Script/UnrealEd.CookerSettings] File [E:/Unreal/Fumec_DevGames/Saved/Config/Windows/Engine.ini]
[2025.11.25-17.55.04:525][  0]LogConfig: Applying CVar settings from Section [ViewDistanceQuality@3] File [E:/Unreal/Fumec_DevGames/Saved/Config/Windows/Scalability.ini]
[2025.11.25-17.55.04:525][  0]LogConfig: Setting CVar [[r.SkeletalMeshLODBias:0]]
[2025.11.25-17.55.04:525][  0]LogConfig: Setting CVar [[r.ViewDistanceScale:1.0]]
[2025.11.25-17.55.04:525][  0]LogConfig: Applying CVar settings from Section [AntiAliasingQuality@3] File [E:/Unreal/Fumec_DevGames/Saved/Config/Windows/Scalability.ini]
[2025.11.25-17.55.04:525][  0]LogConfig: Setting CVar [[r.PostProcessAAQuality:4]]
[2025.11.25-17.55.04:525][  0]LogConfig: Applying CVar settings from Section [ShadowQuality@3] File [E:/Unreal/Fumec_DevGames/Saved/Config/Windows/Scalability.ini]
[2025.11.25-17.55.04:525][  0]LogConfig: Setting CVar [[r.LightFunctionQuality:1]]
[2025.11.25-17.55.04:525][  0]LogConfig: Setting CVar [[r.ShadowQuality:5]]
[2025.11.25-17.55.04:525][  0]LogConfig: Setting CVar [[r.Shadow.CSM.MaxCascades:10]]
[2025.11.25-17.55.04:525][  0]LogConfig: Setting CVar [[r.Shadow.MaxResolution:2048]]
[2025.11.25-17.55.04:525][  0]LogConfig: Setting CVar [[r.Shadow.MaxCSMResolution:2048]]
[2025.11.25-17.55.04:526][  0]LogConfig: Setting CVar [[r.Shadow.RadiusThreshold:0.01]]
[2025.11.25-17.55.04:526][  0]LogConfig: Setting CVar [[r.Shadow.DistanceScale:1.0]]
[2025.11.25-17.55.04:526][  0]LogConfig: Setting CVar [[r.Shadow.CSM.TransitionScale:1.0]]
[2025.11.25-17.55.04:526][  0]LogConfig: Setting CVar [[r.Shadow.PreShadowResolutionFactor:1.0]]
[2025.11.25-17.55.04:526][  0]LogConfig: Setting CVar [[r.DistanceFieldShadowing:1]]
[2025.11.25-17.55.04:526][  0]LogConfig: Setting CVar [[r.DistanceFieldAO:1]]
[2025.11.25-17.55.04:526][  0]LogConfig: Setting CVar [[r.AOQuality:2]]
[2025.11.25-17.55.04:526][  0]LogConfig: Setting CVar [[r.VolumetricFog:1]]
[2025.11.25-17.55.04:526][  0]LogConfig: Setting CVar [[r.VolumetricFog.GridPixelSize:8]]
[2025.11.25-17.55.04:526][  0]LogConfig: Setting CVar [[r.VolumetricFog.GridSizeZ:128]]
[2025.11.25-17.55.04:526][  0]LogConfig: Setting CVar [[r.VolumetricFog.HistoryMissSupersampleCount:4]]
[2025.11.25-17.55.04:526][  0]LogConfig: Setting CVar [[r.LightMaxDrawDistanceScale:1]]
[2025.11.25-17.55.04:526][  0]LogConfig: Setting CVar [[r.CapsuleShadows:1]]
[2025.11.25-17.55.04:526][  0]LogConfig: Applying CVar settings from Section [PostProcessQuality@3] File [E:/Unreal/Fumec_DevGames/Saved/Config/Windows/Scalability.ini]
[2025.11.25-17.55.04:526][  0]LogConfig: Setting CVar [[r.MotionBlurQuality:4]]
[2025.11.25-17.55.04:526][  0]LogConfig: Setting CVar [[r.AmbientOcclusionMipLevelFactor:0.4]]
[2025.11.25-17.55.04:526][  0]LogConfig: Setting CVar [[r.AmbientOcclusionMaxQuality:100]]
[2025.11.25-17.55.04:526][  0]LogConfig: Setting CVar [[r.AmbientOcclusionLevels:-1]]
[2025.11.25-17.55.04:526][  0]LogConfig: Setting CVar [[r.AmbientOcclusionRadiusScale:1.0]]
[2025.11.25-17.55.04:526][  0]LogConfig: Setting CVar [[r.DepthOfFieldQuality:2]]
[2025.11.25-17.55.04:526][  0]LogConfig: Setting CVar [[r.RenderTargetPoolMin:400]]
[2025.11.25-17.55.04:526][  0]LogConfig: Setting CVar [[r.LensFlareQuality:2]]
[2025.11.25-17.55.04:526][  0]LogConfig: Setting CVar [[r.SceneColorFringeQuality:1]]
[2025.11.25-17.55.04:526][  0]LogConfig: Setting CVar [[r.EyeAdaptationQuality:2]]
[2025.11.25-17.55.04:526][  0]LogConfig: Setting CVar [[r.BloomQuality:5]]
[2025.11.25-17.55.04:526][  0]LogConfig: Setting CVar [[r.FastBlurThreshold:100]]
[2025.11.25-17.55.04:526][  0]LogConfig: Setting CVar [[r.Upscale.Quality:3]]
[2025.11.25-17.55.04:526][  0]LogConfig: Setting CVar [[r.Tonemapper.GrainQuantization:1]]
[2025.11.25-17.55.04:526][  0]LogConfig: Setting CVar [[r.LightShaftQuality:1]]
[2025.11.25-17.55.04:526][  0]LogConfig: Setting CVar [[r.Filter.SizeScale:1]]
[2025.11.25-17.55.04:526][  0]LogConfig: Setting CVar [[r.Tonemapper.Quality:5]]
[2025.11.25-17.55.04:526][  0]LogConfig: Setting CVar [[r.DOF.Gather.AccumulatorQuality:1        ; higher gathering accumulator quality]]
[2025.11.25-17.55.04:526][  0]LogConfig: Setting CVar [[r.DOF.Gather.PostfilterMethod:1          ; Median3x3 postfilering method]]
[2025.11.25-17.55.04:526][  0]LogConfig: Setting CVar [[r.DOF.Gather.EnableBokehSettings:0       ; no bokeh simulation when gathering]]
[2025.11.25-17.55.04:526][  0]LogConfig: Setting CVar [[r.DOF.Gather.RingCount:4                 ; medium number of samples when gathering]]
[2025.11.25-17.55.04:526][  0]LogConfig: Setting CVar [[r.DOF.Scatter.ForegroundCompositing:1    ; additive foreground scattering]]
[2025.11.25-17.55.04:526][  0]LogConfig: Setting CVar [[r.DOF.Scatter.BackgroundCompositing:2    ; additive background scattering]]
[2025.11.25-17.55.04:526][  0]LogConfig: Setting CVar [[r.DOF.Scatter.EnableBokehSettings:1      ; bokeh simulation when scattering]]
[2025.11.25-17.55.04:526][  0]LogConfig: Setting CVar [[r.DOF.Scatter.MaxSpriteRatio:0.1         ; only a maximum of 10% of scattered bokeh]]
[2025.11.25-17.55.04:526][  0]LogConfig: Setting CVar [[r.DOF.Recombine.Quality:1                ; cheap slight out of focus]]
[2025.11.25-17.55.04:526][  0]LogConfig: Setting CVar [[r.DOF.Recombine.EnableBokehSettings:0    ; no bokeh simulation on slight out of focus]]
[2025.11.25-17.55.04:526][  0]LogConfig: Setting CVar [[r.DOF.TemporalAAQuality:1                ; more stable temporal accumulation]]
[2025.11.25-17.55.04:526][  0]LogConfig: Setting CVar [[r.DOF.Kernel.MaxForegroundRadius:0.025]]
[2025.11.25-17.55.04:526][  0]LogConfig: Setting CVar [[r.DOF.Kernel.MaxBackgroundRadius:0.025]]
[2025.11.25-17.55.04:526][  0]LogConfig: Applying CVar settings from Section [TextureQuality@3] File [E:/Unreal/Fumec_DevGames/Saved/Config/Windows/Scalability.ini]
[2025.11.25-17.55.04:526][  0]LogConfig: Setting CVar [[r.Streaming.MipBias:0]]
[2025.11.25-17.55.04:526][  0]LogConfig: Setting CVar [[r.Streaming.AmortizeCPUToGPUCopy:0]]
[2025.11.25-17.55.04:526][  0]LogConfig: Setting CVar [[r.Streaming.MaxNumTexturesToStreamPerFrame:0]]
[2025.11.25-17.55.04:526][  0]LogConfig: Setting CVar [[r.Streaming.Boost:1]]
[2025.11.25-17.55.04:526][  0]LogConfig: Setting CVar [[r.MaxAnisotropy:8]]
[2025.11.25-17.55.04:526][  0]LogConfig: Setting CVar [[r.VT.MaxAnisotropy:8]]
[2025.11.25-17.55.04:526][  0]LogConfig: Setting CVar [[r.Streaming.LimitPoolSizeToVRAM:0]]
[2025.11.25-17.55.04:526][  0]LogConfig: Setting CVar [[r.Streaming.PoolSize:1000]]
[2025.11.25-17.55.04:526][  0]LogConfig: Setting CVar [[r.Streaming.MaxEffectiveScreenSize:0]]
[2025.11.25-17.55.04:526][  0]LogConfig: Applying CVar settings from Section [EffectsQuality@3] File [E:/Unreal/Fumec_DevGames/Saved/Config/Windows/Scalability.ini]
[2025.11.25-17.55.04:526][  0]LogConfig: Setting CVar [[r.TranslucencyLightingVolumeDim:64]]
[2025.11.25-17.55.04:526][  0]LogConfig: Setting CVar [[r.RefractionQuality:2]]
[2025.11.25-17.55.04:526][  0]LogConfig: Setting CVar [[r.SSR.Quality:3]]
[2025.11.25-17.55.04:526][  0]LogConfig: Setting CVar [[r.SSR.HalfResSceneColor:0]]
[2025.11.25-17.55.04:526][  0]LogConfig: Setting CVar [[r.SceneColorFormat:4]]
[2025.11.25-17.55.04:526][  0]LogConfig: Setting CVar [[r.DetailMode:2]]
[2025.11.25-17.55.04:526][  0]LogConfig: Setting CVar [[r.TranslucencyVolumeBlur:1]]
[2025.11.25-17.55.04:526][  0]LogConfig: Setting CVar [[r.MaterialQualityLevel:1 ; High quality]]
[2025.11.25-17.55.04:526][  0]LogConfig: Setting CVar [[r.AnisotropicMaterials:1]]
[2025.11.25-17.55.04:526][  0]LogConfig: Setting CVar [[r.SSS.Scale:1]]
[2025.11.25-17.55.04:526][  0]LogConfig: Setting CVar [[r.SSS.SampleSet:2]]
[2025.11.25-17.55.04:526][  0]LogConfig: Setting CVar [[r.SSS.Quality:1]]
[2025.11.25-17.55.04:526][  0]LogConfig: Setting CVar [[r.SSS.HalfRes:0]]
[2025.11.25-17.55.04:526][  0]LogConfig: Setting CVar [[r.SSGI.Quality:3]]
[2025.11.25-17.55.04:526][  0]LogConfig: Setting CVar [[r.EmitterSpawnRateScale:1.0]]
[2025.11.25-17.55.04:526][  0]LogConfig: Setting CVar [[r.ParticleLightQuality:2]]
[2025.11.25-17.55.04:526][  0]LogConfig: Setting CVar [[r.SkyAtmosphere.AerialPerspectiveLUT.FastApplyOnOpaque:1 ; Always have FastSkyLUT 1 in this case to avoid wrong sky]]
[2025.11.25-17.55.04:526][  0]LogConfig: Setting CVar [[r.SkyAtmosphere.AerialPerspectiveLUT.SampleCountMaxPerSlice:4]]
[2025.11.25-17.55.04:526][  0]LogConfig: Setting CVar [[r.SkyAtmosphere.AerialPerspectiveLUT.DepthResolution:16.0]]
[2025.11.25-17.55.04:526][  0]LogConfig: Setting CVar [[r.SkyAtmosphere.FastSkyLUT:1]]
[2025.11.25-17.55.04:526][  0]LogConfig: Setting CVar [[r.SkyAtmosphere.FastSkyLUT.SampleCountMin:4.0]]
[2025.11.25-17.55.04:526][  0]LogConfig: Setting CVar [[r.SkyAtmosphere.FastSkyLUT.SampleCountMax:128.0]]
[2025.11.25-17.55.04:526][  0]LogConfig: Setting CVar [[r.SkyAtmosphere.SampleCountMin:4.0]]
[2025.11.25-17.55.04:526][  0]LogConfig: Setting CVar [[r.SkyAtmosphere.SampleCountMax:128.0]]
[2025.11.25-17.55.04:526][  0]LogConfig: Setting CVar [[r.SkyAtmosphere.TransmittanceLUT.UseSmallFormat:0]]
[2025.11.25-17.55.04:526][  0]LogConfig: Setting CVar [[r.SkyAtmosphere.TransmittanceLUT.SampleCount:10.0]]
[2025.11.25-17.55.04:526][  0]LogConfig: Setting CVar [[r.SkyAtmosphere.MultiScatteringLUT.SampleCount:15.0]]
[2025.11.25-17.55.04:526][  0]LogConfig: Setting CVar [[r.SkyLight.RealTimeReflectionCapture:1]]
[2025.11.25-17.55.04:526][  0]LogConfig: Applying CVar settings from Section [FoliageQuality@3] File [E:/Unreal/Fumec_DevGames/Saved/Config/Windows/Scalability.ini]
[2025.11.25-17.55.04:527][  0]LogConfig: Setting CVar [[foliage.DensityScale:1.0]]
[2025.11.25-17.55.04:527][  0]LogConfig: Setting CVar [[grass.DensityScale:1.0]]
[2025.11.25-17.55.04:527][  0]LogConfig: Applying CVar settings from Section [ShadingQuality@3] File [E:/Unreal/Fumec_DevGames/Saved/Config/Windows/Scalability.ini]
[2025.11.25-17.55.04:527][  0]LogConfig: Setting CVar [[r.HairStrands.SkyLighting.IntegrationType:2]]
[2025.11.25-17.55.04:527][  0]LogConfig: Setting CVar [[r.HairStrands.SkyAO.SampleCount:4]]
[2025.11.25-17.55.04:527][  0]LogConfig: Setting CVar [[r.HairStrands.Visibility.MSAA.SamplePerPixel:4]]
[2025.11.25-17.55.04:527][  0]LogInit: Selected Device Profile: [Windows]
[2025.11.25-17.55.04:527][  0]LogInit: Applying CVar settings loaded from the selected device profile: [Windows]
[2025.11.25-17.55.04:527][  0]LogHAL: Display: Platform has ~ 14 GB [14968041472 / 17179869184 / 14], which maps to Larger [LargestMinGB=32, LargerMinGB=12, DefaultMinGB=8, SmallerMinGB=6, SmallestMinGB=0)
[2025.11.25-17.55.04:527][  0]LogInit: Going up to parent DeviceProfile []
[2025.11.25-17.55.04:527][  0]LogConfig: Applying CVar settings from Section [ViewDistanceQuality@3] File [E:/Unreal/Fumec_DevGames/Saved/Config/Windows/Scalability.ini]
[2025.11.25-17.55.04:527][  0]LogConfig: Setting CVar [[r.SkeletalMeshLODBias:0]]
[2025.11.25-17.55.04:527][  0]LogConfig: Setting CVar [[r.ViewDistanceScale:1.0]]
[2025.11.25-17.55.04:527][  0]LogConfig: Applying CVar settings from Section [AntiAliasingQuality@3] File [E:/Unreal/Fumec_DevGames/Saved/Config/Windows/Scalability.ini]
[2025.11.25-17.55.04:527][  0]LogConfig: Setting CVar [[r.PostProcessAAQuality:4]]
[2025.11.25-17.55.04:527][  0]LogConfig: Applying CVar settings from Section [ShadowQuality@3] File [E:/Unreal/Fumec_DevGames/Saved/Config/Windows/Scalability.ini]
[2025.11.25-17.55.04:527][  0]LogConfig: Setting CVar [[r.LightFunctionQuality:1]]
[2025.11.25-17.55.04:527][  0]LogConfig: Setting CVar [[r.ShadowQuality:5]]
[2025.11.25-17.55.04:527][  0]LogConfig: Setting CVar [[r.Shadow.CSM.MaxCascades:10]]
[2025.11.25-17.55.04:527][  0]LogConfig: Setting CVar [[r.Shadow.MaxResolution:2048]]
[2025.11.25-17.55.04:527][  0]LogConfig: Setting CVar [[r.Shadow.MaxCSMResolution:2048]]
[2025.11.25-17.55.04:527][  0]LogConfig: Setting CVar [[r.Shadow.RadiusThreshold:0.01]]
[2025.11.25-17.55.04:527][  0]LogConfig: Setting CVar [[r.Shadow.DistanceScale:1.0]]
[2025.11.25-17.55.04:527][  0]LogConfig: Setting CVar [[r.Shadow.CSM.TransitionScale:1.0]]
[2025.11.25-17.55.04:527][  0]LogConfig: Setting CVar [[r.Shadow.PreShadowResolutionFactor:1.0]]
[2025.11.25-17.55.04:527][  0]LogConfig: Setting CVar [[r.DistanceFieldShadowing:1]]
[2025.11.25-17.55.04:527][  0]LogConfig: Setting CVar [[r.DistanceFieldAO:1]]
[2025.11.25-17.55.04:527][  0]LogConfig: Setting CVar [[r.AOQuality:2]]
[2025.11.25-17.55.04:527][  0]LogConfig: Setting CVar [[r.VolumetricFog:1]]
[2025.11.25-17.55.04:527][  0]LogConfig: Setting CVar [[r.VolumetricFog.GridPixelSize:8]]
[2025.11.25-17.55.04:527][  0]LogConfig: Setting CVar [[r.VolumetricFog.GridSizeZ:128]]
[2025.11.25-17.55.04:527][  0]LogConfig: Setting CVar [[r.VolumetricFog.HistoryMissSupersampleCount:4]]
[2025.11.25-17.55.04:527][  0]LogConfig: Setting CVar [[r.LightMaxDrawDistanceScale:1]]
[2025.11.25-17.55.04:527][  0]LogConfig: Setting CVar [[r.CapsuleShadows:1]]
[2025.11.25-17.55.04:527][  0]LogConfig: Applying CVar settings from Section [PostProcessQuality@3] File [E:/Unreal/Fumec_DevGames/Saved/Config/Windows/Scalability.ini]
[2025.11.25-17.55.04:527][  0]LogConfig: Setting CVar [[r.MotionBlurQuality:4]]
[2025.11.25-17.55.04:527][  0]LogConfig: Setting CVar [[r.AmbientOcclusionMipLevelFactor:0.4]]
[2025.11.25-17.55.04:527][  0]LogConfig: Setting CVar [[r.AmbientOcclusionMaxQuality:100]]
[2025.11.25-17.55.04:527][  0]LogConfig: Setting CVar [[r.AmbientOcclusionLevels:-1]]
[2025.11.25-17.55.04:527][  0]LogConfig: Setting CVar [[r.AmbientOcclusionRadiusScale:1.0]]
[2025.11.25-17.55.04:527][  0]LogConfig: Setting CVar [[r.DepthOfFieldQuality:2]]
[2025.11.25-17.55.04:527][  0]LogConfig: Setting CVar [[r.RenderTargetPoolMin:400]]
[2025.11.25-17.55.04:527][  0]LogConfig: Setting CVar [[r.LensFlareQuality:2]]
[2025.11.25-17.55.04:527][  0]LogConfig: Setting CVar [[r.SceneColorFringeQuality:1]]
[2025.11.25-17.55.04:527][  0]LogConfig: Setting CVar [[r.EyeAdaptationQuality:2]]
[2025.11.25-17.55.04:527][  0]LogConfig: Setting CVar [[r.BloomQuality:5]]
[2025.11.25-17.55.04:527][  0]LogConfig: Setting CVar [[r.FastBlurThreshold:100]]
[2025.11.25-17.55.04:527][  0]LogConfig: Setting CVar [[r.Upscale.Quality:3]]
[2025.11.25-17.55.04:527][  0]LogConfig: Setting CVar [[r.Tonemapper.GrainQuantization:1]]
[2025.11.25-17.55.04:527][  0]LogConfig: Setting CVar [[r.LightShaftQuality:1]]
[2025.11.25-17.55.04:527][  0]LogConfig: Setting CVar [[r.Filter.SizeScale:1]]
[2025.11.25-17.55.04:527][  0]LogConfig: Setting CVar [[r.Tonemapper.Quality:5]]
[2025.11.25-17.55.04:527][  0]LogConfig: Setting CVar [[r.DOF.Gather.AccumulatorQuality:1        ; higher gathering accumulator quality]]
[2025.11.25-17.55.04:527][  0]LogConfig: Setting CVar [[r.DOF.Gather.PostfilterMethod:1          ; Median3x3 postfilering method]]
[2025.11.25-17.55.04:527][  0]LogConfig: Setting CVar [[r.DOF.Gather.EnableBokehSettings:0       ; no bokeh simulation when gathering]]
[2025.11.25-17.55.04:527][  0]LogConfig: Setting CVar [[r.DOF.Gather.RingCount:4                 ; medium number of samples when gathering]]
[2025.11.25-17.55.04:527][  0]LogConfig: Setting CVar [[r.DOF.Scatter.ForegroundCompositing:1    ; additive foreground scattering]]
[2025.11.25-17.55.04:527][  0]LogConfig: Setting CVar [[r.DOF.Scatter.BackgroundCompositing:2    ; additive background scattering]]
[2025.11.25-17.55.04:527][  0]LogConfig: Setting CVar [[r.DOF.Scatter.EnableBokehSettings:1      ; bokeh simulation when scattering]]
[2025.11.25-17.55.04:527][  0]LogConfig: Setting CVar [[r.DOF.Scatter.MaxSpriteRatio:0.1         ; only a maximum of 10% of scattered bokeh]]
[2025.11.25-17.55.04:527][  0]LogConfig: Setting CVar [[r.DOF.Recombine.Quality:1                ; cheap slight out of focus]]
[2025.11.25-17.55.04:527][  0]LogConfig: Setting CVar [[r.DOF.Recombine.EnableBokehSettings:0    ; no bokeh simulation on slight out of focus]]
[2025.11.25-17.55.04:527][  0]LogConfig: Setting CVar [[r.DOF.TemporalAAQuality:1                ; more stable temporal accumulation]]
[2025.11.25-17.55.04:527][  0]LogConfig: Setting CVar [[r.DOF.Kernel.MaxForegroundRadius:0.025]]
[2025.11.25-17.55.04:527][  0]LogConfig: Setting CVar [[r.DOF.Kernel.MaxBackgroundRadius:0.025]]
[2025.11.25-17.55.04:527][  0]LogConfig: Applying CVar settings from Section [TextureQuality@3] File [E:/Unreal/Fumec_DevGames/Saved/Config/Windows/Scalability.ini]
[2025.11.25-17.55.04:527][  0]LogConfig: Setting CVar [[r.Streaming.MipBias:0]]
[2025.11.25-17.55.04:527][  0]LogConfig: Setting CVar [[r.Streaming.AmortizeCPUToGPUCopy:0]]
[2025.11.25-17.55.04:527][  0]LogConfig: Setting CVar [[r.Streaming.MaxNumTexturesToStreamPerFrame:0]]
[2025.11.25-17.55.04:527][  0]LogConfig: Setting CVar [[r.Streaming.Boost:1]]
[2025.11.25-17.55.04:527][  0]LogConfig: Setting CVar [[r.MaxAnisotropy:8]]
[2025.11.25-17.55.04:527][  0]LogConfig: Setting CVar [[r.VT.MaxAnisotropy:8]]
[2025.11.25-17.55.04:527][  0]LogConfig: Setting CVar [[r.Streaming.LimitPoolSizeToVRAM:0]]
[2025.11.25-17.55.04:527][  0]LogConfig: Setting CVar [[r.Streaming.PoolSize:1000]]
[2025.11.25-17.55.04:527][  0]LogConfig: Setting CVar [[r.Streaming.MaxEffectiveScreenSize:0]]
[2025.11.25-17.55.04:527][  0]LogConfig: Applying CVar settings from Section [EffectsQuality@3] File [E:/Unreal/Fumec_DevGames/Saved/Config/Windows/Scalability.ini]
[2025.11.25-17.55.04:528][  0]LogConfig: Setting CVar [[r.TranslucencyLightingVolumeDim:64]]
[2025.11.25-17.55.04:528][  0]LogConfig: Setting CVar [[r.RefractionQuality:2]]
[2025.11.25-17.55.04:528][  0]LogConfig: Setting CVar [[r.SSR.Quality:3]]
[2025.11.25-17.55.04:528][  0]LogConfig: Setting CVar [[r.SSR.HalfResSceneColor:0]]
[2025.11.25-17.55.04:528][  0]LogConfig: Setting CVar [[r.SceneColorFormat:4]]
[2025.11.25-17.55.04:528][  0]LogConfig: Setting CVar [[r.DetailMode:2]]
[2025.11.25-17.55.04:528][  0]LogConfig: Setting CVar [[r.TranslucencyVolumeBlur:1]]
[2025.11.25-17.55.04:528][  0]LogConfig: Setting CVar [[r.MaterialQualityLevel:1 ; High quality]]
[2025.11.25-17.55.04:528][  0]LogConfig: Setting CVar [[r.AnisotropicMaterials:1]]
[2025.11.25-17.55.04:528][  0]LogConfig: Setting CVar [[r.SSS.Scale:1]]
[2025.11.25-17.55.04:528][  0]LogConfig: Setting CVar [[r.SSS.SampleSet:2]]
[2025.11.25-17.55.04:528][  0]LogConfig: Setting CVar [[r.SSS.Quality:1]]
[2025.11.25-17.55.04:528][  0]LogConfig: Setting CVar [[r.SSS.HalfRes:0]]
[2025.11.25-17.55.04:528][  0]LogConfig: Setting CVar [[r.SSGI.Quality:3]]
[2025.11.25-17.55.04:528][  0]LogConfig: Setting CVar [[r.EmitterSpawnRateScale:1.0]]
[2025.11.25-17.55.04:528][  0]LogConfig: Setting CVar [[r.ParticleLightQuality:2]]
[2025.11.25-17.55.04:528][  0]LogConfig: Setting CVar [[r.SkyAtmosphere.AerialPerspectiveLUT.FastApplyOnOpaque:1 ; Always have FastSkyLUT 1 in this case to avoid wrong sky]]
[2025.11.25-17.55.04:528][  0]LogConfig: Setting CVar [[r.SkyAtmosphere.AerialPerspectiveLUT.SampleCountMaxPerSlice:4]]
[2025.11.25-17.55.04:528][  0]LogConfig: Setting CVar [[r.SkyAtmosphere.AerialPerspectiveLUT.DepthResolution:16.0]]
[2025.11.25-17.55.04:528][  0]LogConfig: Setting CVar [[r.SkyAtmosphere.FastSkyLUT:1]]
[2025.11.25-17.55.04:528][  0]LogConfig: Setting CVar [[r.SkyAtmosphere.FastSkyLUT.SampleCountMin:4.0]]
[2025.11.25-17.55.04:528][  0]LogConfig: Setting CVar [[r.SkyAtmosphere.FastSkyLUT.SampleCountMax:128.0]]
[2025.11.25-17.55.04:528][  0]LogConfig: Setting CVar [[r.SkyAtmosphere.SampleCountMin:4.0]]
[2025.11.25-17.55.04:528][  0]LogConfig: Setting CVar [[r.SkyAtmosphere.SampleCountMax:128.0]]
[2025.11.25-17.55.04:528][  0]LogConfig: Setting CVar [[r.SkyAtmosphere.TransmittanceLUT.UseSmallFormat:0]]
[2025.11.25-17.55.04:528][  0]LogConfig: Setting CVar [[r.SkyAtmosphere.TransmittanceLUT.SampleCount:10.0]]
[2025.11.25-17.55.04:528][  0]LogConfig: Setting CVar [[r.SkyAtmosphere.MultiScatteringLUT.SampleCount:15.0]]
[2025.11.25-17.55.04:528][  0]LogConfig: Setting CVar [[r.SkyLight.RealTimeReflectionCapture:1]]
[2025.11.25-17.55.04:528][  0]LogConfig: Applying CVar settings from Section [FoliageQuality@3] File [E:/Unreal/Fumec_DevGames/Saved/Config/Windows/Scalability.ini]
[2025.11.25-17.55.04:528][  0]LogConfig: Setting CVar [[foliage.DensityScale:1.0]]
[2025.11.25-17.55.04:528][  0]LogConfig: Setting CVar [[grass.DensityScale:1.0]]
[2025.11.25-17.55.04:528][  0]LogConfig: Applying CVar settings from Section [ShadingQuality@3] File [E:/Unreal/Fumec_DevGames/Saved/Config/Windows/Scalability.ini]
[2025.11.25-17.55.04:528][  0]LogConfig: Setting CVar [[r.HairStrands.SkyLighting.IntegrationType:2]]
[2025.11.25-17.55.04:528][  0]LogConfig: Setting CVar [[r.HairStrands.SkyAO.SampleCount:4]]
[2025.11.25-17.55.04:528][  0]LogConfig: Setting CVar [[r.HairStrands.Visibility.MSAA.SamplePerPixel:4]]
[2025.11.25-17.55.04:528][  0]LogConfig: Applying CVar settings from Section [Startup] File [../../../Engine/Config/ConsoleVariables.ini]
[2025.11.25-17.55.04:528][  0]LogConfig: Setting CVar [[net.UseAdaptiveNetUpdateFrequency:0]]
[2025.11.25-17.55.04:528][  0]LogConfig: Setting CVar [[p.chaos.AllowCreatePhysxBodies:1]]
[2025.11.25-17.55.04:528][  0]LogConfig: Setting CVar [[fx.SkipVectorVMBackendOptimizations:1]]
[2025.11.25-17.55.04:528][  0]LogConfig: Applying CVar settings from Section [ConsoleVariables] File [E:/Unreal/Fumec_DevGames/Saved/Config/Windows/Engine.ini]
[2025.11.25-17.55.04:528][  0]LogConfig: Applying CVar settings from Section [ConsoleVariables] File [E:/Unreal/Fumec_DevGames/Saved/Config/Windows/Editor.ini]
[2025.11.25-17.55.04:528][  0]LogInit: Computer: LUCY
[2025.11.25-17.55.04:528][  0]LogInit: User: Gabriel
[2025.11.25-17.55.04:528][  0]LogInit: CPU Page size=4096, Cores=4
[2025.11.25-17.55.04:528][  0]LogInit: High frequency timer resolution =10.000000 MHz
[2025.11.25-17.55.04:528][  0]LogMemory: Memory total: Physical=13.9GB (14GB approx)
[2025.11.25-17.55.04:528][  0]LogMemory: Platform Memory Stats for Windows
[2025.11.25-17.55.04:528][  0]LogMemory: Process Physical Memory: 147.55 MB used, 147.55 MB peak
[2025.11.25-17.55.04:528][  0]LogMemory: Process Virtual Memory: 128.73 MB used, 128.73 MB peak
[2025.11.25-17.55.04:529][  0]LogMemory: Physical Memory: 7889.60 MB used,  6385.04 MB free, 14274.64 MB total
[2025.11.25-17.55.04:529][  0]LogMemory: Virtual Memory: 134206752.00 MB used,  10978.79 MB free, 134217728.00 MB total
[2025.11.25-17.55.04:535][  0]LogWindows: WindowsPlatformFeatures enabled
[2025.11.25-17.55.04:603][  0]LogInit: Physics initialised using underlying interface: PhysX
[2025.11.25-17.55.04:604][  0]LogInit: Overriding language with editor language configuration option (en).
[2025.11.25-17.55.04:604][  0]LogInit: Overriding language with editor locale configuration option (en).
[2025.11.25-17.55.04:855][  0]LogInit: Setting process to per monitor DPI aware
[2025.11.25-17.55.04:878][  0]LogWindowsTextInputMethodSystem: Display: IME system deactivated.
[2025.11.25-17.55.04:900][  0]LogSlate: New Slate User Created.  User Index 0, Is Virtual User: 0
[2025.11.25-17.55.04:900][  0]LogSlate: Slate User Registered.  User Index 0, Is Virtual User: 0
[2025.11.25-17.55.05:234][  0]LogD3D11RHI: Loaded GFSDK_Aftermath_Lib.x64.dll
[2025.11.25-17.55.05:337][  0]LogHMD: Failed to initialize OpenVR with code 110
[2025.11.25-17.55.05:337][  0]LogD3D11RHI: D3D11 min allowed feature level: 11_0
[2025.11.25-17.55.05:337][  0]LogD3D11RHI: D3D11 max allowed feature level: 11_0
[2025.11.25-17.55.05:337][  0]LogD3D11RHI: D3D11 adapters:
[2025.11.25-17.55.05:566][  0]LogD3D11RHI:    0. 'NVIDIA GeForce GTX 1650' (Feature Level 11_0)
[2025.11.25-17.55.05:566][  0]LogD3D11RHI:       3938/0/7137 MB DedicatedVideo/DedicatedSystem/SharedSystem, Outputs:1, VendorId:0x10de
[2025.11.25-17.55.05:611][  0]LogD3D11RHI:    1. 'AMD Radeon(TM) RX Vega 10 Graphics' (Feature Level 11_0)
[2025.11.25-17.55.05:611][  0]LogD3D11RHI:       2034/0/7137 MB DedicatedVideo/DedicatedSystem/SharedSystem, Outputs:0, VendorId:0x1002
[2025.11.25-17.55.05:615][  0]LogD3D11RHI:    2. 'Microsoft Basic Render Driver' (Feature Level 11_0)
[2025.11.25-17.55.05:615][  0]LogD3D11RHI:       0/0/7137 MB DedicatedVideo/DedicatedSystem/SharedSystem, Outputs:0, VendorId:0x1414
[2025.11.25-17.55.05:650][  0]LogD3D11RHI:    3. 'AMD Radeon(TM) RX Vega 10 Graphics' (Feature Level 11_0)
[2025.11.25-17.55.05:650][  0]LogD3D11RHI:       2034/0/7137 MB DedicatedVideo/DedicatedSystem/SharedSystem, Outputs:0, VendorId:0x1002
[2025.11.25-17.55.05:685][  0]LogD3D11RHI:    4. 'AMD Radeon(TM) RX Vega 10 Graphics' (Feature Level 11_0)
[2025.11.25-17.55.05:685][  0]LogD3D11RHI:       2034/0/7137 MB DedicatedVideo/DedicatedSystem/SharedSystem, Outputs:0, VendorId:0x1002
[2025.11.25-17.55.05:721][  0]LogD3D11RHI:    5. 'AMD Radeon(TM) RX Vega 10 Graphics' (Feature Level 11_0)
[2025.11.25-17.55.05:721][  0]LogD3D11RHI:       2034/0/7137 MB DedicatedVideo/DedicatedSystem/SharedSystem, Outputs:0, VendorId:0x1002
[2025.11.25-17.55.05:753][  0]LogD3D11RHI:    6. 'AMD Radeon(TM) RX Vega 10 Graphics' (Feature Level 11_0)
[2025.11.25-17.55.05:753][  0]LogD3D11RHI:       2034/0/7137 MB DedicatedVideo/DedicatedSystem/SharedSystem, Outputs:0, VendorId:0x1002
[2025.11.25-17.55.05:753][  0]LogD3D11RHI: Chosen D3D11 Adapter:
[2025.11.25-17.55.05:753][  0]LogD3D11RHI:     Description : NVIDIA GeForce GTX 1650
[2025.11.25-17.55.05:753][  0]LogD3D11RHI:     VendorId    : 10de
[2025.11.25-17.55.05:753][  0]LogD3D11RHI:     DeviceId    : 1f91
[2025.11.25-17.55.05:753][  0]LogD3D11RHI:     SubSysId    : 142a1025
[2025.11.25-17.55.05:753][  0]LogD3D11RHI:     Revision    : 00a1
[2025.11.25-17.55.05:753][  0]LogD3D11RHI:     DedicatedVideoMemory : 4129292288 bytes
[2025.11.25-17.55.05:753][  0]LogD3D11RHI:     DedicatedSystemMemory : 0 bytes
[2025.11.25-17.55.05:753][  0]LogD3D11RHI:     SharedSystemMemory : 7484020736 bytes
[2025.11.25-17.55.05:753][  0]LogD3D11RHI:     AdapterLuid : 0 66929
[2025.11.25-17.55.05:760][  0]LogD3D11RHI: Creating new Direct3DDevice
[2025.11.25-17.55.05:760][  0]LogD3D11RHI:     GPU DeviceId: 0x1f91 (for the marketing name, search the web for "GPU Device Id")
[2025.11.25-17.55.05:760][  0]LogWindows: EnumDisplayDevices:
[2025.11.25-17.55.05:760][  0]LogWindows:    0. 'AMD Radeon(TM) RX Vega 10 Graphics ' (P:1 D:1)
[2025.11.25-17.55.05:761][  0]LogWindows:    1. 'AMD Radeon(TM) RX Vega 10 Graphics ' (P:0 D:0)
[2025.11.25-17.55.05:761][  0]LogWindows:    2. 'AMD Radeon(TM) RX Vega 10 Graphics ' (P:0 D:0)
[2025.11.25-17.55.05:762][  0]LogWindows:    3. 'AMD Radeon(TM) RX Vega 10 Graphics ' (P:0 D:0)
[2025.11.25-17.55.05:762][  0]LogWindows:    4. 'MS Idd Device' (P:0 D:0)
[2025.11.25-17.55.05:762][  0]LogWindows:    5. 'Parsec Virtual Display Adapter' (P:0 D:0)
[2025.11.25-17.55.05:763][  0]LogWindows:    6. 'Parsec Virtual Display Adapter' (P:0 D:0)
[2025.11.25-17.55.05:763][  0]LogWindows:    7. 'Parsec Virtual Display Adapter' (P:0 D:0)
[2025.11.25-17.55.05:763][  0]LogWindows:    8. 'Parsec Virtual Display Adapter' (P:0 D:0)
[2025.11.25-17.55.05:763][  0]LogWindows:    9. 'Parsec Virtual Display Adapter' (P:0 D:0)
[2025.11.25-17.55.05:764][  0]LogWindows:    10. 'Parsec Virtual Display Adapter' (P:0 D:0)
[2025.11.25-17.55.05:764][  0]LogWindows:    11. 'Parsec Virtual Display Adapter' (P:0 D:0)
[2025.11.25-17.55.05:764][  0]LogWindows:    12. 'Parsec Virtual Display Adapter' (P:0 D:0)
[2025.11.25-17.55.05:764][  0]LogWindows:    13. 'Parsec Virtual Display Adapter' (P:0 D:0)
[2025.11.25-17.55.05:765][  0]LogWindows:    14. 'Parsec Virtual Display Adapter' (P:0 D:0)
[2025.11.25-17.55.05:765][  0]LogWindows:    15. 'Parsec Virtual Display Adapter' (P:0 D:0)
[2025.11.25-17.55.05:765][  0]LogWindows:    16. 'Parsec Virtual Display Adapter' (P:0 D:0)
[2025.11.25-17.55.05:765][  0]LogWindows:    17. 'Parsec Virtual Display Adapter' (P:0 D:0)
[2025.11.25-17.55.05:766][  0]LogWindows:    18. 'Parsec Virtual Display Adapter' (P:0 D:0)
[2025.11.25-17.55.05:766][  0]LogWindows:    19. 'Parsec Virtual Display Adapter' (P:0 D:0)
[2025.11.25-17.55.05:766][  0]LogWindows:    20. 'Parsec Virtual Display Adapter' (P:0 D:0)
[2025.11.25-17.55.05:766][  0]LogWindows:    21. 'MS Idd Device' (P:0 D:0)
[2025.11.25-17.55.05:766][  0]LogWindows:    22. 'MS Idd Device' (P:0 D:0)
[2025.11.25-17.55.05:768][  0]LogWindows: DebugString: PrimaryIsNotTheChoosenAdapter PrimaryIsNotTheChoosenAdapter PrimaryIsNotTheChoosenAdapter PrimaryIsNotTheChoosenAdapter GetVideoDriverDetailsInvalid PrimaryIsNotTheChoosenAdapter GetVideoDriverDetailsInvalid PrimaryIsNotTheChoosenAdapter GetVideoDriverDetailsInvalid PrimaryIsNotTheChoosenAdapter GetVideoDriverDetailsInvalid PrimaryIsNotTheChoosenAdapter GetVideoDriverDetailsInvalid PrimaryIsNotTheChoosenAdapter GetVideoDriverDetailsInvalid PrimaryIsNotTheChoosenAdapter GetVideoDriverDetailsInvalid PrimaryIsNotTheChoosenAdapter GetVideoDriverDetailsInvalid PrimaryIsNotTheChoosenAdapter GetVideoDriverDetailsInvalid PrimaryIsNotTheChoosenAdapter GetVideoDriverDetailsInvalid PrimaryIsNotTheChoosenAdapter GetVideoDriverDetailsInvalid PrimaryIsNotTheChoosenAdapter GetVideoDriverDetailsInvalid PrimaryIsNotTheChoosenAdapter GetVideoDriverDetailsInvalid PrimaryIsNotTheChoosenAdapter GetVideoDriverDetailsInvalid PrimaryIsNotTheChoosenAdapter GetVideoDriverDetailsInvalid PrimaryIsNotTheChoosenAdapter GetVideoDriverDetailsInvalid PrimaryIsNotTheChoosenAdapter GetVideoDriverDetailsInvalid PrimaryIsNotTheChoosenAdapter GetVideoDriverDetailsInvalid PrimaryIsNotTheChoosenAdapter GetVideoDriverDetailsInvalid PrimaryIsNotTheChoosenAdapter FoundDriverCount:0 
[2025.11.25-17.55.05:768][  0]LogD3D11RHI:     Adapter Name: NVIDIA GeForce GTX 1650
[2025.11.25-17.55.05:768][  0]LogD3D11RHI:   Driver Version: Unknown (internal:Unknown, unified:Unknown)
[2025.11.25-17.55.05:768][  0]LogD3D11RHI:      Driver Date: Unknown
[2025.11.25-17.55.05:768][  0]LogRHI: Texture pool is 2756 MB (70% of 3938 MB)
[2025.11.25-17.55.05:768][  0]LogD3D11RHI: Creating D3DDevice using adapter:
[2025.11.25-17.55.05:768][  0]LogD3D11RHI:     Description : NVIDIA GeForce GTX 1650
[2025.11.25-17.55.05:768][  0]LogD3D11RHI:     VendorId    : 10de
[2025.11.25-17.55.05:768][  0]LogD3D11RHI:     DeviceId    : 1f91
[2025.11.25-17.55.05:768][  0]LogD3D11RHI:     SubSysId    : 142a1025
[2025.11.25-17.55.05:768][  0]LogD3D11RHI:     Revision    : 00a1
[2025.11.25-17.55.05:768][  0]LogD3D11RHI:     DedicatedVideoMemory : 4129292288 bytes
[2025.11.25-17.55.05:768][  0]LogD3D11RHI:     DedicatedSystemMemory : 0 bytes
[2025.11.25-17.55.05:768][  0]LogD3D11RHI:     SharedSystemMemory : 7484020736 bytes
[2025.11.25-17.55.05:768][  0]LogD3D11RHI:     AdapterLuid : 0 66929
[2025.11.25-17.55.05:927][  0]LogD3D11RHI: RHI has support for 64 bit atomics
[2025.11.25-17.55.05:928][  0]LogD3D11RHI: Async texture creation enabled
[2025.11.25-17.55.05:928][  0]LogD3D11RHI: Array index from any shader is supported
[2025.11.25-17.55.05:975][  0]LogD3D11RHI: GPU Timing Frequency: 1000.000000 (Debug: 2 1)
[2025.11.25-17.55.06:012][  0]LogRHI: GeForceNow SDK initialized: 1
[2025.11.25-17.55.06:362][  0]LogTargetPlatformManager: Display: Loaded TargetPlatform 'AllDesktop'
[2025.11.25-17.55.06:388][  0]LogTargetPlatformManager: Display: Loaded TargetPlatform 'Android'
[2025.11.25-17.55.06:388][  0]LogTargetPlatformManager: Display: Loaded TargetPlatform 'Android_ASTC'
[2025.11.25-17.55.06:388][  0]LogTargetPlatformManager: Display: Loaded TargetPlatform 'Android_DXT'
[2025.11.25-17.55.06:388][  0]LogTargetPlatformManager: Display: Loaded TargetPlatform 'Android_ETC2'
[2025.11.25-17.55.06:388][  0]LogTargetPlatformManager: Display: Loaded TargetPlatform 'AndroidClient'
[2025.11.25-17.55.06:388][  0]LogTargetPlatformManager: Display: Loaded TargetPlatform 'Android_ASTCClient'
[2025.11.25-17.55.06:388][  0]LogTargetPlatformManager: Display: Loaded TargetPlatform 'Android_DXTClient'
[2025.11.25-17.55.06:388][  0]LogTargetPlatformManager: Display: Loaded TargetPlatform 'Android_ETC2Client'
[2025.11.25-17.55.06:388][  0]LogTargetPlatformManager: Display: Loaded TargetPlatform 'Android_Multi'
[2025.11.25-17.55.06:388][  0]LogTargetPlatformManager: Display: Loaded TargetPlatform 'Android_MultiClient'
[2025.11.25-17.55.06:413][  0]LogTargetPlatformManager: Display: Loaded TargetPlatform 'IOSClient'
[2025.11.25-17.55.06:413][  0]LogTargetPlatformManager: Display: Loaded TargetPlatform 'IOS'
[2025.11.25-17.55.06:425][  0]LogTargetPlatformManager: Display: Loaded TargetPlatform 'Linux'
[2025.11.25-17.55.06:431][  0]LogTargetPlatformManager: Display: Loaded TargetPlatform 'LinuxNoEditor'
[2025.11.25-17.55.06:438][  0]LogTargetPlatformManager: Display: Loaded TargetPlatform 'LinuxClient'
[2025.11.25-17.55.06:444][  0]LogTargetPlatformManager: Display: Loaded TargetPlatform 'LinuxServer'
[2025.11.25-17.55.06:457][  0]LogTargetPlatformManager: Display: Loaded TargetPlatform 'LinuxAArch64NoEditor'
[2025.11.25-17.55.06:463][  0]LogTargetPlatformManager: Display: Loaded TargetPlatform 'LinuxAArch64Client'
[2025.11.25-17.55.06:470][  0]LogTargetPlatformManager: Display: Loaded TargetPlatform 'LinuxAArch64Server'
[2025.11.25-17.55.06:501][  0]LogTargetPlatformManager: Display: Loaded TargetPlatform 'Lumin'
[2025.11.25-17.55.06:501][  0]LogTargetPlatformManager: Display: Loaded TargetPlatform 'LuminClient'
[2025.11.25-17.55.06:511][  0]LogTargetPlatformManager: Display: Loaded TargetPlatform 'MacNoEditor'
[2025.11.25-17.55.06:517][  0]LogTargetPlatformManager: Display: Loaded TargetPlatform 'Mac'
[2025.11.25-17.55.06:524][  0]LogTargetPlatformManager: Display: Loaded TargetPlatform 'MacClient'
[2025.11.25-17.55.06:531][  0]LogTargetPlatformManager: Display: Loaded TargetPlatform 'MacServer'
[2025.11.25-17.55.06:545][  0]LogTargetPlatformManager: Display: Loaded TargetPlatform 'TVOSClient'
[2025.11.25-17.55.06:545][  0]LogTargetPlatformManager: Display: Loaded TargetPlatform 'TVOS'
[2025.11.25-17.55.06:555][  0]LogTargetPlatformManager: Display: Loaded TargetPlatform 'WindowsNoEditor'
[2025.11.25-17.55.06:561][  0]LogTargetPlatformManager: Display: Loaded TargetPlatform 'Windows'
[2025.11.25-17.55.06:567][  0]LogTargetPlatformManager: Display: Loaded TargetPlatform 'WindowsClient'
[2025.11.25-17.55.06:573][  0]LogTargetPlatformManager: Display: Loaded TargetPlatform 'WindowsServer'
[2025.11.25-17.55.06:573][  0]LogTargetPlatformManager: Display: Building Assets For Windows
[2025.11.25-17.55.06:583][  0]LogAudioDebug: Display: Lib vorbis DLL was dynamically loaded.
[2025.11.25-17.55.06:627][  0]LogTextureFormatOodle: Display: Oodle Texture 2.9.0 init RDO Off
[2025.11.25-17.55.06:670][  0]LogRendererCore: Ray tracing is disabled. Reason: r.RayTracing=0.
[2025.11.25-17.55.06:670][  0]LogShaderCompilers: Guid format shader working directory is 23 characters bigger than the processId version (E:/Unreal/Fumec_DevGames/Intermediate/Shaders/WorkingDirectory/15696/).
[2025.11.25-17.55.06:672][  0]LogShaderCompilers: Cleaned the shader compiler working directory 'C:/Users/Gabriel/AppData/Local/Temp/UnrealShaderWorkingDir/21EA23C0441767852FA40AA01D5CB07D/'.
[2025.11.25-17.55.06:672][  0]LogXGEController: Cannot use XGE Controller as Incredibuild is not installed on this machine.
[2025.11.25-17.55.06:672][  0]LogShaderCompilers: Cannot use XGE Shader Compiler as Incredibuild is not installed on this machine.
[2025.11.25-17.55.06:672][  0]LogShaderCompilers: Display: Using Local Shader Compiler.
[2025.11.25-17.55.07:484][  0]LogDerivedDataCache: Display: Max Cache Size: 512 MB
[2025.11.25-17.55.07:543][  0]LogDerivedDataCache: Loaded boot cache 0.06s 94MB C:/Users/Gabriel/AppData/Local/UnrealEngine/4.27/DerivedDataCache/Boot.ddc.
[2025.11.25-17.55.07:543][  0]LogDerivedDataCache: Display: Loaded Boot cache: C:/Users/Gabriel/AppData/Local/UnrealEngine/4.27/DerivedDataCache/Boot.ddc
[2025.11.25-17.55.07:543][  0]LogDerivedDataCache: FDerivedDataBackendGraph:  Pak pak cache file E:/Unreal/Fumec_DevGames/DerivedDataCache/DDC.ddp not found, will not use a pak cache.
[2025.11.25-17.55.07:543][  0]LogDerivedDataCache: Unable to find inner node Pak for hierarchical cache Hierarchy.
[2025.11.25-17.55.07:543][  0]LogDerivedDataCache: FDerivedDataBackendGraph:  CompressedPak pak cache file E:/Unreal/Fumec_DevGames/DerivedDataCache/Compressed.ddp not found, will not use a pak cache.
[2025.11.25-17.55.07:543][  0]LogDerivedDataCache: Unable to find inner node CompressedPak for hierarchical cache Hierarchy.
[2025.11.25-17.55.07:562][  0]LogDerivedDataCache: Display: Pak cache opened for reading ../../../Engine/DerivedDataCache/Compressed.ddp.
[2025.11.25-17.55.07:562][  0]LogDerivedDataCache: FDerivedDataBackendGraph:  EnterprisePak pak cache file ../../../Enterprise/DerivedDataCache/Compressed.ddp not found, will not use a pak cache.
[2025.11.25-17.55.07:562][  0]LogDerivedDataCache: Unable to find inner node EnterprisePak for hierarchical cache Hierarchy.
[2025.11.25-17.55.07:577][  0]LogDerivedDataCache: Speed tests for C:/Users/Gabriel/AppData/Local/UnrealEngine/Common/DerivedDataCache took 0.01 seconds
[2025.11.25-17.55.07:577][  0]LogDerivedDataCache: Display: Performance to C:/Users/Gabriel/AppData/Local/UnrealEngine/Common/DerivedDataCache: Latency=0.04ms. RandomReadSpeed=849.57MBs, RandomWriteSpeed=77.21MBs. Assigned SpeedClass 'Local'
[2025.11.25-17.55.07:587][  0]LogDerivedDataCache: Using Local data cache path C:/Users/Gabriel/AppData/Local/UnrealEngine/Common/DerivedDataCache: Writable
[2025.11.25-17.55.07:587][  0]LogDerivedDataCache: Shared data cache path not found in *engine.ini, will not use an Shared cache.
[2025.11.25-17.55.07:587][  0]LogDerivedDataCache: Unable to find inner node Shared for hierarchical cache Hierarchy.
[2025.11.25-17.55.07:637][  0]LogSlate: Using FreeType 2.10.0
[2025.11.25-17.55.07:637][  0]LogSlate: SlateFontServices - WITH_FREETYPE: 1, WITH_HARFBUZZ: 1
[2025.11.25-17.55.07:667][  0]LogAssetRegistry: FAssetRegistry took 0.0034 seconds to start up
[2025.11.25-17.55.07:972][  0]LogInit: Selected Device Profile: [Windows]
[2025.11.25-17.55.07:973][  0]LogInit: Active device profile: [0000020CE20CF900][0000020CDB158340 49] Windows
[2025.11.25-17.55.07:973][  0]LogInit: Profiles: [0000020CE20CF900][0000020CDB158340 49] Windows, [0000020CE2084B00][0000020CDB1604C0 49] WindowsNoEditor, [0000020CE20CCB00][0000020CD82DE640 49] WindowsServer, [0000020CE2087700][0000020CDB15C780 49] WindowsClient, [0000020CE20CF700][0000020CD82E28C0 49] IOS, [0000020CE2084100][0000020CD82E6A00 49] iPadAir, [0000020CE20CC500][0000020CD82EAB40 49] iPadAir2, [0000020CE2044C00][0000020CD82F6E00 49] IPadPro, [0000020CE2044D00][0000020CD82F2E40 49] iPadAir3, [0000020CE20CF500][0000020CD82FAFC0 49] iPadAir4, [0000020CE2047E00][0000020CD82FF140 49] iPadMini2, [0000020CE20CC400][0000020CD83032C0 49] iPadMini3, [0000020CE2045700][0000020CD8307440 49] iPadMini4, [0000020CE20CF400][0000020CD830B5C0 49] iPadMini5, [0000020CE2087000][0000020CD8313880 49] iPhone6, [0000020CE2086F00][0000020CD830F8C0 49] iPodTouch6, [0000020CE2047500][0000020CE2C57B80 49] iPhone7, [0000020CE2047400][0000020CE2C53BC0 49] iPodTouch7, [0000020CE2087A00][0000020CE2C5A1C0 49] iPhone5S, [0000020CE2044A00][0000020CE2C5E340 49] iPhone6Plus, [0000020CE2086600][0000020CE2C624C0 49] iPhone6S, [0000020CE2046C00][0000020CE2C66640 49] iPhone6SPlus, [0000020CE2084500][0000020CE2C6A7C0 49] iPhone7Plus, [0000020CE2045200][0000020CE2C6E940 49] iPhoneSE, [0000020CE2086200][0000020CD82EEA80 49] iPhone8, [0000020CE2046800][0000020CE2C72BC0 49] iPhone8Plus, [0000020CE2084600][0000020CE2D2AD00 49] iPhoneX, [0000020CE2045400][0000020CE2D32E80 49] iPhoneXS, [0000020CE2085F00][0000020CE2D37000 49] iPhoneXSMax, [0000020CE2046500][0000020CE165D180 49] iPhoneXR, [0000020CE2084E00][0000020CE1665300 49] iPhone11, [0000020CE2044300][0000020CE1669480 49] iPhone11Pro, [0000020CE2085C00][0000020CE1693600 49] iPhone11ProMax, [0000020CE2047A00][0000020CE169B780 49] iPhoneSE2, [0000020CE2086D00][0000020CE17E7900 49] iPhone12Mini, [0000020CE2045A00][0000020CE1815A80 49] iPhone12, [0000020CE2087200][0000020CE1819C00 49] iPhone12Pro, [0000020CE2044800][0000020CE31A2200 49] iPhone12ProMax, [0000020CE2086800][0000020CE31F6380 49] iPadPro105, [0000020CE2045C00][0000020CE31FA500 49] iPadPro129, [0000020CE2084700][0000020CE31FE680 49] iPadPro97, [0000020CE2046100][0000020CE3202800 49] iPadPro2_129, [0000020CE2085600][0000020CE3206980 49] iPad5, [0000020CE2045E00][0000020CE320AB00 49] iPad6, [0000020CE2085900][0000020CE2D2EC40 49] iPad7, [0000020CE2045F00][0000020CE2CDED80 49] iPad8, [0000020CE2087C00][0000020CE2CEEEC0 49] iPadPro11, [0000020CE2046400][0000020CE2CFF040 49] iPadPro2_11, [0000020CE2084400][0000020CE2D171C0 49] iPadPro3_129, [0000020CE2044900][0000020CE2D27340 49] iPadPro4_129, [0000020CE2086900][0000020CE198F4C0 49] AppleTV, [0000020CE2047100][0000020CE1993640 49] AppleTV4K, [0000020CE2087400][0000020CE19A17C0 49] TVOS, [0000020CE2044700][0000020CE19A5940 49] Mac, [0000020CE2085800][0000020CE19A9AC0 49] MacClient, [0000020CE2047600][0000020CE19AC0C0 49] MacNoEditor, [0000020CE2085E00][0000020CE19B0240 49] MacServer, [0000020CE2046B00][0000020CE19B43C0 49] Linux, [0000020CE2087100][0000020CE19B8540 49] LinuxAArch64, [0000020CE2046E00][0000020CE19BC6C0 49] LinuxNoEditor, [0000020CE2087E00][0000020CE19C8840 49] LinuxAArch64NoEditor, [0000020CE2046000][0000020CE19CC9C0 49] LinuxClient, [0000020CE2086000][0000020CE19D0B40 49] LinuxAArch64Client, [0000020CE2047C00][0000020CE19D8CC0 49] LinuxServer, [0000020CE2086100][0000020CE2CFAE00 49] LinuxAArch64Server, [0000020CE20CD000][0000020CE19DCF40 49] Android, [0000020CE2105500][0000020CE35F7080 49] Android_Low, [0000020CE20CEB00][0000020CE35FB1C0 49] Android_Mid, [0000020CE2105200][0000020CE2DA7340 49] Android_High, [0000020CE20CDE00][0000020CE2DAB4C0 49] Android_Default, [0000020CE2104F00][0000020CE2DAF640 49] Android_Adreno4xx, [0000020CE20CD100][0000020CE2DB37C0 49] Android_Adreno5xx_Low, [0000020CE2105C00][0000020CE2DB7940 49] Android_Adreno5xx, [0000020CE20CC100][0000020CE2DBBAC0 49] Android_Adreno6xx, [0000020CE2104B00][0000020CE2DBE0C0 49] Android_Adreno6xx_Vulkan, [0000020CE20CE400][0000020CE2DC2240 49] Android_Mali_T6xx, [0000020CE2106400][0000020CE2DC63C0 49] Android_Mali_T7xx, [0000020CE20CEE00][0000020CE2DCA540 49] Android_Mali_T8xx, [0000020CE2105300][0000020CB1F306C0 49] Android_Mali_G71, [0000020CE20CD500][0000020CB1F34840 49] Android_Mali_G72, [0000020CE2104600][0000020CB1F389C0 49] Android_Mali_G72_Vulkan, [0000020CE20CD900][0000020CB1F3CB40 49] Android_Mali_G76, [0000020CE2106000][0000020CB1F40CC0 49] Android_Mali_G76_Vulkan, [0000020CE20CDA00][0000020CB1F44E40 49] Android_Mali_G77, [0000020CE2106300][0000020CE2DA2F80 49] Android_Mali_G77_Vulkan, [0000020CE2085B00][0000020CB1F490C0 49] Android_Mali_G78, [0000020CE2046F00][0000020CB1F4D200 49] Android_Mali_G78_Vulkan, [0000020CE2085A00][0000020CB1F51340 49] Android_Mali_G710, [0000020CE2045600][0000020CB1F594C0 49] Android_Mali_G710_Vulkan, [0000020CE2085500][0000020CB1F5D640 49] Android_Vulkan_SM5, [0000020CE2044E00][0000020CE19377C0 49] Android_PowerVR_G6xxx, [0000020CE2086700][0000020CE193B940 49] Android_PowerVR_GT7xxx, [0000020CE2105A00][0000020CE193FAC0 49] Android_PowerVR_GE8xxx, [0000020CE2087900][0000020CE19420C0 49] Android_PowerVR_GM9xxx, [0000020CE2105100][0000020CE1946240 49] Android_PowerVR_GM9xxx_Vulkan, [0000020CE2085000][0000020CE194A3C0 49] Android_TegraK1, [0000020CE2104100][0000020CE194E540 49] Android_Unknown_Vulkan, [0000020CE2085200][0000020CE19526C0 49] Lumin, [0000020CE2104200][0000020CE1956840 49] Lumin_Desktop, [0000020CE2086E00][0000020CE195A9C0 49] HoloLens, 
[2025.11.25-17.55.08:114][  0]LogMeshReduction: Using QuadricMeshReduction for automatic static mesh reduction
[2025.11.25-17.55.08:114][  0]LogMeshReduction: Using SimplygonMeshReduction for automatic skeletal mesh reduction
[2025.11.25-17.55.08:114][  0]LogMeshReduction: Using ProxyLODMeshReduction for automatic mesh merging
[2025.11.25-17.55.08:114][  0]LogMeshReduction: No distributed automatic mesh merging module available
[2025.11.25-17.55.08:114][  0]LogMeshMerging: No distributed automatic mesh merging module available
[2025.11.25-17.55.08:136][  0]LogNetVersion: ColunaDoendoSamurai 1.0.0, NetCL: 17155196, EngineNetVer: 17, GameNetVer: 0 (Checksum: 440667709)
[2025.11.25-17.55.08:582][  0]LogTexture: Default maximum texture size for cubemaps generated from long-lat sources has been changed from 512 to unlimited. In order to preserve old behaiour for '/Engine/MapTemplates/Sky/DaylightAmbientCubemap.DaylightAmbientCubemap', its maximum texture size has been explicitly set to 512.
[2025.11.25-17.55.08:643][  0]LogHMD: PokeAHoleMaterial loaded successfully
[2025.11.25-17.55.08:650][  0]LogUObjectArray: 17178 objects as part of root set at end of initial load.
[2025.11.25-17.55.08:650][  0]LogUObjectAllocator: 4302048 out of 0 bytes used by permanent object pool.
[2025.11.25-17.55.08:650][  0]LogUObjectArray: CloseDisregardForGC: 0/0 objects in disregard for GC pool
[2025.11.25-17.55.09:011][  0]LogPython: Using Python 3.7.7
[2025.11.25-17.55.09:566][  0]LogNiagaraDebuggerClient: Niagara Debugger Client Initialized | Session: CA9D8F2B47CB8BBFD4A16DB02A9D03D6 | Instance: 6CDDAD6C4C657E7F29C89FBE1465E0BA (LUCY-15696).
[2025.11.25-17.55.09:751][  0]LogTcpMessaging: Initializing TcpMessaging bridge
[2025.11.25-17.55.09:763][  0]LogUdpMessaging: Initializing bridge on interface 0.0.0.0:0 to multicast group 230.0.0.1:6666.
[2025.11.25-17.55.10:053][  0]SourceControl: Source control is disabled
[2025.11.25-17.55.10:053][  0]SourceControl: Source control is disabled
[2025.11.25-17.55.10:058][  0]SourceControl: Source control is disabled
[2025.11.25-17.55.10:062][  0]SourceControl: Source control is disabled
[2025.11.25-17.55.10:071][  0]SourceControl: Source control is disabled
[2025.11.25-17.55.10:086][  0]LogUProjectInfo: Found projects:
[2025.11.25-17.55.10:264][  0]LogOpenImageDenoise: OIDN starting up
[2025.11.25-17.55.10:331][  0]LogAndroidPermission: UAndroidPermissionCallbackProxy::GetInstance
[2025.11.25-17.55.10:365][  0]LogAudioCaptureCore: Display: No Audio Capture implementations found. Audio input will be silent.
[2025.11.25-17.55.10:365][  0]LogAudioCaptureCore: Display: No Audio Capture implementations found. Audio input will be silent.
[2025.11.25-17.55.10:542][  0]LogCollectionManager: Loaded 0 collections in 0.001912 seconds
[2025.11.25-17.55.10:579][  0]LogFileCache: Scanning file cache for directory 'E:/Unreal/Fumec_DevGames/Saved/Collections/' took 0.00s
[2025.11.25-17.55.10:579][  0]LogFileCache: Scanning file cache for directory 'E:/Unreal/Fumec_DevGames/Content/Developers/Gabriel/Collections/' took 0.00s
[2025.11.25-17.55.10:579][  0]LogFileCache: Scanning file cache for directory 'E:/Unreal/Fumec_DevGames/Content/Collections/' took 0.00s
[2025.11.25-17.55.10:579][  0]LogOcInput: OculusInput pre-init called
[2025.11.25-17.55.10:859][  0]LogEngine: Initializing Engine...
[2025.11.25-17.55.10:862][  0]LogHMD: Failed to enumerate extensions. Please check that you have a valid OpenXR runtime installed.
[2025.11.25-17.55.10:862][  0]LogHMD: Failed to initialize OpenVR with code 110
[2025.11.25-17.55.10:862][  0]LogMagicLeap: Warning: VR disabled because ZI is not enabled.  To enable, in the editor, Edit -> Project Settings -> Plugins -> Magic Leap Plugin -> Enable Zero Iteration
[2025.11.25-17.55.10:863][  0]LogStats: UGameplayTagsManager::InitializeManager -  0.000 s
[2025.11.25-17.55.10:989][  0]LogInit: Initializing FReadOnlyCVARCache
[2025.11.25-17.55.11:001][  0]LogAIModule: Creating AISystem for world Untitled
[2025.11.25-17.55.11:002][  0]LogAudio: Display: Initializing Audio Device Manager...
[2025.11.25-17.55.11:008][  0]LogAudio: Display: Loading Default Audio Settings Objects...
[2025.11.25-17.55.11:008][  0]LogAudio: Display: No default SoundConcurrencyObject specified (or failed to load).
[2025.11.25-17.55.11:009][  0]LogAudio: Display: Audio Device Manager Initialized
[2025.11.25-17.55.11:009][  0]LogAudio: Display: Creating Audio Device:                 Id: 1, Scope: Shared, Realtime: True
[2025.11.25-17.55.11:009][  0]LogAudioMixer: Display: Audio Mixer Platform Settings:
[2025.11.25-17.55.11:009][  0]LogAudioMixer: Display: 	Sample Rate:						  48000
[2025.11.25-17.55.11:009][  0]LogAudioMixer: Display: 	Callback Buffer Frame Size Requested: 1024
[2025.11.25-17.55.11:009][  0]LogAudioMixer: Display: 	Callback Buffer Frame Size To Use:	  1024
[2025.11.25-17.55.11:009][  0]LogAudioMixer: Display: 	Number of buffers to queue:			  2
[2025.11.25-17.55.11:009][  0]LogAudioMixer: Display: 	Max Channels (voices):				  32
[2025.11.25-17.55.11:009][  0]LogAudioMixer: Display: 	Number of Async Source Workers:		  0
[2025.11.25-17.55.11:009][  0]LogAudio: Display: AudioDevice MaxSources: 32
[2025.11.25-17.55.11:009][  0]LogAudio: Display: Audio Spatialization Plugin: None (built-in).
[2025.11.25-17.55.11:009][  0]LogAudio: Display: Audio Reverb Plugin: None (built-in).
[2025.11.25-17.55.11:009][  0]LogAudio: Display: Audio Occlusion Plugin: None (built-in).
[2025.11.25-17.55.11:010][  0]LogAudioMixer: Display: Initializing audio mixer.
[2025.11.25-17.55.11:027][  0]LogAudioMixer: Display: 0: FrontLeft
[2025.11.25-17.55.11:027][  0]LogAudioMixer: Display: 1: FrontRight
[2025.11.25-17.55.11:141][  0]LogAudioMixer: Display: Using Audio Device Alto-falantes (Realtek(R) Audio)
[2025.11.25-17.55.11:143][  0]LogAudioMixer: Display: Initializing Sound Submixes...
[2025.11.25-17.55.11:146][  0]LogAudioMixer: Display: Creating Master Submix 'MasterSubmixDefault'
[2025.11.25-17.55.11:146][  0]LogAudioMixer: Display: Creating Master Submix 'MasterReverbSubmixDefault'
[2025.11.25-17.55.11:147][  0]LogAudioMixer: Display: Creating Master Submix 'MasterEQSubmixDefault'
[2025.11.25-17.55.11:147][  0]LogAudioMixer: FMixerPlatformXAudio2::StartAudioStream() called
[2025.11.25-17.55.11:147][  0]LogAudioMixer: Display: Output buffers initialized: Frames=1024, Channels=2, Samples=2048
[2025.11.25-17.55.11:148][  0]LogAudioMixer: Display: Starting AudioMixerPlatformInterface::RunInternal()
[2025.11.25-17.55.11:148][  0]LogAudioMixer: Display: FMixerPlatformXAudio2::SubmitBuffer() called for the first time
[2025.11.25-17.55.11:148][  0]LogInit: FAudioDevice initialized.
[2025.11.25-17.55.11:148][  0]LogAudio: Display: Audio Device (ID: 1) registered with world 'Untitled'.
[2025.11.25-17.55.11:148][  0]LogNetVersion: Set ProjectVersion to 1.0.0.0. Version Checksum will be recalculated on next use.
[2025.11.25-17.55.11:230][  0]LogDerivedDataCache: Saved boot cache 0.08s 94MB C:/Users/Gabriel/AppData/Local/UnrealEngine/4.27/DerivedDataCache/Boot.ddc.
[2025.11.25-17.55.11:234][  0]LogInit: Texture streaming: Enabled
[2025.11.25-17.55.11:253][  0]LogAnalytics: Display: [UEEditor.Rocket.Release] APIServer = https://datarouter.ol.epicgames.com/. AppVersion = 4.27.2-18319896+++UE4+Release-4.27
[2025.11.25-17.55.11:257][  0]LogEngineSessionManager: EngineSessionManager initialized
[2025.11.25-17.55.11:257][  0]LogEditorSessionSummary: Verbose: Initializing EditorSessionSummaryWriter for editor session tracking
[2025.11.25-17.55.11:259][  0]LogEditorSessionSummary: EditorSessionSummaryWriter initialized
[2025.11.25-17.55.11:295][  0]LogInit: Transaction tracking system initialized
[2025.11.25-17.55.11:324][  0]BlueprintLog: New page: Editor Load
[2025.11.25-17.55.11:404][  0]LocalizationService: Localization service is disabled
[2025.11.25-17.55.11:438][  0]TimingProfiler: Initialize
[2025.11.25-17.55.11:438][  0]TimingProfiler: OnSessionChanged
[2025.11.25-17.55.11:438][  0]LoadingProfiler: Initialize
[2025.11.25-17.55.11:438][  0]LoadingProfiler: OnSessionChanged
[2025.11.25-17.55.11:438][  0]NetworkingProfiler: Initialize
[2025.11.25-17.55.11:438][  0]NetworkingProfiler: OnSessionChanged
[2025.11.25-17.55.11:438][  0]MemoryProfiler: Initialize
[2025.11.25-17.55.11:438][  0]MemoryProfiler: OnSessionChanged
[2025.11.25-17.55.11:638][  0]LogCook: Display: CookSettings for Memory: MemoryMaxUsedVirtual 0MiB, MemoryMaxUsedPhysical 16384MiB, MemoryMinFreeVirtual 0MiB, MemoryMinFreePhysical 1024MiB
[2025.11.25-17.55.11:638][  0]LogCook: Display: Mobile HDR setting 1
[2025.11.25-17.55.11:884][  0]LogFileCache: Scanning file cache for directory 'E:/Unreal/Fumec_DevGames/Content/' took 0.01s
[2025.11.25-17.55.12:084][  0]LogInit: Display: Engine is initialized. Leaving FEngineLoop::Init()
[2025.11.25-17.55.12:089][  0]SourceControl: Source control is disabled
[2025.11.25-17.55.12:089][  0]LogUnrealEdMisc: Loading editor; pre map load, took 9.169
[2025.11.25-17.55.12:089][  0]Cmd: MAP LOAD FILE="E:/Unreal/Fumec_DevGames/Content/Mapas/Menu/MainMenu.umap" TEMPLATE=0 SHOWPROGRESS=1 FEATURELEVEL=3
[2025.11.25-17.55.12:089][  0]LightingResults: New page: Lighting Build
[2025.11.25-17.55.12:091][  0]LogWorld: UWorld::CleanupWorld for Untitled, bSessionEnded=true, bCleanupResources=true
[2025.11.25-17.55.12:091][  0]LogSlate: InvalidateAllWidgets triggered.  All widgets were invalidated
[2025.11.25-17.55.12:091][  0]MapCheck: New page: Map Check
[2025.11.25-17.55.12:091][  0]LightingResults: New page: Lighting Build
[2025.11.25-17.55.12:097][  0]LogAudio: Display: Audio Device unregistered from world 'None'.
[2025.11.25-17.55.12:100][  0]LogUObjectHash: Compacting FUObjectHashTables data took   1.22ms
[2025.11.25-17.55.12:133][  0]LogAudio: Display: Audio Device (ID: 1) registered with world 'MainMenu'.
[2025.11.25-17.55.12:134][  0]LogAIModule: Creating AISystem for world MainMenu
[2025.11.25-17.55.12:141][  0]LogEditorServer: Finished looking for orphan Actors (0.000 secs)
[2025.11.25-17.55.12:150][  0]LogUObjectHash: Compacting FUObjectHashTables data took   0.88ms
[2025.11.25-17.55.12:150][  0]Cmd: MAP CHECKDEP NOCLEARLOG
[2025.11.25-17.55.12:150][  0]MapCheck: Map check complete: 0 Error(s), 0 Warning(s), took 0.147ms to complete.
[2025.11.25-17.55.12:150][  0]LogFileHelpers: Loading map 'MainMenu' took 0.061
[2025.11.25-17.55.12:152][  0]LogUnrealEdMisc: Total Editor Startup Time, took 9.232
[2025.11.25-17.55.12:629][  0]LogSlate: Only BGRA pngs, bmps or icos are supported in by External Image Picker
[2025.11.25-17.55.12:730][  0]LogSlate: Updating window title bar state: overlay mode, drag disabled, window buttons hidden, title bar hidden
[2025.11.25-17.55.12:737][  0]LogSlate: Updating window title bar state: overlay mode, drag disabled, window buttons hidden, title bar hidden
[2025.11.25-17.55.12:745][  0]LogSlate: Updating window title bar state: overlay mode, drag disabled, window buttons hidden, title bar hidden
[2025.11.25-17.55.12:752][  0]LogSlate: Updating window title bar state: overlay mode, drag disabled, window buttons hidden, title bar hidden
[2025.11.25-17.55.12:772][  0]LogNativeClassHierarchy: Verbose: Native class hierarchy populated in 0.0145 seconds. Added 3822 classes and 928 folders.
[2025.11.25-17.55.12:775][  0]LogNativeClassHierarchy: Verbose: Native class hierarchy updated for 'WidgetCarousel' in 0.0004 seconds. Added 0 classes and 0 folders.
[2025.11.25-17.55.12:777][  0]LogPakFile: PakFile PrimaryIndexSize=187
[2025.11.25-17.55.12:777][  0]LogPakFile: PakFile PathHashIndexSize=101
[2025.11.25-17.55.12:778][  0]LogPakFile: PakFile FullDirectoryIndexSize=148
[2025.11.25-17.55.12:778][  0]LogShaderLibrary: Display: ShaderCodeLibraryPakFileMountedCallback: PakFile 'C:/Genshin/UE_4.27/FeaturePacks/FP_FirstPerson.upack' (chunk index -1, root 'root:/') mounted
[2025.11.25-17.55.12:778][  0]LogShaderLibrary: Display: ShaderCodeLibraryPakFileMountedCallback: pending pak file info (ChunkID:-1 Root:root:/ File:C:/Genshin/UE_4.27/FeaturePacks/FP_FirstPerson.upack)
[2025.11.25-17.55.12:778][  0]LogPakFile: OnPakFileMounted2Time == 0.000064
[2025.11.25-17.55.12:778][  0]LogPakFile: PakFile PrimaryIndexSize=189
[2025.11.25-17.55.12:778][  0]LogPakFile: PakFile PathHashIndexSize=101
[2025.11.25-17.55.12:778][  0]LogPakFile: PakFile FullDirectoryIndexSize=152
[2025.11.25-17.55.12:778][  0]LogShaderLibrary: Display: ShaderCodeLibraryPakFileMountedCallback: PakFile 'C:/Genshin/UE_4.27/FeaturePacks/FP_FirstPersonBP.upack' (chunk index -1, root 'root:/') mounted
[2025.11.25-17.55.12:778][  0]LogShaderLibrary: Display: ShaderCodeLibraryPakFileMountedCallback: pending pak file info (ChunkID:-1 Root:root:/ File:C:/Genshin/UE_4.27/FeaturePacks/FP_FirstPersonBP.upack)
[2025.11.25-17.55.12:778][  0]LogPakFile: OnPakFileMounted2Time == 0.000044
[2025.11.25-17.55.12:779][  0]LogPakFile: PakFile PrimaryIndexSize=191
[2025.11.25-17.55.12:779][  0]LogPakFile: PakFile PathHashIndexSize=101
[2025.11.25-17.55.12:779][  0]LogPakFile: PakFile FullDirectoryIndexSize=160
[2025.11.25-17.55.12:779][  0]LogShaderLibrary: Display: ShaderCodeLibraryPakFileMountedCallback: PakFile 'C:/Genshin/UE_4.27/FeaturePacks/MobileStarterContent.upack' (chunk index -1, root 'root:/') mounted
[2025.11.25-17.55.12:779][  0]LogShaderLibrary: Display: ShaderCodeLibraryPakFileMountedCallback: pending pak file info (ChunkID:-1 Root:root:/ File:C:/Genshin/UE_4.27/FeaturePacks/MobileStarterContent.upack)
[2025.11.25-17.55.12:780][  0]LogPakFile: OnPakFileMounted2Time == 0.000036
[2025.11.25-17.55.12:780][  0]LogPakFile: PakFile PrimaryIndexSize=185
[2025.11.25-17.55.12:780][  0]LogPakFile: PakFile PathHashIndexSize=101
[2025.11.25-17.55.12:780][  0]LogPakFile: PakFile FullDirectoryIndexSize=148
[2025.11.25-17.55.12:780][  0]LogShaderLibrary: Display: ShaderCodeLibraryPakFileMountedCallback: PakFile 'C:/Genshin/UE_4.27/FeaturePacks/StarterContent.upack' (chunk index -1, root 'root:/') mounted
[2025.11.25-17.55.12:780][  0]LogShaderLibrary: Display: ShaderCodeLibraryPakFileMountedCallback: pending pak file info (ChunkID:-1 Root:root:/ File:C:/Genshin/UE_4.27/FeaturePacks/StarterContent.upack)
[2025.11.25-17.55.12:780][  0]LogPakFile: OnPakFileMounted2Time == 0.000041
[2025.11.25-17.55.12:780][  0]LogPakFile: PakFile PrimaryIndexSize=190
[2025.11.25-17.55.12:781][  0]LogPakFile: PakFile PathHashIndexSize=101
[2025.11.25-17.55.12:781][  0]LogPakFile: PakFile FullDirectoryIndexSize=154
[2025.11.25-17.55.12:781][  0]LogShaderLibrary: Display: ShaderCodeLibraryPakFileMountedCallback: PakFile 'C:/Genshin/UE_4.27/FeaturePacks/TP_2DSideScroller.upack' (chunk index -1, root 'root:/') mounted
[2025.11.25-17.55.12:781][  0]LogShaderLibrary: Display: ShaderCodeLibraryPakFileMountedCallback: pending pak file info (ChunkID:-1 Root:root:/ File:C:/Genshin/UE_4.27/FeaturePacks/TP_2DSideScroller.upack)
[2025.11.25-17.55.12:781][  0]LogPakFile: OnPakFileMounted2Time == 0.000043
[2025.11.25-17.55.12:781][  0]LogPakFile: PakFile PrimaryIndexSize=192
[2025.11.25-17.55.12:781][  0]LogPakFile: PakFile PathHashIndexSize=101
[2025.11.25-17.55.12:781][  0]LogPakFile: PakFile FullDirectoryIndexSize=158
[2025.11.25-17.55.12:781][  0]LogShaderLibrary: Display: ShaderCodeLibraryPakFileMountedCallback: PakFile 'C:/Genshin/UE_4.27/FeaturePacks/TP_2DSideScrollerBP.upack' (chunk index -1, root 'root:/') mounted
[2025.11.25-17.55.12:781][  0]LogShaderLibrary: Display: ShaderCodeLibraryPakFileMountedCallback: pending pak file info (ChunkID:-1 Root:root:/ File:C:/Genshin/UE_4.27/FeaturePacks/TP_2DSideScrollerBP.upack)
[2025.11.25-17.55.12:781][  0]LogPakFile: OnPakFileMounted2Time == 0.000044
[2025.11.25-17.55.12:782][  0]LogPakFile: PakFile PrimaryIndexSize=182
[2025.11.25-17.55.12:782][  0]LogPakFile: PakFile PathHashIndexSize=101
[2025.11.25-17.55.12:782][  0]LogPakFile: PakFile FullDirectoryIndexSize=138
[2025.11.25-17.55.12:782][  0]LogShaderLibrary: Display: ShaderCodeLibraryPakFileMountedCallback: PakFile 'C:/Genshin/UE_4.27/FeaturePacks/TP_Flying.upack' (chunk index -1, root 'root:/') mounted
[2025.11.25-17.55.12:782][  0]LogShaderLibrary: Display: ShaderCodeLibraryPakFileMountedCallback: pending pak file info (ChunkID:-1 Root:root:/ File:C:/Genshin/UE_4.27/FeaturePacks/TP_Flying.upack)
[2025.11.25-17.55.12:782][  0]LogPakFile: OnPakFileMounted2Time == 0.000034
[2025.11.25-17.55.12:782][  0]LogPakFile: PakFile PrimaryIndexSize=184
[2025.11.25-17.55.12:782][  0]LogPakFile: PakFile PathHashIndexSize=101
[2025.11.25-17.55.12:782][  0]LogPakFile: PakFile FullDirectoryIndexSize=142
[2025.11.25-17.55.12:783][  0]LogShaderLibrary: Display: ShaderCodeLibraryPakFileMountedCallback: PakFile 'C:/Genshin/UE_4.27/FeaturePacks/TP_FlyingBP.upack' (chunk index -1, root 'root:/') mounted
[2025.11.25-17.55.12:783][  0]LogShaderLibrary: Display: ShaderCodeLibraryPakFileMountedCallback: pending pak file info (ChunkID:-1 Root:root:/ File:C:/Genshin/UE_4.27/FeaturePacks/TP_FlyingBP.upack)
[2025.11.25-17.55.12:783][  0]LogPakFile: OnPakFileMounted2Time == 0.000058
[2025.11.25-17.55.12:783][  0]LogPakFile: PakFile PrimaryIndexSize=188
[2025.11.25-17.55.12:783][  0]LogPakFile: PakFile PathHashIndexSize=101
[2025.11.25-17.55.12:783][  0]LogPakFile: PakFile FullDirectoryIndexSize=150
[2025.11.25-17.55.12:783][  0]LogShaderLibrary: Display: ShaderCodeLibraryPakFileMountedCallback: PakFile 'C:/Genshin/UE_4.27/FeaturePacks/TP_HandheldARBP.upack' (chunk index -1, root 'root:/') mounted
[2025.11.25-17.55.12:783][  0]LogShaderLibrary: Display: ShaderCodeLibraryPakFileMountedCallback: pending pak file info (ChunkID:-1 Root:root:/ File:C:/Genshin/UE_4.27/FeaturePacks/TP_HandheldARBP.upack)
[2025.11.25-17.55.12:783][  0]LogPakFile: OnPakFileMounted2Time == 0.000043
[2025.11.25-17.55.12:784][  0]LogPakFile: PakFile PrimaryIndexSize=182
[2025.11.25-17.55.12:784][  0]LogPakFile: PakFile PathHashIndexSize=101
[2025.11.25-17.55.12:784][  0]LogPakFile: PakFile FullDirectoryIndexSize=138
[2025.11.25-17.55.12:784][  0]LogShaderLibrary: Display: ShaderCodeLibraryPakFileMountedCallback: PakFile 'C:/Genshin/UE_4.27/FeaturePacks/TP_Puzzle.upack' (chunk index -1, root 'root:/') mounted
[2025.11.25-17.55.12:784][  0]LogShaderLibrary: Display: ShaderCodeLibraryPakFileMountedCallback: pending pak file info (ChunkID:-1 Root:root:/ File:C:/Genshin/UE_4.27/FeaturePacks/TP_Puzzle.upack)
[2025.11.25-17.55.12:784][  0]LogPakFile: OnPakFileMounted2Time == 0.000043
[2025.11.25-17.55.12:785][  0]LogPakFile: PakFile PrimaryIndexSize=184
[2025.11.25-17.55.12:785][  0]LogPakFile: PakFile PathHashIndexSize=101
[2025.11.25-17.55.12:785][  0]LogPakFile: PakFile FullDirectoryIndexSize=142
[2025.11.25-17.55.12:785][  0]LogShaderLibrary: Display: ShaderCodeLibraryPakFileMountedCallback: PakFile 'C:/Genshin/UE_4.27/FeaturePacks/TP_PuzzleBP.upack' (chunk index -1, root 'root:/') mounted
[2025.11.25-17.55.12:785][  0]LogShaderLibrary: Display: ShaderCodeLibraryPakFileMountedCallback: pending pak file info (ChunkID:-1 Root:root:/ File:C:/Genshin/UE_4.27/FeaturePacks/TP_PuzzleBP.upack)
[2025.11.25-17.55.12:785][  0]LogPakFile: OnPakFileMounted2Time == 0.000042
[2025.11.25-17.55.12:785][  0]LogPakFile: PakFile PrimaryIndexSize=183
[2025.11.25-17.55.12:785][  0]LogPakFile: PakFile PathHashIndexSize=101
[2025.11.25-17.55.12:785][  0]LogPakFile: PakFile FullDirectoryIndexSize=140
[2025.11.25-17.55.12:785][  0]LogShaderLibrary: Display: ShaderCodeLibraryPakFileMountedCallback: PakFile 'C:/Genshin/UE_4.27/FeaturePacks/TP_Rolling.upack' (chunk index -1, root 'root:/') mounted
[2025.11.25-17.55.12:785][  0]LogShaderLibrary: Display: ShaderCodeLibraryPakFileMountedCallback: pending pak file info (ChunkID:-1 Root:root:/ File:C:/Genshin/UE_4.27/FeaturePacks/TP_Rolling.upack)
[2025.11.25-17.55.12:785][  0]LogPakFile: OnPakFileMounted2Time == 0.000038
[2025.11.25-17.55.12:787][  0]LogPakFile: PakFile PrimaryIndexSize=185
[2025.11.25-17.55.12:787][  0]LogPakFile: PakFile PathHashIndexSize=101
[2025.11.25-17.55.12:787][  0]LogPakFile: PakFile FullDirectoryIndexSize=144
[2025.11.25-17.55.12:787][  0]LogShaderLibrary: Display: ShaderCodeLibraryPakFileMountedCallback: PakFile 'C:/Genshin/UE_4.27/FeaturePacks/TP_RollingBP.upack' (chunk index -1, root 'root:/') mounted
[2025.11.25-17.55.12:787][  0]LogShaderLibrary: Display: ShaderCodeLibraryPakFileMountedCallback: pending pak file info (ChunkID:-1 Root:root:/ File:C:/Genshin/UE_4.27/FeaturePacks/TP_RollingBP.upack)
[2025.11.25-17.55.12:787][  0]LogPakFile: OnPakFileMounted2Time == 0.000045
[2025.11.25-17.55.12:788][  0]LogPakFile: PakFile PrimaryIndexSize=188
[2025.11.25-17.55.12:788][  0]LogPakFile: PakFile PathHashIndexSize=101
[2025.11.25-17.55.12:788][  0]LogPakFile: PakFile FullDirectoryIndexSize=150
[2025.11.25-17.55.12:788][  0]LogShaderLibrary: Display: ShaderCodeLibraryPakFileMountedCallback: PakFile 'C:/Genshin/UE_4.27/FeaturePacks/TP_SideScroller.upack' (chunk index -1, root 'root:/') mounted
[2025.11.25-17.55.12:788][  0]LogShaderLibrary: Display: ShaderCodeLibraryPakFileMountedCallback: pending pak file info (ChunkID:-1 Root:root:/ File:C:/Genshin/UE_4.27/FeaturePacks/TP_SideScroller.upack)
[2025.11.25-17.55.12:788][  0]LogPakFile: OnPakFileMounted2Time == 0.000035
[2025.11.25-17.55.12:788][  0]LogPakFile: PakFile PrimaryIndexSize=190
[2025.11.25-17.55.12:788][  0]LogPakFile: PakFile PathHashIndexSize=101
[2025.11.25-17.55.12:788][  0]LogPakFile: PakFile FullDirectoryIndexSize=154
[2025.11.25-17.55.12:788][  0]LogShaderLibrary: Display: ShaderCodeLibraryPakFileMountedCallback: PakFile 'C:/Genshin/UE_4.27/FeaturePacks/TP_SideScrollerBP.upack' (chunk index -1, root 'root:/') mounted
[2025.11.25-17.55.12:788][  0]LogShaderLibrary: Display: ShaderCodeLibraryPakFileMountedCallback: pending pak file info (ChunkID:-1 Root:root:/ File:C:/Genshin/UE_4.27/FeaturePacks/TP_SideScrollerBP.upack)
[2025.11.25-17.55.12:788][  0]LogPakFile: OnPakFileMounted2Time == 0.000034
[2025.11.25-17.55.12:788][  0]LogPakFile: PakFile PrimaryIndexSize=187
[2025.11.25-17.55.12:788][  0]LogPakFile: PakFile PathHashIndexSize=101
[2025.11.25-17.55.12:788][  0]LogPakFile: PakFile FullDirectoryIndexSize=148
[2025.11.25-17.55.12:788][  0]LogShaderLibrary: Display: ShaderCodeLibraryPakFileMountedCallback: PakFile 'C:/Genshin/UE_4.27/FeaturePacks/TP_ThirdPerson.upack' (chunk index -1, root 'root:/') mounted
[2025.11.25-17.55.12:788][  0]LogShaderLibrary: Display: ShaderCodeLibraryPakFileMountedCallback: pending pak file info (ChunkID:-1 Root:root:/ File:C:/Genshin/UE_4.27/FeaturePacks/TP_ThirdPerson.upack)
[2025.11.25-17.55.12:788][  0]LogPakFile: OnPakFileMounted2Time == 0.000051
[2025.11.25-17.55.12:789][  0]LogPakFile: PakFile PrimaryIndexSize=189
[2025.11.25-17.55.12:789][  0]LogPakFile: PakFile PathHashIndexSize=101
[2025.11.25-17.55.12:789][  0]LogPakFile: PakFile FullDirectoryIndexSize=152
[2025.11.25-17.55.12:789][  0]LogShaderLibrary: Display: ShaderCodeLibraryPakFileMountedCallback: PakFile 'C:/Genshin/UE_4.27/FeaturePacks/TP_ThirdPersonBP.upack' (chunk index -1, root 'root:/') mounted
[2025.11.25-17.55.12:789][  0]LogShaderLibrary: Display: ShaderCodeLibraryPakFileMountedCallback: pending pak file info (ChunkID:-1 Root:root:/ File:C:/Genshin/UE_4.27/FeaturePacks/TP_ThirdPersonBP.upack)
[2025.11.25-17.55.12:789][  0]LogPakFile: OnPakFileMounted2Time == 0.000038
[2025.11.25-17.55.12:790][  0]LogPakFile: PakFile PrimaryIndexSize=183
[2025.11.25-17.55.12:790][  0]LogPakFile: PakFile PathHashIndexSize=101
[2025.11.25-17.55.12:790][  0]LogPakFile: PakFile FullDirectoryIndexSize=140
[2025.11.25-17.55.12:790][  0]LogShaderLibrary: Display: ShaderCodeLibraryPakFileMountedCallback: PakFile 'C:/Genshin/UE_4.27/FeaturePacks/TP_TopDown.upack' (chunk index -1, root 'root:/') mounted
[2025.11.25-17.55.12:790][  0]LogShaderLibrary: Display: ShaderCodeLibraryPakFileMountedCallback: pending pak file info (ChunkID:-1 Root:root:/ File:C:/Genshin/UE_4.27/FeaturePacks/TP_TopDown.upack)
[2025.11.25-17.55.12:790][  0]LogPakFile: OnPakFileMounted2Time == 0.000047
[2025.11.25-17.55.12:790][  0]LogPakFile: PakFile PrimaryIndexSize=185
[2025.11.25-17.55.12:790][  0]LogPakFile: PakFile PathHashIndexSize=101
[2025.11.25-17.55.12:790][  0]LogPakFile: PakFile FullDirectoryIndexSize=144
[2025.11.25-17.55.12:790][  0]LogShaderLibrary: Display: ShaderCodeLibraryPakFileMountedCallback: PakFile 'C:/Genshin/UE_4.27/FeaturePacks/TP_TopDownBP.upack' (chunk index -1, root 'root:/') mounted
[2025.11.25-17.55.12:790][  0]LogShaderLibrary: Display: ShaderCodeLibraryPakFileMountedCallback: pending pak file info (ChunkID:-1 Root:root:/ File:C:/Genshin/UE_4.27/FeaturePacks/TP_TopDownBP.upack)
[2025.11.25-17.55.12:790][  0]LogPakFile: OnPakFileMounted2Time == 0.000039
[2025.11.25-17.55.12:791][  0]LogPakFile: PakFile PrimaryIndexSize=185
[2025.11.25-17.55.12:791][  0]LogPakFile: PakFile PathHashIndexSize=101
[2025.11.25-17.55.12:791][  0]LogPakFile: PakFile FullDirectoryIndexSize=144
[2025.11.25-17.55.12:791][  0]LogShaderLibrary: Display: ShaderCodeLibraryPakFileMountedCallback: PakFile 'C:/Genshin/UE_4.27/FeaturePacks/TP_TwinStick.upack' (chunk index -1, root 'root:/') mounted
[2025.11.25-17.55.12:791][  0]LogShaderLibrary: Display: ShaderCodeLibraryPakFileMountedCallback: pending pak file info (ChunkID:-1 Root:root:/ File:C:/Genshin/UE_4.27/FeaturePacks/TP_TwinStick.upack)
[2025.11.25-17.55.12:791][  0]LogPakFile: OnPakFileMounted2Time == 0.000051
[2025.11.25-17.55.12:791][  0]LogPakFile: PakFile PrimaryIndexSize=187
[2025.11.25-17.55.12:791][  0]LogPakFile: PakFile PathHashIndexSize=101
[2025.11.25-17.55.12:791][  0]LogPakFile: PakFile FullDirectoryIndexSize=148
[2025.11.25-17.55.12:791][  0]LogShaderLibrary: Display: ShaderCodeLibraryPakFileMountedCallback: PakFile 'C:/Genshin/UE_4.27/FeaturePacks/TP_TwinStickBP.upack' (chunk index -1, root 'root:/') mounted
[2025.11.25-17.55.12:792][  0]LogShaderLibrary: Display: ShaderCodeLibraryPakFileMountedCallback: pending pak file info (ChunkID:-1 Root:root:/ File:C:/Genshin/UE_4.27/FeaturePacks/TP_TwinStickBP.upack)
[2025.11.25-17.55.12:792][  0]LogPakFile: OnPakFileMounted2Time == 0.000063
[2025.11.25-17.55.12:792][  0]LogPakFile: PakFile PrimaryIndexSize=183
[2025.11.25-17.55.12:792][  0]LogPakFile: PakFile PathHashIndexSize=101
[2025.11.25-17.55.12:792][  0]LogPakFile: PakFile FullDirectoryIndexSize=140
[2025.11.25-17.55.12:792][  0]LogShaderLibrary: Display: ShaderCodeLibraryPakFileMountedCallback: PakFile 'C:/Genshin/UE_4.27/FeaturePacks/TP_Vehicle.upack' (chunk index -1, root 'root:/') mounted
[2025.11.25-17.55.12:792][  0]LogShaderLibrary: Display: ShaderCodeLibraryPakFileMountedCallback: pending pak file info (ChunkID:-1 Root:root:/ File:C:/Genshin/UE_4.27/FeaturePacks/TP_Vehicle.upack)
[2025.11.25-17.55.12:792][  0]LogPakFile: OnPakFileMounted2Time == 0.000053
[2025.11.25-17.55.12:793][  0]LogPakFile: PakFile PrimaryIndexSize=186
[2025.11.25-17.55.12:793][  0]LogPakFile: PakFile PathHashIndexSize=101
[2025.11.25-17.55.12:793][  0]LogPakFile: PakFile FullDirectoryIndexSize=146
[2025.11.25-17.55.12:793][  0]LogShaderLibrary: Display: ShaderCodeLibraryPakFileMountedCallback: PakFile 'C:/Genshin/UE_4.27/FeaturePacks/TP_VehicleAdv.upack' (chunk index -1, root 'root:/') mounted
[2025.11.25-17.55.12:793][  0]LogShaderLibrary: Display: ShaderCodeLibraryPakFileMountedCallback: pending pak file info (ChunkID:-1 Root:root:/ File:C:/Genshin/UE_4.27/FeaturePacks/TP_VehicleAdv.upack)
[2025.11.25-17.55.12:793][  0]LogPakFile: OnPakFileMounted2Time == 0.000049
[2025.11.25-17.55.12:794][  0]LogPakFile: PakFile PrimaryIndexSize=188
[2025.11.25-17.55.12:794][  0]LogPakFile: PakFile PathHashIndexSize=101
[2025.11.25-17.55.12:794][  0]LogPakFile: PakFile FullDirectoryIndexSize=150
[2025.11.25-17.55.12:794][  0]LogShaderLibrary: Display: ShaderCodeLibraryPakFileMountedCallback: PakFile 'C:/Genshin/UE_4.27/FeaturePacks/TP_VehicleAdvBP.upack' (chunk index -1, root 'root:/') mounted
[2025.11.25-17.55.12:794][  0]LogShaderLibrary: Display: ShaderCodeLibraryPakFileMountedCallback: pending pak file info (ChunkID:-1 Root:root:/ File:C:/Genshin/UE_4.27/FeaturePacks/TP_VehicleAdvBP.upack)
[2025.11.25-17.55.12:794][  0]LogPakFile: OnPakFileMounted2Time == 0.000048
[2025.11.25-17.55.12:795][  0]LogPakFile: PakFile PrimaryIndexSize=185
[2025.11.25-17.55.12:795][  0]LogPakFile: PakFile PathHashIndexSize=101
[2025.11.25-17.55.12:795][  0]LogPakFile: PakFile FullDirectoryIndexSize=144
[2025.11.25-17.55.12:795][  0]LogShaderLibrary: Display: ShaderCodeLibraryPakFileMountedCallback: PakFile 'C:/Genshin/UE_4.27/FeaturePacks/TP_VehicleBP.upack' (chunk index -1, root 'root:/') mounted
[2025.11.25-17.55.12:795][  0]LogShaderLibrary: Display: ShaderCodeLibraryPakFileMountedCallback: pending pak file info (ChunkID:-1 Root:root:/ File:C:/Genshin/UE_4.27/FeaturePacks/TP_VehicleBP.upack)
[2025.11.25-17.55.12:795][  0]LogPakFile: OnPakFileMounted2Time == 0.000042
[2025.11.25-17.55.12:795][  0]LogPakFile: PakFile PrimaryIndexSize=192
[2025.11.25-17.55.12:795][  0]LogPakFile: PakFile PathHashIndexSize=101
[2025.11.25-17.55.12:797][  0]LogPakFile: PakFile FullDirectoryIndexSize=158
[2025.11.25-17.55.12:797][  0]LogShaderLibrary: Display: ShaderCodeLibraryPakFileMountedCallback: PakFile 'C:/Genshin/UE_4.27/FeaturePacks/TP_VirtualRealityBP.upack' (chunk index -1, root 'root:/') mounted
[2025.11.25-17.55.12:797][  0]LogShaderLibrary: Display: ShaderCodeLibraryPakFileMountedCallback: pending pak file info (ChunkID:-1 Root:root:/ File:C:/Genshin/UE_4.27/FeaturePacks/TP_VirtualRealityBP.upack)
[2025.11.25-17.55.12:797][  0]LogPakFile: OnPakFileMounted2Time == 0.000045
[2025.11.25-17.55.12:866][  0]LogNativeClassHierarchy: Verbose: Native class hierarchy updated for 'AddContentDialog' in 0.0003 seconds. Added 0 classes and 0 folders.
[2025.11.25-17.55.12:867][  0]LogNativeClassHierarchy: Verbose: Native class hierarchy updated for 'SceneOutliner' in 0.0003 seconds. Added 2 classes and 0 folders.
[2025.11.25-17.55.12:965][  0]LogSlate: Took 0.000235 seconds to synchronously load lazily loaded font '../../../Engine/Content/Slate/Fonts/Roboto-Regular.ttf' (155K)
[2025.11.25-17.55.12:967][  0]LogSlate: Took 0.000303 seconds to synchronously load lazily loaded font '../../../Engine/Content/Editor/Slate/Fonts/FontAwesome.ttf' (139K)
[2025.11.25-17.55.12:969][  0]LogSlate: Took 0.000318 seconds to synchronously load lazily loaded font '../../../Engine/Content/Slate/Fonts/Roboto-Bold.ttf' (160K)
[2025.11.25-17.55.13:063][  0]LogRenderer: Reallocating scene render targets to support 904x428 Format 10 NumSamples 1 (Frame:1).
[2025.11.25-17.55.13:191][  0]LogNativeClassHierarchy: Verbose: Native class hierarchy updated for 'HierarchicalLODOutliner' in 0.0004 seconds. Added 0 classes and 0 folders.
[2025.11.25-17.55.13:191][  0]LogLoad: (Engine Initialization) Total time: 10.27 seconds
[2025.11.25-17.55.13:191][  0]LogLoad: (Engine Initialization) Total Blueprint compile time: 0.00 seconds
[2025.11.25-17.55.13:401][  0]LogAssetRegistry: Asset discovery search completed in 5.7360 seconds
[2025.11.25-17.55.13:407][  0]LogCollectionManager: Fixed up redirectors for 0 collections in 0.000004 seconds (updated 0 objects)
[2025.11.25-17.55.13:409][  0]LogContentStreaming: Texture pool size now 1000 MB
[2025.11.25-17.55.13:462][  2]LogSlate: Took 0.000188 seconds to synchronously load lazily loaded font '../../../Engine/Content/Slate/Fonts/Roboto-Light.ttf' (167K)
[2025.11.25-17.56.42:744][705]LogSlate: Took 0.013719 seconds to synchronously load lazily loaded font '../../../Engine/Content/Slate/Fonts/Roboto-Italic.ttf' (157K)
[2025.11.25-17.58.17:968][772]LogSlate: Took 0.000343 seconds to synchronously load lazily loaded font '../../../Engine/Content/Slate/Fonts/Roboto-Light.ttf' (167K)
[2025.11.25-17.58.18:001][772]LogAssetEditorSubsystem: Opening Asset editor for BehaviorTree /Game/Inimigos/IA/IA_InimigoBase.IA_InimigoBase
[2025.11.25-17.58.18:163][772]LogSlate: Took 0.000252 seconds to synchronously load lazily loaded font '../../../Engine/Content/Slate/Fonts/Roboto-BoldCondensed.ttf' (158K)
[2025.11.25-17.58.19:886][945]LogSlate: Window 'IA_InimigoBase' being destroyed
[2025.11.25-17.58.28:687][962]LogUObjectHash: Compacting FUObjectHashTables data took   1.15ms
[2025.11.25-17.58.29:745][962]LogAssetEditorSubsystem: Opening Asset editor for World /Game/Mapas/Fases/MapadeTeste/MapadeTeste.MapadeTeste
[2025.11.25-17.58.29:745][962]Cmd: MAP LOAD FILE="E:/Unreal/Fumec_DevGames/Content/Mapas/Fases/MapadeTeste/MapadeTeste.umap" TEMPLATE=0 SHOWPROGRESS=1 FEATURELEVEL=3
[2025.11.25-17.58.29:745][962]LightingResults: New page: Lighting Build
[2025.11.25-17.58.29:745][962]LoadErrors: New page: Loading map: MapadeTeste.umap
[2025.11.25-17.58.29:851][962]LogWorld: UWorld::CleanupWorld for MainMenu, bSessionEnded=true, bCleanupResources=true
[2025.11.25-17.58.29:851][962]LogSlate: InvalidateAllWidgets triggered.  All widgets were invalidated
[2025.11.25-17.58.29:851][962]MapCheck: New page: Map Check
[2025.11.25-17.58.29:852][962]LightingResults: New page: Lighting Build
[2025.11.25-17.58.29:857][962]LogAudio: Display: Audio Device unregistered from world 'None'.
[2025.11.25-17.58.29:860][962]LogUObjectHash: Compacting FUObjectHashTables data took   1.19ms
[2025.11.25-17.58.29:861][962]LogAudio: Display: Audio Device (ID: 1) registered with world 'MapadeTeste'.
[2025.11.25-17.58.29:960][962]LogEditorServer: Finished looking for orphan Actors (0.000 secs)
[2025.11.25-17.58.29:960][962]LogAIModule: Creating AISystem for world MapadeTeste
[2025.11.25-17.58.29:970][962]LogUObjectHash: Compacting FUObjectHashTables data took   0.72ms
[2025.11.25-17.58.29:989][962]Cmd: MAP CHECKDEP NOCLEARLOG
[2025.11.25-17.58.29:990][962]MapCheck: Map check complete: 0 Error(s), 0 Warning(s), took 0.109ms to complete.
[2025.11.25-17.58.29:990][962]LogFileHelpers: Loading map 'MapadeTeste' took 0.245
[2025.11.25-17.58.34:772][505]LogEditorViewport: Clicking Background
[2025.11.25-17.58.35:293][566]LogEditorViewport: Clicking Background
[2025.11.25-17.58.35:731][618]LogEditorViewport: Clicking on Actor (LMB): NavMeshBoundsVolume (NavMeshBoundsVolume)
[2025.11.25-18.06.23:817][334]LogEditorClassViewer: Warning: Class /Engine/Tutorial/InWorldBlueprintEditing/TutorialAssets/IWBE_Blutility.IWBE_Blutility_C has parent /Script/Blutility.PlacedEditorUtilityBase, but this parent is not found. The Class will not be shown in ClassViewer.
[2025.11.25-18.07.01:562][669]Cmd: BRUSH ADD SELECTNEWBRUSH
[2025.11.25-18.07.04:375][  1]Cmd: TRANSACTION UNDO
[2025.11.25-18.07.04:375][  1]LogEditorTransaction: Undo Brush Add
[2025.11.25-18.07.10:717][603]LogActorFactory: Actor Factory created Cube
[2025.11.25-18.07.12:221][780]LogActorFactory: Actor Factory created Cube
[2025.11.25-18.07.14:663][ 64]LogEditorViewport: Clicking Background
[2025.11.25-18.07.15:138][120]LogEditorViewport: Clicking on Actor (LMB): NavMeshBoundsVolume (NavMeshBoundsVolume)
[2025.11.25-18.07.24:884][274]LogEditorViewport: Clicking on Actor (LMB): StaticMeshActor (Cube)
[2025.11.25-18.07.42:528][111]LogTemp: Repeating last play command: Selected Viewport
[2025.11.25-18.07.42:539][111]LogPlayLevel: PlayLevel: No blueprints needed recompiling
[2025.11.25-18.07.42:540][111]PIE: New page: PIE session: MapadeTeste (Nov 25, 2025, 12:07:42 PM)
[2025.11.25-18.07.42:542][111]LogOnline: OSS: Creating online subsystem instance for: NULL
[2025.11.25-18.07.42:545][111]LogOnline: OSS: TryLoadSubsystemAndSetDefault: Loaded subsystem for module [NULL]
[2025.11.25-18.07.42:545][111]LogPlayLevel: Creating play world package: /Game/Mapas/Fases/MapadeTeste/UEDPIE_0_MapadeTeste
[2025.11.25-18.07.42:568][111]LogPlayLevel: PIE: StaticDuplicateObject took: (0.022250s)
[2025.11.25-18.07.42:569][111]LogAIModule: Creating AISystem for world MapadeTeste
[2025.11.25-18.07.42:569][111]LogPlayLevel: PIE: World Init took: (0.001253s)
[2025.11.25-18.07.42:569][111]LogPlayLevel: PIE: Created PIE world by copying editor world from /Game/Mapas/Fases/MapadeTeste/MapadeTeste.MapadeTeste to /Game/Mapas/Fases/MapadeTeste/UEDPIE_0_MapadeTeste.MapadeTeste (0.023687s)
[2025.11.25-18.07.42:579][111]LogUObjectHash: Compacting FUObjectHashTables data took   0.85ms
[2025.11.25-18.07.42:581][111]LogAudio: Display: Creating Audio Device:                 Id: 2, Scope: Unique, Realtime: True
[2025.11.25-18.07.42:581][111]LogAudioMixer: Display: Audio Mixer Platform Settings:
[2025.11.25-18.07.42:581][111]LogAudioMixer: Display: 	Sample Rate:						  48000
[2025.11.25-18.07.42:581][111]LogAudioMixer: Display: 	Callback Buffer Frame Size Requested: 1024
[2025.11.25-18.07.42:581][111]LogAudioMixer: Display: 	Callback Buffer Frame Size To Use:	  1024
[2025.11.25-18.07.42:581][111]LogAudioMixer: Display: 	Number of buffers to queue:			  2
[2025.11.25-18.07.42:581][111]LogAudioMixer: Display: 	Max Channels (voices):				  32
[2025.11.25-18.07.42:581][111]LogAudioMixer: Display: 	Number of Async Source Workers:		  0
[2025.11.25-18.07.42:581][111]LogAudio: Display: AudioDevice MaxSources: 32
[2025.11.25-18.07.42:581][111]LogAudio: Display: Audio Spatialization Plugin: None (built-in).
[2025.11.25-18.07.42:581][111]LogAudio: Display: Audio Reverb Plugin: None (built-in).
[2025.11.25-18.07.42:581][111]LogAudio: Display: Audio Occlusion Plugin: None (built-in).
[2025.11.25-18.07.42:581][111]LogAudioMixer: Display: Initializing audio mixer.
[2025.11.25-18.07.42:588][111]LogAudioMixer: Display: 0: FrontLeft
[2025.11.25-18.07.42:588][111]LogAudioMixer: Display: 1: FrontRight
[2025.11.25-18.07.42:596][111]LogAudioMixer: Display: Using Audio Device Alto-falantes (Realtek(R) Audio)
[2025.11.25-18.07.42:597][111]LogAudioMixer: Display: Initializing Sound Submixes...
[2025.11.25-18.07.42:597][111]LogAudioMixer: Display: Creating Master Submix 'MasterSubmixDefault'
[2025.11.25-18.07.42:597][111]LogAudioMixer: Display: Creating Master Submix 'MasterReverbSubmixDefault'
[2025.11.25-18.07.42:597][111]LogAudioMixer: Display: Creating Master Submix 'MasterEQSubmixDefault'
[2025.11.25-18.07.42:597][111]LogAudioMixer: FMixerPlatformXAudio2::StartAudioStream() called
[2025.11.25-18.07.42:597][111]LogAudioMixer: Display: Output buffers initialized: Frames=1024, Channels=2, Samples=2048
[2025.11.25-18.07.42:600][111]LogAudioMixer: Display: Starting AudioMixerPlatformInterface::RunInternal()
[2025.11.25-18.07.42:600][111]LogAudioMixer: Display: FMixerPlatformXAudio2::SubmitBuffer() called for the first time
[2025.11.25-18.07.42:600][111]LogInit: FAudioDevice initialized.
[2025.11.25-18.07.42:600][111]LogAudio: Display: Audio Device (ID: 2) registered with world 'MapadeTeste'.
[2025.11.25-18.07.42:832][111]LogLoad: Game class is 'GameModeRL_C'
[2025.11.25-18.07.42:834][111]LogWorld: Bringing World /Game/Mapas/Fases/MapadeTeste/UEDPIE_0_MapadeTeste.MapadeTeste up for play (max tick rate 0) at 2025.11.25-15.07.42
[2025.11.25-18.07.42:844][111]LogWorld: Bringing up level for play took: 0.010099
[2025.11.25-18.07.42:844][111]LogOnline: OSS: Creating online subsystem instance for: :Context_3
[2025.11.25-18.07.42:850][111]LogNativeClassHierarchy: Verbose: Native class hierarchy updated for 'MovieSceneCapture' in 0.0004 seconds. Added 20 classes and 0 folders.
[2025.11.25-18.07.42:861][111]PIE: Server logged in
[2025.11.25-18.07.42:863][111]PIE: Play in editor total start time 0.328 seconds.
[2025.11.25-18.07.47:042][600]LogSlate: Updating window title bar state: overlay mode, drag disabled, window buttons hidden, title bar hidden
[2025.11.25-18.07.47:042][600]LogWorld: BeginTearingDown for /Game/Mapas/Fases/MapadeTeste/UEDPIE_0_MapadeTeste
[2025.11.25-18.07.47:043][600]LogWorld: UWorld::CleanupWorld for MapadeTeste, bSessionEnded=true, bCleanupResources=true
[2025.11.25-18.07.47:043][600]LogSlate: InvalidateAllWidgets triggered.  All widgets were invalidated
[2025.11.25-18.07.47:055][600]LogPlayLevel: Display: Shutting down PIE online subsystems
[2025.11.25-18.07.47:073][600]LogSlate: InvalidateAllWidgets triggered.  All widgets were invalidated
[2025.11.25-18.07.47:080][600]LogAudio: Display: Audio Device unregistered from world 'None'.
[2025.11.25-18.07.47:080][600]LogAudioMixer: FMixerPlatformXAudio2::StopAudioStream() called
[2025.11.25-18.07.47:081][600]LogAudioMixer: FMixerPlatformXAudio2::StopAudioStream() called
[2025.11.25-18.07.47:084][600]LogSlate: Updating window title bar state: overlay mode, drag disabled, window buttons hidden, title bar hidden
[2025.11.25-18.07.47:086][600]LogUObjectHash: Compacting FUObjectHashTables data took   0.90ms
[2025.11.25-18.07.47:121][601]LogPlayLevel: Display: Destroying online subsystem :Context_3
[2025.11.25-18.07.51:701][127]Cmd: DELETE
[2025.11.25-18.07.51:701][127]Cmd: ACTOR DELETE
[2025.11.25-18.07.51:708][127]LogEditorActor: Deleted Actor: StaticMeshActor
[2025.11.25-18.07.51:714][127]LogUObjectHash: Compacting FUObjectHashTables data took   0.73ms
[2025.11.25-18.07.51:715][127]LogEditorActor: Deleted 1 Actors (0.013 secs)
[2025.11.25-18.07.55:912][584]Cmd: DELETE
[2025.11.25-18.07.55:912][584]Cmd: ACTOR DELETE
[2025.11.25-18.07.55:914][584]LogEditorActor: Deleted Actor: NavMeshBoundsVolume
[2025.11.25-18.07.55:920][584]LogUObjectHash: Compacting FUObjectHashTables data took   0.31ms
[2025.11.25-18.07.55:921][584]LogEditorActor: Deleted 1 Actors (0.009 secs)
[2025.11.25-18.07.55:922][584]LogNavigation: Warning: ConstructTiledNavMesh: Failed to create navmesh of size 0.
[2025.11.25-18.08.02:997][309]Cmd: OBJ SAVEPACKAGE PACKAGE="/Game/Mapas/Fases/MapadeTeste/MapadeTeste" FILE="E:/Unreal/Fumec_DevGames/Content/Mapas/Fases/MapadeTeste/MapadeTeste.umap" SILENT=true AUTOSAVING=false KEEPDIRTY=false
[2025.11.25-18.08.03:005][309]LogUObjectHash: Compacting FUObjectHashTables data took   0.33ms
[2025.11.25-18.08.03:147][309]LogSavePackage: Moving 'E:/Unreal/Fumec_DevGames/Saved/MapadeTesteD325778F48ADAB7C737FCABFAE808D74.tmp' to 'E:/Unreal/Fumec_DevGames/Content/Mapas/Fases/MapadeTeste/MapadeTeste.umap'
[2025.11.25-18.08.03:170][309]LogFileHelpers: Saving map 'MapadeTeste' took 0.172
[2025.11.25-18.08.03:183][309]AssetCheck: New page: Asset Save: MapadeTeste
[2025.11.25-18.08.03:183][309]LogContentValidation: Display: Validating World /Game/Mapas/Fases/MapadeTeste/MapadeTeste.MapadeTeste
[2025.11.25-18.08.09:240][679]LogSlate: Window 'New Level' being destroyed
[2025.11.25-18.08.09:249][679]Cmd: MAP LOAD FILE="../../../Engine/Content/Maps/Templates/Template_Default.umap" TEMPLATE=1 SHOWPROGRESS=1 FEATURELEVEL=3
[2025.11.25-18.08.09:284][679]LightingResults: New page: Lighting Build
[2025.11.25-18.08.09:284][679]LoadErrors: New page: Loading map: Template_Default.umap
[2025.11.25-18.08.09:286][679]LogWorld: UWorld::CleanupWorld for MapadeTeste, bSessionEnded=true, bCleanupResources=true
[2025.11.25-18.08.09:286][679]LogSlate: InvalidateAllWidgets triggered.  All widgets were invalidated
[2025.11.25-18.08.09:286][679]MapCheck: New page: Map Check
[2025.11.25-18.08.09:286][679]LightingResults: New page: Lighting Build
[2025.11.25-18.08.09:293][679]LogAudio: Display: Audio Device unregistered from world 'None'.
[2025.11.25-18.08.09:295][679]LogUObjectHash: Compacting FUObjectHashTables data took   1.03ms
[2025.11.25-18.08.09:344][679]LogTexture: Display: Building textures: DeprecatedTextureEB9CBE3C423008B5E8E130901E171C89 (BGRA8, 128X128)
[2025.11.25-18.08.09:347][679]LogAudio: Display: Audio Device (ID: 1) registered with world 'Untitled_1'.
[2025.11.25-18.08.09:348][679]LogAIModule: Creating AISystem for world Untitled_1
[2025.11.25-18.08.09:416][679]LogEditorServer: Finished looking for orphan Actors (0.000 secs)
[2025.11.25-18.08.09:428][679]LogUObjectHash: Compacting FUObjectHashTables data took   1.31ms
[2025.11.25-18.08.09:437][679]Cmd: MAP CHECKDEP NOCLEARLOG
[2025.11.25-18.08.09:438][679]MapCheck: Map check complete: 0 Error(s), 0 Warning(s), took 0.133ms to complete.
[2025.11.25-18.08.09:438][679]LogFileHelpers: Loading map 'Template_Default' took 0.189
[2025.11.25-18.08.20:917][982]LogEditorViewport: Clicking on Actor (LMB): StaticMeshActor (Floor)
[2025.11.25-18.08.23:267][258]LogEditorViewport: Clicking on Actor (context menu): StaticMeshActor (Floor)
[2025.11.25-18.08.29:581][730]LogEditorViewport: Clicking on Actor (LMB): StaticMeshActor (Floor)
[2025.11.25-18.08.40:576][831]LogEditorViewport: Clicking on Actor (LMB): StaticMeshActor (Floor)
[2025.11.25-18.08.47:812][249]LogTemp: Repeating last play command: Selected Viewport
[2025.11.25-18.08.47:821][249]LogPlayLevel: PlayLevel: No blueprints needed recompiling
[2025.11.25-18.08.47:821][249]PIE: New page: PIE session: Untitled_1 (Nov 25, 2025, 12:08:47 PM)
[2025.11.25-18.08.47:848][249]LogPlayLevel: Creating play world package: /Temp/UEDPIE_0_Untitled_1
[2025.11.25-18.08.47:852][249]LogPlayLevel: PIE: StaticDuplicateObject took: (0.004678s)
[2025.11.25-18.08.47:853][249]LogAIModule: Creating AISystem for world Untitled_1
[2025.11.25-18.08.47:854][249]LogPlayLevel: PIE: World Init took: (0.001455s)
[2025.11.25-18.08.47:854][249]LogPlayLevel: PIE: Created PIE world by copying editor world from /Temp/Untitled_1.Untitled_1 to /Temp/UEDPIE_0_Untitled_1.Untitled_1 (0.006364s)
[2025.11.25-18.08.47:864][249]LogUObjectHash: Compacting FUObjectHashTables data took   0.82ms
[2025.11.25-18.08.47:865][249]LogAudio: Display: Creating Audio Device:                 Id: 3, Scope: Unique, Realtime: True
[2025.11.25-18.08.47:865][249]LogAudioMixer: Display: Audio Mixer Platform Settings:
[2025.11.25-18.08.47:865][249]LogAudioMixer: Display: 	Sample Rate:						  48000
[2025.11.25-18.08.47:865][249]LogAudioMixer: Display: 	Callback Buffer Frame Size Requested: 1024
[2025.11.25-18.08.47:865][249]LogAudioMixer: Display: 	Callback Buffer Frame Size To Use:	  1024
[2025.11.25-18.08.47:865][249]LogAudioMixer: Display: 	Number of buffers to queue:			  2
[2025.11.25-18.08.47:865][249]LogAudioMixer: Display: 	Max Channels (voices):				  32
[2025.11.25-18.08.47:865][249]LogAudioMixer: Display: 	Number of Async Source Workers:		  0
[2025.11.25-18.08.47:865][249]LogAudio: Display: AudioDevice MaxSources: 32
[2025.11.25-18.08.47:866][249]LogAudio: Display: Audio Spatialization Plugin: None (built-in).
[2025.11.25-18.08.47:866][249]LogAudio: Display: Audio Reverb Plugin: None (built-in).
[2025.11.25-18.08.47:866][249]LogAudio: Display: Audio Occlusion Plugin: None (built-in).
[2025.11.25-18.08.47:866][249]LogAudioMixer: Display: Initializing audio mixer.
[2025.11.25-18.08.47:872][249]LogAudioMixer: Display: 0: FrontLeft
[2025.11.25-18.08.47:872][249]LogAudioMixer: Display: 1: FrontRight
[2025.11.25-18.08.47:880][249]LogAudioMixer: Display: Using Audio Device Alto-falantes (Realtek(R) Audio)
[2025.11.25-18.08.47:880][249]LogAudioMixer: Display: Initializing Sound Submixes...
[2025.11.25-18.08.47:880][249]LogAudioMixer: Display: Creating Master Submix 'MasterSubmixDefault'
[2025.11.25-18.08.47:880][249]LogAudioMixer: Display: Creating Master Submix 'MasterReverbSubmixDefault'
[2025.11.25-18.08.47:881][249]LogAudioMixer: Display: Creating Master Submix 'MasterEQSubmixDefault'
[2025.11.25-18.08.47:881][249]LogAudioMixer: FMixerPlatformXAudio2::StartAudioStream() called
[2025.11.25-18.08.47:881][249]LogAudioMixer: Display: Output buffers initialized: Frames=1024, Channels=2, Samples=2048
[2025.11.25-18.08.47:883][249]LogAudioMixer: Display: Starting AudioMixerPlatformInterface::RunInternal()
[2025.11.25-18.08.47:883][249]LogAudioMixer: Display: FMixerPlatformXAudio2::SubmitBuffer() called for the first time
[2025.11.25-18.08.47:883][249]LogInit: FAudioDevice initialized.
[2025.11.25-18.08.47:883][249]LogAudio: Display: Audio Device (ID: 3) registered with world 'Untitled_1'.
[2025.11.25-18.08.47:894][249]LogLoad: Game class is 'GameModeRL_C'
[2025.11.25-18.08.47:895][249]LogWorld: Bringing World /Temp/UEDPIE_0_Untitled_1.Untitled_1 up for play (max tick rate 60) at 2025.11.25-15.08.47
[2025.11.25-18.08.47:897][249]LogWorld: Bringing up level for play took: 0.002367
[2025.11.25-18.08.47:897][249]LogOnline: OSS: Creating online subsystem instance for: :Context_4
[2025.11.25-18.08.47:902][249]PIE: Server logged in
[2025.11.25-18.08.47:903][249]PIE: Play in editor total start time 0.086 seconds.
[2025.11.25-18.08.55:762][718]LogSlate: Updating window title bar state: overlay mode, drag disabled, window buttons hidden, title bar hidden
[2025.11.25-18.08.55:762][718]LogWorld: BeginTearingDown for /Temp/UEDPIE_0_Untitled_1
[2025.11.25-18.08.55:763][718]LogWorld: UWorld::CleanupWorld for Untitled_1, bSessionEnded=true, bCleanupResources=true
[2025.11.25-18.08.55:763][718]LogSlate: InvalidateAllWidgets triggered.  All widgets were invalidated
[2025.11.25-18.08.55:773][718]LogPlayLevel: Display: Shutting down PIE online subsystems
[2025.11.25-18.08.55:818][718]LogSlate: InvalidateAllWidgets triggered.  All widgets were invalidated
[2025.11.25-18.08.55:825][718]LogAudio: Display: Audio Device unregistered from world 'None'.
[2025.11.25-18.08.55:825][718]LogAudioMixer: FMixerPlatformXAudio2::StopAudioStream() called
[2025.11.25-18.08.55:826][718]LogAudioMixer: FMixerPlatformXAudio2::StopAudioStream() called
[2025.11.25-18.08.55:829][718]LogSlate: Updating window title bar state: overlay mode, drag disabled, window buttons hidden, title bar hidden
[2025.11.25-18.08.55:831][718]LogUObjectHash: Compacting FUObjectHashTables data took   0.87ms
[2025.11.25-18.08.55:864][719]LogPlayLevel: Display: Destroying online subsystem :Context_4
[2025.11.25-18.09.02:441][111]LogEditorViewport: Clicking on Actor (LMB): Player_BP_C (Player_BP)
[2025.11.25-18.09.03:485][169]Cmd: DELETE
[2025.11.25-18.09.03:485][169]Cmd: ACTOR DELETE
[2025.11.25-18.09.03:487][169]LogEditorActor: Deleted Actor: Player_BP_C
[2025.11.25-18.09.03:502][169]LogUObjectHash: Compacting FUObjectHashTables data took   0.73ms
[2025.11.25-18.09.03:503][169]LogEditorActor: Deleted 1 Actors (0.017 secs)
[2025.11.25-18.09.04:444][226]LogTemp: Repeating last play command: Selected Viewport
[2025.11.25-18.09.04:454][226]LogPlayLevel: PlayLevel: No blueprints needed recompiling
[2025.11.25-18.09.04:454][226]PIE: New page: PIE session: Untitled_1 (Nov 25, 2025, 12:09:04 PM)
[2025.11.25-18.09.04:454][226]LogPlayLevel: Creating play world package: /Temp/UEDPIE_0_Untitled_1
[2025.11.25-18.09.04:457][226]LogPlayLevel: PIE: StaticDuplicateObject took: (0.003446s)
[2025.11.25-18.09.04:458][226]LogAIModule: Creating AISystem for world Untitled_1
[2025.11.25-18.09.04:458][226]LogPlayLevel: PIE: World Init took: (0.001408s)
[2025.11.25-18.09.04:458][226]LogPlayLevel: PIE: Created PIE world by copying editor world from /Temp/Untitled_1.Untitled_1 to /Temp/UEDPIE_0_Untitled_1.Untitled_1 (0.005002s)
[2025.11.25-18.09.04:466][226]LogUObjectHash: Compacting FUObjectHashTables data took   0.75ms
[2025.11.25-18.09.04:466][226]LogAudio: Display: Creating Audio Device:                 Id: 4, Scope: Unique, Realtime: True
[2025.11.25-18.09.04:466][226]LogAudioMixer: Display: Audio Mixer Platform Settings:
[2025.11.25-18.09.04:466][226]LogAudioMixer: Display: 	Sample Rate:						  48000
[2025.11.25-18.09.04:466][226]LogAudioMixer: Display: 	Callback Buffer Frame Size Requested: 1024
[2025.11.25-18.09.04:466][226]LogAudioMixer: Display: 	Callback Buffer Frame Size To Use:	  1024
[2025.11.25-18.09.04:466][226]LogAudioMixer: Display: 	Number of buffers to queue:			  2
[2025.11.25-18.09.04:466][226]LogAudioMixer: Display: 	Max Channels (voices):				  32
[2025.11.25-18.09.04:466][226]LogAudioMixer: Display: 	Number of Async Source Workers:		  0
[2025.11.25-18.09.04:466][226]LogAudio: Display: AudioDevice MaxSources: 32
[2025.11.25-18.09.04:467][226]LogAudio: Display: Audio Spatialization Plugin: None (built-in).
[2025.11.25-18.09.04:467][226]LogAudio: Display: Audio Reverb Plugin: None (built-in).
[2025.11.25-18.09.04:467][226]LogAudio: Display: Audio Occlusion Plugin: None (built-in).
[2025.11.25-18.09.04:467][226]LogAudioMixer: Display: Initializing audio mixer.
[2025.11.25-18.09.04:473][226]LogAudioMixer: Display: 0: FrontLeft
[2025.11.25-18.09.04:473][226]LogAudioMixer: Display: 1: FrontRight
[2025.11.25-18.09.04:480][226]LogAudioMixer: Display: Using Audio Device Alto-falantes (Realtek(R) Audio)
[2025.11.25-18.09.04:480][226]LogAudioMixer: Display: Initializing Sound Submixes...
[2025.11.25-18.09.04:480][226]LogAudioMixer: Display: Creating Master Submix 'MasterSubmixDefault'
[2025.11.25-18.09.04:480][226]LogAudioMixer: Display: Creating Master Submix 'MasterReverbSubmixDefault'
[2025.11.25-18.09.04:481][226]LogAudioMixer: Display: Creating Master Submix 'MasterEQSubmixDefault'
[2025.11.25-18.09.04:481][226]LogAudioMixer: FMixerPlatformXAudio2::StartAudioStream() called
[2025.11.25-18.09.04:481][226]LogAudioMixer: Display: Output buffers initialized: Frames=1024, Channels=2, Samples=2048
[2025.11.25-18.09.04:483][226]LogAudioMixer: Display: Starting AudioMixerPlatformInterface::RunInternal()
[2025.11.25-18.09.04:483][226]LogAudioMixer: Display: FMixerPlatformXAudio2::SubmitBuffer() called for the first time
[2025.11.25-18.09.04:483][226]LogInit: FAudioDevice initialized.
[2025.11.25-18.09.04:483][226]LogAudio: Display: Audio Device (ID: 4) registered with world 'Untitled_1'.
[2025.11.25-18.09.04:492][226]LogLoad: Game class is 'GameModeRL_C'
[2025.11.25-18.09.04:493][226]LogWorld: Bringing World /Temp/UEDPIE_0_Untitled_1.Untitled_1 up for play (max tick rate 60) at 2025.11.25-15.09.04
[2025.11.25-18.09.04:494][226]LogWorld: Bringing up level for play took: 0.001005
[2025.11.25-18.09.04:494][226]LogOnline: OSS: Creating online subsystem instance for: :Context_5
[2025.11.25-18.09.04:497][226]PIE: Server logged in
[2025.11.25-18.09.04:498][226]PIE: Play in editor total start time 0.048 seconds.
[2025.11.25-18.09.10:632][592]LogSlate: Updating window title bar state: overlay mode, drag disabled, window buttons hidden, title bar hidden
[2025.11.25-18.09.10:632][592]LogWorld: BeginTearingDown for /Temp/UEDPIE_0_Untitled_1
[2025.11.25-18.09.10:632][592]LogWorld: UWorld::CleanupWorld for Untitled_1, bSessionEnded=true, bCleanupResources=true
[2025.11.25-18.09.10:632][592]LogSlate: InvalidateAllWidgets triggered.  All widgets were invalidated
[2025.11.25-18.09.10:643][592]LogPlayLevel: Display: Shutting down PIE online subsystems
[2025.11.25-18.09.10:645][592]LogSlate: InvalidateAllWidgets triggered.  All widgets were invalidated
[2025.11.25-18.09.10:651][592]LogAudio: Display: Audio Device unregistered from world 'None'.
[2025.11.25-18.09.10:652][592]LogAudioMixer: FMixerPlatformXAudio2::StopAudioStream() called
[2025.11.25-18.09.10:653][592]LogAudioMixer: FMixerPlatformXAudio2::StopAudioStream() called
[2025.11.25-18.09.10:655][592]LogSlate: Updating window title bar state: overlay mode, drag disabled, window buttons hidden, title bar hidden
[2025.11.25-18.09.10:658][592]LogUObjectHash: Compacting FUObjectHashTables data took   0.88ms
[2025.11.25-18.09.10:711][594]LogPlayLevel: Display: Destroying online subsystem :Context_5
[2025.11.25-18.09.14:444][818]LogEditorViewport: Clicking on Actor (LMB): StaticMeshActor (Floor)
[2025.11.25-18.09.18:198][ 41]LogEditorViewport: Clicking on Actor (LMB): BP_Sky_Sphere_C (Sky Sphere)
[2025.11.25-18.09.18:718][ 71]LogEditorViewport: Clicking on Actor (LMB): NavMeshBoundsVolume (NavMeshBoundsVolume)
[2025.11.25-18.09.32:508][896]LogTemp: Repeating last play command: Selected Viewport
[2025.11.25-18.09.32:518][896]LogPlayLevel: PlayLevel: No blueprints needed recompiling
[2025.11.25-18.09.32:518][896]PIE: New page: PIE session: Untitled_1 (Nov 25, 2025, 12:09:32 PM)
[2025.11.25-18.09.32:518][896]LogPlayLevel: Creating play world package: /Temp/UEDPIE_0_Untitled_1
[2025.11.25-18.09.32:523][896]LogPlayLevel: PIE: StaticDuplicateObject took: (0.003555s)
[2025.11.25-18.09.32:524][896]LogAIModule: Creating AISystem for world Untitled_1
[2025.11.25-18.09.32:524][896]LogPlayLevel: PIE: World Init took: (0.001381s)
[2025.11.25-18.09.32:524][896]LogPlayLevel: PIE: Created PIE world by copying editor world from /Temp/Untitled_1.Untitled_1 to /Temp/UEDPIE_0_Untitled_1.Untitled_1 (0.005109s)
[2025.11.25-18.09.32:530][896]LogUObjectHash: Compacting FUObjectHashTables data took   0.73ms
[2025.11.25-18.09.32:532][896]LogAudio: Display: Creating Audio Device:                 Id: 5, Scope: Unique, Realtime: True
[2025.11.25-18.09.32:532][896]LogAudioMixer: Display: Audio Mixer Platform Settings:
[2025.11.25-18.09.32:532][896]LogAudioMixer: Display: 	Sample Rate:						  48000
[2025.11.25-18.09.32:532][896]LogAudioMixer: Display: 	Callback Buffer Frame Size Requested: 1024
[2025.11.25-18.09.32:532][896]LogAudioMixer: Display: 	Callback Buffer Frame Size To Use:	  1024
[2025.11.25-18.09.32:532][896]LogAudioMixer: Display: 	Number of buffers to queue:			  2
[2025.11.25-18.09.32:532][896]LogAudioMixer: Display: 	Max Channels (voices):				  32
[2025.11.25-18.09.32:532][896]LogAudioMixer: Display: 	Number of Async Source Workers:		  0
[2025.11.25-18.09.32:532][896]LogAudio: Display: AudioDevice MaxSources: 32
[2025.11.25-18.09.32:532][896]LogAudio: Display: Audio Spatialization Plugin: None (built-in).
[2025.11.25-18.09.32:532][896]LogAudio: Display: Audio Reverb Plugin: None (built-in).
[2025.11.25-18.09.32:532][896]LogAudio: Display: Audio Occlusion Plugin: None (built-in).
[2025.11.25-18.09.32:532][896]LogAudioMixer: Display: Initializing audio mixer.
[2025.11.25-18.09.32:539][896]LogAudioMixer: Display: 0: FrontLeft
[2025.11.25-18.09.32:539][896]LogAudioMixer: Display: 1: FrontRight
[2025.11.25-18.09.32:546][896]LogAudioMixer: Display: Using Audio Device Alto-falantes (Realtek(R) Audio)
[2025.11.25-18.09.32:546][896]LogAudioMixer: Display: Initializing Sound Submixes...
[2025.11.25-18.09.32:546][896]LogAudioMixer: Display: Creating Master Submix 'MasterSubmixDefault'
[2025.11.25-18.09.32:546][896]LogAudioMixer: Display: Creating Master Submix 'MasterReverbSubmixDefault'
[2025.11.25-18.09.32:547][896]LogAudioMixer: Display: Creating Master Submix 'MasterEQSubmixDefault'
[2025.11.25-18.09.32:548][896]LogAudioMixer: FMixerPlatformXAudio2::StartAudioStream() called
[2025.11.25-18.09.32:548][896]LogAudioMixer: Display: Output buffers initialized: Frames=1024, Channels=2, Samples=2048
[2025.11.25-18.09.32:549][896]LogAudioMixer: Display: Starting AudioMixerPlatformInterface::RunInternal()
[2025.11.25-18.09.32:549][896]LogAudioMixer: Display: FMixerPlatformXAudio2::SubmitBuffer() called for the first time
[2025.11.25-18.09.32:549][896]LogInit: FAudioDevice initialized.
[2025.11.25-18.09.32:549][896]LogAudio: Display: Audio Device (ID: 5) registered with world 'Untitled_1'.
[2025.11.25-18.09.32:557][896]LogLoad: Game class is 'GameModeRL_C'
[2025.11.25-18.09.32:557][896]LogWorld: Bringing World /Temp/UEDPIE_0_Untitled_1.Untitled_1 up for play (max tick rate 60) at 2025.11.25-15.09.32
[2025.11.25-18.09.32:559][896]LogWorld: Bringing up level for play took: 0.000941
[2025.11.25-18.09.32:559][896]LogOnline: OSS: Creating online subsystem instance for: :Context_6
[2025.11.25-18.09.32:562][896]PIE: Server logged in
[2025.11.25-18.09.32:563][896]PIE: Play in editor total start time 0.049 seconds.
[2025.11.25-18.09.33:393][942]LogSlate: Updating window title bar state: overlay mode, drag disabled, window buttons hidden, title bar hidden
[2025.11.25-18.09.33:393][942]LogWorld: BeginTearingDown for /Temp/UEDPIE_0_Untitled_1
[2025.11.25-18.09.33:393][942]LogWorld: UWorld::CleanupWorld for Untitled_1, bSessionEnded=true, bCleanupResources=true
[2025.11.25-18.09.33:393][942]LogSlate: InvalidateAllWidgets triggered.  All widgets were invalidated
[2025.11.25-18.09.33:400][942]LogPlayLevel: Display: Shutting down PIE online subsystems
[2025.11.25-18.09.33:420][942]LogSlate: InvalidateAllWidgets triggered.  All widgets were invalidated
[2025.11.25-18.09.33:426][942]LogSlate: Updating window title bar state: overlay mode, drag disabled, window buttons hidden, title bar hidden
[2025.11.25-18.09.33:426][942]LogAudioMixer: FMixerPlatformXAudio2::StopAudioStream() called
[2025.11.25-18.09.33:427][942]LogAudioMixer: FMixerPlatformXAudio2::StopAudioStream() called
[2025.11.25-18.09.33:432][942]LogUObjectHash: Compacting FUObjectHashTables data took   0.77ms
[2025.11.25-18.09.33:456][943]LogPlayLevel: Display: Destroying online subsystem :Context_6
[2025.11.25-18.09.34:990][ 35]LogEditorViewport: Clicking on Actor (LMB): InimigoTeste_C (InimigoTeste)
[2025.11.25-18.09.36:096][ 95]LogTemp: Repeating last play command: Selected Viewport
[2025.11.25-18.09.36:105][ 95]LogPlayLevel: PlayLevel: No blueprints needed recompiling
[2025.11.25-18.09.36:105][ 95]PIE: New page: PIE session: Untitled_1 (Nov 25, 2025, 12:09:36 PM)
[2025.11.25-18.09.36:105][ 95]LogPlayLevel: Creating play world package: /Temp/UEDPIE_0_Untitled_1
[2025.11.25-18.09.36:109][ 95]LogPlayLevel: PIE: StaticDuplicateObject took: (0.003646s)
[2025.11.25-18.09.36:110][ 95]LogAIModule: Creating AISystem for world Untitled_1
[2025.11.25-18.09.36:110][ 95]LogPlayLevel: PIE: World Init took: (0.001304s)
[2025.11.25-18.09.36:110][ 95]LogPlayLevel: PIE: Created PIE world by copying editor world from /Temp/Untitled_1.Untitled_1 to /Temp/UEDPIE_0_Untitled_1.Untitled_1 (0.005104s)
[2025.11.25-18.09.36:117][ 95]LogUObjectHash: Compacting FUObjectHashTables data took   0.74ms
[2025.11.25-18.09.36:118][ 95]LogAudio: Display: Creating Audio Device:                 Id: 6, Scope: Unique, Realtime: True
[2025.11.25-18.09.36:118][ 95]LogAudioMixer: Display: Audio Mixer Platform Settings:
[2025.11.25-18.09.36:118][ 95]LogAudioMixer: Display: 	Sample Rate:						  48000
[2025.11.25-18.09.36:118][ 95]LogAudioMixer: Display: 	Callback Buffer Frame Size Requested: 1024
[2025.11.25-18.09.36:118][ 95]LogAudioMixer: Display: 	Callback Buffer Frame Size To Use:	  1024
[2025.11.25-18.09.36:118][ 95]LogAudioMixer: Display: 	Number of buffers to queue:			  2
[2025.11.25-18.09.36:118][ 95]LogAudioMixer: Display: 	Max Channels (voices):				  32
[2025.11.25-18.09.36:118][ 95]LogAudioMixer: Display: 	Number of Async Source Workers:		  0
[2025.11.25-18.09.36:118][ 95]LogAudio: Display: AudioDevice MaxSources: 32
[2025.11.25-18.09.36:118][ 95]LogAudio: Display: Audio Spatialization Plugin: None (built-in).
[2025.11.25-18.09.36:118][ 95]LogAudio: Display: Audio Reverb Plugin: None (built-in).
[2025.11.25-18.09.36:118][ 95]LogAudio: Display: Audio Occlusion Plugin: None (built-in).
[2025.11.25-18.09.36:118][ 95]LogAudioMixer: Display: Initializing audio mixer.
[2025.11.25-18.09.36:124][ 95]LogAudioMixer: Display: 0: FrontLeft
[2025.11.25-18.09.36:124][ 95]LogAudioMixer: Display: 1: FrontRight
[2025.11.25-18.09.36:131][ 95]LogAudioMixer: Display: Using Audio Device Alto-falantes (Realtek(R) Audio)
[2025.11.25-18.09.36:132][ 95]LogAudioMixer: Display: Initializing Sound Submixes...
[2025.11.25-18.09.36:132][ 95]LogAudioMixer: Display: Creating Master Submix 'MasterSubmixDefault'
[2025.11.25-18.09.36:132][ 95]LogAudioMixer: Display: Creating Master Submix 'MasterReverbSubmixDefault'
[2025.11.25-18.09.36:132][ 95]LogAudioMixer: Display: Creating Master Submix 'MasterEQSubmixDefault'
[2025.11.25-18.09.36:132][ 95]LogAudioMixer: FMixerPlatformXAudio2::StartAudioStream() called
[2025.11.25-18.09.36:132][ 95]LogAudioMixer: Display: Output buffers initialized: Frames=1024, Channels=2, Samples=2048
[2025.11.25-18.09.36:134][ 95]LogAudioMixer: Display: Starting AudioMixerPlatformInterface::RunInternal()
[2025.11.25-18.09.36:134][ 95]LogAudioMixer: Display: FMixerPlatformXAudio2::SubmitBuffer() called for the first time
[2025.11.25-18.09.36:134][ 95]LogInit: FAudioDevice initialized.
[2025.11.25-18.09.36:134][ 95]LogAudio: Display: Audio Device (ID: 6) registered with world 'Untitled_1'.
[2025.11.25-18.09.36:146][ 95]LogLoad: Game class is 'GameModeRL_C'
[2025.11.25-18.09.36:147][ 95]LogWorld: Bringing World /Temp/UEDPIE_0_Untitled_1.Untitled_1 up for play (max tick rate 60) at 2025.11.25-15.09.36
[2025.11.25-18.09.36:148][ 95]LogWorld: Bringing up level for play took: 0.000973
[2025.11.25-18.09.36:148][ 95]LogOnline: OSS: Creating online subsystem instance for: :Context_7
[2025.11.25-18.09.36:152][ 95]PIE: Server logged in
[2025.11.25-18.09.36:152][ 95]PIE: Play in editor total start time 0.051 seconds.
[2025.11.25-18.09.39:212][276]LogSlate: Updating window title bar state: overlay mode, drag disabled, window buttons hidden, title bar hidden
[2025.11.25-18.09.39:212][276]LogWorld: BeginTearingDown for /Temp/UEDPIE_0_Untitled_1
[2025.11.25-18.09.39:212][276]LogWorld: UWorld::CleanupWorld for Untitled_1, bSessionEnded=true, bCleanupResources=true
[2025.11.25-18.09.39:212][276]LogSlate: InvalidateAllWidgets triggered.  All widgets were invalidated
[2025.11.25-18.09.39:221][276]LogPlayLevel: Display: Shutting down PIE online subsystems
[2025.11.25-18.09.39:265][276]LogSlate: InvalidateAllWidgets triggered.  All widgets were invalidated
[2025.11.25-18.09.39:272][276]LogSlate: Updating window title bar state: overlay mode, drag disabled, window buttons hidden, title bar hidden
[2025.11.25-18.09.39:272][276]LogAudioMixer: FMixerPlatformXAudio2::StopAudioStream() called
[2025.11.25-18.09.39:274][276]LogAudioMixer: FMixerPlatformXAudio2::StopAudioStream() called
[2025.11.25-18.09.39:278][276]LogUObjectHash: Compacting FUObjectHashTables data took   0.74ms
[2025.11.25-18.09.39:312][277]LogPlayLevel: Display: Destroying online subsystem :Context_7
[2025.11.25-18.09.40:230][329]LogTemp: Repeating last play command: Selected Viewport
[2025.11.25-18.09.40:239][329]LogPlayLevel: PlayLevel: No blueprints needed recompiling
[2025.11.25-18.09.40:239][329]PIE: New page: PIE session: Untitled_1 (Nov 25, 2025, 12:09:40 PM)
[2025.11.25-18.09.40:288][329]LogPlayLevel: Creating play world package: /Temp/UEDPIE_0_Untitled_1
[2025.11.25-18.09.40:292][329]LogPlayLevel: PIE: StaticDuplicateObject took: (0.004165s)
[2025.11.25-18.09.40:293][329]LogAIModule: Creating AISystem for world Untitled_1
[2025.11.25-18.09.40:293][329]LogPlayLevel: PIE: World Init took: (0.001343s)
[2025.11.25-18.09.40:293][329]LogPlayLevel: PIE: Created PIE world by copying editor world from /Temp/Untitled_1.Untitled_1 to /Temp/UEDPIE_0_Untitled_1.Untitled_1 (0.005721s)
[2025.11.25-18.09.40:300][329]LogUObjectHash: Compacting FUObjectHashTables data took   0.86ms
[2025.11.25-18.09.40:301][329]LogAudio: Display: Creating Audio Device:                 Id: 7, Scope: Unique, Realtime: True
[2025.11.25-18.09.40:301][329]LogAudioMixer: Display: Audio Mixer Platform Settings:
[2025.11.25-18.09.40:301][329]LogAudioMixer: Display: 	Sample Rate:						  48000
[2025.11.25-18.09.40:301][329]LogAudioMixer: Display: 	Callback Buffer Frame Size Requested: 1024
[2025.11.25-18.09.40:301][329]LogAudioMixer: Display: 	Callback Buffer Frame Size To Use:	  1024
[2025.11.25-18.09.40:301][329]LogAudioMixer: Display: 	Number of buffers to queue:			  2
[2025.11.25-18.09.40:301][329]LogAudioMixer: Display: 	Max Channels (voices):				  32
[2025.11.25-18.09.40:301][329]LogAudioMixer: Display: 	Number of Async Source Workers:		  0
[2025.11.25-18.09.40:301][329]LogAudio: Display: AudioDevice MaxSources: 32
[2025.11.25-18.09.40:301][329]LogAudio: Display: Audio Spatialization Plugin: None (built-in).
[2025.11.25-18.09.40:301][329]LogAudio: Display: Audio Reverb Plugin: None (built-in).
[2025.11.25-18.09.40:301][329]LogAudio: Display: Audio Occlusion Plugin: None (built-in).
[2025.11.25-18.09.40:301][329]LogAudioMixer: Display: Initializing audio mixer.
[2025.11.25-18.09.40:308][329]LogAudioMixer: Display: 0: FrontLeft
[2025.11.25-18.09.40:308][329]LogAudioMixer: Display: 1: FrontRight
[2025.11.25-18.09.40:315][329]LogAudioMixer: Display: Using Audio Device Alto-falantes (Realtek(R) Audio)
[2025.11.25-18.09.40:315][329]LogAudioMixer: Display: Initializing Sound Submixes...
[2025.11.25-18.09.40:315][329]LogAudioMixer: Display: Creating Master Submix 'MasterSubmixDefault'
[2025.11.25-18.09.40:315][329]LogAudioMixer: Display: Creating Master Submix 'MasterReverbSubmixDefault'
[2025.11.25-18.09.40:316][329]LogAudioMixer: Display: Creating Master Submix 'MasterEQSubmixDefault'
[2025.11.25-18.09.40:316][329]LogAudioMixer: FMixerPlatformXAudio2::StartAudioStream() called
[2025.11.25-18.09.40:316][329]LogAudioMixer: Display: Output buffers initialized: Frames=1024, Channels=2, Samples=2048
[2025.11.25-18.09.40:318][329]LogAudioMixer: Display: Starting AudioMixerPlatformInterface::RunInternal()
[2025.11.25-18.09.40:318][329]LogAudioMixer: Display: FMixerPlatformXAudio2::SubmitBuffer() called for the first time
[2025.11.25-18.09.40:318][329]LogInit: FAudioDevice initialized.
[2025.11.25-18.09.40:318][329]LogAudio: Display: Audio Device (ID: 7) registered with world 'Untitled_1'.
[2025.11.25-18.09.40:326][329]LogLoad: Game class is 'GameModeRL_C'
[2025.11.25-18.09.40:327][329]LogWorld: Bringing World /Temp/UEDPIE_0_Untitled_1.Untitled_1 up for play (max tick rate 60) at 2025.11.25-15.09.40
[2025.11.25-18.09.40:327][329]LogWorld: Bringing up level for play took: 0.000889
[2025.11.25-18.09.40:327][329]LogOnline: OSS: Creating online subsystem instance for: :Context_8
[2025.11.25-18.09.40:331][329]PIE: Server logged in
[2025.11.25-18.09.40:332][329]PIE: Play in editor total start time 0.096 seconds.
[2025.11.25-18.11.47:312][945]LogSlate: Updating window title bar state: overlay mode, drag disabled, window buttons hidden, title bar hidden
[2025.11.25-18.11.47:312][945]LogWorld: BeginTearingDown for /Temp/UEDPIE_0_Untitled_1
[2025.11.25-18.11.47:312][945]LogWorld: UWorld::CleanupWorld for Untitled_1, bSessionEnded=true, bCleanupResources=true
[2025.11.25-18.11.47:313][945]LogSlate: InvalidateAllWidgets triggered.  All widgets were invalidated
[2025.11.25-18.11.47:326][945]LogPlayLevel: Display: Shutting down PIE online subsystems
[2025.11.25-18.11.47:372][945]LogSlate: InvalidateAllWidgets triggered.  All widgets were invalidated
[2025.11.25-18.11.47:379][945]LogSlate: Updating window title bar state: overlay mode, drag disabled, window buttons hidden, title bar hidden
[2025.11.25-18.11.47:379][945]LogAudioMixer: FMixerPlatformXAudio2::StopAudioStream() called
[2025.11.25-18.11.47:380][945]LogAudioMixer: FMixerPlatformXAudio2::StopAudioStream() called
[2025.11.25-18.11.47:384][945]LogUObjectHash: Compacting FUObjectHashTables data took   0.89ms
[2025.11.25-18.11.47:417][946]LogPlayLevel: Display: Destroying online subsystem :Context_8
[2025.11.25-18.12.06:658][ 94]LogUObjectHash: Compacting FUObjectHashTables data took   0.72ms
[2025.11.25-18.12.14:801][ 94]LogSlate: Window 'Save Content' being destroyed
[2025.11.25-18.12.14:872][ 94]LogAssetEditorSubsystem: Opening Asset editor for World /Game/Mapas/Fases/MapadeTeste/MapadeTeste.MapadeTeste
[2025.11.25-18.12.14:873][ 94]Cmd: MAP LOAD FILE="E:/Unreal/Fumec_DevGames/Content/Mapas/Fases/MapadeTeste/MapadeTeste.umap" TEMPLATE=0 SHOWPROGRESS=1 FEATURELEVEL=3
[2025.11.25-18.12.14:873][ 94]LightingResults: New page: Lighting Build
[2025.11.25-18.12.14:873][ 94]LoadErrors: New page: Loading map: MapadeTeste.umap
[2025.11.25-18.12.14:874][ 94]LogWorld: UWorld::CleanupWorld for Untitled_1, bSessionEnded=true, bCleanupResources=true
[2025.11.25-18.12.14:874][ 94]LogSlate: InvalidateAllWidgets triggered.  All widgets were invalidated
[2025.11.25-18.12.14:874][ 94]MapCheck: New page: Map Check
[2025.11.25-18.12.14:874][ 94]LightingResults: New page: Lighting Build
[2025.11.25-18.12.14:881][ 94]LogAudio: Display: Audio Device unregistered from world 'None'.
[2025.11.25-18.12.14:884][ 94]LogUObjectHash: Compacting FUObjectHashTables data took   1.34ms
[2025.11.25-18.12.14:885][ 94]LogAudio: Display: Audio Device (ID: 1) registered with world 'MapadeTeste'.
[2025.11.25-18.12.14:972][ 94]LogEditorServer: Finished looking for orphan Actors (0.000 secs)
[2025.11.25-18.12.14:972][ 94]LogAIModule: Creating AISystem for world MapadeTeste
[2025.11.25-18.12.14:983][ 94]LogUObjectHash: Compacting FUObjectHashTables data took   0.76ms
[2025.11.25-18.12.15:005][ 94]Cmd: MAP CHECKDEP NOCLEARLOG
[2025.11.25-18.12.15:007][ 94]MapCheck: Map check complete: 0 Error(s), 0 Warning(s), took 0.106ms to complete.
[2025.11.25-18.12.15:007][ 94]LogFileHelpers: Loading map 'MapadeTeste' took 0.134
[2025.11.25-18.15.06:909][392]LogEditorViewport: Clicking on Actor (context menu): PaperSpriteActor (BG_1_Sprite)
[2025.11.25-18.15.07:836][441]LogEditorViewport: Clicking Background
[2025.11.25-18.15.10:005][571]LogEditorViewport: Clicking Background
[2025.11.25-18.15.10:406][595]LogEditorViewport: Clicking Background
[2025.11.25-18.15.10:773][617]LogEditorViewport: Clicking on Actor (LMB): NavMeshBoundsVolume (NavMeshBoundsVolume)
[2025.11.25-18.15.21:924][278]LogEditorViewport: Clicking on Actor (LMB): NavMeshBoundsVolume (NavMeshBoundsVolume)
[2025.11.25-18.15.53:831][148]EditorErrors: New page: Actor Reattachment
[2025.11.25-18.15.58:009][397]Cmd: TRANSACTION UNDO
[2025.11.25-18.15.58:009][397]LogEditorTransaction: Undo Replace Actor(s)
[2025.11.25-18.17.09:708][671]LogActorFactory: Actor Factory created Plane
[2025.11.25-18.17.10:879][741]LogActorFactory: Actor Factory created Plane
[2025.11.25-18.17.13:820][915]Cmd: DELETE
[2025.11.25-18.17.13:820][915]Cmd: ACTOR DELETE
[2025.11.25-18.17.13:824][915]LogEditorActor: Deleted Actor: StaticMeshActor
[2025.11.25-18.17.13:833][915]LogUObjectHash: Compacting FUObjectHashTables data took   1.01ms
[2025.11.25-18.17.13:834][915]LogEditorActor: Deleted 1 Actors (0.014 secs)
[2025.11.25-18.17.19:631][257]LogActorFactory: Actor Factory created Cube
[2025.11.25-18.17.21:416][364]LogActorFactory: Actor Factory created Cube
[2025.11.25-18.17.50:144][ 36]LogTemp: Repeating last play command: Selected Viewport
[2025.11.25-18.17.50:155][ 36]BlueprintLog: New page: Pre-Play auto-recompile
[2025.11.25-18.17.50:155][ 36]LogPlayLevel: [PlayLevel] Compiling MapadeTeste before play...
[2025.11.25-18.17.50:199][ 36]Cmd: OBJ SAVEPACKAGE PACKAGE="/Game/Mapas/Fases/MapadeTeste/MapadeTeste" FILE="E:/Unreal/Fumec_DevGames/Content/Mapas/Fases/MapadeTeste/MapadeTeste.umap" SILENT=true AUTOSAVING=false KEEPDIRTY=false
[2025.11.25-18.17.50:207][ 36]LogUObjectHash: Compacting FUObjectHashTables data took   0.94ms
[2025.11.25-18.17.50:348][ 36]LogSavePackage: Moving 'E:/Unreal/Fumec_DevGames/Saved/MapadeTeste78964D2447F1B82F6A63C8A88B796FAF.tmp' to 'E:/Unreal/Fumec_DevGames/Content/Mapas/Fases/MapadeTeste/MapadeTeste.umap'
[2025.11.25-18.17.50:370][ 36]LogFileHelpers: Saving map 'MapadeTeste' took 0.171
[2025.11.25-18.17.50:384][ 36]LogUObjectHash: Compacting FUObjectHashTables data took   0.78ms
[2025.11.25-18.17.50:384][ 36]LogPlayLevel: PlayLevel: Blueprint regeneration took 229 ms (1 blueprints)
[2025.11.25-18.17.50:384][ 36]PIE: New page: PIE session: MapadeTeste (Nov 25, 2025, 12:17:50 PM)
[2025.11.25-18.17.50:384][ 36]LogPlayLevel: Creating play world package: /Game/Mapas/Fases/MapadeTeste/UEDPIE_0_MapadeTeste
[2025.11.25-18.17.50:405][ 36]LogPlayLevel: PIE: StaticDuplicateObject took: (0.020668s)
[2025.11.25-18.17.50:406][ 36]LogAIModule: Creating AISystem for world MapadeTeste
[2025.11.25-18.17.50:406][ 36]LogPlayLevel: PIE: World Init took: (0.001163s)
[2025.11.25-18.17.50:406][ 36]LogPlayLevel: PIE: Created PIE world by copying editor world from /Game/Mapas/Fases/MapadeTeste/MapadeTeste.MapadeTeste to /Game/Mapas/Fases/MapadeTeste/UEDPIE_0_MapadeTeste.MapadeTeste (0.021970s)
[2025.11.25-18.17.50:412][ 36]LogUObjectHash: Compacting FUObjectHashTables data took   0.73ms
[2025.11.25-18.17.50:414][ 36]LogAudio: Display: Creating Audio Device:                 Id: 8, Scope: Unique, Realtime: True
[2025.11.25-18.17.50:414][ 36]LogAudioMixer: Display: Audio Mixer Platform Settings:
[2025.11.25-18.17.50:414][ 36]LogAudioMixer: Display: 	Sample Rate:						  48000
[2025.11.25-18.17.50:414][ 36]LogAudioMixer: Display: 	Callback Buffer Frame Size Requested: 1024
[2025.11.25-18.17.50:414][ 36]LogAudioMixer: Display: 	Callback Buffer Frame Size To Use:	  1024
[2025.11.25-18.17.50:414][ 36]LogAudioMixer: Display: 	Number of buffers to queue:			  2
[2025.11.25-18.17.50:414][ 36]LogAudioMixer: Display: 	Max Channels (voices):				  32
[2025.11.25-18.17.50:414][ 36]LogAudioMixer: Display: 	Number of Async Source Workers:		  0
[2025.11.25-18.17.50:414][ 36]LogAudio: Display: AudioDevice MaxSources: 32
[2025.11.25-18.17.50:414][ 36]LogAudio: Display: Audio Spatialization Plugin: None (built-in).
[2025.11.25-18.17.50:414][ 36]LogAudio: Display: Audio Reverb Plugin: None (built-in).
[2025.11.25-18.17.50:414][ 36]LogAudio: Display: Audio Occlusion Plugin: None (built-in).
[2025.11.25-18.17.50:414][ 36]LogAudioMixer: Display: Initializing audio mixer.
[2025.11.25-18.17.50:420][ 36]LogAudioMixer: Display: 0: FrontLeft
[2025.11.25-18.17.50:420][ 36]LogAudioMixer: Display: 1: FrontRight
[2025.11.25-18.17.50:429][ 36]LogAudioMixer: Display: Using Audio Device Alto-falantes (Realtek(R) Audio)
[2025.11.25-18.17.50:429][ 36]LogAudioMixer: Display: Initializing Sound Submixes...
[2025.11.25-18.17.50:429][ 36]LogAudioMixer: Display: Creating Master Submix 'MasterSubmixDefault'
[2025.11.25-18.17.50:429][ 36]LogAudioMixer: Display: Creating Master Submix 'MasterReverbSubmixDefault'
[2025.11.25-18.17.50:430][ 36]LogAudioMixer: Display: Creating Master Submix 'MasterEQSubmixDefault'
[2025.11.25-18.17.50:430][ 36]LogAudioMixer: FMixerPlatformXAudio2::StartAudioStream() called
[2025.11.25-18.17.50:430][ 36]LogAudioMixer: Display: Output buffers initialized: Frames=1024, Channels=2, Samples=2048
[2025.11.25-18.17.50:431][ 36]LogAudioMixer: Display: Starting AudioMixerPlatformInterface::RunInternal()
[2025.11.25-18.17.50:431][ 36]LogAudioMixer: Display: FMixerPlatformXAudio2::SubmitBuffer() called for the first time
[2025.11.25-18.17.50:431][ 36]LogInit: FAudioDevice initialized.
[2025.11.25-18.17.50:431][ 36]LogAudio: Display: Audio Device (ID: 8) registered with world 'MapadeTeste'.
[2025.11.25-18.17.50:442][ 36]LogLoad: Game class is 'GameModeRL_C'
[2025.11.25-18.17.50:443][ 36]LogWorld: Bringing World /Game/Mapas/Fases/MapadeTeste/UEDPIE_0_MapadeTeste.MapadeTeste up for play (max tick rate 60) at 2025.11.25-15.17.50
[2025.11.25-18.17.50:444][ 36]LogWorld: Bringing up level for play took: 0.001643
[2025.11.25-18.17.50:444][ 36]LogOnline: OSS: Creating online subsystem instance for: :Context_9
[2025.11.25-18.17.50:448][ 36]PIE: Server logged in
[2025.11.25-18.17.50:449][ 36]PIE: Play in editor total start time 0.299 seconds.
[2025.11.25-18.17.50:470][ 37]AssetCheck: New page: Asset Save: MapadeTeste
[2025.11.25-18.17.50:470][ 37]LogContentValidation: Display: Validating World /Game/Mapas/Fases/MapadeTeste/MapadeTeste.MapadeTeste
[2025.11.25-18.18.00:632][644]LogSlate: Updating window title bar state: overlay mode, drag disabled, window buttons hidden, title bar hidden
[2025.11.25-18.18.00:632][644]LogWorld: BeginTearingDown for /Game/Mapas/Fases/MapadeTeste/UEDPIE_0_MapadeTeste
[2025.11.25-18.18.00:632][644]LogWorld: UWorld::CleanupWorld for MapadeTeste, bSessionEnded=true, bCleanupResources=true
[2025.11.25-18.18.00:633][644]LogSlate: InvalidateAllWidgets triggered.  All widgets were invalidated
[2025.11.25-18.18.00:643][644]LogPlayLevel: Display: Shutting down PIE online subsystems
[2025.11.25-18.18.00:662][644]LogSlate: InvalidateAllWidgets triggered.  All widgets were invalidated
[2025.11.25-18.18.00:668][644]LogSlate: Updating window title bar state: overlay mode, drag disabled, window buttons hidden, title bar hidden
[2025.11.25-18.18.00:669][644]LogAudioMixer: FMixerPlatformXAudio2::StopAudioStream() called
[2025.11.25-18.18.00:670][644]LogAudioMixer: FMixerPlatformXAudio2::StopAudioStream() called
[2025.11.25-18.18.00:674][644]LogUObjectHash: Compacting FUObjectHashTables data took   0.76ms
[2025.11.25-18.18.00:710][645]LogPlayLevel: Display: Destroying online subsystem :Context_9
[2025.11.25-18.18.16:971][603]LogTemp: Repeating last play command: Selected Viewport
[2025.11.25-18.18.16:982][603]LogPlayLevel: PlayLevel: No blueprints needed recompiling
[2025.11.25-18.18.16:982][603]PIE: New page: PIE session: MapadeTeste (Nov 25, 2025, 12:18:16 PM)
[2025.11.25-18.18.17:017][603]LogPlayLevel: Creating play world package: /Game/Mapas/Fases/MapadeTeste/UEDPIE_0_MapadeTeste
[2025.11.25-18.18.17:039][603]LogPlayLevel: PIE: StaticDuplicateObject took: (0.023088s)
[2025.11.25-18.18.17:040][603]LogAIModule: Creating AISystem for world MapadeTeste
[2025.11.25-18.18.17:041][603]LogPlayLevel: PIE: World Init took: (0.001190s)
[2025.11.25-18.18.17:041][603]LogPlayLevel: PIE: Created PIE world by copying editor world from /Game/Mapas/Fases/MapadeTeste/MapadeTeste.MapadeTeste to /Game/Mapas/Fases/MapadeTeste/UEDPIE_0_MapadeTeste.MapadeTeste (0.024479s)
[2025.11.25-18.18.17:048][603]LogUObjectHash: Compacting FUObjectHashTables data took   0.78ms
[2025.11.25-18.18.17:050][603]LogAudio: Display: Creating Audio Device:                 Id: 9, Scope: Unique, Realtime: True
[2025.11.25-18.18.17:050][603]LogAudioMixer: Display: Audio Mixer Platform Settings:
[2025.11.25-18.18.17:050][603]LogAudioMixer: Display: 	Sample Rate:						  48000
[2025.11.25-18.18.17:050][603]LogAudioMixer: Display: 	Callback Buffer Frame Size Requested: 1024
[2025.11.25-18.18.17:050][603]LogAudioMixer: Display: 	Callback Buffer Frame Size To Use:	  1024
[2025.11.25-18.18.17:051][603]LogAudioMixer: Display: 	Number of buffers to queue:			  2
[2025.11.25-18.18.17:051][603]LogAudioMixer: Display: 	Max Channels (voices):				  32
[2025.11.25-18.18.17:051][603]LogAudioMixer: Display: 	Number of Async Source Workers:		  0
[2025.11.25-18.18.17:051][603]LogAudio: Display: AudioDevice MaxSources: 32
[2025.11.25-18.18.17:051][603]LogAudio: Display: Audio Spatialization Plugin: None (built-in).
[2025.11.25-18.18.17:051][603]LogAudio: Display: Audio Reverb Plugin: None (built-in).
[2025.11.25-18.18.17:051][603]LogAudio: Display: Audio Occlusion Plugin: None (built-in).
[2025.11.25-18.18.17:051][603]LogAudioMixer: Display: Initializing audio mixer.
[2025.11.25-18.18.17:056][603]LogAudioMixer: Display: 0: FrontLeft
[2025.11.25-18.18.17:057][603]LogAudioMixer: Display: 1: FrontRight
[2025.11.25-18.18.17:064][603]LogAudioMixer: Display: Using Audio Device Alto-falantes (Realtek(R) Audio)
[2025.11.25-18.18.17:064][603]LogAudioMixer: Display: Initializing Sound Submixes...
[2025.11.25-18.18.17:064][603]LogAudioMixer: Display: Creating Master Submix 'MasterSubmixDefault'
[2025.11.25-18.18.17:064][603]LogAudioMixer: Display: Creating Master Submix 'MasterReverbSubmixDefault'
[2025.11.25-18.18.17:065][603]LogAudioMixer: Display: Creating Master Submix 'MasterEQSubmixDefault'
[2025.11.25-18.18.17:065][603]LogAudioMixer: FMixerPlatformXAudio2::StartAudioStream() called
[2025.11.25-18.18.17:065][603]LogAudioMixer: Display: Output buffers initialized: Frames=1024, Channels=2, Samples=2048
[2025.11.25-18.18.17:066][603]LogAudioMixer: Display: Starting AudioMixerPlatformInterface::RunInternal()
[2025.11.25-18.18.17:066][603]LogAudioMixer: Display: FMixerPlatformXAudio2::SubmitBuffer() called for the first time
[2025.11.25-18.18.17:066][603]LogInit: FAudioDevice initialized.
[2025.11.25-18.18.17:066][603]LogAudio: Display: Audio Device (ID: 9) registered with world 'MapadeTeste'.
[2025.11.25-18.18.17:080][603]LogLoad: Game class is 'GameModeRL_C'
[2025.11.25-18.18.17:081][603]LogWorld: Bringing World /Game/Mapas/Fases/MapadeTeste/UEDPIE_0_MapadeTeste.MapadeTeste up for play (max tick rate 60) at 2025.11.25-15.18.17
[2025.11.25-18.18.17:082][603]LogWorld: Bringing up level for play took: 0.001857
[2025.11.25-18.18.17:082][603]LogOnline: OSS: Creating online subsystem instance for: :Context_10
[2025.11.25-18.18.17:087][603]PIE: Server logged in
[2025.11.25-18.18.17:087][603]PIE: Play in editor total start time 0.11 seconds.
[2025.11.25-18.18.22:571][929]LogSlate: Updating window title bar state: overlay mode, drag disabled, window buttons hidden, title bar hidden
[2025.11.25-18.18.22:571][929]LogWorld: BeginTearingDown for /Game/Mapas/Fases/MapadeTeste/UEDPIE_0_MapadeTeste
[2025.11.25-18.18.22:571][929]LogWorld: UWorld::CleanupWorld for MapadeTeste, bSessionEnded=true, bCleanupResources=true
[2025.11.25-18.18.22:571][929]LogSlate: InvalidateAllWidgets triggered.  All widgets were invalidated
[2025.11.25-18.18.22:584][929]LogPlayLevel: Display: Shutting down PIE online subsystems
[2025.11.25-18.18.22:629][929]LogSlate: InvalidateAllWidgets triggered.  All widgets were invalidated
[2025.11.25-18.18.22:636][929]LogAudio: Display: Audio Device unregistered from world 'None'.
[2025.11.25-18.18.22:636][929]LogAudioMixer: FMixerPlatformXAudio2::StopAudioStream() called
[2025.11.25-18.18.22:637][929]LogAudioMixer: FMixerPlatformXAudio2::StopAudioStream() called
[2025.11.25-18.18.22:640][929]LogSlate: Updating window title bar state: overlay mode, drag disabled, window buttons hidden, title bar hidden
[2025.11.25-18.18.22:642][929]LogUObjectHash: Compacting FUObjectHashTables data took   0.97ms
[2025.11.25-18.18.22:677][930]LogPlayLevel: Display: Destroying online subsystem :Context_10
[2025.11.25-18.18.25:030][ 70]LogEditorViewport: Clicking on Actor (LMB): StaticMeshActor (Cube)
[2025.11.25-18.18.25:984][125]Cmd: DELETE
[2025.11.25-18.18.25:984][125]Cmd: ACTOR DELETE
[2025.11.25-18.18.25:987][125]LogEditorActor: Deleted Actor: StaticMeshActor
[2025.11.25-18.18.25:994][125]LogUObjectHash: Compacting FUObjectHashTables data took   0.72ms
[2025.11.25-18.18.25:995][125]LogEditorActor: Deleted 1 Actors (0.011 secs)
[2025.11.25-18.19.54:445][357]LogSlate: Window 'New Level' being destroyed
[2025.11.25-18.19.56:843][357]LogSlate: Window 'Save Content' being destroyed
[2025.11.25-18.19.56:878][357]Cmd: OBJ SAVEPACKAGE PACKAGE="/Game/Mapas/Fases/MapadeTeste/MapadeTeste" FILE="E:/Unreal/Fumec_DevGames/Content/Mapas/Fases/MapadeTeste/MapadeTeste.umap" SILENT=true AUTOSAVING=false KEEPDIRTY=false
[2025.11.25-18.19.56:884][357]LogUObjectHash: Compacting FUObjectHashTables data took   0.84ms
[2025.11.25-18.19.57:024][357]LogSavePackage: Moving 'E:/Unreal/Fumec_DevGames/Saved/MapadeTeste1A96FC3C43CAD6DDC85A989A6A28B9B9.tmp' to 'E:/Unreal/Fumec_DevGames/Content/Mapas/Fases/MapadeTeste/MapadeTeste.umap'
[2025.11.25-18.19.57:047][357]LogFileHelpers: Saving map 'MapadeTeste' took 0.170
[2025.11.25-18.19.57:053][357]Cmd: MAP LOAD FILE="../../../Engine/Content/Maps/Templates/Template_Default.umap" TEMPLATE=1 SHOWPROGRESS=1 FEATURELEVEL=3
[2025.11.25-18.19.57:076][357]LightingResults: New page: Lighting Build
[2025.11.25-18.19.57:076][357]LoadErrors: New page: Loading map: Template_Default.umap
[2025.11.25-18.19.57:079][357]LogWorld: UWorld::CleanupWorld for MapadeTeste, bSessionEnded=true, bCleanupResources=true
[2025.11.25-18.19.57:079][357]LogSlate: InvalidateAllWidgets triggered.  All widgets were invalidated
[2025.11.25-18.19.57:079][357]MapCheck: New page: Map Check
[2025.11.25-18.19.57:079][357]LightingResults: New page: Lighting Build
[2025.11.25-18.19.57:084][357]LogAudio: Display: Audio Device unregistered from world 'None'.
[2025.11.25-18.19.57:087][357]LogUObjectHash: Compacting FUObjectHashTables data took   0.84ms
[2025.11.25-18.19.57:095][357]LogTexture: Display: Building textures: DeprecatedTextureEB9CBE3C423008B5E8E130901E171C89 (BGRA8, 128X128)
[2025.11.25-18.19.57:098][357]LogAudio: Display: Audio Device (ID: 1) registered with world 'Untitled_2'.
[2025.11.25-18.19.57:100][357]LogAIModule: Creating AISystem for world Untitled_2
[2025.11.25-18.19.57:169][357]LogEditorServer: Finished looking for orphan Actors (0.000 secs)
[2025.11.25-18.19.57:178][357]LogUObjectHash: Compacting FUObjectHashTables data took   1.00ms
[2025.11.25-18.19.57:183][357]Cmd: MAP CHECKDEP NOCLEARLOG
[2025.11.25-18.19.57:184][357]MapCheck: Map check complete: 0 Error(s), 0 Warning(s), took 0.14ms to complete.
[2025.11.25-18.19.57:184][357]LogFileHelpers: Loading map 'Template_Default' took 0.130
[2025.11.25-18.19.57:189][357]AssetCheck: New page: Asset Save: MapadeTeste
[2025.11.25-18.19.57:189][357]LogContentValidation: Display: Validating World /Game/Mapas/Fases/MapadeTeste/MapadeTeste.MapadeTeste
[2025.11.25-18.20.03:419][725]Cmd: BRUSH ADD SELECTNEWBRUSH
[2025.11.25-18.20.28:259][204]LogEditorViewport: Clicking on Actor (LMB): BP_Sky_Sphere_C (Sky Sphere)
[2025.11.25-18.21.19:532][530]LogUObjectHash: Compacting FUObjectHashTables data took   1.17ms
[2025.11.25-18.21.23:178][530]LogSlate: Window 'Save Content' being destroyed
[2025.11.25-18.21.23:208][530]LogAssetEditorSubsystem: Opening Asset editor for World /Game/Mapas/Fases/MapadeTeste/MapadeTeste.MapadeTeste
[2025.11.25-18.21.23:208][530]Cmd: MAP LOAD FILE="E:/Unreal/Fumec_DevGames/Content/Mapas/Fases/MapadeTeste/MapadeTeste.umap" TEMPLATE=0 SHOWPROGRESS=1 FEATURELEVEL=3
[2025.11.25-18.21.23:208][530]LightingResults: New page: Lighting Build
[2025.11.25-18.21.23:208][530]LoadErrors: New page: Loading map: MapadeTeste.umap
[2025.11.25-18.21.23:210][530]LogWorld: UWorld::CleanupWorld for Untitled_2, bSessionEnded=true, bCleanupResources=true
[2025.11.25-18.21.23:210][530]LogSlate: InvalidateAllWidgets triggered.  All widgets were invalidated
[2025.11.25-18.21.23:211][530]MapCheck: New page: Map Check
[2025.11.25-18.21.23:211][530]LightingResults: New page: Lighting Build
[2025.11.25-18.21.23:218][530]LogAudio: Display: Audio Device unregistered from world 'None'.
[2025.11.25-18.21.23:220][530]LogUObjectHash: Compacting FUObjectHashTables data took   0.85ms
[2025.11.25-18.21.23:221][530]LogAudio: Display: Audio Device (ID: 1) registered with world 'MapadeTeste'.
[2025.11.25-18.21.23:307][530]LogEditorServer: Finished looking for orphan Actors (0.000 secs)
[2025.11.25-18.21.23:307][530]LogAIModule: Creating AISystem for world MapadeTeste
[2025.11.25-18.21.23:316][530]LogUObjectHash: Compacting FUObjectHashTables data took   0.87ms
[2025.11.25-18.21.23:340][530]Cmd: MAP CHECKDEP NOCLEARLOG
[2025.11.25-18.21.23:340][530]MapCheck: Map check complete: 0 Error(s), 0 Warning(s), took 0.107ms to complete.
[2025.11.25-18.21.23:340][530]LogFileHelpers: Loading map 'MapadeTeste' took 0.131
[2025.11.25-18.21.36:787][322]LogSlate: Prevented a slow task dialog from being summoned while a context menu was open
[2025.11.25-18.21.36:813][322]LogEditorClassViewer: Warning: Class /Engine/Tutorial/InWorldBlueprintEditing/TutorialAssets/IWBE_Blutility.IWBE_Blutility_C has parent /Script/Blutility.PlacedEditorUtilityBase, but this parent is not found. The Class will not be shown in ClassViewer.
[2025.11.25-18.22.24:570][261]LogNativeClassHierarchy: Verbose: Native class hierarchy updated for 'WorldBrowser' in 0.0004 seconds. Added 2 classes and 3 folders.
[2025.11.25-18.22.30:610][617]LogSlate: Window 'Levels' being destroyed
[2025.11.25-18.22.30:616][617]LogSlate: Window 'Levels' being destroyed
[2025.11.25-18.23.38:559][693]LogUObjectHash: Compacting FUObjectHashTables data took   0.82ms
[2025.11.25-18.23.38:593][693]Cmd: OBJ SAVEPACKAGE PACKAGE="/Game/Mapas/Fases/MapadeTeste/MapadeTeste" FILE="E:/Unreal/Fumec_DevGames/Content/Mapas/Fases/MapadeTeste/MapadeTeste.umap" SILENT=true AUTOSAVING=false KEEPDIRTY=false
[2025.11.25-18.23.38:600][693]LogUObjectHash: Compacting FUObjectHashTables data took   0.31ms
[2025.11.25-18.23.38:740][693]LogSavePackage: Moving 'E:/Unreal/Fumec_DevGames/Saved/MapadeTesteEF813A424382FA83DB2F62BB9E4D24A0.tmp' to 'E:/Unreal/Fumec_DevGames/Content/Mapas/Fases/MapadeTeste/MapadeTeste.umap'
[2025.11.25-18.23.38:761][693]LogFileHelpers: Saving map 'MapadeTeste' took 0.169
[2025.11.25-18.23.38:774][693]AssetCheck: New page: Asset Save: MapadeTeste
[2025.11.25-18.23.38:774][693]LogContentValidation: Display: Validating World /Game/Mapas/Fases/MapadeTeste/MapadeTeste.MapadeTeste
[2025.11.25-18.26.00:529][481]Cmd: EDIT COPY
[2025.11.25-18.26.10:134][ 41]Cmd: EDIT COPY
[2025.11.25-18.26.24:235][633]LogSlate: Window 'New Level' being destroyed
[2025.11.25-18.26.24:240][633]Cmd: MAP LOAD FILE="../../../Engine/Content/Maps/Templates/Template_Default.umap" TEMPLATE=1 SHOWPROGRESS=1 FEATURELEVEL=3
[2025.11.25-18.26.24:270][633]LightingResults: New page: Lighting Build
[2025.11.25-18.26.24:271][633]LoadErrors: New page: Loading map: Template_Default.umap
[2025.11.25-18.26.24:273][633]LogWorld: UWorld::CleanupWorld for MapadeTeste, bSessionEnded=true, bCleanupResources=true
[2025.11.25-18.26.24:273][633]LogSlate: InvalidateAllWidgets triggered.  All widgets were invalidated
[2025.11.25-18.26.24:273][633]MapCheck: New page: Map Check
[2025.11.25-18.26.24:273][633]LightingResults: New page: Lighting Build
[2025.11.25-18.26.24:279][633]LogAudio: Display: Audio Device unregistered from world 'None'.
[2025.11.25-18.26.24:282][633]LogUObjectHash: Compacting FUObjectHashTables data took   1.08ms
[2025.11.25-18.26.24:294][633]LogTexture: Display: Building textures: DeprecatedTextureEB9CBE3C423008B5E8E130901E171C89 (BGRA8, 128X128)
[2025.11.25-18.26.24:298][633]LogAudio: Display: Audio Device (ID: 1) registered with world 'Untitled_3'.
[2025.11.25-18.26.24:299][633]LogAIModule: Creating AISystem for world Untitled_3
[2025.11.25-18.26.24:373][633]LogEditorServer: Finished looking for orphan Actors (0.000 secs)
[2025.11.25-18.26.24:383][633]LogUObjectHash: Compacting FUObjectHashTables data took   1.13ms
[2025.11.25-18.26.24:388][633]Cmd: MAP CHECKDEP NOCLEARLOG
[2025.11.25-18.26.24:388][633]MapCheck: Map check complete: 0 Error(s), 0 Warning(s), took 0.133ms to complete.
[2025.11.25-18.26.24:388][633]LogFileHelpers: Loading map 'Template_Default' took 0.148
[2025.11.25-18.26.25:782][714]LogEditorViewport: Clicking on Actor (LMB): StaticMeshActor (Floor)
[2025.11.25-18.26.27:501][816]Cmd: DELETE
[2025.11.25-18.26.27:501][816]Cmd: ACTOR DELETE
[2025.11.25-18.26.27:502][816]LogEditorActor: Deleted Actor: StaticMeshActor
[2025.11.25-18.26.27:510][816]LogUObjectHash: Compacting FUObjectHashTables data took   0.84ms
[2025.11.25-18.26.27:511][816]LogEditorActor: Deleted 1 Actors (0.009 secs)
[2025.11.25-18.26.28:357][867]Cmd: EDIT PASTE
[2025.11.25-18.26.28:411][867]LogNavigationPoint: PostEditMove Clear paths rebuilt
[2025.11.25-18.26.36:789][367]Cmd: TRANSACTION UNDO
[2025.11.25-18.26.36:789][367]LogEditorTransaction: Undo Paste
[2025.11.25-18.26.36:811][367]LogNavigationDirtyArea: Warning: Skipping dirty area creation because of invalid bounds (object: None)
[2025.11.25-18.26.37:392][386]Cmd: TRANSACTION UNDO
[2025.11.25-18.26.37:392][386]LogEditorTransaction: Undo Delete Actors
[2025.11.25-18.26.46:523][924]LogEditorViewport: Clicking on Actor (LMB): StaticMeshActor (Floor)
[2025.11.25-18.26.48:029][ 13]Cmd: DELETE
[2025.11.25-18.26.48:029][ 13]Cmd: ACTOR DELETE
[2025.11.25-18.26.48:031][ 13]LogEditorActor: Deleted Actor: StaticMeshActor
[2025.11.25-18.26.48:039][ 13]LogUObjectHash: Compacting FUObjectHashTables data took   0.92ms
[2025.11.25-18.26.48:040][ 13]LogEditorActor: Deleted 1 Actors (0.011 secs)
[2025.11.25-18.26.48:045][ 13]LogNavigationDirtyArea: Warning: Skipping dirty area creation because of invalid bounds (object: None)
[2025.11.25-18.26.48:453][ 38]Cmd: EDIT PASTE
[2025.11.25-18.26.48:510][ 38]LogNavigationPoint: PostEditMove Clear paths rebuilt
[2025.11.25-18.26.58:060][606]LogEditorViewport: Clicking on Actor (LMB): BP_Sky_Sphere_C (Sky Sphere)
[2025.11.25-18.27.03:829][947]LogActorFactory: Actor Factory created Cube
[2025.11.25-18.27.05:541][ 49]LogActorFactory: Actor Factory created Cube
[2025.11.25-18.27.16:149][663]Cmd: BRUSH ADD SELECTNEWBRUSH
[2025.11.25-18.27.22:340][ 31]LogEditorViewport: Clicking on Actor (LMB): NavMeshBoundsVolume (NavMeshBoundsVolume)
[2025.11.25-18.27.28:121][375]Cmd: TRANSACTION UNDO
[2025.11.25-18.27.28:121][375]LogEditorTransaction: Undo Clicking on Actors
[2025.11.25-18.27.28:361][381]Cmd: TRANSACTION UNDO
[2025.11.25-18.27.28:361][381]LogEditorTransaction: Undo Move Actors
[2025.11.25-18.27.28:561][384]Cmd: TRANSACTION UNDO
[2025.11.25-18.27.28:561][384]LogEditorTransaction: Undo Brush Add
[2025.11.25-18.27.28:742][392]Cmd: TRANSACTION UNDO
[2025.11.25-18.27.28:742][392]LogEditorTransaction: Undo Scale Actors
[2025.11.25-18.27.28:936][402]Cmd: TRANSACTION UNDO
[2025.11.25-18.27.28:936][402]LogEditorTransaction: Undo Create Actors
[2025.11.25-18.27.29:139][411]Cmd: TRANSACTION UNDO
[2025.11.25-18.27.29:139][411]LogEditorTransaction: Undo Clicking on Actors
[2025.11.25-18.27.29:321][419]Cmd: TRANSACTION UNDO
[2025.11.25-18.27.29:321][419]LogEditorTransaction: Undo Paste
[2025.11.25-18.27.29:336][419]LogNavigationDirtyArea: Warning: Skipping dirty area creation because of invalid bounds (object: None)
[2025.11.25-18.27.30:043][461]Cmd: TRANSACTION UNDO
[2025.11.25-18.27.30:043][461]LogEditorTransaction: Undo Delete Actors
[2025.11.25-18.27.31:631][554]LogEditorViewport: Clicking on Actor (LMB): StaticMeshActor (Floor)
[2025.11.25-18.27.32:002][576]Cmd: EDIT PASTE
[2025.11.25-18.27.32:061][576]LogNavigationPoint: PostEditMove Clear paths rebuilt
[2025.11.25-18.27.34:037][689]LogEditorViewport: Clicking on Actor (LMB): BP_Sky_Sphere_C (Sky Sphere)
[2025.11.25-18.27.39:340][  6]Cmd: TRANSACTION UNDO
[2025.11.25-18.27.39:340][  6]LogEditorTransaction: Undo Clicking on Actors
[2025.11.25-18.27.43:729][252]LogNavigationPoint: PostEditMove Clear paths rebuilt
[2025.11.25-18.28.16:977][236]LogSlate: Window 'Open Level' being destroyed
[2025.11.25-18.28.20:881][384]LogSlate: Window 'New Level' being destroyed
[2025.11.25-18.28.22:485][384]LogSlate: Window 'Save Content' being destroyed
[2025.11.25-18.28.22:491][384]LightingResults: New page: Lighting Build
[2025.11.25-18.28.22:493][384]LogWorld: UWorld::CleanupWorld for Untitled_3, bSessionEnded=true, bCleanupResources=true
[2025.11.25-18.28.22:493][384]LogSlate: InvalidateAllWidgets triggered.  All widgets were invalidated
[2025.11.25-18.28.22:493][384]MapCheck: New page: Map Check
[2025.11.25-18.28.22:493][384]LightingResults: New page: Lighting Build
[2025.11.25-18.28.22:501][384]LogAudio: Display: Audio Device unregistered from world 'None'.
[2025.11.25-18.28.22:504][384]LogUObjectHash: Compacting FUObjectHashTables data took   0.93ms
[2025.11.25-18.28.22:507][384]LogAIModule: Creating AISystem for world Untitled
[2025.11.25-18.28.22:508][384]LogAudio: Display: Audio Device (ID: 1) registered with world 'Untitled'.
[2025.11.25-18.28.22:540][384]LoadErrors: New page: New Map
[2025.11.25-18.28.37:726][293]Cmd: BRUSH ADD SELECTNEWBRUSH
[2025.11.25-18.28.59:396][588]LogEditorViewport: Clicking Background
[2025.11.25-18.29.02:804][786]LogActorFactory: Actor Factory created Cube
[2025.11.25-18.29.03:808][846]LogActorFactory: Actor Factory created Cube
[2025.11.25-18.31.18:024][772]LogSlate: Window 'New Level' being destroyed
[2025.11.25-18.31.19:398][772]LogSlate: Window 'Save Content' being destroyed
[2025.11.25-18.31.19:404][772]Cmd: MAP LOAD FILE="../../../Engine/Content/Maps/Templates/Template_Default.umap" TEMPLATE=1 SHOWPROGRESS=1 FEATURELEVEL=3
[2025.11.25-18.31.19:431][772]LightingResults: New page: Lighting Build
[2025.11.25-18.31.19:431][772]LoadErrors: New page: Loading map: Template_Default.umap
[2025.11.25-18.31.19:456][772]LogWorld: UWorld::CleanupWorld for Untitled, bSessionEnded=true, bCleanupResources=true
[2025.11.25-18.31.19:456][772]LogSlate: InvalidateAllWidgets triggered.  All widgets were invalidated
[2025.11.25-18.31.19:456][772]MapCheck: New page: Map Check
[2025.11.25-18.31.19:456][772]LightingResults: New page: Lighting Build
[2025.11.25-18.31.19:462][772]LogAudio: Display: Audio Device unregistered from world 'None'.
[2025.11.25-18.31.19:464][772]LogUObjectHash: Compacting FUObjectHashTables data took   0.86ms
[2025.11.25-18.31.19:475][772]LogTexture: Display: Building textures: DeprecatedTextureEB9CBE3C423008B5E8E130901E171C89 (BGRA8, 128X128)
[2025.11.25-18.31.19:477][772]LogAudio: Display: Audio Device (ID: 1) registered with world 'Untitled_5'.
[2025.11.25-18.31.19:478][772]LogAIModule: Creating AISystem for world Untitled_5
[2025.11.25-18.31.19:549][772]LogEditorServer: Finished looking for orphan Actors (0.000 secs)
[2025.11.25-18.31.19:560][772]LogUObjectHash: Compacting FUObjectHashTables data took   1.17ms
[2025.11.25-18.31.19:565][772]Cmd: MAP CHECKDEP NOCLEARLOG
[2025.11.25-18.31.19:566][772]MapCheck: Map check complete: 0 Error(s), 0 Warning(s), took 0.129ms to complete.
[2025.11.25-18.31.19:566][772]LogFileHelpers: Loading map 'Template_Default' took 0.162
[2025.11.25-18.31.30:510][418]Cmd: BRUSH ADD SELECTNEWBRUSH
[2025.11.25-18.31.36:709][784]LogSlate: Prevented a slow task dialog from being summoned while a context menu was open
[2025.11.25-18.31.36:735][784]LogEditorClassViewer: Warning: Class /Engine/Tutorial/InWorldBlueprintEditing/TutorialAssets/IWBE_Blutility.IWBE_Blutility_C has parent /Script/Blutility.PlacedEditorUtilityBase, but this parent is not found. The Class will not be shown in ClassViewer.
[2025.11.25-18.31.41:319][ 56]LogEditorViewport: Clicking on Actor (LMB): BP_Sky_Sphere_C (Sky Sphere)
[2025.11.25-18.31.42:317][115]LogEditorViewport: Clicking on Actor (LMB): BP_Sky_Sphere_C (Sky Sphere)
[2025.11.25-18.31.42:836][146]Cmd: EDIT PASTE
[2025.11.25-18.31.42:902][146]LogNavigationPoint: PostEditMove Clear paths rebuilt
[2025.11.25-18.31.53:670][784]LogNavigationPoint: PostEditMove Clear paths rebuilt
[2025.11.25-18.31.53:852][793]LogEditorViewport: Clicking on Actor (LMB): PaperSpriteActor (BG_1_Sprite)
[2025.11.25-18.32.25:441][671]Cmd: TRANSACTION UNDO
[2025.11.25-18.32.25:441][671]LogEditorTransaction: Undo Scale Actors
[2025.11.25-18.32.25:704][677]Cmd: TRANSACTION UNDO
[2025.11.25-18.32.25:704][677]LogEditorTransaction: Undo Scale Actors
[2025.11.25-18.32.25:938][682]Cmd: TRANSACTION UNDO
[2025.11.25-18.32.25:938][682]LogEditorTransaction: Undo Scale Actors
[2025.11.25-18.32.26:210][693]Cmd: TRANSACTION UNDO
[2025.11.25-18.32.26:210][693]LogEditorTransaction: Undo Scale Actors
[2025.11.25-18.32.26:546][711]Cmd: TRANSACTION UNDO
[2025.11.25-18.32.26:546][711]LogEditorTransaction: Undo Select Brush Surface
[2025.11.25-18.32.26:894][729]Cmd: TRANSACTION UNDO
[2025.11.25-18.32.26:894][729]LogEditorTransaction: Undo Clicking on Actors
[2025.11.25-18.32.27:792][781]Cmd: TRANSACTION UNDO
[2025.11.25-18.32.27:792][781]LogEditorTransaction: Undo Move Actors
[2025.11.25-18.32.28:342][811]Cmd: TRANSACTION UNDO
[2025.11.25-18.32.28:342][811]LogEditorTransaction: Undo Paste
[2025.11.25-18.32.28:367][811]LogNavigationDirtyArea: Warning: Skipping dirty area creation because of invalid bounds (object: None)
[2025.11.25-18.32.29:120][856]Cmd: TRANSACTION UNDO
[2025.11.25-18.32.29:120][856]LogEditorTransaction: Undo Clicking on Actors
[2025.11.25-18.32.30:677][945]LogAssetEditorSubsystem: Opening Asset editor for MapBuildDataRegistry /Game/Mapas/Fases/MapadeTeste/MapadeTeste_BuiltData.MapadeTeste_BuiltData
[2025.11.25-18.32.34:616][178]LogUObjectHash: Compacting FUObjectHashTables data took   0.96ms
[2025.11.25-18.32.35:935][178]LogSlate: Window 'Save Content' being destroyed
[2025.11.25-18.32.36:005][178]LogAssetEditorSubsystem: Opening Asset editor for World /Game/Mapas/Fases/MapadeTeste/MapadeTeste.MapadeTeste
[2025.11.25-18.32.36:005][178]Cmd: MAP LOAD FILE="E:/Unreal/Fumec_DevGames/Content/Mapas/Fases/MapadeTeste/MapadeTeste.umap" TEMPLATE=0 SHOWPROGRESS=1 FEATURELEVEL=3
[2025.11.25-18.32.36:005][178]LightingResults: New page: Lighting Build
[2025.11.25-18.32.36:006][178]LoadErrors: New page: Loading map: MapadeTeste.umap
[2025.11.25-18.32.36:046][178]LogWorld: UWorld::CleanupWorld for Untitled_5, bSessionEnded=true, bCleanupResources=true
[2025.11.25-18.32.36:046][178]LogSlate: InvalidateAllWidgets triggered.  All widgets were invalidated
[2025.11.25-18.32.36:047][178]MapCheck: New page: Map Check
[2025.11.25-18.32.36:047][178]LightingResults: New page: Lighting Build
[2025.11.25-18.32.36:053][178]LogAudio: Display: Audio Device unregistered from world 'None'.
[2025.11.25-18.32.36:056][178]LogUObjectHash: Compacting FUObjectHashTables data took   1.24ms
[2025.11.25-18.32.36:057][178]LogAudio: Display: Audio Device (ID: 1) registered with world 'MapadeTeste'.
[2025.11.25-18.32.36:152][178]LogEditorServer: Finished looking for orphan Actors (0.000 secs)
[2025.11.25-18.32.36:152][178]LogAIModule: Creating AISystem for world MapadeTeste
[2025.11.25-18.32.36:162][178]LogUObjectHash: Compacting FUObjectHashTables data took   0.72ms
[2025.11.25-18.32.36:187][178]Cmd: MAP CHECKDEP NOCLEARLOG
[2025.11.25-18.32.36:189][178]MapCheck: Map check complete: 0 Error(s), 0 Warning(s), took 1.309ms to complete.
[2025.11.25-18.32.36:189][178]LogFileHelpers: Loading map 'MapadeTeste' took 0.184
[2025.11.25-18.32.46:169][767]LogSlate: Prevented a slow task dialog from being summoned while a context menu was open
[2025.11.25-18.32.46:195][767]LogEditorClassViewer: Warning: Class /Engine/Tutorial/InWorldBlueprintEditing/TutorialAssets/IWBE_Blutility.IWBE_Blutility_C has parent /Script/Blutility.PlacedEditorUtilityBase, but this parent is not found. The Class will not be shown in ClassViewer.
[2025.11.25-18.33.02:869][337]LogEditorViewport: Clicking Background
[2025.11.25-18.33.03:542][377]Cmd: TRANSACTION UNDO
[2025.11.25-18.33.03:542][377]LogEditorTransaction: Undo Clicking Background
[2025.11.25-18.33.03:953][388]Cmd: TRANSACTION UNDO
[2025.11.25-18.33.03:953][388]LogEditorTransaction: Undo Set Class
[2025.11.25-18.33.04:715][427]Cmd: TRANSACTION UNDO
[2025.11.25-18.33.04:715][427]LogEditorTransaction: Undo Set Class
[2025.11.25-18.33.05:164][450]Cmd: TRANSACTION UNDO
[2025.11.25-18.33.05:164][450]LogEditorTransaction: Undo Set Class
[2025.11.25-18.33.05:656][475]Cmd: TRANSACTION UNDO
[2025.11.25-18.33.05:656][475]LogEditorTransaction: Undo Scale Actors
[2025.11.25-18.33.06:705][536]LogEditorViewport: Clicking Background
[2025.11.25-18.33.08:363][635]Cmd: ACTOR SELECT ALL
[2025.11.25-18.33.11:729][813]LogNavigationPoint: PostEditMove Clear paths rebuilt
[2025.11.25-18.33.11:954][825]Cmd: TRANSACTION UNDO
[2025.11.25-18.33.11:954][825]LogEditorTransaction: Undo Scale Actors
[2025.11.25-18.33.13:891][919]LogNavigationPoint: PostEditMove Clear paths rebuilt
[2025.11.25-18.33.18:147][142]LogNavigationPoint: PostEditMove Clear paths rebuilt
[2025.11.25-18.33.25:212][538]LogNavigationPoint: PostEditMove Clear paths rebuilt
[2025.11.25-18.33.32:323][931]LogTemp: Repeating last play command: Selected Viewport
[2025.11.25-18.33.32:334][931]LogPlayLevel: PlayLevel: No blueprints needed recompiling
[2025.11.25-18.33.32:334][931]PIE: New page: PIE session: MapadeTeste (Nov 25, 2025, 12:33:32 PM)
[2025.11.25-18.33.32:334][931]LogPlayLevel: Creating play world package: /Game/Mapas/Fases/MapadeTeste/UEDPIE_0_MapadeTeste
[2025.11.25-18.33.32:357][931]LogPlayLevel: PIE: StaticDuplicateObject took: (0.022366s)
[2025.11.25-18.33.32:357][931]LogAIModule: Creating AISystem for world MapadeTeste
[2025.11.25-18.33.32:358][931]LogPlayLevel: PIE: World Init took: (0.001234s)
[2025.11.25-18.33.32:358][931]LogPlayLevel: PIE: Created PIE world by copying editor world from /Game/Mapas/Fases/MapadeTeste/MapadeTeste.MapadeTeste to /Game/Mapas/Fases/MapadeTeste/UEDPIE_0_MapadeTeste.MapadeTeste (0.023762s)
[2025.11.25-18.33.32:371][931]LogUObjectHash: Compacting FUObjectHashTables data took   1.00ms
[2025.11.25-18.33.32:372][931]LogAudio: Display: Creating Audio Device:                 Id: 10, Scope: Unique, Realtime: True
[2025.11.25-18.33.32:372][931]LogAudioMixer: Display: Audio Mixer Platform Settings:
[2025.11.25-18.33.32:372][931]LogAudioMixer: Display: 	Sample Rate:						  48000
[2025.11.25-18.33.32:372][931]LogAudioMixer: Display: 	Callback Buffer Frame Size Requested: 1024
[2025.11.25-18.33.32:372][931]LogAudioMixer: Display: 	Callback Buffer Frame Size To Use:	  1024
[2025.11.25-18.33.32:372][931]LogAudioMixer: Display: 	Number of buffers to queue:			  2
[2025.11.25-18.33.32:372][931]LogAudioMixer: Display: 	Max Channels (voices):				  32
[2025.11.25-18.33.32:372][931]LogAudioMixer: Display: 	Number of Async Source Workers:		  0
[2025.11.25-18.33.32:372][931]LogAudio: Display: AudioDevice MaxSources: 32
[2025.11.25-18.33.32:374][931]LogAudio: Display: Audio Spatialization Plugin: None (built-in).
[2025.11.25-18.33.32:374][931]LogAudio: Display: Audio Reverb Plugin: None (built-in).
[2025.11.25-18.33.32:374][931]LogAudio: Display: Audio Occlusion Plugin: None (built-in).
[2025.11.25-18.33.32:374][931]LogAudioMixer: Display: Initializing audio mixer.
[2025.11.25-18.33.32:380][931]LogAudioMixer: Display: 0: FrontLeft
[2025.11.25-18.33.32:380][931]LogAudioMixer: Display: 1: FrontRight
[2025.11.25-18.33.32:389][931]LogAudioMixer: Display: Using Audio Device Alto-falantes (Realtek(R) Audio)
[2025.11.25-18.33.32:389][931]LogAudioMixer: Display: Initializing Sound Submixes...
[2025.11.25-18.33.32:389][931]LogAudioMixer: Display: Creating Master Submix 'MasterSubmixDefault'
[2025.11.25-18.33.32:389][931]LogAudioMixer: Display: Creating Master Submix 'MasterReverbSubmixDefault'
[2025.11.25-18.33.32:390][931]LogAudioMixer: Display: Creating Master Submix 'MasterEQSubmixDefault'
[2025.11.25-18.33.32:390][931]LogAudioMixer: FMixerPlatformXAudio2::StartAudioStream() called
[2025.11.25-18.33.32:390][931]LogAudioMixer: Display: Output buffers initialized: Frames=1024, Channels=2, Samples=2048
[2025.11.25-18.33.32:392][931]LogAudioMixer: Display: Starting AudioMixerPlatformInterface::RunInternal()
[2025.11.25-18.33.32:392][931]LogAudioMixer: Display: FMixerPlatformXAudio2::SubmitBuffer() called for the first time
[2025.11.25-18.33.32:392][931]LogInit: FAudioDevice initialized.
[2025.11.25-18.33.32:392][931]LogAudio: Display: Audio Device (ID: 10) registered with world 'MapadeTeste'.
[2025.11.25-18.33.32:406][931]LogLoad: Game class is 'GameModeRL_C'
[2025.11.25-18.33.32:408][931]LogWorld: Bringing World /Game/Mapas/Fases/MapadeTeste/UEDPIE_0_MapadeTeste.MapadeTeste up for play (max tick rate 60) at 2025.11.25-15.33.32
[2025.11.25-18.33.32:409][931]LogWorld: Bringing up level for play took: 0.001923
[2025.11.25-18.33.32:409][931]LogOnline: OSS: Creating online subsystem instance for: :Context_11
[2025.11.25-18.33.32:414][931]PIE: Server logged in
[2025.11.25-18.33.32:415][931]PIE: Play in editor total start time 0.085 seconds.
[2025.11.25-18.33.40:910][438]LogSlate: Updating window title bar state: overlay mode, drag disabled, window buttons hidden, title bar hidden
[2025.11.25-18.33.40:910][438]LogWorld: BeginTearingDown for /Game/Mapas/Fases/MapadeTeste/UEDPIE_0_MapadeTeste
[2025.11.25-18.33.40:910][438]LogWorld: UWorld::CleanupWorld for MapadeTeste, bSessionEnded=true, bCleanupResources=true
[2025.11.25-18.33.40:910][438]LogSlate: InvalidateAllWidgets triggered.  All widgets were invalidated
[2025.11.25-18.33.40:921][438]LogPlayLevel: Display: Shutting down PIE online subsystems
[2025.11.25-18.33.40:935][438]LogSlate: InvalidateAllWidgets triggered.  All widgets were invalidated
[2025.11.25-18.33.40:942][438]LogAudio: Display: Audio Device unregistered from world 'None'.
[2025.11.25-18.33.40:942][438]LogAudioMixer: FMixerPlatformXAudio2::StopAudioStream() called
[2025.11.25-18.33.40:943][438]LogAudioMixer: FMixerPlatformXAudio2::StopAudioStream() called
[2025.11.25-18.33.40:946][438]LogSlate: Updating window title bar state: overlay mode, drag disabled, window buttons hidden, title bar hidden
[2025.11.25-18.33.40:948][438]LogUObjectHash: Compacting FUObjectHashTables data took   0.96ms
[2025.11.25-18.33.40:972][439]LogPlayLevel: Display: Destroying online subsystem :Context_11
[2025.11.25-18.33.43:213][572]Cmd: TRANSACTION UNDO
[2025.11.25-18.33.43:213][572]LogEditorTransaction: Undo Scale Actors
[2025.11.25-18.33.43:683][584]Cmd: TRANSACTION UNDO
[2025.11.25-18.33.43:683][584]LogEditorTransaction: Undo Scale Actors
[2025.11.25-18.33.44:374][620]Cmd: TRANSACTION UNDO
[2025.11.25-18.33.44:374][620]LogEditorTransaction: Undo Scale Actors
[2025.11.25-18.33.45:320][675]Cmd: TRANSACTION UNDO
[2025.11.25-18.33.45:320][675]LogEditorTransaction: Undo Scale Actors
[2025.11.25-18.33.49:542][926]LogNavigationPoint: PostEditMove Clear paths rebuilt
[2025.11.25-18.33.50:779][998]LogNavigationPoint: PostEditMove Clear paths rebuilt
[2025.11.25-18.33.51:651][ 48]LogTemp: Repeating last play command: Selected Viewport
[2025.11.25-18.33.51:662][ 48]LogPlayLevel: PlayLevel: No blueprints needed recompiling
[2025.11.25-18.33.51:662][ 48]PIE: New page: PIE session: MapadeTeste (Nov 25, 2025, 12:33:51 PM)
[2025.11.25-18.33.51:662][ 48]LogPlayLevel: Creating play world package: /Game/Mapas/Fases/MapadeTeste/UEDPIE_0_MapadeTeste
[2025.11.25-18.33.51:683][ 48]LogPlayLevel: PIE: StaticDuplicateObject took: (0.020530s)
[2025.11.25-18.33.51:684][ 48]LogAIModule: Creating AISystem for world MapadeTeste
[2025.11.25-18.33.51:684][ 48]LogPlayLevel: PIE: World Init took: (0.001122s)
[2025.11.25-18.33.51:684][ 48]LogPlayLevel: PIE: Created PIE world by copying editor world from /Game/Mapas/Fases/MapadeTeste/MapadeTeste.MapadeTeste to /Game/Mapas/Fases/MapadeTeste/UEDPIE_0_MapadeTeste.MapadeTeste (0.021797s)
[2025.11.25-18.33.51:692][ 48]LogUObjectHash: Compacting FUObjectHashTables data took   0.95ms
[2025.11.25-18.33.51:694][ 48]LogAudio: Display: Creating Audio Device:                 Id: 11, Scope: Unique, Realtime: True
[2025.11.25-18.33.51:694][ 48]LogAudioMixer: Display: Audio Mixer Platform Settings:
[2025.11.25-18.33.51:694][ 48]LogAudioMixer: Display: 	Sample Rate:						  48000
[2025.11.25-18.33.51:694][ 48]LogAudioMixer: Display: 	Callback Buffer Frame Size Requested: 1024
[2025.11.25-18.33.51:694][ 48]LogAudioMixer: Display: 	Callback Buffer Frame Size To Use:	  1024
[2025.11.25-18.33.51:694][ 48]LogAudioMixer: Display: 	Number of buffers to queue:			  2
[2025.11.25-18.33.51:694][ 48]LogAudioMixer: Display: 	Max Channels (voices):				  32
[2025.11.25-18.33.51:694][ 48]LogAudioMixer: Display: 	Number of Async Source Workers:		  0
[2025.11.25-18.33.51:695][ 48]LogAudio: Display: AudioDevice MaxSources: 32
[2025.11.25-18.33.51:695][ 48]LogAudio: Display: Audio Spatialization Plugin: None (built-in).
[2025.11.25-18.33.51:695][ 48]LogAudio: Display: Audio Reverb Plugin: None (built-in).
[2025.11.25-18.33.51:695][ 48]LogAudio: Display: Audio Occlusion Plugin: None (built-in).
[2025.11.25-18.33.51:695][ 48]LogAudioMixer: Display: Initializing audio mixer.
[2025.11.25-18.33.51:701][ 48]LogAudioMixer: Display: 0: FrontLeft
[2025.11.25-18.33.51:701][ 48]LogAudioMixer: Display: 1: FrontRight
[2025.11.25-18.33.51:708][ 48]LogAudioMixer: Display: Using Audio Device Alto-falantes (Realtek(R) Audio)
[2025.11.25-18.33.51:708][ 48]LogAudioMixer: Display: Initializing Sound Submixes...
[2025.11.25-18.33.51:708][ 48]LogAudioMixer: Display: Creating Master Submix 'MasterSubmixDefault'
[2025.11.25-18.33.51:708][ 48]LogAudioMixer: Display: Creating Master Submix 'MasterReverbSubmixDefault'
[2025.11.25-18.33.51:709][ 48]LogAudioMixer: Display: Creating Master Submix 'MasterEQSubmixDefault'
[2025.11.25-18.33.51:709][ 48]LogAudioMixer: FMixerPlatformXAudio2::StartAudioStream() called
[2025.11.25-18.33.51:709][ 48]LogAudioMixer: Display: Output buffers initialized: Frames=1024, Channels=2, Samples=2048
[2025.11.25-18.33.51:711][ 48]LogAudioMixer: Display: Starting AudioMixerPlatformInterface::RunInternal()
[2025.11.25-18.33.51:711][ 48]LogAudioMixer: Display: FMixerPlatformXAudio2::SubmitBuffer() called for the first time
[2025.11.25-18.33.51:711][ 48]LogInit: FAudioDevice initialized.
[2025.11.25-18.33.51:711][ 48]LogAudio: Display: Audio Device (ID: 11) registered with world 'MapadeTeste'.
[2025.11.25-18.33.51:725][ 48]LogLoad: Game class is 'GameModeRL_C'
[2025.11.25-18.33.51:727][ 48]LogWorld: Bringing World /Game/Mapas/Fases/MapadeTeste/UEDPIE_0_MapadeTeste.MapadeTeste up for play (max tick rate 60) at 2025.11.25-15.33.51
[2025.11.25-18.33.51:728][ 48]LogWorld: Bringing up level for play took: 0.001909
[2025.11.25-18.33.51:728][ 48]LogOnline: OSS: Creating online subsystem instance for: :Context_12
[2025.11.25-18.33.51:732][ 48]PIE: Server logged in
[2025.11.25-18.33.51:733][ 48]PIE: Play in editor total start time 0.076 seconds.
[2025.11.25-18.33.54:869][233]LogSlate: Updating window title bar state: overlay mode, drag disabled, window buttons hidden, title bar hidden
[2025.11.25-18.33.54:869][233]LogWorld: BeginTearingDown for /Game/Mapas/Fases/MapadeTeste/UEDPIE_0_MapadeTeste
[2025.11.25-18.33.54:870][233]LogWorld: UWorld::CleanupWorld for MapadeTeste, bSessionEnded=true, bCleanupResources=true
[2025.11.25-18.33.54:870][233]LogSlate: InvalidateAllWidgets triggered.  All widgets were invalidated
[2025.11.25-18.33.54:883][233]LogPlayLevel: Display: Shutting down PIE online subsystems
[2025.11.25-18.33.54:898][233]LogSlate: InvalidateAllWidgets triggered.  All widgets were invalidated
[2025.11.25-18.33.54:904][233]LogAudio: Display: Audio Device unregistered from world 'None'.
[2025.11.25-18.33.54:904][233]LogAudioMixer: FMixerPlatformXAudio2::StopAudioStream() called
[2025.11.25-18.33.54:906][233]LogAudioMixer: FMixerPlatformXAudio2::StopAudioStream() called
[2025.11.25-18.33.54:908][233]LogSlate: Updating window title bar state: overlay mode, drag disabled, window buttons hidden, title bar hidden
[2025.11.25-18.33.54:910][233]LogUObjectHash: Compacting FUObjectHashTables data took   0.80ms
[2025.11.25-18.33.54:966][235]LogPlayLevel: Display: Destroying online subsystem :Context_12
[2025.11.25-18.41.25:141][ 38]LogEditorViewport: Clicking Background
[2025.11.25-18.41.25:578][ 64]LogEditorViewport: Clicking on Actor (LMB): NavMeshBoundsVolume (NavMeshBoundsVolume)
[2025.11.25-18.44.32:500][891]LogNavigation: Warning: Changing AgentRadius directly on RecastNavMesh instance is unsupported. Please use Project Settings > NavigationSystem > SupportedAgents to change AgentRadius
[2025.11.25-18.44.32:501][891]LogNavigation: Warning: Changing AgentRadius directly on RecastNavMesh instance is unsupported. Please use Project Settings > NavigationSystem > SupportedAgents to change AgentRadius
[2025.11.25-18.44.55:258][230]LogNavigation: Warning: Changing AgentRadius directly on RecastNavMesh instance is unsupported. Please use Project Settings > NavigationSystem > SupportedAgents to change AgentRadius
[2025.11.25-18.44.55:258][230]LogNavigation: Warning: Changing AgentRadius directly on RecastNavMesh instance is unsupported. Please use Project Settings > NavigationSystem > SupportedAgents to change AgentRadius
[2025.11.25-18.45.18:816][640]LogEditorViewport: Clicking Background
[2025.11.25-18.45.19:869][703]LogEditorViewport: Clicking Background
[2025.11.25-18.45.20:235][725]LogEditorViewport: Clicking on Actor (LMB): NavMeshBoundsVolume (NavMeshBoundsVolume)
[2025.11.25-18.45.27:301][146]LogEditorViewport: Clicking on Actor (LMB): PaperSpriteActor (BG_1_Sprite)
[2025.11.25-18.45.28:550][218]LogEditorViewport: Clicking Background
[2025.11.25-18.45.29:102][251]LogEditorViewport: Clicking on Actor (LMB): NavMeshBoundsVolume (NavMeshBoundsVolume)
[2025.11.25-18.46.22:114][950]Cmd: TRANSACTION UNDO
[2025.11.25-18.46.22:114][950]LogEditorTransaction: Undo Scale Actors
[2025.11.25-18.46.22:452][957]Cmd: TRANSACTION UNDO
[2025.11.25-18.46.22:452][957]LogEditorTransaction: Undo Scale Actors
[2025.11.25-18.46.22:646][961]Cmd: TRANSACTION UNDO
[2025.11.25-18.46.22:646][961]LogEditorTransaction: Undo Scale Actors
[2025.11.25-18.46.22:771][966]Cmd: TRANSACTION UNDO
[2025.11.25-18.46.22:771][966]LogEditorTransaction: Undo Scale Actors
[2025.11.25-18.46.23:030][980]Cmd: TRANSACTION UNDO
[2025.11.25-18.46.23:030][980]LogEditorTransaction: Undo Scale Actors
[2025.11.25-18.46.23:370][999]Cmd: TRANSACTION UNDO
[2025.11.25-18.46.23:370][999]LogEditorTransaction: Undo Scale Actors
[2025.11.25-18.46.23:696][ 17]Cmd: TRANSACTION UNDO
[2025.11.25-18.46.23:696][ 17]LogEditorTransaction: Undo Scale Actors
[2025.11.25-18.46.35:113][590]Cmd: TRANSACTION UNDO
[2025.11.25-18.46.35:113][590]LogEditorTransaction: Undo Edit Tile Size UU
[2025.11.25-18.47.20:280][548]LogNavigation: Warning: Changing AgentRadius directly on RecastNavMesh instance is unsupported. Please use Project Settings > NavigationSystem > SupportedAgents to change AgentRadius
[2025.11.25-18.47.20:280][548]LogNavigation: Warning: Changing AgentRadius directly on RecastNavMesh instance is unsupported. Please use Project Settings > NavigationSystem > SupportedAgents to change AgentRadius
[2025.11.25-18.47.20:296][549]LogNavigation: Warning: Changing AgentRadius directly on RecastNavMesh instance is unsupported. Please use Project Settings > NavigationSystem > SupportedAgents to change AgentRadius
[2025.11.25-18.47.20:456][549]LogNavigation: Warning: Changing AgentRadius directly on RecastNavMesh instance is unsupported. Please use Project Settings > NavigationSystem > SupportedAgents to change AgentRadius
[2025.11.25-18.47.20:457][549]LogNavigation: Warning: Changing AgentRadius directly on RecastNavMesh instance is unsupported. Please use Project Settings > NavigationSystem > SupportedAgents to change AgentRadius
[2025.11.25-18.47.20:457][549]LogNavigation: Warning: Changing AgentRadius directly on RecastNavMesh instance is unsupported. Please use Project Settings > NavigationSystem > SupportedAgents to change AgentRadius
[2025.11.25-18.47.20:457][549]LogNavigation: Warning: Changing AgentRadius directly on RecastNavMesh instance is unsupported. Please use Project Settings > NavigationSystem > SupportedAgents to change AgentRadius
[2025.11.25-18.47.20:458][549]LogNavigation: Warning: Changing AgentRadius directly on RecastNavMesh instance is unsupported. Please use Project Settings > NavigationSystem > SupportedAgents to change AgentRadius
[2025.11.25-18.47.20:458][549]LogNavigation: Warning: Changing AgentRadius directly on RecastNavMesh instance is unsupported. Please use Project Settings > NavigationSystem > SupportedAgents to change AgentRadius
[2025.11.25-18.47.20:458][549]LogNavigation: Warning: Changing AgentRadius directly on RecastNavMesh instance is unsupported. Please use Project Settings > NavigationSystem > SupportedAgents to change AgentRadius
[2025.11.25-18.47.20:458][549]LogNavigation: Warning: Changing AgentRadius directly on RecastNavMesh instance is unsupported. Please use Project Settings > NavigationSystem > SupportedAgents to change AgentRadius
[2025.11.25-18.47.20:459][549]LogNavigation: Warning: Changing AgentRadius directly on RecastNavMesh instance is unsupported. Please use Project Settings > NavigationSystem > SupportedAgents to change AgentRadius
[2025.11.25-18.47.20:459][549]LogNavigation: Warning: Changing AgentRadius directly on RecastNavMesh instance is unsupported. Please use Project Settings > NavigationSystem > SupportedAgents to change AgentRadius
[2025.11.25-18.47.20:459][549]LogNavigation: Warning: Changing AgentRadius directly on RecastNavMesh instance is unsupported. Please use Project Settings > NavigationSystem > SupportedAgents to change AgentRadius
[2025.11.25-18.47.20:459][549]LogNavigation: Warning: Changing AgentRadius directly on RecastNavMesh instance is unsupported. Please use Project Settings > NavigationSystem > SupportedAgents to change AgentRadius
[2025.11.25-18.47.20:459][549]LogNavigation: Warning: Changing AgentRadius directly on RecastNavMesh instance is unsupported. Please use Project Settings > NavigationSystem > SupportedAgents to change AgentRadius
[2025.11.25-18.47.20:460][549]LogNavigation: Warning: Changing AgentRadius directly on RecastNavMesh instance is unsupported. Please use Project Settings > NavigationSystem > SupportedAgents to change AgentRadius
[2025.11.25-18.47.20:460][549]LogNavigation: Warning: Changing AgentRadius directly on RecastNavMesh instance is unsupported. Please use Project Settings > NavigationSystem > SupportedAgents to change AgentRadius
[2025.11.25-18.47.20:460][549]LogNavigation: Warning: Changing AgentRadius directly on RecastNavMesh instance is unsupported. Please use Project Settings > NavigationSystem > SupportedAgents to change AgentRadius
[2025.11.25-18.47.20:460][549]LogNavigation: Warning: Changing AgentRadius directly on RecastNavMesh instance is unsupported. Please use Project Settings > NavigationSystem > SupportedAgents to change AgentRadius
[2025.11.25-18.47.20:460][549]LogNavigation: Warning: Changing AgentRadius directly on RecastNavMesh instance is unsupported. Please use Project Settings > NavigationSystem > SupportedAgents to change AgentRadius
[2025.11.25-18.47.20:460][549]LogNavigation: Warning: Changing AgentRadius directly on RecastNavMesh instance is unsupported. Please use Project Settings > NavigationSystem > SupportedAgents to change AgentRadius
[2025.11.25-18.47.20:462][549]LogNavigation: Warning: Changing AgentRadius directly on RecastNavMesh instance is unsupported. Please use Project Settings > NavigationSystem > SupportedAgents to change AgentRadius
[2025.11.25-18.47.20:462][549]LogNavigation: Warning: Changing AgentRadius directly on RecastNavMesh instance is unsupported. Please use Project Settings > NavigationSystem > SupportedAgents to change AgentRadius
[2025.11.25-18.47.20:462][549]LogNavigation: Warning: Changing AgentRadius directly on RecastNavMesh instance is unsupported. Please use Project Settings > NavigationSystem > SupportedAgents to change AgentRadius
[2025.11.25-18.47.20:462][549]LogNavigation: Warning: Changing AgentRadius directly on RecastNavMesh instance is unsupported. Please use Project Settings > NavigationSystem > SupportedAgents to change AgentRadius
[2025.11.25-18.47.20:463][549]LogNavigation: Warning: Changing AgentRadius directly on RecastNavMesh instance is unsupported. Please use Project Settings > NavigationSystem > SupportedAgents to change AgentRadius
[2025.11.25-18.47.20:463][549]LogNavigation: Warning: Changing AgentRadius directly on RecastNavMesh instance is unsupported. Please use Project Settings > NavigationSystem > SupportedAgents to change AgentRadius
[2025.11.25-18.47.20:463][549]LogNavigation: Warning: Changing AgentRadius directly on RecastNavMesh instance is unsupported. Please use Project Settings > NavigationSystem > SupportedAgents to change AgentRadius
[2025.11.25-18.47.20:463][549]LogNavigation: Warning: Changing AgentRadius directly on RecastNavMesh instance is unsupported. Please use Project Settings > NavigationSystem > SupportedAgents to change AgentRadius
[2025.11.25-18.47.20:463][549]LogNavigation: Warning: Changing AgentRadius directly on RecastNavMesh instance is unsupported. Please use Project Settings > NavigationSystem > SupportedAgents to change AgentRadius
[2025.11.25-18.47.20:463][549]LogNavigation: Warning: Changing AgentRadius directly on RecastNavMesh instance is unsupported. Please use Project Settings > NavigationSystem > SupportedAgents to change AgentRadius
[2025.11.25-18.47.20:464][549]LogNavigation: Warning: Changing AgentRadius directly on RecastNavMesh instance is unsupported. Please use Project Settings > NavigationSystem > SupportedAgents to change AgentRadius
[2025.11.25-18.47.20:464][549]LogNavigation: Warning: Changing AgentRadius directly on RecastNavMesh instance is unsupported. Please use Project Settings > NavigationSystem > SupportedAgents to change AgentRadius
[2025.11.25-18.47.20:464][549]LogNavigation: Warning: Changing AgentRadius directly on RecastNavMesh instance is unsupported. Please use Project Settings > NavigationSystem > SupportedAgents to change AgentRadius
[2025.11.25-18.47.20:464][549]LogNavigation: Warning: Changing AgentRadius directly on RecastNavMesh instance is unsupported. Please use Project Settings > NavigationSystem > SupportedAgents to change AgentRadius
[2025.11.25-18.47.20:464][549]LogNavigation: Warning: Changing AgentRadius directly on RecastNavMesh instance is unsupported. Please use Project Settings > NavigationSystem > SupportedAgents to change AgentRadius
[2025.11.25-18.47.20:464][549]LogNavigation: Warning: Changing AgentRadius directly on RecastNavMesh instance is unsupported. Please use Project Settings > NavigationSystem > SupportedAgents to change AgentRadius
[2025.11.25-18.47.20:464][549]LogNavigation: Warning: Changing AgentRadius directly on RecastNavMesh instance is unsupported. Please use Project Settings > NavigationSystem > SupportedAgents to change AgentRadius
[2025.11.25-18.47.20:464][549]LogNavigation: Warning: Changing AgentRadius directly on RecastNavMesh instance is unsupported. Please use Project Settings > NavigationSystem > SupportedAgents to change AgentRadius
[2025.11.25-18.47.20:464][549]LogNavigation: Warning: Changing AgentRadius directly on RecastNavMesh instance is unsupported. Please use Project Settings > NavigationSystem > SupportedAgents to change AgentRadius
[2025.11.25-18.47.20:464][549]LogNavigation: Warning: Changing AgentRadius directly on RecastNavMesh instance is unsupported. Please use Project Settings > NavigationSystem > SupportedAgents to change AgentRadius
[2025.11.25-18.47.20:514][550]LogNavigation: Warning: Changing AgentRadius directly on RecastNavMesh instance is unsupported. Please use Project Settings > NavigationSystem > SupportedAgents to change AgentRadius
[2025.11.25-18.47.20:637][550]LogNavigation: Warning: Changing AgentRadius directly on RecastNavMesh instance is unsupported. Please use Project Settings > NavigationSystem > SupportedAgents to change AgentRadius
[2025.11.25-18.47.20:638][550]LogNavigation: Warning: Changing AgentRadius directly on RecastNavMesh instance is unsupported. Please use Project Settings > NavigationSystem > SupportedAgents to change AgentRadius
[2025.11.25-18.47.20:638][550]LogNavigation: Warning: Changing AgentRadius directly on RecastNavMesh instance is unsupported. Please use Project Settings > NavigationSystem > SupportedAgents to change AgentRadius
[2025.11.25-18.47.20:638][550]LogNavigation: Warning: Changing AgentRadius directly on RecastNavMesh instance is unsupported. Please use Project Settings > NavigationSystem > SupportedAgents to change AgentRadius
[2025.11.25-18.47.20:638][550]LogNavigation: Warning: Changing AgentRadius directly on RecastNavMesh instance is unsupported. Please use Project Settings > NavigationSystem > SupportedAgents to change AgentRadius
[2025.11.25-18.47.20:639][550]LogNavigation: Warning: Changing AgentRadius directly on RecastNavMesh instance is unsupported. Please use Project Settings > NavigationSystem > SupportedAgents to change AgentRadius
[2025.11.25-18.47.20:639][550]LogNavigation: Warning: Changing AgentRadius directly on RecastNavMesh instance is unsupported. Please use Project Settings > NavigationSystem > SupportedAgents to change AgentRadius
[2025.11.25-18.47.20:639][550]LogNavigation: Warning: Changing AgentRadius directly on RecastNavMesh instance is unsupported. Please use Project Settings > NavigationSystem > SupportedAgents to change AgentRadius
[2025.11.25-18.47.20:639][550]LogNavigation: Warning: Changing AgentRadius directly on RecastNavMesh instance is unsupported. Please use Project Settings > NavigationSystem > SupportedAgents to change AgentRadius
[2025.11.25-18.47.20:639][550]LogNavigation: Warning: Changing AgentRadius directly on RecastNavMesh instance is unsupported. Please use Project Settings > NavigationSystem > SupportedAgents to change AgentRadius
[2025.11.25-18.47.20:639][550]LogNavigation: Warning: Changing AgentRadius directly on RecastNavMesh instance is unsupported. Please use Project Settings > NavigationSystem > SupportedAgents to change AgentRadius
[2025.11.25-18.47.20:639][550]LogNavigation: Warning: Changing AgentRadius directly on RecastNavMesh instance is unsupported. Please use Project Settings > NavigationSystem > SupportedAgents to change AgentRadius
[2025.11.25-18.47.20:640][550]LogNavigation: Warning: Changing AgentRadius directly on RecastNavMesh instance is unsupported. Please use Project Settings > NavigationSystem > SupportedAgents to change AgentRadius
[2025.11.25-18.47.20:640][550]LogNavigation: Warning: Changing AgentRadius directly on RecastNavMesh instance is unsupported. Please use Project Settings > NavigationSystem > SupportedAgents to change AgentRadius
[2025.11.25-18.47.20:640][550]LogNavigation: Warning: Changing AgentRadius directly on RecastNavMesh instance is unsupported. Please use Project Settings > NavigationSystem > SupportedAgents to change AgentRadius
[2025.11.25-18.47.20:640][550]LogNavigation: Warning: Changing AgentRadius directly on RecastNavMesh instance is unsupported. Please use Project Settings > NavigationSystem > SupportedAgents to change AgentRadius
[2025.11.25-18.47.20:640][550]LogNavigation: Warning: Changing AgentRadius directly on RecastNavMesh instance is unsupported. Please use Project Settings > NavigationSystem > SupportedAgents to change AgentRadius
[2025.11.25-18.47.20:640][550]LogNavigation: Warning: Changing AgentRadius directly on RecastNavMesh instance is unsupported. Please use Project Settings > NavigationSystem > SupportedAgents to change AgentRadius
[2025.11.25-18.47.20:640][550]LogNavigation: Warning: Changing AgentRadius directly on RecastNavMesh instance is unsupported. Please use Project Settings > NavigationSystem > SupportedAgents to change AgentRadius
[2025.11.25-18.47.20:640][550]LogNavigation: Warning: Changing AgentRadius directly on RecastNavMesh instance is unsupported. Please use Project Settings > NavigationSystem > SupportedAgents to change AgentRadius
[2025.11.25-18.47.20:640][550]LogNavigation: Warning: Changing AgentRadius directly on RecastNavMesh instance is unsupported. Please use Project Settings > NavigationSystem > SupportedAgents to change AgentRadius
[2025.11.25-18.47.20:642][550]LogNavigation: Warning: Changing AgentRadius directly on RecastNavMesh instance is unsupported. Please use Project Settings > NavigationSystem > SupportedAgents to change AgentRadius
[2025.11.25-18.47.20:642][550]LogNavigation: Warning: Changing AgentRadius directly on RecastNavMesh instance is unsupported. Please use Project Settings > NavigationSystem > SupportedAgents to change AgentRadius
[2025.11.25-18.47.20:642][550]LogNavigation: Warning: Changing AgentRadius directly on RecastNavMesh instance is unsupported. Please use Project Settings > NavigationSystem > SupportedAgents to change AgentRadius
[2025.11.25-18.47.20:642][550]LogNavigation: Warning: Changing AgentRadius directly on RecastNavMesh instance is unsupported. Please use Project Settings > NavigationSystem > SupportedAgents to change AgentRadius
[2025.11.25-18.47.20:642][550]LogNavigation: Warning: Changing AgentRadius directly on RecastNavMesh instance is unsupported. Please use Project Settings > NavigationSystem > SupportedAgents to change AgentRadius
[2025.11.25-18.47.20:642][550]LogNavigation: Warning: Changing AgentRadius directly on RecastNavMesh instance is unsupported. Please use Project Settings > NavigationSystem > SupportedAgents to change AgentRadius
[2025.11.25-18.47.20:642][550]LogNavigation: Warning: Changing AgentRadius directly on RecastNavMesh instance is unsupported. Please use Project Settings > NavigationSystem > SupportedAgents to change AgentRadius
[2025.11.25-18.47.20:643][550]LogNavigation: Warning: Changing AgentRadius directly on RecastNavMesh instance is unsupported. Please use Project Settings > NavigationSystem > SupportedAgents to change AgentRadius
[2025.11.25-18.47.20:643][550]LogNavigation: Warning: Changing AgentRadius directly on RecastNavMesh instance is unsupported. Please use Project Settings > NavigationSystem > SupportedAgents to change AgentRadius
[2025.11.25-18.47.20:643][550]LogNavigation: Warning: Changing AgentRadius directly on RecastNavMesh instance is unsupported. Please use Project Settings > NavigationSystem > SupportedAgents to change AgentRadius
[2025.11.25-18.47.20:643][550]LogNavigation: Warning: Changing AgentRadius directly on RecastNavMesh instance is unsupported. Please use Project Settings > NavigationSystem > SupportedAgents to change AgentRadius
[2025.11.25-18.47.20:643][550]LogNavigation: Warning: Changing AgentRadius directly on RecastNavMesh instance is unsupported. Please use Project Settings > NavigationSystem > SupportedAgents to change AgentRadius
[2025.11.25-18.47.20:687][551]LogNavigation: Warning: Changing AgentRadius directly on RecastNavMesh instance is unsupported. Please use Project Settings > NavigationSystem > SupportedAgents to change AgentRadius
[2025.11.25-18.47.20:810][551]LogNavigation: Warning: Changing AgentRadius directly on RecastNavMesh instance is unsupported. Please use Project Settings > NavigationSystem > SupportedAgents to change AgentRadius
[2025.11.25-18.47.20:810][551]LogNavigation: Warning: Changing AgentRadius directly on RecastNavMesh instance is unsupported. Please use Project Settings > NavigationSystem > SupportedAgents to change AgentRadius
[2025.11.25-18.47.20:810][551]LogNavigation: Warning: Changing AgentRadius directly on RecastNavMesh instance is unsupported. Please use Project Settings > NavigationSystem > SupportedAgents to change AgentRadius
[2025.11.25-18.47.20:810][551]LogNavigation: Warning: Changing AgentRadius directly on RecastNavMesh instance is unsupported. Please use Project Settings > NavigationSystem > SupportedAgents to change AgentRadius
[2025.11.25-18.47.20:812][551]LogNavigation: Warning: Changing AgentRadius directly on RecastNavMesh instance is unsupported. Please use Project Settings > NavigationSystem > SupportedAgents to change AgentRadius
[2025.11.25-18.47.20:812][551]LogNavigation: Warning: Changing AgentRadius directly on RecastNavMesh instance is unsupported. Please use Project Settings > NavigationSystem > SupportedAgents to change AgentRadius
[2025.11.25-18.47.20:812][551]LogNavigation: Warning: Changing AgentRadius directly on RecastNavMesh instance is unsupported. Please use Project Settings > NavigationSystem > SupportedAgents to change AgentRadius
[2025.11.25-18.47.20:812][551]LogNavigation: Warning: Changing AgentRadius directly on RecastNavMesh instance is unsupported. Please use Project Settings > NavigationSystem > SupportedAgents to change AgentRadius
[2025.11.25-18.47.20:812][551]LogNavigation: Warning: Changing AgentRadius directly on RecastNavMesh instance is unsupported. Please use Project Settings > NavigationSystem > SupportedAgents to change AgentRadius
[2025.11.25-18.47.20:812][551]LogNavigation: Warning: Changing AgentRadius directly on RecastNavMesh instance is unsupported. Please use Project Settings > NavigationSystem > SupportedAgents to change AgentRadius
[2025.11.25-18.47.20:813][551]LogNavigation: Warning: Changing AgentRadius directly on RecastNavMesh instance is unsupported. Please use Project Settings > NavigationSystem > SupportedAgents to change AgentRadius
[2025.11.25-18.47.20:813][551]LogNavigation: Warning: Changing AgentRadius directly on RecastNavMesh instance is unsupported. Please use Project Settings > NavigationSystem > SupportedAgents to change AgentRadius
[2025.11.25-18.47.20:813][551]LogNavigation: Warning: Changing AgentRadius directly on RecastNavMesh instance is unsupported. Please use Project Settings > NavigationSystem > SupportedAgents to change AgentRadius
[2025.11.25-18.47.20:813][551]LogNavigation: Warning: Changing AgentRadius directly on RecastNavMesh instance is unsupported. Please use Project Settings > NavigationSystem > SupportedAgents to change AgentRadius
[2025.11.25-18.47.20:813][551]LogNavigation: Warning: Changing AgentRadius directly on RecastNavMesh instance is unsupported. Please use Project Settings > NavigationSystem > SupportedAgents to change AgentRadius
[2025.11.25-18.47.20:814][551]LogNavigation: Warning: Changing AgentRadius directly on RecastNavMesh instance is unsupported. Please use Project Settings > NavigationSystem > SupportedAgents to change AgentRadius
[2025.11.25-18.47.20:814][551]LogNavigation: Warning: Changing AgentRadius directly on RecastNavMesh instance is unsupported. Please use Project Settings > NavigationSystem > SupportedAgents to change AgentRadius
[2025.11.25-18.47.20:814][551]LogNavigation: Warning: Changing AgentRadius directly on RecastNavMesh instance is unsupported. Please use Project Settings > NavigationSystem > SupportedAgents to change AgentRadius
[2025.11.25-18.47.20:814][551]LogNavigation: Warning: Changing AgentRadius directly on RecastNavMesh instance is unsupported. Please use Project Settings > NavigationSystem > SupportedAgents to change AgentRadius
[2025.11.25-18.47.20:815][551]LogNavigation: Warning: Changing AgentRadius directly on RecastNavMesh instance is unsupported. Please use Project Settings > NavigationSystem > SupportedAgents to change AgentRadius
[2025.11.25-18.47.20:815][551]LogNavigation: Warning: Changing AgentRadius directly on RecastNavMesh instance is unsupported. Please use Project Settings > NavigationSystem > SupportedAgents to change AgentRadius
[2025.11.25-18.47.20:815][551]LogNavigation: Warning: Changing AgentRadius directly on RecastNavMesh instance is unsupported. Please use Project Settings > NavigationSystem > SupportedAgents to change AgentRadius
[2025.11.25-18.47.20:815][551]LogNavigation: Warning: Changing AgentRadius directly on RecastNavMesh instance is unsupported. Please use Project Settings > NavigationSystem > SupportedAgents to change AgentRadius
[2025.11.25-18.47.20:816][551]LogNavigation: Warning: Changing AgentRadius directly on RecastNavMesh instance is unsupported. Please use Project Settings > NavigationSystem > SupportedAgents to change AgentRadius
[2025.11.25-18.47.20:816][551]LogNavigation: Warning: Changing AgentRadius directly on RecastNavMesh instance is unsupported. Please use Project Settings > NavigationSystem > SupportedAgents to change AgentRadius
[2025.11.25-18.47.20:816][551]LogNavigation: Warning: Changing AgentRadius directly on RecastNavMesh instance is unsupported. Please use Project Settings > NavigationSystem > SupportedAgents to change AgentRadius
[2025.11.25-18.47.20:816][551]LogNavigation: Warning: Changing AgentRadius directly on RecastNavMesh instance is unsupported. Please use Project Settings > NavigationSystem > SupportedAgents to change AgentRadius
[2025.11.25-18.47.20:816][551]LogNavigation: Warning: Changing AgentRadius directly on RecastNavMesh instance is unsupported. Please use Project Settings > NavigationSystem > SupportedAgents to change AgentRadius
[2025.11.25-18.47.20:816][551]LogNavigation: Warning: Changing AgentRadius directly on RecastNavMesh instance is unsupported. Please use Project Settings > NavigationSystem > SupportedAgents to change AgentRadius
[2025.11.25-18.47.20:817][551]LogNavigation: Warning: Changing AgentRadius directly on RecastNavMesh instance is unsupported. Please use Project Settings > NavigationSystem > SupportedAgents to change AgentRadius
[2025.11.25-18.47.20:817][551]LogNavigation: Warning: Changing AgentRadius directly on RecastNavMesh instance is unsupported. Please use Project Settings > NavigationSystem > SupportedAgents to change AgentRadius
[2025.11.25-18.47.20:817][551]LogNavigation: Warning: Changing AgentRadius directly on RecastNavMesh instance is unsupported. Please use Project Settings > NavigationSystem > SupportedAgents to change AgentRadius
[2025.11.25-18.47.20:817][551]LogNavigation: Warning: Changing AgentRadius directly on RecastNavMesh instance is unsupported. Please use Project Settings > NavigationSystem > SupportedAgents to change AgentRadius
[2025.11.25-18.47.20:817][551]LogNavigation: Warning: Changing AgentRadius directly on RecastNavMesh instance is unsupported. Please use Project Settings > NavigationSystem > SupportedAgents to change AgentRadius
[2025.11.25-18.47.20:817][551]LogNavigation: Warning: Changing AgentRadius directly on RecastNavMesh instance is unsupported. Please use Project Settings > NavigationSystem > SupportedAgents to change AgentRadius
[2025.11.25-18.47.20:818][551]LogNavigation: Warning: Changing AgentRadius directly on RecastNavMesh instance is unsupported. Please use Project Settings > NavigationSystem > SupportedAgents to change AgentRadius
[2025.11.25-18.47.20:818][551]LogNavigation: Warning: Changing AgentRadius directly on RecastNavMesh instance is unsupported. Please use Project Settings > NavigationSystem > SupportedAgents to change AgentRadius
[2025.11.25-18.47.20:818][551]LogNavigation: Warning: Changing AgentRadius directly on RecastNavMesh instance is unsupported. Please use Project Settings > NavigationSystem > SupportedAgents to change AgentRadius
[2025.11.25-18.47.20:818][551]LogNavigation: Warning: Changing AgentRadius directly on RecastNavMesh instance is unsupported. Please use Project Settings > NavigationSystem > SupportedAgents to change AgentRadius
[2025.11.25-18.47.20:818][551]LogNavigation: Warning: Changing AgentRadius directly on RecastNavMesh instance is unsupported. Please use Project Settings > NavigationSystem > SupportedAgents to change AgentRadius
[2025.11.25-18.47.20:818][551]LogNavigation: Warning: Changing AgentRadius directly on RecastNavMesh instance is unsupported. Please use Project Settings > NavigationSystem > SupportedAgents to change AgentRadius
[2025.11.25-18.47.20:819][551]LogNavigation: Warning: Changing AgentRadius directly on RecastNavMesh instance is unsupported. Please use Project Settings > NavigationSystem > SupportedAgents to change AgentRadius
[2025.11.25-18.47.20:819][551]LogNavigation: Warning: Changing AgentRadius directly on RecastNavMesh instance is unsupported. Please use Project Settings > NavigationSystem > SupportedAgents to change AgentRadius
[2025.11.25-18.47.20:853][552]LogNavigation: Warning: Changing AgentRadius directly on RecastNavMesh instance is unsupported. Please use Project Settings > NavigationSystem > SupportedAgents to change AgentRadius
[2025.11.25-18.47.20:978][552]LogNavigation: Warning: Changing AgentRadius directly on RecastNavMesh instance is unsupported. Please use Project Settings > NavigationSystem > SupportedAgents to change AgentRadius
[2025.11.25-18.47.20:979][552]LogNavigation: Warning: Changing AgentRadius directly on RecastNavMesh instance is unsupported. Please use Project Settings > NavigationSystem > SupportedAgents to change AgentRadius
[2025.11.25-18.47.20:979][552]LogNavigation: Warning: Changing AgentRadius directly on RecastNavMesh instance is unsupported. Please use Project Settings > NavigationSystem > SupportedAgents to change AgentRadius
[2025.11.25-18.47.20:979][552]LogNavigation: Warning: Changing AgentRadius directly on RecastNavMesh instance is unsupported. Please use Project Settings > NavigationSystem > SupportedAgents to change AgentRadius
[2025.11.25-18.47.20:979][552]LogNavigation: Warning: Changing AgentRadius directly on RecastNavMesh instance is unsupported. Please use Project Settings > NavigationSystem > SupportedAgents to change AgentRadius
[2025.11.25-18.47.20:979][552]LogNavigation: Warning: Changing AgentRadius directly on RecastNavMesh instance is unsupported. Please use Project Settings > NavigationSystem > SupportedAgents to change AgentRadius
[2025.11.25-18.47.20:979][552]LogNavigation: Warning: Changing AgentRadius directly on RecastNavMesh instance is unsupported. Please use Project Settings > NavigationSystem > SupportedAgents to change AgentRadius
[2025.11.25-18.47.20:979][552]LogNavigation: Warning: Changing AgentRadius directly on RecastNavMesh instance is unsupported. Please use Project Settings > NavigationSystem > SupportedAgents to change AgentRadius
[2025.11.25-18.47.20:979][552]LogNavigation: Warning: Changing AgentRadius directly on RecastNavMesh instance is unsupported. Please use Project Settings > NavigationSystem > SupportedAgents to change AgentRadius
[2025.11.25-18.47.20:981][552]LogNavigation: Warning: Changing AgentRadius directly on RecastNavMesh instance is unsupported. Please use Project Settings > NavigationSystem > SupportedAgents to change AgentRadius
[2025.11.25-18.47.20:981][552]LogNavigation: Warning: Changing AgentRadius directly on RecastNavMesh instance is unsupported. Please use Project Settings > NavigationSystem > SupportedAgents to change AgentRadius
[2025.11.25-18.47.20:981][552]LogNavigation: Warning: Changing AgentRadius directly on RecastNavMesh instance is unsupported. Please use Project Settings > NavigationSystem > SupportedAgents to change AgentRadius
[2025.11.25-18.47.20:981][552]LogNavigation: Warning: Changing AgentRadius directly on RecastNavMesh instance is unsupported. Please use Project Settings > NavigationSystem > SupportedAgents to change AgentRadius
[2025.11.25-18.47.20:982][552]LogNavigation: Warning: Changing AgentRadius directly on RecastNavMesh instance is unsupported. Please use Project Settings > NavigationSystem > SupportedAgents to change AgentRadius
[2025.11.25-18.47.20:982][552]LogNavigation: Warning: Changing AgentRadius directly on RecastNavMesh instance is unsupported. Please use Project Settings > NavigationSystem > SupportedAgents to change AgentRadius
[2025.11.25-18.47.20:982][552]LogNavigation: Warning: Changing AgentRadius directly on RecastNavMesh instance is unsupported. Please use Project Settings > NavigationSystem > SupportedAgents to change AgentRadius
[2025.11.25-18.47.20:982][552]LogNavigation: Warning: Changing AgentRadius directly on RecastNavMesh instance is unsupported. Please use Project Settings > NavigationSystem > SupportedAgents to change AgentRadius
[2025.11.25-18.47.20:982][552]LogNavigation: Warning: Changing AgentRadius directly on RecastNavMesh instance is unsupported. Please use Project Settings > NavigationSystem > SupportedAgents to change AgentRadius
[2025.11.25-18.47.20:982][552]LogNavigation: Warning: Changing AgentRadius directly on RecastNavMesh instance is unsupported. Please use Project Settings > NavigationSystem > SupportedAgents to change AgentRadius
[2025.11.25-18.47.21:211][566]LogNavigation: Warning: Changing AgentRadius directly on RecastNavMesh instance is unsupported. Please use Project Settings > NavigationSystem > SupportedAgents to change AgentRadius
[2025.11.25-18.47.21:211][566]LogNavigation: Warning: Changing AgentRadius directly on RecastNavMesh instance is unsupported. Please use Project Settings > NavigationSystem > SupportedAgents to change AgentRadius
[2025.11.25-18.47.21:227][567]LogNavigation: Warning: Changing AgentRadius directly on RecastNavMesh instance is unsupported. Please use Project Settings > NavigationSystem > SupportedAgents to change AgentRadius
[2025.11.25-18.47.21:381][567]LogNavigation: Warning: Changing AgentRadius directly on RecastNavMesh instance is unsupported. Please use Project Settings > NavigationSystem > SupportedAgents to change AgentRadius
[2025.11.25-18.47.21:381][567]LogNavigation: Warning: Changing AgentRadius directly on RecastNavMesh instance is unsupported. Please use Project Settings > NavigationSystem > SupportedAgents to change AgentRadius
[2025.11.25-18.47.21:383][567]LogNavigation: Warning: Changing AgentRadius directly on RecastNavMesh instance is unsupported. Please use Project Settings > NavigationSystem > SupportedAgents to change AgentRadius
[2025.11.25-18.47.21:383][567]LogNavigation: Warning: Changing AgentRadius directly on RecastNavMesh instance is unsupported. Please use Project Settings > NavigationSystem > SupportedAgents to change AgentRadius
[2025.11.25-18.47.21:383][567]LogNavigation: Warning: Changing AgentRadius directly on RecastNavMesh instance is unsupported. Please use Project Settings > NavigationSystem > SupportedAgents to change AgentRadius
[2025.11.25-18.47.21:383][567]LogNavigation: Warning: Changing AgentRadius directly on RecastNavMesh instance is unsupported. Please use Project Settings > NavigationSystem > SupportedAgents to change AgentRadius
[2025.11.25-18.47.21:384][567]LogNavigation: Warning: Changing AgentRadius directly on RecastNavMesh instance is unsupported. Please use Project Settings > NavigationSystem > SupportedAgents to change AgentRadius
[2025.11.25-18.47.21:384][567]LogNavigation: Warning: Changing AgentRadius directly on RecastNavMesh instance is unsupported. Please use Project Settings > NavigationSystem > SupportedAgents to change AgentRadius
[2025.11.25-18.47.21:384][567]LogNavigation: Warning: Changing AgentRadius directly on RecastNavMesh instance is unsupported. Please use Project Settings > NavigationSystem > SupportedAgents to change AgentRadius
[2025.11.25-18.47.21:384][567]LogNavigation: Warning: Changing AgentRadius directly on RecastNavMesh instance is unsupported. Please use Project Settings > NavigationSystem > SupportedAgents to change AgentRadius
[2025.11.25-18.47.21:384][567]LogNavigation: Warning: Changing AgentRadius directly on RecastNavMesh instance is unsupported. Please use Project Settings > NavigationSystem > SupportedAgents to change AgentRadius
[2025.11.25-18.47.21:385][567]LogNavigation: Warning: Changing AgentRadius directly on RecastNavMesh instance is unsupported. Please use Project Settings > NavigationSystem > SupportedAgents to change AgentRadius
[2025.11.25-18.47.21:385][567]LogNavigation: Warning: Changing AgentRadius directly on RecastNavMesh instance is unsupported. Please use Project Settings > NavigationSystem > SupportedAgents to change AgentRadius
[2025.11.25-18.47.21:385][567]LogNavigation: Warning: Changing AgentRadius directly on RecastNavMesh instance is unsupported. Please use Project Settings > NavigationSystem > SupportedAgents to change AgentRadius
[2025.11.25-18.47.21:385][567]LogNavigation: Warning: Changing AgentRadius directly on RecastNavMesh instance is unsupported. Please use Project Settings > NavigationSystem > SupportedAgents to change AgentRadius
[2025.11.25-18.47.21:385][567]LogNavigation: Warning: Changing AgentRadius directly on RecastNavMesh instance is unsupported. Please use Project Settings > NavigationSystem > SupportedAgents to change AgentRadius
[2025.11.25-18.47.21:386][567]LogNavigation: Warning: Changing AgentRadius directly on RecastNavMesh instance is unsupported. Please use Project Settings > NavigationSystem > SupportedAgents to change AgentRadius
[2025.11.25-18.47.21:386][567]LogNavigation: Warning: Changing AgentRadius directly on RecastNavMesh instance is unsupported. Please use Project Settings > NavigationSystem > SupportedAgents to change AgentRadius
[2025.11.25-18.47.21:386][567]LogNavigation: Warning: Changing AgentRadius directly on RecastNavMesh instance is unsupported. Please use Project Settings > NavigationSystem > SupportedAgents to change AgentRadius
[2025.11.25-18.47.21:747][589]LogNavigation: Warning: Changing AgentRadius directly on RecastNavMesh instance is unsupported. Please use Project Settings > NavigationSystem > SupportedAgents to change AgentRadius
[2025.11.25-18.47.21:747][589]LogNavigation: Warning: Changing AgentRadius directly on RecastNavMesh instance is unsupported. Please use Project Settings > NavigationSystem > SupportedAgents to change AgentRadius
[2025.11.25-18.47.41:633][746]LogUObjectHash: Compacting FUObjectHashTables data took   1.02ms
[2025.11.25-18.47.41:680][746]Cmd: OBJ SAVEPACKAGE PACKAGE="/Game/Mapas/Fases/MapadeTeste/MapadeTeste" FILE="E:/Unreal/Fumec_DevGames/Content/Mapas/Fases/MapadeTeste/MapadeTeste.umap" SILENT=true AUTOSAVING=false KEEPDIRTY=false
[2025.11.25-18.47.41:687][746]LogUObjectHash: Compacting FUObjectHashTables data took   0.32ms
[2025.11.25-18.47.41:825][746]LogSavePackage: Moving 'E:/Unreal/Fumec_DevGames/Saved/MapadeTesteDAE97B6E41DDF5D723D7AFB4E43AD178.tmp' to 'E:/Unreal/Fumec_DevGames/Content/Mapas/Fases/MapadeTeste/MapadeTeste.umap'
[2025.11.25-18.47.41:848][746]LogFileHelpers: Saving map 'MapadeTeste' took 0.168
[2025.11.25-18.47.41:858][746]AssetCheck: New page: Asset Save: MapadeTeste
[2025.11.25-18.47.41:858][746]LogContentValidation: Display: Validating World /Game/Mapas/Fases/MapadeTeste/MapadeTeste.MapadeTeste
[2025.11.25-18.49.02:492][563]Cmd: OBJ SAVEPACKAGE PACKAGE="/Game/Mapas/Fases/MapadeTeste/MapadeTeste" FILE="E:/Unreal/Fumec_DevGames/Content/Mapas/Fases/MapadeTeste/MapadeTeste.umap" SILENT=true AUTOSAVING=false KEEPDIRTY=false
[2025.11.25-18.49.02:498][563]LogUObjectHash: Compacting FUObjectHashTables data took   0.97ms
[2025.11.25-18.49.02:644][563]LogSavePackage: Moving 'E:/Unreal/Fumec_DevGames/Saved/MapadeTeste002BCB9046526D38E31C8CA6C9D61B2D.tmp' to 'E:/Unreal/Fumec_DevGames/Content/Mapas/Fases/MapadeTeste/MapadeTeste.umap'
[2025.11.25-18.49.02:667][563]Cmd: OBJ SAVEPACKAGE PACKAGE="/Game/Mapas/Fases/MapadeTeste/MapadeTeste_BuiltData" FILE="E:/Unreal/Fumec_DevGames/Content/Mapas/Fases/MapadeTeste/MapadeTeste_BuiltData.uasset" SILENT=true
[2025.11.25-18.49.02:674][563]LogSavePackage: Moving 'E:/Unreal/Fumec_DevGames/Saved/MapadeTeste_BuiltData64E7577B48D9AACF8BC6768948E08571.tmp' to 'E:/Unreal/Fumec_DevGames/Content/Mapas/Fases/MapadeTeste/MapadeTeste_BuiltData.uasset'
[2025.11.25-18.49.02:690][563]AssetCheck: New page: Asset Save: multiple assets
[2025.11.25-18.49.02:690][563]LogContentValidation: Display: Validating MapBuildDataRegistry /Game/Mapas/Fases/MapadeTeste/MapadeTeste_BuiltData.MapadeTeste_BuiltData
[2025.11.25-18.49.02:690][563]LogContentValidation: Display: Validating World /Game/Mapas/Fases/MapadeTeste/MapadeTeste.MapadeTeste
[2025.11.25-18.49.06:786][805]LogEditorViewport: Clicking Background
[2025.11.25-18.49.18:341][439]Cmd: TRANSACTION UNDO
[2025.11.25-18.49.18:341][439]LogEditorTransaction: Undo Scale Actors
[2025.11.25-18.49.18:489][442]Cmd: TRANSACTION UNDO
[2025.11.25-18.49.18:489][442]LogEditorTransaction: Undo Scale Actors
[2025.11.25-18.49.18:646][445]Cmd: TRANSACTION UNDO
[2025.11.25-18.49.18:646][445]LogEditorTransaction: Undo Scale Actors
[2025.11.25-18.49.18:779][447]Cmd: TRANSACTION UNDO
[2025.11.25-18.49.18:779][447]LogEditorTransaction: Undo Scale Actors
[2025.11.25-18.49.19:223][469]Cmd: TRANSACTION UNDO
[2025.11.25-18.49.19:223][469]LogEditorTransaction: Undo Scale Actors
[2025.11.25-18.49.19:590][489]Cmd: TRANSACTION UNDO
[2025.11.25-18.49.19:590][489]LogEditorTransaction: Undo Select Brush Surface
[2025.11.25-18.49.20:133][520]Cmd: TRANSACTION UNDO
[2025.11.25-18.49.20:133][520]LogEditorTransaction: Undo Clicking Background
[2025.11.25-18.49.20:589][546]Cmd: TRANSACTION UNDO
[2025.11.25-18.49.20:589][546]LogEditorTransaction: Undo Scale Actors
[2025.11.25-18.49.21:415][592]LogEditorViewport: Clicking Background
[2025.11.25-18.49.39:325][601]Cmd: TRANSACTION UNDO
[2025.11.25-18.49.39:325][601]LogEditorTransaction: Undo Scale Actors
[2025.11.25-18.49.39:903][618]Cmd: TRANSACTION UNDO
[2025.11.25-18.49.39:903][618]LogEditorTransaction: Undo Scale Actors
[2025.11.25-18.49.40:296][640]Cmd: TRANSACTION UNDO
[2025.11.25-18.49.40:296][640]LogEditorTransaction: Undo Scale Actors
[2025.11.25-18.49.40:731][664]Cmd: TRANSACTION UNDO
[2025.11.25-18.49.40:731][664]LogEditorTransaction: Undo Select Brush Surface
[2025.11.25-18.49.42:675][779]Cmd: TRANSACTION UNDO
[2025.11.25-18.49.42:675][779]LogEditorTransaction: Undo Edit Agent Max Step Height
[2025.11.25-18.49.44:949][913]Cmd: TRANSACTION UNDO
[2025.11.25-18.49.44:949][913]LogEditorTransaction: Undo Edit Agent Max Slope
[2025.11.25-18.49.54:821][494]Cmd: TRANSACTION UNDO
[2025.11.25-18.49.54:821][494]LogEditorTransaction: Undo Scale Actors
[2025.11.25-18.49.55:575][522]Cmd: TRANSACTION UNDO
[2025.11.25-18.49.55:575][522]LogEditorTransaction: Undo Scale Actors
[2025.11.25-18.49.55:935][542]Cmd: TRANSACTION UNDO
[2025.11.25-18.49.55:935][542]LogEditorTransaction: Undo Scale Actors
[2025.11.25-18.49.56:705][585]Cmd: TRANSACTION UNDO
[2025.11.25-18.49.56:705][585]LogEditorTransaction: Undo Select Brush Surface
[2025.11.25-18.49.58:529][691]Cmd: TRANSACTION UNDO
[2025.11.25-18.49.58:529][691]LogEditorTransaction: Undo Clicking Background
[2025.11.25-18.50.07:268][208]LogEditorViewport: Clicking on Actor (LMB): NavMeshBoundsVolume (NavMeshBoundsVolume)
[2025.11.25-18.50.11:877][480]LogEditorViewport: Clicking Background
[2025.11.25-18.50.58:343][ 72]LogEditorViewport: Clicking on Actor (LMB): Brush (Box Brush)
[2025.11.25-18.51.56:398][376]LogNavigation: Warning: Recreating dtNavMesh instance due mismatch in number of bytes required to store serialized maxTiles (48, 6 bits) vs calculated maxtiles (1024, 10 bits)
[2025.11.25-18.52.01:538][667]LogNavigation: Warning: Recreating dtNavMesh instance due mismatch in number of bytes required to store serialized maxTiles (1024, 10 bits) vs calculated maxtiles (10, 4 bits)
[2025.11.25-18.52.15:060][426]Cmd: TRANSACTION UNDO
[2025.11.25-18.52.15:060][426]LogEditorTransaction: Undo Scale Actors
[2025.11.25-18.52.16:045][468]Cmd: TRANSACTION UNDO
[2025.11.25-18.52.16:045][468]LogEditorTransaction: Undo Scale Actors
[2025.11.25-18.52.19:773][690]LogEditorViewport: Clicking Background
[2025.11.25-18.52.27:193][123]LogRenderer: Reallocating scene render targets to support 908x428 Format 10 NumSamples 1 (Frame:20649).
[2025.11.25-18.52.27:694][153]LogTemp: Repeating last play command: Selected Viewport
[2025.11.25-18.52.27:706][153]LogPlayLevel: PlayLevel: No blueprints needed recompiling
[2025.11.25-18.52.27:706][153]PIE: New page: PIE session: MapadeTeste (Nov 25, 2025, 12:52:27 PM)
[2025.11.25-18.52.27:742][153]LogPlayLevel: Creating play world package: /Game/Mapas/Fases/MapadeTeste/UEDPIE_0_MapadeTeste
[2025.11.25-18.52.27:769][153]LogPlayLevel: PIE: StaticDuplicateObject took: (0.027047s)
[2025.11.25-18.52.27:770][153]LogAIModule: Creating AISystem for world MapadeTeste
[2025.11.25-18.52.27:770][153]LogPlayLevel: PIE: World Init took: (0.001430s)
[2025.11.25-18.52.27:770][153]LogPlayLevel: PIE: Created PIE world by copying editor world from /Game/Mapas/Fases/MapadeTeste/MapadeTeste.MapadeTeste to /Game/Mapas/Fases/MapadeTeste/UEDPIE_0_MapadeTeste.MapadeTeste (0.028702s)
[2025.11.25-18.52.27:779][153]LogUObjectHash: Compacting FUObjectHashTables data took   1.14ms
[2025.11.25-18.52.27:791][153]LogAudio: Display: Creating Audio Device:                 Id: 12, Scope: Unique, Realtime: True
[2025.11.25-18.52.27:791][153]LogAudioMixer: Display: Audio Mixer Platform Settings:
[2025.11.25-18.52.27:791][153]LogAudioMixer: Display: 	Sample Rate:						  48000
[2025.11.25-18.52.27:791][153]LogAudioMixer: Display: 	Callback Buffer Frame Size Requested: 1024
[2025.11.25-18.52.27:791][153]LogAudioMixer: Display: 	Callback Buffer Frame Size To Use:	  1024
[2025.11.25-18.52.27:791][153]LogAudioMixer: Display: 	Number of buffers to queue:			  2
[2025.11.25-18.52.27:791][153]LogAudioMixer: Display: 	Max Channels (voices):				  32
[2025.11.25-18.52.27:791][153]LogAudioMixer: Display: 	Number of Async Source Workers:		  0
[2025.11.25-18.52.27:791][153]LogAudio: Display: AudioDevice MaxSources: 32
[2025.11.25-18.52.27:792][153]LogAudio: Display: Audio Spatialization Plugin: None (built-in).
[2025.11.25-18.52.27:792][153]LogAudio: Display: Audio Reverb Plugin: None (built-in).
[2025.11.25-18.52.27:792][153]LogAudio: Display: Audio Occlusion Plugin: None (built-in).
[2025.11.25-18.52.27:792][153]LogAudioMixer: Display: Initializing audio mixer.
[2025.11.25-18.52.27:801][153]LogAudioMixer: Display: 0: FrontLeft
[2025.11.25-18.52.27:801][153]LogAudioMixer: Display: 1: FrontRight
[2025.11.25-18.52.27:810][153]LogAudioMixer: Display: Using Audio Device Alto-falantes (Realtek(R) Audio)
[2025.11.25-18.52.27:810][153]LogAudioMixer: Display: Initializing Sound Submixes...
[2025.11.25-18.52.27:810][153]LogAudioMixer: Display: Creating Master Submix 'MasterSubmixDefault'
[2025.11.25-18.52.27:810][153]LogAudioMixer: Display: Creating Master Submix 'MasterReverbSubmixDefault'
[2025.11.25-18.52.27:811][153]LogAudioMixer: Display: Creating Master Submix 'MasterEQSubmixDefault'
[2025.11.25-18.52.27:811][153]LogAudioMixer: FMixerPlatformXAudio2::StartAudioStream() called
[2025.11.25-18.52.27:811][153]LogAudioMixer: Display: Output buffers initialized: Frames=1024, Channels=2, Samples=2048
[2025.11.25-18.52.27:812][153]LogAudioMixer: Display: Starting AudioMixerPlatformInterface::RunInternal()
[2025.11.25-18.52.27:812][153]LogAudioMixer: Display: FMixerPlatformXAudio2::SubmitBuffer() called for the first time
[2025.11.25-18.52.27:812][153]LogInit: FAudioDevice initialized.
[2025.11.25-18.52.27:812][153]LogAudio: Display: Audio Device (ID: 12) registered with world 'MapadeTeste'.
[2025.11.25-18.52.27:825][153]LogLoad: Game class is 'GameModeRL_C'
[2025.11.25-18.52.27:826][153]LogWorld: Bringing World /Game/Mapas/Fases/MapadeTeste/UEDPIE_0_MapadeTeste.MapadeTeste up for play (max tick rate 60) at 2025.11.25-15.52.27
[2025.11.25-18.52.27:827][153]LogWorld: Bringing up level for play took: 0.001721
[2025.11.25-18.52.27:827][153]LogNavigation: Warning: NavData RegistrationFailed_AgentNotValid, NavData instance contains navmesh that doesn't support any of expected agent types.
[2025.11.25-18.52.27:827][153]LogOnline: OSS: Creating online subsystem instance for: :Context_13
[2025.11.25-18.52.27:831][153]PIE: Server logged in
[2025.11.25-18.52.27:832][153]PIE: Play in editor total start time 0.131 seconds.
[2025.11.25-18.52.29:316][239]LogSlate: Updating window title bar state: overlay mode, drag disabled, window buttons hidden, title bar hidden
[2025.11.25-18.52.29:316][239]LogWorld: BeginTearingDown for /Game/Mapas/Fases/MapadeTeste/UEDPIE_0_MapadeTeste
[2025.11.25-18.52.29:317][239]LogWorld: UWorld::CleanupWorld for MapadeTeste, bSessionEnded=true, bCleanupResources=true
[2025.11.25-18.52.29:317][239]LogSlate: InvalidateAllWidgets triggered.  All widgets were invalidated
[2025.11.25-18.52.29:326][239]LogPlayLevel: Display: Shutting down PIE online subsystems
[2025.11.25-18.52.29:328][239]LogSlate: InvalidateAllWidgets triggered.  All widgets were invalidated
[2025.11.25-18.52.29:335][239]LogAudio: Display: Audio Device unregistered from world 'None'.
[2025.11.25-18.52.29:335][239]LogAudioMixer: FMixerPlatformXAudio2::StopAudioStream() called
[2025.11.25-18.52.29:336][239]LogAudioMixer: FMixerPlatformXAudio2::StopAudioStream() called
[2025.11.25-18.52.29:339][239]LogSlate: Updating window title bar state: overlay mode, drag disabled, window buttons hidden, title bar hidden
[2025.11.25-18.52.29:340][239]LogUObjectHash: Compacting FUObjectHashTables data took   0.81ms
[2025.11.25-18.52.29:393][241]LogPlayLevel: Display: Destroying online subsystem :Context_13
[2025.11.25-18.52.34:744][560]LogEditorViewport: Clicking Background
[2025.11.25-18.52.39:541][805]Cmd: TRANSACTION UNDO
[2025.11.25-18.52.39:541][805]LogEditorTransaction: Undo Move Actors
[2025.11.25-18.52.39:891][812]Cmd: TRANSACTION UNDO
[2025.11.25-18.52.39:891][812]LogEditorTransaction: Undo Move Actors
[2025.11.25-18.52.41:138][878]Cmd: TRANSACTION UNDO
[2025.11.25-18.52.41:138][878]LogEditorTransaction: Undo Move Actors
[2025.11.25-18.52.41:706][910]Cmd: TRANSACTION UNDO
[2025.11.25-18.52.41:706][910]LogEditorTransaction: Undo Select Brush Surface
[2025.11.25-18.52.42:358][947]Cmd: TRANSACTION UNDO
[2025.11.25-18.52.42:358][947]LogEditorTransaction: Undo Clicking Background
[2025.11.25-18.52.42:771][969]Cmd: TRANSACTION UNDO
[2025.11.25-18.52.42:771][969]LogEditorTransaction: Undo Select Brush Surface
[2025.11.25-18.52.43:169][992]Cmd: TRANSACTION UNDO
[2025.11.25-18.52.43:169][992]LogEditorTransaction: Undo Clicking Background
[2025.11.25-18.52.44:339][ 60]Cmd: TRANSACTION UNDO
[2025.11.25-18.52.44:339][ 60]LogEditorTransaction: Undo Edit Tile Pool Size
[2025.11.25-18.52.44:525][ 69]Cmd: TRANSACTION UNDO
[2025.11.25-18.52.44:525][ 69]LogEditorTransaction: Undo Edit Fixed Tile Pool Size
[2025.11.25-18.52.44:685][ 76]Cmd: TRANSACTION UNDO
[2025.11.25-18.52.44:685][ 76]LogEditorTransaction: Undo Edit Sort Navigation Areas by Cost
[2025.11.25-18.52.44:819][ 81]Cmd: TRANSACTION UNDO
[2025.11.25-18.52.44:819][ 81]LogEditorTransaction: Undo Scale Actors
[2025.11.25-18.52.44:977][ 88]Cmd: TRANSACTION UNDO
[2025.11.25-18.52.44:977][ 88]LogEditorTransaction: Undo Scale Actors
[2025.11.25-18.52.45:153][ 97]Cmd: TRANSACTION UNDO
[2025.11.25-18.52.45:153][ 97]LogEditorTransaction: Undo Scale Actors
[2025.11.25-18.52.45:306][104]Cmd: TRANSACTION UNDO
[2025.11.25-18.52.45:306][104]LogEditorTransaction: Undo Select Brush Surface
[2025.11.25-18.52.45:470][111]Cmd: TRANSACTION UNDO
[2025.11.25-18.52.45:470][111]LogEditorTransaction: Undo Scale Actors
[2025.11.25-18.52.45:598][116]Cmd: TRANSACTION UNDO
[2025.11.25-18.52.45:598][116]LogEditorTransaction: Undo Scale Actors
[2025.11.25-18.52.45:740][123]Cmd: TRANSACTION UNDO
[2025.11.25-18.52.45:740][123]LogEditorTransaction: Undo Scale Actors
[2025.11.25-18.52.45:899][131]Cmd: TRANSACTION UNDO
[2025.11.25-18.52.45:899][131]LogEditorTransaction: Undo Scale Actors
[2025.11.25-18.52.46:023][137]Cmd: TRANSACTION UNDO
[2025.11.25-18.52.46:023][137]LogEditorTransaction: Undo Scale Actors
[2025.11.25-18.52.46:165][144]Cmd: TRANSACTION UNDO
[2025.11.25-18.52.46:165][144]LogEditorTransaction: Undo Scale Actors
[2025.11.25-18.52.47:240][207]Cmd: TRANSACTION UNDO
[2025.11.25-18.52.47:240][207]LogEditorTransaction: Undo Scale Actors
[2025.11.25-18.52.47:399][215]Cmd: TRANSACTION UNDO
[2025.11.25-18.52.47:399][215]LogEditorTransaction: Undo Scale Actors
[2025.11.25-18.52.47:541][222]Cmd: TRANSACTION UNDO
[2025.11.25-18.52.47:541][222]LogEditorTransaction: Undo Scale Actors
[2025.11.25-18.52.47:700][230]Cmd: TRANSACTION UNDO
[2025.11.25-18.52.47:700][230]LogEditorTransaction: Undo Scale Actors
[2025.11.25-18.52.47:838][237]Cmd: TRANSACTION UNDO
[2025.11.25-18.52.47:838][237]LogEditorTransaction: Undo Scale Actors
[2025.11.25-18.52.47:979][244]Cmd: TRANSACTION UNDO
[2025.11.25-18.52.47:979][244]LogEditorTransaction: Undo Clicking on Actors
[2025.11.25-18.52.48:124][250]Cmd: TRANSACTION UNDO
[2025.11.25-18.52.48:124][250]LogEditorTransaction: Undo Edit Merge Region Size
[2025.11.25-18.52.48:258][255]Cmd: TRANSACTION UNDO
[2025.11.25-18.52.48:258][255]LogEditorTransaction: Undo Select Brush Surface
[2025.11.25-18.52.48:409][263]Cmd: TRANSACTION UNDO
[2025.11.25-18.52.48:409][263]LogEditorTransaction: Undo Edit Agent Max Step Height
[2025.11.25-18.52.48:555][271]Cmd: TRANSACTION UNDO
[2025.11.25-18.52.48:555][271]LogEditorTransaction: Undo Edit Agent Max Slope
[2025.11.25-18.52.48:722][281]Cmd: TRANSACTION UNDO
[2025.11.25-18.52.48:722][281]LogEditorTransaction: Undo Edit Agent Max Slope
[2025.11.25-18.52.48:872][290]Cmd: TRANSACTION UNDO
[2025.11.25-18.52.48:872][290]LogEditorTransaction: Undo Edit Agent Max Slope
[2025.11.25-18.52.49:005][298]Cmd: TRANSACTION UNDO
[2025.11.25-18.52.49:005][298]LogEditorTransaction: Undo Clicking Background
[2025.11.25-18.52.49:174][305]Cmd: TRANSACTION UNDO
[2025.11.25-18.52.49:174][305]LogEditorTransaction: Undo Select Brush Surface
[2025.11.25-18.52.49:326][311]Cmd: TRANSACTION UNDO
[2025.11.25-18.52.49:326][311]LogEditorTransaction: Undo Clicking on Actors
[2025.11.25-18.52.49:486][319]Cmd: TRANSACTION UNDO
[2025.11.25-18.52.49:486][319]LogEditorTransaction: Undo Scale Actors
[2025.11.25-18.53.02:705][108]LogEditorViewport: Clicking Background
[2025.11.25-18.53.03:675][166]Cmd: ACTOR SELECT ALL
[2025.11.25-18.53.08:977][446]LogNavigationPoint: PostEditMove Clear paths rebuilt
[2025.11.25-18.53.25:493][383]LogNavigationPoint: PostEditMove Clear paths rebuilt
[2025.11.25-18.53.30:304][626]LogTemp: Repeating last play command: Selected Viewport
[2025.11.25-18.53.30:314][626]LogPlayLevel: PlayLevel: No blueprints needed recompiling
[2025.11.25-18.53.30:314][626]PIE: New page: PIE session: MapadeTeste (Nov 25, 2025, 12:53:30 PM)
[2025.11.25-18.53.30:362][626]LogPlayLevel: Creating play world package: /Game/Mapas/Fases/MapadeTeste/UEDPIE_0_MapadeTeste
[2025.11.25-18.53.30:386][626]LogPlayLevel: PIE: StaticDuplicateObject took: (0.024286s)
[2025.11.25-18.53.30:387][626]LogAIModule: Creating AISystem for world MapadeTeste
[2025.11.25-18.53.30:387][626]LogPlayLevel: PIE: World Init took: (0.001124s)
[2025.11.25-18.53.30:387][626]LogPlayLevel: PIE: Created PIE world by copying editor world from /Game/Mapas/Fases/MapadeTeste/MapadeTeste.MapadeTeste to /Game/Mapas/Fases/MapadeTeste/UEDPIE_0_MapadeTeste.MapadeTeste (0.025602s)
[2025.11.25-18.53.30:396][626]LogUObjectHash: Compacting FUObjectHashTables data took   0.84ms
[2025.11.25-18.53.30:424][626]LogAudio: Display: Creating Audio Device:                 Id: 13, Scope: Unique, Realtime: True
[2025.11.25-18.53.30:424][626]LogAudioMixer: Display: Audio Mixer Platform Settings:
[2025.11.25-18.53.30:424][626]LogAudioMixer: Display: 	Sample Rate:						  48000
[2025.11.25-18.53.30:424][626]LogAudioMixer: Display: 	Callback Buffer Frame Size Requested: 1024
[2025.11.25-18.53.30:424][626]LogAudioMixer: Display: 	Callback Buffer Frame Size To Use:	  1024
[2025.11.25-18.53.30:424][626]LogAudioMixer: Display: 	Number of buffers to queue:			  2
[2025.11.25-18.53.30:424][626]LogAudioMixer: Display: 	Max Channels (voices):				  32
[2025.11.25-18.53.30:424][626]LogAudioMixer: Display: 	Number of Async Source Workers:		  0
[2025.11.25-18.53.30:424][626]LogAudio: Display: AudioDevice MaxSources: 32
[2025.11.25-18.53.30:424][626]LogAudio: Display: Audio Spatialization Plugin: None (built-in).
[2025.11.25-18.53.30:424][626]LogAudio: Display: Audio Reverb Plugin: None (built-in).
[2025.11.25-18.53.30:424][626]LogAudio: Display: Audio Occlusion Plugin: None (built-in).
[2025.11.25-18.53.30:424][626]LogAudioMixer: Display: Initializing audio mixer.
[2025.11.25-18.53.30:430][626]LogAudioMixer: Display: 0: FrontLeft
[2025.11.25-18.53.30:430][626]LogAudioMixer: Display: 1: FrontRight
[2025.11.25-18.53.30:439][626]LogAudioMixer: Display: Using Audio Device Alto-falantes (Realtek(R) Audio)
[2025.11.25-18.53.30:439][626]LogAudioMixer: Display: Initializing Sound Submixes...
[2025.11.25-18.53.30:439][626]LogAudioMixer: Display: Creating Master Submix 'MasterSubmixDefault'
[2025.11.25-18.53.30:439][626]LogAudioMixer: Display: Creating Master Submix 'MasterReverbSubmixDefault'
[2025.11.25-18.53.30:439][626]LogAudioMixer: Display: Creating Master Submix 'MasterEQSubmixDefault'
[2025.11.25-18.53.30:440][626]LogAudioMixer: FMixerPlatformXAudio2::StartAudioStream() called
[2025.11.25-18.53.30:440][626]LogAudioMixer: Display: Output buffers initialized: Frames=1024, Channels=2, Samples=2048
[2025.11.25-18.53.30:441][626]LogAudioMixer: Display: Starting AudioMixerPlatformInterface::RunInternal()
[2025.11.25-18.53.30:441][626]LogAudioMixer: Display: FMixerPlatformXAudio2::SubmitBuffer() called for the first time
[2025.11.25-18.53.30:441][626]LogInit: FAudioDevice initialized.
[2025.11.25-18.53.30:441][626]LogAudio: Display: Audio Device (ID: 13) registered with world 'MapadeTeste'.
[2025.11.25-18.53.30:450][626]LogLoad: Game class is 'GameModeRL_C'
[2025.11.25-18.53.30:451][626]LogWorld: Bringing World /Game/Mapas/Fases/MapadeTeste/UEDPIE_0_MapadeTeste.MapadeTeste up for play (max tick rate 60) at 2025.11.25-15.53.30
[2025.11.25-18.53.30:453][626]LogWorld: Bringing up level for play took: 0.001850
[2025.11.25-18.53.30:453][626]LogNavigation: Warning: NavData RegistrationFailed_AgentNotValid, NavData instance contains navmesh that doesn't support any of expected agent types.
[2025.11.25-18.53.30:453][626]LogOnline: OSS: Creating online subsystem instance for: :Context_14
[2025.11.25-18.53.30:457][626]PIE: Server logged in
[2025.11.25-18.53.30:458][626]PIE: Play in editor total start time 0.147 seconds.
[2025.11.25-18.53.35:006][896]LogSlate: Updating window title bar state: overlay mode, drag disabled, window buttons hidden, title bar hidden
[2025.11.25-18.53.35:007][896]LogWorld: BeginTearingDown for /Game/Mapas/Fases/MapadeTeste/UEDPIE_0_MapadeTeste
[2025.11.25-18.53.35:007][896]LogWorld: UWorld::CleanupWorld for MapadeTeste, bSessionEnded=true, bCleanupResources=true
[2025.11.25-18.53.35:007][896]LogSlate: InvalidateAllWidgets triggered.  All widgets were invalidated
[2025.11.25-18.53.35:021][896]LogPlayLevel: Display: Shutting down PIE online subsystems
[2025.11.25-18.53.35:033][896]LogSlate: InvalidateAllWidgets triggered.  All widgets were invalidated
[2025.11.25-18.53.35:039][896]LogAudio: Display: Audio Device unregistered from world 'None'.
[2025.11.25-18.53.35:039][896]LogAudioMixer: FMixerPlatformXAudio2::StopAudioStream() called
[2025.11.25-18.53.35:041][896]LogAudioMixer: FMixerPlatformXAudio2::StopAudioStream() called
[2025.11.25-18.53.35:043][896]LogSlate: Updating window title bar state: overlay mode, drag disabled, window buttons hidden, title bar hidden
[2025.11.25-18.53.35:045][896]LogUObjectHash: Compacting FUObjectHashTables data took   0.80ms
[2025.11.25-18.53.35:074][897]LogPlayLevel: Display: Destroying online subsystem :Context_14
[2025.11.25-18.53.40:152][200]Cmd: TRANSACTION UNDO
[2025.11.25-18.53.40:152][200]LogEditorTransaction: Undo Scale Actors
[2025.11.25-18.53.40:575][205]Cmd: TRANSACTION UNDO
[2025.11.25-18.53.40:575][205]LogEditorTransaction: Undo Scale Actors
[2025.11.25-18.53.41:561][237]LogEditorViewport: Clicking Background
[2025.11.25-18.54.03:799][740]LogEditorViewport: Clicking on Actor (LMB): NavMeshBoundsVolume (NavMeshBoundsVolume)
[2025.11.25-18.54.12:265][244]Cmd: TRANSACTION UNDO
[2025.11.25-18.54.12:265][244]LogEditorTransaction: Undo Rotate Actors
[2025.11.25-18.54.12:722][256]Cmd: TRANSACTION UNDO
[2025.11.25-18.54.12:722][256]LogEditorTransaction: Undo Clicking on Actors
[2025.11.25-18.54.14:605][365]LogEditorViewport: Clicking Background
[2025.11.25-18.54.15:156][398]LogEditorViewport: Clicking on Actor (LMB): NavMeshBoundsVolume (NavMeshBoundsVolume)
[2025.11.25-18.54.15:704][429]Cmd: TRANSACTION UNDO
[2025.11.25-18.54.15:704][429]LogEditorTransaction: Undo Clicking on Actors
[2025.11.25-18.54.16:971][505]Cmd: TRANSACTION UNDO
[2025.11.25-18.54.16:971][505]LogEditorTransaction: Undo Clicking Background
[2025.11.25-18.54.18:187][574]Cmd: TRANSACTION UNDO
[2025.11.25-18.54.18:187][574]LogEditorTransaction: Undo Select All
[2025.11.25-18.55.55:062][946]Cmd: OBJ SAVEPACKAGE PACKAGE="/Game/Mapas/Fases/MapadeTeste/MapadeTeste" FILE="E:/Unreal/Fumec_DevGames/Content/Mapas/Fases/MapadeTeste/MapadeTeste.umap" SILENT=true AUTOSAVING=false KEEPDIRTY=false
[2025.11.25-18.55.55:070][946]LogUObjectHash: Compacting FUObjectHashTables data took   0.83ms
[2025.11.25-18.55.55:236][946]LogSavePackage: Moving 'E:/Unreal/Fumec_DevGames/Saved/MapadeTesteF195B26C41641130E282CC9692821D9C.tmp' to 'E:/Unreal/Fumec_DevGames/Content/Mapas/Fases/MapadeTeste/MapadeTeste.umap'
[2025.11.25-18.55.55:261][946]Cmd: OBJ SAVEPACKAGE PACKAGE="/Game/Mapas/Fases/MapadeTeste/MapadeTeste_BuiltData" FILE="E:/Unreal/Fumec_DevGames/Content/Mapas/Fases/MapadeTeste/MapadeTeste_BuiltData.uasset" SILENT=true
[2025.11.25-18.55.55:266][946]LogSavePackage: Moving 'E:/Unreal/Fumec_DevGames/Saved/MapadeTeste_BuiltData237607C94014BDB866183C979D471938.tmp' to 'E:/Unreal/Fumec_DevGames/Content/Mapas/Fases/MapadeTeste/MapadeTeste_BuiltData.uasset'
[2025.11.25-18.55.55:281][946]AssetCheck: New page: Asset Save: multiple assets
[2025.11.25-18.55.55:281][946]LogContentValidation: Display: Validating MapBuildDataRegistry /Game/Mapas/Fases/MapadeTeste/MapadeTeste_BuiltData.MapadeTeste_BuiltData
[2025.11.25-18.55.55:282][946]LogContentValidation: Display: Validating World /Game/Mapas/Fases/MapadeTeste/MapadeTeste.MapadeTeste
[2025.11.25-18.55.56:158][999]LogEditorViewport: Clicking Background
[2025.11.25-18.56.01:379][310]LogEditorViewport: Clicking on Actor (LMB): NavMeshBoundsVolume (NavMeshBoundsVolume)
[2025.11.25-18.56.08:834][752]Cmd: BRUSH ADD SELECTNEWBRUSH
[2025.11.25-18.56.44:925][889]Cmd: DELETE
[2025.11.25-18.56.44:925][889]Cmd: ACTOR DELETE
[2025.11.25-18.56.44:931][889]LogEditorActor: Deleted Actor: Brush
[2025.11.25-18.56.44:938][889]LogUObjectHash: Compacting FUObjectHashTables data took   0.83ms
[2025.11.25-18.56.44:946][889]LogEditorActor: Deleted 1 Actors (0.020 secs)
[2025.11.25-18.56.59:277][681]LogSlate: Window 'New Level' being destroyed
[2025.11.25-18.57.02:295][681]LogSlate: Window 'Save Content' being destroyed
[2025.11.25-18.57.02:301][681]Cmd: MAP LOAD FILE="../../../Engine/Content/Maps/Templates/Template_Default.umap" TEMPLATE=1 SHOWPROGRESS=1 FEATURELEVEL=3
[2025.11.25-18.57.02:337][681]LightingResults: New page: Lighting Build
[2025.11.25-18.57.02:339][681]LoadErrors: New page: Loading map: Template_Default.umap
[2025.11.25-18.57.02:341][681]LogWorld: UWorld::CleanupWorld for MapadeTeste, bSessionEnded=true, bCleanupResources=true
[2025.11.25-18.57.02:341][681]LogNavigation: Error: UNavigationSystemV1::CleanUp still has agents mapped to navigation data after clean up
[2025.11.25-18.57.02:341][681]LogSlate: InvalidateAllWidgets triggered.  All widgets were invalidated
[2025.11.25-18.57.02:341][681]MapCheck: New page: Map Check
[2025.11.25-18.57.02:341][681]LightingResults: New page: Lighting Build
[2025.11.25-18.57.02:348][681]LogAudio: Display: Audio Device unregistered from world 'None'.
[2025.11.25-18.57.02:351][681]LogUObjectHash: Compacting FUObjectHashTables data took   0.83ms
[2025.11.25-18.57.02:363][681]LogTexture: Display: Building textures: DeprecatedTextureEB9CBE3C423008B5E8E130901E171C89 (BGRA8, 128X128)
[2025.11.25-18.57.02:364][681]LogAudio: Display: Audio Device (ID: 1) registered with world 'Untitled_6'.
[2025.11.25-18.57.02:366][681]LogAIModule: Creating AISystem for world Untitled_6
[2025.11.25-18.57.02:434][681]LogEditorServer: Finished looking for orphan Actors (0.000 secs)
[2025.11.25-18.57.02:445][681]LogUObjectHash: Compacting FUObjectHashTables data took   1.27ms
[2025.11.25-18.57.02:450][681]Cmd: MAP CHECKDEP NOCLEARLOG
[2025.11.25-18.57.02:450][681]MapCheck: Map check complete: 0 Error(s), 0 Warning(s), took 0.132ms to complete.
[2025.11.25-18.57.02:450][681]LogFileHelpers: Loading map 'Template_Default' took 0.149
[2025.11.25-18.57.05:248][849]LogEditorViewport: Clicking on Actor (LMB): BP_Sky_Sphere_C (Sky Sphere)
[2025.11.25-18.57.24:678][989]LogEditorViewport: Clicking on Actor (LMB): BP_Sky_Sphere_C (Sky Sphere)
[2025.11.25-18.57.29:320][266]LogEditorViewport: Clicking on Actor (LMB): StaticMeshActor (Floor)
[2025.11.25-18.57.33:411][491]Cmd: TRANSACTION UNDO
[2025.11.25-18.57.33:411][491]LogEditorTransaction: Undo Scale Actors
[2025.11.25-18.59.20:843][738]LogSlate: Window 'Save Level As' being destroyed
[2025.11.25-19.00.50:970][138]LogSlate: Took 0.017693 seconds to synchronously load lazily loaded font '../../../Engine/Content/Slate/Fonts/DroidSansFallback.ttf' (3848K)
[2025.11.25-19.00.50:970][138]LogSlate: Last resort fallback font was requested. Font: '../../../Engine/Content/Slate/Fonts/DroidSansFallback.ttf', Character: '
 (U+000a)'
[2025.11.25-19.00.50:987][138]LogSlate: Took 0.015024 seconds to synchronously load lazily loaded font '../../../Engine/Content/SlateDebug/Fonts/LastResort.ttf' (5269K)
[2025.11.25-19.01.06:317][951]LogSlate: Window 'Save Level As' being destroyed
[2025.11.25-19.05.27:128][150]LogUObjectHash: Compacting FUObjectHashTables data took   0.96ms
[2025.11.25-19.05.29:370][150]LogSlate: Window 'Save Content' being destroyed
[2025.11.25-19.05.29:449][150]LogSlate: Window 'ColunaDoendoSamurai - Unreal Editor' being destroyed
[2025.11.25-19.05.29:702][151]Cmd: QUIT_EDITOR
[2025.11.25-19.05.29:702][151]LogCore: Engine exit requested (reason: UUnrealEdEngine::CloseEditor())
[2025.11.25-19.05.29:709][151]LogCore: Engine exit requested (reason: EngineExit() was called; note: exit was already requested)
[2025.11.25-19.05.30:504][151]LogAudio: Display: Beginning Audio Device Manager Shutdown (Module: AudioMixerXAudio2)...
[2025.11.25-19.05.30:504][151]LogAudio: Display: Destroying 1 Remaining Audio Device(s)...
[2025.11.25-19.05.30:504][151]LogAudio: Display: Audio Device unregistered from world 'Untitled_6'.
[2025.11.25-19.05.30:504][151]LogAudioMixer: FMixerPlatformXAudio2::StopAudioStream() called
[2025.11.25-19.05.30:507][151]LogAudioMixer: FMixerPlatformXAudio2::StopAudioStream() called
[2025.11.25-19.05.30:517][151]LogAudio: Display: Audio Device Manager Shutdown
[2025.11.25-19.05.30:517][151]LogWindowsTextInputMethodSystem: Display: IME system deactivated.
[2025.11.25-19.05.30:524][151]LogExit: Preparing to exit.
[2025.11.25-19.05.30:976][151]LogUObjectHash: Compacting FUObjectHashTables data took   0.93ms
[2025.11.25-19.05.31:265][151]LogActorComponent: UnregisterComponent: (None.None) Not registered. Aborting.
[2025.11.25-19.05.31:266][151]LogActorComponent: UnregisterComponent: (None.None) Not registered. Aborting.
[2025.11.25-19.05.31:266][151]LogActorComponent: UnregisterComponent: (None.None) Not registered. Aborting.
[2025.11.25-19.05.31:266][151]LogActorComponent: UnregisterComponent: (None.None) Not registered. Aborting.
[2025.11.25-19.05.31:266][151]LogActorComponent: UnregisterComponent: (None.None) Not registered. Aborting.
[2025.11.25-19.05.31:266][151]LogActorComponent: UnregisterComponent: (None.None) Not registered. Aborting.
[2025.11.25-19.05.31:266][151]LogActorComponent: UnregisterComponent: (None.None) Not registered. Aborting.
[2025.11.25-19.05.31:266][151]LogWorld: UWorld::CleanupWorld for None, bSessionEnded=true, bCleanupResources=true
[2025.11.25-19.05.31:266][151]LogActorComponent: UnregisterComponent: (None.None) Not registered. Aborting.
[2025.11.25-19.05.31:266][151]LogActorComponent: UnregisterComponent: (None.None) Not registered. Aborting.
[2025.11.25-19.05.31:266][151]LogActorComponent: UnregisterComponent: (None.None) Not registered. Aborting.
[2025.11.25-19.05.31:266][151]LogActorComponent: UnregisterComponent: (None.None) Not registered. Aborting.
[2025.11.25-19.05.31:266][151]LogActorComponent: UnregisterComponent: (None.None) Not registered. Aborting.
[2025.11.25-19.05.31:266][151]LogActorComponent: UnregisterComponent: (None.None) Not registered. Aborting.
[2025.11.25-19.05.31:266][151]LogActorComponent: UnregisterComponent: (None.None) Not registered. Aborting.
[2025.11.25-19.05.31:266][151]LogWorld: UWorld::CleanupWorld for None, bSessionEnded=true, bCleanupResources=true
[2025.11.25-19.05.31:315][151]LogExit: Editor shut down
[2025.11.25-19.05.31:316][151]LogExit: Transaction tracking system shut down
[2025.11.25-19.05.31:319][151]LogDemo: Cleaned up 0 splitscreen connections with owner deletion
[2025.11.25-19.05.31:593][151]LogExit: Object subsystem successfully closed.
[2025.11.25-19.05.31:619][151]LogShaderCompilers: Display: === FShaderJobCache stats ===
[2025.11.25-19.05.31:619][151]LogShaderCompilers: Display: Total job queries 0, among them cache hits 0 (0.00%)
[2025.11.25-19.05.31:619][151]LogShaderCompilers: Display: Tracking 0 distinct input hashes that result in 0 distinct outputs (0.00%)
[2025.11.25-19.05.31:619][151]LogShaderCompilers: Display: RAM used: 0.00 MB (0.00 GB) of 716.80 MB (0.70 GB) budget. Usage: 0.00%
[2025.11.25-19.05.31:619][151]LogShaderCompilers: Display: ================================================
[2025.11.25-19.05.31:631][151]LogShaderCompilers: Display: Shaders left to compile 0
[2025.11.25-19.05.31:675][151]LogModuleManager: Shutting down and abandoning module NewLevelDialog (878)
[2025.11.25-19.05.31:675][151]LogModuleManager: Shutting down and abandoning module MovieSceneCapture (876)
[2025.11.25-19.05.31:675][151]LogModuleManager: Shutting down and abandoning module Voice (874)
[2025.11.25-19.05.31:675][151]LogModuleManager: Shutting down and abandoning module HierarchicalLODOutliner (872)
[2025.11.25-19.05.31:675][151]LogModuleManager: Shutting down and abandoning module SceneOutliner (870)
[2025.11.25-19.05.31:675][151]LogModuleManager: Shutting down and abandoning module AddContentDialog (868)
[2025.11.25-19.05.31:677][151]LogModuleManager: Shutting down and abandoning module WidgetCarousel (867)
[2025.11.25-19.05.31:677][151]LogModuleManager: Shutting down and abandoning module EditorWidgets (864)
[2025.11.25-19.05.31:677][151]LogModuleManager: Shutting down and abandoning module ExternalImagePicker (862)
[2025.11.25-19.05.31:677][151]LogModuleManager: Shutting down and abandoning module StatsViewer (860)
[2025.11.25-19.05.31:677][151]LogModuleManager: Shutting down and abandoning module PIEPreviewDeviceProfileSelector (858)
[2025.11.25-19.05.31:677][151]LogModuleManager: Shutting down and abandoning module SequenceRecorderSections (856)
[2025.11.25-19.05.31:677][151]LogModuleManager: Shutting down and abandoning module AutomationWorker (854)
[2025.11.25-19.05.31:677][151]LogModuleManager: Shutting down and abandoning module SteamVREditor (852)
[2025.11.25-19.05.31:677][151]LogModuleManager: Shutting down and abandoning module OculusMR (850)
[2025.11.25-19.05.31:677][151]LogModuleManager: Shutting down and abandoning module CameraShakePreviewer (848)
[2025.11.25-19.05.31:677][151]LogModuleManager: Shutting down and abandoning module TakeRecorderSources (846)
[2025.11.25-19.05.31:677][151]LogModuleManager: Shutting down and abandoning module TakeRecorder (845)
[2025.11.25-19.05.31:677][151]LogModuleManager: Shutting down and abandoning module TakeTrackRecorders (842)
[2025.11.25-19.05.31:677][151]LogModuleManager: Shutting down and abandoning module TakesCore (840)
[2025.11.25-19.05.31:677][151]LogModuleManager: Shutting down and abandoning module OpenXRInput (838)
[2025.11.25-19.05.31:677][151]LogModuleManager: Shutting down and abandoning module GooglePADEditor (836)
[2025.11.25-19.05.31:677][151]LogModuleManager: Shutting down and abandoning module AudioCaptureEditor (834)
[2025.11.25-19.05.31:677][151]LogModuleManager: Shutting down and abandoning module TemplateSequenceEditor (832)
[2025.11.25-19.05.31:677][151]LogModuleManager: Shutting down and abandoning module LevelSequenceEditor (830)
[2025.11.25-19.05.31:677][151]LogModuleManager: Shutting down and abandoning module MatineeToLevelSequence (828)
[2025.11.25-19.05.31:677][151]LogModuleManager: Shutting down and abandoning module ActorSequenceEditor (826)
[2025.11.25-19.05.31:678][151]LogModuleManager: Shutting down and abandoning module WmfMediaFactory (824)
[2025.11.25-19.05.31:678][151]LogModuleManager: Shutting down and abandoning module WmfMediaEditor (822)
[2025.11.25-19.05.31:678][151]LogModuleManager: Shutting down and abandoning module WebMMediaFactory (820)
[2025.11.25-19.05.31:678][151]LogModuleManager: Shutting down and abandoning module WebMMediaEditor (818)
[2025.11.25-19.05.31:678][151]LogModuleManager: Shutting down and abandoning module WebMMedia (816)
[2025.11.25-19.05.31:678][151]LogModuleManager: Shutting down and abandoning module MediaPlayerEditor (814)
[2025.11.25-19.05.31:678][151]LogModuleManager: Shutting down and abandoning module MediaCompositingEditor (812)
[2025.11.25-19.05.31:678][151]LogModuleManager: Shutting down and abandoning module SequenceRecorder (811)
[2025.11.25-19.05.31:678][151]LogModuleManager: Shutting down and abandoning module OpenExrWrapper (808)
[2025.11.25-19.05.31:678][151]LogModuleManager: Shutting down and abandoning module ImgMediaFactory (806)
[2025.11.25-19.05.31:678][151]LogModuleManager: Shutting down and abandoning module ImgMediaEditor (804)
[2025.11.25-19.05.31:678][151]LogModuleManager: Shutting down and abandoning module AvfMediaFactory (802)
[2025.11.25-19.05.31:678][151]LogModuleManager: Shutting down and abandoning module AvfMediaEditor (800)
[2025.11.25-19.05.31:678][151]LogModuleManager: Shutting down and abandoning module AndroidMediaFactory (798)
[2025.11.25-19.05.31:678][151]LogModuleManager: Shutting down and abandoning module AndroidMediaEditor (796)
[2025.11.25-19.05.31:678][151]LogModuleManager: Shutting down and abandoning module MagicLeapMediaCodecFactory (794)
[2025.11.25-19.05.31:678][151]LogModuleManager: Shutting down and abandoning module MagicLeapMediaFactory (792)
[2025.11.25-19.05.31:678][151]LogModuleManager: Shutting down and abandoning module MagicLeapMediaEditor (790)
[2025.11.25-19.05.31:678][151]LogModuleManager: Shutting down and abandoning module PlanarCut (788)
[2025.11.25-19.05.31:678][151]LogModuleManager: Shutting down and abandoning module CharacterAI (786)
[2025.11.25-19.05.31:678][151]LogModuleManager: Shutting down and abandoning module TextureAlignMode (784)
[2025.11.25-19.05.31:678][151]LogModuleManager: Shutting down and abandoning module BspMode (782)
[2025.11.25-19.05.31:678][151]LogModuleManager: Shutting down and abandoning module GeometryMode (780)
[2025.11.25-19.05.31:678][151]LogModuleManager: Shutting down and abandoning module SmartSnapping (778)
[2025.11.25-19.05.31:678][151]LogModuleManager: Shutting down and abandoning module SessionServices (776)
[2025.11.25-19.05.31:678][151]LogModuleManager: Shutting down and abandoning module MeshPaint (774)
[2025.11.25-19.05.31:678][151]LogModuleManager: Shutting down and abandoning module VirtualTexturingEditor (772)
[2025.11.25-19.05.31:678][151]LogModuleManager: Shutting down and abandoning module FoliageEdit (770)
[2025.11.25-19.05.31:678][151]LogModuleManager: Shutting down and abandoning module LandscapeEditor (768)
[2025.11.25-19.05.31:678][151]LogModuleManager: Shutting down and abandoning module MeshPaintMode (766)
[2025.11.25-19.05.31:678][151]LogModuleManager: Shutting down and abandoning module SceneDepthPickerMode (764)
[2025.11.25-19.05.31:678][151]LogModuleManager: Shutting down and abandoning module ActorPickerMode (762)
[2025.11.25-19.05.31:678][151]LogModuleManager: Shutting down and abandoning module PlacementMode (760)
[2025.11.25-19.05.31:679][151]LogModuleManager: Shutting down and abandoning module ViewportSnapping (758)
[2025.11.25-19.05.31:679][151]LogModuleManager: Shutting down and abandoning module ViewportInteraction (756)
[2025.11.25-19.05.31:679][151]LogModuleManager: Shutting down and abandoning module ClothPainter (754)
[2025.11.25-19.05.31:679][151]LogModuleManager: Shutting down and abandoning module SkeletalMeshEditor (753)
[2025.11.25-19.05.31:679][151]LogModuleManager: Shutting down and abandoning module LogVisualizer (750)
[2025.11.25-19.05.31:679][151]LogModuleManager: Shutting down and abandoning module IntroTutorials (748)
[2025.11.25-19.05.31:679][151]LogModuleManager: Shutting down and abandoning module GameProjectGeneration (747)
[2025.11.25-19.05.31:679][151]LogModuleManager: Shutting down and abandoning module LuminPlatformEditor (744)
[2025.11.25-19.05.31:679][151]LogModuleManager: Shutting down and abandoning module IOSPlatformEditor (742)
[2025.11.25-19.05.31:679][151]LogModuleManager: Shutting down and abandoning module AndroidPlatformEditor (740)
[2025.11.25-19.05.31:679][151]LogModuleManager: Shutting down and abandoning module AndroidDeviceDetection (739)
[2025.11.25-19.05.31:801][151]LogModuleManager: Shutting down and abandoning module WindowsPlatformEditor (736)
[2025.11.25-19.05.31:801][151]LogModuleManager: Shutting down and abandoning module LuminRuntimeSettings (734)
[2025.11.25-19.05.31:801][151]LogModuleManager: Shutting down and abandoning module IOSRuntimeSettings (732)
[2025.11.25-19.05.31:801][151]LogModuleManager: Shutting down and abandoning module AndroidRuntimeSettings (730)
[2025.11.25-19.05.31:801][151]LogModuleManager: Shutting down and abandoning module TraceInsights (728)
[2025.11.25-19.05.31:801][151]MemoryProfiler: Shutdown
[2025.11.25-19.05.31:801][151]NetworkingProfiler: Shutdown
[2025.11.25-19.05.31:801][151]LoadingProfiler: Shutdown
[2025.11.25-19.05.31:801][151]TimingProfiler: Shutdown
[2025.11.25-19.05.31:801][151]LogModuleManager: Shutting down and abandoning module TraceServices (727)
[2025.11.25-19.05.31:801][151]LogModuleManager: Shutting down and abandoning module EditorInteractiveToolsFramework (724)
[2025.11.25-19.05.31:801][151]LogModuleManager: Shutting down and abandoning module TimeManagementEditor (722)
[2025.11.25-19.05.31:801][151]LogModuleManager: Shutting down and abandoning module InputBindingEditor (720)
[2025.11.25-19.05.31:801][151]LogModuleManager: Shutting down and abandoning module MergeActors (718)
[2025.11.25-19.05.31:801][151]LogModuleManager: Shutting down and abandoning module LocalizationDashboard (716)
[2025.11.25-19.05.31:801][151]LogModuleManager: Shutting down and abandoning module LocalizationService (715)
[2025.11.25-19.05.31:802][151]LogModuleManager: Shutting down and abandoning module HardwareTargeting (712)
[2025.11.25-19.05.31:802][151]LogModuleManager: Shutting down and abandoning module DeviceProfileEditor (710)
[2025.11.25-19.05.31:802][151]LogModuleManager: Shutting down and abandoning module UndoHistory (708)
[2025.11.25-19.05.31:802][151]LogModuleManager: Shutting down and abandoning module XmlParser (706)
[2025.11.25-19.05.31:802][151]LogModuleManager: Shutting down and abandoning module Blutility (704)
[2025.11.25-19.05.31:802][151]LogModuleManager: Shutting down and abandoning module ProjectSettingsViewer (702)
[2025.11.25-19.05.31:802][151]LogModuleManager: Shutting down and abandoning module ProjectTargetPlatformEditor (701)
[2025.11.25-19.05.31:802][151]LogModuleManager: Shutting down and abandoning module EditorSettingsViewer (698)
[2025.11.25-19.05.31:802][151]LogModuleManager: Shutting down and abandoning module InternationalizationSettings (697)
[2025.11.25-19.05.31:802][151]LogModuleManager: Shutting down and abandoning module SettingsEditor (694)
[2025.11.25-19.05.31:802][151]LogModuleManager: Shutting down and abandoning module ProjectLauncher (692)
[2025.11.25-19.05.31:802][151]LogModuleManager: Shutting down and abandoning module SessionFrontend (690)
[2025.11.25-19.05.31:802][151]LogModuleManager: Shutting down and abandoning module ProfilerClient (688)
[2025.11.25-19.05.31:802][151]LogModuleManager: Shutting down and abandoning module DeviceManager (686)
[2025.11.25-19.05.31:802][151]LogModuleManager: Shutting down and abandoning module TargetDeviceServices (685)
[2025.11.25-19.05.31:834][151]LogModuleManager: Shutting down and abandoning module AutomationController (682)
[2025.11.25-19.05.31:834][151]LogModuleManager: Shutting down and abandoning module AutomationWindow (680)
[2025.11.25-19.05.31:834][151]LogModuleManager: Shutting down and abandoning module Layers (678)
[2025.11.25-19.05.31:834][151]LogModuleManager: Shutting down and abandoning module ComponentVisualizers (676)
[2025.11.25-19.05.31:834][151]LogModuleManager: Shutting down and abandoning module DetailCustomizations (674)
[2025.11.25-19.05.31:834][151]LogModuleManager: Shutting down and abandoning module PackagesDialog (672)
[2025.11.25-19.05.31:835][151]LogModuleManager: Shutting down and abandoning module AnimationBlueprintEditor (670)
[2025.11.25-19.05.31:835][151]LogModuleManager: Shutting down and abandoning module Persona (668)
[2025.11.25-19.05.31:835][151]LogModuleManager: Shutting down and abandoning module AdvancedPreviewScene (667)
[2025.11.25-19.05.31:835][151]LogModuleManager: Shutting down and abandoning module AnimGraph (665)
[2025.11.25-19.05.31:835][151]LogModuleManager: Shutting down and abandoning module Kismet (662)
[2025.11.25-19.05.31:837][151]LogModuleManager: Shutting down and abandoning module KismetWidgets (661)
[2025.11.25-19.05.31:837][151]LogModuleManager: Shutting down and abandoning module GraphEditor (658)
[2025.11.25-19.05.31:837][151]LogModuleManager: Shutting down and abandoning module StructViewer (656)
[2025.11.25-19.05.31:837][151]LogModuleManager: Shutting down and abandoning module ClassViewer (654)
[2025.11.25-19.05.31:839][151]LogModuleManager: Shutting down and abandoning module Toolbox (652)
[2025.11.25-19.05.31:839][151]LogModuleManager: Shutting down and abandoning module ModuleUI (650)
[2025.11.25-19.05.31:839][151]LogModuleManager: Shutting down and abandoning module OutputLog (648)
[2025.11.25-19.05.31:840][151]LogModuleManager: Shutting down and abandoning module GammaUI (646)
[2025.11.25-19.05.31:840][151]LogModuleManager: Shutting down and abandoning module Documentation (644)
[2025.11.25-19.05.31:841][151]LogModuleManager: Shutting down and abandoning module LiveCoding (642)
[2025.11.25-19.05.31:841][151]LogModuleManager: Shutting down and abandoning module LevelSequence (640)
[2025.11.25-19.05.31:841][151]LogModuleManager: Shutting down and abandoning module MovieSceneTracks (638)
[2025.11.25-19.05.31:841][151]LogModuleManager: Shutting down and abandoning module MovieScene (636)
[2025.11.25-19.05.31:841][151]LogModuleManager: Shutting down and abandoning module StreamingPauseRendering (634)
[2025.11.25-19.05.31:841][151]LogModuleManager: Shutting down and abandoning module LauncherPlatform (632)
[2025.11.25-19.05.31:841][151]LogModuleManager: Shutting down and abandoning module AnalyticsET (630)
[2025.11.25-19.05.31:841][151]LogModuleManager: Shutting down and abandoning module PortalServices (628)
[2025.11.25-19.05.31:841][151]LogModuleManager: Shutting down and abandoning module PortalRpc (626)
[2025.11.25-19.05.31:841][151]LogModuleManager: Shutting down and abandoning module MessagingRpc (624)
[2025.11.25-19.05.31:841][151]LogModuleManager: Shutting down and abandoning module AudioMixerXAudio2 (622)
[2025.11.25-19.05.31:841][151]LogModuleManager: Shutting down and abandoning module AudioMixerCore (621)
[2025.11.25-19.05.31:841][151]LogModuleManager: Shutting down and abandoning module AIModule (618)
[2025.11.25-19.05.31:841][151]LogModuleManager: Shutting down and abandoning module GameplayDebugger (617)
[2025.11.25-19.05.31:841][151]LogModuleManager: Shutting down and abandoning module AITestSuite (615)
[2025.11.25-19.05.31:841][151]LogModuleManager: Shutting down and abandoning module NavigationSystem (613)
[2025.11.25-19.05.31:841][151]LogModuleManager: Shutting down and abandoning module ImageWriteQueue (610)
[2025.11.25-19.05.31:841][151]LogModuleManager: Shutting down and abandoning module ProfilerService (608)
[2025.11.25-19.05.31:999][151]LogModuleManager: Shutting down and abandoning module TaskGraph (606)
[2025.11.25-19.05.31:999][151]LogModuleManager: Shutting down and abandoning module AudioSynesthesiaEditor (604)
[2025.11.25-19.05.31:999][151]LogModuleManager: Shutting down and abandoning module OculusEditor (602)
[2025.11.25-19.05.31:999][151]LogModuleManager: Shutting down and abandoning module OculusInput (600)
[2025.11.25-19.05.31:999][151]LogModuleManager: Shutting down and abandoning module ContentBrowserFileDataSource (598)
[2025.11.25-19.05.31:999][151]LogModuleManager: Shutting down and abandoning module ContentBrowserClassDataSource (596)
[2025.11.25-19.05.31:999][151]LogModuleManager: Shutting down and abandoning module ContentBrowserAssetDataSource (594)
[2025.11.25-19.05.31:999][151]LogModuleManager: Shutting down and abandoning module CollectionManager (593)
[2025.11.25-19.05.31:999][151]LogModuleManager: Shutting down and abandoning module OodleNetworkHandlerComponent (590)
[2025.11.25-19.05.31:999][151]LogModuleManager: Shutting down and abandoning module TakeSequencer (588)
[2025.11.25-19.05.32:000][151]LogModuleManager: Shutting down and abandoning module TakeMovieScene (586)
[2025.11.25-19.05.32:000][151]LogModuleManager: Shutting down and abandoning module SynthesisEditor (584)
[2025.11.25-19.05.32:000][151]LogModuleManager: Shutting down and abandoning module Synthesis (582)
[2025.11.25-19.05.32:000][151]LogModuleManager: Shutting down and abandoning module ProceduralMeshComponentEditor (580)
[2025.11.25-19.05.32:000][151]LogModuleManager: Shutting down and abandoning module ProceduralMeshComponent (578)
[2025.11.25-19.05.32:000][151]LogModuleManager: Shutting down and abandoning module OpenXREditor (576)
[2025.11.25-19.05.32:000][151]LogModuleManager: Shutting down and abandoning module MobilePatchingUtils (574)
[2025.11.25-19.05.32:000][151]LogModuleManager: Shutting down and abandoning module ScreenshotTools (572)
[2025.11.25-19.05.32:000][151]LogModuleManager: Shutting down and abandoning module GooglePAD (570)
[2025.11.25-19.05.32:000][151]LogModuleManager: Shutting down and abandoning module EditableMesh (568)
[2025.11.25-19.05.32:000][151]LogModuleManager: Shutting down and abandoning module CustomMeshComponent (566)
[2025.11.25-19.05.32:000][151]LogModuleManager: Shutting down and abandoning module CableComponent (564)
[2025.11.25-19.05.32:000][151]LogModuleManager: Shutting down and abandoning module AudioCapture (562)
[2025.11.25-19.05.32:000][151]LogModuleManager: Shutting down and abandoning module AudioCaptureRtAudio (561)
[2025.11.25-19.05.32:000][151]LogModuleManager: Shutting down and abandoning module AssetTags (558)
[2025.11.25-19.05.32:000][151]LogModuleManager: Shutting down and abandoning module ArchVisCharacter (556)
[2025.11.25-19.05.32:000][151]LogModuleManager: Shutting down and abandoning module AppleImageUtilsBlueprintSupport (554)
[2025.11.25-19.05.32:000][151]LogModuleManager: Shutting down and abandoning module AppleImageUtils (552)
[2025.11.25-19.05.32:000][151]LogModuleManager: Shutting down and abandoning module AndroidPermission (550)
[2025.11.25-19.05.32:000][151]LogModuleManager: Shutting down and abandoning module ActorLayerUtilitiesEditor (548)
[2025.11.25-19.05.32:000][151]LogModuleManager: Shutting down and abandoning module ActorLayerUtilities (546)
[2025.11.25-19.05.32:000][151]LogModuleManager: Shutting down and abandoning module TemplateSequence (544)
[2025.11.25-19.05.32:000][151]LogModuleManager: Shutting down and abandoning module MediaCompositing (542)
[2025.11.25-19.05.32:000][151]LogModuleManager: Shutting down and abandoning module ImgMedia (540)
[2025.11.25-19.05.32:000][151]LogModuleManager: Shutting down and abandoning module MagicLeapSharedWorld (538)
[2025.11.25-19.05.32:000][151]LogModuleManager: Shutting down and abandoning module MagicLeapLightEstimation (536)
[2025.11.25-19.05.32:000][151]LogModuleManager: Shutting down and abandoning module MagicLeapHelperVulkan (534)
[2025.11.25-19.05.32:000][151]LogModuleManager: Shutting down and abandoning module MagicLeapHelperOpenGL (532)
[2025.11.25-19.05.32:000][151]LogModuleManager: Shutting down and abandoning module MagicLeapAudio (530)
[2025.11.25-19.05.32:000][151]LogModuleManager: Shutting down and abandoning module NiagaraEditorWidgets (528)
[2025.11.25-19.05.32:000][151]LogModuleManager: Shutting down and abandoning module OpenImageDenoise (526)
[2025.11.25-19.05.32:000][151]LogOpenImageDenoise: OIDN shutting down
[2025.11.25-19.05.32:000][151]LogModuleManager: Shutting down and abandoning module MotoSynthEditor (524)
[2025.11.25-19.05.32:000][151]LogModuleManager: Shutting down and abandoning module MotoSynth (522)
[2025.11.25-19.05.32:000][151]LogModuleManager: Shutting down and abandoning module GeometryCollectionTracks (520)
[2025.11.25-19.05.32:000][151]LogModuleManager: Shutting down and abandoning module GeometryCollectionSequencer (519)
[2025.11.25-19.05.32:000][151]LogModuleManager: Shutting down and abandoning module GeometryCollectionEditor (516)
[2025.11.25-19.05.32:000][151]LogModuleManager: Shutting down and abandoning module MeshConversion (514)
[2025.11.25-19.05.32:000][151]LogModuleManager: Shutting down and abandoning module DynamicMesh (512)
[2025.11.25-19.05.32:000][151]LogModuleManager: Shutting down and abandoning module GeometryAlgorithms (510)
[2025.11.25-19.05.32:000][151]LogModuleManager: Shutting down and abandoning module GeometricObjects (508)
[2025.11.25-19.05.32:000][151]LogModuleManager: Shutting down and abandoning module GeometryCacheTracks (506)
[2025.11.25-19.05.32:000][151]LogModuleManager: Shutting down and abandoning module GeometryCacheStreamer (504)
[2025.11.25-19.05.32:000][151]LogModuleManager: Shutting down and abandoning module GeometryCacheSequencer (502)
[2025.11.25-19.05.32:000][151]LogModuleManager: Shutting down and abandoning module ChaosSolverEditor (500)
[2025.11.25-19.05.32:000][151]LogModuleManager: Shutting down and abandoning module ChaosNiagara (498)
[2025.11.25-19.05.32:000][151]LogModuleManager: Shutting down and abandoning module FractureEditor (496)
[2025.11.25-19.05.32:000][151]LogModuleManager: Shutting down and abandoning module FieldSystemEngine (495)
[2025.11.25-19.05.32:000][151]LogModuleManager: Shutting down and abandoning module ChaosClothEditor (492)
[2025.11.25-19.05.32:000][151]LogModuleManager: Shutting down and abandoning module BackChannel (490)
[2025.11.25-19.05.32:000][151]LogModuleManager: Shutting down and abandoning module AutomationUtilsEditor (488)
[2025.11.25-19.05.32:001][151]LogModuleManager: Shutting down and abandoning module AutomationUtils (486)
[2025.11.25-19.05.32:001][151]LogModuleManager: Shutting down and abandoning module AlembicImporter (484)
[2025.11.25-19.05.32:001][151]LogModuleManager: Shutting down and abandoning module AlembicLibrary (483)
[2025.11.25-19.05.32:001][151]LogModuleManager: Shutting down and abandoning module GeometryCache (482)
[2025.11.25-19.05.32:001][151]LogModuleManager: Shutting down and abandoning module GeometryCacheEd (481)
[2025.11.25-19.05.32:001][151]LogModuleManager: Shutting down and abandoning module VisualStudioSourceCodeAccess (476)
[2025.11.25-19.05.32:001][151]LogModuleManager: Shutting down and abandoning module VisualStudioCodeSourceCodeAccess (474)
[2025.11.25-19.05.32:001][151]LogModuleManager: Shutting down and abandoning module UObjectPlugin (472)
[2025.11.25-19.05.32:001][151]LogModuleManager: Shutting down and abandoning module VariantManagerContentEditor (470)
[2025.11.25-19.05.32:001][151]LogModuleManager: Shutting down and abandoning module SubversionSourceControl (468)
[2025.11.25-19.05.32:001][151]LogModuleManager: Shutting down and abandoning module RiderSourceCodeAccess (466)
[2025.11.25-19.05.32:001][151]LogModuleManager: Shutting down and abandoning module PlasticSourceControl (464)
[2025.11.25-19.05.32:001][151]LogModuleManager: Shutting down and abandoning module PluginUtils (462)
[2025.11.25-19.05.32:001][151]LogModuleManager: Shutting down and abandoning module PerforceSourceControl (460)
[2025.11.25-19.05.32:001][151]LogModuleManager: Shutting down and abandoning module GitSourceControl (458)
[2025.11.25-19.05.32:001][151]LogModuleManager: Shutting down and abandoning module SourceControl (457)
[2025.11.25-19.05.32:001][151]LogModuleManager: Shutting down and abandoning module DatasmithContentEditor (454)
[2025.11.25-19.05.32:001][151]LogModuleManager: Shutting down and abandoning module SpeedTreeImporter (452)
[2025.11.25-19.05.32:001][151]LogModuleManager: Shutting down and abandoning module MaterialAnalyzer (450)
[2025.11.25-19.05.32:001][151]LogModuleManager: Shutting down and abandoning module MobileLauncherProfileWizard (448)
[2025.11.25-19.05.32:001][151]LogModuleManager: Shutting down and abandoning module PluginBrowser (446)
[2025.11.25-19.05.32:001][151]LogModuleManager: Shutting down and abandoning module CryptoKeysOpenSSL (444)
[2025.11.25-19.05.32:001][151]LogModuleManager: Shutting down and abandoning module CryptoKeys (442)
[2025.11.25-19.05.32:001][151]LogModuleManager: Shutting down and abandoning module CurveEditorTools (440)
[2025.11.25-19.05.32:001][151]LogModuleManager: Shutting down and abandoning module CLionSourceCodeAccess (438)
[2025.11.25-19.05.32:001][151]LogModuleManager: Shutting down and abandoning module AnimationSharingEd (436)
[2025.11.25-19.05.32:001][151]LogModuleManager: Shutting down and abandoning module LiveLinkSequencer (434)
[2025.11.25-19.05.32:001][151]LogModuleManager: Shutting down and abandoning module LiveLinkMovieScene (432)
[2025.11.25-19.05.32:001][151]LogModuleManager: Shutting down and abandoning module LiveLinkGraphNode (430)
[2025.11.25-19.05.32:001][151]LogModuleManager: Shutting down and abandoning module LiveLinkEditor (428)
[2025.11.25-19.05.32:001][151]LogModuleManager: Shutting down and abandoning module LiveLinkComponents (426)
[2025.11.25-19.05.32:001][151]LogModuleManager: Shutting down and abandoning module LiveLink (424)
[2025.11.25-19.05.32:196][151]LogModuleManager: Shutting down and abandoning module PaperTiledImporter (422)
[2025.11.25-19.05.32:196][151]LogModuleManager: Shutting down and abandoning module PaperSpriteSheetImporter (420)
[2025.11.25-19.05.32:196][151]LogModuleManager: Shutting down and abandoning module Paper2DEditor (418)
[2025.11.25-19.05.32:196][151]LogModuleManager: Shutting down and abandoning module LightPropagationVolumeEditor (416)
[2025.11.25-19.05.32:196][151]LogModuleManager: Shutting down and abandoning module MeshPaintingToolset (414)
[2025.11.25-19.05.32:196][151]LogModuleManager: Shutting down and abandoning module MeshPaintEditorMode (412)
[2025.11.25-19.05.32:196][151]LogModuleManager: Shutting down and abandoning module GameplayCameras (410)
[2025.11.25-19.05.32:196][151]LogModuleManager: Shutting down and abandoning module EnvironmentQueryEditor (408)
[2025.11.25-19.05.32:196][151]LogModuleManager: Shutting down and abandoning module SoundFields (406)
[2025.11.25-19.05.32:196][151]LogModuleManager: Shutting down and abandoning module SignificanceManager (404)
[2025.11.25-19.05.32:196][151]LogModuleManager: Shutting down and abandoning module PropertyAccessEditor (402)
[2025.11.25-19.05.32:196][151]LogModuleManager: Shutting down and abandoning module RuntimePhysXCooking (400)
[2025.11.25-19.05.32:196][151]LogModuleManager: Shutting down and abandoning module PhysXVehiclesEditor (398)
[2025.11.25-19.05.32:196][151]LogModuleManager: Shutting down and abandoning module LocationServicesBPLibrary (394)
[2025.11.25-19.05.32:196][151]LogModuleManager: Shutting down and abandoning module AudioSynesthesia (392)
[2025.11.25-19.05.32:196][151]LogModuleManager: Shutting down and abandoning module AudioSynesthesiaCore (390)
[2025.11.25-19.05.32:196][151]LogModuleManager: Shutting down and abandoning module UdpMessaging (388)
[2025.11.25-19.05.32:298][151]LogModuleManager: Shutting down and abandoning module ActorSequence (386)
[2025.11.25-19.05.32:298][151]LogModuleManager: Shutting down and abandoning module TcpMessaging (384)
[2025.11.25-19.05.32:398][151]LogModuleManager: Shutting down and abandoning module ImgMediaEngine (382)
[2025.11.25-19.05.32:398][151]LogModuleManager: Shutting down and abandoning module MagicLeapARPin (380)
[2025.11.25-19.05.32:398][151]LogModuleManager: Shutting down and abandoning module MagicLeapHandMeshing (378)
[2025.11.25-19.05.32:398][151]LogModuleManager: Shutting down and abandoning module MagicLeapSecureStorage (376)
[2025.11.25-19.05.32:398][151]LogModuleManager: Shutting down and abandoning module MagicLeapPrivileges (374)
[2025.11.25-19.05.32:398][151]LogModuleManager: Shutting down and abandoning module MagicLeapPlanes (372)
[2025.11.25-19.05.32:398][151]LogMagicLeapPlanes: Planes tracker already destroyed.
[2025.11.25-19.05.32:398][151]LogModuleManager: Shutting down and abandoning module MagicLeapImageTracker (370)
[2025.11.25-19.05.32:398][151]LogModuleManager: Shutting down and abandoning module MagicLeapIdentity (368)
[2025.11.25-19.05.32:398][151]LogModuleManager: Shutting down and abandoning module MagicLeapHandTracking (366)
[2025.11.25-19.05.32:398][151]LogModuleManager: Shutting down and abandoning module MagicLeapEyeTracker (364)
[2025.11.25-19.05.32:398][151]LogModuleManager: Shutting down and abandoning module MagicLeapController (362)
[2025.11.25-19.05.32:398][151]LogModuleManager: Shutting down and abandoning module MagicLeapARPinImpl (360)
[2025.11.25-19.05.32:398][151]LogModuleManager: Shutting down and abandoning module MagicLeapAR (358)
[2025.11.25-19.05.32:398][151]LogModuleManager: Shutting down and abandoning module NiagaraAnimNotifies (356)
[2025.11.25-19.05.32:398][151]LogModuleManager: Shutting down and abandoning module Niagara (354)
[2025.11.25-19.05.32:398][151]LogModuleManager: Shutting down and abandoning module SignalProcessing (353)
[2025.11.25-19.05.32:398][151]LogModuleManager: Shutting down and abandoning module NiagaraEditor (351)
[2025.11.25-19.05.32:399][151]LogModuleManager: Shutting down and abandoning module NiagaraCore (348)
[2025.11.25-19.05.32:399][151]LogModuleManager: Shutting down and abandoning module PythonScriptPlugin (346)
[2025.11.25-19.05.32:399][151]LogModuleManager: Shutting down and abandoning module PropertyAccessNode (344)
[2025.11.25-19.05.32:399][151]LogModuleManager: Shutting down and abandoning module GameplayTagsEditor (342)
[2025.11.25-19.05.32:399][151]LogModuleManager: Shutting down and abandoning module FacialAnimationEditor (340)
[2025.11.25-19.05.32:399][151]LogModuleManager: Shutting down and abandoning module FacialAnimation (338)
[2025.11.25-19.05.32:399][151]LogModuleManager: Shutting down and abandoning module DataValidation (336)
[2025.11.25-19.05.32:399][151]LogModuleManager: Shutting down and abandoning module AnimationSharing (334)
[2025.11.25-19.05.32:399][151]LogModuleManager: Shutting down and abandoning module AssetManagerEditor (332)
[2025.11.25-19.05.32:399][151]LogModuleManager: Shutting down and abandoning module LevelEditor (331)
[2025.11.25-19.05.32:402][151]LogModuleManager: Shutting down and abandoning module PixelInspectorModule (330)
[2025.11.25-19.05.32:402][151]LogModuleManager: Shutting down and abandoning module CommonMenuExtensions (328)
[2025.11.25-19.05.32:402][151]LogModuleManager: Shutting down and abandoning module MainFrame (326)
[2025.11.25-19.05.32:402][151]LogModuleManager: Shutting down and abandoning module HotReload (325)
[2025.11.25-19.05.32:403][151]LogModuleManager: Shutting down and abandoning module ToolMenus (321)
[2025.11.25-19.05.32:403][151]LogModuleManager: Shutting down and abandoning module ContentBrowser (319)
[2025.11.25-19.05.32:403][151]LogModuleManager: Shutting down and abandoning module ContentBrowserData (318)
[2025.11.25-19.05.32:403][151]LogModuleManager: Shutting down and abandoning module TreeMap (315)
[2025.11.25-19.05.32:403][151]LogModuleManager: Shutting down and abandoning module Paper2D (312)
[2025.11.25-19.05.32:403][151]LogModuleManager: Shutting down and abandoning module LightPropagationVolumeRuntime (310)
[2025.11.25-19.05.32:403][151]LogModuleManager: Shutting down and abandoning module WindowsMoviePlayer (308)
[2025.11.25-19.05.32:410][151]LogModuleManager: Shutting down and abandoning module WebMMoviePlayer (306)
[2025.11.25-19.05.32:410][151]LogModuleManager: Shutting down and abandoning module NetworkReplayStreaming (304)
[2025.11.25-19.05.32:410][151]LogModuleManager: Shutting down and abandoning module PacketHandler (302)
[2025.11.25-19.05.32:410][151]LogModuleManager: Shutting down and abandoning module ClothingSystemEditor (300)
[2025.11.25-19.05.32:410][151]LogModuleManager: Shutting down and abandoning module ClothingSystemRuntimeNv (298)
[2025.11.25-19.05.32:410][151]LogModuleManager: Shutting down and abandoning module MediaAssets (296)
[2025.11.25-19.05.32:410][151]LogModuleManager: Shutting down and abandoning module Overlay (294)
[2025.11.25-19.05.32:410][151]LogModuleManager: Shutting down and abandoning module OverlayEditor (293)
[2025.11.25-19.05.32:410][151]LogModuleManager: Shutting down and abandoning module VREditor (290)
[2025.11.25-19.05.32:410][151]LogModuleManager: Shutting down and abandoning module StringTableEditor (288)
[2025.11.25-19.05.32:410][151]LogModuleManager: Shutting down and abandoning module GameplayTasksEditor (286)
[2025.11.25-19.05.32:410][151]LogModuleManager: Shutting down and abandoning module BehaviorTreeEditor (284)
[2025.11.25-19.05.32:410][151]LogModuleManager: Shutting down and abandoning module FunctionalTesting (282)
[2025.11.25-19.05.32:410][151]LogModuleManager: Shutting down and abandoning module CollisionAnalyzer (280)
[2025.11.25-19.05.32:410][151]LogModuleManager: Shutting down and abandoning module WorkspaceMenuStructure (279)
[2025.11.25-19.05.32:410][151]LogModuleManager: Shutting down and abandoning module UMG (276)
[2025.11.25-19.05.32:410][151]LogModuleManager: Shutting down and abandoning module UMGEditor (275)
[2025.11.25-19.05.32:410][151]LogModuleManager: Shutting down and abandoning module MessageLog (273)
[2025.11.25-19.05.32:410][151]LogModuleManager: Shutting down and abandoning module SlateReflector (268)
[2025.11.25-19.05.32:411][151]LogModuleManager: Shutting down and abandoning module Slate (266)
[2025.11.25-19.05.32:411][151]LogModuleManager: Shutting down and abandoning module SlateCore (264)
[2025.11.25-19.05.32:412][151]LogModuleManager: Shutting down and abandoning module LandscapeEditorUtilities (262)
[2025.11.25-19.05.32:412][151]LogModuleManager: Shutting down and abandoning module UnrealEd (260)
[2025.11.25-19.05.32:412][151]LogModuleManager: Shutting down and abandoning module MRMesh (258)
[2025.11.25-19.05.32:412][151]LogModuleManager: Shutting down and abandoning module SourceCodeAccess (256)
[2025.11.25-19.05.32:412][151]LogModuleManager: Shutting down and abandoning module HeadMountedDisplay (254)
[2025.11.25-19.05.32:412][151]LogModuleManager: Shutting down and abandoning module XAudio2 (252)
[2025.11.25-19.05.32:412][151]LogModuleManager: Shutting down and abandoning module Networking (250)
[2025.11.25-19.05.32:412][151]LogModuleManager: Shutting down and abandoning module Core (248)
[2025.11.25-19.05.32:412][151]LogModuleManager: Shutting down and abandoning module MaterialEditor (246)
[2025.11.25-19.05.32:412][151]LogModuleManager: Shutting down and abandoning module MovieSceneTools (244)
[2025.11.25-19.05.32:412][151]LogModuleManager: Shutting down and abandoning module CurveEditor (243)
[2025.11.25-19.05.32:412][151]LogModuleManager: Shutting down and abandoning module Sequencer (241)
[2025.11.25-19.05.32:412][151]LogModuleManager: Shutting down and abandoning module EditorStyle (240)
[2025.11.25-19.05.32:414][151]LogModuleManager: Shutting down and abandoning module KismetCompiler (236)
[2025.11.25-19.05.32:414][151]LogModuleManager: Shutting down and abandoning module MeshBuilder (234)
[2025.11.25-19.05.32:414][151]LogModuleManager: Shutting down and abandoning module MeshUtilities (232)
[2025.11.25-19.05.32:414][151]LogModuleManager: Shutting down and abandoning module MeshMergeUtilities (231)
[2025.11.25-19.05.32:414][151]LogModuleManager: Shutting down and abandoning module MeshReductionInterface (230)
[2025.11.25-19.05.32:414][151]LogModuleManager: Shutting down and abandoning module MeshBoneReduction (229)
[2025.11.25-19.05.32:414][151]LogModuleManager: Shutting down and abandoning module SkeletalMeshReduction (227)
[2025.11.25-19.05.32:414][151]LogModuleManager: Shutting down and abandoning module ProxyLODMeshReduction (225)
[2025.11.25-19.05.32:414][151]LogModuleManager: Shutting down and abandoning module QuadricMeshReduction (223)
[2025.11.25-19.05.32:414][151]LogModuleManager: Shutting down and abandoning module MaterialBaking (219)
[2025.11.25-19.05.32:414][151]LogModuleManager: Shutting down and abandoning module NullInstallBundleManager (214)
[2025.11.25-19.05.32:414][151]LogModuleManager: Shutting down and abandoning module DerivedDataCache (212)
[2025.11.25-19.05.32:416][151]LogModuleManager: Shutting down and abandoning module TargetPlatform (210)
[2025.11.25-19.05.32:416][151]LogModuleManager: Shutting down and abandoning module VulkanShaderFormat (209)
[2025.11.25-19.05.32:416][151]LogModuleManager: Shutting down and abandoning module ShaderFormatVectorVM (207)
[2025.11.25-19.05.32:416][151]LogModuleManager: Shutting down and abandoning module ShaderFormatOpenGL (205)
[2025.11.25-19.05.32:416][151]LogModuleManager: Shutting down and abandoning module ShaderFormatD3D (203)
[2025.11.25-19.05.32:416][151]LogModuleManager: Shutting down and abandoning module MetalShaderFormat (201)
[2025.11.25-19.05.32:416][151]LogModuleManager: Shutting down and abandoning module TextureFormatOodle (199)
[2025.11.25-19.05.32:416][151]LogModuleManager: Shutting down and abandoning module TextureFormatUncompressed (197)
[2025.11.25-19.05.32:416][151]LogModuleManager: Shutting down and abandoning module TextureFormatPVR (195)
[2025.11.25-19.05.32:416][151]LogModuleManager: Shutting down and abandoning module TextureFormatETC2 (193)
[2025.11.25-19.05.32:416][151]LogModuleManager: Shutting down and abandoning module TextureFormatDXT (191)
[2025.11.25-19.05.32:416][151]LogModuleManager: Shutting down and abandoning module TextureFormatIntelISPCTexComp (189)
[2025.11.25-19.05.32:416][151]LogModuleManager: Shutting down and abandoning module TextureFormatASTC (187)
[2025.11.25-19.05.32:416][151]LogModuleManager: Shutting down and abandoning module ImageWrapper (186)
[2025.11.25-19.05.32:416][151]LogModuleManager: Shutting down and abandoning module AudioFormatOpus (183)
[2025.11.25-19.05.32:416][151]LogModuleManager: Shutting down and abandoning module AudioFormatOgg (181)
[2025.11.25-19.05.32:416][151]LogModuleManager: Shutting down and abandoning module AudioFormatADPCM (179)
[2025.11.25-19.05.32:416][151]LogModuleManager: Shutting down and abandoning module WindowsServerTargetPlatform (177)
[2025.11.25-19.05.32:416][151]LogModuleManager: Shutting down and abandoning module WindowsClientTargetPlatform (175)
[2025.11.25-19.05.32:416][151]LogModuleManager: Shutting down and abandoning module WindowsTargetPlatform (173)
[2025.11.25-19.05.32:416][151]LogModuleManager: Shutting down and abandoning module WindowsNoEditorTargetPlatform (171)
[2025.11.25-19.05.32:416][151]LogModuleManager: Shutting down and abandoning module TVOSTargetPlatform (169)
[2025.11.25-19.05.32:418][151]LogModuleManager: Shutting down and abandoning module MacServerTargetPlatform (167)
[2025.11.25-19.05.32:418][151]LogModuleManager: Shutting down and abandoning module MacClientTargetPlatform (165)
[2025.11.25-19.05.32:418][151]LogModuleManager: Shutting down and abandoning module MacTargetPlatform (163)
[2025.11.25-19.05.32:419][151]LogModuleManager: Shutting down and abandoning module MacNoEditorTargetPlatform (161)
[2025.11.25-19.05.32:419][151]LogModuleManager: Shutting down and abandoning module LuminTargetPlatform (159)
[2025.11.25-19.05.32:422][151]LogModuleManager: Shutting down and abandoning module LinuxAArch64ServerTargetPlatform (157)
[2025.11.25-19.05.32:422][151]LogModuleManager: Shutting down and abandoning module LinuxAArch64ClientTargetPlatform (155)
[2025.11.25-19.05.32:422][151]LogModuleManager: Shutting down and abandoning module LinuxAArch64NoEditorTargetPlatform (153)
[2025.11.25-19.05.32:422][151]LogModuleManager: Shutting down and abandoning module LinuxServerTargetPlatform (151)
[2025.11.25-19.05.32:422][151]LogModuleManager: Shutting down and abandoning module LinuxClientTargetPlatform (149)
[2025.11.25-19.05.32:422][151]LogModuleManager: Shutting down and abandoning module LinuxNoEditorTargetPlatform (147)
[2025.11.25-19.05.32:422][151]LogModuleManager: Shutting down and abandoning module LinuxTargetPlatform (145)
[2025.11.25-19.05.32:422][151]LogModuleManager: Shutting down and abandoning module Messaging (143)
[2025.11.25-19.05.32:422][151]LogModuleManager: Shutting down and abandoning module IOSTargetPlatform (141)
[2025.11.25-19.05.32:426][151]LogModuleManager: Shutting down and abandoning module AndroidTargetPlatform (139)
[2025.11.25-19.05.32:441][151]LogModuleManager: Shutting down and abandoning module AllDesktopTargetPlatform (137)
[2025.11.25-19.05.32:441][151]LogModuleManager: Shutting down and abandoning module D3D11RHI (134)
[2025.11.25-19.05.32:441][151]LogModuleManager: Shutting down and abandoning module InputCore (132)
[2025.11.25-19.05.32:441][151]LogModuleManager: Shutting down and abandoning module Settings (130)
[2025.11.25-19.05.32:441][151]LogModuleManager: Shutting down and abandoning module DirectoryWatcher (128)
[2025.11.25-19.05.32:442][151]LogModuleManager: Shutting down and abandoning module PhysXCooking (126)
[2025.11.25-19.05.32:442][151]LogModuleManager: Shutting down and abandoning module Chaos (124)
[2025.11.25-19.05.32:442][151]LogModuleManager: Shutting down and abandoning module WindowsPlatformFeatures (122)
[2025.11.25-19.05.32:442][151]LogModuleManager: Shutting down and abandoning module GameplayMediaEncoder (121)
[2025.11.25-19.05.32:442][151]LogModuleManager: Shutting down and abandoning module AVEncoder (120)
[2025.11.25-19.05.32:442][151]LogModuleManager: Shutting down and abandoning module SteamVRInputDevice (116)
[2025.11.25-19.05.32:442][151]LogModuleManager: Shutting down and abandoning module SteamVRInput (114)
[2025.11.25-19.05.32:442][151]LogModuleManager: Shutting down and abandoning module SteamVR (112)
[2025.11.25-19.05.32:442][151]LogHMD: Freeing OpenVRDLLHandle.
[2025.11.25-19.05.32:442][151]LogModuleManager: Shutting down and abandoning module OculusHMD (110)
[2025.11.25-19.05.32:442][151]LogModuleManager: Shutting down and abandoning module AISupportModule (108)
[2025.11.25-19.05.32:442][151]LogModuleManager: Shutting down and abandoning module OpenXRHandTracking (106)
[2025.11.25-19.05.32:442][151]LogSlate: Slate User Destroyed.  User Index 0, Is Virtual User: 0
[2025.11.25-19.05.32:443][151]LogModuleManager: Shutting down and abandoning module OpenXRAR (104)
[2025.11.25-19.05.32:443][151]LogModuleManager: Shutting down and abandoning module AugmentedReality (103)
[2025.11.25-19.05.32:443][151]LogModuleManager: Shutting down and abandoning module OpenXRHMD (100)
[2025.11.25-19.05.32:443][151]LogModuleManager: Shutting down and abandoning module OpenXREyeTracker (98)
[2025.11.25-19.05.32:443][151]LogModuleManager: Shutting down and abandoning module ExampleDeviceProfileSelector (96)
[2025.11.25-19.05.32:443][151]LogModuleManager: Shutting down and abandoning module ChunkDownloader (94)
[2025.11.25-19.05.32:443][151]LogModuleManager: Shutting down and abandoning module LauncherChunkInstaller (92)
[2025.11.25-19.05.32:443][151]LogModuleManager: Shutting down and abandoning module OnlineBlueprintSupport (90)
[2025.11.25-19.05.32:443][151]LogModuleManager: Shutting down and abandoning module OnlineSubsystem (86)
[2025.11.25-19.05.32:444][151]LogModuleManager: Shutting down and abandoning module XMPP (81)
[2025.11.25-19.05.32:444][151]LogModuleManager: Shutting down and abandoning module WebSockets (80)
[2025.11.25-19.05.32:476][151]LogModuleManager: Shutting down and abandoning module HTTP (77)
[2025.11.25-19.05.32:476][151]LogHttp: Display: Http module shutting down, but needs to wait on 1 outstanding Http requests:
[2025.11.25-19.05.32:476][151]LogHttp: Display: 	verb=[POST] url=[https://datarouter.ol.epicgames.com/datarouter/api/v1/public/data?SessionID=%7B1F6172B2-41D6-E99C-1B22-1A8265BB0601%7D&AppID=UEEditor.Rocket.Release&AppVersion=4.27.2-18319896%2B%2B%2BUE4%2BRelease-4.27&UserID=6b32b507452abda10a7c05ae1bad203d%7C38f7320a2cd3485499351c2be7beab48%7C53da50d7-cec7-4077-bfe3-1423eb7dc99f&AppEnvironment=datacollector-binary&UploadType=eteventstream] refs=[1] status=Processing
[2025.11.25-19.05.32:476][151]LogHttp: Display: cleaning up 1 outstanding Http requests.
[2025.11.25-19.05.32:502][151]LogModuleManager: Shutting down and abandoning module SSL (76)
[2025.11.25-19.05.32:505][151]LogModuleManager: Shutting down and abandoning module WmfMedia (72)
[2025.11.25-19.05.32:506][151]LogModuleManager: Shutting down and abandoning module Media (71)
[2025.11.25-19.05.32:510][151]LogModuleManager: Shutting down and abandoning module MediaInfo (70)
[2025.11.25-19.05.32:510][151]LogModuleManager: Shutting down and abandoning module ExrReaderGpu (66)
[2025.11.25-19.05.32:510][151]LogModuleManager: Shutting down and abandoning module MLSDK (64)
[2025.11.25-19.05.32:510][151]LogModuleManager: Shutting down and abandoning module MagicLeap (62)
[2025.11.25-19.05.32:510][151]LogModuleManager: Shutting down and abandoning module NiagaraVertexFactories (60)
[2025.11.25-19.05.32:510][151]LogModuleManager: Shutting down and abandoning module NiagaraShader (58)
[2025.11.25-19.05.32:510][151]LogModuleManager: Shutting down and abandoning module ChaosCloth (56)
[2025.11.25-19.05.32:510][151]LogModuleManager: Shutting down and abandoning module VariantManagerContent (54)
[2025.11.25-19.05.32:510][151]LogModuleManager: Shutting down and abandoning module PixWinPlugin (52)
[2025.11.25-19.05.32:510][151]LogModuleManager: Shutting down and abandoning module DatasmithContent (50)
[2025.11.25-19.05.32:510][151]LogModuleManager: Shutting down and abandoning module DesktopPlatform (48)
[2025.11.25-19.05.32:510][151]LogModuleManager: Shutting down and abandoning module OodleDataCompressionFormat (46)
[2025.11.25-19.05.32:511][151]LogModuleManager: Shutting down and abandoning module PythonScriptPluginPreload (44)
[2025.11.25-19.05.32:511][151]LogModuleManager: Shutting down and abandoning module PlatformCryptoOpenSSL (42)
[2025.11.25-19.05.32:511][151]LogModuleManager: Shutting down and abandoning module PlatformCryptoTypes (40)
[2025.11.25-19.05.32:511][151]LogModuleManager: Shutting down and abandoning module PlatformCrypto (38)
[2025.11.25-19.05.32:511][151]LogModuleManager: Shutting down and abandoning module XGEController (36)
[2025.11.25-19.05.32:511][151]LogModuleManager: Shutting down and abandoning module AnimationModifiers (34)
[2025.11.25-19.05.32:511][151]LogModuleManager: Shutting down and abandoning module AudioEditor (32)
[2025.11.25-19.05.32:511][151]LogModuleManager: Shutting down and abandoning module PropertyEditor (31)
[2025.11.25-19.05.32:511][151]LogModuleManager: Shutting down and abandoning module TextureCompressor (28)
[2025.11.25-19.05.32:511][151]LogModuleManager: Shutting down and abandoning module RenderCore (26)
[2025.11.25-19.05.32:511][151]LogModuleManager: Shutting down and abandoning module Landscape (24)
[2025.11.25-19.05.32:511][151]LogModuleManager: Shutting down and abandoning module SlateRHIRenderer (22)
[2025.11.25-19.05.32:513][151]LogModuleManager: Shutting down and abandoning module AnimGraphRuntime (20)
[2025.11.25-19.05.32:513][151]LogModuleManager: Shutting down and abandoning module Renderer (18)
[2025.11.25-19.05.32:513][151]LogModuleManager: Shutting down and abandoning module Engine (16)
[2025.11.25-19.05.32:513][151]LogModuleManager: Shutting down and abandoning module CoreUObject (14)
[2025.11.25-19.05.32:513][151]LogModuleManager: Shutting down and abandoning module NetworkFile (12)
[2025.11.25-19.05.32:513][151]LogModuleManager: Shutting down and abandoning module CookedIterativeFile (10)
[2025.11.25-19.05.32:513][151]LogModuleManager: Shutting down and abandoning module StreamingFile (8)
[2025.11.25-19.05.32:513][151]LogModuleManager: Shutting down and abandoning module SandboxFile (6)
[2025.11.25-19.05.32:513][151]LogModuleManager: Shutting down and abandoning module PakFile (4)
[2025.11.25-19.05.32:513][151]LogModuleManager: Shutting down and abandoning module RSA (3)
[2025.11.25-19.05.32:513][151]LogContentStreaming: Display: There are 1 unreleased StreamingManagers
[2025.11.25-19.05.32:536][151]LogD3D11RHI: Shutdown
[2025.11.25-19.05.32:536][151]LogD3D11RHI: CleanupD3DDevice
[2025.11.25-19.05.32:539][151]LogExit: Exiting.
[2025.11.25-19.05.32:789][151]Log file closed, 11/25/25 16:05:32
