Log file open, 11/24/25 15:43:11
LogWindows: Failed to load 'aqProf.dll' (GetLastError=126)
LogWindows: File 'aqProf.dll' does not exist
LogWindows: Failed to load 'VtuneApi.dll' (GetLastError=126)
LogWindows: File 'VtuneApi.dll' does not exist
LogWindows: Failed to load 'VtuneApi32e.dll' (GetLastError=126)
LogWindows: File 'VtuneApi32e.dll' does not exist
LogConsoleResponse: Display: Failed to find resolution value strings in scalability ini. Falling back to default.
LogConsoleResponse: Display: Failed to find resolution value strings in scalability ini. Falling back to default.
LogInit: Display: Running engine for game: ColunaDoendoSamurai
LogPlatformFile: Not using cached read wrapper
LogTaskGraph: Started task graph with 5 named threads and 23 total threads with 3 sets of task threads.
LogStats: Stats thread started at 0.640138
LogICUInternationalization: ICU TimeZone Detection - Raw Offset: -3:00, Platform Override: ''
LogInit: Display: Loading text-based GConfig....
LogPluginManager: Mounting plugin MeshPainting
LogPluginManager: Mounting plugin XGEController
LogPluginManager: Mounting plugin Paper2D
LogPluginManager: Mounting plugin AISupport
LogPluginManager: Mounting plugin LiveLink
LogPluginManager: Mounting plugin EnvironmentQueryEditor
LogPluginManager: Mounting plugin OodleNetwork
LogPluginManager: Mounting plugin LightPropagationVolume
LogPluginManager: Mounting plugin OodleData
LogPluginManager: Mounting plugin GameplayCameras
LogPluginManager: Mounting plugin CameraShakePreviewer
LogPluginManager: Mounting plugin AnimationSharing
LogPluginManager: Mounting plugin CodeLiteSourceCodeAccess
LogPluginManager: Mounting plugin CLionSourceCodeAccess
LogPluginManager: Mounting plugin GitSourceControl
LogPluginManager: Mounting plugin KDevelopSourceCodeAccess
LogPluginManager: Mounting plugin NullSourceCodeAccess
LogPluginManager: Mounting plugin PixWinPlugin
LogPluginManager: Mounting plugin PlasticSourceControl
LogPluginManager: Mounting plugin PluginUtils
LogPluginManager: Mounting plugin PropertyAccessNode
LogPluginManager: Mounting plugin RiderSourceCodeAccess
LogPluginManager: Mounting plugin PerforceSourceControl
LogPluginManager: Mounting plugin SubversionSourceControl
LogPluginManager: Mounting plugin VisualStudioCodeSourceCodeAccess
LogPluginManager: Mounting plugin VisualStudioSourceCodeAccess
LogPluginManager: Mounting plugin UObjectPlugin
LogPluginManager: Mounting plugin XCodeSourceCodeAccess
LogPluginManager: Mounting plugin TextureFormatOodle
LogPluginManager: Mounting plugin DatasmithContent
LogPluginManager: Mounting plugin VariantManagerContent
LogPluginManager: Mounting plugin Niagara
LogPluginManager: Mounting plugin AlembicImporter
LogPluginManager: Mounting plugin BackChannel
LogPluginManager: Mounting plugin AutomationUtils
LogPluginManager: Mounting plugin ChaosCloth
LogPluginManager: Mounting plugin ChaosClothEditor
LogPluginManager: Mounting plugin ChaosNiagara
LogPluginManager: Mounting plugin AssetManagerEditor
LogPluginManager: Mounting plugin ChaosSolverPlugin
LogPluginManager: Mounting plugin CharacterAI
LogPluginManager: Mounting plugin ChaosEditor
LogPluginManager: Mounting plugin GeometryCache
LogPluginManager: Mounting plugin GeometryCollectionPlugin
LogPluginManager: Mounting plugin LuminPlatformFeatures
LogPluginManager: Mounting plugin MagicLeap
LogPluginManager: Mounting plugin MagicLeapMedia
LogPluginManager: Mounting plugin MagicLeapLightEstimation
LogPluginManager: Mounting plugin MagicLeapPassableWorld
LogPluginManager: Mounting plugin MLSDK
LogPluginManager: Mounting plugin CryptoKeys
LogPluginManager: Mounting plugin CurveEditorTools
LogPluginManager: Mounting plugin DataValidation
LogPluginManager: Mounting plugin FacialAnimation
LogPluginManager: Mounting plugin GameplayTagsEditor
LogPluginManager: Mounting plugin GeometryMode
LogPluginManager: Mounting plugin MacGraphicsSwitching
LogPluginManager: Mounting plugin MobileLauncherProfileWizard
LogPluginManager: Mounting plugin MaterialAnalyzer
LogPluginManager: Mounting plugin PluginBrowser
LogPluginManager: Mounting plugin SpeedTreeImporter
LogPluginManager: Mounting plugin GeometryProcessing
LogPluginManager: Mounting plugin MotoSynth
LogPluginManager: Mounting plugin OpenImageDenoise
LogPluginManager: Mounting plugin PlatformCrypto
LogPluginManager: Mounting plugin ProxyLODPlugin
LogPluginManager: Mounting plugin PythonScriptPlugin
LogPluginManager: Mounting plugin PlanarCut
LogPluginManager: Mounting plugin SkeletalReduction
LogPluginManager: Mounting plugin AndroidMedia
LogPluginManager: Mounting plugin AvfMedia
LogPluginManager: Mounting plugin ImgMedia
LogPluginManager: Mounting plugin MediaCompositing
LogPluginManager: Mounting plugin MediaPlayerEditor
LogPluginManager: Mounting plugin WmfMedia
LogPluginManager: Mounting plugin TcpMessaging
LogPluginManager: Mounting plugin UdpMessaging
LogPluginManager: Mounting plugin ActorSequence
LogPluginManager: Mounting plugin MatineeToLevelSequence
LogPluginManager: Mounting plugin LevelSequenceEditor
LogPluginManager: Mounting plugin WebMMedia
LogPluginManager: Mounting plugin TemplateSequence
LogPluginManager: Mounting plugin OnlineSubsystem
LogPluginManager: Mounting plugin OnlineSubsystemUtils
LogPluginManager: Mounting plugin LauncherChunkInstaller
LogPluginManager: Mounting plugin ActorLayerUtilities
LogPluginManager: Mounting plugin ScreenshotTools
LogPluginManager: Mounting plugin AndroidDeviceProfileSelector
LogPluginManager: Mounting plugin AndroidMoviePlayer
LogPluginManager: Mounting plugin AndroidPermission
LogPluginManager: Mounting plugin ArchVisCharacter
LogPluginManager: Mounting plugin AppleMoviePlayer
LogPluginManager: Mounting plugin AppleImageUtils
LogPluginManager: Mounting plugin AssetTags
LogPluginManager: Mounting plugin AudioSynesthesia
LogPluginManager: Mounting plugin AudioCapture
LogPluginManager: Mounting plugin CableComponent
LogPluginManager: Mounting plugin ChunkDownloader
LogPluginManager: Mounting plugin EditableMesh
LogPluginManager: Mounting plugin ExampleDeviceProfileSelector
LogPluginManager: Mounting plugin OnlineSubsystemNull
LogPluginManager: Mounting plugin GoogleCloudMessaging
LogPluginManager: Mounting plugin CustomMeshComponent
LogPluginManager: Mounting plugin GooglePAD
LogPluginManager: Mounting plugin Takes
LogPluginManager: Mounting plugin IOSDeviceProfileSelector
LogPluginManager: Mounting plugin LinuxDeviceProfileSelector
LogPluginManager: Mounting plugin LocationServicesBPLibrary
LogPluginManager: Mounting plugin MobilePatchingUtils
LogPluginManager: Mounting plugin OpenXREyeTracker
LogPluginManager: Mounting plugin OpenXRHandTracking
LogPluginManager: Mounting plugin OpenXR
LogPluginManager: Mounting plugin PostSplashScreen
LogPluginManager: Mounting plugin ProceduralMeshComponent
LogPluginManager: Mounting plugin PropertyAccessEditor
LogPluginManager: Mounting plugin SignificanceManager
LogPluginManager: Mounting plugin RuntimePhysXCooking
LogPluginManager: Mounting plugin PhysXVehicles
LogPluginManager: Mounting plugin SoundFields
LogPluginManager: Mounting plugin Synthesis
LogPluginManager: Mounting plugin WebMMoviePlayer
LogPluginManager: Mounting plugin WindowsMoviePlayer
LogPluginManager: Mounting plugin ContentBrowserAssetDataSource
LogPluginManager: Mounting plugin ContentBrowserFileDataSource
LogPluginManager: Mounting plugin ContentBrowserClassDataSource
LogPluginManager: Mounting plugin OnlineSubsystemGooglePlay
LogPluginManager: Mounting plugin OnlineSubsystemIOS
LogPluginManager: Mounting plugin OculusVR
LogPluginManager: Mounting plugin SteamVR
PixWinPlugin: PIX capture plugin failed to initialize! Check that the process is launched from PIX.
LogInit: Using libcurl 7.55.1-DEV
LogInit:  - built for x86_64-pc-win32
LogInit:  - supports SSL with OpenSSL/1.1.1
LogInit:  - supports HTTP deflate (compression) using libz 1.2.8
LogInit:  - other features:
LogInit:      CURL_VERSION_SSL
LogInit:      CURL_VERSION_LIBZ
LogInit:      CURL_VERSION_IPV6
LogInit:      CURL_VERSION_ASYNCHDNS
LogInit:      CURL_VERSION_LARGEFILE
LogInit:      CURL_VERSION_IDN
LogInit:  CurlRequestOptions (configurable via config and command line):
LogInit:  - bVerifyPeer = true  - Libcurl will verify peer certificate
LogInit:  - bUseHttpProxy = false  - Libcurl will NOT use HTTP proxy
LogInit:  - bDontReuseConnections = false  - Libcurl will reuse connections
LogInit:  - MaxHostConnections = 16  - Libcurl will limit the number of connections to a host
LogInit:  - LocalHostAddr = Default
LogInit:  - BufferSize = 65536
LogOnline: OSS: Creating online subsystem instance for: NULL
LogInit: WinSock: version 1.1 (2.2), MaxSocks=32767, MaxUdp=65467
LogOnline: OSS: TryLoadSubsystemAndSetDefault: Loaded subsystem for module [NULL]
LogOculusPluginWrapper: OculusPlugin initialized successfully
LogHMD: Failed initializing OVRPlugin 1.59.0
LogInit: Build: ++UE4+Release-4.27-CL-18319896
LogInit: Engine Version: 4.27.2-18319896+++UE4+Release-4.27
LogInit: Compatible Engine Version: 4.27.0-17155196+++UE4+Release-4.27
LogInit: Net CL: 17155196
LogInit: OS: Windows 10 (Release 2009) (), CPU: AMD Ryzen 7 3750H with Radeon Vega Mobile Gfx  , GPU: AMD Radeon(TM) RX Vega 10 Graphics 
LogInit: Compiled (64-bit): Nov 30 2021 07:12:08
LogInit: Compiled with Visual C++: 19.24.28315.00
LogInit: Build Configuration: Development
LogInit: Branch Name: ++UE4+Release-4.27
LogInit: Command Line: 
LogInit: Base Directory: C:/Genshin/UE_4.27/Engine/Binaries/Win64/
LogInit: Allocator: TBB
LogInit: Installed Engine Build: 1
LogDevObjectVersion: Number of dev versions registered: 29
LogDevObjectVersion:   Dev-Blueprints (B0D832E4-1F89-4F0D-ACCF-7EB736FD4AA2): 10
LogDevObjectVersion:   Dev-Build (E1C64328-A22C-4D53-A36C-8E866417BD8C): 0
LogDevObjectVersion:   Dev-Core (375EC13C-06E4-48FB-B500-84F0262A717E): 4
LogDevObjectVersion:   Dev-Editor (E4B068ED-F494-42E9-A231-DA0B2E46BB41): 40
LogDevObjectVersion:   Dev-Framework (CFFC743F-43B0-4480-9391-14DF171D2073): 37
LogDevObjectVersion:   Dev-Mobile (B02B49B5-BB20-44E9-A304-32B752E40360): 3
LogDevObjectVersion:   Dev-Networking (A4E4105C-59A1-49B5-A7C5-40C4547EDFEE): 0
LogDevObjectVersion:   Dev-Online (39C831C9-5AE6-47DC-9A44-9C173E1C8E7C): 0
LogDevObjectVersion:   Dev-Physics (78F01B33-EBEA-4F98-B9B4-84EACCB95AA2): 14
LogDevObjectVersion:   Dev-Platform (6631380F-2D4D-43E0-8009-CF276956A95A): 0
LogDevObjectVersion:   Dev-Rendering (12F88B9F-8875-4AFC-A67C-D90C383ABD29): 45
LogDevObjectVersion:   Dev-Sequencer (7B5AE74C-D270-4C10-A958-57980B212A5A): 13
LogDevObjectVersion:   Dev-VR (D7296918-1DD6-4BDD-9DE2-64A83CC13884): 3
LogDevObjectVersion:   Dev-LoadTimes (C2A15278-BFE7-4AFE-6C17-90FF531DF755): 1
LogDevObjectVersion:   Private-Geometry (6EACA3D4-40EC-4CC1-B786-8BED09428FC5): 3
LogDevObjectVersion:   Dev-AnimPhys (29E575DD-E0A3-4627-9D10-D276232CDCEA): 17
LogDevObjectVersion:   Dev-Anim (AF43A65D-7FD3-4947-9873-3E8ED9C1BB05): 15
LogDevObjectVersion:   Dev-ReflectionCapture (6B266CEC-1EC7-4B8F-A30B-E4D90942FC07): 1
LogDevObjectVersion:   Dev-Automation (0DF73D61-A23F-47EA-B727-89E90C41499A): 1
LogDevObjectVersion:   FortniteMain (601D1886-AC64-4F84-AA16-D3DE0DEAC7D6): 47
LogDevObjectVersion:   FortniteRelease (E7086368-6B23-4C58-8439-1B7016265E91): 1
LogDevObjectVersion:   Dev-Enterprise (9DFFBCD6-494F-0158-E221-12823C92A888): 10
LogDevObjectVersion:   Dev-Niagara (F2AED0AC-9AFE-416F-8664-AA7FFA26D6FC): 1
LogDevObjectVersion:   Dev-Destruction (174F1F0B-B4C6-45A5-B13F-2EE8D0FB917D): 10
LogDevObjectVersion:   Dev-Physics-Ext (35F94A83-E258-406C-A318-09F59610247C): 41
LogDevObjectVersion:   Dev-PhysicsMaterial-Chaos (B68FC16E-8B1B-42E2-B453-215C058844FE): 1
LogDevObjectVersion:   Dev-CineCamera (B2E18506-4273-CFC2-A54E-F4BB758BBA07): 1
LogDevObjectVersion:   Dev-VirtualProduction (64F58936-FD1B-42BA-BA96-7289D5D0FA4E): 1
LogDevObjectVersion:   Dev-MediaFramework (6F0ED827-A609-4895-9C91-998D90180EA4): 2
LogInit: Presizing for max 25165824 objects, including 0 objects not considered by GC, pre-allocating 0 bytes for permanent pool.
LogConfig: Applying CVar settings from Section [/Script/Engine.StreamingSettings] File [E:/Unreal/Fumec_DevGames/Saved/Config/Windows/Engine.ini]
LogConfig: Setting CVar [[s.MinBulkDataSizeForAsyncLoading:131072]]
LogConfig: Setting CVar [[s.AsyncLoadingThreadEnabled:0]]
LogConfig: Setting CVar [[s.EventDrivenLoaderEnabled:1]]
LogConfig: Setting CVar [[s.WarnIfTimeLimitExceeded:0]]
LogConfig: Setting CVar [[s.TimeLimitExceededMultiplier:1.5]]
LogConfig: Setting CVar [[s.TimeLimitExceededMinTime:0.005]]
LogConfig: Setting CVar [[s.UseBackgroundLevelStreaming:1]]
LogConfig: Setting CVar [[s.PriorityAsyncLoadingExtraTime:15.0]]
LogConfig: Setting CVar [[s.LevelStreamingActorsUpdateTimeLimit:5.0]]
LogConfig: Setting CVar [[s.PriorityLevelStreamingActorsUpdateExtraTime:5.0]]
LogConfig: Setting CVar [[s.LevelStreamingComponentsRegistrationGranularity:10]]
LogConfig: Setting CVar [[s.UnregisterComponentsTimeLimit:1.0]]
LogConfig: Setting CVar [[s.LevelStreamingComponentsUnregistrationGranularity:5]]
LogConfig: Setting CVar [[s.FlushStreamingOnExit:1]]
LogInit: Object subsystem initialized
LogConfig: Setting CVar [[con.DebugEarlyDefault:1]]
LogConfig: Setting CVar [[r.setres:1280x720]]
[2025.11.24-18.43.12:151][  0]LogConfig: Setting CVar [[r.VSync:0]]
[2025.11.24-18.43.12:151][  0]LogConfig: Setting CVar [[r.RHICmdBypass:0]]
[2025.11.24-18.43.12:151][  0]LogConfig: Applying CVar settings from Section [/Script/Engine.RendererSettings] File [E:/Unreal/Fumec_DevGames/Saved/Config/Windows/Engine.ini]
[2025.11.24-18.43.12:151][  0]LogConfig: Setting CVar [[r.GPUCrashDebugging:0]]
[2025.11.24-18.43.12:151][  0]LogConfig: Setting CVar [[r.Mobile.DisableVertexFog:1]]
[2025.11.24-18.43.12:151][  0]LogConfig: Setting CVar [[r.Shadow.CSM.MaxMobileCascades:2]]
[2025.11.24-18.43.12:151][  0]LogConfig: Setting CVar [[r.MobileMSAA:1]]
[2025.11.24-18.43.12:151][  0]LogConfig: Setting CVar [[r.Mobile.AllowDitheredLODTransition:0]]
[2025.11.24-18.43.12:151][  0]LogConfig: Setting CVar [[r.Mobile.AllowSoftwareOcclusion:0]]
[2025.11.24-18.43.12:151][  0]LogConfig: Setting CVar [[r.Mobile.VirtualTextures:0]]
[2025.11.24-18.43.12:151][  0]LogConfig: Setting CVar [[r.DiscardUnusedQuality:0]]
[2025.11.24-18.43.12:151][  0]LogConfig: Setting CVar [[r.AllowOcclusionQueries:1]]
[2025.11.24-18.43.12:151][  0]LogConfig: Setting CVar [[r.MinScreenRadiusForLights:0.030000]]
[2025.11.24-18.43.12:151][  0]LogConfig: Setting CVar [[r.MinScreenRadiusForDepthPrepass:0.030000]]
[2025.11.24-18.43.12:151][  0]LogConfig: Setting CVar [[r.MinScreenRadiusForCSMDepth:0.010000]]
[2025.11.24-18.43.12:151][  0]LogConfig: Setting CVar [[r.PrecomputedVisibilityWarning:0]]
[2025.11.24-18.43.12:151][  0]LogConfig: Setting CVar [[r.TextureStreaming:1]]
[2025.11.24-18.43.12:151][  0]LogConfig: Setting CVar [[Compat.UseDXT5NormalMaps:0]]
[2025.11.24-18.43.12:151][  0]LogConfig: Setting CVar [[r.VirtualTextures:0]]
[2025.11.24-18.43.12:151][  0]LogConfig: Setting CVar [[r.VT.EnableAutoImport:1]]
[2025.11.24-18.43.12:151][  0]LogConfig: Setting CVar [[r.VirtualTexturedLightmaps:0]]
[2025.11.24-18.43.12:152][  0]LogConfig: Setting CVar [[r.VT.TileSize:128]]
[2025.11.24-18.43.12:152][  0]LogConfig: Setting CVar [[r.VT.TileBorderSize:4]]
[2025.11.24-18.43.12:152][  0]LogConfig: Setting CVar [[r.vt.FeedbackFactor:16]]
[2025.11.24-18.43.12:152][  0]LogConfig: Setting CVar [[r.VT.EnableCompressZlib:1]]
[2025.11.24-18.43.12:152][  0]LogConfig: Setting CVar [[r.VT.EnableCompressCrunch:0]]
[2025.11.24-18.43.12:152][  0]LogConfig: Setting CVar [[r.ClearCoatNormal:0]]
[2025.11.24-18.43.12:152][  0]LogConfig: Setting CVar [[r.ReflectionCaptureResolution:128]]
[2025.11.24-18.43.12:152][  0]LogConfig: Setting CVar [[r.Mobile.ReflectionCaptureCompression:0]]
[2025.11.24-18.43.12:152][  0]LogConfig: Setting CVar [[r.ReflectionEnvironmentLightmapMixBasedOnRoughness:1]]
[2025.11.24-18.43.12:152][  0]LogConfig: Setting CVar [[r.ForwardShading:0]]
[2025.11.24-18.43.12:152][  0]LogConfig: Setting CVar [[r.VertexFoggingForOpaque:1]]
[2025.11.24-18.43.12:152][  0]LogConfig: Setting CVar [[r.AllowStaticLighting:1]]
[2025.11.24-18.43.12:152][  0]LogConfig: Setting CVar [[r.NormalMapsForStaticLighting:0]]
[2025.11.24-18.43.12:152][  0]LogConfig: Setting CVar [[r.GenerateMeshDistanceFields:0]]
[2025.11.24-18.43.12:152][  0]LogConfig: Setting CVar [[r.DistanceFieldBuild.EightBit:0]]
[2025.11.24-18.43.12:152][  0]LogConfig: Setting CVar [[r.GenerateLandscapeGIData:0]]
[2025.11.24-18.43.12:152][  0]LogConfig: Setting CVar [[r.DistanceFieldBuild.Compress:0]]
[2025.11.24-18.43.12:152][  0]LogConfig: Setting CVar [[r.TessellationAdaptivePixelsPerTriangle:48.000000]]
[2025.11.24-18.43.12:152][  0]LogConfig: Setting CVar [[r.SeparateTranslucency:1]]
[2025.11.24-18.43.12:152][  0]LogConfig: Setting CVar [[r.TranslucentSortPolicy:0]]
[2025.11.24-18.43.12:152][  0]LogConfig: Setting CVar [[vr.VRS.HMDFixedFoveationLevel:0]]
[2025.11.24-18.43.12:152][  0]LogConfig: Setting CVar [[r.CustomDepth:1]]
[2025.11.24-18.43.12:152][  0]LogConfig: Setting CVar [[r.CustomDepthTemporalAAJitter:1]]
[2025.11.24-18.43.12:152][  0]LogConfig: Setting CVar [[r.PostProcessing.PropagateAlpha:0]]
[2025.11.24-18.43.12:152][  0]LogConfig: Setting CVar [[r.DefaultFeature.Bloom:1]]
[2025.11.24-18.43.12:152][  0]LogConfig: Setting CVar [[r.DefaultFeature.AmbientOcclusion:1]]
[2025.11.24-18.43.12:152][  0]LogConfig: Setting CVar [[r.DefaultFeature.AmbientOcclusionStaticFraction:1]]
[2025.11.24-18.43.12:152][  0]LogConfig: Setting CVar [[r.DefaultFeature.AutoExposure:0]]
[2025.11.24-18.43.12:152][  0]LogConfig: Setting CVar [[r.DefaultFeature.AutoExposure.Method:0]]
[2025.11.24-18.43.12:152][  0]LogConfig: Setting CVar [[r.DefaultFeature.AutoExposure.Bias:1.000000]]
[2025.11.24-18.43.12:152][  0]LogConfig: Setting CVar [[r.DefaultFeature.AutoExposure.ExtendDefaultLuminanceRange:0]]
[2025.11.24-18.43.12:152][  0]LogConfig: Setting CVar [[r.UsePreExposure:1]]
[2025.11.24-18.43.12:152][  0]LogConfig: Setting CVar [[r.EyeAdaptation.EditorOnly:0]]
[2025.11.24-18.43.12:152][  0]LogConfig: Setting CVar [[r.DefaultFeature.MotionBlur:0]]
[2025.11.24-18.43.12:152][  0]LogConfig: Setting CVar [[r.DefaultFeature.LensFlare:0]]
[2025.11.24-18.43.12:152][  0]LogConfig: Setting CVar [[r.TemporalAA.Upsampling:0]]
[2025.11.24-18.43.12:152][  0]LogConfig: Setting CVar [[r.SSGI.Enable:0]]
[2025.11.24-18.43.12:152][  0]LogConfig: Setting CVar [[r.DefaultFeature.AntiAliasing:0]]
[2025.11.24-18.43.12:152][  0]LogConfig: Setting CVar [[r.DefaultFeature.LightUnits:1]]
[2025.11.24-18.43.12:152][  0]LogConfig: Setting CVar [[r.DefaultBackBufferPixelFormat:4]]
[2025.11.24-18.43.12:152][  0]LogConfig: Setting CVar [[r.Shadow.UnbuiltPreviewInGame:1]]
[2025.11.24-18.43.12:152][  0]LogConfig: Setting CVar [[r.StencilForLODDither:0]]
[2025.11.24-18.43.12:152][  0]LogConfig: Setting CVar [[r.EarlyZPass:3]]
[2025.11.24-18.43.12:152][  0]LogConfig: Setting CVar [[r.EarlyZPassOnlyMaterialMasking:0]]
[2025.11.24-18.43.12:152][  0]LogConfig: Setting CVar [[r.DBuffer:1]]
[2025.11.24-18.43.12:152][  0]LogConfig: Setting CVar [[r.ClearSceneMethod:1]]
[2025.11.24-18.43.12:152][  0]LogConfig: Setting CVar [[r.BasePassOutputsVelocity:0]]
[2025.11.24-18.43.12:152][  0]LogConfig: Setting CVar [[r.VertexDeformationOutputsVelocity:0]]
[2025.11.24-18.43.12:152][  0]LogConfig: Setting CVar [[r.SelectiveBasePassOutputs:0]]
[2025.11.24-18.43.12:152][  0]LogConfig: Setting CVar [[fx.GPUSimulationTextureSizeX:1024]]
[2025.11.24-18.43.12:152][  0]LogConfig: Setting CVar [[fx.GPUSimulationTextureSizeY:1024]]
[2025.11.24-18.43.12:152][  0]LogConfig: Setting CVar [[r.AllowGlobalClipPlane:0]]
[2025.11.24-18.43.12:152][  0]LogConfig: Setting CVar [[r.GBufferFormat:1]]
[2025.11.24-18.43.12:152][  0]LogConfig: Setting CVar [[r.MorphTarget.Mode:1]]
[2025.11.24-18.43.12:152][  0]LogConfig: Setting CVar [[vr.InstancedStereo:0]]
[2025.11.24-18.43.12:152][  0]LogConfig: Setting CVar [[r.MobileHDR:1]]
[2025.11.24-18.43.12:152][  0]LogConfig: Setting CVar [[vr.MobileMultiView:0]]
[2025.11.24-18.43.12:152][  0]LogConfig: Setting CVar [[r.Mobile.UseHWsRGBEncoding:0]]
[2025.11.24-18.43.12:152][  0]LogConfig: Setting CVar [[vr.RoundRobinOcclusion:0]]
[2025.11.24-18.43.12:152][  0]LogConfig: Setting CVar [[vr.ODSCapture:0]]
[2025.11.24-18.43.12:152][  0]LogConfig: Setting CVar [[r.MeshStreaming:0]]
[2025.11.24-18.43.12:152][  0]LogConfig: Setting CVar [[r.WireframeCullThreshold:5.000000]]
[2025.11.24-18.43.12:152][  0]LogConfig: Setting CVar [[r.RayTracing:0]]
[2025.11.24-18.43.12:152][  0]LogConfig: Setting CVar [[r.RayTracing.UseTextureLod:0]]
[2025.11.24-18.43.12:152][  0]LogConfig: Setting CVar [[r.SupportStationarySkylight:1]]
[2025.11.24-18.43.12:152][  0]LogConfig: Setting CVar [[r.SupportLowQualityLightmaps:1]]
[2025.11.24-18.43.12:152][  0]LogConfig: Setting CVar [[r.SupportPointLightWholeSceneShadows:1]]
[2025.11.24-18.43.12:152][  0]LogConfig: Setting CVar [[r.SupportAtmosphericFog:1]]
[2025.11.24-18.43.12:152][  0]LogConfig: Setting CVar [[r.SupportSkyAtmosphere:1]]
[2025.11.24-18.43.12:153][  0]LogConfig: Setting CVar [[r.SupportSkyAtmosphereAffectsHeightFog:0]]
[2025.11.24-18.43.12:153][  0]LogConfig: Setting CVar [[r.SkinCache.CompileShaders:0]]
[2025.11.24-18.43.12:153][  0]LogConfig: Setting CVar [[r.SkinCache.DefaultBehavior:1]]
[2025.11.24-18.43.12:153][  0]LogConfig: Setting CVar [[r.SkinCache.SceneMemoryLimitInMB:128.000000]]
[2025.11.24-18.43.12:153][  0]LogConfig: Setting CVar [[r.Mobile.EnableStaticAndCSMShadowReceivers:1]]
[2025.11.24-18.43.12:153][  0]LogConfig: Setting CVar [[r.Mobile.EnableMovableLightCSMShaderCulling:1]]
[2025.11.24-18.43.12:153][  0]LogConfig: Setting CVar [[r.Mobile.AllowDistanceFieldShadows:1]]
[2025.11.24-18.43.12:153][  0]LogConfig: Setting CVar [[r.Mobile.AllowMovableDirectionalLights:1]]
[2025.11.24-18.43.12:153][  0]LogConfig: Setting CVar [[r.MobileNumDynamicPointLights:4]]
[2025.11.24-18.43.12:153][  0]LogConfig: Setting CVar [[r.MobileDynamicPointLightsUseStaticBranch:1]]
[2025.11.24-18.43.12:153][  0]LogConfig: Setting CVar [[r.Mobile.EnableMovableSpotlights:0]]
[2025.11.24-18.43.12:153][  0]LogConfig: Setting CVar [[r.Mobile.EnableMovableSpotlightsShadow:0]]
[2025.11.24-18.43.12:153][  0]LogConfig: Setting CVar [[r.GPUSkin.Support16BitBoneIndex:0]]
[2025.11.24-18.43.12:153][  0]LogConfig: Setting CVar [[r.GPUSkin.Limit2BoneInfluences:0]]
[2025.11.24-18.43.12:153][  0]LogConfig: Setting CVar [[r.SupportDepthOnlyIndexBuffers:1]]
[2025.11.24-18.43.12:153][  0]LogConfig: Setting CVar [[r.SupportReversedIndexBuffers:1]]
[2025.11.24-18.43.12:153][  0]LogConfig: Setting CVar [[r.LightPropagationVolume:0]]
[2025.11.24-18.43.12:153][  0]LogConfig: Setting CVar [[r.Mobile.AmbientOcclusion:0]]
[2025.11.24-18.43.12:153][  0]LogConfig: Setting CVar [[r.GPUSkin.UnlimitedBoneInfluences:0]]
[2025.11.24-18.43.12:153][  0]LogConfig: Setting CVar [[r.GPUSkin.UnlimitedBoneInfluencesThreshold:8]]
[2025.11.24-18.43.12:153][  0]LogConfig: Setting CVar [[r.Mobile.PlanarReflectionMode:0]]
[2025.11.24-18.43.12:153][  0]LogConfig: Setting CVar [[r.Mobile.SupportsGen4TAA:0]]
[2025.11.24-18.43.12:153][  0]LogConfig: Applying CVar settings from Section [/Script/Engine.RendererOverrideSettings] File [E:/Unreal/Fumec_DevGames/Saved/Config/Windows/Engine.ini]
[2025.11.24-18.43.12:153][  0]LogConfig: Applying CVar settings from Section [/Script/Engine.StreamingSettings] File [E:/Unreal/Fumec_DevGames/Saved/Config/Windows/Engine.ini]
[2025.11.24-18.43.12:153][  0]LogConfig: Setting CVar [[s.MinBulkDataSizeForAsyncLoading:131072]]
[2025.11.24-18.43.12:153][  0]LogConfig: Setting CVar [[s.AsyncLoadingThreadEnabled:0]]
[2025.11.24-18.43.12:153][  0]LogConfig: Setting CVar [[s.EventDrivenLoaderEnabled:1]]
[2025.11.24-18.43.12:153][  0]LogConfig: Setting CVar [[s.WarnIfTimeLimitExceeded:0]]
[2025.11.24-18.43.12:153][  0]LogConfig: Setting CVar [[s.TimeLimitExceededMultiplier:1.5]]
[2025.11.24-18.43.12:153][  0]LogConfig: Setting CVar [[s.TimeLimitExceededMinTime:0.005]]
[2025.11.24-18.43.12:153][  0]LogConfig: Setting CVar [[s.UseBackgroundLevelStreaming:1]]
[2025.11.24-18.43.12:153][  0]LogConfig: Setting CVar [[s.PriorityAsyncLoadingExtraTime:15.0]]
[2025.11.24-18.43.12:153][  0]LogConfig: Setting CVar [[s.LevelStreamingActorsUpdateTimeLimit:5.0]]
[2025.11.24-18.43.12:153][  0]LogConfig: Setting CVar [[s.PriorityLevelStreamingActorsUpdateExtraTime:5.0]]
[2025.11.24-18.43.12:153][  0]LogConfig: Setting CVar [[s.LevelStreamingComponentsRegistrationGranularity:10]]
[2025.11.24-18.43.12:153][  0]LogConfig: Setting CVar [[s.UnregisterComponentsTimeLimit:1.0]]
[2025.11.24-18.43.12:153][  0]LogConfig: Setting CVar [[s.LevelStreamingComponentsUnregistrationGranularity:5]]
[2025.11.24-18.43.12:153][  0]LogConfig: Setting CVar [[s.FlushStreamingOnExit:1]]
[2025.11.24-18.43.12:153][  0]LogConfig: Applying CVar settings from Section [/Script/Engine.GarbageCollectionSettings] File [E:/Unreal/Fumec_DevGames/Saved/Config/Windows/Engine.ini]
[2025.11.24-18.43.12:153][  0]LogConfig: Setting CVar [[gc.MaxObjectsNotConsideredByGC:1]]
[2025.11.24-18.43.12:153][  0]LogConfig: Setting CVar [[gc.SizeOfPermanentObjectPool:0]]
[2025.11.24-18.43.12:153][  0]LogConfig: Setting CVar [[gc.FlushStreamingOnGC:0]]
[2025.11.24-18.43.12:153][  0]LogConfig: Setting CVar [[gc.NumRetriesBeforeForcingGC:10]]
[2025.11.24-18.43.12:153][  0]LogConfig: Setting CVar [[gc.AllowParallelGC:1]]
[2025.11.24-18.43.12:153][  0]LogConfig: Setting CVar [[gc.TimeBetweenPurgingPendingKillObjects:61.1]]
[2025.11.24-18.43.12:153][  0]LogConfig: Setting CVar [[gc.MaxObjectsInEditor:25165824]]
[2025.11.24-18.43.12:153][  0]LogConfig: Setting CVar [[gc.IncrementalBeginDestroyEnabled:1]]
[2025.11.24-18.43.12:153][  0]LogConfig: Setting CVar [[gc.CreateGCClusters:1]]
[2025.11.24-18.43.12:153][  0]LogConfig: Setting CVar [[gc.MinGCClusterSize:5]]
[2025.11.24-18.43.12:153][  0]LogConfig: Setting CVar [[gc.ActorClusteringEnabled:0]]
[2025.11.24-18.43.12:153][  0]LogConfig: Setting CVar [[gc.BlueprintClusteringEnabled:0]]
[2025.11.24-18.43.12:153][  0]LogConfig: Setting CVar [[gc.UseDisregardForGCOnDedicatedServers:0]]
[2025.11.24-18.43.12:153][  0]LogConfig: Setting CVar [[gc.MultithreadedDestructionEnabled:1]]
[2025.11.24-18.43.12:153][  0]LogConfig: Applying CVar settings from Section [/Script/Engine.NetworkSettings] File [E:/Unreal/Fumec_DevGames/Saved/Config/Windows/Engine.ini]
[2025.11.24-18.43.12:155][  0]LogConfig: Applying CVar settings from Section [/Script/UnrealEd.CookerSettings] File [E:/Unreal/Fumec_DevGames/Saved/Config/Windows/Engine.ini]
[2025.11.24-18.43.12:160][  0]LogConfig: Applying CVar settings from Section [ViewDistanceQuality@3] File [E:/Unreal/Fumec_DevGames/Saved/Config/Windows/Scalability.ini]
[2025.11.24-18.43.12:160][  0]LogConfig: Setting CVar [[r.SkeletalMeshLODBias:0]]
[2025.11.24-18.43.12:160][  0]LogConfig: Setting CVar [[r.ViewDistanceScale:1.0]]
[2025.11.24-18.43.12:160][  0]LogConfig: Applying CVar settings from Section [AntiAliasingQuality@3] File [E:/Unreal/Fumec_DevGames/Saved/Config/Windows/Scalability.ini]
[2025.11.24-18.43.12:160][  0]LogConfig: Setting CVar [[r.PostProcessAAQuality:4]]
[2025.11.24-18.43.12:160][  0]LogConfig: Applying CVar settings from Section [ShadowQuality@3] File [E:/Unreal/Fumec_DevGames/Saved/Config/Windows/Scalability.ini]
[2025.11.24-18.43.12:160][  0]LogConfig: Setting CVar [[r.LightFunctionQuality:1]]
[2025.11.24-18.43.12:160][  0]LogConfig: Setting CVar [[r.ShadowQuality:5]]
[2025.11.24-18.43.12:160][  0]LogConfig: Setting CVar [[r.Shadow.CSM.MaxCascades:10]]
[2025.11.24-18.43.12:160][  0]LogConfig: Setting CVar [[r.Shadow.MaxResolution:2048]]
[2025.11.24-18.43.12:160][  0]LogConfig: Setting CVar [[r.Shadow.MaxCSMResolution:2048]]
[2025.11.24-18.43.12:160][  0]LogConfig: Setting CVar [[r.Shadow.RadiusThreshold:0.01]]
[2025.11.24-18.43.12:160][  0]LogConfig: Setting CVar [[r.Shadow.DistanceScale:1.0]]
[2025.11.24-18.43.12:160][  0]LogConfig: Setting CVar [[r.Shadow.CSM.TransitionScale:1.0]]
[2025.11.24-18.43.12:160][  0]LogConfig: Setting CVar [[r.Shadow.PreShadowResolutionFactor:1.0]]
[2025.11.24-18.43.12:160][  0]LogConfig: Setting CVar [[r.DistanceFieldShadowing:1]]
[2025.11.24-18.43.12:160][  0]LogConfig: Setting CVar [[r.DistanceFieldAO:1]]
[2025.11.24-18.43.12:160][  0]LogConfig: Setting CVar [[r.AOQuality:2]]
[2025.11.24-18.43.12:160][  0]LogConfig: Setting CVar [[r.VolumetricFog:1]]
[2025.11.24-18.43.12:160][  0]LogConfig: Setting CVar [[r.VolumetricFog.GridPixelSize:8]]
[2025.11.24-18.43.12:160][  0]LogConfig: Setting CVar [[r.VolumetricFog.GridSizeZ:128]]
[2025.11.24-18.43.12:160][  0]LogConfig: Setting CVar [[r.VolumetricFog.HistoryMissSupersampleCount:4]]
[2025.11.24-18.43.12:160][  0]LogConfig: Setting CVar [[r.LightMaxDrawDistanceScale:1]]
[2025.11.24-18.43.12:160][  0]LogConfig: Setting CVar [[r.CapsuleShadows:1]]
[2025.11.24-18.43.12:160][  0]LogConfig: Applying CVar settings from Section [PostProcessQuality@3] File [E:/Unreal/Fumec_DevGames/Saved/Config/Windows/Scalability.ini]
[2025.11.24-18.43.12:160][  0]LogConfig: Setting CVar [[r.MotionBlurQuality:4]]
[2025.11.24-18.43.12:160][  0]LogConfig: Setting CVar [[r.AmbientOcclusionMipLevelFactor:0.4]]
[2025.11.24-18.43.12:160][  0]LogConfig: Setting CVar [[r.AmbientOcclusionMaxQuality:100]]
[2025.11.24-18.43.12:160][  0]LogConfig: Setting CVar [[r.AmbientOcclusionLevels:-1]]
[2025.11.24-18.43.12:160][  0]LogConfig: Setting CVar [[r.AmbientOcclusionRadiusScale:1.0]]
[2025.11.24-18.43.12:160][  0]LogConfig: Setting CVar [[r.DepthOfFieldQuality:2]]
[2025.11.24-18.43.12:160][  0]LogConfig: Setting CVar [[r.RenderTargetPoolMin:400]]
[2025.11.24-18.43.12:160][  0]LogConfig: Setting CVar [[r.LensFlareQuality:2]]
[2025.11.24-18.43.12:160][  0]LogConfig: Setting CVar [[r.SceneColorFringeQuality:1]]
[2025.11.24-18.43.12:160][  0]LogConfig: Setting CVar [[r.EyeAdaptationQuality:2]]
[2025.11.24-18.43.12:160][  0]LogConfig: Setting CVar [[r.BloomQuality:5]]
[2025.11.24-18.43.12:160][  0]LogConfig: Setting CVar [[r.FastBlurThreshold:100]]
[2025.11.24-18.43.12:160][  0]LogConfig: Setting CVar [[r.Upscale.Quality:3]]
[2025.11.24-18.43.12:160][  0]LogConfig: Setting CVar [[r.Tonemapper.GrainQuantization:1]]
[2025.11.24-18.43.12:160][  0]LogConfig: Setting CVar [[r.LightShaftQuality:1]]
[2025.11.24-18.43.12:160][  0]LogConfig: Setting CVar [[r.Filter.SizeScale:1]]
[2025.11.24-18.43.12:160][  0]LogConfig: Setting CVar [[r.Tonemapper.Quality:5]]
[2025.11.24-18.43.12:160][  0]LogConfig: Setting CVar [[r.DOF.Gather.AccumulatorQuality:1        ; higher gathering accumulator quality]]
[2025.11.24-18.43.12:160][  0]LogConfig: Setting CVar [[r.DOF.Gather.PostfilterMethod:1          ; Median3x3 postfilering method]]
[2025.11.24-18.43.12:160][  0]LogConfig: Setting CVar [[r.DOF.Gather.EnableBokehSettings:0       ; no bokeh simulation when gathering]]
[2025.11.24-18.43.12:160][  0]LogConfig: Setting CVar [[r.DOF.Gather.RingCount:4                 ; medium number of samples when gathering]]
[2025.11.24-18.43.12:160][  0]LogConfig: Setting CVar [[r.DOF.Scatter.ForegroundCompositing:1    ; additive foreground scattering]]
[2025.11.24-18.43.12:160][  0]LogConfig: Setting CVar [[r.DOF.Scatter.BackgroundCompositing:2    ; additive background scattering]]
[2025.11.24-18.43.12:160][  0]LogConfig: Setting CVar [[r.DOF.Scatter.EnableBokehSettings:1      ; bokeh simulation when scattering]]
[2025.11.24-18.43.12:160][  0]LogConfig: Setting CVar [[r.DOF.Scatter.MaxSpriteRatio:0.1         ; only a maximum of 10% of scattered bokeh]]
[2025.11.24-18.43.12:160][  0]LogConfig: Setting CVar [[r.DOF.Recombine.Quality:1                ; cheap slight out of focus]]
[2025.11.24-18.43.12:160][  0]LogConfig: Setting CVar [[r.DOF.Recombine.EnableBokehSettings:0    ; no bokeh simulation on slight out of focus]]
[2025.11.24-18.43.12:160][  0]LogConfig: Setting CVar [[r.DOF.TemporalAAQuality:1                ; more stable temporal accumulation]]
[2025.11.24-18.43.12:160][  0]LogConfig: Setting CVar [[r.DOF.Kernel.MaxForegroundRadius:0.025]]
[2025.11.24-18.43.12:160][  0]LogConfig: Setting CVar [[r.DOF.Kernel.MaxBackgroundRadius:0.025]]
[2025.11.24-18.43.12:160][  0]LogConfig: Applying CVar settings from Section [TextureQuality@3] File [E:/Unreal/Fumec_DevGames/Saved/Config/Windows/Scalability.ini]
[2025.11.24-18.43.12:160][  0]LogConfig: Setting CVar [[r.Streaming.MipBias:0]]
[2025.11.24-18.43.12:160][  0]LogConfig: Setting CVar [[r.Streaming.AmortizeCPUToGPUCopy:0]]
[2025.11.24-18.43.12:160][  0]LogConfig: Setting CVar [[r.Streaming.MaxNumTexturesToStreamPerFrame:0]]
[2025.11.24-18.43.12:160][  0]LogConfig: Setting CVar [[r.Streaming.Boost:1]]
[2025.11.24-18.43.12:160][  0]LogConfig: Setting CVar [[r.MaxAnisotropy:8]]
[2025.11.24-18.43.12:160][  0]LogConfig: Setting CVar [[r.VT.MaxAnisotropy:8]]
[2025.11.24-18.43.12:160][  0]LogConfig: Setting CVar [[r.Streaming.LimitPoolSizeToVRAM:0]]
[2025.11.24-18.43.12:160][  0]LogConfig: Setting CVar [[r.Streaming.PoolSize:1000]]
[2025.11.24-18.43.12:160][  0]LogConfig: Setting CVar [[r.Streaming.MaxEffectiveScreenSize:0]]
[2025.11.24-18.43.12:160][  0]LogConfig: Applying CVar settings from Section [EffectsQuality@3] File [E:/Unreal/Fumec_DevGames/Saved/Config/Windows/Scalability.ini]
[2025.11.24-18.43.12:160][  0]LogConfig: Setting CVar [[r.TranslucencyLightingVolumeDim:64]]
[2025.11.24-18.43.12:160][  0]LogConfig: Setting CVar [[r.RefractionQuality:2]]
[2025.11.24-18.43.12:160][  0]LogConfig: Setting CVar [[r.SSR.Quality:3]]
[2025.11.24-18.43.12:160][  0]LogConfig: Setting CVar [[r.SSR.HalfResSceneColor:0]]
[2025.11.24-18.43.12:160][  0]LogConfig: Setting CVar [[r.SceneColorFormat:4]]
[2025.11.24-18.43.12:160][  0]LogConfig: Setting CVar [[r.DetailMode:2]]
[2025.11.24-18.43.12:160][  0]LogConfig: Setting CVar [[r.TranslucencyVolumeBlur:1]]
[2025.11.24-18.43.12:160][  0]LogConfig: Setting CVar [[r.MaterialQualityLevel:1 ; High quality]]
[2025.11.24-18.43.12:160][  0]LogConfig: Setting CVar [[r.AnisotropicMaterials:1]]
[2025.11.24-18.43.12:160][  0]LogConfig: Setting CVar [[r.SSS.Scale:1]]
[2025.11.24-18.43.12:160][  0]LogConfig: Setting CVar [[r.SSS.SampleSet:2]]
[2025.11.24-18.43.12:160][  0]LogConfig: Setting CVar [[r.SSS.Quality:1]]
[2025.11.24-18.43.12:160][  0]LogConfig: Setting CVar [[r.SSS.HalfRes:0]]
[2025.11.24-18.43.12:160][  0]LogConfig: Setting CVar [[r.SSGI.Quality:3]]
[2025.11.24-18.43.12:160][  0]LogConfig: Setting CVar [[r.EmitterSpawnRateScale:1.0]]
[2025.11.24-18.43.12:160][  0]LogConfig: Setting CVar [[r.ParticleLightQuality:2]]
[2025.11.24-18.43.12:160][  0]LogConfig: Setting CVar [[r.SkyAtmosphere.AerialPerspectiveLUT.FastApplyOnOpaque:1 ; Always have FastSkyLUT 1 in this case to avoid wrong sky]]
[2025.11.24-18.43.12:160][  0]LogConfig: Setting CVar [[r.SkyAtmosphere.AerialPerspectiveLUT.SampleCountMaxPerSlice:4]]
[2025.11.24-18.43.12:160][  0]LogConfig: Setting CVar [[r.SkyAtmosphere.AerialPerspectiveLUT.DepthResolution:16.0]]
[2025.11.24-18.43.12:160][  0]LogConfig: Setting CVar [[r.SkyAtmosphere.FastSkyLUT:1]]
[2025.11.24-18.43.12:160][  0]LogConfig: Setting CVar [[r.SkyAtmosphere.FastSkyLUT.SampleCountMin:4.0]]
[2025.11.24-18.43.12:160][  0]LogConfig: Setting CVar [[r.SkyAtmosphere.FastSkyLUT.SampleCountMax:128.0]]
[2025.11.24-18.43.12:160][  0]LogConfig: Setting CVar [[r.SkyAtmosphere.SampleCountMin:4.0]]
[2025.11.24-18.43.12:160][  0]LogConfig: Setting CVar [[r.SkyAtmosphere.SampleCountMax:128.0]]
[2025.11.24-18.43.12:160][  0]LogConfig: Setting CVar [[r.SkyAtmosphere.TransmittanceLUT.UseSmallFormat:0]]
[2025.11.24-18.43.12:160][  0]LogConfig: Setting CVar [[r.SkyAtmosphere.TransmittanceLUT.SampleCount:10.0]]
[2025.11.24-18.43.12:160][  0]LogConfig: Setting CVar [[r.SkyAtmosphere.MultiScatteringLUT.SampleCount:15.0]]
[2025.11.24-18.43.12:160][  0]LogConfig: Setting CVar [[r.SkyLight.RealTimeReflectionCapture:1]]
[2025.11.24-18.43.12:160][  0]LogConfig: Applying CVar settings from Section [FoliageQuality@3] File [E:/Unreal/Fumec_DevGames/Saved/Config/Windows/Scalability.ini]
[2025.11.24-18.43.12:160][  0]LogConfig: Setting CVar [[foliage.DensityScale:1.0]]
[2025.11.24-18.43.12:160][  0]LogConfig: Setting CVar [[grass.DensityScale:1.0]]
[2025.11.24-18.43.12:160][  0]LogConfig: Applying CVar settings from Section [ShadingQuality@3] File [E:/Unreal/Fumec_DevGames/Saved/Config/Windows/Scalability.ini]
[2025.11.24-18.43.12:161][  0]LogConfig: Setting CVar [[r.HairStrands.SkyLighting.IntegrationType:2]]
[2025.11.24-18.43.12:161][  0]LogConfig: Setting CVar [[r.HairStrands.SkyAO.SampleCount:4]]
[2025.11.24-18.43.12:161][  0]LogConfig: Setting CVar [[r.HairStrands.Visibility.MSAA.SamplePerPixel:4]]
[2025.11.24-18.43.12:161][  0]LogInit: Selected Device Profile: [Windows]
[2025.11.24-18.43.12:161][  0]LogInit: Applying CVar settings loaded from the selected device profile: [Windows]
[2025.11.24-18.43.12:161][  0]LogHAL: Display: Platform has ~ 14 GB [14968041472 / 17179869184 / 14], which maps to Larger [LargestMinGB=32, LargerMinGB=12, DefaultMinGB=8, SmallerMinGB=6, SmallestMinGB=0)
[2025.11.24-18.43.12:161][  0]LogInit: Going up to parent DeviceProfile []
[2025.11.24-18.43.12:161][  0]LogConfig: Applying CVar settings from Section [ViewDistanceQuality@3] File [E:/Unreal/Fumec_DevGames/Saved/Config/Windows/Scalability.ini]
[2025.11.24-18.43.12:161][  0]LogConfig: Setting CVar [[r.SkeletalMeshLODBias:0]]
[2025.11.24-18.43.12:161][  0]LogConfig: Setting CVar [[r.ViewDistanceScale:1.0]]
[2025.11.24-18.43.12:161][  0]LogConfig: Applying CVar settings from Section [AntiAliasingQuality@3] File [E:/Unreal/Fumec_DevGames/Saved/Config/Windows/Scalability.ini]
[2025.11.24-18.43.12:161][  0]LogConfig: Setting CVar [[r.PostProcessAAQuality:4]]
[2025.11.24-18.43.12:161][  0]LogConfig: Applying CVar settings from Section [ShadowQuality@3] File [E:/Unreal/Fumec_DevGames/Saved/Config/Windows/Scalability.ini]
[2025.11.24-18.43.12:161][  0]LogConfig: Setting CVar [[r.LightFunctionQuality:1]]
[2025.11.24-18.43.12:161][  0]LogConfig: Setting CVar [[r.ShadowQuality:5]]
[2025.11.24-18.43.12:161][  0]LogConfig: Setting CVar [[r.Shadow.CSM.MaxCascades:10]]
[2025.11.24-18.43.12:161][  0]LogConfig: Setting CVar [[r.Shadow.MaxResolution:2048]]
[2025.11.24-18.43.12:161][  0]LogConfig: Setting CVar [[r.Shadow.MaxCSMResolution:2048]]
[2025.11.24-18.43.12:161][  0]LogConfig: Setting CVar [[r.Shadow.RadiusThreshold:0.01]]
[2025.11.24-18.43.12:161][  0]LogConfig: Setting CVar [[r.Shadow.DistanceScale:1.0]]
[2025.11.24-18.43.12:161][  0]LogConfig: Setting CVar [[r.Shadow.CSM.TransitionScale:1.0]]
[2025.11.24-18.43.12:161][  0]LogConfig: Setting CVar [[r.Shadow.PreShadowResolutionFactor:1.0]]
[2025.11.24-18.43.12:161][  0]LogConfig: Setting CVar [[r.DistanceFieldShadowing:1]]
[2025.11.24-18.43.12:161][  0]LogConfig: Setting CVar [[r.DistanceFieldAO:1]]
[2025.11.24-18.43.12:161][  0]LogConfig: Setting CVar [[r.AOQuality:2]]
[2025.11.24-18.43.12:161][  0]LogConfig: Setting CVar [[r.VolumetricFog:1]]
[2025.11.24-18.43.12:161][  0]LogConfig: Setting CVar [[r.VolumetricFog.GridPixelSize:8]]
[2025.11.24-18.43.12:161][  0]LogConfig: Setting CVar [[r.VolumetricFog.GridSizeZ:128]]
[2025.11.24-18.43.12:161][  0]LogConfig: Setting CVar [[r.VolumetricFog.HistoryMissSupersampleCount:4]]
[2025.11.24-18.43.12:161][  0]LogConfig: Setting CVar [[r.LightMaxDrawDistanceScale:1]]
[2025.11.24-18.43.12:161][  0]LogConfig: Setting CVar [[r.CapsuleShadows:1]]
[2025.11.24-18.43.12:161][  0]LogConfig: Applying CVar settings from Section [PostProcessQuality@3] File [E:/Unreal/Fumec_DevGames/Saved/Config/Windows/Scalability.ini]
[2025.11.24-18.43.12:161][  0]LogConfig: Setting CVar [[r.MotionBlurQuality:4]]
[2025.11.24-18.43.12:161][  0]LogConfig: Setting CVar [[r.AmbientOcclusionMipLevelFactor:0.4]]
[2025.11.24-18.43.12:161][  0]LogConfig: Setting CVar [[r.AmbientOcclusionMaxQuality:100]]
[2025.11.24-18.43.12:161][  0]LogConfig: Setting CVar [[r.AmbientOcclusionLevels:-1]]
[2025.11.24-18.43.12:161][  0]LogConfig: Setting CVar [[r.AmbientOcclusionRadiusScale:1.0]]
[2025.11.24-18.43.12:161][  0]LogConfig: Setting CVar [[r.DepthOfFieldQuality:2]]
[2025.11.24-18.43.12:161][  0]LogConfig: Setting CVar [[r.RenderTargetPoolMin:400]]
[2025.11.24-18.43.12:161][  0]LogConfig: Setting CVar [[r.LensFlareQuality:2]]
[2025.11.24-18.43.12:161][  0]LogConfig: Setting CVar [[r.SceneColorFringeQuality:1]]
[2025.11.24-18.43.12:161][  0]LogConfig: Setting CVar [[r.EyeAdaptationQuality:2]]
[2025.11.24-18.43.12:161][  0]LogConfig: Setting CVar [[r.BloomQuality:5]]
[2025.11.24-18.43.12:161][  0]LogConfig: Setting CVar [[r.FastBlurThreshold:100]]
[2025.11.24-18.43.12:161][  0]LogConfig: Setting CVar [[r.Upscale.Quality:3]]
[2025.11.24-18.43.12:161][  0]LogConfig: Setting CVar [[r.Tonemapper.GrainQuantization:1]]
[2025.11.24-18.43.12:161][  0]LogConfig: Setting CVar [[r.LightShaftQuality:1]]
[2025.11.24-18.43.12:161][  0]LogConfig: Setting CVar [[r.Filter.SizeScale:1]]
[2025.11.24-18.43.12:161][  0]LogConfig: Setting CVar [[r.Tonemapper.Quality:5]]
[2025.11.24-18.43.12:161][  0]LogConfig: Setting CVar [[r.DOF.Gather.AccumulatorQuality:1        ; higher gathering accumulator quality]]
[2025.11.24-18.43.12:161][  0]LogConfig: Setting CVar [[r.DOF.Gather.PostfilterMethod:1          ; Median3x3 postfilering method]]
[2025.11.24-18.43.12:161][  0]LogConfig: Setting CVar [[r.DOF.Gather.EnableBokehSettings:0       ; no bokeh simulation when gathering]]
[2025.11.24-18.43.12:161][  0]LogConfig: Setting CVar [[r.DOF.Gather.RingCount:4                 ; medium number of samples when gathering]]
[2025.11.24-18.43.12:161][  0]LogConfig: Setting CVar [[r.DOF.Scatter.ForegroundCompositing:1    ; additive foreground scattering]]
[2025.11.24-18.43.12:161][  0]LogConfig: Setting CVar [[r.DOF.Scatter.BackgroundCompositing:2    ; additive background scattering]]
[2025.11.24-18.43.12:161][  0]LogConfig: Setting CVar [[r.DOF.Scatter.EnableBokehSettings:1      ; bokeh simulation when scattering]]
[2025.11.24-18.43.12:161][  0]LogConfig: Setting CVar [[r.DOF.Scatter.MaxSpriteRatio:0.1         ; only a maximum of 10% of scattered bokeh]]
[2025.11.24-18.43.12:161][  0]LogConfig: Setting CVar [[r.DOF.Recombine.Quality:1                ; cheap slight out of focus]]
[2025.11.24-18.43.12:161][  0]LogConfig: Setting CVar [[r.DOF.Recombine.EnableBokehSettings:0    ; no bokeh simulation on slight out of focus]]
[2025.11.24-18.43.12:161][  0]LogConfig: Setting CVar [[r.DOF.TemporalAAQuality:1                ; more stable temporal accumulation]]
[2025.11.24-18.43.12:161][  0]LogConfig: Setting CVar [[r.DOF.Kernel.MaxForegroundRadius:0.025]]
[2025.11.24-18.43.12:161][  0]LogConfig: Setting CVar [[r.DOF.Kernel.MaxBackgroundRadius:0.025]]
[2025.11.24-18.43.12:161][  0]LogConfig: Applying CVar settings from Section [TextureQuality@3] File [E:/Unreal/Fumec_DevGames/Saved/Config/Windows/Scalability.ini]
[2025.11.24-18.43.12:161][  0]LogConfig: Setting CVar [[r.Streaming.MipBias:0]]
[2025.11.24-18.43.12:161][  0]LogConfig: Setting CVar [[r.Streaming.AmortizeCPUToGPUCopy:0]]
[2025.11.24-18.43.12:161][  0]LogConfig: Setting CVar [[r.Streaming.MaxNumTexturesToStreamPerFrame:0]]
[2025.11.24-18.43.12:161][  0]LogConfig: Setting CVar [[r.Streaming.Boost:1]]
[2025.11.24-18.43.12:161][  0]LogConfig: Setting CVar [[r.MaxAnisotropy:8]]
[2025.11.24-18.43.12:162][  0]LogConfig: Setting CVar [[r.VT.MaxAnisotropy:8]]
[2025.11.24-18.43.12:162][  0]LogConfig: Setting CVar [[r.Streaming.LimitPoolSizeToVRAM:0]]
[2025.11.24-18.43.12:162][  0]LogConfig: Setting CVar [[r.Streaming.PoolSize:1000]]
[2025.11.24-18.43.12:162][  0]LogConfig: Setting CVar [[r.Streaming.MaxEffectiveScreenSize:0]]
[2025.11.24-18.43.12:162][  0]LogConfig: Applying CVar settings from Section [EffectsQuality@3] File [E:/Unreal/Fumec_DevGames/Saved/Config/Windows/Scalability.ini]
[2025.11.24-18.43.12:162][  0]LogConfig: Setting CVar [[r.TranslucencyLightingVolumeDim:64]]
[2025.11.24-18.43.12:162][  0]LogConfig: Setting CVar [[r.RefractionQuality:2]]
[2025.11.24-18.43.12:162][  0]LogConfig: Setting CVar [[r.SSR.Quality:3]]
[2025.11.24-18.43.12:162][  0]LogConfig: Setting CVar [[r.SSR.HalfResSceneColor:0]]
[2025.11.24-18.43.12:162][  0]LogConfig: Setting CVar [[r.SceneColorFormat:4]]
[2025.11.24-18.43.12:162][  0]LogConfig: Setting CVar [[r.DetailMode:2]]
[2025.11.24-18.43.12:162][  0]LogConfig: Setting CVar [[r.TranslucencyVolumeBlur:1]]
[2025.11.24-18.43.12:162][  0]LogConfig: Setting CVar [[r.MaterialQualityLevel:1 ; High quality]]
[2025.11.24-18.43.12:162][  0]LogConfig: Setting CVar [[r.AnisotropicMaterials:1]]
[2025.11.24-18.43.12:162][  0]LogConfig: Setting CVar [[r.SSS.Scale:1]]
[2025.11.24-18.43.12:162][  0]LogConfig: Setting CVar [[r.SSS.SampleSet:2]]
[2025.11.24-18.43.12:162][  0]LogConfig: Setting CVar [[r.SSS.Quality:1]]
[2025.11.24-18.43.12:162][  0]LogConfig: Setting CVar [[r.SSS.HalfRes:0]]
[2025.11.24-18.43.12:162][  0]LogConfig: Setting CVar [[r.SSGI.Quality:3]]
[2025.11.24-18.43.12:162][  0]LogConfig: Setting CVar [[r.EmitterSpawnRateScale:1.0]]
[2025.11.24-18.43.12:162][  0]LogConfig: Setting CVar [[r.ParticleLightQuality:2]]
[2025.11.24-18.43.12:162][  0]LogConfig: Setting CVar [[r.SkyAtmosphere.AerialPerspectiveLUT.FastApplyOnOpaque:1 ; Always have FastSkyLUT 1 in this case to avoid wrong sky]]
[2025.11.24-18.43.12:162][  0]LogConfig: Setting CVar [[r.SkyAtmosphere.AerialPerspectiveLUT.SampleCountMaxPerSlice:4]]
[2025.11.24-18.43.12:162][  0]LogConfig: Setting CVar [[r.SkyAtmosphere.AerialPerspectiveLUT.DepthResolution:16.0]]
[2025.11.24-18.43.12:162][  0]LogConfig: Setting CVar [[r.SkyAtmosphere.FastSkyLUT:1]]
[2025.11.24-18.43.12:162][  0]LogConfig: Setting CVar [[r.SkyAtmosphere.FastSkyLUT.SampleCountMin:4.0]]
[2025.11.24-18.43.12:162][  0]LogConfig: Setting CVar [[r.SkyAtmosphere.FastSkyLUT.SampleCountMax:128.0]]
[2025.11.24-18.43.12:162][  0]LogConfig: Setting CVar [[r.SkyAtmosphere.SampleCountMin:4.0]]
[2025.11.24-18.43.12:162][  0]LogConfig: Setting CVar [[r.SkyAtmosphere.SampleCountMax:128.0]]
[2025.11.24-18.43.12:162][  0]LogConfig: Setting CVar [[r.SkyAtmosphere.TransmittanceLUT.UseSmallFormat:0]]
[2025.11.24-18.43.12:162][  0]LogConfig: Setting CVar [[r.SkyAtmosphere.TransmittanceLUT.SampleCount:10.0]]
[2025.11.24-18.43.12:162][  0]LogConfig: Setting CVar [[r.SkyAtmosphere.MultiScatteringLUT.SampleCount:15.0]]
[2025.11.24-18.43.12:162][  0]LogConfig: Setting CVar [[r.SkyLight.RealTimeReflectionCapture:1]]
[2025.11.24-18.43.12:162][  0]LogConfig: Applying CVar settings from Section [FoliageQuality@3] File [E:/Unreal/Fumec_DevGames/Saved/Config/Windows/Scalability.ini]
[2025.11.24-18.43.12:162][  0]LogConfig: Setting CVar [[foliage.DensityScale:1.0]]
[2025.11.24-18.43.12:162][  0]LogConfig: Setting CVar [[grass.DensityScale:1.0]]
[2025.11.24-18.43.12:162][  0]LogConfig: Applying CVar settings from Section [ShadingQuality@3] File [E:/Unreal/Fumec_DevGames/Saved/Config/Windows/Scalability.ini]
[2025.11.24-18.43.12:162][  0]LogConfig: Setting CVar [[r.HairStrands.SkyLighting.IntegrationType:2]]
[2025.11.24-18.43.12:162][  0]LogConfig: Setting CVar [[r.HairStrands.SkyAO.SampleCount:4]]
[2025.11.24-18.43.12:162][  0]LogConfig: Setting CVar [[r.HairStrands.Visibility.MSAA.SamplePerPixel:4]]
[2025.11.24-18.43.12:162][  0]LogConfig: Applying CVar settings from Section [Startup] File [../../../Engine/Config/ConsoleVariables.ini]
[2025.11.24-18.43.12:162][  0]LogConfig: Setting CVar [[net.UseAdaptiveNetUpdateFrequency:0]]
[2025.11.24-18.43.12:162][  0]LogConfig: Setting CVar [[p.chaos.AllowCreatePhysxBodies:1]]
[2025.11.24-18.43.12:162][  0]LogConfig: Setting CVar [[fx.SkipVectorVMBackendOptimizations:1]]
[2025.11.24-18.43.12:162][  0]LogConfig: Applying CVar settings from Section [ConsoleVariables] File [E:/Unreal/Fumec_DevGames/Saved/Config/Windows/Engine.ini]
[2025.11.24-18.43.12:162][  0]LogConfig: Applying CVar settings from Section [ConsoleVariables] File [E:/Unreal/Fumec_DevGames/Saved/Config/Windows/Editor.ini]
[2025.11.24-18.43.12:162][  0]LogInit: Computer: LUCY
[2025.11.24-18.43.12:162][  0]LogInit: User: Gabriel
[2025.11.24-18.43.12:162][  0]LogInit: CPU Page size=4096, Cores=4
[2025.11.24-18.43.12:162][  0]LogInit: High frequency timer resolution =10.000000 MHz
[2025.11.24-18.43.12:162][  0]LogMemory: Memory total: Physical=13.9GB (14GB approx)
[2025.11.24-18.43.12:162][  0]LogMemory: Platform Memory Stats for Windows
[2025.11.24-18.43.12:162][  0]LogMemory: Process Physical Memory: 147.13 MB used, 147.13 MB peak
[2025.11.24-18.43.12:162][  0]LogMemory: Process Virtual Memory: 128.84 MB used, 128.84 MB peak
[2025.11.24-18.43.12:162][  0]LogMemory: Physical Memory: 8393.07 MB used,  5881.57 MB free, 14274.64 MB total
[2025.11.24-18.43.12:162][  0]LogMemory: Virtual Memory: 134207704.00 MB used,  10023.11 MB free, 134217728.00 MB total
[2025.11.24-18.43.12:172][  0]LogWindows: WindowsPlatformFeatures enabled
[2025.11.24-18.43.12:251][  0]LogInit: Physics initialised using underlying interface: PhysX
[2025.11.24-18.43.12:252][  0]LogInit: Overriding language with editor language configuration option (en).
[2025.11.24-18.43.12:252][  0]LogInit: Overriding language with editor locale configuration option (en).
[2025.11.24-18.43.12:586][  0]LogInit: Setting process to per monitor DPI aware
[2025.11.24-18.43.12:602][  0]LogWindowsTextInputMethodSystem: Display: IME system deactivated.
[2025.11.24-18.43.12:625][  0]LogSlate: New Slate User Created.  User Index 0, Is Virtual User: 0
[2025.11.24-18.43.12:625][  0]LogSlate: Slate User Registered.  User Index 0, Is Virtual User: 0
[2025.11.24-18.43.12:884][  0]LogD3D11RHI: Loaded GFSDK_Aftermath_Lib.x64.dll
[2025.11.24-18.43.12:990][  0]LogHMD: Failed to initialize OpenVR with code 110
[2025.11.24-18.43.12:990][  0]LogD3D11RHI: D3D11 min allowed feature level: 11_0
[2025.11.24-18.43.12:990][  0]LogD3D11RHI: D3D11 max allowed feature level: 11_0
[2025.11.24-18.43.12:990][  0]LogD3D11RHI: D3D11 adapters:
[2025.11.24-18.43.13:229][  0]LogD3D11RHI:    0. 'NVIDIA GeForce GTX 1650' (Feature Level 11_0)
[2025.11.24-18.43.13:229][  0]LogD3D11RHI:       3938/0/7137 MB DedicatedVideo/DedicatedSystem/SharedSystem, Outputs:1, VendorId:0x10de
[2025.11.24-18.43.13:278][  0]LogD3D11RHI:    1. 'AMD Radeon(TM) RX Vega 10 Graphics' (Feature Level 11_0)
[2025.11.24-18.43.13:278][  0]LogD3D11RHI:       2034/0/7137 MB DedicatedVideo/DedicatedSystem/SharedSystem, Outputs:0, VendorId:0x1002
[2025.11.24-18.43.13:282][  0]LogD3D11RHI:    2. 'Microsoft Basic Render Driver' (Feature Level 11_0)
[2025.11.24-18.43.13:282][  0]LogD3D11RHI:       0/0/7137 MB DedicatedVideo/DedicatedSystem/SharedSystem, Outputs:0, VendorId:0x1414
[2025.11.24-18.43.13:319][  0]LogD3D11RHI:    3. 'AMD Radeon(TM) RX Vega 10 Graphics' (Feature Level 11_0)
[2025.11.24-18.43.13:319][  0]LogD3D11RHI:       2034/0/7137 MB DedicatedVideo/DedicatedSystem/SharedSystem, Outputs:0, VendorId:0x1002
[2025.11.24-18.43.13:353][  0]LogD3D11RHI:    4. 'AMD Radeon(TM) RX Vega 10 Graphics' (Feature Level 11_0)
[2025.11.24-18.43.13:353][  0]LogD3D11RHI:       2034/0/7137 MB DedicatedVideo/DedicatedSystem/SharedSystem, Outputs:0, VendorId:0x1002
[2025.11.24-18.43.13:390][  0]LogD3D11RHI:    5. 'AMD Radeon(TM) RX Vega 10 Graphics' (Feature Level 11_0)
[2025.11.24-18.43.13:390][  0]LogD3D11RHI:       2034/0/7137 MB DedicatedVideo/DedicatedSystem/SharedSystem, Outputs:0, VendorId:0x1002
[2025.11.24-18.43.13:425][  0]LogD3D11RHI:    6. 'AMD Radeon(TM) RX Vega 10 Graphics' (Feature Level 11_0)
[2025.11.24-18.43.13:425][  0]LogD3D11RHI:       2034/0/7137 MB DedicatedVideo/DedicatedSystem/SharedSystem, Outputs:0, VendorId:0x1002
[2025.11.24-18.43.13:425][  0]LogD3D11RHI: Chosen D3D11 Adapter:
[2025.11.24-18.43.13:425][  0]LogD3D11RHI:     Description : NVIDIA GeForce GTX 1650
[2025.11.24-18.43.13:425][  0]LogD3D11RHI:     VendorId    : 10de
[2025.11.24-18.43.13:425][  0]LogD3D11RHI:     DeviceId    : 1f91
[2025.11.24-18.43.13:425][  0]LogD3D11RHI:     SubSysId    : 142a1025
[2025.11.24-18.43.13:425][  0]LogD3D11RHI:     Revision    : 00a1
[2025.11.24-18.43.13:425][  0]LogD3D11RHI:     DedicatedVideoMemory : 4129292288 bytes
[2025.11.24-18.43.13:425][  0]LogD3D11RHI:     DedicatedSystemMemory : 0 bytes
[2025.11.24-18.43.13:425][  0]LogD3D11RHI:     SharedSystemMemory : 7484020736 bytes
[2025.11.24-18.43.13:425][  0]LogD3D11RHI:     AdapterLuid : 0 68703
[2025.11.24-18.43.13:434][  0]LogD3D11RHI: Creating new Direct3DDevice
[2025.11.24-18.43.13:434][  0]LogD3D11RHI:     GPU DeviceId: 0x1f91 (for the marketing name, search the web for "GPU Device Id")
[2025.11.24-18.43.13:434][  0]LogWindows: EnumDisplayDevices:
[2025.11.24-18.43.13:434][  0]LogWindows:    0. 'AMD Radeon(TM) RX Vega 10 Graphics ' (P:1 D:1)
[2025.11.24-18.43.13:435][  0]LogWindows:    1. 'AMD Radeon(TM) RX Vega 10 Graphics ' (P:0 D:0)
[2025.11.24-18.43.13:435][  0]LogWindows:    2. 'AMD Radeon(TM) RX Vega 10 Graphics ' (P:0 D:0)
[2025.11.24-18.43.13:436][  0]LogWindows:    3. 'AMD Radeon(TM) RX Vega 10 Graphics ' (P:0 D:0)
[2025.11.24-18.43.13:436][  0]LogWindows:    4. 'MS Idd Device' (P:0 D:0)
[2025.11.24-18.43.13:436][  0]LogWindows:    5. 'Parsec Virtual Display Adapter' (P:0 D:0)
[2025.11.24-18.43.13:436][  0]LogWindows:    6. 'Parsec Virtual Display Adapter' (P:0 D:0)
[2025.11.24-18.43.13:437][  0]LogWindows:    7. 'Parsec Virtual Display Adapter' (P:0 D:0)
[2025.11.24-18.43.13:437][  0]LogWindows:    8. 'Parsec Virtual Display Adapter' (P:0 D:0)
[2025.11.24-18.43.13:437][  0]LogWindows:    9. 'Parsec Virtual Display Adapter' (P:0 D:0)
[2025.11.24-18.43.13:437][  0]LogWindows:    10. 'Parsec Virtual Display Adapter' (P:0 D:0)
[2025.11.24-18.43.13:437][  0]LogWindows:    11. 'Parsec Virtual Display Adapter' (P:0 D:0)
[2025.11.24-18.43.13:437][  0]LogWindows:    12. 'Parsec Virtual Display Adapter' (P:0 D:0)
[2025.11.24-18.43.13:438][  0]LogWindows:    13. 'Parsec Virtual Display Adapter' (P:0 D:0)
[2025.11.24-18.43.13:438][  0]LogWindows:    14. 'Parsec Virtual Display Adapter' (P:0 D:0)
[2025.11.24-18.43.13:438][  0]LogWindows:    15. 'Parsec Virtual Display Adapter' (P:0 D:0)
[2025.11.24-18.43.13:438][  0]LogWindows:    16. 'Parsec Virtual Display Adapter' (P:0 D:0)
[2025.11.24-18.43.13:440][  0]LogWindows:    17. 'Parsec Virtual Display Adapter' (P:0 D:0)
[2025.11.24-18.43.13:440][  0]LogWindows:    18. 'Parsec Virtual Display Adapter' (P:0 D:0)
[2025.11.24-18.43.13:440][  0]LogWindows:    19. 'Parsec Virtual Display Adapter' (P:0 D:0)
[2025.11.24-18.43.13:441][  0]LogWindows:    20. 'Parsec Virtual Display Adapter' (P:0 D:0)
[2025.11.24-18.43.13:441][  0]LogWindows:    21. 'MS Idd Device' (P:0 D:0)
[2025.11.24-18.43.13:441][  0]LogWindows:    22. 'MS Idd Device' (P:0 D:0)
[2025.11.24-18.43.13:441][  0]LogWindows: DebugString: PrimaryIsNotTheChoosenAdapter PrimaryIsNotTheChoosenAdapter PrimaryIsNotTheChoosenAdapter PrimaryIsNotTheChoosenAdapter GetVideoDriverDetailsInvalid PrimaryIsNotTheChoosenAdapter GetVideoDriverDetailsInvalid PrimaryIsNotTheChoosenAdapter GetVideoDriverDetailsInvalid PrimaryIsNotTheChoosenAdapter GetVideoDriverDetailsInvalid PrimaryIsNotTheChoosenAdapter GetVideoDriverDetailsInvalid PrimaryIsNotTheChoosenAdapter GetVideoDriverDetailsInvalid PrimaryIsNotTheChoosenAdapter GetVideoDriverDetailsInvalid PrimaryIsNotTheChoosenAdapter GetVideoDriverDetailsInvalid PrimaryIsNotTheChoosenAdapter GetVideoDriverDetailsInvalid PrimaryIsNotTheChoosenAdapter GetVideoDriverDetailsInvalid PrimaryIsNotTheChoosenAdapter GetVideoDriverDetailsInvalid PrimaryIsNotTheChoosenAdapter GetVideoDriverDetailsInvalid PrimaryIsNotTheChoosenAdapter GetVideoDriverDetailsInvalid PrimaryIsNotTheChoosenAdapter GetVideoDriverDetailsInvalid PrimaryIsNotTheChoosenAdapter GetVideoDriverDetailsInvalid PrimaryIsNotTheChoosenAdapter GetVideoDriverDetailsInvalid PrimaryIsNotTheChoosenAdapter GetVideoDriverDetailsInvalid PrimaryIsNotTheChoosenAdapter GetVideoDriverDetailsInvalid PrimaryIsNotTheChoosenAdapter GetVideoDriverDetailsInvalid PrimaryIsNotTheChoosenAdapter FoundDriverCount:0 
[2025.11.24-18.43.13:441][  0]LogD3D11RHI:     Adapter Name: NVIDIA GeForce GTX 1650
[2025.11.24-18.43.13:441][  0]LogD3D11RHI:   Driver Version: Unknown (internal:Unknown, unified:Unknown)
[2025.11.24-18.43.13:441][  0]LogD3D11RHI:      Driver Date: Unknown
[2025.11.24-18.43.13:441][  0]LogRHI: Texture pool is 2756 MB (70% of 3938 MB)
[2025.11.24-18.43.13:441][  0]LogD3D11RHI: Creating D3DDevice using adapter:
[2025.11.24-18.43.13:441][  0]LogD3D11RHI:     Description : NVIDIA GeForce GTX 1650
[2025.11.24-18.43.13:441][  0]LogD3D11RHI:     VendorId    : 10de
[2025.11.24-18.43.13:441][  0]LogD3D11RHI:     DeviceId    : 1f91
[2025.11.24-18.43.13:441][  0]LogD3D11RHI:     SubSysId    : 142a1025
[2025.11.24-18.43.13:441][  0]LogD3D11RHI:     Revision    : 00a1
[2025.11.24-18.43.13:441][  0]LogD3D11RHI:     DedicatedVideoMemory : 4129292288 bytes
[2025.11.24-18.43.13:441][  0]LogD3D11RHI:     DedicatedSystemMemory : 0 bytes
[2025.11.24-18.43.13:441][  0]LogD3D11RHI:     SharedSystemMemory : 7484020736 bytes
[2025.11.24-18.43.13:441][  0]LogD3D11RHI:     AdapterLuid : 0 68703
[2025.11.24-18.43.13:606][  0]LogD3D11RHI: RHI has support for 64 bit atomics
[2025.11.24-18.43.13:606][  0]LogD3D11RHI: Async texture creation enabled
[2025.11.24-18.43.13:606][  0]LogD3D11RHI: Array index from any shader is supported
[2025.11.24-18.43.13:664][  0]LogD3D11RHI: GPU Timing Frequency: 1000.000000 (Debug: 2 1)
[2025.11.24-18.43.13:720][  0]LogRHI: GeForceNow SDK initialized: 1
[2025.11.24-18.43.14:213][  0]LogTargetPlatformManager: Display: Loaded TargetPlatform 'AllDesktop'
[2025.11.24-18.43.14:250][  0]LogTargetPlatformManager: Display: Loaded TargetPlatform 'Android'
[2025.11.24-18.43.14:251][  0]LogTargetPlatformManager: Display: Loaded TargetPlatform 'Android_ASTC'
[2025.11.24-18.43.14:251][  0]LogTargetPlatformManager: Display: Loaded TargetPlatform 'Android_DXT'
[2025.11.24-18.43.14:251][  0]LogTargetPlatformManager: Display: Loaded TargetPlatform 'Android_ETC2'
[2025.11.24-18.43.14:251][  0]LogTargetPlatformManager: Display: Loaded TargetPlatform 'AndroidClient'
[2025.11.24-18.43.14:251][  0]LogTargetPlatformManager: Display: Loaded TargetPlatform 'Android_ASTCClient'
[2025.11.24-18.43.14:251][  0]LogTargetPlatformManager: Display: Loaded TargetPlatform 'Android_DXTClient'
[2025.11.24-18.43.14:251][  0]LogTargetPlatformManager: Display: Loaded TargetPlatform 'Android_ETC2Client'
[2025.11.24-18.43.14:251][  0]LogTargetPlatformManager: Display: Loaded TargetPlatform 'Android_Multi'
[2025.11.24-18.43.14:251][  0]LogTargetPlatformManager: Display: Loaded TargetPlatform 'Android_MultiClient'
[2025.11.24-18.43.14:282][  0]LogTargetPlatformManager: Display: Loaded TargetPlatform 'IOSClient'
[2025.11.24-18.43.14:282][  0]LogTargetPlatformManager: Display: Loaded TargetPlatform 'IOS'
[2025.11.24-18.43.14:297][  0]LogTargetPlatformManager: Display: Loaded TargetPlatform 'Linux'
[2025.11.24-18.43.14:306][  0]LogTargetPlatformManager: Display: Loaded TargetPlatform 'LinuxNoEditor'
[2025.11.24-18.43.14:316][  0]LogTargetPlatformManager: Display: Loaded TargetPlatform 'LinuxClient'
[2025.11.24-18.43.14:323][  0]LogTargetPlatformManager: Display: Loaded TargetPlatform 'LinuxServer'
[2025.11.24-18.43.14:338][  0]LogTargetPlatformManager: Display: Loaded TargetPlatform 'LinuxAArch64NoEditor'
[2025.11.24-18.43.14:345][  0]LogTargetPlatformManager: Display: Loaded TargetPlatform 'LinuxAArch64Client'
[2025.11.24-18.43.14:353][  0]LogTargetPlatformManager: Display: Loaded TargetPlatform 'LinuxAArch64Server'
[2025.11.24-18.43.14:396][  0]LogTargetPlatformManager: Display: Loaded TargetPlatform 'Lumin'
[2025.11.24-18.43.14:396][  0]LogTargetPlatformManager: Display: Loaded TargetPlatform 'LuminClient'
[2025.11.24-18.43.14:414][  0]LogTargetPlatformManager: Display: Loaded TargetPlatform 'MacNoEditor'
[2025.11.24-18.43.14:424][  0]LogTargetPlatformManager: Display: Loaded TargetPlatform 'Mac'
[2025.11.24-18.43.14:432][  0]LogTargetPlatformManager: Display: Loaded TargetPlatform 'MacClient'
[2025.11.24-18.43.14:439][  0]LogTargetPlatformManager: Display: Loaded TargetPlatform 'MacServer'
[2025.11.24-18.43.14:457][  0]LogTargetPlatformManager: Display: Loaded TargetPlatform 'TVOSClient'
[2025.11.24-18.43.14:457][  0]LogTargetPlatformManager: Display: Loaded TargetPlatform 'TVOS'
[2025.11.24-18.43.14:471][  0]LogTargetPlatformManager: Display: Loaded TargetPlatform 'WindowsNoEditor'
[2025.11.24-18.43.14:480][  0]LogTargetPlatformManager: Display: Loaded TargetPlatform 'Windows'
[2025.11.24-18.43.14:487][  0]LogTargetPlatformManager: Display: Loaded TargetPlatform 'WindowsClient'
[2025.11.24-18.43.14:495][  0]LogTargetPlatformManager: Display: Loaded TargetPlatform 'WindowsServer'
[2025.11.24-18.43.14:495][  0]LogTargetPlatformManager: Display: Building Assets For Windows
[2025.11.24-18.43.14:507][  0]LogAudioDebug: Display: Lib vorbis DLL was dynamically loaded.
[2025.11.24-18.43.14:562][  0]LogTextureFormatOodle: Display: Oodle Texture 2.9.0 init RDO Off
[2025.11.24-18.43.14:618][  0]LogRendererCore: Ray tracing is disabled. Reason: r.RayTracing=0.
[2025.11.24-18.43.14:618][  0]LogShaderCompilers: Guid format shader working directory is 23 characters bigger than the processId version (E:/Unreal/Fumec_DevGames/Intermediate/Shaders/WorkingDirectory/15980/).
[2025.11.24-18.43.14:618][  0]LogShaderCompilers: Cleaned the shader compiler working directory 'C:/Users/Gabriel/AppData/Local/Temp/UnrealShaderWorkingDir/2B8403074C86133C1A89CAA127ECC1A3/'.
[2025.11.24-18.43.14:618][  0]LogXGEController: Cannot use XGE Controller as Incredibuild is not installed on this machine.
[2025.11.24-18.43.14:618][  0]LogShaderCompilers: Cannot use XGE Shader Compiler as Incredibuild is not installed on this machine.
[2025.11.24-18.43.14:618][  0]LogShaderCompilers: Display: Using Local Shader Compiler.
[2025.11.24-18.43.15:709][  0]LogDerivedDataCache: Display: Max Cache Size: 512 MB
[2025.11.24-18.43.15:771][  0]LogDerivedDataCache: Loaded boot cache 0.06s 94MB C:/Users/Gabriel/AppData/Local/UnrealEngine/4.27/DerivedDataCache/Boot.ddc.
[2025.11.24-18.43.15:771][  0]LogDerivedDataCache: Display: Loaded Boot cache: C:/Users/Gabriel/AppData/Local/UnrealEngine/4.27/DerivedDataCache/Boot.ddc
[2025.11.24-18.43.15:772][  0]LogDerivedDataCache: FDerivedDataBackendGraph:  Pak pak cache file E:/Unreal/Fumec_DevGames/DerivedDataCache/DDC.ddp not found, will not use a pak cache.
[2025.11.24-18.43.15:772][  0]LogDerivedDataCache: Unable to find inner node Pak for hierarchical cache Hierarchy.
[2025.11.24-18.43.15:772][  0]LogDerivedDataCache: FDerivedDataBackendGraph:  CompressedPak pak cache file E:/Unreal/Fumec_DevGames/DerivedDataCache/Compressed.ddp not found, will not use a pak cache.
[2025.11.24-18.43.15:772][  0]LogDerivedDataCache: Unable to find inner node CompressedPak for hierarchical cache Hierarchy.
[2025.11.24-18.43.15:795][  0]LogDerivedDataCache: Display: Pak cache opened for reading ../../../Engine/DerivedDataCache/Compressed.ddp.
[2025.11.24-18.43.15:795][  0]LogDerivedDataCache: FDerivedDataBackendGraph:  EnterprisePak pak cache file ../../../Enterprise/DerivedDataCache/Compressed.ddp not found, will not use a pak cache.
[2025.11.24-18.43.15:795][  0]LogDerivedDataCache: Unable to find inner node EnterprisePak for hierarchical cache Hierarchy.
[2025.11.24-18.43.15:810][  0]LogDerivedDataCache: Speed tests for C:/Users/Gabriel/AppData/Local/UnrealEngine/Common/DerivedDataCache took 0.02 seconds
[2025.11.24-18.43.15:810][  0]LogDerivedDataCache: Display: Performance to C:/Users/Gabriel/AppData/Local/UnrealEngine/Common/DerivedDataCache: Latency=0.04ms. RandomReadSpeed=788.94MBs, RandomWriteSpeed=68.80MBs. Assigned SpeedClass 'Local'
[2025.11.24-18.43.15:812][  0]LogDerivedDataCache: Using Local data cache path C:/Users/Gabriel/AppData/Local/UnrealEngine/Common/DerivedDataCache: Writable
[2025.11.24-18.43.15:813][  0]LogDerivedDataCache: Shared data cache path not found in *engine.ini, will not use an Shared cache.
[2025.11.24-18.43.15:813][  0]LogDerivedDataCache: Unable to find inner node Shared for hierarchical cache Hierarchy.
[2025.11.24-18.43.15:882][  0]LogSlate: Using FreeType 2.10.0
[2025.11.24-18.43.15:882][  0]LogSlate: SlateFontServices - WITH_FREETYPE: 1, WITH_HARFBUZZ: 1
[2025.11.24-18.43.15:916][  0]LogAssetRegistry: FAssetRegistry took 0.0036 seconds to start up
[2025.11.24-18.43.16:215][  0]LogInit: Selected Device Profile: [Windows]
[2025.11.24-18.43.16:215][  0]LogInit: Active device profile: [000002341E80B900][00000234175935C0 49] Windows
[2025.11.24-18.43.16:215][  0]LogInit: Profiles: [000002341E80B900][00000234175935C0 49] Windows, [000002341E790B00][00000234175D3740 49] WindowsNoEditor, [000002341E808B00][00000234175D78C0 49] WindowsServer, [000002341E793700][00000234175DBA40 49] WindowsClient, [000002341E80B700][00000234175DFBC0 49] IOS, [000002341E790100][00000234175E21C0 49] iPadAir, [000002341E808500][00000234175E6340 49] iPadAir2, [000002341E4BCC00][000002341DDB4600 49] IPadPro, [000002341E4BCD00][000002341DDAC640 49] iPadAir3, [000002341E80B500][000002341759A780 49] iPadAir4, [000002341E4BFE00][000002341DDC08C0 49] iPadMini2, [000002341E808400][000002341DDC4A00 49] iPadMini3, [000002341E4BD700][000002341DDC8B40 49] iPadMini4, [000002341E80B400][000002341DDD0CC0 49] iPadMini5, [000002341E793000][000002341DDD8F80 49] iPhone6, [000002341E792F00][000002341DDD4FC0 49] iPodTouch6, [000002341E4BF500][000002341EDF1280 49] iPhone7, [000002341E4BF400][000002341DDDD2C0 49] iPodTouch7, [000002341E793A00][000002341EDF5440 49] iPhone5S, [000002341E4BCA00][000002341EDF95C0 49] iPhone6Plus, [000002341E792600][000002341EDFD740 49] iPhone6S, [000002341E4BEC00][000002341EE018C0 49] iPhone6SPlus, [000002341E790500][000002341EE05A40 49] iPhone7Plus, [000002341E4BD200][000002341EE09BC0 49] iPhoneSE, [000002341E792200][000002341EE0C1C0 49] iPhone8, [000002341E4BE800][000002341EE10340 49] iPhone8Plus, [000002341E790600][000002341EE144C0 49] iPhoneX, [000002341E4BD400][000002341EE18640 49] iPhoneXS, [000002341E791F00][000002341EE1C7C0 49] iPhoneXSMax, [000002341E4BE500][000002341EE20940 49] iPhoneXR, [000002341E790E00][000002341DDCCA80 49] iPhone11, [000002341E4BC300][000002341EE24BC0 49] iPhone11Pro, [000002341E791C00][000002341EE28D00 49] iPhone11ProMax, [000002341E4BFA00][000002341EE30E80 49] iPhoneSE2, [000002341E792D00][000002341EE35000 49] iPhone12Mini, [000002341E4BDA00][000002341EE39180 49] iPhone12, [000002341E793200][000002341EE3D300 49] iPhone12Pro, [000002341E4BC800][000002341EE41480 49] iPhone12ProMax, [000002341E792800][000002341EE45600 49] iPadPro105, [000002341E4BDC00][000002341EE49780 49] iPadPro129, [000002341E790700][000002341EE4D900 49] iPadPro97, [000002341E4BE100][000002341EE51A80 49] iPadPro2_129, [000002341E791600][000002341EE55C00 49] iPad5, [000002341E4BDE00][000002341EE60200 49] iPad6, [000002341E791900][000002341EE64380 49] iPad7, [000002341E4BDF00][000002341EE68500 49] iPad8, [000002341E793C00][000002341EE6C680 49] iPadPro11, [000002341E4BE400][000002341EE70800 49] iPadPro2_11, [000002341E790400][000002341EE74980 49] iPadPro3_129, [000002341E4BC900][000002341EE78B00 49] iPadPro4_129, [000002341E792900][000002341EE2CC40 49] AppleTV, [000002341E4BF100][000002341EE7CD80 49] AppleTV4K, [000002341E793400][000002341EE80EC0 49] TVOS, [000002341E4BC700][000002341EE89040 49] Mac, [000002341E791800][000002341EE8D1C0 49] MacClient, [000002341E4BF600][000002341EE91340 49] MacNoEditor, [000002341E791E00][000002341EE954C0 49] MacServer, [000002341E4BEB00][000002341EE99640 49] Linux, [000002341E793100][000002341EE9D7C0 49] LinuxAArch64, [000002341E4BEE00][000002341EEA1940 49] LinuxNoEditor, [000002341E793E00][000002341EEA5AC0 49] LinuxAArch64NoEditor, [000002341E4BE000][000002341EEA80C0 49] LinuxClient, [000002341E792000][000002341EEAC240 49] LinuxAArch64Client, [000002341E4BFC00][000002341EEB03C0 49] LinuxServer, [000002341E792100][000002341EEB4540 49] LinuxAArch64Server, [000002341E809000][000002341EEB86C0 49] Android, [000002341E969500][000002341EEBC840 49] Android_Low, [000002341E80AB00][000002341EEC09C0 49] Android_Mid, [000002341E969200][000002341EEC4B40 49] Android_High, [000002341E809E00][000002341EEC8CC0 49] Android_Default, [000002341E968F00][000002341EE84E00 49] Android_Adreno4xx, [000002341E809100][000002341EECCF40 49] Android_Adreno5xx_Low, [000002341E969C00][000002341EED1080 49] Android_Adreno5xx, [000002341E808100][000002341EED51C0 49] Android_Adreno6xx, [000002341E968B00][000002341EEDD340 49] Android_Adreno6xx_Vulkan, [000002341E80A400][000002341EEE14C0 49] Android_Mali_T6xx, [000002341E96A400][000002341EEE5640 49] Android_Mali_T7xx, [000002341E80AE00][000002341EEE97C0 49] Android_Mali_T8xx, [000002341E969300][000002341EEED940 49] Android_Mali_G71, [000002341E809500][000002341EEF1AC0 49] Android_Mali_G72, [000002341E968600][000002341EEF40C0 49] Android_Mali_G72_Vulkan, [000002341E809900][000002341EEF8240 49] Android_Mali_G76, [000002341E96A000][000002341EEFC3C0 49] Android_Mali_G76_Vulkan, [000002341E809A00][000002341EF00540 49] Android_Mali_G77, [000002341E96A300][000002341EF046C0 49] Android_Mali_G77_Vulkan, [000002341E791B00][000002341EF08840 49] Android_Mali_G78, [000002341E4BEF00][000002341EF0C9C0 49] Android_Mali_G78_Vulkan, [000002341E791A00][000002341EF10B40 49] Android_Mali_G710, [000002341E4BD600][000002341EF14CC0 49] Android_Mali_G710_Vulkan, [000002341E791500][000002341EF18E40 49] Android_Vulkan_SM5, [000002341E4BCE00][000002341EED8F80 49] Android_PowerVR_G6xxx, [000002341E792700][000002341EF1D0C0 49] Android_PowerVR_GT7xxx, [000002341E969A00][000002341EF21200 49] Android_PowerVR_GE8xxx, [000002341E793900][000002341EF25340 49] Android_PowerVR_GM9xxx, [000002341E969100][000002341EF2D4C0 49] Android_PowerVR_GM9xxx_Vulkan, [000002341E791000][000002341EF31640 49] Android_TegraK1, [000002341E968100][000002341EF357C0 49] Android_Unknown_Vulkan, [000002341E791200][000002341EF39940 49] Lumin, [000002341E968200][000002341EF3DAC0 49] Lumin_Desktop, [000002341E792E00][000002341EF400C0 49] HoloLens, 
[2025.11.24-18.43.16:408][  0]LogMeshReduction: Using QuadricMeshReduction for automatic static mesh reduction
[2025.11.24-18.43.16:408][  0]LogMeshReduction: Using SimplygonMeshReduction for automatic skeletal mesh reduction
[2025.11.24-18.43.16:408][  0]LogMeshReduction: Using ProxyLODMeshReduction for automatic mesh merging
[2025.11.24-18.43.16:408][  0]LogMeshReduction: No distributed automatic mesh merging module available
[2025.11.24-18.43.16:408][  0]LogMeshMerging: No distributed automatic mesh merging module available
[2025.11.24-18.43.16:432][  0]LogNetVersion: ColunaDoendoSamurai 1.0.0, NetCL: 17155196, EngineNetVer: 17, GameNetVer: 0 (Checksum: 440667709)
[2025.11.24-18.43.16:936][  0]LogTexture: Default maximum texture size for cubemaps generated from long-lat sources has been changed from 512 to unlimited. In order to preserve old behaiour for '/Engine/MapTemplates/Sky/DaylightAmbientCubemap.DaylightAmbientCubemap', its maximum texture size has been explicitly set to 512.
[2025.11.24-18.43.17:001][  0]LogHMD: PokeAHoleMaterial loaded successfully
[2025.11.24-18.43.17:009][  0]LogUObjectArray: 17178 objects as part of root set at end of initial load.
[2025.11.24-18.43.17:009][  0]LogUObjectAllocator: 4302048 out of 0 bytes used by permanent object pool.
[2025.11.24-18.43.17:009][  0]LogUObjectArray: CloseDisregardForGC: 0/0 objects in disregard for GC pool
[2025.11.24-18.43.17:302][  0]LogNiagaraDebuggerClient: Niagara Debugger Client Initialized | Session: CADA484A413DBB66AF76809940E38B12 | Instance: 4405DA3A412F690A06304E99AAA8D7FE (LUCY-15980).
[2025.11.24-18.43.17:641][  0]LogPython: Using Python 3.7.7
[2025.11.24-18.43.18:307][  0]LogTcpMessaging: Initializing TcpMessaging bridge
[2025.11.24-18.43.18:314][  0]LogUdpMessaging: Initializing bridge on interface 0.0.0.0:0 to multicast group 230.0.0.1:6666.
[2025.11.24-18.43.18:558][  0]SourceControl: Source control is disabled
[2025.11.24-18.43.18:558][  0]SourceControl: Source control is disabled
[2025.11.24-18.43.18:565][  0]SourceControl: Source control is disabled
[2025.11.24-18.43.18:581][  0]SourceControl: Source control is disabled
[2025.11.24-18.43.18:587][  0]SourceControl: Source control is disabled
[2025.11.24-18.43.18:593][  0]LogUProjectInfo: Found projects:
[2025.11.24-18.43.19:003][  0]LogOpenImageDenoise: OIDN starting up
[2025.11.24-18.43.19:084][  0]LogAndroidPermission: UAndroidPermissionCallbackProxy::GetInstance
[2025.11.24-18.43.19:132][  0]LogAudioCaptureCore: Display: No Audio Capture implementations found. Audio input will be silent.
[2025.11.24-18.43.19:132][  0]LogAudioCaptureCore: Display: No Audio Capture implementations found. Audio input will be silent.
[2025.11.24-18.43.19:328][  0]LogCollectionManager: Loaded 0 collections in 0.002306 seconds
[2025.11.24-18.43.19:385][  0]LogFileCache: Scanning file cache for directory 'E:/Unreal/Fumec_DevGames/Saved/Collections/' took 0.00s
[2025.11.24-18.43.19:385][  0]LogFileCache: Scanning file cache for directory 'E:/Unreal/Fumec_DevGames/Content/Developers/Gabriel/Collections/' took 0.00s
[2025.11.24-18.43.19:385][  0]LogFileCache: Scanning file cache for directory 'E:/Unreal/Fumec_DevGames/Content/Collections/' took 0.00s
[2025.11.24-18.43.19:385][  0]LogOcInput: OculusInput pre-init called
[2025.11.24-18.43.19:710][  0]LogEngine: Initializing Engine...
[2025.11.24-18.43.19:812][  0]LogHMD: Failed to enumerate extensions. Please check that you have a valid OpenXR runtime installed.
[2025.11.24-18.43.19:812][  0]LogHMD: Failed to initialize OpenVR with code 110
[2025.11.24-18.43.19:812][  0]LogMagicLeap: Warning: VR disabled because ZI is not enabled.  To enable, in the editor, Edit -> Project Settings -> Plugins -> Magic Leap Plugin -> Enable Zero Iteration
[2025.11.24-18.43.19:813][  0]LogStats: UGameplayTagsManager::InitializeManager -  0.000 s
[2025.11.24-18.43.19:978][  0]LogInit: Initializing FReadOnlyCVARCache
[2025.11.24-18.43.19:991][  0]LogAIModule: Creating AISystem for world Untitled
[2025.11.24-18.43.19:991][  0]LogAudio: Display: Initializing Audio Device Manager...
[2025.11.24-18.43.19:998][  0]LogAudio: Display: Loading Default Audio Settings Objects...
[2025.11.24-18.43.19:998][  0]LogAudio: Display: No default SoundConcurrencyObject specified (or failed to load).
[2025.11.24-18.43.20:000][  0]LogAudio: Display: Audio Device Manager Initialized
[2025.11.24-18.43.20:000][  0]LogAudio: Display: Creating Audio Device:                 Id: 1, Scope: Shared, Realtime: True
[2025.11.24-18.43.20:000][  0]LogAudioMixer: Display: Audio Mixer Platform Settings:
[2025.11.24-18.43.20:000][  0]LogAudioMixer: Display: 	Sample Rate:						  48000
[2025.11.24-18.43.20:000][  0]LogAudioMixer: Display: 	Callback Buffer Frame Size Requested: 1024
[2025.11.24-18.43.20:000][  0]LogAudioMixer: Display: 	Callback Buffer Frame Size To Use:	  1024
[2025.11.24-18.43.20:000][  0]LogAudioMixer: Display: 	Number of buffers to queue:			  2
[2025.11.24-18.43.20:000][  0]LogAudioMixer: Display: 	Max Channels (voices):				  32
[2025.11.24-18.43.20:000][  0]LogAudioMixer: Display: 	Number of Async Source Workers:		  0
[2025.11.24-18.43.20:000][  0]LogAudio: Display: AudioDevice MaxSources: 32
[2025.11.24-18.43.20:000][  0]LogAudio: Display: Audio Spatialization Plugin: None (built-in).
[2025.11.24-18.43.20:000][  0]LogAudio: Display: Audio Reverb Plugin: None (built-in).
[2025.11.24-18.43.20:000][  0]LogAudio: Display: Audio Occlusion Plugin: None (built-in).
[2025.11.24-18.43.20:000][  0]LogAudioMixer: Display: Initializing audio mixer.
[2025.11.24-18.43.20:020][  0]LogAudioMixer: Display: 0: FrontLeft
[2025.11.24-18.43.20:020][  0]LogAudioMixer: Display: 1: FrontRight
[2025.11.24-18.43.20:037][  0]LogAudioMixer: Display: Using Audio Device Alto-falantes (Realtek(R) Audio)
[2025.11.24-18.43.20:040][  0]LogAudioMixer: Display: Initializing Sound Submixes...
[2025.11.24-18.43.20:043][  0]LogAudioMixer: Display: Creating Master Submix 'MasterSubmixDefault'
[2025.11.24-18.43.20:045][  0]LogAudioMixer: Display: Creating Master Submix 'MasterReverbSubmixDefault'
[2025.11.24-18.43.20:046][  0]LogAudioMixer: Display: Creating Master Submix 'MasterEQSubmixDefault'
[2025.11.24-18.43.20:046][  0]LogAudioMixer: FMixerPlatformXAudio2::StartAudioStream() called
[2025.11.24-18.43.20:046][  0]LogAudioMixer: Display: Output buffers initialized: Frames=1024, Channels=2, Samples=2048
[2025.11.24-18.43.20:047][  0]LogAudioMixer: Display: Starting AudioMixerPlatformInterface::RunInternal()
[2025.11.24-18.43.20:047][  0]LogAudioMixer: Display: FMixerPlatformXAudio2::SubmitBuffer() called for the first time
[2025.11.24-18.43.20:047][  0]LogInit: FAudioDevice initialized.
[2025.11.24-18.43.20:048][  0]LogAudio: Display: Audio Device (ID: 1) registered with world 'Untitled'.
[2025.11.24-18.43.20:048][  0]LogNetVersion: Set ProjectVersion to 1.0.0.0. Version Checksum will be recalculated on next use.
[2025.11.24-18.43.20:133][  0]LogDerivedDataCache: Saved boot cache 0.09s 94MB C:/Users/Gabriel/AppData/Local/UnrealEngine/4.27/DerivedDataCache/Boot.ddc.
[2025.11.24-18.43.20:136][  0]LogInit: Texture streaming: Enabled
[2025.11.24-18.43.20:158][  0]LogAnalytics: Display: [UEEditor.Rocket.Release] APIServer = https://datarouter.ol.epicgames.com/. AppVersion = 4.27.2-18319896+++UE4+Release-4.27
[2025.11.24-18.43.20:166][  0]LogEngineSessionManager: EngineSessionManager initialized
[2025.11.24-18.43.20:166][  0]LogEngineSessionManager: EngineSessionManager sent abnormal shutdown report. Type=AbnormalShutdown, SessionId={34DBF98A-441D-355F-5BD6-27905FAD726C}
[2025.11.24-18.43.20:166][  0]LogEditorSessionSummary: Verbose: Initializing EditorSessionSummaryWriter for editor session tracking
[2025.11.24-18.43.20:169][  0]LogEditorSessionSummary: EditorSessionSummaryWriter initialized
[2025.11.24-18.43.20:213][  0]LogInit: Transaction tracking system initialized
[2025.11.24-18.43.20:251][  0]BlueprintLog: New page: Editor Load
[2025.11.24-18.43.20:354][  0]LocalizationService: Localization service is disabled
[2025.11.24-18.43.20:396][  0]TimingProfiler: Initialize
[2025.11.24-18.43.20:396][  0]TimingProfiler: OnSessionChanged
[2025.11.24-18.43.20:396][  0]LoadingProfiler: Initialize
[2025.11.24-18.43.20:396][  0]LoadingProfiler: OnSessionChanged
[2025.11.24-18.43.20:396][  0]NetworkingProfiler: Initialize
[2025.11.24-18.43.20:396][  0]NetworkingProfiler: OnSessionChanged
[2025.11.24-18.43.20:396][  0]MemoryProfiler: Initialize
[2025.11.24-18.43.20:396][  0]MemoryProfiler: OnSessionChanged
[2025.11.24-18.43.20:630][  0]LogCook: Display: CookSettings for Memory: MemoryMaxUsedVirtual 0MiB, MemoryMaxUsedPhysical 16384MiB, MemoryMinFreeVirtual 0MiB, MemoryMinFreePhysical 1024MiB
[2025.11.24-18.43.20:630][  0]LogCook: Display: Mobile HDR setting 1
[2025.11.24-18.43.20:925][  0]LogFileCache: Scanning file cache for directory 'E:/Unreal/Fumec_DevGames/Content/' took 0.01s
[2025.11.24-18.43.21:141][  0]LogInit: Display: Engine is initialized. Leaving FEngineLoop::Init()
[2025.11.24-18.43.21:145][  0]SourceControl: Source control is disabled
[2025.11.24-18.43.21:145][  0]LogUnrealEdMisc: Loading editor; pre map load, took 11.196
[2025.11.24-18.43.21:145][  0]Cmd: MAP LOAD FILE="E:/Unreal/Fumec_DevGames/Content/Mapas/Menu/MainMenu.umap" TEMPLATE=0 SHOWPROGRESS=1 FEATURELEVEL=3
[2025.11.24-18.43.21:146][  0]LightingResults: New page: Lighting Build
[2025.11.24-18.43.21:147][  0]LogWorld: UWorld::CleanupWorld for Untitled, bSessionEnded=true, bCleanupResources=true
[2025.11.24-18.43.21:147][  0]LogSlate: InvalidateAllWidgets triggered.  All widgets were invalidated
[2025.11.24-18.43.21:147][  0]MapCheck: New page: Map Check
[2025.11.24-18.43.21:147][  0]LightingResults: New page: Lighting Build
[2025.11.24-18.43.21:152][  0]LogAudio: Display: Audio Device unregistered from world 'None'.
[2025.11.24-18.43.21:157][  0]LogUObjectHash: Compacting FUObjectHashTables data took   1.01ms
[2025.11.24-18.43.21:598][  0]LogAudio: Display: Audio Device (ID: 1) registered with world 'MainMenu'.
[2025.11.24-18.43.21:598][  0]LogAIModule: Creating AISystem for world MainMenu
[2025.11.24-18.43.21:599][  0]LogEditorServer: Finished looking for orphan Actors (0.000 secs)
[2025.11.24-18.43.21:608][  0]LogUObjectHash: Compacting FUObjectHashTables data took   1.68ms
[2025.11.24-18.43.21:608][  0]Cmd: MAP CHECKDEP NOCLEARLOG
[2025.11.24-18.43.21:608][  0]MapCheck: Map check complete: 0 Error(s), 0 Warning(s), took 0.22ms to complete.
[2025.11.24-18.43.21:608][  0]LogFileHelpers: Loading map 'MainMenu' took 0.463
[2025.11.24-18.43.21:613][  0]LogUnrealEdMisc: Total Editor Startup Time, took 11.663
[2025.11.24-18.43.21:798][  0]LogSlate: Updating window title bar state: overlay mode, drag disabled, window buttons hidden, title bar hidden
[2025.11.24-18.43.21:805][  0]LogSlate: Updating window title bar state: overlay mode, drag disabled, window buttons hidden, title bar hidden
[2025.11.24-18.43.21:813][  0]LogSlate: Updating window title bar state: overlay mode, drag disabled, window buttons hidden, title bar hidden
[2025.11.24-18.43.21:820][  0]LogSlate: Updating window title bar state: overlay mode, drag disabled, window buttons hidden, title bar hidden
[2025.11.24-18.43.21:852][  0]LogNativeClassHierarchy: Verbose: Native class hierarchy populated in 0.0131 seconds. Added 3822 classes and 928 folders.
[2025.11.24-18.43.21:857][  0]LogNativeClassHierarchy: Verbose: Native class hierarchy updated for 'WidgetCarousel' in 0.0004 seconds. Added 0 classes and 0 folders.
[2025.11.24-18.43.21:874][  0]LogPakFile: PakFile PrimaryIndexSize=187
[2025.11.24-18.43.21:874][  0]LogPakFile: PakFile PathHashIndexSize=101
[2025.11.24-18.43.21:874][  0]LogPakFile: PakFile FullDirectoryIndexSize=148
[2025.11.24-18.43.21:874][  0]LogShaderLibrary: Display: ShaderCodeLibraryPakFileMountedCallback: PakFile 'C:/Genshin/UE_4.27/FeaturePacks/FP_FirstPerson.upack' (chunk index -1, root 'root:/') mounted
[2025.11.24-18.43.21:874][  0]LogShaderLibrary: Display: ShaderCodeLibraryPakFileMountedCallback: pending pak file info (ChunkID:-1 Root:root:/ File:C:/Genshin/UE_4.27/FeaturePacks/FP_FirstPerson.upack)
[2025.11.24-18.43.21:874][  0]LogPakFile: OnPakFileMounted2Time == 0.000084
[2025.11.24-18.43.21:889][  0]LogPakFile: PakFile PrimaryIndexSize=189
[2025.11.24-18.43.21:889][  0]LogPakFile: PakFile PathHashIndexSize=101
[2025.11.24-18.43.21:889][  0]LogPakFile: PakFile FullDirectoryIndexSize=152
[2025.11.24-18.43.21:889][  0]LogShaderLibrary: Display: ShaderCodeLibraryPakFileMountedCallback: PakFile 'C:/Genshin/UE_4.27/FeaturePacks/FP_FirstPersonBP.upack' (chunk index -1, root 'root:/') mounted
[2025.11.24-18.43.21:889][  0]LogShaderLibrary: Display: ShaderCodeLibraryPakFileMountedCallback: pending pak file info (ChunkID:-1 Root:root:/ File:C:/Genshin/UE_4.27/FeaturePacks/FP_FirstPersonBP.upack)
[2025.11.24-18.43.21:889][  0]LogPakFile: OnPakFileMounted2Time == 0.000069
[2025.11.24-18.43.21:901][  0]LogPakFile: PakFile PrimaryIndexSize=191
[2025.11.24-18.43.21:901][  0]LogPakFile: PakFile PathHashIndexSize=101
[2025.11.24-18.43.21:901][  0]LogPakFile: PakFile FullDirectoryIndexSize=160
[2025.11.24-18.43.21:901][  0]LogShaderLibrary: Display: ShaderCodeLibraryPakFileMountedCallback: PakFile 'C:/Genshin/UE_4.27/FeaturePacks/MobileStarterContent.upack' (chunk index -1, root 'root:/') mounted
[2025.11.24-18.43.21:901][  0]LogShaderLibrary: Display: ShaderCodeLibraryPakFileMountedCallback: pending pak file info (ChunkID:-1 Root:root:/ File:C:/Genshin/UE_4.27/FeaturePacks/MobileStarterContent.upack)
[2025.11.24-18.43.21:901][  0]LogPakFile: OnPakFileMounted2Time == 0.000059
[2025.11.24-18.43.21:913][  0]LogPakFile: PakFile PrimaryIndexSize=185
[2025.11.24-18.43.21:913][  0]LogPakFile: PakFile PathHashIndexSize=101
[2025.11.24-18.43.21:913][  0]LogPakFile: PakFile FullDirectoryIndexSize=148
[2025.11.24-18.43.21:913][  0]LogShaderLibrary: Display: ShaderCodeLibraryPakFileMountedCallback: PakFile 'C:/Genshin/UE_4.27/FeaturePacks/StarterContent.upack' (chunk index -1, root 'root:/') mounted
[2025.11.24-18.43.21:913][  0]LogShaderLibrary: Display: ShaderCodeLibraryPakFileMountedCallback: pending pak file info (ChunkID:-1 Root:root:/ File:C:/Genshin/UE_4.27/FeaturePacks/StarterContent.upack)
[2025.11.24-18.43.21:913][  0]LogPakFile: OnPakFileMounted2Time == 0.000063
[2025.11.24-18.43.21:924][  0]LogPakFile: PakFile PrimaryIndexSize=190
[2025.11.24-18.43.21:924][  0]LogPakFile: PakFile PathHashIndexSize=101
[2025.11.24-18.43.21:924][  0]LogPakFile: PakFile FullDirectoryIndexSize=154
[2025.11.24-18.43.21:924][  0]LogShaderLibrary: Display: ShaderCodeLibraryPakFileMountedCallback: PakFile 'C:/Genshin/UE_4.27/FeaturePacks/TP_2DSideScroller.upack' (chunk index -1, root 'root:/') mounted
[2025.11.24-18.43.21:924][  0]LogShaderLibrary: Display: ShaderCodeLibraryPakFileMountedCallback: pending pak file info (ChunkID:-1 Root:root:/ File:C:/Genshin/UE_4.27/FeaturePacks/TP_2DSideScroller.upack)
[2025.11.24-18.43.21:924][  0]LogPakFile: OnPakFileMounted2Time == 0.000068
[2025.11.24-18.43.21:935][  0]LogPakFile: PakFile PrimaryIndexSize=192
[2025.11.24-18.43.21:935][  0]LogPakFile: PakFile PathHashIndexSize=101
[2025.11.24-18.43.21:935][  0]LogPakFile: PakFile FullDirectoryIndexSize=158
[2025.11.24-18.43.21:935][  0]LogShaderLibrary: Display: ShaderCodeLibraryPakFileMountedCallback: PakFile 'C:/Genshin/UE_4.27/FeaturePacks/TP_2DSideScrollerBP.upack' (chunk index -1, root 'root:/') mounted
[2025.11.24-18.43.21:935][  0]LogShaderLibrary: Display: ShaderCodeLibraryPakFileMountedCallback: pending pak file info (ChunkID:-1 Root:root:/ File:C:/Genshin/UE_4.27/FeaturePacks/TP_2DSideScrollerBP.upack)
[2025.11.24-18.43.21:935][  0]LogPakFile: OnPakFileMounted2Time == 0.000057
[2025.11.24-18.43.21:946][  0]LogPakFile: PakFile PrimaryIndexSize=182
[2025.11.24-18.43.21:946][  0]LogPakFile: PakFile PathHashIndexSize=101
[2025.11.24-18.43.21:946][  0]LogPakFile: PakFile FullDirectoryIndexSize=138
[2025.11.24-18.43.21:946][  0]LogShaderLibrary: Display: ShaderCodeLibraryPakFileMountedCallback: PakFile 'C:/Genshin/UE_4.27/FeaturePacks/TP_Flying.upack' (chunk index -1, root 'root:/') mounted
[2025.11.24-18.43.21:946][  0]LogShaderLibrary: Display: ShaderCodeLibraryPakFileMountedCallback: pending pak file info (ChunkID:-1 Root:root:/ File:C:/Genshin/UE_4.27/FeaturePacks/TP_Flying.upack)
[2025.11.24-18.43.21:946][  0]LogPakFile: OnPakFileMounted2Time == 0.000086
[2025.11.24-18.43.21:958][  0]LogPakFile: PakFile PrimaryIndexSize=184
[2025.11.24-18.43.21:958][  0]LogPakFile: PakFile PathHashIndexSize=101
[2025.11.24-18.43.21:958][  0]LogPakFile: PakFile FullDirectoryIndexSize=142
[2025.11.24-18.43.21:958][  0]LogShaderLibrary: Display: ShaderCodeLibraryPakFileMountedCallback: PakFile 'C:/Genshin/UE_4.27/FeaturePacks/TP_FlyingBP.upack' (chunk index -1, root 'root:/') mounted
[2025.11.24-18.43.21:958][  0]LogShaderLibrary: Display: ShaderCodeLibraryPakFileMountedCallback: pending pak file info (ChunkID:-1 Root:root:/ File:C:/Genshin/UE_4.27/FeaturePacks/TP_FlyingBP.upack)
[2025.11.24-18.43.21:958][  0]LogPakFile: OnPakFileMounted2Time == 0.000052
[2025.11.24-18.43.21:974][  0]LogPakFile: PakFile PrimaryIndexSize=188
[2025.11.24-18.43.21:974][  0]LogPakFile: PakFile PathHashIndexSize=101
[2025.11.24-18.43.21:974][  0]LogPakFile: PakFile FullDirectoryIndexSize=150
[2025.11.24-18.43.21:974][  0]LogShaderLibrary: Display: ShaderCodeLibraryPakFileMountedCallback: PakFile 'C:/Genshin/UE_4.27/FeaturePacks/TP_HandheldARBP.upack' (chunk index -1, root 'root:/') mounted
[2025.11.24-18.43.21:974][  0]LogShaderLibrary: Display: ShaderCodeLibraryPakFileMountedCallback: pending pak file info (ChunkID:-1 Root:root:/ File:C:/Genshin/UE_4.27/FeaturePacks/TP_HandheldARBP.upack)
[2025.11.24-18.43.21:974][  0]LogPakFile: OnPakFileMounted2Time == 0.000058
[2025.11.24-18.43.21:986][  0]LogPakFile: PakFile PrimaryIndexSize=182
[2025.11.24-18.43.21:986][  0]LogPakFile: PakFile PathHashIndexSize=101
[2025.11.24-18.43.21:986][  0]LogPakFile: PakFile FullDirectoryIndexSize=138
[2025.11.24-18.43.21:986][  0]LogShaderLibrary: Display: ShaderCodeLibraryPakFileMountedCallback: PakFile 'C:/Genshin/UE_4.27/FeaturePacks/TP_Puzzle.upack' (chunk index -1, root 'root:/') mounted
[2025.11.24-18.43.21:986][  0]LogShaderLibrary: Display: ShaderCodeLibraryPakFileMountedCallback: pending pak file info (ChunkID:-1 Root:root:/ File:C:/Genshin/UE_4.27/FeaturePacks/TP_Puzzle.upack)
[2025.11.24-18.43.21:986][  0]LogPakFile: OnPakFileMounted2Time == 0.000043
[2025.11.24-18.43.21:997][  0]LogPakFile: PakFile PrimaryIndexSize=184
[2025.11.24-18.43.21:997][  0]LogPakFile: PakFile PathHashIndexSize=101
[2025.11.24-18.43.21:997][  0]LogPakFile: PakFile FullDirectoryIndexSize=142
[2025.11.24-18.43.21:997][  0]LogShaderLibrary: Display: ShaderCodeLibraryPakFileMountedCallback: PakFile 'C:/Genshin/UE_4.27/FeaturePacks/TP_PuzzleBP.upack' (chunk index -1, root 'root:/') mounted
[2025.11.24-18.43.21:997][  0]LogShaderLibrary: Display: ShaderCodeLibraryPakFileMountedCallback: pending pak file info (ChunkID:-1 Root:root:/ File:C:/Genshin/UE_4.27/FeaturePacks/TP_PuzzleBP.upack)
[2025.11.24-18.43.21:997][  0]LogPakFile: OnPakFileMounted2Time == 0.000060
[2025.11.24-18.43.22:009][  0]LogPakFile: PakFile PrimaryIndexSize=183
[2025.11.24-18.43.22:009][  0]LogPakFile: PakFile PathHashIndexSize=101
[2025.11.24-18.43.22:009][  0]LogPakFile: PakFile FullDirectoryIndexSize=140
[2025.11.24-18.43.22:009][  0]LogShaderLibrary: Display: ShaderCodeLibraryPakFileMountedCallback: PakFile 'C:/Genshin/UE_4.27/FeaturePacks/TP_Rolling.upack' (chunk index -1, root 'root:/') mounted
[2025.11.24-18.43.22:009][  0]LogShaderLibrary: Display: ShaderCodeLibraryPakFileMountedCallback: pending pak file info (ChunkID:-1 Root:root:/ File:C:/Genshin/UE_4.27/FeaturePacks/TP_Rolling.upack)
[2025.11.24-18.43.22:009][  0]LogPakFile: OnPakFileMounted2Time == 0.000059
[2025.11.24-18.43.22:020][  0]LogPakFile: PakFile PrimaryIndexSize=185
[2025.11.24-18.43.22:020][  0]LogPakFile: PakFile PathHashIndexSize=101
[2025.11.24-18.43.22:020][  0]LogPakFile: PakFile FullDirectoryIndexSize=144
[2025.11.24-18.43.22:020][  0]LogShaderLibrary: Display: ShaderCodeLibraryPakFileMountedCallback: PakFile 'C:/Genshin/UE_4.27/FeaturePacks/TP_RollingBP.upack' (chunk index -1, root 'root:/') mounted
[2025.11.24-18.43.22:020][  0]LogShaderLibrary: Display: ShaderCodeLibraryPakFileMountedCallback: pending pak file info (ChunkID:-1 Root:root:/ File:C:/Genshin/UE_4.27/FeaturePacks/TP_RollingBP.upack)
[2025.11.24-18.43.22:020][  0]LogPakFile: OnPakFileMounted2Time == 0.000066
[2025.11.24-18.43.22:031][  0]LogPakFile: PakFile PrimaryIndexSize=188
[2025.11.24-18.43.22:031][  0]LogPakFile: PakFile PathHashIndexSize=101
[2025.11.24-18.43.22:031][  0]LogPakFile: PakFile FullDirectoryIndexSize=150
[2025.11.24-18.43.22:031][  0]LogShaderLibrary: Display: ShaderCodeLibraryPakFileMountedCallback: PakFile 'C:/Genshin/UE_4.27/FeaturePacks/TP_SideScroller.upack' (chunk index -1, root 'root:/') mounted
[2025.11.24-18.43.22:031][  0]LogShaderLibrary: Display: ShaderCodeLibraryPakFileMountedCallback: pending pak file info (ChunkID:-1 Root:root:/ File:C:/Genshin/UE_4.27/FeaturePacks/TP_SideScroller.upack)
[2025.11.24-18.43.22:032][  0]LogPakFile: OnPakFileMounted2Time == 0.000058
[2025.11.24-18.43.22:042][  0]LogPakFile: PakFile PrimaryIndexSize=190
[2025.11.24-18.43.22:042][  0]LogPakFile: PakFile PathHashIndexSize=101
[2025.11.24-18.43.22:042][  0]LogPakFile: PakFile FullDirectoryIndexSize=154
[2025.11.24-18.43.22:042][  0]LogShaderLibrary: Display: ShaderCodeLibraryPakFileMountedCallback: PakFile 'C:/Genshin/UE_4.27/FeaturePacks/TP_SideScrollerBP.upack' (chunk index -1, root 'root:/') mounted
[2025.11.24-18.43.22:042][  0]LogShaderLibrary: Display: ShaderCodeLibraryPakFileMountedCallback: pending pak file info (ChunkID:-1 Root:root:/ File:C:/Genshin/UE_4.27/FeaturePacks/TP_SideScrollerBP.upack)
[2025.11.24-18.43.22:042][  0]LogPakFile: OnPakFileMounted2Time == 0.000058
[2025.11.24-18.43.22:053][  0]LogPakFile: PakFile PrimaryIndexSize=187
[2025.11.24-18.43.22:053][  0]LogPakFile: PakFile PathHashIndexSize=101
[2025.11.24-18.43.22:053][  0]LogPakFile: PakFile FullDirectoryIndexSize=148
[2025.11.24-18.43.22:053][  0]LogShaderLibrary: Display: ShaderCodeLibraryPakFileMountedCallback: PakFile 'C:/Genshin/UE_4.27/FeaturePacks/TP_ThirdPerson.upack' (chunk index -1, root 'root:/') mounted
[2025.11.24-18.43.22:053][  0]LogShaderLibrary: Display: ShaderCodeLibraryPakFileMountedCallback: pending pak file info (ChunkID:-1 Root:root:/ File:C:/Genshin/UE_4.27/FeaturePacks/TP_ThirdPerson.upack)
[2025.11.24-18.43.22:054][  0]LogPakFile: OnPakFileMounted2Time == 0.000059
[2025.11.24-18.43.22:065][  0]LogPakFile: PakFile PrimaryIndexSize=189
[2025.11.24-18.43.22:065][  0]LogPakFile: PakFile PathHashIndexSize=101
[2025.11.24-18.43.22:065][  0]LogPakFile: PakFile FullDirectoryIndexSize=152
[2025.11.24-18.43.22:065][  0]LogShaderLibrary: Display: ShaderCodeLibraryPakFileMountedCallback: PakFile 'C:/Genshin/UE_4.27/FeaturePacks/TP_ThirdPersonBP.upack' (chunk index -1, root 'root:/') mounted
[2025.11.24-18.43.22:065][  0]LogShaderLibrary: Display: ShaderCodeLibraryPakFileMountedCallback: pending pak file info (ChunkID:-1 Root:root:/ File:C:/Genshin/UE_4.27/FeaturePacks/TP_ThirdPersonBP.upack)
[2025.11.24-18.43.22:065][  0]LogPakFile: OnPakFileMounted2Time == 0.000043
[2025.11.24-18.43.22:075][  0]LogPakFile: PakFile PrimaryIndexSize=183
[2025.11.24-18.43.22:075][  0]LogPakFile: PakFile PathHashIndexSize=101
[2025.11.24-18.43.22:075][  0]LogPakFile: PakFile FullDirectoryIndexSize=140
[2025.11.24-18.43.22:075][  0]LogShaderLibrary: Display: ShaderCodeLibraryPakFileMountedCallback: PakFile 'C:/Genshin/UE_4.27/FeaturePacks/TP_TopDown.upack' (chunk index -1, root 'root:/') mounted
[2025.11.24-18.43.22:075][  0]LogShaderLibrary: Display: ShaderCodeLibraryPakFileMountedCallback: pending pak file info (ChunkID:-1 Root:root:/ File:C:/Genshin/UE_4.27/FeaturePacks/TP_TopDown.upack)
[2025.11.24-18.43.22:075][  0]LogPakFile: OnPakFileMounted2Time == 0.000055
[2025.11.24-18.43.22:087][  0]LogPakFile: PakFile PrimaryIndexSize=185
[2025.11.24-18.43.22:087][  0]LogPakFile: PakFile PathHashIndexSize=101
[2025.11.24-18.43.22:087][  0]LogPakFile: PakFile FullDirectoryIndexSize=144
[2025.11.24-18.43.22:087][  0]LogShaderLibrary: Display: ShaderCodeLibraryPakFileMountedCallback: PakFile 'C:/Genshin/UE_4.27/FeaturePacks/TP_TopDownBP.upack' (chunk index -1, root 'root:/') mounted
[2025.11.24-18.43.22:087][  0]LogShaderLibrary: Display: ShaderCodeLibraryPakFileMountedCallback: pending pak file info (ChunkID:-1 Root:root:/ File:C:/Genshin/UE_4.27/FeaturePacks/TP_TopDownBP.upack)
[2025.11.24-18.43.22:087][  0]LogPakFile: OnPakFileMounted2Time == 0.000062
[2025.11.24-18.43.22:101][  0]LogPakFile: PakFile PrimaryIndexSize=185
[2025.11.24-18.43.22:101][  0]LogPakFile: PakFile PathHashIndexSize=101
[2025.11.24-18.43.22:101][  0]LogPakFile: PakFile FullDirectoryIndexSize=144
[2025.11.24-18.43.22:101][  0]LogShaderLibrary: Display: ShaderCodeLibraryPakFileMountedCallback: PakFile 'C:/Genshin/UE_4.27/FeaturePacks/TP_TwinStick.upack' (chunk index -1, root 'root:/') mounted
[2025.11.24-18.43.22:101][  0]LogShaderLibrary: Display: ShaderCodeLibraryPakFileMountedCallback: pending pak file info (ChunkID:-1 Root:root:/ File:C:/Genshin/UE_4.27/FeaturePacks/TP_TwinStick.upack)
[2025.11.24-18.43.22:101][  0]LogPakFile: OnPakFileMounted2Time == 0.000061
[2025.11.24-18.43.22:112][  0]LogPakFile: PakFile PrimaryIndexSize=187
[2025.11.24-18.43.22:112][  0]LogPakFile: PakFile PathHashIndexSize=101
[2025.11.24-18.43.22:112][  0]LogPakFile: PakFile FullDirectoryIndexSize=148
[2025.11.24-18.43.22:112][  0]LogShaderLibrary: Display: ShaderCodeLibraryPakFileMountedCallback: PakFile 'C:/Genshin/UE_4.27/FeaturePacks/TP_TwinStickBP.upack' (chunk index -1, root 'root:/') mounted
[2025.11.24-18.43.22:112][  0]LogShaderLibrary: Display: ShaderCodeLibraryPakFileMountedCallback: pending pak file info (ChunkID:-1 Root:root:/ File:C:/Genshin/UE_4.27/FeaturePacks/TP_TwinStickBP.upack)
[2025.11.24-18.43.22:112][  0]LogPakFile: OnPakFileMounted2Time == 0.000060
[2025.11.24-18.43.22:122][  0]LogPakFile: PakFile PrimaryIndexSize=183
[2025.11.24-18.43.22:122][  0]LogPakFile: PakFile PathHashIndexSize=101
[2025.11.24-18.43.22:122][  0]LogPakFile: PakFile FullDirectoryIndexSize=140
[2025.11.24-18.43.22:122][  0]LogShaderLibrary: Display: ShaderCodeLibraryPakFileMountedCallback: PakFile 'C:/Genshin/UE_4.27/FeaturePacks/TP_Vehicle.upack' (chunk index -1, root 'root:/') mounted
[2025.11.24-18.43.22:122][  0]LogShaderLibrary: Display: ShaderCodeLibraryPakFileMountedCallback: pending pak file info (ChunkID:-1 Root:root:/ File:C:/Genshin/UE_4.27/FeaturePacks/TP_Vehicle.upack)
[2025.11.24-18.43.22:122][  0]LogPakFile: OnPakFileMounted2Time == 0.000059
[2025.11.24-18.43.22:134][  0]LogPakFile: PakFile PrimaryIndexSize=186
[2025.11.24-18.43.22:134][  0]LogPakFile: PakFile PathHashIndexSize=101
[2025.11.24-18.43.22:134][  0]LogPakFile: PakFile FullDirectoryIndexSize=146
[2025.11.24-18.43.22:134][  0]LogShaderLibrary: Display: ShaderCodeLibraryPakFileMountedCallback: PakFile 'C:/Genshin/UE_4.27/FeaturePacks/TP_VehicleAdv.upack' (chunk index -1, root 'root:/') mounted
[2025.11.24-18.43.22:134][  0]LogShaderLibrary: Display: ShaderCodeLibraryPakFileMountedCallback: pending pak file info (ChunkID:-1 Root:root:/ File:C:/Genshin/UE_4.27/FeaturePacks/TP_VehicleAdv.upack)
[2025.11.24-18.43.22:134][  0]LogPakFile: OnPakFileMounted2Time == 0.000061
[2025.11.24-18.43.22:145][  0]LogPakFile: PakFile PrimaryIndexSize=188
[2025.11.24-18.43.22:145][  0]LogPakFile: PakFile PathHashIndexSize=101
[2025.11.24-18.43.22:145][  0]LogPakFile: PakFile FullDirectoryIndexSize=150
[2025.11.24-18.43.22:145][  0]LogShaderLibrary: Display: ShaderCodeLibraryPakFileMountedCallback: PakFile 'C:/Genshin/UE_4.27/FeaturePacks/TP_VehicleAdvBP.upack' (chunk index -1, root 'root:/') mounted
[2025.11.24-18.43.22:145][  0]LogShaderLibrary: Display: ShaderCodeLibraryPakFileMountedCallback: pending pak file info (ChunkID:-1 Root:root:/ File:C:/Genshin/UE_4.27/FeaturePacks/TP_VehicleAdvBP.upack)
[2025.11.24-18.43.22:146][  0]LogPakFile: OnPakFileMounted2Time == 0.000069
[2025.11.24-18.43.22:157][  0]LogPakFile: PakFile PrimaryIndexSize=185
[2025.11.24-18.43.22:157][  0]LogPakFile: PakFile PathHashIndexSize=101
[2025.11.24-18.43.22:157][  0]LogPakFile: PakFile FullDirectoryIndexSize=144
[2025.11.24-18.43.22:157][  0]LogShaderLibrary: Display: ShaderCodeLibraryPakFileMountedCallback: PakFile 'C:/Genshin/UE_4.27/FeaturePacks/TP_VehicleBP.upack' (chunk index -1, root 'root:/') mounted
[2025.11.24-18.43.22:157][  0]LogShaderLibrary: Display: ShaderCodeLibraryPakFileMountedCallback: pending pak file info (ChunkID:-1 Root:root:/ File:C:/Genshin/UE_4.27/FeaturePacks/TP_VehicleBP.upack)
[2025.11.24-18.43.22:157][  0]LogPakFile: OnPakFileMounted2Time == 0.000067
[2025.11.24-18.43.22:169][  0]LogPakFile: PakFile PrimaryIndexSize=192
[2025.11.24-18.43.22:169][  0]LogPakFile: PakFile PathHashIndexSize=101
[2025.11.24-18.43.22:169][  0]LogPakFile: PakFile FullDirectoryIndexSize=158
[2025.11.24-18.43.22:169][  0]LogShaderLibrary: Display: ShaderCodeLibraryPakFileMountedCallback: PakFile 'C:/Genshin/UE_4.27/FeaturePacks/TP_VirtualRealityBP.upack' (chunk index -1, root 'root:/') mounted
[2025.11.24-18.43.22:169][  0]LogShaderLibrary: Display: ShaderCodeLibraryPakFileMountedCallback: pending pak file info (ChunkID:-1 Root:root:/ File:C:/Genshin/UE_4.27/FeaturePacks/TP_VirtualRealityBP.upack)
[2025.11.24-18.43.22:171][  0]LogPakFile: OnPakFileMounted2Time == 0.000058
[2025.11.24-18.43.22:537][  0]LogNativeClassHierarchy: Verbose: Native class hierarchy updated for 'AddContentDialog' in 0.0003 seconds. Added 0 classes and 0 folders.
[2025.11.24-18.43.22:538][  0]LogNativeClassHierarchy: Verbose: Native class hierarchy updated for 'SceneOutliner' in 0.0003 seconds. Added 2 classes and 0 folders.
[2025.11.24-18.43.22:692][  0]LogSlate: Took 0.000327 seconds to synchronously load lazily loaded font '../../../Engine/Content/Slate/Fonts/Roboto-Regular.ttf' (155K)
[2025.11.24-18.43.22:703][  0]LogSlate: Took 0.010184 seconds to synchronously load lazily loaded font '../../../Engine/Content/Editor/Slate/Fonts/FontAwesome.ttf' (139K)
[2025.11.24-18.43.22:704][  0]LogSlate: Took 0.000202 seconds to synchronously load lazily loaded font '../../../Engine/Content/Slate/Fonts/Roboto-Bold.ttf' (160K)
[2025.11.24-18.43.22:914][  0]LogRenderer: Reallocating scene render targets to support 904x428 Format 10 NumSamples 1 (Frame:1).
[2025.11.24-18.43.23:054][  0]LogNativeClassHierarchy: Verbose: Native class hierarchy updated for 'HierarchicalLODOutliner' in 0.0004 seconds. Added 0 classes and 0 folders.
[2025.11.24-18.43.23:054][  0]LogLoad: (Engine Initialization) Total time: 13.10 seconds
[2025.11.24-18.43.23:054][  0]LogLoad: (Engine Initialization) Total Blueprint compile time: 0.00 seconds
[2025.11.24-18.43.23:130][  0]LogContentStreaming: Texture pool size now 1000 MB
[2025.11.24-18.43.23:150][  1]LogAssetRegistry: Asset discovery search completed in 7.2357 seconds
[2025.11.24-18.43.23:159][  1]LogCollectionManager: Fixed up redirectors for 0 collections in 0.000005 seconds (updated 0 objects)
[2025.11.24-18.43.23:833][  3]LogSlate: Took 0.011185 seconds to synchronously load lazily loaded font '../../../Engine/Content/Slate/Fonts/Roboto-Light.ttf' (167K)
[2025.11.24-18.43.24:485][  5]LogSlate: Took 0.000258 seconds to synchronously load lazily loaded font '../../../Engine/Content/Slate/Fonts/Roboto-Light.ttf' (167K)
[2025.11.24-18.44.15:903][227]LogAssetEditorSubsystem: Opening Asset editor for WidgetBlueprint /Game/Mapas/Menu/MainMenuWid.MainMenuWid
[2025.11.24-18.44.17:432][227]LogNativeClassHierarchy: Verbose: Native class hierarchy updated for 'BlueprintGraph' in 0.0008 seconds. Added 126 classes and 0 folders.
[2025.11.24-18.44.18:468][227]LogSlate: The tab "SequencerGraphEditor" attempted to spawn in layout 'WidgetBlueprintEditor_Designer_Layout_v4_1' but failed for some reason. An "unrecognized tab" will be returned instead.
[2025.11.24-18.44.20:578][227]LogBlueprint: Error: [AssetLog] E:\Unreal\Fumec_DevGames\Content\Player\Blueprints\Player_BP.uasset: [Compiler] In use pin  <Unnamed>  no longer exists on node  Go to Level . Please refresh node or break links to remove pin.
[2025.11.24-18.44.20:579][227]LogBlueprint: Error: [AssetLog] E:\Unreal\Fumec_DevGames\Content\Player\Blueprints\Player_BP.uasset: [Compiler] In use pin  Target  no longer exists on node  Go to Level . Please refresh node or break links to remove pin.
[2025.11.24-18.44.20:579][227]LogBlueprint: Error: [AssetLog] E:\Unreal\Fumec_DevGames\Content\Player\Blueprints\Player_BP.uasset: [Compiler] In use pin  Name  no longer exists on node  Go to Level . Please refresh node or break links to remove pin.
[2025.11.24-18.44.20:579][227]LogBlueprint: Error: [AssetLog] E:\Unreal\Fumec_DevGames\Content\Player\Blueprints\Player_BP.uasset: [Compiler] In use pin  Trocar Audio?  no longer exists on node  Go to Level . Please refresh node or break links to remove pin.
[2025.11.24-18.44.20:579][227]LogBlueprint: Error: [AssetLog] E:\Unreal\Fumec_DevGames\Content\Player\Blueprints\Player_BP.uasset: [Compiler] In use pin  Som  no longer exists on node  Go to Level . Please refresh node or break links to remove pin.
[2025.11.24-18.44.20:579][227]LogBlueprint: Error: [AssetLog] E:\Unreal\Fumec_DevGames\Content\Player\Blueprints\Player_BP.uasset: [Compiler] Could not find a function named "GoToLevel" in 'HUD_Padrao_C'.
Make sure 'HUD_Padrao_C' has been compiled for  Go to Level
[2025.11.24-18.44.20:579][227]LogBlueprint: Error: [AssetLog] E:\Unreal\Fumec_DevGames\Content\Player\Blueprints\Player_BP.uasset: [Compiler] In use pin  <Unnamed>  no longer exists on node  Fade IN . Please refresh node or break links to remove pin.
[2025.11.24-18.44.20:579][227]LogBlueprint: Error: [AssetLog] E:\Unreal\Fumec_DevGames\Content\Player\Blueprints\Player_BP.uasset: [Compiler] In use pin  Target  no longer exists on node  Fade IN . Please refresh node or break links to remove pin.
[2025.11.24-18.44.20:580][227]LogBlueprint: Error: [AssetLog] E:\Unreal\Fumec_DevGames\Content\Player\Blueprints\Player_BP.uasset: [Compiler] Could not find a function named "FadeIN" in 'HUD_Padrao_C'.
Make sure 'HUD_Padrao_C' has been compiled for  Fade IN
[2025.11.24-18.44.20:586][227]LogBlueprint: Error: [AssetLog] E:\Unreal\Fumec_DevGames\Content\Player\Blueprints\Player_BP.uasset: [Compiler] This blueprint (self) is not a HUD_Padrao_C, therefore ' Target ' must have a connection.
[2025.11.24-18.44.20:788][227]LogAssetEditorSubsystem: Opening Asset editor for WidgetBlueprint /Game/Player/Blueprints/HUD/HUD_Padrao.HUD_Padrao
[2025.11.24-18.44.21:253][227]LogSlate: The tab "SequencerGraphEditor" attempted to spawn in layout 'WidgetBlueprintEditor_Designer_Layout_v4_1' but failed for some reason. An "unrecognized tab" will be returned instead.
[2025.11.24-18.44.21:321][227]LogAssetEditorSubsystem: Opening Asset editor for Blueprint /Game/Audios/AudioGI.AudioGI
[2025.11.24-18.44.21:920][227]LogLinker: Warning: Failed to load '/Game/Mapas/Menu/MainMenu.MainMenu:PersistentLevel.MainMenu': Can't resolve asset name
[2025.11.24-18.44.22:288][227]LogSlate: Took 0.000247 seconds to synchronously load lazily loaded font '../../../Engine/Content/Slate/Fonts/Roboto-BoldCondensed.ttf' (158K)
[2025.11.24-18.44.25:028][379]LogSlate: Window 'AudioGI' being destroyed
[2025.11.24-18.44.27:048][487]LogSlate: Window 'SequencerGraphEditor' being destroyed
[2025.11.24-18.44.27:054][487]LogSlate: Window 'SequencerGraphEditor' being destroyed
[2025.11.24-18.46.49:213][ 18]Cmd: OBJ SAVEPACKAGE PACKAGE="/Game/Audios/AudioGI" FILE="E:/Unreal/Fumec_DevGames/Content/Audios/AudioGI.uasset" SILENT=true
[2025.11.24-18.46.49:221][ 18]LogSavePackage: Moving 'E:/Unreal/Fumec_DevGames/Saved/AudioGIFB23AD934730A0A5338611A0FE7F5D66.tmp' to 'E:/Unreal/Fumec_DevGames/Content/Audios/AudioGI.uasset'
[2025.11.24-18.46.49:240][ 18]AssetCheck: New page: Asset Save: AudioGI
[2025.11.24-18.46.49:240][ 18]LogContentValidation: Display: Validating Blueprint /Game/Audios/AudioGI.AudioGI
[2025.11.24-18.47.03:795][840]LogContentBrowser: Deferred new asset file creation: NewBlackboardData
[2025.11.24-18.47.03:811][840]LogContentBrowser: Creating deferred item: NewBlackboardData
[2025.11.24-18.47.04:599][888]LogContentBrowser: Attempting asset rename: NewBlackboardData -> NewBlackboardData
[2025.11.24-18.47.04:601][888]LogContentBrowser: End creating deferred item NewBlackboardData
[2025.11.24-18.47.05:070][915]LogAssetEditorSubsystem: Opening Asset editor for BlackboardData /Game/Audios/NewBlackboardData.NewBlackboardData
[2025.11.24-18.47.14:223][435]LogUObjectHash: Compacting FUObjectHashTables data took   6.35ms
[2025.11.24-18.47.15:131][435]LogSlate: Window 'Delete Assets' being destroyed
[2025.11.24-18.47.15:171][435]LogUObjectGlobals: Force Deleting 1 Package(s):
	Asset Name: /Game/Audios/NewBlackboardData.NewBlackboardData
[2025.11.24-18.47.16:164][435]LogUObjectHash: Compacting FUObjectHashTables data took   3.70ms
[2025.11.24-18.47.25:767][995]LogSlate: Window 'SequencerGraphEditor' being destroyed
[2025.11.24-18.47.25:773][995]LogSlate: Window 'SequencerGraphEditor' being destroyed
[2025.11.24-18.47.26:751][ 54]LogTemp: Repeating last play command: Selected Viewport
[2025.11.24-18.47.26:762][ 54]BlueprintLog: Warning: Blueprint failed to compile:  Player_BP
[2025.11.24-18.47.26:762][ 54]BlueprintLog: New page: Pre-Play auto-recompile
[2025.11.24-18.47.26:762][ 54]LogPlayLevel: [PlayLevel] Compiling AudioGI before play...
[2025.11.24-18.47.26:806][ 54]LogUObjectHash: Compacting FUObjectHashTables data took   3.64ms
[2025.11.24-18.47.26:807][ 54]LogPlayLevel: PlayLevel: Blueprint regeneration took 44 ms (1 blueprints)
[2025.11.24-18.47.26:807][ 54]LogCustomDialog: Dialog displayed:
[2025.11.24-18.47.28:174][ 54]LogSlate: Window 'Blueprint Compilation Errors' being destroyed
[2025.11.24-18.47.28:180][ 54]PIE: New page: PIE session: MainMenu (Nov 24, 2025, 12:47:28 PM)
[2025.11.24-18.47.28:182][ 54]LogOnline: OSS: Creating online subsystem instance for: NULL
[2025.11.24-18.47.28:183][ 54]LogOnline: OSS: TryLoadSubsystemAndSetDefault: Loaded subsystem for module [NULL]
[2025.11.24-18.47.28:184][ 54]LogPlayLevel: Creating play world package: /Game/Mapas/Menu/UEDPIE_0_MainMenu
[2025.11.24-18.47.28:185][ 54]LogPlayLevel: PIE: StaticDuplicateObject took: (0.001185s)
[2025.11.24-18.47.28:186][ 54]LogAIModule: Creating AISystem for world MainMenu
[2025.11.24-18.47.28:186][ 54]LogPlayLevel: PIE: World Init took: (0.001167s)
[2025.11.24-18.47.28:186][ 54]LogPlayLevel: PIE: Created PIE world by copying editor world from /Game/Mapas/Menu/MainMenu.MainMenu to /Game/Mapas/Menu/UEDPIE_0_MainMenu.MainMenu (0.002496s)
[2025.11.24-18.47.28:219][ 54]LogUObjectHash: Compacting FUObjectHashTables data took   2.58ms
[2025.11.24-18.47.28:220][ 54]LogAudio: Display: Creating Audio Device:                 Id: 2, Scope: Unique, Realtime: True
[2025.11.24-18.47.28:220][ 54]LogAudioMixer: Display: Audio Mixer Platform Settings:
[2025.11.24-18.47.28:220][ 54]LogAudioMixer: Display: 	Sample Rate:						  48000
[2025.11.24-18.47.28:220][ 54]LogAudioMixer: Display: 	Callback Buffer Frame Size Requested: 1024
[2025.11.24-18.47.28:220][ 54]LogAudioMixer: Display: 	Callback Buffer Frame Size To Use:	  1024
[2025.11.24-18.47.28:220][ 54]LogAudioMixer: Display: 	Number of buffers to queue:			  2
[2025.11.24-18.47.28:220][ 54]LogAudioMixer: Display: 	Max Channels (voices):				  32
[2025.11.24-18.47.28:220][ 54]LogAudioMixer: Display: 	Number of Async Source Workers:		  0
[2025.11.24-18.47.28:220][ 54]LogAudio: Display: AudioDevice MaxSources: 32
[2025.11.24-18.47.28:220][ 54]LogAudio: Display: Audio Spatialization Plugin: None (built-in).
[2025.11.24-18.47.28:220][ 54]LogAudio: Display: Audio Reverb Plugin: None (built-in).
[2025.11.24-18.47.28:220][ 54]LogAudio: Display: Audio Occlusion Plugin: None (built-in).
[2025.11.24-18.47.28:220][ 54]LogAudioMixer: Display: Initializing audio mixer.
[2025.11.24-18.47.28:227][ 54]LogAudioMixer: Display: 0: FrontLeft
[2025.11.24-18.47.28:227][ 54]LogAudioMixer: Display: 1: FrontRight
[2025.11.24-18.47.28:238][ 54]LogAudioMixer: Display: Using Audio Device Alto-falantes (Realtek(R) Audio)
[2025.11.24-18.47.28:238][ 54]LogAudioMixer: Display: Initializing Sound Submixes...
[2025.11.24-18.47.28:238][ 54]LogAudioMixer: Display: Creating Master Submix 'MasterSubmixDefault'
[2025.11.24-18.47.28:238][ 54]LogAudioMixer: Display: Creating Master Submix 'MasterReverbSubmixDefault'
[2025.11.24-18.47.28:238][ 54]LogAudioMixer: Display: Creating Master Submix 'MasterEQSubmixDefault'
[2025.11.24-18.47.28:238][ 54]LogAudioMixer: FMixerPlatformXAudio2::StartAudioStream() called
[2025.11.24-18.47.28:238][ 54]LogAudioMixer: Display: Output buffers initialized: Frames=1024, Channels=2, Samples=2048
[2025.11.24-18.47.28:240][ 54]LogAudioMixer: Display: Starting AudioMixerPlatformInterface::RunInternal()
[2025.11.24-18.47.28:240][ 54]LogAudioMixer: Display: FMixerPlatformXAudio2::SubmitBuffer() called for the first time
[2025.11.24-18.47.28:240][ 54]LogInit: FAudioDevice initialized.
[2025.11.24-18.47.28:240][ 54]LogAudio: Display: Audio Device (ID: 2) registered with world 'MainMenu'.
[2025.11.24-18.47.28:272][ 54]LogSlate: Updating window title bar state: overlay mode, drag disabled, window buttons hidden, title bar hidden
[2025.11.24-18.47.28:272][ 54]LogLoad: Game class is 'GameMode'
[2025.11.24-18.47.28:273][ 54]LogWorld: Bringing World /Game/Mapas/Menu/UEDPIE_0_MainMenu.MainMenu up for play (max tick rate 60) at 2025.11.24-15.47.28
[2025.11.24-18.47.28:273][ 54]LogWorld: Bringing up level for play took: 0.000658
[2025.11.24-18.47.28:274][ 54]LogOnline: OSS: Creating online subsystem instance for: :Context_6
[2025.11.24-18.47.28:277][ 54]LogGameMode: FindPlayerStart: PATHS NOT DEFINED or NO PLAYERSTART with positive rating
[2025.11.24-18.47.28:284][ 54]LogNativeClassHierarchy: Verbose: Native class hierarchy updated for 'MovieSceneCapture' in 0.0005 seconds. Added 20 classes and 0 folders.
[2025.11.24-18.47.28:284][ 54]LogGameMode: Display: Match State Changed from EnteringMap to WaitingToStart
[2025.11.24-18.47.28:284][ 54]LogGameState: Match State Changed from EnteringMap to WaitingToStart
[2025.11.24-18.47.28:284][ 54]LogGameMode: Display: Match State Changed from WaitingToStart to InProgress
[2025.11.24-18.47.28:286][ 54]LogGameState: Match State Changed from WaitingToStart to InProgress
[2025.11.24-18.47.28:287][ 54]PIE: Server logged in
[2025.11.24-18.47.28:287][ 54]PIE: Play in editor total start time 1.527 seconds.
[2025.11.24-18.47.28:317][ 55]LogRenderer: Reallocating scene render targets to support 1168x784 Format 10 NumSamples 1 (Frame:1).
[2025.11.24-18.47.29:534][106]LogSlate: Window 'ColunaDoendoSamurai Preview [NetMode: Standalone]  (64-bit/Windows) ' being destroyed
[2025.11.24-18.47.29:541][106]LogWorld: BeginTearingDown for /Game/Mapas/Menu/UEDPIE_0_MainMenu
[2025.11.24-18.47.29:570][106]LogWorld: UWorld::CleanupWorld for MainMenu, bSessionEnded=true, bCleanupResources=true
[2025.11.24-18.47.29:570][106]LogSlate: InvalidateAllWidgets triggered.  All widgets were invalidated
[2025.11.24-18.47.29:583][106]LogPlayLevel: Display: Shutting down PIE online subsystems
[2025.11.24-18.47.29:590][106]LogSlate: InvalidateAllWidgets triggered.  All widgets were invalidated
[2025.11.24-18.47.29:620][106]LogAudioMixer: FMixerPlatformXAudio2::StopAudioStream() called
[2025.11.24-18.47.29:622][106]LogAudioMixer: FMixerPlatformXAudio2::StopAudioStream() called
[2025.11.24-18.47.29:676][106]LogUObjectHash: Compacting FUObjectHashTables data took   4.06ms
[2025.11.24-18.47.29:695][107]LogPlayLevel: Display: Destroying online subsystem :Context_6
[2025.11.24-18.47.32:930][296]LogUObjectHash: Compacting FUObjectHashTables data took   3.08ms
[2025.11.24-18.47.33:709][343]LogTemp: Repeating last play command: Selected Viewport
[2025.11.24-18.47.33:717][343]LogPlayLevel: PlayLevel: No blueprints needed recompiling
[2025.11.24-18.47.33:717][343]PIE: New page: PIE session: MainMenu (Nov 24, 2025, 12:47:33 PM)
[2025.11.24-18.47.33:718][343]LogPlayLevel: Creating play world package: /Game/Mapas/Menu/UEDPIE_0_MainMenu
[2025.11.24-18.47.33:719][343]LogPlayLevel: PIE: StaticDuplicateObject took: (0.001550s)
[2025.11.24-18.47.33:720][343]LogAIModule: Creating AISystem for world MainMenu
[2025.11.24-18.47.33:721][343]LogPlayLevel: PIE: World Init took: (0.001394s)
[2025.11.24-18.47.33:721][343]LogPlayLevel: PIE: Created PIE world by copying editor world from /Game/Mapas/Menu/MainMenu.MainMenu to /Game/Mapas/Menu/UEDPIE_0_MainMenu.MainMenu (0.003120s)
[2025.11.24-18.47.33:750][343]LogUObjectHash: Compacting FUObjectHashTables data took   2.42ms
[2025.11.24-18.47.33:751][343]LogAudio: Display: Creating Audio Device:                 Id: 3, Scope: Unique, Realtime: True
[2025.11.24-18.47.33:751][343]LogAudioMixer: Display: Audio Mixer Platform Settings:
[2025.11.24-18.47.33:751][343]LogAudioMixer: Display: 	Sample Rate:						  48000
[2025.11.24-18.47.33:751][343]LogAudioMixer: Display: 	Callback Buffer Frame Size Requested: 1024
[2025.11.24-18.47.33:751][343]LogAudioMixer: Display: 	Callback Buffer Frame Size To Use:	  1024
[2025.11.24-18.47.33:751][343]LogAudioMixer: Display: 	Number of buffers to queue:			  2
[2025.11.24-18.47.33:751][343]LogAudioMixer: Display: 	Max Channels (voices):				  32
[2025.11.24-18.47.33:751][343]LogAudioMixer: Display: 	Number of Async Source Workers:		  0
[2025.11.24-18.47.33:751][343]LogAudio: Display: AudioDevice MaxSources: 32
[2025.11.24-18.47.33:751][343]LogAudio: Display: Audio Spatialization Plugin: None (built-in).
[2025.11.24-18.47.33:751][343]LogAudio: Display: Audio Reverb Plugin: None (built-in).
[2025.11.24-18.47.33:751][343]LogAudio: Display: Audio Occlusion Plugin: None (built-in).
[2025.11.24-18.47.33:751][343]LogAudioMixer: Display: Initializing audio mixer.
[2025.11.24-18.47.33:757][343]LogAudioMixer: Display: 0: FrontLeft
[2025.11.24-18.47.33:757][343]LogAudioMixer: Display: 1: FrontRight
[2025.11.24-18.47.33:764][343]LogAudioMixer: Display: Using Audio Device Alto-falantes (Realtek(R) Audio)
[2025.11.24-18.47.33:765][343]LogAudioMixer: Display: Initializing Sound Submixes...
[2025.11.24-18.47.33:765][343]LogAudioMixer: Display: Creating Master Submix 'MasterSubmixDefault'
[2025.11.24-18.47.33:765][343]LogAudioMixer: Display: Creating Master Submix 'MasterReverbSubmixDefault'
[2025.11.24-18.47.33:765][343]LogAudioMixer: Display: Creating Master Submix 'MasterEQSubmixDefault'
[2025.11.24-18.47.33:765][343]LogAudioMixer: FMixerPlatformXAudio2::StartAudioStream() called
[2025.11.24-18.47.33:765][343]LogAudioMixer: Display: Output buffers initialized: Frames=1024, Channels=2, Samples=2048
[2025.11.24-18.47.33:767][343]LogAudioMixer: Display: Starting AudioMixerPlatformInterface::RunInternal()
[2025.11.24-18.47.33:767][343]LogAudioMixer: Display: FMixerPlatformXAudio2::SubmitBuffer() called for the first time
[2025.11.24-18.47.33:767][343]LogInit: FAudioDevice initialized.
[2025.11.24-18.47.33:767][343]LogAudio: Display: Audio Device (ID: 3) registered with world 'MainMenu'.
[2025.11.24-18.47.33:784][343]LogLoad: Game class is 'GameMode'
[2025.11.24-18.47.33:784][343]LogWorld: Bringing World /Game/Mapas/Menu/UEDPIE_0_MainMenu.MainMenu up for play (max tick rate 60) at 2025.11.24-15.47.33
[2025.11.24-18.47.33:784][343]LogWorld: Bringing up level for play took: 0.000386
[2025.11.24-18.47.33:784][343]LogOnline: OSS: Creating online subsystem instance for: :Context_7
[2025.11.24-18.47.33:786][343]LogGameMode: Display: Match State Changed from EnteringMap to WaitingToStart
[2025.11.24-18.47.33:786][343]LogGameState: Match State Changed from EnteringMap to WaitingToStart
[2025.11.24-18.47.33:786][343]LogGameMode: Display: Match State Changed from WaitingToStart to InProgress
[2025.11.24-18.47.33:787][343]LogGameState: Match State Changed from WaitingToStart to InProgress
[2025.11.24-18.47.33:787][343]PIE: Server logged in
[2025.11.24-18.47.33:788][343]PIE: Play in editor total start time 0.073 seconds.
[2025.11.24-18.47.35:750][459]LogSlate: Updating window title bar state: overlay mode, drag disabled, window buttons hidden, title bar hidden
[2025.11.24-18.47.35:750][459]LogWorld: BeginTearingDown for /Game/Mapas/Menu/UEDPIE_0_MainMenu
[2025.11.24-18.47.35:750][459]LogWorld: UWorld::CleanupWorld for MainMenu, bSessionEnded=true, bCleanupResources=true
[2025.11.24-18.47.35:750][459]LogSlate: InvalidateAllWidgets triggered.  All widgets were invalidated
[2025.11.24-18.47.35:764][459]LogPlayLevel: Display: Shutting down PIE online subsystems
[2025.11.24-18.47.35:770][459]LogSlate: InvalidateAllWidgets triggered.  All widgets were invalidated
[2025.11.24-18.47.35:796][459]LogSlate: Updating window title bar state: overlay mode, drag disabled, window buttons hidden, title bar hidden
[2025.11.24-18.47.35:796][459]LogAudioMixer: FMixerPlatformXAudio2::StopAudioStream() called
[2025.11.24-18.47.35:798][459]LogAudioMixer: FMixerPlatformXAudio2::StopAudioStream() called
[2025.11.24-18.47.35:803][459]LogUObjectHash: Compacting FUObjectHashTables data took   2.41ms
[2025.11.24-18.47.35:835][461]LogPlayLevel: Display: Destroying online subsystem :Context_7
[2025.11.24-18.47.51:825][126]Cmd: TRANSACTION UNDO
[2025.11.24-18.47.51:826][126]LogEditorTransaction: Undo Delete current selection
[2025.11.24-18.47.53:031][182]Cmd: TRANSACTION UNDO
[2025.11.24-18.47.53:031][182]LogEditorTransaction: Undo Move Node
[2025.11.24-18.47.53:181][191]Cmd: TRANSACTION UNDO
[2025.11.24-18.47.53:181][191]LogEditorTransaction: Undo Move Node
[2025.11.24-18.47.53:331][200]Cmd: TRANSACTION UNDO
[2025.11.24-18.47.53:331][200]LogEditorTransaction: Undo Create Pin Link
[2025.11.24-18.47.53:482][209]Cmd: TRANSACTION UNDO
[2025.11.24-18.47.53:482][209]LogEditorTransaction: Undo Delete current selection
[2025.11.24-18.48.06:352][968]BlueprintLog: New page: Compile AudioGI
[2025.11.24-18.48.06:389][968]LogUObjectHash: Compacting FUObjectHashTables data took   3.54ms
[2025.11.24-18.48.06:423][968]Cmd: OBJ SAVEPACKAGE PACKAGE="/Game/Audios/AudioGI" FILE="E:/Unreal/Fumec_DevGames/Content/Audios/AudioGI.uasset" SILENT=true
[2025.11.24-18.48.06:430][968]LogSavePackage: Moving 'E:/Unreal/Fumec_DevGames/Saved/AudioGID011E32B43D8D0EA199ABB8501DB4A7F.tmp' to 'E:/Unreal/Fumec_DevGames/Content/Audios/AudioGI.uasset'
[2025.11.24-18.48.06:450][968]AssetCheck: New page: Asset Save: AudioGI
[2025.11.24-18.48.06:450][968]LogContentValidation: Display: Validating Blueprint /Game/Audios/AudioGI.AudioGI
[2025.11.24-18.48.06:491][968]LogSlate: Took 0.012609 seconds to synchronously load lazily loaded font '../../../Engine/Content/Slate/Fonts/DroidSansMono.ttf' (77K)
[2025.11.24-18.48.07:091][  0]Cmd: OBJ SAVEPACKAGE PACKAGE="/Game/Audios/AudioGI" FILE="E:/Unreal/Fumec_DevGames/Content/Audios/AudioGI.uasset" SILENT=true
[2025.11.24-18.48.07:098][  0]LogSavePackage: Moving 'E:/Unreal/Fumec_DevGames/Saved/AudioGI43018C1548E50C3761B22BAF6D40B38D.tmp' to 'E:/Unreal/Fumec_DevGames/Content/Audios/AudioGI.uasset'
[2025.11.24-18.48.07:115][  0]AssetCheck: New page: Asset Save: AudioGI
[2025.11.24-18.48.07:115][  0]LogContentValidation: Display: Validating Blueprint /Game/Audios/AudioGI.AudioGI
[2025.11.24-18.48.51:886][582]LogTemp: Repeating last play command: Selected Viewport
[2025.11.24-18.48.51:893][582]LogPlayLevel: PlayLevel: No blueprints needed recompiling
[2025.11.24-18.48.51:893][582]PIE: New page: PIE session: MainMenu (Nov 24, 2025, 12:48:51 PM)
[2025.11.24-18.48.51:893][582]LogPlayLevel: Creating play world package: /Game/Mapas/Menu/UEDPIE_0_MainMenu
[2025.11.24-18.48.51:894][582]LogPlayLevel: PIE: StaticDuplicateObject took: (0.001243s)
[2025.11.24-18.48.51:896][582]LogAIModule: Creating AISystem for world MainMenu
[2025.11.24-18.48.51:896][582]LogPlayLevel: PIE: World Init took: (0.001282s)
[2025.11.24-18.48.51:897][582]LogPlayLevel: PIE: Created PIE world by copying editor world from /Game/Mapas/Menu/MainMenu.MainMenu to /Game/Mapas/Menu/UEDPIE_0_MainMenu.MainMenu (0.002670s)
[2025.11.24-18.48.51:931][582]LogUObjectHash: Compacting FUObjectHashTables data took   3.56ms
[2025.11.24-18.48.51:931][582]LogAudio: Display: Creating Audio Device:                 Id: 4, Scope: Unique, Realtime: True
[2025.11.24-18.48.51:931][582]LogAudioMixer: Display: Audio Mixer Platform Settings:
[2025.11.24-18.48.51:931][582]LogAudioMixer: Display: 	Sample Rate:						  48000
[2025.11.24-18.48.51:931][582]LogAudioMixer: Display: 	Callback Buffer Frame Size Requested: 1024
[2025.11.24-18.48.51:931][582]LogAudioMixer: Display: 	Callback Buffer Frame Size To Use:	  1024
[2025.11.24-18.48.51:931][582]LogAudioMixer: Display: 	Number of buffers to queue:			  2
[2025.11.24-18.48.51:931][582]LogAudioMixer: Display: 	Max Channels (voices):				  32
[2025.11.24-18.48.51:931][582]LogAudioMixer: Display: 	Number of Async Source Workers:		  0
[2025.11.24-18.48.51:931][582]LogAudio: Display: AudioDevice MaxSources: 32
[2025.11.24-18.48.51:932][582]LogAudio: Display: Audio Spatialization Plugin: None (built-in).
[2025.11.24-18.48.51:932][582]LogAudio: Display: Audio Reverb Plugin: None (built-in).
[2025.11.24-18.48.51:932][582]LogAudio: Display: Audio Occlusion Plugin: None (built-in).
[2025.11.24-18.48.51:932][582]LogAudioMixer: Display: Initializing audio mixer.
[2025.11.24-18.48.51:938][582]LogAudioMixer: Display: 0: FrontLeft
[2025.11.24-18.48.51:938][582]LogAudioMixer: Display: 1: FrontRight
[2025.11.24-18.48.51:946][582]LogAudioMixer: Display: Using Audio Device Alto-falantes (Realtek(R) Audio)
[2025.11.24-18.48.51:946][582]LogAudioMixer: Display: Initializing Sound Submixes...
[2025.11.24-18.48.51:946][582]LogAudioMixer: Display: Creating Master Submix 'MasterSubmixDefault'
[2025.11.24-18.48.51:946][582]LogAudioMixer: Display: Creating Master Submix 'MasterReverbSubmixDefault'
[2025.11.24-18.48.51:948][582]LogAudioMixer: Display: Creating Master Submix 'MasterEQSubmixDefault'
[2025.11.24-18.48.51:948][582]LogAudioMixer: FMixerPlatformXAudio2::StartAudioStream() called
[2025.11.24-18.48.51:948][582]LogAudioMixer: Display: Output buffers initialized: Frames=1024, Channels=2, Samples=2048
[2025.11.24-18.48.51:949][582]LogAudioMixer: Display: Starting AudioMixerPlatformInterface::RunInternal()
[2025.11.24-18.48.51:949][582]LogAudioMixer: Display: FMixerPlatformXAudio2::SubmitBuffer() called for the first time
[2025.11.24-18.48.51:949][582]LogInit: FAudioDevice initialized.
[2025.11.24-18.48.51:950][582]LogAudio: Display: Audio Device (ID: 4) registered with world 'MainMenu'.
[2025.11.24-18.48.52:002][582]LogSlate: Updating window title bar state: overlay mode, drag disabled, window buttons hidden, title bar hidden
[2025.11.24-18.48.52:002][582]LogLoad: Game class is 'GameMode'
[2025.11.24-18.48.52:003][582]LogWorld: Bringing World /Game/Mapas/Menu/UEDPIE_0_MainMenu.MainMenu up for play (max tick rate 60) at 2025.11.24-15.48.52
[2025.11.24-18.48.52:003][582]LogWorld: Bringing up level for play took: 0.000516
[2025.11.24-18.48.52:003][582]LogOnline: OSS: Creating online subsystem instance for: :Context_8
[2025.11.24-18.48.52:006][582]LogGameMode: FindPlayerStart: PATHS NOT DEFINED or NO PLAYERSTART with positive rating
[2025.11.24-18.48.52:007][582]LogGameMode: Display: Match State Changed from EnteringMap to WaitingToStart
[2025.11.24-18.48.52:007][582]LogGameState: Match State Changed from EnteringMap to WaitingToStart
[2025.11.24-18.48.52:007][582]LogGameMode: Display: Match State Changed from WaitingToStart to InProgress
[2025.11.24-18.48.52:007][582]LogGameState: Match State Changed from WaitingToStart to InProgress
[2025.11.24-18.48.52:008][582]PIE: Server logged in
[2025.11.24-18.48.52:009][582]PIE: Play in editor total start time 0.116 seconds.
[2025.11.24-18.48.52:760][622]LogSlate: Updating window title bar state: overlay mode, drag disabled, window buttons hidden, title bar hidden
[2025.11.24-18.48.52:760][622]LogWorld: BeginTearingDown for /Game/Mapas/Menu/UEDPIE_0_MainMenu
[2025.11.24-18.48.52:760][622]LogSlate: Window 'ColunaDoendoSamurai Preview [NetMode: Standalone]  (64-bit/Windows) ' being destroyed
[2025.11.24-18.48.52:766][622]LogWorld: UWorld::CleanupWorld for MainMenu, bSessionEnded=true, bCleanupResources=true
[2025.11.24-18.48.52:766][622]LogSlate: InvalidateAllWidgets triggered.  All widgets were invalidated
[2025.11.24-18.48.52:777][622]LogPlayLevel: Display: Shutting down PIE online subsystems
[2025.11.24-18.48.52:784][622]LogSlate: InvalidateAllWidgets triggered.  All widgets were invalidated
[2025.11.24-18.48.52:815][622]LogAudioMixer: FMixerPlatformXAudio2::StopAudioStream() called
[2025.11.24-18.48.52:816][622]LogAudioMixer: FMixerPlatformXAudio2::StopAudioStream() called
[2025.11.24-18.48.52:823][622]LogUObjectHash: Compacting FUObjectHashTables data took   2.75ms
[2025.11.24-18.48.52:838][623]LogPlayLevel: Display: Destroying online subsystem :Context_8
[2025.11.24-18.49.04:040][170]LogSlate: Took 0.000967 seconds to synchronously load lazily loaded font '../../../Engine/Content/Slate/Fonts/Roboto-Italic.ttf' (157K)
[2025.11.24-18.49.10:122][519]BlueprintLog: New page: Compile AudioGI
[2025.11.24-18.49.10:156][519]LogUObjectHash: Compacting FUObjectHashTables data took   2.90ms
[2025.11.24-18.49.10:198][519]Cmd: OBJ SAVEPACKAGE PACKAGE="/Game/Audios/AudioGI" FILE="E:/Unreal/Fumec_DevGames/Content/Audios/AudioGI.uasset" SILENT=true
[2025.11.24-18.49.10:207][519]LogSavePackage: Moving 'E:/Unreal/Fumec_DevGames/Saved/AudioGID5233B4D4BCC3CEDBBFEB7B556C07174.tmp' to 'E:/Unreal/Fumec_DevGames/Content/Audios/AudioGI.uasset'
[2025.11.24-18.49.10:227][519]AssetCheck: New page: Asset Save: AudioGI
[2025.11.24-18.49.10:227][519]LogContentValidation: Display: Validating Blueprint /Game/Audios/AudioGI.AudioGI
[2025.11.24-18.49.10:872][557]LogTemp: Repeating last play command: Selected Viewport
[2025.11.24-18.49.10:879][557]LogPlayLevel: PlayLevel: No blueprints needed recompiling
[2025.11.24-18.49.10:879][557]PIE: New page: PIE session: MainMenu (Nov 24, 2025, 12:49:10 PM)
[2025.11.24-18.49.10:879][557]LogPlayLevel: Creating play world package: /Game/Mapas/Menu/UEDPIE_0_MainMenu
[2025.11.24-18.49.10:880][557]LogPlayLevel: PIE: StaticDuplicateObject took: (0.001132s)
[2025.11.24-18.49.10:881][557]LogAIModule: Creating AISystem for world MainMenu
[2025.11.24-18.49.10:881][557]LogPlayLevel: PIE: World Init took: (0.001461s)
[2025.11.24-18.49.10:881][557]LogPlayLevel: PIE: Created PIE world by copying editor world from /Game/Mapas/Menu/MainMenu.MainMenu to /Game/Mapas/Menu/UEDPIE_0_MainMenu.MainMenu (0.002739s)
[2025.11.24-18.49.10:917][557]LogUObjectHash: Compacting FUObjectHashTables data took   4.45ms
[2025.11.24-18.49.10:919][557]LogAudio: Display: Creating Audio Device:                 Id: 5, Scope: Unique, Realtime: True
[2025.11.24-18.49.10:919][557]LogAudioMixer: Display: Audio Mixer Platform Settings:
[2025.11.24-18.49.10:919][557]LogAudioMixer: Display: 	Sample Rate:						  48000
[2025.11.24-18.49.10:919][557]LogAudioMixer: Display: 	Callback Buffer Frame Size Requested: 1024
[2025.11.24-18.49.10:919][557]LogAudioMixer: Display: 	Callback Buffer Frame Size To Use:	  1024
[2025.11.24-18.49.10:919][557]LogAudioMixer: Display: 	Number of buffers to queue:			  2
[2025.11.24-18.49.10:919][557]LogAudioMixer: Display: 	Max Channels (voices):				  32
[2025.11.24-18.49.10:919][557]LogAudioMixer: Display: 	Number of Async Source Workers:		  0
[2025.11.24-18.49.10:919][557]LogAudio: Display: AudioDevice MaxSources: 32
[2025.11.24-18.49.10:919][557]LogAudio: Display: Audio Spatialization Plugin: None (built-in).
[2025.11.24-18.49.10:919][557]LogAudio: Display: Audio Reverb Plugin: None (built-in).
[2025.11.24-18.49.10:919][557]LogAudio: Display: Audio Occlusion Plugin: None (built-in).
[2025.11.24-18.49.10:919][557]LogAudioMixer: Display: Initializing audio mixer.
[2025.11.24-18.49.10:925][557]LogAudioMixer: Display: 0: FrontLeft
[2025.11.24-18.49.10:925][557]LogAudioMixer: Display: 1: FrontRight
[2025.11.24-18.49.10:932][557]LogAudioMixer: Display: Using Audio Device Alto-falantes (Realtek(R) Audio)
[2025.11.24-18.49.10:932][557]LogAudioMixer: Display: Initializing Sound Submixes...
[2025.11.24-18.49.10:932][557]LogAudioMixer: Display: Creating Master Submix 'MasterSubmixDefault'
[2025.11.24-18.49.10:932][557]LogAudioMixer: Display: Creating Master Submix 'MasterReverbSubmixDefault'
[2025.11.24-18.49.10:934][557]LogAudioMixer: Display: Creating Master Submix 'MasterEQSubmixDefault'
[2025.11.24-18.49.10:934][557]LogAudioMixer: FMixerPlatformXAudio2::StartAudioStream() called
[2025.11.24-18.49.10:934][557]LogAudioMixer: Display: Output buffers initialized: Frames=1024, Channels=2, Samples=2048
[2025.11.24-18.49.10:935][557]LogAudioMixer: Display: Starting AudioMixerPlatformInterface::RunInternal()
[2025.11.24-18.49.10:935][557]LogAudioMixer: Display: FMixerPlatformXAudio2::SubmitBuffer() called for the first time
[2025.11.24-18.49.10:935][557]LogInit: FAudioDevice initialized.
[2025.11.24-18.49.10:935][557]LogAudio: Display: Audio Device (ID: 5) registered with world 'MainMenu'.
[2025.11.24-18.49.10:992][557]LogSlate: Updating window title bar state: overlay mode, drag disabled, window buttons hidden, title bar hidden
[2025.11.24-18.49.10:992][557]LogLoad: Game class is 'GameMode'
[2025.11.24-18.49.10:993][557]LogWorld: Bringing World /Game/Mapas/Menu/UEDPIE_0_MainMenu.MainMenu up for play (max tick rate 60) at 2025.11.24-15.49.10
[2025.11.24-18.49.10:993][557]LogWorld: Bringing up level for play took: 0.000540
[2025.11.24-18.49.10:993][557]LogOnline: OSS: Creating online subsystem instance for: :Context_9
[2025.11.24-18.49.10:995][557]LogGameMode: FindPlayerStart: PATHS NOT DEFINED or NO PLAYERSTART with positive rating
[2025.11.24-18.49.10:996][557]LogGameMode: Display: Match State Changed from EnteringMap to WaitingToStart
[2025.11.24-18.49.10:996][557]LogGameState: Match State Changed from EnteringMap to WaitingToStart
[2025.11.24-18.49.10:996][557]LogGameMode: Display: Match State Changed from WaitingToStart to InProgress
[2025.11.24-18.49.10:996][557]LogGameState: Match State Changed from WaitingToStart to InProgress
[2025.11.24-18.49.10:998][557]PIE: Server logged in
[2025.11.24-18.49.10:999][557]PIE: Play in editor total start time 0.121 seconds.
[2025.11.24-18.49.15:427][820]LogSlate: Window 'ColunaDoendoSamurai Preview [NetMode: Standalone]  (64-bit/Windows) ' being destroyed
[2025.11.24-18.49.15:434][820]LogWorld: BeginTearingDown for /Game/Mapas/Menu/UEDPIE_0_MainMenu
[2025.11.24-18.49.15:459][820]LogWorld: UWorld::CleanupWorld for MainMenu, bSessionEnded=true, bCleanupResources=true
[2025.11.24-18.49.15:459][820]LogSlate: InvalidateAllWidgets triggered.  All widgets were invalidated
[2025.11.24-18.49.15:472][820]LogPlayLevel: Display: Shutting down PIE online subsystems
[2025.11.24-18.49.15:478][820]LogSlate: InvalidateAllWidgets triggered.  All widgets were invalidated
[2025.11.24-18.49.15:510][820]LogAudio: Display: Audio Device unregistered from world 'None'.
[2025.11.24-18.49.15:510][820]LogAudioMixer: FMixerPlatformXAudio2::StopAudioStream() called
[2025.11.24-18.49.15:512][820]LogAudioMixer: FMixerPlatformXAudio2::StopAudioStream() called
[2025.11.24-18.49.15:519][820]LogUObjectHash: Compacting FUObjectHashTables data took   3.29ms
[2025.11.24-18.49.15:550][821]LogPlayLevel: Display: Destroying online subsystem :Context_9
[2025.11.24-18.49.59:267][733]LogAssetEditorSubsystem: Opening Asset editor for Blueprint /Game/Player/Blueprints/Player_BP.Player_BP
[2025.11.24-18.50.17:666][758]BlueprintLog: New page: Compile Player_BP
[2025.11.24-18.50.17:754][758]LogUObjectHash: Compacting FUObjectHashTables data took   3.67ms
[2025.11.24-18.50.17:825][758]Cmd: OBJ SAVEPACKAGE PACKAGE="/Game/Player/Blueprints/Player_BP" FILE="E:/Unreal/Fumec_DevGames/Content/Player/Blueprints/Player_BP.uasset" SILENT=true
[2025.11.24-18.50.17:923][758]LogSavePackage: Moving 'E:/Unreal/Fumec_DevGames/Saved/Player_BP231E5F6048DF3FD26EA9E28C6D4EA534.tmp' to 'E:/Unreal/Fumec_DevGames/Content/Player/Blueprints/Player_BP.uasset'
[2025.11.24-18.50.17:948][758]AssetCheck: New page: Asset Save: Player_BP
[2025.11.24-18.50.17:948][758]LogContentValidation: Display: Validating Blueprint /Game/Player/Blueprints/Player_BP.Player_BP
[2025.11.24-18.50.18:439][780]Cmd: OBJ SAVEPACKAGE PACKAGE="/Game/Player/Blueprints/Player_BP" FILE="E:/Unreal/Fumec_DevGames/Content/Player/Blueprints/Player_BP.uasset" SILENT=true
[2025.11.24-18.50.18:536][780]LogSavePackage: Moving 'E:/Unreal/Fumec_DevGames/Saved/Player_BP748D59354628B8BD96C59D8FED3FDBCC.tmp' to 'E:/Unreal/Fumec_DevGames/Content/Player/Blueprints/Player_BP.uasset'
[2025.11.24-18.50.18:560][780]AssetCheck: New page: Asset Save: Player_BP
[2025.11.24-18.50.18:560][780]LogContentValidation: Display: Validating Blueprint /Game/Player/Blueprints/Player_BP.Player_BP
[2025.11.24-18.50.23:118][ 54]LogTemp: Repeating last play command: Selected Viewport
[2025.11.24-18.50.23:129][ 54]LogPlayLevel: PlayLevel: No blueprints needed recompiling
[2025.11.24-18.50.23:130][ 54]PIE: New page: PIE session: MainMenu (Nov 24, 2025, 12:50:23 PM)
[2025.11.24-18.50.23:130][ 54]LogPlayLevel: Creating play world package: /Game/Mapas/Menu/UEDPIE_0_MainMenu
[2025.11.24-18.50.23:131][ 54]LogPlayLevel: PIE: StaticDuplicateObject took: (0.001421s)
[2025.11.24-18.50.23:132][ 54]LogAIModule: Creating AISystem for world MainMenu
[2025.11.24-18.50.23:132][ 54]LogPlayLevel: PIE: World Init took: (0.001330s)
[2025.11.24-18.50.23:132][ 54]LogPlayLevel: PIE: Created PIE world by copying editor world from /Game/Mapas/Menu/MainMenu.MainMenu to /Game/Mapas/Menu/UEDPIE_0_MainMenu.MainMenu (0.002910s)
[2025.11.24-18.50.23:175][ 54]LogUObjectHash: Compacting FUObjectHashTables data took   4.52ms
[2025.11.24-18.50.23:176][ 54]LogAudio: Display: Creating Audio Device:                 Id: 6, Scope: Unique, Realtime: True
[2025.11.24-18.50.23:176][ 54]LogAudioMixer: Display: Audio Mixer Platform Settings:
[2025.11.24-18.50.23:176][ 54]LogAudioMixer: Display: 	Sample Rate:						  48000
[2025.11.24-18.50.23:176][ 54]LogAudioMixer: Display: 	Callback Buffer Frame Size Requested: 1024
[2025.11.24-18.50.23:176][ 54]LogAudioMixer: Display: 	Callback Buffer Frame Size To Use:	  1024
[2025.11.24-18.50.23:176][ 54]LogAudioMixer: Display: 	Number of buffers to queue:			  2
[2025.11.24-18.50.23:176][ 54]LogAudioMixer: Display: 	Max Channels (voices):				  32
[2025.11.24-18.50.23:176][ 54]LogAudioMixer: Display: 	Number of Async Source Workers:		  0
[2025.11.24-18.50.23:176][ 54]LogAudio: Display: AudioDevice MaxSources: 32
[2025.11.24-18.50.23:176][ 54]LogAudio: Display: Audio Spatialization Plugin: None (built-in).
[2025.11.24-18.50.23:176][ 54]LogAudio: Display: Audio Reverb Plugin: None (built-in).
[2025.11.24-18.50.23:176][ 54]LogAudio: Display: Audio Occlusion Plugin: None (built-in).
[2025.11.24-18.50.23:176][ 54]LogAudioMixer: Display: Initializing audio mixer.
[2025.11.24-18.50.23:184][ 54]LogAudioMixer: Display: 0: FrontLeft
[2025.11.24-18.50.23:184][ 54]LogAudioMixer: Display: 1: FrontRight
[2025.11.24-18.50.23:193][ 54]LogAudioMixer: Display: Using Audio Device Alto-falantes (Realtek(R) Audio)
[2025.11.24-18.50.23:193][ 54]LogAudioMixer: Display: Initializing Sound Submixes...
[2025.11.24-18.50.23:193][ 54]LogAudioMixer: Display: Creating Master Submix 'MasterSubmixDefault'
[2025.11.24-18.50.23:193][ 54]LogAudioMixer: Display: Creating Master Submix 'MasterReverbSubmixDefault'
[2025.11.24-18.50.23:194][ 54]LogAudioMixer: Display: Creating Master Submix 'MasterEQSubmixDefault'
[2025.11.24-18.50.23:194][ 54]LogAudioMixer: FMixerPlatformXAudio2::StartAudioStream() called
[2025.11.24-18.50.23:194][ 54]LogAudioMixer: Display: Output buffers initialized: Frames=1024, Channels=2, Samples=2048
[2025.11.24-18.50.23:196][ 54]LogAudioMixer: Display: Starting AudioMixerPlatformInterface::RunInternal()
[2025.11.24-18.50.23:196][ 54]LogAudioMixer: Display: FMixerPlatformXAudio2::SubmitBuffer() called for the first time
[2025.11.24-18.50.23:196][ 54]LogInit: FAudioDevice initialized.
[2025.11.24-18.50.23:196][ 54]LogAudio: Display: Audio Device (ID: 6) registered with world 'MainMenu'.
[2025.11.24-18.50.23:253][ 54]LogSlate: Updating window title bar state: overlay mode, drag disabled, window buttons hidden, title bar hidden
[2025.11.24-18.50.23:253][ 54]LogLoad: Game class is 'GameMode'
[2025.11.24-18.50.23:255][ 54]LogWorld: Bringing World /Game/Mapas/Menu/UEDPIE_0_MainMenu.MainMenu up for play (max tick rate 60) at 2025.11.24-15.50.23
[2025.11.24-18.50.23:255][ 54]LogWorld: Bringing up level for play took: 0.000845
[2025.11.24-18.50.23:255][ 54]LogOnline: OSS: Creating online subsystem instance for: :Context_11
[2025.11.24-18.50.23:257][ 54]LogGameMode: FindPlayerStart: PATHS NOT DEFINED or NO PLAYERSTART with positive rating
[2025.11.24-18.50.23:259][ 54]LogGameMode: Display: Match State Changed from EnteringMap to WaitingToStart
[2025.11.24-18.50.23:259][ 54]LogGameState: Match State Changed from EnteringMap to WaitingToStart
[2025.11.24-18.50.23:259][ 54]LogGameMode: Display: Match State Changed from WaitingToStart to InProgress
[2025.11.24-18.50.23:260][ 54]LogGameState: Match State Changed from WaitingToStart to InProgress
[2025.11.24-18.50.23:264][ 54]PIE: Server logged in
[2025.11.24-18.50.23:268][ 54]PIE: Play in editor total start time 0.139 seconds.
[2025.11.24-18.50.23:303][ 55]LogRenderer: Reallocating scene render targets to support 1172x784 Format 10 NumSamples 1 (Frame:1).
[2025.11.24-18.50.24:293][112]LogSlate: Window 'ColunaDoendoSamurai Preview [NetMode: Standalone]  (64-bit/Windows) ' being destroyed
[2025.11.24-18.50.24:302][112]LogWorld: BeginTearingDown for /Game/Mapas/Menu/UEDPIE_0_MainMenu
[2025.11.24-18.50.24:349][112]LogWorld: UWorld::CleanupWorld for MainMenu, bSessionEnded=true, bCleanupResources=true
[2025.11.24-18.50.24:349][112]LogSlate: InvalidateAllWidgets triggered.  All widgets were invalidated
[2025.11.24-18.50.24:360][112]LogPlayLevel: Display: Shutting down PIE online subsystems
[2025.11.24-18.50.24:366][112]LogSlate: InvalidateAllWidgets triggered.  All widgets were invalidated
[2025.11.24-18.50.24:401][112]LogAudio: Display: Audio Device unregistered from world 'None'.
[2025.11.24-18.50.24:401][112]LogAudioMixer: FMixerPlatformXAudio2::StopAudioStream() called
[2025.11.24-18.50.24:403][112]LogAudioMixer: FMixerPlatformXAudio2::StopAudioStream() called
[2025.11.24-18.50.24:409][112]LogUObjectHash: Compacting FUObjectHashTables data took   3.36ms
[2025.11.24-18.50.24:428][113]LogPlayLevel: Display: Destroying online subsystem :Context_11
[2025.11.24-18.50.36:477][677]LogWorld: UWorld::CleanupWorld for World_1, bSessionEnded=true, bCleanupResources=true
[2025.11.24-18.50.36:477][677]LogSlate: InvalidateAllWidgets triggered.  All widgets were invalidated
[2025.11.24-18.50.36:487][677]LogWorld: UWorld::CleanupWorld for World_0, bSessionEnded=true, bCleanupResources=true
[2025.11.24-18.50.36:487][677]LogSlate: InvalidateAllWidgets triggered.  All widgets were invalidated
[2025.11.24-18.51.29:339][825]LogTemp: Repeating last play command: Selected Viewport
[2025.11.24-18.51.29:347][825]BlueprintLog: New page: Pre-Play auto-recompile
[2025.11.24-18.51.29:361][825]LogPlayLevel: [PlayLevel] Compiling HUD_Padrao before play...
[2025.11.24-18.51.29:432][825]Cmd: OBJ SAVEPACKAGE PACKAGE="/Game/Player/Blueprints/HUD/HUD_Padrao" FILE="E:/Unreal/Fumec_DevGames/Content/Player/Blueprints/HUD/HUD_Padrao.uasset" SILENT=true
[2025.11.24-18.51.29:444][825]LogSavePackage: Moving 'E:/Unreal/Fumec_DevGames/Saved/HUD_PadraoC11EFA024448F650344CA1BA9E98C7B5.tmp' to 'E:/Unreal/Fumec_DevGames/Content/Player/Blueprints/HUD/HUD_Padrao.uasset'
[2025.11.24-18.51.29:496][825]LogUObjectHash: Compacting FUObjectHashTables data took   4.10ms
[2025.11.24-18.51.29:498][825]LogPlayLevel: PlayLevel: Blueprint regeneration took 151 ms (1 blueprints)
[2025.11.24-18.51.29:498][825]PIE: New page: PIE session: MainMenu (Nov 24, 2025, 12:51:29 PM)
[2025.11.24-18.51.29:498][825]LogPlayLevel: Creating play world package: /Game/Mapas/Menu/UEDPIE_0_MainMenu
[2025.11.24-18.51.29:499][825]LogPlayLevel: PIE: StaticDuplicateObject took: (0.001114s)
[2025.11.24-18.51.29:500][825]LogAIModule: Creating AISystem for world MainMenu
[2025.11.24-18.51.29:500][825]LogPlayLevel: PIE: World Init took: (0.001101s)
[2025.11.24-18.51.29:500][825]LogPlayLevel: PIE: Created PIE world by copying editor world from /Game/Mapas/Menu/MainMenu.MainMenu to /Game/Mapas/Menu/UEDPIE_0_MainMenu.MainMenu (0.002334s)
[2025.11.24-18.51.29:536][825]LogUObjectHash: Compacting FUObjectHashTables data took   3.36ms
[2025.11.24-18.51.29:536][825]LogAudio: Display: Creating Audio Device:                 Id: 7, Scope: Unique, Realtime: True
[2025.11.24-18.51.29:536][825]LogAudioMixer: Display: Audio Mixer Platform Settings:
[2025.11.24-18.51.29:536][825]LogAudioMixer: Display: 	Sample Rate:						  48000
[2025.11.24-18.51.29:536][825]LogAudioMixer: Display: 	Callback Buffer Frame Size Requested: 1024
[2025.11.24-18.51.29:536][825]LogAudioMixer: Display: 	Callback Buffer Frame Size To Use:	  1024
[2025.11.24-18.51.29:536][825]LogAudioMixer: Display: 	Number of buffers to queue:			  2
[2025.11.24-18.51.29:536][825]LogAudioMixer: Display: 	Max Channels (voices):				  32
[2025.11.24-18.51.29:536][825]LogAudioMixer: Display: 	Number of Async Source Workers:		  0
[2025.11.24-18.51.29:536][825]LogAudio: Display: AudioDevice MaxSources: 32
[2025.11.24-18.51.29:536][825]LogAudio: Display: Audio Spatialization Plugin: None (built-in).
[2025.11.24-18.51.29:536][825]LogAudio: Display: Audio Reverb Plugin: None (built-in).
[2025.11.24-18.51.29:536][825]LogAudio: Display: Audio Occlusion Plugin: None (built-in).
[2025.11.24-18.51.29:536][825]LogAudioMixer: Display: Initializing audio mixer.
[2025.11.24-18.51.29:545][825]LogAudioMixer: Display: 0: FrontLeft
[2025.11.24-18.51.29:545][825]LogAudioMixer: Display: 1: FrontRight
[2025.11.24-18.51.29:554][825]LogAudioMixer: Display: Using Audio Device Alto-falantes (Realtek(R) Audio)
[2025.11.24-18.51.29:555][825]LogAudioMixer: Display: Initializing Sound Submixes...
[2025.11.24-18.51.29:555][825]LogAudioMixer: Display: Creating Master Submix 'MasterSubmixDefault'
[2025.11.24-18.51.29:555][825]LogAudioMixer: Display: Creating Master Submix 'MasterReverbSubmixDefault'
[2025.11.24-18.51.29:555][825]LogAudioMixer: Display: Creating Master Submix 'MasterEQSubmixDefault'
[2025.11.24-18.51.29:555][825]LogAudioMixer: FMixerPlatformXAudio2::StartAudioStream() called
[2025.11.24-18.51.29:555][825]LogAudioMixer: Display: Output buffers initialized: Frames=1024, Channels=2, Samples=2048
[2025.11.24-18.51.29:557][825]LogAudioMixer: Display: Starting AudioMixerPlatformInterface::RunInternal()
[2025.11.24-18.51.29:557][825]LogAudioMixer: Display: FMixerPlatformXAudio2::SubmitBuffer() called for the first time
[2025.11.24-18.51.29:557][825]LogInit: FAudioDevice initialized.
[2025.11.24-18.51.29:557][825]LogAudio: Display: Audio Device (ID: 7) registered with world 'MainMenu'.
[2025.11.24-18.51.29:611][825]LogSlate: Updating window title bar state: overlay mode, drag disabled, window buttons hidden, title bar hidden
[2025.11.24-18.51.29:612][825]LogLoad: Game class is 'GameMode'
[2025.11.24-18.51.29:613][825]LogWorld: Bringing World /Game/Mapas/Menu/UEDPIE_0_MainMenu.MainMenu up for play (max tick rate 60) at 2025.11.24-15.51.29
[2025.11.24-18.51.29:613][825]LogWorld: Bringing up level for play took: 0.000695
[2025.11.24-18.51.29:613][825]LogOnline: OSS: Creating online subsystem instance for: :Context_12
[2025.11.24-18.51.29:615][825]LogGameMode: FindPlayerStart: PATHS NOT DEFINED or NO PLAYERSTART with positive rating
[2025.11.24-18.51.29:615][825]LogGameMode: Display: Match State Changed from EnteringMap to WaitingToStart
[2025.11.24-18.51.29:615][825]LogGameState: Match State Changed from EnteringMap to WaitingToStart
[2025.11.24-18.51.29:616][825]LogGameMode: Display: Match State Changed from WaitingToStart to InProgress
[2025.11.24-18.51.29:617][825]LogGameState: Match State Changed from WaitingToStart to InProgress
[2025.11.24-18.51.29:618][825]PIE: Server logged in
[2025.11.24-18.51.29:619][825]PIE: Play in editor total start time 0.273 seconds.
[2025.11.24-18.51.29:666][826]AssetCheck: New page: Asset Save: HUD_Padrao
[2025.11.24-18.51.29:667][826]LogContentValidation: Display: Validating WidgetBlueprint /Game/Player/Blueprints/HUD/HUD_Padrao.HUD_Padrao
[2025.11.24-18.51.32:062][970]LogSlate: Window 'ColunaDoendoSamurai Preview [NetMode: Standalone]  (64-bit/Windows) ' being destroyed
[2025.11.24-18.51.32:070][970]LogWorld: BeginTearingDown for /Game/Mapas/Menu/UEDPIE_0_MainMenu
[2025.11.24-18.51.32:108][970]LogWorld: UWorld::CleanupWorld for MainMenu, bSessionEnded=true, bCleanupResources=true
[2025.11.24-18.51.32:108][970]LogSlate: InvalidateAllWidgets triggered.  All widgets were invalidated
[2025.11.24-18.51.32:121][970]LogPlayLevel: Display: Shutting down PIE online subsystems
[2025.11.24-18.51.32:128][970]LogSlate: InvalidateAllWidgets triggered.  All widgets were invalidated
[2025.11.24-18.51.32:157][970]LogAudioMixer: FMixerPlatformXAudio2::StopAudioStream() called
[2025.11.24-18.51.32:159][970]LogAudioMixer: FMixerPlatformXAudio2::StopAudioStream() called
[2025.11.24-18.51.32:168][970]LogUObjectHash: Compacting FUObjectHashTables data took   3.06ms
[2025.11.24-18.51.32:184][971]LogPlayLevel: Display: Destroying online subsystem :Context_12
[2025.11.24-18.51.53:376][236]LogAssetEditorSubsystem: Opening Asset editor for Blueprint /Game/Player/Blueprints/GamemodeRL.GameModeRL
[2025.11.24-18.55.18:088][288]LogEditorClassViewer: Warning: Class /Engine/Tutorial/InWorldBlueprintEditing/TutorialAssets/IWBE_Blutility.IWBE_Blutility_C has parent /Script/Blutility.PlacedEditorUtilityBase, but this parent is not found. The Class will not be shown in ClassViewer.
[2025.11.24-18.55.19:096][288]LogSlate: Window 'Pick Parent Class' being destroyed
[2025.11.24-18.55.19:106][288]LogContentBrowser: Deferred new asset file creation: NewBlueprint
[2025.11.24-18.55.19:122][288]LogContentBrowser: Creating deferred item: NewBlueprint
[2025.11.24-18.55.24:492][611]LogContentBrowser: Attempting asset rename: NewBlueprint -> ActorAudio
[2025.11.24-18.55.24:497][611]LogPackageName: SearchForPackageOnDisk took   0.000s, but failed to resolve /Game/Audios/ActorAudio.
[2025.11.24-18.55.24:497][611]LogContentBrowser: End creating deferred item NewBlueprint
[2025.11.24-18.55.26:202][712]Cmd: OBJ SAVEPACKAGE PACKAGE="/Game/Audios/ActorAudio" FILE="E:/Unreal/Fumec_DevGames/Content/Audios/ActorAudio.uasset" SILENT=true
[2025.11.24-18.55.26:207][712]LogSavePackage: Moving 'E:/Unreal/Fumec_DevGames/Saved/ActorAudio407215084ED38A0F1E2CEB97A05B8D80.tmp' to 'E:/Unreal/Fumec_DevGames/Content/Audios/ActorAudio.uasset'
[2025.11.24-18.55.26:220][712]LogPackageName: SearchForPackageOnDisk took   0.000s to resolve /Game/Audios/ActorAudio.
[2025.11.24-18.55.26:226][712]AssetCheck: New page: Asset Save: ActorAudio
[2025.11.24-18.55.26:226][712]LogContentValidation: Display: Validating Blueprint /Game/Audios/ActorAudio.ActorAudio
[2025.11.24-18.55.26:517][729]LogAssetEditorSubsystem: Opening Asset editor for Blueprint /Game/Audios/ActorAudio.ActorAudio
[2025.11.24-18.56.48:131][242]Cmd: OBJ SAVEPACKAGE PACKAGE="/Game/Player/Blueprints/GamemodeRL" FILE="E:/Unreal/Fumec_DevGames/Content/Player/Blueprints/GamemodeRL.uasset" SILENT=true
[2025.11.24-18.56.48:136][242]LogSavePackage: Moving 'E:/Unreal/Fumec_DevGames/Saved/GamemodeRL7284B8FE471F63196DD77499DC6B55DC.tmp' to 'E:/Unreal/Fumec_DevGames/Content/Player/Blueprints/GamemodeRL.uasset'
[2025.11.24-18.56.48:266][242]AssetCheck: New page: Asset Save: GameModeRL
[2025.11.24-18.56.48:266][242]LogContentValidation: Display: Validating Blueprint /Game/Player/Blueprints/GamemodeRL.GameModeRL
[2025.11.24-18.59.04:527][163]BlueprintLog: New page: Compile GameModeRL
[2025.11.24-18.59.04:592][163]LogUObjectHash: Compacting FUObjectHashTables data took   4.08ms
[2025.11.24-18.59.04:632][163]Cmd: OBJ SAVEPACKAGE PACKAGE="/Game/Player/Blueprints/GamemodeRL" FILE="E:/Unreal/Fumec_DevGames/Content/Player/Blueprints/GamemodeRL.uasset" SILENT=true
[2025.11.24-18.59.04:637][163]LogSavePackage: Moving 'E:/Unreal/Fumec_DevGames/Saved/GamemodeRL08DB70254EADAEEBB213C0992AA801AB.tmp' to 'E:/Unreal/Fumec_DevGames/Content/Player/Blueprints/GamemodeRL.uasset'
[2025.11.24-18.59.04:655][163]AssetCheck: New page: Asset Save: GameModeRL
[2025.11.24-18.59.04:655][163]LogContentValidation: Display: Validating Blueprint /Game/Player/Blueprints/GamemodeRL.GameModeRL
[2025.11.24-18.59.10:921][499]LogUObjectHash: Compacting FUObjectHashTables data took   3.69ms
[2025.11.24-18.59.12:217][499]LogSlate: Window 'Delete Assets' being destroyed
[2025.11.24-18.59.12:295][499]LogWorld: UWorld::CleanupWorld for World_8, bSessionEnded=true, bCleanupResources=true
[2025.11.24-18.59.12:295][499]LogSlate: InvalidateAllWidgets triggered.  All widgets were invalidated
[2025.11.24-18.59.12:352][499]LogUObjectGlobals: Force Deleting 1 Package(s):
	Asset Name: /Game/Audios/ActorAudio.ActorAudio
[2025.11.24-18.59.12:744][499]LogUObjectHash: Compacting FUObjectHashTables data took   2.97ms
[2025.11.24-18.59.12:781][499]LogUObjectHash: Compacting FUObjectHashTables data took   2.85ms
[2025.11.24-18.59.12:814][499]LogUObjectHash: Compacting FUObjectHashTables data took   0.81ms
[2025.11.24-18.59.23:796][156]Cmd: TRANSACTION UNDO
[2025.11.24-18.59.23:796][156]LogEditorTransaction: Undo Edit Use Seamless Travel
[2025.11.24-18.59.32:049][579]LogEditorClassViewer: Warning: Class /Engine/Tutorial/InWorldBlueprintEditing/TutorialAssets/IWBE_Blutility.IWBE_Blutility_C has parent /Script/Blutility.PlacedEditorUtilityBase, but this parent is not found. The Class will not be shown in ClassViewer.
[2025.11.24-18.59.32:052][579]LogSlate: Warning: Slate: Had to block on waiting for a draw buffer
[2025.11.24-18.59.36:602][579]LogSlate: Window 'Pick Parent Class' being destroyed
[2025.11.24-19.00.01:691][254]LogUObjectHash: Compacting FUObjectHashTables data took   3.46ms
[2025.11.24-19.00.09:511][254]LogSlate: Window 'Delete Assets' being destroyed
[2025.11.24-19.00.16:861][677]LogAssetEditorSubsystem: Opening Asset editor for WidgetBlueprint /Game/Mapas/Menu/MainMenuWid.MainMenuWid
[2025.11.24-19.00.17:272][677]LogSlate: The tab "SequencerGraphEditor" attempted to spawn in layout 'WidgetBlueprintEditor_Designer_Layout_v4_1' but failed for some reason. An "unrecognized tab" will be returned instead.
[2025.11.24-19.00.18:799][765]LogSlate: Window 'SequencerGraphEditor' being destroyed
[2025.11.24-19.00.18:804][765]LogSlate: Window 'SequencerGraphEditor' being destroyed
[2025.11.24-19.00.30:610][463]LogSlate: The tab "SequencerGraphEditor" attempted to spawn in layout 'WidgetBlueprintEditor_Designer_Layout_v4_1' but failed for some reason. An "unrecognized tab" will be returned instead.
[2025.11.24-19.00.31:910][540]LogSlate: Window 'SequencerGraphEditor' being destroyed
[2025.11.24-19.00.31:915][540]LogSlate: Window 'SequencerGraphEditor' being destroyed
[2025.11.24-19.00.39:656][986]LogUObjectHash: Compacting FUObjectHashTables data took   3.16ms
[2025.11.24-19.00.41:556][986]LogSlate: Window 'Delete Assets' being destroyed
[2025.11.24-19.00.41:606][986]LogWorld: UWorld::CleanupWorld for World_4, bSessionEnded=true, bCleanupResources=true
[2025.11.24-19.00.41:606][986]LogSlate: InvalidateAllWidgets triggered.  All widgets were invalidated
[2025.11.24-19.00.41:651][986]LogUObjectGlobals: Force Deleting 1 Package(s):
	Asset Name: /Game/Audios/AudioGI.AudioGI
[2025.11.24-19.00.42:107][986]LogUObjectHash: Compacting FUObjectHashTables data took   3.99ms
[2025.11.24-19.00.42:148][986]LogUObjectHash: Compacting FUObjectHashTables data took   5.08ms
[2025.11.24-19.00.42:184][986]LogUObjectHash: Compacting FUObjectHashTables data took   0.84ms
[2025.11.24-19.00.47:176][253]LogSlate: Only BGRA pngs, bmps or icos are supported in by External Image Picker
[2025.11.24-19.00.52:704][545]LogLinker: Warning: Failed to load '/Game/Audios/AudioGI': Can't find file.
[2025.11.24-19.00.52:704][545]LogLinker: Warning: Failed to load '/Game/Audios/AudioGI': Can't find file.
[2025.11.24-19.00.52:704][545]LogUObjectGlobals: Warning: Failed to find object 'Class /Game/Audios/AudioGI.AudioGI_C'
[2025.11.24-19.00.54:101][628]LogSlate: Prevented a slow task dialog from being summoned while a context menu was open
[2025.11.24-19.00.54:126][628]LogEditorClassViewer: Warning: Class /Engine/Tutorial/InWorldBlueprintEditing/TutorialAssets/IWBE_Blutility.IWBE_Blutility_C has parent /Script/Blutility.PlacedEditorUtilityBase, but this parent is not found. The Class will not be shown in ClassViewer.
[2025.11.24-19.01.01:034][ 24]LogTemp: Repeating last play command: Selected Viewport
[2025.11.24-19.01.01:042][ 24]LogPlayLevel: PlayLevel: No blueprints needed recompiling
[2025.11.24-19.01.01:042][ 24]PIE: New page: PIE session: MainMenu (Nov 24, 2025, 1:01:01 PM)
[2025.11.24-19.01.01:042][ 24]LogPlayLevel: Creating play world package: /Game/Mapas/Menu/UEDPIE_0_MainMenu
[2025.11.24-19.01.01:043][ 24]LogPlayLevel: PIE: StaticDuplicateObject took: (0.001290s)
[2025.11.24-19.01.01:045][ 24]LogAIModule: Creating AISystem for world MainMenu
[2025.11.24-19.01.01:045][ 24]LogPlayLevel: PIE: World Init took: (0.001340s)
[2025.11.24-19.01.01:045][ 24]LogPlayLevel: PIE: Created PIE world by copying editor world from /Game/Mapas/Menu/MainMenu.MainMenu to /Game/Mapas/Menu/UEDPIE_0_MainMenu.MainMenu (0.002774s)
[2025.11.24-19.01.01:123][ 24]LogUObjectHash: Compacting FUObjectHashTables data took   6.99ms
[2025.11.24-19.01.01:125][ 24]LogAudio: Display: Creating Audio Device:                 Id: 8, Scope: Unique, Realtime: True
[2025.11.24-19.01.01:125][ 24]LogAudioMixer: Display: Audio Mixer Platform Settings:
[2025.11.24-19.01.01:125][ 24]LogAudioMixer: Display: 	Sample Rate:						  48000
[2025.11.24-19.01.01:125][ 24]LogAudioMixer: Display: 	Callback Buffer Frame Size Requested: 1024
[2025.11.24-19.01.01:125][ 24]LogAudioMixer: Display: 	Callback Buffer Frame Size To Use:	  1024
[2025.11.24-19.01.01:125][ 24]LogAudioMixer: Display: 	Number of buffers to queue:			  2
[2025.11.24-19.01.01:125][ 24]LogAudioMixer: Display: 	Max Channels (voices):				  32
[2025.11.24-19.01.01:125][ 24]LogAudioMixer: Display: 	Number of Async Source Workers:		  0
[2025.11.24-19.01.01:125][ 24]LogAudio: Display: AudioDevice MaxSources: 32
[2025.11.24-19.01.01:126][ 24]LogAudio: Display: Audio Spatialization Plugin: None (built-in).
[2025.11.24-19.01.01:126][ 24]LogAudio: Display: Audio Reverb Plugin: None (built-in).
[2025.11.24-19.01.01:126][ 24]LogAudio: Display: Audio Occlusion Plugin: None (built-in).
[2025.11.24-19.01.01:126][ 24]LogAudioMixer: Display: Initializing audio mixer.
[2025.11.24-19.01.01:135][ 24]LogAudioMixer: Display: 0: FrontLeft
[2025.11.24-19.01.01:135][ 24]LogAudioMixer: Display: 1: FrontRight
[2025.11.24-19.01.01:146][ 24]LogAudioMixer: Display: Using Audio Device Alto-falantes (Realtek(R) Audio)
[2025.11.24-19.01.01:146][ 24]LogAudioMixer: Display: Initializing Sound Submixes...
[2025.11.24-19.01.01:146][ 24]LogAudioMixer: Display: Creating Master Submix 'MasterSubmixDefault'
[2025.11.24-19.01.01:146][ 24]LogAudioMixer: Display: Creating Master Submix 'MasterReverbSubmixDefault'
[2025.11.24-19.01.01:147][ 24]LogAudioMixer: Display: Creating Master Submix 'MasterEQSubmixDefault'
[2025.11.24-19.01.01:147][ 24]LogAudioMixer: FMixerPlatformXAudio2::StartAudioStream() called
[2025.11.24-19.01.01:147][ 24]LogAudioMixer: Display: Output buffers initialized: Frames=1024, Channels=2, Samples=2048
[2025.11.24-19.01.01:148][ 24]LogAudioMixer: Display: Starting AudioMixerPlatformInterface::RunInternal()
[2025.11.24-19.01.01:148][ 24]LogAudioMixer: Display: FMixerPlatformXAudio2::SubmitBuffer() called for the first time
[2025.11.24-19.01.01:148][ 24]LogInit: FAudioDevice initialized.
[2025.11.24-19.01.01:148][ 24]LogAudio: Display: Audio Device (ID: 8) registered with world 'MainMenu'.
[2025.11.24-19.01.01:158][ 24]LogLoad: Game class is 'GameMode'
[2025.11.24-19.01.01:158][ 24]LogWorld: Bringing World /Game/Mapas/Menu/UEDPIE_0_MainMenu.MainMenu up for play (max tick rate 60) at 2025.11.24-16.01.01
[2025.11.24-19.01.01:158][ 24]LogWorld: Bringing up level for play took: 0.000445
[2025.11.24-19.01.01:159][ 24]LogOnline: OSS: Creating online subsystem instance for: :Context_18
[2025.11.24-19.01.01:162][ 24]LogGameMode: Display: Match State Changed from EnteringMap to WaitingToStart
[2025.11.24-19.01.01:162][ 24]LogGameState: Match State Changed from EnteringMap to WaitingToStart
[2025.11.24-19.01.01:162][ 24]LogGameMode: Display: Match State Changed from WaitingToStart to InProgress
[2025.11.24-19.01.01:163][ 24]LogGameState: Match State Changed from WaitingToStart to InProgress
[2025.11.24-19.01.01:163][ 24]PIE: Server logged in
[2025.11.24-19.01.01:164][ 24]PIE: Play in editor total start time 0.122 seconds.
[2025.11.24-19.01.04:609][231]LogSlate: Updating window title bar state: overlay mode, drag disabled, window buttons hidden, title bar hidden
[2025.11.24-19.01.04:610][231]LogWorld: BeginTearingDown for /Game/Mapas/Menu/UEDPIE_0_MainMenu
[2025.11.24-19.01.04:646][231]LogWorld: UWorld::CleanupWorld for MainMenu, bSessionEnded=true, bCleanupResources=true
[2025.11.24-19.01.04:646][231]LogSlate: InvalidateAllWidgets triggered.  All widgets were invalidated
[2025.11.24-19.01.04:660][231]LogPlayLevel: Display: Shutting down PIE online subsystems
[2025.11.24-19.01.04:668][231]LogSlate: InvalidateAllWidgets triggered.  All widgets were invalidated
[2025.11.24-19.01.04:706][231]LogSlate: Updating window title bar state: overlay mode, drag disabled, window buttons hidden, title bar hidden
[2025.11.24-19.01.04:706][231]LogAudioMixer: FMixerPlatformXAudio2::StopAudioStream() called
[2025.11.24-19.01.04:708][231]LogAudioMixer: FMixerPlatformXAudio2::StopAudioStream() called
[2025.11.24-19.01.04:719][231]LogUObjectHash: Compacting FUObjectHashTables data took   4.35ms
[2025.11.24-19.01.04:772][232]LogEditorViewport: Clicking Background
[2025.11.24-19.01.04:772][232]LogPlayLevel: Display: Destroying online subsystem :Context_18
[2025.11.24-19.01.04:903][240]LogEditorViewport: Clicking Background
[2025.11.24-19.03.45:454][340]LogUObjectHash: Compacting FUObjectHashTables data took   5.93ms
[2025.11.24-19.03.45:455][340]LogFileHelpers: Editor autosave (incl. external actors) for '/Game/Mapas/Menu/MainMenu' took 0.046
[2025.11.24-19.03.45:456][340]OBJ SavePackage: Generating thumbnails for [0] asset(s) in package [/Game/Mapas/Menu/MainMenuWid] ([2] browsable assets)...
[2025.11.24-19.03.45:456][340]OBJ SavePackage: Finished generating thumbnails for package [/Game/Mapas/Menu/MainMenuWid]
[2025.11.24-19.03.45:456][340]Cmd: OBJ SAVEPACKAGE PACKAGE="/Game/Mapas/Menu/MainMenuWid" FILE="E:/Unreal/Fumec_DevGames/Saved/Autosaves/Game/Mapas/Menu/MainMenuWid_Auto1.uasset" SILENT=false AUTOSAVING=true
[2025.11.24-19.03.45:468][340]LogSavePackage: Moving 'E:/Unreal/Fumec_DevGames/Saved/MainMenuWid_Auto10A1597A44A160BF188157FBAFABDA128.tmp' to 'E:/Unreal/Fumec_DevGames/Saved/Autosaves/Game/Mapas/Menu/MainMenuWid_Auto1.uasset'
[2025.11.24-19.03.45:773][340]OBJ SavePackage: Generating thumbnails for [0] asset(s) in package [/Game/Player/Blueprints/HUD/HUD_Padrao] ([2] browsable assets)...
[2025.11.24-19.03.45:773][340]OBJ SavePackage: Finished generating thumbnails for package [/Game/Player/Blueprints/HUD/HUD_Padrao]
[2025.11.24-19.03.45:773][340]Cmd: OBJ SAVEPACKAGE PACKAGE="/Game/Player/Blueprints/HUD/HUD_Padrao" FILE="E:/Unreal/Fumec_DevGames/Saved/Autosaves/Game/Player/Blueprints/HUD/HUD_Padrao_Auto1.uasset" SILENT=false AUTOSAVING=true
[2025.11.24-19.03.45:787][340]LogSavePackage: Moving 'E:/Unreal/Fumec_DevGames/Saved/HUD_Padrao_Auto11EA33A0F4FB28595AB01B6B03CA72A25.tmp' to 'E:/Unreal/Fumec_DevGames/Saved/Autosaves/Game/Player/Blueprints/HUD/HUD_Padrao_Auto1.uasset'
[2025.11.24-19.03.45:999][340]LogFileHelpers: Auto-saving content packages took 0.544
[2025.11.24-19.07.29:806][563]LogSlate: Took 0.000756 seconds to synchronously load lazily loaded font '../../../Engine/Content/Slate/Fonts/Roboto-BoldCondensedItalic.ttf' (160K)
[2025.11.24-19.07.53:359][938]BlueprintLog: New page: Compile HUD_Padrao
[2025.11.24-19.07.53:436][938]LogUObjectHash: Compacting FUObjectHashTables data took   7.05ms
[2025.11.24-19.07.53:500][938]Cmd: OBJ SAVEPACKAGE PACKAGE="/Game/Player/Blueprints/HUD/HUD_Padrao" FILE="E:/Unreal/Fumec_DevGames/Content/Player/Blueprints/HUD/HUD_Padrao.uasset" SILENT=true
[2025.11.24-19.07.53:516][938]LogSavePackage: Moving 'E:/Unreal/Fumec_DevGames/Saved/HUD_Padrao0F03D50443F02A712FF9F3A5007334D3.tmp' to 'E:/Unreal/Fumec_DevGames/Content/Player/Blueprints/HUD/HUD_Padrao.uasset'
[2025.11.24-19.07.53:542][938]AssetCheck: New page: Asset Save: HUD_Padrao
[2025.11.24-19.07.53:542][938]LogContentValidation: Display: Validating WidgetBlueprint /Game/Player/Blueprints/HUD/HUD_Padrao.HUD_Padrao
[2025.11.24-19.07.53:698][945]Cmd: OBJ SAVEPACKAGE PACKAGE="/Game/Player/Blueprints/HUD/HUD_Padrao" FILE="E:/Unreal/Fumec_DevGames/Content/Player/Blueprints/HUD/HUD_Padrao.uasset" SILENT=true
[2025.11.24-19.07.53:712][945]LogSavePackage: Moving 'E:/Unreal/Fumec_DevGames/Saved/HUD_Padrao284D31564BCBD573FD8B45BDF248F3E6.tmp' to 'E:/Unreal/Fumec_DevGames/Content/Player/Blueprints/HUD/HUD_Padrao.uasset'
[2025.11.24-19.07.53:734][945]AssetCheck: New page: Asset Save: HUD_Padrao
[2025.11.24-19.07.53:734][945]LogContentValidation: Display: Validating WidgetBlueprint /Game/Player/Blueprints/HUD/HUD_Padrao.HUD_Padrao
[2025.11.24-19.07.56:965][133]Cmd: OBJ SAVEPACKAGE PACKAGE="/Game/Player/Blueprints/HUD/HUD_Padrao" FILE="E:/Unreal/Fumec_DevGames/Content/Player/Blueprints/HUD/HUD_Padrao.uasset" SILENT=true
[2025.11.24-19.07.56:981][133]LogSavePackage: Moving 'E:/Unreal/Fumec_DevGames/Saved/HUD_PadraoDCF4A14B48FCF6287890FEAFC51D1CE2.tmp' to 'E:/Unreal/Fumec_DevGames/Content/Player/Blueprints/HUD/HUD_Padrao.uasset'
[2025.11.24-19.07.57:006][133]AssetCheck: New page: Asset Save: HUD_Padrao
[2025.11.24-19.07.57:006][133]LogContentValidation: Display: Validating WidgetBlueprint /Game/Player/Blueprints/HUD/HUD_Padrao.HUD_Padrao
[2025.11.24-19.09.53:139][975]Cmd: OBJ SAVEPACKAGE PACKAGE="/Game/Player/Blueprints/HUD/HUD_Padrao" FILE="E:/Unreal/Fumec_DevGames/Content/Player/Blueprints/HUD/HUD_Padrao.uasset" SILENT=true
[2025.11.24-19.09.53:156][975]LogSavePackage: Moving 'E:/Unreal/Fumec_DevGames/Saved/HUD_PadraoA4BE59FD45D7BE55547FF5B10D878816.tmp' to 'E:/Unreal/Fumec_DevGames/Content/Player/Blueprints/HUD/HUD_Padrao.uasset'
[2025.11.24-19.09.53:178][975]AssetCheck: New page: Asset Save: HUD_Padrao
[2025.11.24-19.09.53:179][975]LogContentValidation: Display: Validating WidgetBlueprint /Game/Player/Blueprints/HUD/HUD_Padrao.HUD_Padrao
[2025.11.24-19.11.37:509][763]BlueprintLog: New page: Compile HUD_Padrao
[2025.11.24-19.11.37:603][763]LogUObjectHash: Compacting FUObjectHashTables data took   7.22ms
[2025.11.24-19.11.37:662][763]Cmd: OBJ SAVEPACKAGE PACKAGE="/Game/Player/Blueprints/HUD/HUD_Padrao" FILE="E:/Unreal/Fumec_DevGames/Content/Player/Blueprints/HUD/HUD_Padrao.uasset" SILENT=true
[2025.11.24-19.11.37:682][763]LogSavePackage: Moving 'E:/Unreal/Fumec_DevGames/Saved/HUD_Padrao84C41F2440226D58583CC0B283F5F851.tmp' to 'E:/Unreal/Fumec_DevGames/Content/Player/Blueprints/HUD/HUD_Padrao.uasset'
[2025.11.24-19.11.37:705][763]AssetCheck: New page: Asset Save: HUD_Padrao
[2025.11.24-19.11.37:705][763]LogContentValidation: Display: Validating WidgetBlueprint /Game/Player/Blueprints/HUD/HUD_Padrao.HUD_Padrao
[2025.11.24-19.11.38:077][783]Cmd: OBJ SAVEPACKAGE PACKAGE="/Game/Player/Blueprints/HUD/HUD_Padrao" FILE="E:/Unreal/Fumec_DevGames/Content/Player/Blueprints/HUD/HUD_Padrao.uasset" SILENT=true
[2025.11.24-19.11.38:093][783]LogSavePackage: Moving 'E:/Unreal/Fumec_DevGames/Saved/HUD_PadraoAE18FED549E7A396DA4EBD9CA2212088.tmp' to 'E:/Unreal/Fumec_DevGames/Content/Player/Blueprints/HUD/HUD_Padrao.uasset'
[2025.11.24-19.11.38:114][783]AssetCheck: New page: Asset Save: HUD_Padrao
[2025.11.24-19.11.38:114][783]LogContentValidation: Display: Validating WidgetBlueprint /Game/Player/Blueprints/HUD/HUD_Padrao.HUD_Padrao
[2025.11.24-19.11.58:127][910]BlueprintLog: New page: Compile Player_BP
[2025.11.24-19.11.58:240][910]LogUObjectHash: Compacting FUObjectHashTables data took   6.98ms
[2025.11.24-19.11.58:300][910]Cmd: OBJ SAVEPACKAGE PACKAGE="/Game/Player/Blueprints/Player_BP" FILE="E:/Unreal/Fumec_DevGames/Content/Player/Blueprints/Player_BP.uasset" SILENT=true
[2025.11.24-19.11.58:400][910]LogSavePackage: Moving 'E:/Unreal/Fumec_DevGames/Saved/Player_BP4A0C484A4B0C2444FB28C3B7BF47BDE2.tmp' to 'E:/Unreal/Fumec_DevGames/Content/Player/Blueprints/Player_BP.uasset'
[2025.11.24-19.11.58:430][910]AssetCheck: New page: Asset Save: Player_BP
[2025.11.24-19.11.58:430][910]LogContentValidation: Display: Validating Blueprint /Game/Player/Blueprints/Player_BP.Player_BP
[2025.11.24-19.13.22:330][863]BlueprintLog: New page: Compile MainMenuWid
[2025.11.24-19.13.22:388][863]LogUObjectHash: Compacting FUObjectHashTables data took   6.41ms
[2025.11.24-19.13.22:434][863]Cmd: OBJ SAVEPACKAGE PACKAGE="/Game/Mapas/Menu/MainMenuWid" FILE="E:/Unreal/Fumec_DevGames/Content/Mapas/Menu/MainMenuWid.uasset" SILENT=true
[2025.11.24-19.13.22:451][863]LogSavePackage: Moving 'E:/Unreal/Fumec_DevGames/Saved/MainMenuWid5CB96E424538B32B2D7DEF94DB5C7FB0.tmp' to 'E:/Unreal/Fumec_DevGames/Content/Mapas/Menu/MainMenuWid.uasset'
[2025.11.24-19.13.22:476][863]AssetCheck: New page: Asset Save: MainMenuWid
[2025.11.24-19.13.22:476][863]LogContentValidation: Display: Validating WidgetBlueprint /Game/Mapas/Menu/MainMenuWid.MainMenuWid
[2025.11.24-19.13.23:761][939]LogTemp: Repeating last play command: Selected Viewport
[2025.11.24-19.13.23:774][939]LogPlayLevel: PlayLevel: No blueprints needed recompiling
[2025.11.24-19.13.23:775][939]PIE: New page: PIE session: MainMenu (Nov 24, 2025, 1:13:23 PM)
[2025.11.24-19.13.23:775][939]LogPlayLevel: Creating play world package: /Game/Mapas/Menu/UEDPIE_0_MainMenu
[2025.11.24-19.13.23:776][939]LogPlayLevel: PIE: StaticDuplicateObject took: (0.001821s)
[2025.11.24-19.13.23:778][939]LogAIModule: Creating AISystem for world MainMenu
[2025.11.24-19.13.23:778][939]LogPlayLevel: PIE: World Init took: (0.001788s)
[2025.11.24-19.13.23:778][939]LogPlayLevel: PIE: Created PIE world by copying editor world from /Game/Mapas/Menu/MainMenu.MainMenu to /Game/Mapas/Menu/UEDPIE_0_MainMenu.MainMenu (0.003842s)
[2025.11.24-19.13.23:827][939]LogUObjectHash: Compacting FUObjectHashTables data took   4.83ms
[2025.11.24-19.13.23:828][939]LogAudio: Display: Creating Audio Device:                 Id: 9, Scope: Unique, Realtime: True
[2025.11.24-19.13.23:828][939]LogAudioMixer: Display: Audio Mixer Platform Settings:
[2025.11.24-19.13.23:828][939]LogAudioMixer: Display: 	Sample Rate:						  48000
[2025.11.24-19.13.23:828][939]LogAudioMixer: Display: 	Callback Buffer Frame Size Requested: 1024
[2025.11.24-19.13.23:828][939]LogAudioMixer: Display: 	Callback Buffer Frame Size To Use:	  1024
[2025.11.24-19.13.23:828][939]LogAudioMixer: Display: 	Number of buffers to queue:			  2
[2025.11.24-19.13.23:828][939]LogAudioMixer: Display: 	Max Channels (voices):				  32
[2025.11.24-19.13.23:828][939]LogAudioMixer: Display: 	Number of Async Source Workers:		  0
[2025.11.24-19.13.23:828][939]LogAudio: Display: AudioDevice MaxSources: 32
[2025.11.24-19.13.23:828][939]LogAudio: Display: Audio Spatialization Plugin: None (built-in).
[2025.11.24-19.13.23:828][939]LogAudio: Display: Audio Reverb Plugin: None (built-in).
[2025.11.24-19.13.23:828][939]LogAudio: Display: Audio Occlusion Plugin: None (built-in).
[2025.11.24-19.13.23:828][939]LogAudioMixer: Display: Initializing audio mixer.
[2025.11.24-19.13.23:836][939]LogAudioMixer: Display: 0: FrontLeft
[2025.11.24-19.13.23:836][939]LogAudioMixer: Display: 1: FrontRight
[2025.11.24-19.13.23:846][939]LogAudioMixer: Display: Using Audio Device Alto-falantes (Realtek(R) Audio)
[2025.11.24-19.13.23:846][939]LogAudioMixer: Display: Initializing Sound Submixes...
[2025.11.24-19.13.23:846][939]LogAudioMixer: Display: Creating Master Submix 'MasterSubmixDefault'
[2025.11.24-19.13.23:846][939]LogAudioMixer: Display: Creating Master Submix 'MasterReverbSubmixDefault'
[2025.11.24-19.13.23:847][939]LogAudioMixer: Display: Creating Master Submix 'MasterEQSubmixDefault'
[2025.11.24-19.13.23:847][939]LogAudioMixer: FMixerPlatformXAudio2::StartAudioStream() called
[2025.11.24-19.13.23:847][939]LogAudioMixer: Display: Output buffers initialized: Frames=1024, Channels=2, Samples=2048
[2025.11.24-19.13.23:848][939]LogAudioMixer: Display: Starting AudioMixerPlatformInterface::RunInternal()
[2025.11.24-19.13.23:848][939]LogAudioMixer: Display: FMixerPlatformXAudio2::SubmitBuffer() called for the first time
[2025.11.24-19.13.23:848][939]LogInit: FAudioDevice initialized.
[2025.11.24-19.13.23:848][939]LogAudio: Display: Audio Device (ID: 9) registered with world 'MainMenu'.
[2025.11.24-19.13.23:896][939]LogSlate: Updating window title bar state: overlay mode, drag disabled, window buttons hidden, title bar hidden
[2025.11.24-19.13.23:896][939]LogLoad: Game class is 'GameMode'
[2025.11.24-19.13.23:897][939]LogWorld: Bringing World /Game/Mapas/Menu/UEDPIE_0_MainMenu.MainMenu up for play (max tick rate 60) at 2025.11.24-16.13.23
[2025.11.24-19.13.23:898][939]LogWorld: Bringing up level for play took: 0.000703
[2025.11.24-19.13.23:898][939]LogOnline: OSS: Creating online subsystem instance for: :Context_19
[2025.11.24-19.13.23:900][939]LogGameMode: FindPlayerStart: PATHS NOT DEFINED or NO PLAYERSTART with positive rating
[2025.11.24-19.13.23:900][939]LogGameMode: Display: Match State Changed from EnteringMap to WaitingToStart
[2025.11.24-19.13.23:900][939]LogGameState: Match State Changed from EnteringMap to WaitingToStart
[2025.11.24-19.13.23:900][939]LogGameMode: Display: Match State Changed from WaitingToStart to InProgress
[2025.11.24-19.13.23:902][939]LogGameState: Match State Changed from WaitingToStart to InProgress
[2025.11.24-19.13.23:903][939]PIE: Server logged in
[2025.11.24-19.13.23:905][939]PIE: Play in editor total start time 0.133 seconds.
[2025.11.24-19.13.23:938][940]LogRenderer: Reallocating scene render targets to support 1176x784 Format 10 NumSamples 1 (Frame:1).
[2025.11.24-19.13.25:079][  6]LogGameMode: Display: Match State Changed from InProgress to LeavingMap
[2025.11.24-19.13.25:079][  6]LogGameState: Match State Changed from InProgress to LeavingMap
[2025.11.24-19.13.25:079][  6]LogNet: Browse: /Game/Mapas/Fases/MapadeTeste/MapadeTeste
[2025.11.24-19.13.25:079][  6]LogLoad: LoadMap: /Game/Mapas/Fases/MapadeTeste/MapadeTeste
[2025.11.24-19.13.25:079][  6]LogWorld: BeginTearingDown for /Game/Mapas/Menu/UEDPIE_0_MainMenu
[2025.11.24-19.13.25:079][  6]LogWorld: UWorld::CleanupWorld for MainMenu, bSessionEnded=true, bCleanupResources=true
[2025.11.24-19.13.25:079][  6]LogSlate: InvalidateAllWidgets triggered.  All widgets were invalidated
[2025.11.24-19.13.25:143][  6]LogAudio: Display: Audio Device unregistered from world 'None'.
[2025.11.24-19.13.25:148][  6]LogUObjectHash: Compacting FUObjectHashTables data took   3.50ms
[2025.11.24-19.13.25:861][  6]LogAudio: Display: Audio Device (ID: 9) registered with world 'MapadeTeste'.
[2025.11.24-19.13.25:862][  6]LogAIModule: Creating AISystem for world MapadeTeste
[2025.11.24-19.13.25:862][  6]LogLoad: Game class is 'GameModeRL_C'
[2025.11.24-19.13.25:868][  6]LogWorld: Bringing World /Game/Mapas/Fases/MapadeTeste/UEDPIE_0_MapadeTeste.MapadeTeste up for play (max tick rate 60) at 2025.11.24-16.13.25
[2025.11.24-19.13.25:872][  6]LogWorld: Bringing up level for play took: 0.008756
[2025.11.24-19.13.25:876][  6]LogLoad: Took 0.796735 seconds to LoadMap(/Game/Mapas/Fases/MapadeTeste/MapadeTeste)
[2025.11.24-19.13.26:603][ 43]LogSlate: Updating window title bar state: overlay mode, drag disabled, window buttons hidden, title bar hidden
[2025.11.24-19.13.26:603][ 43]LogWorld: BeginTearingDown for /Game/Mapas/Fases/MapadeTeste/UEDPIE_0_MapadeTeste
[2025.11.24-19.13.26:603][ 43]LogSlate: Window 'ColunaDoendoSamurai Preview [NetMode: Standalone]  (64-bit/Windows) ' being destroyed
[2025.11.24-19.13.26:613][ 43]LogWorld: UWorld::CleanupWorld for MapadeTeste, bSessionEnded=true, bCleanupResources=true
[2025.11.24-19.13.26:613][ 43]LogSlate: InvalidateAllWidgets triggered.  All widgets were invalidated
[2025.11.24-19.13.26:625][ 43]LogPlayLevel: Display: Shutting down PIE online subsystems
[2025.11.24-19.13.26:633][ 43]LogSlate: InvalidateAllWidgets triggered.  All widgets were invalidated
[2025.11.24-19.13.26:675][ 43]LogAudio: Display: Audio Device unregistered from world 'None'.
[2025.11.24-19.13.26:675][ 43]LogAudioMixer: FMixerPlatformXAudio2::StopAudioStream() called
[2025.11.24-19.13.26:676][ 43]LogAudioMixer: FMixerPlatformXAudio2::StopAudioStream() called
[2025.11.24-19.13.26:684][ 43]LogUObjectHash: Compacting FUObjectHashTables data took   3.85ms
[2025.11.24-19.13.26:709][ 44]LogPlayLevel: Display: Destroying online subsystem :Context_19
[2025.11.24-19.13.40:130][827]BlueprintLog: New page: Compile MainMenuWid
[2025.11.24-19.13.40:180][827]LogUObjectHash: Compacting FUObjectHashTables data took   4.50ms
[2025.11.24-19.13.40:223][827]Cmd: OBJ SAVEPACKAGE PACKAGE="/Game/Mapas/Menu/MainMenuWid" FILE="E:/Unreal/Fumec_DevGames/Content/Mapas/Menu/MainMenuWid.uasset" SILENT=true
[2025.11.24-19.13.40:240][827]LogSavePackage: Moving 'E:/Unreal/Fumec_DevGames/Saved/MainMenuWidBCACE3604A5C3A5E3A069D86655183DC.tmp' to 'E:/Unreal/Fumec_DevGames/Content/Mapas/Menu/MainMenuWid.uasset'
[2025.11.24-19.13.40:264][827]AssetCheck: New page: Asset Save: MainMenuWid
[2025.11.24-19.13.40:264][827]LogContentValidation: Display: Validating WidgetBlueprint /Game/Mapas/Menu/MainMenuWid.MainMenuWid
[2025.11.24-19.13.44:941][985]Cmd: OBJ SAVEPACKAGE PACKAGE="/Game/Mapas/Menu/MainMenuWid" FILE="E:/Unreal/Fumec_DevGames/Content/Mapas/Menu/MainMenuWid.uasset" SILENT=true
[2025.11.24-19.13.44:958][985]LogSavePackage: Moving 'E:/Unreal/Fumec_DevGames/Saved/MainMenuWid805C67DC4CCB6C07DFB3C5A09E301582.tmp' to 'E:/Unreal/Fumec_DevGames/Content/Mapas/Menu/MainMenuWid.uasset'
[2025.11.24-19.13.44:978][985]AssetCheck: New page: Asset Save: MainMenuWid
[2025.11.24-19.13.44:978][985]LogContentValidation: Display: Validating WidgetBlueprint /Game/Mapas/Menu/MainMenuWid.MainMenuWid
[2025.11.24-19.13.45:906][ 40]LogTemp: Repeating last play command: Selected Viewport
[2025.11.24-19.13.45:914][ 40]LogPlayLevel: PlayLevel: No blueprints needed recompiling
[2025.11.24-19.13.45:915][ 40]PIE: New page: PIE session: MainMenu (Nov 24, 2025, 1:13:45 PM)
[2025.11.24-19.13.45:915][ 40]LogPlayLevel: Creating play world package: /Game/Mapas/Menu/UEDPIE_0_MainMenu
[2025.11.24-19.13.45:916][ 40]LogPlayLevel: PIE: StaticDuplicateObject took: (0.001262s)
[2025.11.24-19.13.45:917][ 40]LogAIModule: Creating AISystem for world MainMenu
[2025.11.24-19.13.45:917][ 40]LogPlayLevel: PIE: World Init took: (0.001231s)
[2025.11.24-19.13.45:917][ 40]LogPlayLevel: PIE: Created PIE world by copying editor world from /Game/Mapas/Menu/MainMenu.MainMenu to /Game/Mapas/Menu/UEDPIE_0_MainMenu.MainMenu (0.002651s)
[2025.11.24-19.13.45:972][ 40]LogUObjectHash: Compacting FUObjectHashTables data took   4.66ms
[2025.11.24-19.13.45:972][ 40]LogAudio: Display: Creating Audio Device:                 Id: 10, Scope: Unique, Realtime: True
[2025.11.24-19.13.45:972][ 40]LogAudioMixer: Display: Audio Mixer Platform Settings:
[2025.11.24-19.13.45:972][ 40]LogAudioMixer: Display: 	Sample Rate:						  48000
[2025.11.24-19.13.45:972][ 40]LogAudioMixer: Display: 	Callback Buffer Frame Size Requested: 1024
[2025.11.24-19.13.45:972][ 40]LogAudioMixer: Display: 	Callback Buffer Frame Size To Use:	  1024
[2025.11.24-19.13.45:972][ 40]LogAudioMixer: Display: 	Number of buffers to queue:			  2
[2025.11.24-19.13.45:972][ 40]LogAudioMixer: Display: 	Max Channels (voices):				  32
[2025.11.24-19.13.45:972][ 40]LogAudioMixer: Display: 	Number of Async Source Workers:		  0
[2025.11.24-19.13.45:972][ 40]LogAudio: Display: AudioDevice MaxSources: 32
[2025.11.24-19.13.45:973][ 40]LogAudio: Display: Audio Spatialization Plugin: None (built-in).
[2025.11.24-19.13.45:973][ 40]LogAudio: Display: Audio Reverb Plugin: None (built-in).
[2025.11.24-19.13.45:973][ 40]LogAudio: Display: Audio Occlusion Plugin: None (built-in).
[2025.11.24-19.13.45:973][ 40]LogAudioMixer: Display: Initializing audio mixer.
[2025.11.24-19.13.45:980][ 40]LogAudioMixer: Display: 0: FrontLeft
[2025.11.24-19.13.45:980][ 40]LogAudioMixer: Display: 1: FrontRight
[2025.11.24-19.13.45:988][ 40]LogAudioMixer: Display: Using Audio Device Alto-falantes (Realtek(R) Audio)
[2025.11.24-19.13.45:989][ 40]LogAudioMixer: Display: Initializing Sound Submixes...
[2025.11.24-19.13.45:989][ 40]LogAudioMixer: Display: Creating Master Submix 'MasterSubmixDefault'
[2025.11.24-19.13.45:989][ 40]LogAudioMixer: Display: Creating Master Submix 'MasterReverbSubmixDefault'
[2025.11.24-19.13.45:989][ 40]LogAudioMixer: Display: Creating Master Submix 'MasterEQSubmixDefault'
[2025.11.24-19.13.45:989][ 40]LogAudioMixer: FMixerPlatformXAudio2::StartAudioStream() called
[2025.11.24-19.13.45:989][ 40]LogAudioMixer: Display: Output buffers initialized: Frames=1024, Channels=2, Samples=2048
[2025.11.24-19.13.45:990][ 40]LogAudioMixer: Display: Starting AudioMixerPlatformInterface::RunInternal()
[2025.11.24-19.13.45:990][ 40]LogAudioMixer: Display: FMixerPlatformXAudio2::SubmitBuffer() called for the first time
[2025.11.24-19.13.45:990][ 40]LogInit: FAudioDevice initialized.
[2025.11.24-19.13.45:990][ 40]LogAudio: Display: Audio Device (ID: 10) registered with world 'MainMenu'.
[2025.11.24-19.13.46:037][ 40]LogSlate: Updating window title bar state: overlay mode, drag disabled, window buttons hidden, title bar hidden
[2025.11.24-19.13.46:037][ 40]LogLoad: Game class is 'GameMode'
[2025.11.24-19.13.46:038][ 40]LogWorld: Bringing World /Game/Mapas/Menu/UEDPIE_0_MainMenu.MainMenu up for play (max tick rate 60) at 2025.11.24-16.13.46
[2025.11.24-19.13.46:038][ 40]LogWorld: Bringing up level for play took: 0.000598
[2025.11.24-19.13.46:039][ 40]LogOnline: OSS: Creating online subsystem instance for: :Context_20
[2025.11.24-19.13.46:041][ 40]LogGameMode: FindPlayerStart: PATHS NOT DEFINED or NO PLAYERSTART with positive rating
[2025.11.24-19.13.46:042][ 40]LogGameMode: Display: Match State Changed from EnteringMap to WaitingToStart
[2025.11.24-19.13.46:042][ 40]LogGameState: Match State Changed from EnteringMap to WaitingToStart
[2025.11.24-19.13.46:042][ 40]LogGameMode: Display: Match State Changed from WaitingToStart to InProgress
[2025.11.24-19.13.46:043][ 40]LogGameState: Match State Changed from WaitingToStart to InProgress
[2025.11.24-19.13.46:044][ 40]PIE: Server logged in
[2025.11.24-19.13.46:045][ 40]PIE: Play in editor total start time 0.132 seconds.
[2025.11.24-19.13.49:024][215]LogGameMode: Display: Match State Changed from InProgress to LeavingMap
[2025.11.24-19.13.49:024][215]LogGameState: Match State Changed from InProgress to LeavingMap
[2025.11.24-19.13.49:024][215]LogNet: Browse: /Game/Mapas/Fases/MapadeTeste/MapadeTeste
[2025.11.24-19.13.49:024][215]LogLoad: LoadMap: /Game/Mapas/Fases/MapadeTeste/MapadeTeste
[2025.11.24-19.13.49:024][215]LogWorld: BeginTearingDown for /Game/Mapas/Menu/UEDPIE_0_MainMenu
[2025.11.24-19.13.49:025][215]LogWorld: UWorld::CleanupWorld for MainMenu, bSessionEnded=true, bCleanupResources=true
[2025.11.24-19.13.49:025][215]LogSlate: InvalidateAllWidgets triggered.  All widgets were invalidated
[2025.11.24-19.13.49:066][215]LogAudio: Display: Audio Device unregistered from world 'None'.
[2025.11.24-19.13.49:070][215]LogUObjectHash: Compacting FUObjectHashTables data took   3.74ms
[2025.11.24-19.13.49:102][215]LogAudio: Display: Audio Device (ID: 10) registered with world 'MapadeTeste'.
[2025.11.24-19.13.49:102][215]LogAIModule: Creating AISystem for world MapadeTeste
[2025.11.24-19.13.49:103][215]LogLoad: Game class is 'GameModeRL_C'
[2025.11.24-19.13.49:106][215]LogWorld: Bringing World /Game/Mapas/Fases/MapadeTeste/UEDPIE_0_MapadeTeste.MapadeTeste up for play (max tick rate 60) at 2025.11.24-16.13.49
[2025.11.24-19.13.49:107][215]LogWorld: Bringing up level for play took: 0.002756
[2025.11.24-19.13.49:109][215]LogLoad: Took 0.084585 seconds to LoadMap(/Game/Mapas/Fases/MapadeTeste/MapadeTeste)
[2025.11.24-19.13.52:467][397]LogSlate: Window 'ColunaDoendoSamurai Preview [NetMode: Standalone]  (64-bit/Windows) ' being destroyed
[2025.11.24-19.13.52:474][397]LogWorld: BeginTearingDown for /Game/Mapas/Fases/MapadeTeste/UEDPIE_0_MapadeTeste
[2025.11.24-19.13.52:512][397]LogWorld: UWorld::CleanupWorld for MapadeTeste, bSessionEnded=true, bCleanupResources=true
[2025.11.24-19.13.52:512][397]LogSlate: InvalidateAllWidgets triggered.  All widgets were invalidated
[2025.11.24-19.13.52:521][397]LogPlayLevel: Display: Shutting down PIE online subsystems
[2025.11.24-19.13.52:530][397]LogSlate: InvalidateAllWidgets triggered.  All widgets were invalidated
[2025.11.24-19.13.52:571][397]LogAudio: Display: Audio Device unregistered from world 'None'.
[2025.11.24-19.13.52:571][397]LogAudioMixer: FMixerPlatformXAudio2::StopAudioStream() called
[2025.11.24-19.13.52:572][397]LogAudioMixer: FMixerPlatformXAudio2::StopAudioStream() called
[2025.11.24-19.13.52:580][397]LogUObjectHash: Compacting FUObjectHashTables data took   3.63ms
[2025.11.24-19.13.52:608][398]LogPlayLevel: Display: Destroying online subsystem :Context_20
[2025.11.24-19.14.08:981][276]LogWorld: UWorld::CleanupWorld for World_10, bSessionEnded=true, bCleanupResources=true
[2025.11.24-19.14.08:981][276]LogSlate: InvalidateAllWidgets triggered.  All widgets were invalidated
[2025.11.24-19.14.08:994][276]LogWorld: UWorld::CleanupWorld for World_9, bSessionEnded=true, bCleanupResources=true
[2025.11.24-19.14.08:994][276]LogSlate: InvalidateAllWidgets triggered.  All widgets were invalidated
[2025.11.24-19.14.09:714][316]LogActorComponent: UnregisterComponent: (/Engine/Transient.EditorFloorComp) Not registered. Aborting.
[2025.11.24-19.14.09:714][316]LogWorld: UWorld::CleanupWorld for World_7, bSessionEnded=true, bCleanupResources=true
[2025.11.24-19.14.09:714][316]LogSlate: InvalidateAllWidgets triggered.  All widgets were invalidated
[2025.11.24-19.14.16:533][717]BlueprintLog: New page: Compile HUD_Padrao
[2025.11.24-19.14.16:606][717]LogUObjectHash: Compacting FUObjectHashTables data took   4.74ms
[2025.11.24-19.14.16:654][717]Cmd: OBJ SAVEPACKAGE PACKAGE="/Game/Player/Blueprints/HUD/HUD_Padrao" FILE="E:/Unreal/Fumec_DevGames/Content/Player/Blueprints/HUD/HUD_Padrao.uasset" SILENT=true
[2025.11.24-19.14.16:673][717]LogSavePackage: Moving 'E:/Unreal/Fumec_DevGames/Saved/HUD_PadraoB02EB27C4B24872B009CF8A2AE42411B.tmp' to 'E:/Unreal/Fumec_DevGames/Content/Player/Blueprints/HUD/HUD_Padrao.uasset'
[2025.11.24-19.14.16:697][717]AssetCheck: New page: Asset Save: HUD_Padrao
[2025.11.24-19.14.16:697][717]LogContentValidation: Display: Validating WidgetBlueprint /Game/Player/Blueprints/HUD/HUD_Padrao.HUD_Padrao
[2025.11.24-19.14.17:761][780]LogTemp: Repeating last play command: Selected Viewport
[2025.11.24-19.14.17:769][780]LogPlayLevel: PlayLevel: No blueprints needed recompiling
[2025.11.24-19.14.17:769][780]PIE: New page: PIE session: MainMenu (Nov 24, 2025, 1:14:17 PM)
[2025.11.24-19.14.17:769][780]LogPlayLevel: Creating play world package: /Game/Mapas/Menu/UEDPIE_0_MainMenu
[2025.11.24-19.14.17:770][780]LogPlayLevel: PIE: StaticDuplicateObject took: (0.001168s)
[2025.11.24-19.14.17:771][780]LogAIModule: Creating AISystem for world MainMenu
[2025.11.24-19.14.17:771][780]LogPlayLevel: PIE: World Init took: (0.001167s)
[2025.11.24-19.14.17:771][780]LogPlayLevel: PIE: Created PIE world by copying editor world from /Game/Mapas/Menu/MainMenu.MainMenu to /Game/Mapas/Menu/UEDPIE_0_MainMenu.MainMenu (0.002472s)
[2025.11.24-19.14.17:823][780]LogUObjectHash: Compacting FUObjectHashTables data took   6.01ms
[2025.11.24-19.14.17:824][780]LogAudio: Display: Creating Audio Device:                 Id: 11, Scope: Unique, Realtime: True
[2025.11.24-19.14.17:824][780]LogAudioMixer: Display: Audio Mixer Platform Settings:
[2025.11.24-19.14.17:824][780]LogAudioMixer: Display: 	Sample Rate:						  48000
[2025.11.24-19.14.17:824][780]LogAudioMixer: Display: 	Callback Buffer Frame Size Requested: 1024
[2025.11.24-19.14.17:824][780]LogAudioMixer: Display: 	Callback Buffer Frame Size To Use:	  1024
[2025.11.24-19.14.17:824][780]LogAudioMixer: Display: 	Number of buffers to queue:			  2
[2025.11.24-19.14.17:824][780]LogAudioMixer: Display: 	Max Channels (voices):				  32
[2025.11.24-19.14.17:824][780]LogAudioMixer: Display: 	Number of Async Source Workers:		  0
[2025.11.24-19.14.17:824][780]LogAudio: Display: AudioDevice MaxSources: 32
[2025.11.24-19.14.17:825][780]LogAudio: Display: Audio Spatialization Plugin: None (built-in).
[2025.11.24-19.14.17:825][780]LogAudio: Display: Audio Reverb Plugin: None (built-in).
[2025.11.24-19.14.17:825][780]LogAudio: Display: Audio Occlusion Plugin: None (built-in).
[2025.11.24-19.14.17:825][780]LogAudioMixer: Display: Initializing audio mixer.
[2025.11.24-19.14.17:832][780]LogAudioMixer: Display: 0: FrontLeft
[2025.11.24-19.14.17:832][780]LogAudioMixer: Display: 1: FrontRight
[2025.11.24-19.14.17:842][780]LogAudioMixer: Display: Using Audio Device Alto-falantes (Realtek(R) Audio)
[2025.11.24-19.14.17:842][780]LogAudioMixer: Display: Initializing Sound Submixes...
[2025.11.24-19.14.17:842][780]LogAudioMixer: Display: Creating Master Submix 'MasterSubmixDefault'
[2025.11.24-19.14.17:842][780]LogAudioMixer: Display: Creating Master Submix 'MasterReverbSubmixDefault'
[2025.11.24-19.14.17:843][780]LogAudioMixer: Display: Creating Master Submix 'MasterEQSubmixDefault'
[2025.11.24-19.14.17:843][780]LogAudioMixer: FMixerPlatformXAudio2::StartAudioStream() called
[2025.11.24-19.14.17:843][780]LogAudioMixer: Display: Output buffers initialized: Frames=1024, Channels=2, Samples=2048
[2025.11.24-19.14.17:844][780]LogAudioMixer: Display: Starting AudioMixerPlatformInterface::RunInternal()
[2025.11.24-19.14.17:845][780]LogAudioMixer: Display: FMixerPlatformXAudio2::SubmitBuffer() called for the first time
[2025.11.24-19.14.17:845][780]LogInit: FAudioDevice initialized.
[2025.11.24-19.14.17:845][780]LogAudio: Display: Audio Device (ID: 11) registered with world 'MainMenu'.
[2025.11.24-19.14.17:897][780]LogSlate: Updating window title bar state: overlay mode, drag disabled, window buttons hidden, title bar hidden
[2025.11.24-19.14.17:897][780]LogLoad: Game class is 'GameMode'
[2025.11.24-19.14.17:899][780]LogWorld: Bringing World /Game/Mapas/Menu/UEDPIE_0_MainMenu.MainMenu up for play (max tick rate 60) at 2025.11.24-16.14.17
[2025.11.24-19.14.17:900][780]LogWorld: Bringing up level for play took: 0.000666
[2025.11.24-19.14.17:900][780]LogOnline: OSS: Creating online subsystem instance for: :Context_21
[2025.11.24-19.14.17:903][780]LogGameMode: FindPlayerStart: PATHS NOT DEFINED or NO PLAYERSTART with positive rating
[2025.11.24-19.14.17:903][780]LogGameMode: Display: Match State Changed from EnteringMap to WaitingToStart
[2025.11.24-19.14.17:903][780]LogGameState: Match State Changed from EnteringMap to WaitingToStart
[2025.11.24-19.14.17:903][780]LogGameMode: Display: Match State Changed from WaitingToStart to InProgress
[2025.11.24-19.14.17:905][780]LogGameState: Match State Changed from WaitingToStart to InProgress
[2025.11.24-19.14.17:906][780]PIE: Server logged in
[2025.11.24-19.14.17:908][780]PIE: Play in editor total start time 0.141 seconds.
[2025.11.24-19.14.21:050][965]LogGameMode: Display: Match State Changed from InProgress to LeavingMap
[2025.11.24-19.14.21:050][965]LogGameState: Match State Changed from InProgress to LeavingMap
[2025.11.24-19.14.21:050][965]LogNet: Browse: /Game/Mapas/Fases/MapadeTeste/MapadeTeste
[2025.11.24-19.14.21:050][965]LogLoad: LoadMap: /Game/Mapas/Fases/MapadeTeste/MapadeTeste
[2025.11.24-19.14.21:050][965]LogWorld: BeginTearingDown for /Game/Mapas/Menu/UEDPIE_0_MainMenu
[2025.11.24-19.14.21:050][965]LogWorld: UWorld::CleanupWorld for MainMenu, bSessionEnded=true, bCleanupResources=true
[2025.11.24-19.14.21:050][965]LogSlate: InvalidateAllWidgets triggered.  All widgets were invalidated
[2025.11.24-19.14.21:085][965]LogAudio: Display: Audio Device unregistered from world 'None'.
[2025.11.24-19.14.21:090][965]LogUObjectHash: Compacting FUObjectHashTables data took   3.80ms
[2025.11.24-19.14.21:122][965]LogAudio: Display: Audio Device (ID: 11) registered with world 'MapadeTeste'.
[2025.11.24-19.14.21:123][965]LogAIModule: Creating AISystem for world MapadeTeste
[2025.11.24-19.14.21:123][965]LogLoad: Game class is 'GameModeRL_C'
[2025.11.24-19.14.21:127][965]LogWorld: Bringing World /Game/Mapas/Fases/MapadeTeste/UEDPIE_0_MapadeTeste.MapadeTeste up for play (max tick rate 60) at 2025.11.24-16.14.21
[2025.11.24-19.14.21:127][965]LogWorld: Bringing up level for play took: 0.002758
[2025.11.24-19.14.21:130][965]LogLoad: Took 0.079689 seconds to LoadMap(/Game/Mapas/Fases/MapadeTeste/MapadeTeste)
[2025.11.24-19.14.27:324][334]LogSlate: Updating window title bar state: overlay mode, drag disabled, window buttons hidden, title bar hidden
[2025.11.24-19.14.27:324][334]LogWorld: BeginTearingDown for /Game/Mapas/Fases/MapadeTeste/UEDPIE_0_MapadeTeste
[2025.11.24-19.14.27:325][334]LogSlate: Window 'ColunaDoendoSamurai Preview [NetMode: Standalone]  (64-bit/Windows) ' being destroyed
[2025.11.24-19.14.27:334][334]LogWorld: UWorld::CleanupWorld for MapadeTeste, bSessionEnded=true, bCleanupResources=true
[2025.11.24-19.14.27:334][334]LogSlate: InvalidateAllWidgets triggered.  All widgets were invalidated
[2025.11.24-19.14.27:347][334]LogPlayLevel: Display: Shutting down PIE online subsystems
[2025.11.24-19.14.27:354][334]LogSlate: InvalidateAllWidgets triggered.  All widgets were invalidated
[2025.11.24-19.14.27:390][334]LogAudio: Display: Audio Device unregistered from world 'None'.
[2025.11.24-19.14.27:390][334]LogAudioMixer: FMixerPlatformXAudio2::StopAudioStream() called
[2025.11.24-19.14.27:391][334]LogAudioMixer: FMixerPlatformXAudio2::StopAudioStream() called
[2025.11.24-19.14.27:399][334]LogUObjectHash: Compacting FUObjectHashTables data took   3.75ms
[2025.11.24-19.14.27:424][335]LogPlayLevel: Display: Destroying online subsystem :Context_21
[2025.11.24-19.14.52:142][788]LogBlueprint: Error: [AssetLog] E:\Unreal\Fumec_DevGames\Content\Mapas\Fases\MapaInicialAr\PortalInicio.uasset: [Compiler] In use pin  <Unnamed>  no longer exists on node  Go to Level . Please refresh node or break links to remove pin.
[2025.11.24-19.14.52:142][788]LogBlueprint: Error: [AssetLog] E:\Unreal\Fumec_DevGames\Content\Mapas\Fases\MapaInicialAr\PortalInicio.uasset: [Compiler] In use pin  Target  no longer exists on node  Go to Level . Please refresh node or break links to remove pin.
[2025.11.24-19.14.52:142][788]LogBlueprint: Warning: [AssetLog] E:\Unreal\Fumec_DevGames\Content\Mapas\Fases\MapaInicialAr\PortalInicio.uasset: [Compiler] Input pin  Name  specifying non-default value no longer exists on node  Go to Level . Please refresh node or reset pin to default value to remove pin.
[2025.11.24-19.14.52:142][788]LogBlueprint: Error: [AssetLog] E:\Unreal\Fumec_DevGames\Content\Mapas\Fases\MapaInicialAr\PortalInicio.uasset: [Compiler] Could not find a function named "GoToLevel" in 'Player_BP_C'.
Make sure 'Player_BP_C' has been compiled for  Go to Level
[2025.11.24-19.15.03:702][454]LogAssetEditorSubsystem: Opening Asset editor for WidgetBlueprint /Game/Mapas/Menu/MainMenuWid.MainMenuWid
[2025.11.24-19.15.04:148][454]LogSlate: The tab "SequencerGraphEditor" attempted to spawn in layout 'WidgetBlueprintEditor_Designer_Layout_v4_1' but failed for some reason. An "unrecognized tab" will be returned instead.
[2025.11.24-19.15.05:785][550]LogSlate: Window 'SequencerGraphEditor' being destroyed
[2025.11.24-19.15.05:789][550]LogSlate: Window 'SequencerGraphEditor' being destroyed
[2025.11.24-19.15.14:519][ 66]LogTemp: Repeating last play command: Selected Viewport
[2025.11.24-19.15.14:531][ 66]BlueprintLog: Warning: Blueprint failed to compile:  PortalInicio
[2025.11.24-19.15.14:531][ 66]BlueprintLog: New page: Pre-Play auto-recompile
[2025.11.24-19.15.14:532][ 66]LogPlayLevel: [PlayLevel] Compiling MainMenuWid before play...
[2025.11.24-19.15.14:609][ 66]Cmd: OBJ SAVEPACKAGE PACKAGE="/Game/Mapas/Menu/MainMenuWid" FILE="E:/Unreal/Fumec_DevGames/Content/Mapas/Menu/MainMenuWid.uasset" SILENT=true
[2025.11.24-19.15.14:627][ 66]LogSavePackage: Moving 'E:/Unreal/Fumec_DevGames/Saved/MainMenuWidC63EDD904775B9BBBFB370AC5BE2BAEB.tmp' to 'E:/Unreal/Fumec_DevGames/Content/Mapas/Menu/MainMenuWid.uasset'
[2025.11.24-19.15.14:681][ 66]LogUObjectHash: Compacting FUObjectHashTables data took   5.41ms
[2025.11.24-19.15.14:683][ 66]LogPlayLevel: PlayLevel: Blueprint regeneration took 152 ms (1 blueprints)
[2025.11.24-19.15.14:683][ 66]LogCustomDialog: Dialog displayed:
[2025.11.24-19.15.16:030][ 66]LogSlate: Window 'Blueprint Compilation Errors' being destroyed
[2025.11.24-19.15.16:083][ 67]AssetCheck: New page: Asset Save: MainMenuWid
[2025.11.24-19.15.16:083][ 67]LogContentValidation: Display: Validating WidgetBlueprint /Game/Mapas/Menu/MainMenuWid.MainMenuWid
[2025.11.24-19.15.25:541][610]LogContentBrowser: Attempting asset rename: MapaInicial -> MapaInicial
[2025.11.24-19.15.27:779][739]Cmd: OBJ SAVEPACKAGE PACKAGE="/Game/Mapas/Menu/MainMenuWid" FILE="E:/Unreal/Fumec_DevGames/Content/Mapas/Menu/MainMenuWid.uasset" SILENT=true
[2025.11.24-19.15.27:796][739]LogSavePackage: Moving 'E:/Unreal/Fumec_DevGames/Saved/MainMenuWid945627714FEB0BCDD943AEA75B4A984F.tmp' to 'E:/Unreal/Fumec_DevGames/Content/Mapas/Menu/MainMenuWid.uasset'
[2025.11.24-19.15.27:816][739]AssetCheck: New page: Asset Save: MainMenuWid
[2025.11.24-19.15.27:816][739]LogContentValidation: Display: Validating WidgetBlueprint /Game/Mapas/Menu/MainMenuWid.MainMenuWid
[2025.11.24-19.15.31:690][969]LogTemp: Repeating last play command: Selected Viewport
[2025.11.24-19.15.31:697][969]LogPlayLevel: PlayLevel: No blueprints needed recompiling
[2025.11.24-19.15.31:697][969]BlueprintLog: Warning: Blueprint failed to compile:  PortalInicio
[2025.11.24-19.15.31:697][969]LogCustomDialog: Dialog displayed:
[2025.11.24-19.15.33:096][969]LogSlate: Window 'Blueprint Compilation Errors' being destroyed
[2025.11.24-19.15.36:063][138]LogAssetEditorSubsystem: Opening Asset editor for Blueprint /Game/Mapas/Fases/MapaInicialAr/PortalInicio.PortalInicio
[2025.11.24-19.15.37:658][211]LogSlate: Window 'Message Log' being destroyed
[2025.11.24-19.15.37:666][211]LogSlate: Window 'Message Log' being destroyed
[2025.11.24-19.15.47:966][823]BlueprintLog: New page: Compile PortalInicio
[2025.11.24-19.15.48:044][823]LogUObjectHash: Compacting FUObjectHashTables data took   5.17ms
[2025.11.24-19.15.48:111][823]Cmd: OBJ SAVEPACKAGE PACKAGE="/Game/Mapas/Fases/MapaInicialAr/PortalInicio" FILE="E:/Unreal/Fumec_DevGames/Content/Mapas/Fases/MapaInicialAr/PortalInicio.uasset" SILENT=true
[2025.11.24-19.15.48:121][823]LogSavePackage: Moving 'E:/Unreal/Fumec_DevGames/Saved/PortalInicio35C884D24C8207524B7EA6A600470869.tmp' to 'E:/Unreal/Fumec_DevGames/Content/Mapas/Fases/MapaInicialAr/PortalInicio.uasset'
[2025.11.24-19.15.48:143][823]AssetCheck: New page: Asset Save: PortalInicio
[2025.11.24-19.15.48:143][823]LogContentValidation: Display: Validating Blueprint /Game/Mapas/Fases/MapaInicialAr/PortalInicio.PortalInicio
[2025.11.24-19.16.57:818][872]Cmd: OBJ SAVEPACKAGE PACKAGE="/Game/Player/Blueprints/Player_BP" FILE="E:/Unreal/Fumec_DevGames/Content/Player/Blueprints/Player_BP.uasset" SILENT=true
[2025.11.24-19.16.57:917][872]LogSavePackage: Moving 'E:/Unreal/Fumec_DevGames/Saved/Player_BP9694252B4B955CBF5F1468AD7EB2F0FF.tmp' to 'E:/Unreal/Fumec_DevGames/Content/Player/Blueprints/Player_BP.uasset'
[2025.11.24-19.16.57:939][872]AssetCheck: New page: Asset Save: Player_BP
[2025.11.24-19.16.57:939][872]LogContentValidation: Display: Validating Blueprint /Game/Player/Blueprints/Player_BP.Player_BP
[2025.11.24-19.17.12:735][745]Cmd: OBJ SAVEPACKAGE PACKAGE="/Game/Player/Blueprints/Player_BP" FILE="E:/Unreal/Fumec_DevGames/Content/Player/Blueprints/Player_BP.uasset" SILENT=true
[2025.11.24-19.17.12:849][745]LogSavePackage: Moving 'E:/Unreal/Fumec_DevGames/Saved/Player_BP9CB758D34C779C58503DCAAADB61D0C5.tmp' to 'E:/Unreal/Fumec_DevGames/Content/Player/Blueprints/Player_BP.uasset'
[2025.11.24-19.17.12:876][745]AssetCheck: New page: Asset Save: Player_BP
[2025.11.24-19.17.12:876][745]LogContentValidation: Display: Validating Blueprint /Game/Player/Blueprints/Player_BP.Player_BP
[2025.11.24-19.17.26:315][510]BlueprintLog: New page: Compile Player_BP
[2025.11.24-19.17.26:331][510]LogBlueprint: Warning: [AssetLog] E:\Unreal\Fumec_DevGames\Content\Player\Blueprints\Player_BP.uasset: [Compiler] 'HUD Padrao' does not inherit from 'Game Instance' ( Cast To HUD_Padrao  would always fail).
[2025.11.24-19.17.26:424][510]LogUObjectHash: Compacting FUObjectHashTables data took   5.45ms
[2025.11.24-19.17.53:674][ 59]LogSlate: Prevented a slow task dialog from being summoned while a context menu was open
[2025.11.24-19.17.53:696][ 59]LogEditorClassViewer: Warning: Class /Engine/Tutorial/InWorldBlueprintEditing/TutorialAssets/IWBE_Blutility.IWBE_Blutility_C has parent /Script/Blutility.PlacedEditorUtilityBase, but this parent is not found. The Class will not be shown in ClassViewer.
[2025.11.24-19.18.09:614][950]LogSelectionDetails: Warning: NavigateToFunctionSource:  Unable to find symbols for 'UGameplayStatics::GetAllActorsWithInterface' [Não foi possível encontrar o módulo especificado.]
[2025.11.24-19.18.57:773][726]Cmd: OBJ SAVEPACKAGE PACKAGE="/Game/Player/Blueprints/Player_BP" FILE="E:/Unreal/Fumec_DevGames/Content/Player/Blueprints/Player_BP.uasset" SILENT=true
[2025.11.24-19.18.57:882][726]LogSavePackage: Moving 'E:/Unreal/Fumec_DevGames/Saved/Player_BP7A928E8B4B4C5B6A803EB3856F5A2367.tmp' to 'E:/Unreal/Fumec_DevGames/Content/Player/Blueprints/Player_BP.uasset'
[2025.11.24-19.18.57:912][726]AssetCheck: New page: Asset Save: Player_BP
[2025.11.24-19.18.57:912][726]LogContentValidation: Display: Validating Blueprint /Game/Player/Blueprints/Player_BP.Player_BP
[2025.11.24-19.18.58:682][772]BlueprintLog: New page: Compile Player_BP
[2025.11.24-19.18.58:786][772]LogUObjectHash: Compacting FUObjectHashTables data took   5.60ms
[2025.11.24-19.18.59:040][779]Cmd: OBJ SAVEPACKAGE PACKAGE="/Game/Player/Blueprints/Player_BP" FILE="E:/Unreal/Fumec_DevGames/Content/Player/Blueprints/Player_BP.uasset" SILENT=true
[2025.11.24-19.18.59:138][779]LogSavePackage: Moving 'E:/Unreal/Fumec_DevGames/Saved/Player_BPDA9ABCCD48345FC5EC30A2B06108DB98.tmp' to 'E:/Unreal/Fumec_DevGames/Content/Player/Blueprints/Player_BP.uasset'
[2025.11.24-19.18.59:164][779]AssetCheck: New page: Asset Save: Player_BP
[2025.11.24-19.18.59:164][779]LogContentValidation: Display: Validating Blueprint /Game/Player/Blueprints/Player_BP.Player_BP
[2025.11.24-19.19.20:828][ 41]LogContentBrowser: Attempting asset rename: MapadeTeste -> MapadeTeste
[2025.11.24-19.19.23:657][206]Cmd: OBJ SAVEPACKAGE PACKAGE="/Game/Mapas/Fases/MapaInicialAr/PortalInicio" FILE="E:/Unreal/Fumec_DevGames/Content/Mapas/Fases/MapaInicialAr/PortalInicio.uasset" SILENT=true
[2025.11.24-19.19.23:667][206]LogSavePackage: Moving 'E:/Unreal/Fumec_DevGames/Saved/PortalInicio27F40C30430724313039D981112D52A7.tmp' to 'E:/Unreal/Fumec_DevGames/Content/Mapas/Fases/MapaInicialAr/PortalInicio.uasset'
[2025.11.24-19.19.23:690][206]AssetCheck: New page: Asset Save: PortalInicio
[2025.11.24-19.19.23:690][206]LogContentValidation: Display: Validating Blueprint /Game/Mapas/Fases/MapaInicialAr/PortalInicio.PortalInicio
[2025.11.24-19.19.24:662][262]BlueprintLog: New page: Compile PortalInicio
[2025.11.24-19.19.24:736][262]LogUObjectHash: Compacting FUObjectHashTables data took   5.85ms
[2025.11.24-19.19.24:987][272]Cmd: OBJ SAVEPACKAGE PACKAGE="/Game/Mapas/Fases/MapaInicialAr/PortalInicio" FILE="E:/Unreal/Fumec_DevGames/Content/Mapas/Fases/MapaInicialAr/PortalInicio.uasset" SILENT=true
[2025.11.24-19.19.24:999][272]LogSavePackage: Moving 'E:/Unreal/Fumec_DevGames/Saved/PortalInicio725B9CAD444CF9453305F58598F40D79.tmp' to 'E:/Unreal/Fumec_DevGames/Content/Mapas/Fases/MapaInicialAr/PortalInicio.uasset'
[2025.11.24-19.19.25:020][272]AssetCheck: New page: Asset Save: PortalInicio
[2025.11.24-19.19.25:020][272]LogContentValidation: Display: Validating Blueprint /Game/Mapas/Fases/MapaInicialAr/PortalInicio.PortalInicio
[2025.11.24-19.19.27:328][409]LogTemp: Repeating last play command: Selected Viewport
[2025.11.24-19.19.27:336][409]LogPlayLevel: PlayLevel: No blueprints needed recompiling
[2025.11.24-19.19.27:336][409]PIE: New page: PIE session: MainMenu (Nov 24, 2025, 1:19:27 PM)
[2025.11.24-19.19.27:336][409]LogPlayLevel: Creating play world package: /Game/Mapas/Menu/UEDPIE_0_MainMenu
[2025.11.24-19.19.27:337][409]LogPlayLevel: PIE: StaticDuplicateObject took: (0.001170s)
[2025.11.24-19.19.27:338][409]LogAIModule: Creating AISystem for world MainMenu
[2025.11.24-19.19.27:339][409]LogPlayLevel: PIE: World Init took: (0.001350s)
[2025.11.24-19.19.27:339][409]LogPlayLevel: PIE: Created PIE world by copying editor world from /Game/Mapas/Menu/MainMenu.MainMenu to /Game/Mapas/Menu/UEDPIE_0_MainMenu.MainMenu (0.002678s)
[2025.11.24-19.19.27:387][409]LogUObjectHash: Compacting FUObjectHashTables data took   6.83ms
[2025.11.24-19.19.27:387][409]LogAudio: Display: Creating Audio Device:                 Id: 12, Scope: Unique, Realtime: True
[2025.11.24-19.19.27:388][409]LogAudioMixer: Display: Audio Mixer Platform Settings:
[2025.11.24-19.19.27:388][409]LogAudioMixer: Display: 	Sample Rate:						  48000
[2025.11.24-19.19.27:388][409]LogAudioMixer: Display: 	Callback Buffer Frame Size Requested: 1024
[2025.11.24-19.19.27:388][409]LogAudioMixer: Display: 	Callback Buffer Frame Size To Use:	  1024
[2025.11.24-19.19.27:388][409]LogAudioMixer: Display: 	Number of buffers to queue:			  2
[2025.11.24-19.19.27:388][409]LogAudioMixer: Display: 	Max Channels (voices):				  32
[2025.11.24-19.19.27:388][409]LogAudioMixer: Display: 	Number of Async Source Workers:		  0
[2025.11.24-19.19.27:388][409]LogAudio: Display: AudioDevice MaxSources: 32
[2025.11.24-19.19.27:388][409]LogAudio: Display: Audio Spatialization Plugin: None (built-in).
[2025.11.24-19.19.27:388][409]LogAudio: Display: Audio Reverb Plugin: None (built-in).
[2025.11.24-19.19.27:388][409]LogAudio: Display: Audio Occlusion Plugin: None (built-in).
[2025.11.24-19.19.27:388][409]LogAudioMixer: Display: Initializing audio mixer.
[2025.11.24-19.19.27:396][409]LogAudioMixer: Display: 0: FrontLeft
[2025.11.24-19.19.27:396][409]LogAudioMixer: Display: 1: FrontRight
[2025.11.24-19.19.27:405][409]LogAudioMixer: Display: Using Audio Device Alto-falantes (Realtek(R) Audio)
[2025.11.24-19.19.27:405][409]LogAudioMixer: Display: Initializing Sound Submixes...
[2025.11.24-19.19.27:405][409]LogAudioMixer: Display: Creating Master Submix 'MasterSubmixDefault'
[2025.11.24-19.19.27:405][409]LogAudioMixer: Display: Creating Master Submix 'MasterReverbSubmixDefault'
[2025.11.24-19.19.27:406][409]LogAudioMixer: Display: Creating Master Submix 'MasterEQSubmixDefault'
[2025.11.24-19.19.27:406][409]LogAudioMixer: FMixerPlatformXAudio2::StartAudioStream() called
[2025.11.24-19.19.27:406][409]LogAudioMixer: Display: Output buffers initialized: Frames=1024, Channels=2, Samples=2048
[2025.11.24-19.19.27:407][409]LogAudioMixer: Display: Starting AudioMixerPlatformInterface::RunInternal()
[2025.11.24-19.19.27:407][409]LogAudioMixer: Display: FMixerPlatformXAudio2::SubmitBuffer() called for the first time
[2025.11.24-19.19.27:407][409]LogInit: FAudioDevice initialized.
[2025.11.24-19.19.27:407][409]LogAudio: Display: Audio Device (ID: 12) registered with world 'MainMenu'.
[2025.11.24-19.19.27:462][409]LogSlate: Updating window title bar state: overlay mode, drag disabled, window buttons hidden, title bar hidden
[2025.11.24-19.19.27:462][409]LogLoad: Game class is 'GameMode'
[2025.11.24-19.19.27:463][409]LogWorld: Bringing World /Game/Mapas/Menu/UEDPIE_0_MainMenu.MainMenu up for play (max tick rate 60) at 2025.11.24-16.19.27
[2025.11.24-19.19.27:464][409]LogWorld: Bringing up level for play took: 0.000617
[2025.11.24-19.19.27:464][409]LogOnline: OSS: Creating online subsystem instance for: :Context_26
[2025.11.24-19.19.27:466][409]LogGameMode: FindPlayerStart: PATHS NOT DEFINED or NO PLAYERSTART with positive rating
[2025.11.24-19.19.27:466][409]LogGameMode: Display: Match State Changed from EnteringMap to WaitingToStart
[2025.11.24-19.19.27:467][409]LogGameState: Match State Changed from EnteringMap to WaitingToStart
[2025.11.24-19.19.27:467][409]LogGameMode: Display: Match State Changed from WaitingToStart to InProgress
[2025.11.24-19.19.27:467][409]LogGameState: Match State Changed from WaitingToStart to InProgress
[2025.11.24-19.19.27:468][409]PIE: Server logged in
[2025.11.24-19.19.27:470][409]PIE: Play in editor total start time 0.135 seconds.
[2025.11.24-19.19.27:496][410]LogRenderer: Reallocating scene render targets to support 1180x784 Format 10 NumSamples 1 (Frame:1).
[2025.11.24-19.19.30:522][590]LogGameMode: Display: Match State Changed from InProgress to LeavingMap
[2025.11.24-19.19.30:522][590]LogGameState: Match State Changed from InProgress to LeavingMap
[2025.11.24-19.19.30:522][590]LogNet: Browse: /Game/Mapas/Fases/MapaInicialAr/MapaInicial
[2025.11.24-19.19.30:523][590]LogLoad: LoadMap: /Game/Mapas/Fases/MapaInicialAr/MapaInicial
[2025.11.24-19.19.30:523][590]LogWorld: BeginTearingDown for /Game/Mapas/Menu/UEDPIE_0_MainMenu
[2025.11.24-19.19.30:523][590]LogWorld: UWorld::CleanupWorld for MainMenu, bSessionEnded=true, bCleanupResources=true
[2025.11.24-19.19.30:523][590]LogSlate: InvalidateAllWidgets triggered.  All widgets were invalidated
[2025.11.24-19.19.30:564][590]LogAudio: Display: Audio Device unregistered from world 'None'.
[2025.11.24-19.19.30:569][590]LogUObjectHash: Compacting FUObjectHashTables data took   4.39ms
[2025.11.24-19.19.30:570][590]LogPlayLevel: Creating play world package: /Game/Mapas/Fases/MapaInicialAr/UEDPIE_0_MapaInicial
[2025.11.24-19.19.30:573][590]LogPlayLevel: PIE: StaticDuplicateObject took: (0.004029s)
[2025.11.24-19.19.30:575][590]LogAIModule: Creating AISystem for world MapaInicial
[2025.11.24-19.19.30:576][590]LogPlayLevel: PIE: World Init took: (0.001324s)
[2025.11.24-19.19.30:576][590]LogPlayLevel: PIE: Created PIE world by copying editor world from /Game/Mapas/Fases/MapaInicialAr/MapaInicial.MapaInicial to /Game/Mapas/Fases/MapaInicialAr/UEDPIE_0_MapaInicial.MapaInicial (0.005535s)
[2025.11.24-19.19.30:576][590]LogAudio: Display: Audio Device (ID: 12) registered with world 'MapaInicial'.
[2025.11.24-19.19.30:576][590]LogLoad: Game class is 'GameModeRL_C'
[2025.11.24-19.19.30:577][590]LogWorld: Bringing World /Game/Mapas/Fases/MapaInicialAr/UEDPIE_0_MapaInicial.MapaInicial up for play (max tick rate 60) at 2025.11.24-16.19.30
[2025.11.24-19.19.30:577][590]LogWorld: Bringing up level for play took: 0.000692
[2025.11.24-19.19.30:579][590]LogLoad: Took 0.056450 seconds to LoadMap(/Game/Mapas/Fases/MapaInicialAr/UEDPIE_0_MapaInicial)
[2025.11.24-19.19.33:921][790]LogNet: Browse: /Game/Mapas/Fases/MapadeTeste/MapadeTeste
[2025.11.24-19.19.33:921][790]LogLoad: LoadMap: /Game/Mapas/Fases/MapadeTeste/MapadeTeste
[2025.11.24-19.19.33:921][790]LogWorld: BeginTearingDown for /Game/Mapas/Fases/MapaInicialAr/UEDPIE_0_MapaInicial
[2025.11.24-19.19.33:922][790]LogWorld: UWorld::CleanupWorld for MapaInicial, bSessionEnded=true, bCleanupResources=true
[2025.11.24-19.19.33:922][790]LogSlate: InvalidateAllWidgets triggered.  All widgets were invalidated
[2025.11.24-19.19.33:963][790]LogAudio: Display: Audio Device unregistered from world 'None'.
[2025.11.24-19.19.33:967][790]LogUObjectHash: Compacting FUObjectHashTables data took   3.72ms
[2025.11.24-19.19.33:968][790]LogPlayLevel: Creating play world package: /Game/Mapas/Fases/MapadeTeste/UEDPIE_0_MapadeTeste
[2025.11.24-19.19.33:989][790]LogPlayLevel: PIE: StaticDuplicateObject took: (0.020119s)
[2025.11.24-19.19.33:989][790]LogAIModule: Creating AISystem for world MapadeTeste
[2025.11.24-19.19.33:990][790]LogPlayLevel: PIE: World Init took: (0.001301s)
[2025.11.24-19.19.33:990][790]LogPlayLevel: PIE: Created PIE world by copying editor world from /Game/Mapas/Fases/MapadeTeste/MapadeTeste.MapadeTeste to /Game/Mapas/Fases/MapadeTeste/UEDPIE_0_MapadeTeste.MapadeTeste (0.021648s)
[2025.11.24-19.19.33:990][790]LogAudio: Display: Audio Device (ID: 12) registered with world 'MapadeTeste'.
[2025.11.24-19.19.33:990][790]LogLoad: Game class is 'GameModeRL_C'
[2025.11.24-19.19.33:991][790]LogWorld: Bringing World /Game/Mapas/Fases/MapadeTeste/UEDPIE_0_MapadeTeste.MapadeTeste up for play (max tick rate 60) at 2025.11.24-16.19.33
[2025.11.24-19.19.33:992][790]LogWorld: Bringing up level for play took: 0.001253
[2025.11.24-19.19.33:994][790]LogLoad: Took 0.073442 seconds to LoadMap(/Game/Mapas/Fases/MapadeTeste/UEDPIE_0_MapadeTeste)
[2025.11.24-19.19.39:672][128]LogSlate: Updating window title bar state: overlay mode, drag disabled, window buttons hidden, title bar hidden
[2025.11.24-19.19.39:672][128]LogWorld: BeginTearingDown for /Game/Mapas/Fases/MapadeTeste/UEDPIE_0_MapadeTeste
[2025.11.24-19.19.39:673][128]LogSlate: Window 'ColunaDoendoSamurai Preview [NetMode: Standalone]  (64-bit/Windows) ' being destroyed
[2025.11.24-19.19.39:680][128]LogWorld: UWorld::CleanupWorld for MapadeTeste, bSessionEnded=true, bCleanupResources=true
[2025.11.24-19.19.39:680][128]LogSlate: InvalidateAllWidgets triggered.  All widgets were invalidated
[2025.11.24-19.19.39:688][128]LogPlayLevel: Display: Shutting down PIE online subsystems
[2025.11.24-19.19.39:697][128]LogSlate: InvalidateAllWidgets triggered.  All widgets were invalidated
[2025.11.24-19.19.39:739][128]LogAudio: Display: Audio Device unregistered from world 'None'.
[2025.11.24-19.19.39:739][128]LogAudioMixer: FMixerPlatformXAudio2::StopAudioStream() called
[2025.11.24-19.19.39:740][128]LogAudioMixer: FMixerPlatformXAudio2::StopAudioStream() called
[2025.11.24-19.19.39:749][128]LogUObjectHash: Compacting FUObjectHashTables data took   4.75ms
[2025.11.24-19.19.39:769][129]LogPlayLevel: Display: Destroying online subsystem :Context_26
[2025.11.24-19.20.28:184][  8]LogUObjectHash: Compacting FUObjectHashTables data took   4.53ms
[2025.11.24-19.20.28:186][  8]LogFileHelpers: Editor autosave (incl. external actors) for '/Game/Mapas/Menu/MainMenu' took 0.047
[2025.11.24-19.20.28:380][  8]OBJ SavePackage: Generating thumbnails for [1] asset(s) in package [/Game/Mapas/Fases/MapaInicialAr/PortalInicio] ([2] browsable assets)...
[2025.11.24-19.20.28:382][  8]OBJ SavePackage: Finished generating thumbnails for package [/Game/Mapas/Fases/MapaInicialAr/PortalInicio]
[2025.11.24-19.20.28:390][  8]LogSavePackage: Moving 'E:/Unreal/Fumec_DevGames/Saved/PortalInicio_Auto227BA03B04E093CAC7535968FFF3EF46F.tmp' to 'E:/Unreal/Fumec_DevGames/Saved/Autosaves/Game/Mapas/Fases/MapaInicialAr/PortalInicio_Auto2.uasset'
[2025.11.24-19.20.28:391][  8]LogFileHelpers: Auto-saving content packages took 0.204
[2025.11.24-19.21.05:233][235]LogAssetEditorSubsystem: Opening Asset editor for LevelScriptBlueprint /Game/Mapas/Menu/MainMenu.MainMenu:PersistentLevel.MainMenu
[2025.11.24-19.22.27:523][115]LogUObjectHash: Compacting FUObjectHashTables data took   3.91ms
[2025.11.24-19.22.27:551][115]Cmd: OBJ SAVEPACKAGE PACKAGE="/Game/Mapas/Menu/MainMenu" FILE="E:/Unreal/Fumec_DevGames/Content/Mapas/Menu/MainMenu.umap" SILENT=true AUTOSAVING=false KEEPDIRTY=false
[2025.11.24-19.22.27:595][115]LogUObjectHash: Compacting FUObjectHashTables data took   0.93ms
[2025.11.24-19.22.27:602][115]LogSavePackage: Moving 'E:/Unreal/Fumec_DevGames/Saved/MainMenu92774B6942C23943BC7EF3B39049D2A8.tmp' to 'E:/Unreal/Fumec_DevGames/Content/Mapas/Menu/MainMenu.umap'
[2025.11.24-19.22.27:626][115]LogFileHelpers: Saving map 'MainMenu' took 0.075
[2025.11.24-19.22.27:627][115]Cmd: OBJ SAVEPACKAGE PACKAGE="/Game/Mapas/Fases/MapaInicialAr/MapaInicial" FILE="E:/Unreal/Fumec_DevGames/Content/Mapas/Fases/MapaInicialAr/MapaInicial.umap" SILENT=true AUTOSAVING=false KEEPDIRTY=false
[2025.11.24-19.22.27:683][115]LogUObjectHash: Compacting FUObjectHashTables data took   4.27ms
[2025.11.24-19.22.27:694][115]LogSavePackage: Moving 'E:/Unreal/Fumec_DevGames/Saved/MapaInicial9E9224364EE1B93C8D4E539A48CFE27F.tmp' to 'E:/Unreal/Fumec_DevGames/Content/Mapas/Fases/MapaInicialAr/MapaInicial.umap'
[2025.11.24-19.22.27:697][115]LogFileHelpers: Saving map 'MapaInicial' took 0.071
[2025.11.24-19.22.27:697][115]Cmd: OBJ SAVEPACKAGE PACKAGE="/Game/Mapas/Fases/MapaInicialAr/PortalInicio" FILE="E:/Unreal/Fumec_DevGames/Content/Mapas/Fases/MapaInicialAr/PortalInicio.uasset" SILENT=true
[2025.11.24-19.22.27:705][115]LogSavePackage: Moving 'E:/Unreal/Fumec_DevGames/Saved/PortalInicio10B5F3F141DAC7208412C88A59665171.tmp' to 'E:/Unreal/Fumec_DevGames/Content/Mapas/Fases/MapaInicialAr/PortalInicio.uasset'
[2025.11.24-19.22.27:724][115]AssetCheck: New page: Asset Save: multiple assets
[2025.11.24-19.22.27:724][115]LogContentValidation: Display: Validating World /Game/Mapas/Menu/MainMenu.MainMenu
[2025.11.24-19.22.27:724][115]LogContentValidation: Display: Validating World /Game/Mapas/Fases/MapaInicialAr/MapaInicial.MapaInicial
[2025.11.24-19.22.27:724][115]LogContentValidation: Display: Validating Blueprint /Game/Mapas/Fases/MapaInicialAr/PortalInicio.PortalInicio
[2025.11.24-19.25.48:099][136]LogEditorClassViewer: Warning: Class /Engine/Tutorial/InWorldBlueprintEditing/TutorialAssets/IWBE_Blutility.IWBE_Blutility_C has parent /Script/Blutility.PlacedEditorUtilityBase, but this parent is not found. The Class will not be shown in ClassViewer.
[2025.11.24-19.25.48:101][136]LogSlate: Warning: Slate: Had to block on waiting for a draw buffer
[2025.11.24-19.25.49:987][136]LogSlate: Window 'Pick Parent Class' being destroyed
[2025.11.24-19.25.49:997][136]LogContentBrowser: Deferred new asset file creation: NewBlueprint
[2025.11.24-19.25.50:021][136]LogContentBrowser: Creating deferred item: NewBlueprint
[2025.11.24-19.25.53:475][344]LogContentBrowser: Attempting asset rename: NewBlueprint -> AudioActor
[2025.11.24-19.25.53:478][344]LogPackageName: SearchForPackageOnDisk took   0.000s, but failed to resolve /Game/Audios/AudioActor.
[2025.11.24-19.25.53:479][344]LogContentBrowser: End creating deferred item NewBlueprint
[2025.11.24-19.25.55:093][435]Cmd: OBJ SAVEPACKAGE PACKAGE="/Game/Audios/AudioActor" FILE="E:/Unreal/Fumec_DevGames/Content/Audios/AudioActor.uasset" SILENT=true
[2025.11.24-19.25.55:098][435]LogSavePackage: Moving 'E:/Unreal/Fumec_DevGames/Saved/AudioActor57105A1440A36F3D2EB180AA993BF57A.tmp' to 'E:/Unreal/Fumec_DevGames/Content/Audios/AudioActor.uasset'
[2025.11.24-19.25.55:110][435]LogPackageName: SearchForPackageOnDisk took   0.000s to resolve /Game/Audios/AudioActor.
[2025.11.24-19.25.55:118][435]AssetCheck: New page: Asset Save: AudioActor
[2025.11.24-19.25.55:118][435]LogContentValidation: Display: Validating Blueprint /Game/Audios/AudioActor.AudioActor
[2025.11.24-19.25.55:892][477]LogAssetEditorSubsystem: Opening Asset editor for Blueprint /Game/Audios/AudioActor.AudioActor
[2025.11.24-19.26.12:297][405]Cmd: OBJ SAVEPACKAGE PACKAGE="/Game/Audios/AudioActor" FILE="E:/Unreal/Fumec_DevGames/Content/Audios/AudioActor.uasset" SILENT=true
[2025.11.24-19.26.12:302][405]LogSavePackage: Moving 'E:/Unreal/Fumec_DevGames/Saved/AudioActor50FD9A1E45F3D9B7ADF374A8B5948517.tmp' to 'E:/Unreal/Fumec_DevGames/Content/Audios/AudioActor.uasset'
[2025.11.24-19.26.12:322][405]AssetCheck: New page: Asset Save: AudioActor
[2025.11.24-19.26.12:322][405]LogContentValidation: Display: Validating Blueprint /Game/Audios/AudioActor.AudioActor
[2025.11.24-19.26.21:399][945]BlueprintLog: New page: Compile AudioActor
[2025.11.24-19.26.21:473][945]LogUObjectHash: Compacting FUObjectHashTables data took   5.12ms
[2025.11.24-19.27.05:427][499]LogSlate: Prevented a slow task dialog from being summoned while a context menu was open
[2025.11.24-19.27.05:456][499]LogEditorClassViewer: Warning: Class /Engine/Tutorial/InWorldBlueprintEditing/TutorialAssets/IWBE_Blutility.IWBE_Blutility_C has parent /Script/Blutility.PlacedEditorUtilityBase, but this parent is not found. The Class will not be shown in ClassViewer.
[2025.11.24-19.28.12:173][406]BlueprintLog: New page: Compile MainMenu
[2025.11.24-19.28.12:251][406]LogUObjectHash: Compacting FUObjectHashTables data took   6.75ms
[2025.11.24-19.28.12:277][406]Cmd: OBJ SAVEPACKAGE PACKAGE="/Game/Mapas/Menu/MainMenu" FILE="E:/Unreal/Fumec_DevGames/Content/Mapas/Menu/MainMenu.umap" SILENT=true AUTOSAVING=false KEEPDIRTY=false
[2025.11.24-19.28.12:321][406]LogUObjectHash: Compacting FUObjectHashTables data took   0.88ms
[2025.11.24-19.28.12:327][406]LogSavePackage: Moving 'E:/Unreal/Fumec_DevGames/Saved/MainMenu866FEA134E6CE35F6EC526A1A5C30996.tmp' to 'E:/Unreal/Fumec_DevGames/Content/Mapas/Menu/MainMenu.umap'
[2025.11.24-19.28.12:347][406]LogFileHelpers: Saving map 'MainMenu' took 0.072
[2025.11.24-19.28.12:367][406]AssetCheck: New page: Asset Save: MainMenu
[2025.11.24-19.28.12:367][406]LogContentValidation: Display: Validating World /Game/Mapas/Menu/MainMenu.MainMenu
[2025.11.24-19.29.33:791][948]Cmd: OBJ SAVEPACKAGE PACKAGE="/Game/Audios/AudioActor" FILE="E:/Unreal/Fumec_DevGames/Content/Audios/AudioActor.uasset" SILENT=true
[2025.11.24-19.29.33:798][948]LogSavePackage: Moving 'E:/Unreal/Fumec_DevGames/Saved/AudioActorC5424DEE437C95CE47E1C7A5B4A9E890.tmp' to 'E:/Unreal/Fumec_DevGames/Content/Audios/AudioActor.uasset'
[2025.11.24-19.29.33:824][948]AssetCheck: New page: Asset Save: AudioActor
[2025.11.24-19.29.33:824][948]LogContentValidation: Display: Validating Blueprint /Game/Audios/AudioActor.AudioActor
[2025.11.24-19.32.54:732][  6]Cmd: OBJ SAVEPACKAGE PACKAGE="/Game/Audios/AudioActor" FILE="E:/Unreal/Fumec_DevGames/Content/Audios/AudioActor.uasset" SILENT=true
[2025.11.24-19.32.54:742][  6]LogSavePackage: Moving 'E:/Unreal/Fumec_DevGames/Saved/AudioActorF04B2C574A08CAFAF73FF8B1F1C973D7.tmp' to 'E:/Unreal/Fumec_DevGames/Content/Audios/AudioActor.uasset'
[2025.11.24-19.32.54:763][  6]AssetCheck: New page: Asset Save: AudioActor
[2025.11.24-19.32.54:763][  6]LogContentValidation: Display: Validating Blueprint /Game/Audios/AudioActor.AudioActor
[2025.11.24-19.32.56:377][100]BlueprintLog: New page: Compile AudioActor
[2025.11.24-19.32.56:467][100]LogUObjectHash: Compacting FUObjectHashTables data took   7.30ms
[2025.11.24-19.32.57:431][154]Cmd: OBJ SAVEPACKAGE PACKAGE="/Game/Audios/AudioActor" FILE="E:/Unreal/Fumec_DevGames/Content/Audios/AudioActor.uasset" SILENT=true
[2025.11.24-19.32.57:441][154]LogSavePackage: Moving 'E:/Unreal/Fumec_DevGames/Saved/AudioActorC5CC0C9944FFB5730FD2379A2CADB72E.tmp' to 'E:/Unreal/Fumec_DevGames/Content/Audios/AudioActor.uasset'
[2025.11.24-19.32.57:461][154]AssetCheck: New page: Asset Save: AudioActor
[2025.11.24-19.32.57:462][154]LogContentValidation: Display: Validating Blueprint /Game/Audios/AudioActor.AudioActor
[2025.11.24-19.34.03:012][ 26]LogSlate: Prevented a slow task dialog from being summoned while a context menu was open
[2025.11.24-19.34.03:037][ 26]LogEditorClassViewer: Warning: Class /Engine/Tutorial/InWorldBlueprintEditing/TutorialAssets/IWBE_Blutility.IWBE_Blutility_C has parent /Script/Blutility.PlacedEditorUtilityBase, but this parent is not found. The Class will not be shown in ClassViewer.
[2025.11.24-19.34.22:096][968]Cmd: OBJ SAVEPACKAGE PACKAGE="/Game/Player/Blueprints/Player_BP" FILE="E:/Unreal/Fumec_DevGames/Content/Player/Blueprints/Player_BP.uasset" SILENT=true
[2025.11.24-19.34.22:202][968]LogSavePackage: Moving 'E:/Unreal/Fumec_DevGames/Saved/Player_BP71AA46694F63FF9F068180A30E0AD429.tmp' to 'E:/Unreal/Fumec_DevGames/Content/Player/Blueprints/Player_BP.uasset'
[2025.11.24-19.34.22:229][968]AssetCheck: New page: Asset Save: Player_BP
[2025.11.24-19.34.22:229][968]LogContentValidation: Display: Validating Blueprint /Game/Player/Blueprints/Player_BP.Player_BP
[2025.11.24-19.34.35:236][717]Cmd: OBJ SAVEPACKAGE PACKAGE="/Game/Player/Blueprints/Player_BP" FILE="E:/Unreal/Fumec_DevGames/Content/Player/Blueprints/Player_BP.uasset" SILENT=true
[2025.11.24-19.34.35:343][717]LogSavePackage: Moving 'E:/Unreal/Fumec_DevGames/Saved/Player_BP64DAA82049CE7444498748813029C415.tmp' to 'E:/Unreal/Fumec_DevGames/Content/Player/Blueprints/Player_BP.uasset'
[2025.11.24-19.34.35:374][717]AssetCheck: New page: Asset Save: Player_BP
[2025.11.24-19.34.35:374][717]LogContentValidation: Display: Validating Blueprint /Game/Player/Blueprints/Player_BP.Player_BP
[2025.11.24-19.34.36:549][787]BlueprintLog: New page: Compile Player_BP
[2025.11.24-19.34.36:664][787]LogUObjectHash: Compacting FUObjectHashTables data took   5.55ms
[2025.11.24-19.34.44:641][240]Cmd: OBJ SAVEPACKAGE PACKAGE="/Game/Mapas/Menu/MainMenu" FILE="E:/Unreal/Fumec_DevGames/Content/Mapas/Menu/MainMenu.umap" SILENT=true AUTOSAVING=false KEEPDIRTY=false
[2025.11.24-19.34.44:691][240]LogUObjectHash: Compacting FUObjectHashTables data took   5.76ms
[2025.11.24-19.34.44:699][240]LogSavePackage: Moving 'E:/Unreal/Fumec_DevGames/Saved/MainMenu526103544ED250BD31EE7AADCA086EED.tmp' to 'E:/Unreal/Fumec_DevGames/Content/Mapas/Menu/MainMenu.umap'
[2025.11.24-19.34.44:743][240]AssetCheck: New page: Asset Save: MainMenu
[2025.11.24-19.34.44:743][240]LogContentValidation: Display: Validating World /Game/Mapas/Menu/MainMenu.MainMenu
[2025.11.24-19.35.14:717][995]Cmd: OBJ SAVEPACKAGE PACKAGE="/Game/Mapas/Menu/MainMenu" FILE="E:/Unreal/Fumec_DevGames/Content/Mapas/Menu/MainMenu.umap" SILENT=true AUTOSAVING=false KEEPDIRTY=false
[2025.11.24-19.35.14:764][995]LogUObjectHash: Compacting FUObjectHashTables data took   4.21ms
[2025.11.24-19.35.14:773][995]LogSavePackage: Moving 'E:/Unreal/Fumec_DevGames/Saved/MainMenuADD6C0E14CB989FFA17C9FADB3A93708.tmp' to 'E:/Unreal/Fumec_DevGames/Content/Mapas/Menu/MainMenu.umap'
[2025.11.24-19.35.14:794][995]LogFileHelpers: Saving map 'MainMenu' took 0.077
[2025.11.24-19.35.14:808][995]AssetCheck: New page: Asset Save: MainMenu
[2025.11.24-19.35.14:809][995]LogContentValidation: Display: Validating World /Game/Mapas/Menu/MainMenu.MainMenu
[2025.11.24-19.35.33:572][111]Cmd: OBJ SAVEPACKAGE PACKAGE="/Game/Mapas/Menu/MainMenu" FILE="E:/Unreal/Fumec_DevGames/Content/Mapas/Menu/MainMenu.umap" SILENT=true AUTOSAVING=false KEEPDIRTY=false
[2025.11.24-19.35.33:619][111]LogUObjectHash: Compacting FUObjectHashTables data took   2.29ms
[2025.11.24-19.35.33:626][111]LogSavePackage: Moving 'E:/Unreal/Fumec_DevGames/Saved/MainMenu3B4311804E61A63BF4B9909B5DC02425.tmp' to 'E:/Unreal/Fumec_DevGames/Content/Mapas/Menu/MainMenu.umap'
[2025.11.24-19.35.33:646][111]LogFileHelpers: Saving map 'MainMenu' took 0.074
[2025.11.24-19.35.33:661][111]AssetCheck: New page: Asset Save: MainMenu
[2025.11.24-19.35.33:661][111]LogContentValidation: Display: Validating World /Game/Mapas/Menu/MainMenu.MainMenu
[2025.11.24-19.35.35:203][204]BlueprintLog: New page: Compile MainMenu
[2025.11.24-19.35.35:273][204]LogUObjectHash: Compacting FUObjectHashTables data took   4.13ms
[2025.11.24-19.35.35:308][204]Cmd: OBJ SAVEPACKAGE PACKAGE="/Game/Mapas/Menu/MainMenu" FILE="E:/Unreal/Fumec_DevGames/Content/Mapas/Menu/MainMenu.umap" SILENT=true AUTOSAVING=false KEEPDIRTY=false
[2025.11.24-19.35.35:352][204]LogUObjectHash: Compacting FUObjectHashTables data took   0.88ms
[2025.11.24-19.35.35:360][204]LogSavePackage: Moving 'E:/Unreal/Fumec_DevGames/Saved/MainMenu3BF7FF17417B52C1A36C14B6BCC16A1E.tmp' to 'E:/Unreal/Fumec_DevGames/Content/Mapas/Menu/MainMenu.umap'
[2025.11.24-19.35.35:380][204]LogFileHelpers: Saving map 'MainMenu' took 0.073
[2025.11.24-19.35.35:400][204]AssetCheck: New page: Asset Save: MainMenu
[2025.11.24-19.35.35:400][204]LogContentValidation: Display: Validating World /Game/Mapas/Menu/MainMenu.MainMenu
[2025.11.24-19.35.45:107][546]LogTemp: Repeating last play command: Selected Viewport
[2025.11.24-19.35.45:117][546]LogPlayLevel: PlayLevel: No blueprints needed recompiling
[2025.11.24-19.35.45:117][546]PIE: New page: PIE session: MainMenu (Nov 24, 2025, 1:35:45 PM)
[2025.11.24-19.35.45:117][546]LogPlayLevel: Creating play world package: /Game/Mapas/Menu/UEDPIE_0_MainMenu
[2025.11.24-19.35.45:119][546]LogPlayLevel: PIE: StaticDuplicateObject took: (0.001502s)
[2025.11.24-19.35.45:120][546]LogAIModule: Creating AISystem for world MainMenu
[2025.11.24-19.35.45:120][546]LogPlayLevel: PIE: World Init took: (0.001126s)
[2025.11.24-19.35.45:120][546]LogPlayLevel: PIE: Created PIE world by copying editor world from /Game/Mapas/Menu/MainMenu.MainMenu to /Game/Mapas/Menu/UEDPIE_0_MainMenu.MainMenu (0.002768s)
[2025.11.24-19.35.45:168][546]LogUObjectHash: Compacting FUObjectHashTables data took   3.75ms
[2025.11.24-19.35.45:168][546]LogAudio: Display: Creating Audio Device:                 Id: 13, Scope: Unique, Realtime: True
[2025.11.24-19.35.45:170][546]LogAudioMixer: Display: Audio Mixer Platform Settings:
[2025.11.24-19.35.45:170][546]LogAudioMixer: Display: 	Sample Rate:						  48000
[2025.11.24-19.35.45:170][546]LogAudioMixer: Display: 	Callback Buffer Frame Size Requested: 1024
[2025.11.24-19.35.45:170][546]LogAudioMixer: Display: 	Callback Buffer Frame Size To Use:	  1024
[2025.11.24-19.35.45:170][546]LogAudioMixer: Display: 	Number of buffers to queue:			  2
[2025.11.24-19.35.45:170][546]LogAudioMixer: Display: 	Max Channels (voices):				  32
[2025.11.24-19.35.45:170][546]LogAudioMixer: Display: 	Number of Async Source Workers:		  0
[2025.11.24-19.35.45:170][546]LogAudio: Display: AudioDevice MaxSources: 32
[2025.11.24-19.35.45:170][546]LogAudio: Display: Audio Spatialization Plugin: None (built-in).
[2025.11.24-19.35.45:170][546]LogAudio: Display: Audio Reverb Plugin: None (built-in).
[2025.11.24-19.35.45:170][546]LogAudio: Display: Audio Occlusion Plugin: None (built-in).
[2025.11.24-19.35.45:170][546]LogAudioMixer: Display: Initializing audio mixer.
[2025.11.24-19.35.45:175][546]LogAudioMixer: Display: 0: FrontLeft
[2025.11.24-19.35.45:175][546]LogAudioMixer: Display: 1: FrontRight
[2025.11.24-19.35.45:186][546]LogAudioMixer: Display: Using Audio Device Alto-falantes (Realtek(R) Audio)
[2025.11.24-19.35.45:186][546]LogAudioMixer: Display: Initializing Sound Submixes...
[2025.11.24-19.35.45:186][546]LogAudioMixer: Display: Creating Master Submix 'MasterSubmixDefault'
[2025.11.24-19.35.45:186][546]LogAudioMixer: Display: Creating Master Submix 'MasterReverbSubmixDefault'
[2025.11.24-19.35.45:186][546]LogAudioMixer: Display: Creating Master Submix 'MasterEQSubmixDefault'
[2025.11.24-19.35.45:186][546]LogAudioMixer: FMixerPlatformXAudio2::StartAudioStream() called
[2025.11.24-19.35.45:186][546]LogAudioMixer: Display: Output buffers initialized: Frames=1024, Channels=2, Samples=2048
[2025.11.24-19.35.45:188][546]LogAudioMixer: Display: Starting AudioMixerPlatformInterface::RunInternal()
[2025.11.24-19.35.45:188][546]LogAudioMixer: Display: FMixerPlatformXAudio2::SubmitBuffer() called for the first time
[2025.11.24-19.35.45:188][546]LogInit: FAudioDevice initialized.
[2025.11.24-19.35.45:188][546]LogAudio: Display: Audio Device (ID: 13) registered with world 'MainMenu'.
[2025.11.24-19.35.45:201][546]LogLoad: Game class is 'GameMode'
[2025.11.24-19.35.45:202][546]LogWorld: Bringing World /Game/Mapas/Menu/UEDPIE_0_MainMenu.MainMenu up for play (max tick rate 60) at 2025.11.24-16.35.45
[2025.11.24-19.35.45:202][546]LogWorld: Bringing up level for play took: 0.000438
[2025.11.24-19.35.45:202][546]LogOnline: OSS: Creating online subsystem instance for: :Context_29
[2025.11.24-19.35.45:206][546]LogGameMode: Display: Match State Changed from EnteringMap to WaitingToStart
[2025.11.24-19.35.45:206][546]LogGameState: Match State Changed from EnteringMap to WaitingToStart
[2025.11.24-19.35.45:206][546]LogGameMode: Display: Match State Changed from WaitingToStart to InProgress
[2025.11.24-19.35.45:207][546]LogGameState: Match State Changed from WaitingToStart to InProgress
[2025.11.24-19.35.45:207][546]PIE: Server logged in
[2025.11.24-19.35.45:208][546]PIE: Play in editor total start time 0.096 seconds.
[2025.11.24-19.35.47:539][684]LogSlate: Updating window title bar state: overlay mode, drag disabled, window buttons hidden, title bar hidden
[2025.11.24-19.35.47:539][684]LogWorld: BeginTearingDown for /Game/Mapas/Menu/UEDPIE_0_MainMenu
[2025.11.24-19.35.47:539][684]LogWorld: UWorld::CleanupWorld for MainMenu, bSessionEnded=true, bCleanupResources=true
[2025.11.24-19.35.47:539][684]LogSlate: InvalidateAllWidgets triggered.  All widgets were invalidated
[2025.11.24-19.35.47:550][684]LogPlayLevel: Display: Shutting down PIE online subsystems
[2025.11.24-19.35.47:563][684]LogSlate: InvalidateAllWidgets triggered.  All widgets were invalidated
[2025.11.24-19.35.47:606][684]LogSlate: Updating window title bar state: overlay mode, drag disabled, window buttons hidden, title bar hidden
[2025.11.24-19.35.47:606][684]LogAudioMixer: FMixerPlatformXAudio2::StopAudioStream() called
[2025.11.24-19.35.47:607][684]LogAudioMixer: FMixerPlatformXAudio2::StopAudioStream() called
[2025.11.24-19.35.47:614][684]LogUObjectHash: Compacting FUObjectHashTables data took   3.60ms
[2025.11.24-19.35.47:642][685]LogPlayLevel: Display: Destroying online subsystem :Context_29
[2025.11.24-19.36.02:179][543]BlueprintLog: New page: Compile AudioActor
[2025.11.24-19.36.02:282][543]LogUObjectHash: Compacting FUObjectHashTables data took   4.14ms
[2025.11.24-19.36.02:333][543]Cmd: OBJ SAVEPACKAGE PACKAGE="/Game/Audios/AudioActor" FILE="E:/Unreal/Fumec_DevGames/Content/Audios/AudioActor.uasset" SILENT=true
[2025.11.24-19.36.02:344][543]LogSavePackage: Moving 'E:/Unreal/Fumec_DevGames/Saved/AudioActor754662224ACD4E1DFFB366B9A68D621C.tmp' to 'E:/Unreal/Fumec_DevGames/Content/Audios/AudioActor.uasset'
[2025.11.24-19.36.02:364][543]AssetCheck: New page: Asset Save: AudioActor
[2025.11.24-19.36.02:364][543]LogContentValidation: Display: Validating Blueprint /Game/Audios/AudioActor.AudioActor
[2025.11.24-19.36.02:767][565]Cmd: OBJ SAVEPACKAGE PACKAGE="/Game/Audios/AudioActor" FILE="E:/Unreal/Fumec_DevGames/Content/Audios/AudioActor.uasset" SILENT=true
[2025.11.24-19.36.02:776][565]LogSavePackage: Moving 'E:/Unreal/Fumec_DevGames/Saved/AudioActor7C9CE8774A044567B7E19AB786DF21F5.tmp' to 'E:/Unreal/Fumec_DevGames/Content/Audios/AudioActor.uasset'
[2025.11.24-19.36.02:796][565]AssetCheck: New page: Asset Save: AudioActor
[2025.11.24-19.36.02:796][565]LogContentValidation: Display: Validating Blueprint /Game/Audios/AudioActor.AudioActor
[2025.11.24-19.36.03:613][610]LogTemp: Repeating last play command: Selected Viewport
[2025.11.24-19.36.03:621][610]LogPlayLevel: PlayLevel: No blueprints needed recompiling
[2025.11.24-19.36.03:621][610]PIE: New page: PIE session: MainMenu (Nov 24, 2025, 1:36:03 PM)
[2025.11.24-19.36.03:621][610]LogPlayLevel: Creating play world package: /Game/Mapas/Menu/UEDPIE_0_MainMenu
[2025.11.24-19.36.03:623][610]LogPlayLevel: PIE: StaticDuplicateObject took: (0.002048s)
[2025.11.24-19.36.03:624][610]LogAIModule: Creating AISystem for world MainMenu
[2025.11.24-19.36.03:624][610]LogPlayLevel: PIE: World Init took: (0.001305s)
[2025.11.24-19.36.03:624][610]LogPlayLevel: PIE: Created PIE world by copying editor world from /Game/Mapas/Menu/MainMenu.MainMenu to /Game/Mapas/Menu/UEDPIE_0_MainMenu.MainMenu (0.003511s)
[2025.11.24-19.36.03:671][610]LogUObjectHash: Compacting FUObjectHashTables data took   5.41ms
[2025.11.24-19.36.03:673][610]LogAudio: Display: Creating Audio Device:                 Id: 14, Scope: Unique, Realtime: True
[2025.11.24-19.36.03:673][610]LogAudioMixer: Display: Audio Mixer Platform Settings:
[2025.11.24-19.36.03:673][610]LogAudioMixer: Display: 	Sample Rate:						  48000
[2025.11.24-19.36.03:673][610]LogAudioMixer: Display: 	Callback Buffer Frame Size Requested: 1024
[2025.11.24-19.36.03:673][610]LogAudioMixer: Display: 	Callback Buffer Frame Size To Use:	  1024
[2025.11.24-19.36.03:673][610]LogAudioMixer: Display: 	Number of buffers to queue:			  2
[2025.11.24-19.36.03:673][610]LogAudioMixer: Display: 	Max Channels (voices):				  32
[2025.11.24-19.36.03:673][610]LogAudioMixer: Display: 	Number of Async Source Workers:		  0
[2025.11.24-19.36.03:673][610]LogAudio: Display: AudioDevice MaxSources: 32
[2025.11.24-19.36.03:673][610]LogAudio: Display: Audio Spatialization Plugin: None (built-in).
[2025.11.24-19.36.03:673][610]LogAudio: Display: Audio Reverb Plugin: None (built-in).
[2025.11.24-19.36.03:673][610]LogAudio: Display: Audio Occlusion Plugin: None (built-in).
[2025.11.24-19.36.03:673][610]LogAudioMixer: Display: Initializing audio mixer.
[2025.11.24-19.36.03:678][610]LogAudioMixer: Display: 0: FrontLeft
[2025.11.24-19.36.03:678][610]LogAudioMixer: Display: 1: FrontRight
[2025.11.24-19.36.03:687][610]LogAudioMixer: Display: Using Audio Device Alto-falantes (Realtek(R) Audio)
[2025.11.24-19.36.03:687][610]LogAudioMixer: Display: Initializing Sound Submixes...
[2025.11.24-19.36.03:687][610]LogAudioMixer: Display: Creating Master Submix 'MasterSubmixDefault'
[2025.11.24-19.36.03:687][610]LogAudioMixer: Display: Creating Master Submix 'MasterReverbSubmixDefault'
[2025.11.24-19.36.03:688][610]LogAudioMixer: Display: Creating Master Submix 'MasterEQSubmixDefault'
[2025.11.24-19.36.03:688][610]LogAudioMixer: FMixerPlatformXAudio2::StartAudioStream() called
[2025.11.24-19.36.03:688][610]LogAudioMixer: Display: Output buffers initialized: Frames=1024, Channels=2, Samples=2048
[2025.11.24-19.36.03:689][610]LogAudioMixer: Display: Starting AudioMixerPlatformInterface::RunInternal()
[2025.11.24-19.36.03:689][610]LogAudioMixer: Display: FMixerPlatformXAudio2::SubmitBuffer() called for the first time
[2025.11.24-19.36.03:689][610]LogInit: FAudioDevice initialized.
[2025.11.24-19.36.03:689][610]LogAudio: Display: Audio Device (ID: 14) registered with world 'MainMenu'.
[2025.11.24-19.36.03:745][610]LogSlate: Updating window title bar state: overlay mode, drag disabled, window buttons hidden, title bar hidden
[2025.11.24-19.36.03:745][610]LogLoad: Game class is 'GameMode'
[2025.11.24-19.36.03:746][610]LogWorld: Bringing World /Game/Mapas/Menu/UEDPIE_0_MainMenu.MainMenu up for play (max tick rate 60) at 2025.11.24-16.36.03
[2025.11.24-19.36.03:746][610]LogWorld: Bringing up level for play took: 0.000708
[2025.11.24-19.36.03:748][610]LogOnline: OSS: Creating online subsystem instance for: :Context_30
[2025.11.24-19.36.03:750][610]LogGameMode: FindPlayerStart: PATHS NOT DEFINED or NO PLAYERSTART with positive rating
[2025.11.24-19.36.03:750][610]LogGameMode: Display: Match State Changed from EnteringMap to WaitingToStart
[2025.11.24-19.36.03:750][610]LogGameState: Match State Changed from EnteringMap to WaitingToStart
[2025.11.24-19.36.03:750][610]LogGameMode: Display: Match State Changed from WaitingToStart to InProgress
[2025.11.24-19.36.03:751][610]LogGameState: Match State Changed from WaitingToStart to InProgress
[2025.11.24-19.36.03:752][610]PIE: Server logged in
[2025.11.24-19.36.03:753][610]PIE: Play in editor total start time 0.133 seconds.
[2025.11.24-19.36.06:571][777]LogSlate: Window 'ColunaDoendoSamurai Preview [NetMode: Standalone]  (64-bit/Windows) ' being destroyed
[2025.11.24-19.36.06:581][777]LogWorld: BeginTearingDown for /Game/Mapas/Menu/UEDPIE_0_MainMenu
[2025.11.24-19.36.06:616][777]LogWorld: UWorld::CleanupWorld for MainMenu, bSessionEnded=true, bCleanupResources=true
[2025.11.24-19.36.06:616][777]LogSlate: InvalidateAllWidgets triggered.  All widgets were invalidated
[2025.11.24-19.36.06:628][777]LogPlayLevel: Display: Shutting down PIE online subsystems
[2025.11.24-19.36.06:642][777]LogSlate: InvalidateAllWidgets triggered.  All widgets were invalidated
[2025.11.24-19.36.06:685][777]LogAudio: Display: Audio Device unregistered from world 'None'.
[2025.11.24-19.36.06:685][777]LogAudioMixer: FMixerPlatformXAudio2::StopAudioStream() called
[2025.11.24-19.36.06:686][777]LogAudioMixer: FMixerPlatformXAudio2::StopAudioStream() called
[2025.11.24-19.36.06:694][777]LogUObjectHash: Compacting FUObjectHashTables data took   4.35ms
[2025.11.24-19.36.06:821][778]LogPlayLevel: Display: Destroying online subsystem :Context_30
[2025.11.24-19.36.08:961][906]LogTemp: Repeating last play command: Selected Viewport
[2025.11.24-19.36.08:969][906]LogPlayLevel: PlayLevel: No blueprints needed recompiling
[2025.11.24-19.36.08:969][906]PIE: New page: PIE session: MainMenu (Nov 24, 2025, 1:36:08 PM)
[2025.11.24-19.36.08:969][906]LogPlayLevel: Creating play world package: /Game/Mapas/Menu/UEDPIE_0_MainMenu
[2025.11.24-19.36.08:971][906]LogPlayLevel: PIE: StaticDuplicateObject took: (0.001425s)
[2025.11.24-19.36.08:972][906]LogAIModule: Creating AISystem for world MainMenu
[2025.11.24-19.36.08:972][906]LogPlayLevel: PIE: World Init took: (0.001093s)
[2025.11.24-19.36.08:972][906]LogPlayLevel: PIE: Created PIE world by copying editor world from /Game/Mapas/Menu/MainMenu.MainMenu to /Game/Mapas/Menu/UEDPIE_0_MainMenu.MainMenu (0.002652s)
[2025.11.24-19.36.09:019][906]LogUObjectHash: Compacting FUObjectHashTables data took   3.61ms
[2025.11.24-19.36.09:020][906]LogAudio: Display: Creating Audio Device:                 Id: 15, Scope: Unique, Realtime: True
[2025.11.24-19.36.09:020][906]LogAudioMixer: Display: Audio Mixer Platform Settings:
[2025.11.24-19.36.09:020][906]LogAudioMixer: Display: 	Sample Rate:						  48000
[2025.11.24-19.36.09:020][906]LogAudioMixer: Display: 	Callback Buffer Frame Size Requested: 1024
[2025.11.24-19.36.09:020][906]LogAudioMixer: Display: 	Callback Buffer Frame Size To Use:	  1024
[2025.11.24-19.36.09:020][906]LogAudioMixer: Display: 	Number of buffers to queue:			  2
[2025.11.24-19.36.09:020][906]LogAudioMixer: Display: 	Max Channels (voices):				  32
[2025.11.24-19.36.09:020][906]LogAudioMixer: Display: 	Number of Async Source Workers:		  0
[2025.11.24-19.36.09:020][906]LogAudio: Display: AudioDevice MaxSources: 32
[2025.11.24-19.36.09:020][906]LogAudio: Display: Audio Spatialization Plugin: None (built-in).
[2025.11.24-19.36.09:021][906]LogAudio: Display: Audio Reverb Plugin: None (built-in).
[2025.11.24-19.36.09:021][906]LogAudio: Display: Audio Occlusion Plugin: None (built-in).
[2025.11.24-19.36.09:021][906]LogAudioMixer: Display: Initializing audio mixer.
[2025.11.24-19.36.09:027][906]LogAudioMixer: Display: 0: FrontLeft
[2025.11.24-19.36.09:027][906]LogAudioMixer: Display: 1: FrontRight
[2025.11.24-19.36.09:034][906]LogAudioMixer: Display: Using Audio Device Alto-falantes (Realtek(R) Audio)
[2025.11.24-19.36.09:034][906]LogAudioMixer: Display: Initializing Sound Submixes...
[2025.11.24-19.36.09:034][906]LogAudioMixer: Display: Creating Master Submix 'MasterSubmixDefault'
[2025.11.24-19.36.09:034][906]LogAudioMixer: Display: Creating Master Submix 'MasterReverbSubmixDefault'
[2025.11.24-19.36.09:035][906]LogAudioMixer: Display: Creating Master Submix 'MasterEQSubmixDefault'
[2025.11.24-19.36.09:035][906]LogAudioMixer: FMixerPlatformXAudio2::StartAudioStream() called
[2025.11.24-19.36.09:035][906]LogAudioMixer: Display: Output buffers initialized: Frames=1024, Channels=2, Samples=2048
[2025.11.24-19.36.09:037][906]LogAudioMixer: Display: Starting AudioMixerPlatformInterface::RunInternal()
[2025.11.24-19.36.09:037][906]LogAudioMixer: Display: FMixerPlatformXAudio2::SubmitBuffer() called for the first time
[2025.11.24-19.36.09:037][906]LogInit: FAudioDevice initialized.
[2025.11.24-19.36.09:037][906]LogAudio: Display: Audio Device (ID: 15) registered with world 'MainMenu'.
[2025.11.24-19.36.09:081][906]LogSlate: Updating window title bar state: overlay mode, drag disabled, window buttons hidden, title bar hidden
[2025.11.24-19.36.09:081][906]LogLoad: Game class is 'GameMode'
[2025.11.24-19.36.09:082][906]LogWorld: Bringing World /Game/Mapas/Menu/UEDPIE_0_MainMenu.MainMenu up for play (max tick rate 60) at 2025.11.24-16.36.09
[2025.11.24-19.36.09:082][906]LogWorld: Bringing up level for play took: 0.000880
[2025.11.24-19.36.09:083][906]LogOnline: OSS: Creating online subsystem instance for: :Context_31
[2025.11.24-19.36.09:084][906]LogGameMode: FindPlayerStart: PATHS NOT DEFINED or NO PLAYERSTART with positive rating
[2025.11.24-19.36.09:085][906]LogGameMode: Display: Match State Changed from EnteringMap to WaitingToStart
[2025.11.24-19.36.09:085][906]LogGameState: Match State Changed from EnteringMap to WaitingToStart
[2025.11.24-19.36.09:085][906]LogGameMode: Display: Match State Changed from WaitingToStart to InProgress
[2025.11.24-19.36.09:086][906]LogGameState: Match State Changed from WaitingToStart to InProgress
[2025.11.24-19.36.09:087][906]PIE: Server logged in
[2025.11.24-19.36.09:088][906]PIE: Play in editor total start time 0.12 seconds.
[2025.11.24-19.36.09:117][907]LogRenderer: Reallocating scene render targets to support 1184x784 Format 10 NumSamples 1 (Frame:1).
[2025.11.24-19.36.10:650][997]LogSlate: Window 'ColunaDoendoSamurai Preview [NetMode: Standalone]  (64-bit/Windows) ' being destroyed
[2025.11.24-19.36.10:660][997]LogWorld: BeginTearingDown for /Game/Mapas/Menu/UEDPIE_0_MainMenu
[2025.11.24-19.36.10:686][997]LogWorld: UWorld::CleanupWorld for MainMenu, bSessionEnded=true, bCleanupResources=true
[2025.11.24-19.36.10:686][997]LogSlate: InvalidateAllWidgets triggered.  All widgets were invalidated
[2025.11.24-19.36.10:702][997]LogPlayLevel: Display: Shutting down PIE online subsystems
[2025.11.24-19.36.10:716][997]LogSlate: InvalidateAllWidgets triggered.  All widgets were invalidated
[2025.11.24-19.36.10:762][997]LogAudioMixer: FMixerPlatformXAudio2::StopAudioStream() called
[2025.11.24-19.36.10:764][997]LogAudioMixer: FMixerPlatformXAudio2::StopAudioStream() called
[2025.11.24-19.36.10:770][997]LogUObjectHash: Compacting FUObjectHashTables data took   3.64ms
[2025.11.24-19.36.10:800][998]LogPlayLevel: Display: Destroying online subsystem :Context_31
[2025.11.24-19.36.16:985][355]BlueprintLog: New page: Compile AudioActor
[2025.11.24-19.36.17:072][355]LogUObjectHash: Compacting FUObjectHashTables data took   4.53ms
[2025.11.24-19.36.17:122][355]Cmd: OBJ SAVEPACKAGE PACKAGE="/Game/Audios/AudioActor" FILE="E:/Unreal/Fumec_DevGames/Content/Audios/AudioActor.uasset" SILENT=true
[2025.11.24-19.36.17:131][355]LogSavePackage: Moving 'E:/Unreal/Fumec_DevGames/Saved/AudioActorF5D39FBD479963BB1564EA823AAACB7D.tmp' to 'E:/Unreal/Fumec_DevGames/Content/Audios/AudioActor.uasset'
[2025.11.24-19.36.17:156][355]AssetCheck: New page: Asset Save: AudioActor
[2025.11.24-19.36.17:156][355]LogContentValidation: Display: Validating Blueprint /Game/Audios/AudioActor.AudioActor
[2025.11.24-19.36.17:323][362]Cmd: OBJ SAVEPACKAGE PACKAGE="/Game/Audios/AudioActor" FILE="E:/Unreal/Fumec_DevGames/Content/Audios/AudioActor.uasset" SILENT=true
[2025.11.24-19.36.17:332][362]LogSavePackage: Moving 'E:/Unreal/Fumec_DevGames/Saved/AudioActor2D7F3ABD4A87664C35A8CB888E7F1D70.tmp' to 'E:/Unreal/Fumec_DevGames/Content/Audios/AudioActor.uasset'
[2025.11.24-19.36.17:354][362]AssetCheck: New page: Asset Save: AudioActor
[2025.11.24-19.36.17:354][362]LogContentValidation: Display: Validating Blueprint /Game/Audios/AudioActor.AudioActor
[2025.11.24-19.36.18:035][400]LogTemp: Repeating last play command: Selected Viewport
[2025.11.24-19.36.18:044][400]LogPlayLevel: PlayLevel: No blueprints needed recompiling
[2025.11.24-19.36.18:044][400]PIE: New page: PIE session: MainMenu (Nov 24, 2025, 1:36:18 PM)
[2025.11.24-19.36.18:044][400]LogPlayLevel: Creating play world package: /Game/Mapas/Menu/UEDPIE_0_MainMenu
[2025.11.24-19.36.18:047][400]LogPlayLevel: PIE: StaticDuplicateObject took: (0.001964s)
[2025.11.24-19.36.18:048][400]LogAIModule: Creating AISystem for world MainMenu
[2025.11.24-19.36.18:048][400]LogPlayLevel: PIE: World Init took: (0.001361s)
[2025.11.24-19.36.18:048][400]LogPlayLevel: PIE: Created PIE world by copying editor world from /Game/Mapas/Menu/MainMenu.MainMenu to /Game/Mapas/Menu/UEDPIE_0_MainMenu.MainMenu (0.003506s)
[2025.11.24-19.36.18:097][400]LogUObjectHash: Compacting FUObjectHashTables data took   5.11ms
[2025.11.24-19.36.18:098][400]LogAudio: Display: Creating Audio Device:                 Id: 16, Scope: Unique, Realtime: True
[2025.11.24-19.36.18:098][400]LogAudioMixer: Display: Audio Mixer Platform Settings:
[2025.11.24-19.36.18:098][400]LogAudioMixer: Display: 	Sample Rate:						  48000
[2025.11.24-19.36.18:098][400]LogAudioMixer: Display: 	Callback Buffer Frame Size Requested: 1024
[2025.11.24-19.36.18:098][400]LogAudioMixer: Display: 	Callback Buffer Frame Size To Use:	  1024
[2025.11.24-19.36.18:098][400]LogAudioMixer: Display: 	Number of buffers to queue:			  2
[2025.11.24-19.36.18:098][400]LogAudioMixer: Display: 	Max Channels (voices):				  32
[2025.11.24-19.36.18:098][400]LogAudioMixer: Display: 	Number of Async Source Workers:		  0
[2025.11.24-19.36.18:098][400]LogAudio: Display: AudioDevice MaxSources: 32
[2025.11.24-19.36.18:098][400]LogAudio: Display: Audio Spatialization Plugin: None (built-in).
[2025.11.24-19.36.18:098][400]LogAudio: Display: Audio Reverb Plugin: None (built-in).
[2025.11.24-19.36.18:098][400]LogAudio: Display: Audio Occlusion Plugin: None (built-in).
[2025.11.24-19.36.18:098][400]LogAudioMixer: Display: Initializing audio mixer.
[2025.11.24-19.36.18:104][400]LogAudioMixer: Display: 0: FrontLeft
[2025.11.24-19.36.18:104][400]LogAudioMixer: Display: 1: FrontRight
[2025.11.24-19.36.18:112][400]LogAudioMixer: Display: Using Audio Device Alto-falantes (Realtek(R) Audio)
[2025.11.24-19.36.18:112][400]LogAudioMixer: Display: Initializing Sound Submixes...
[2025.11.24-19.36.18:112][400]LogAudioMixer: Display: Creating Master Submix 'MasterSubmixDefault'
[2025.11.24-19.36.18:112][400]LogAudioMixer: Display: Creating Master Submix 'MasterReverbSubmixDefault'
[2025.11.24-19.36.18:113][400]LogAudioMixer: Display: Creating Master Submix 'MasterEQSubmixDefault'
[2025.11.24-19.36.18:113][400]LogAudioMixer: FMixerPlatformXAudio2::StartAudioStream() called
[2025.11.24-19.36.18:113][400]LogAudioMixer: Display: Output buffers initialized: Frames=1024, Channels=2, Samples=2048
[2025.11.24-19.36.18:114][400]LogAudioMixer: Display: Starting AudioMixerPlatformInterface::RunInternal()
[2025.11.24-19.36.18:114][400]LogAudioMixer: Display: FMixerPlatformXAudio2::SubmitBuffer() called for the first time
[2025.11.24-19.36.18:114][400]LogInit: FAudioDevice initialized.
[2025.11.24-19.36.18:114][400]LogAudio: Display: Audio Device (ID: 16) registered with world 'MainMenu'.
[2025.11.24-19.36.18:167][400]LogSlate: Updating window title bar state: overlay mode, drag disabled, window buttons hidden, title bar hidden
[2025.11.24-19.36.18:167][400]LogLoad: Game class is 'GameMode'
[2025.11.24-19.36.18:168][400]LogWorld: Bringing World /Game/Mapas/Menu/UEDPIE_0_MainMenu.MainMenu up for play (max tick rate 60) at 2025.11.24-16.36.18
[2025.11.24-19.36.18:168][400]LogWorld: Bringing up level for play took: 0.000614
[2025.11.24-19.36.18:168][400]LogOnline: OSS: Creating online subsystem instance for: :Context_32
[2025.11.24-19.36.18:170][400]LogGameMode: FindPlayerStart: PATHS NOT DEFINED or NO PLAYERSTART with positive rating
[2025.11.24-19.36.18:171][400]LogGameMode: Display: Match State Changed from EnteringMap to WaitingToStart
[2025.11.24-19.36.18:171][400]LogGameState: Match State Changed from EnteringMap to WaitingToStart
[2025.11.24-19.36.18:171][400]LogGameMode: Display: Match State Changed from WaitingToStart to InProgress
[2025.11.24-19.36.18:172][400]LogGameState: Match State Changed from WaitingToStart to InProgress
[2025.11.24-19.36.18:173][400]PIE: Server logged in
[2025.11.24-19.36.18:174][400]PIE: Play in editor total start time 0.131 seconds.
[2025.11.24-19.36.22:257][641]LogGameMode: Display: Match State Changed from InProgress to LeavingMap
[2025.11.24-19.36.22:257][641]LogGameState: Match State Changed from InProgress to LeavingMap
[2025.11.24-19.36.22:257][641]LogNet: Browse: /Game/Mapas/Fases/MapaInicialAr/MapaInicial
[2025.11.24-19.36.22:257][641]LogLoad: LoadMap: /Game/Mapas/Fases/MapaInicialAr/MapaInicial
[2025.11.24-19.36.22:257][641]LogWorld: BeginTearingDown for /Game/Mapas/Menu/UEDPIE_0_MainMenu
[2025.11.24-19.36.22:259][641]LogWorld: UWorld::CleanupWorld for MainMenu, bSessionEnded=true, bCleanupResources=true
[2025.11.24-19.36.22:259][641]LogSlate: InvalidateAllWidgets triggered.  All widgets were invalidated
[2025.11.24-19.36.22:340][641]LogAudio: Display: Audio Device unregistered from world 'None'.
[2025.11.24-19.36.22:345][641]LogUObjectHash: Compacting FUObjectHashTables data took   3.89ms
[2025.11.24-19.36.22:346][641]LogPlayLevel: Creating play world package: /Game/Mapas/Fases/MapaInicialAr/UEDPIE_0_MapaInicial
[2025.11.24-19.36.22:349][641]LogPlayLevel: PIE: StaticDuplicateObject took: (0.003100s)
[2025.11.24-19.36.22:350][641]LogAIModule: Creating AISystem for world MapaInicial
[2025.11.24-19.36.22:350][641]LogPlayLevel: PIE: World Init took: (0.001208s)
[2025.11.24-19.36.22:350][641]LogPlayLevel: PIE: Created PIE world by copying editor world from /Game/Mapas/Fases/MapaInicialAr/MapaInicial.MapaInicial to /Game/Mapas/Fases/MapaInicialAr/UEDPIE_0_MapaInicial.MapaInicial (0.004488s)
[2025.11.24-19.36.22:351][641]LogAudio: Display: Audio Device (ID: 16) registered with world 'MapaInicial'.
[2025.11.24-19.36.22:351][641]LogLoad: Game class is 'GameModeRL_C'
[2025.11.24-19.36.22:352][641]LogWorld: Bringing World /Game/Mapas/Fases/MapaInicialAr/UEDPIE_0_MapaInicial.MapaInicial up for play (max tick rate 60) at 2025.11.24-16.36.22
[2025.11.24-19.36.22:352][641]LogWorld: Bringing up level for play took: 0.000735
[2025.11.24-19.36.22:355][641]LogLoad: Took 0.097022 seconds to LoadMap(/Game/Mapas/Fases/MapaInicialAr/UEDPIE_0_MapaInicial)
[2025.11.24-19.36.26:747][900]LogSlate: Updating window title bar state: overlay mode, drag disabled, window buttons hidden, title bar hidden
[2025.11.24-19.36.26:747][900]LogWorld: BeginTearingDown for /Game/Mapas/Fases/MapaInicialAr/UEDPIE_0_MapaInicial
[2025.11.24-19.36.26:748][900]LogSlate: Window 'ColunaDoendoSamurai Preview [NetMode: Standalone]  (64-bit/Windows) ' being destroyed
[2025.11.24-19.36.26:755][900]LogWorld: UWorld::CleanupWorld for MapaInicial, bSessionEnded=true, bCleanupResources=true
[2025.11.24-19.36.26:756][900]LogSlate: InvalidateAllWidgets triggered.  All widgets were invalidated
[2025.11.24-19.36.26:764][900]LogPlayLevel: Display: Shutting down PIE online subsystems
[2025.11.24-19.36.26:779][900]LogSlate: InvalidateAllWidgets triggered.  All widgets were invalidated
[2025.11.24-19.36.26:823][900]LogAudio: Display: Audio Device unregistered from world 'None'.
[2025.11.24-19.36.26:823][900]LogAudioMixer: FMixerPlatformXAudio2::StopAudioStream() called
[2025.11.24-19.36.26:824][900]LogAudioMixer: FMixerPlatformXAudio2::StopAudioStream() called
[2025.11.24-19.36.26:832][900]LogUObjectHash: Compacting FUObjectHashTables data took   3.82ms
[2025.11.24-19.36.26:855][901]LogPlayLevel: Display: Destroying online subsystem :Context_32
[2025.11.24-19.36.37:976][557]LogTemp: Repeating last play command: Selected Viewport
[2025.11.24-19.36.37:983][557]LogPlayLevel: PlayLevel: No blueprints needed recompiling
[2025.11.24-19.36.37:983][557]PIE: New page: PIE session: MainMenu (Nov 24, 2025, 1:36:37 PM)
[2025.11.24-19.36.37:983][557]LogPlayLevel: Creating play world package: /Game/Mapas/Menu/UEDPIE_0_MainMenu
[2025.11.24-19.36.37:986][557]LogPlayLevel: PIE: StaticDuplicateObject took: (0.001997s)
[2025.11.24-19.36.37:987][557]LogAIModule: Creating AISystem for world MainMenu
[2025.11.24-19.36.37:987][557]LogPlayLevel: PIE: World Init took: (0.001487s)
[2025.11.24-19.36.37:987][557]LogPlayLevel: PIE: Created PIE world by copying editor world from /Game/Mapas/Menu/MainMenu.MainMenu to /Game/Mapas/Menu/UEDPIE_0_MainMenu.MainMenu (0.003682s)
[2025.11.24-19.36.38:036][557]LogUObjectHash: Compacting FUObjectHashTables data took   3.67ms
[2025.11.24-19.36.38:037][557]LogAudio: Display: Creating Audio Device:                 Id: 17, Scope: Unique, Realtime: True
[2025.11.24-19.36.38:037][557]LogAudioMixer: Display: Audio Mixer Platform Settings:
[2025.11.24-19.36.38:037][557]LogAudioMixer: Display: 	Sample Rate:						  48000
[2025.11.24-19.36.38:037][557]LogAudioMixer: Display: 	Callback Buffer Frame Size Requested: 1024
[2025.11.24-19.36.38:037][557]LogAudioMixer: Display: 	Callback Buffer Frame Size To Use:	  1024
[2025.11.24-19.36.38:037][557]LogAudioMixer: Display: 	Number of buffers to queue:			  2
[2025.11.24-19.36.38:037][557]LogAudioMixer: Display: 	Max Channels (voices):				  32
[2025.11.24-19.36.38:037][557]LogAudioMixer: Display: 	Number of Async Source Workers:		  0
[2025.11.24-19.36.38:037][557]LogAudio: Display: AudioDevice MaxSources: 32
[2025.11.24-19.36.38:037][557]LogAudio: Display: Audio Spatialization Plugin: None (built-in).
[2025.11.24-19.36.38:037][557]LogAudio: Display: Audio Reverb Plugin: None (built-in).
[2025.11.24-19.36.38:037][557]LogAudio: Display: Audio Occlusion Plugin: None (built-in).
[2025.11.24-19.36.38:037][557]LogAudioMixer: Display: Initializing audio mixer.
[2025.11.24-19.36.38:043][557]LogAudioMixer: Display: 0: FrontLeft
[2025.11.24-19.36.38:043][557]LogAudioMixer: Display: 1: FrontRight
[2025.11.24-19.36.38:050][557]LogAudioMixer: Display: Using Audio Device Alto-falantes (Realtek(R) Audio)
[2025.11.24-19.36.38:051][557]LogAudioMixer: Display: Initializing Sound Submixes...
[2025.11.24-19.36.38:051][557]LogAudioMixer: Display: Creating Master Submix 'MasterSubmixDefault'
[2025.11.24-19.36.38:051][557]LogAudioMixer: Display: Creating Master Submix 'MasterReverbSubmixDefault'
[2025.11.24-19.36.38:051][557]LogAudioMixer: Display: Creating Master Submix 'MasterEQSubmixDefault'
[2025.11.24-19.36.38:051][557]LogAudioMixer: FMixerPlatformXAudio2::StartAudioStream() called
[2025.11.24-19.36.38:051][557]LogAudioMixer: Display: Output buffers initialized: Frames=1024, Channels=2, Samples=2048
[2025.11.24-19.36.38:053][557]LogAudioMixer: Display: Starting AudioMixerPlatformInterface::RunInternal()
[2025.11.24-19.36.38:053][557]LogAudioMixer: Display: FMixerPlatformXAudio2::SubmitBuffer() called for the first time
[2025.11.24-19.36.38:053][557]LogInit: FAudioDevice initialized.
[2025.11.24-19.36.38:053][557]LogAudio: Display: Audio Device (ID: 17) registered with world 'MainMenu'.
[2025.11.24-19.36.38:108][557]LogSlate: Updating window title bar state: overlay mode, drag disabled, window buttons hidden, title bar hidden
[2025.11.24-19.36.38:108][557]LogLoad: Game class is 'GameMode'
[2025.11.24-19.36.38:109][557]LogWorld: Bringing World /Game/Mapas/Menu/UEDPIE_0_MainMenu.MainMenu up for play (max tick rate 60) at 2025.11.24-16.36.38
[2025.11.24-19.36.38:109][557]LogWorld: Bringing up level for play took: 0.000640
[2025.11.24-19.36.38:109][557]LogOnline: OSS: Creating online subsystem instance for: :Context_33
[2025.11.24-19.36.38:111][557]LogGameMode: FindPlayerStart: PATHS NOT DEFINED or NO PLAYERSTART with positive rating
[2025.11.24-19.36.38:112][557]LogGameMode: Display: Match State Changed from EnteringMap to WaitingToStart
[2025.11.24-19.36.38:112][557]LogGameState: Match State Changed from EnteringMap to WaitingToStart
[2025.11.24-19.36.38:112][557]LogGameMode: Display: Match State Changed from WaitingToStart to InProgress
[2025.11.24-19.36.38:113][557]LogGameState: Match State Changed from WaitingToStart to InProgress
[2025.11.24-19.36.38:114][557]PIE: Server logged in
[2025.11.24-19.36.38:115][557]PIE: Play in editor total start time 0.133 seconds.
[2025.11.24-19.36.41:892][780]LogGameMode: Display: Match State Changed from InProgress to LeavingMap
[2025.11.24-19.36.41:892][780]LogGameState: Match State Changed from InProgress to LeavingMap
[2025.11.24-19.36.41:892][780]LogNet: Browse: /Game/Mapas/Fases/MapaInicialAr/MapaInicial
[2025.11.24-19.36.41:892][780]LogLoad: LoadMap: /Game/Mapas/Fases/MapaInicialAr/MapaInicial
[2025.11.24-19.36.41:892][780]LogWorld: BeginTearingDown for /Game/Mapas/Menu/UEDPIE_0_MainMenu
[2025.11.24-19.36.41:893][780]LogWorld: UWorld::CleanupWorld for MainMenu, bSessionEnded=true, bCleanupResources=true
[2025.11.24-19.36.41:893][780]LogSlate: InvalidateAllWidgets triggered.  All widgets were invalidated
[2025.11.24-19.36.41:981][780]LogAudio: Display: Audio Device unregistered from world 'None'.
[2025.11.24-19.36.41:985][780]LogUObjectHash: Compacting FUObjectHashTables data took   4.28ms
[2025.11.24-19.36.41:986][780]LogPlayLevel: Creating play world package: /Game/Mapas/Fases/MapaInicialAr/UEDPIE_0_MapaInicial
[2025.11.24-19.36.41:990][780]LogPlayLevel: PIE: StaticDuplicateObject took: (0.003031s)
[2025.11.24-19.36.41:991][780]LogAIModule: Creating AISystem for world MapaInicial
[2025.11.24-19.36.41:991][780]LogPlayLevel: PIE: World Init took: (0.001212s)
[2025.11.24-19.36.41:991][780]LogPlayLevel: PIE: Created PIE world by copying editor world from /Game/Mapas/Fases/MapaInicialAr/MapaInicial.MapaInicial to /Game/Mapas/Fases/MapaInicialAr/UEDPIE_0_MapaInicial.MapaInicial (0.004420s)
[2025.11.24-19.36.41:991][780]LogAudio: Display: Audio Device (ID: 17) registered with world 'MapaInicial'.
[2025.11.24-19.36.41:991][780]LogLoad: Game class is 'GameModeRL_C'
[2025.11.24-19.36.41:992][780]LogWorld: Bringing World /Game/Mapas/Fases/MapaInicialAr/UEDPIE_0_MapaInicial.MapaInicial up for play (max tick rate 60) at 2025.11.24-16.36.41
[2025.11.24-19.36.41:992][780]LogWorld: Bringing up level for play took: 0.000644
[2025.11.24-19.36.41:994][780]LogLoad: Took 0.101484 seconds to LoadMap(/Game/Mapas/Fases/MapaInicialAr/UEDPIE_0_MapaInicial)
[2025.11.24-19.36.44:157][907]LogSlate: Updating window title bar state: overlay mode, drag disabled, window buttons hidden, title bar hidden
[2025.11.24-19.36.44:157][907]LogWorld: BeginTearingDown for /Game/Mapas/Fases/MapaInicialAr/UEDPIE_0_MapaInicial
[2025.11.24-19.36.44:157][907]LogSlate: Window 'ColunaDoendoSamurai Preview [NetMode: Standalone]  (64-bit/Windows) ' being destroyed
[2025.11.24-19.36.44:165][907]LogWorld: UWorld::CleanupWorld for MapaInicial, bSessionEnded=true, bCleanupResources=true
[2025.11.24-19.36.44:166][907]LogSlate: InvalidateAllWidgets triggered.  All widgets were invalidated
[2025.11.24-19.36.44:175][907]LogPlayLevel: Display: Shutting down PIE online subsystems
[2025.11.24-19.36.44:190][907]LogSlate: InvalidateAllWidgets triggered.  All widgets were invalidated
[2025.11.24-19.36.44:233][907]LogAudioMixer: FMixerPlatformXAudio2::StopAudioStream() called
[2025.11.24-19.36.44:234][907]LogAudioMixer: FMixerPlatformXAudio2::StopAudioStream() called
[2025.11.24-19.36.44:241][907]LogUObjectHash: Compacting FUObjectHashTables data took   4.05ms
[2025.11.24-19.36.44:272][908]LogPlayLevel: Display: Destroying online subsystem :Context_33
[2025.11.24-19.37.01:685][923]BlueprintLog: New page: Compile AudioActor
[2025.11.24-19.37.01:769][923]LogUObjectHash: Compacting FUObjectHashTables data took   3.86ms
[2025.11.24-19.37.01:822][923]Cmd: OBJ SAVEPACKAGE PACKAGE="/Game/Audios/AudioActor" FILE="E:/Unreal/Fumec_DevGames/Content/Audios/AudioActor.uasset" SILENT=true
[2025.11.24-19.37.01:832][923]LogSavePackage: Moving 'E:/Unreal/Fumec_DevGames/Saved/AudioActor837D25EB46D68E95087B5AAE544BC218.tmp' to 'E:/Unreal/Fumec_DevGames/Content/Audios/AudioActor.uasset'
[2025.11.24-19.37.01:853][923]AssetCheck: New page: Asset Save: AudioActor
[2025.11.24-19.37.01:853][923]LogContentValidation: Display: Validating Blueprint /Game/Audios/AudioActor.AudioActor
[2025.11.24-19.37.02:074][934]Cmd: OBJ SAVEPACKAGE PACKAGE="/Game/Audios/AudioActor" FILE="E:/Unreal/Fumec_DevGames/Content/Audios/AudioActor.uasset" SILENT=true
[2025.11.24-19.37.02:084][934]LogSavePackage: Moving 'E:/Unreal/Fumec_DevGames/Saved/AudioActorA8F5F10448AA0808CA98FE8F6DDA63F8.tmp' to 'E:/Unreal/Fumec_DevGames/Content/Audios/AudioActor.uasset'
[2025.11.24-19.37.02:103][934]AssetCheck: New page: Asset Save: AudioActor
[2025.11.24-19.37.02:103][934]LogContentValidation: Display: Validating Blueprint /Game/Audios/AudioActor.AudioActor
[2025.11.24-19.37.37:368][  0]LogUObjectHash: Compacting FUObjectHashTables data took   5.29ms
[2025.11.24-19.37.38:960][  0]LogSlate: Window 'Save Content' being destroyed
[2025.11.24-19.37.39:002][  0]Cmd: OBJ SAVEPACKAGE PACKAGE="/Game/Audios/AudioActor" FILE="E:/Unreal/Fumec_DevGames/Content/Audios/AudioActor.uasset" SILENT=true
[2025.11.24-19.37.39:012][  0]LogSavePackage: Moving 'E:/Unreal/Fumec_DevGames/Saved/AudioActor3AF0FEE94450023EBD287597BD3DD8E1.tmp' to 'E:/Unreal/Fumec_DevGames/Content/Audios/AudioActor.uasset'
[2025.11.24-19.37.39:013][  0]Cmd: OBJ SAVEPACKAGE PACKAGE="/Game/Mapas/Menu/MainMenu" FILE="E:/Unreal/Fumec_DevGames/Content/Mapas/Menu/MainMenu.umap" SILENT=true AUTOSAVING=false KEEPDIRTY=false
[2025.11.24-19.37.39:060][  0]LogUObjectHash: Compacting FUObjectHashTables data took   0.93ms
[2025.11.24-19.37.39:067][  0]LogSavePackage: Moving 'E:/Unreal/Fumec_DevGames/Saved/MainMenuA1AA7C824E5AD3B522ECEFAEC54185AB.tmp' to 'E:/Unreal/Fumec_DevGames/Content/Mapas/Menu/MainMenu.umap'
[2025.11.24-19.37.39:087][  0]LogFileHelpers: Saving map 'MainMenu' took 0.075
[2025.11.24-19.37.39:087][  0]Cmd: OBJ SAVEPACKAGE PACKAGE="/Game/Mapas/Fases/MapaInicialAr/MapaInicial" FILE="E:/Unreal/Fumec_DevGames/Content/Mapas/Fases/MapaInicialAr/MapaInicial.umap" SILENT=true AUTOSAVING=false KEEPDIRTY=false
[2025.11.24-19.37.39:136][  0]LogUObjectHash: Compacting FUObjectHashTables data took   3.00ms
[2025.11.24-19.37.39:147][  0]LogSavePackage: Moving 'E:/Unreal/Fumec_DevGames/Saved/MapaInicial974024BE4EAE641BC24B52BFD8593A0B.tmp' to 'E:/Unreal/Fumec_DevGames/Content/Mapas/Fases/MapaInicialAr/MapaInicial.umap'
[2025.11.24-19.37.39:149][  0]LogFileHelpers: Saving map 'MapaInicial' took 0.062
[2025.11.24-19.37.39:185][  0]LogAssetEditorSubsystem: Opening Asset editor for World /Game/Mapas/Fases/MapaInicialAr/MapaInicial.MapaInicial
[2025.11.24-19.37.39:186][  0]Cmd: MAP LOAD FILE="E:/Unreal/Fumec_DevGames/Content/Mapas/Fases/MapaInicialAr/MapaInicial.umap" TEMPLATE=0 SHOWPROGRESS=1 FEATURELEVEL=3
[2025.11.24-19.37.39:186][  0]LightingResults: New page: Lighting Build
[2025.11.24-19.37.39:186][  0]LoadErrors: New page: Loading map: MapaInicial.umap
[2025.11.24-19.37.39:198][  0]LogWorld: UWorld::CleanupWorld for World_28, bSessionEnded=true, bCleanupResources=true
[2025.11.24-19.37.39:198][  0]LogSlate: InvalidateAllWidgets triggered.  All widgets were invalidated
[2025.11.24-19.37.39:245][  0]LogWorld: UWorld::CleanupWorld for MainMenu, bSessionEnded=true, bCleanupResources=true
[2025.11.24-19.37.39:245][  0]LogSlate: InvalidateAllWidgets triggered.  All widgets were invalidated
[2025.11.24-19.37.39:246][  0]MapCheck: New page: Map Check
[2025.11.24-19.37.39:246][  0]LightingResults: New page: Lighting Build
[2025.11.24-19.37.39:287][  0]LogAudio: Display: Audio Device unregistered from world 'None'.
[2025.11.24-19.37.39:297][  0]LogUObjectHash: Compacting FUObjectHashTables data took   4.51ms
[2025.11.24-19.37.39:343][  0]LogUObjectHash: Compacting FUObjectHashTables data took   4.21ms
[2025.11.24-19.37.39:387][  0]LogUObjectHash: Compacting FUObjectHashTables data took   3.68ms
[2025.11.24-19.37.39:389][  0]LogAudio: Display: Audio Device (ID: 1) registered with world 'MapaInicial'.
[2025.11.24-19.37.39:529][  0]LogEditorServer: Finished looking for orphan Actors (0.000 secs)
[2025.11.24-19.37.39:529][  0]LogAIModule: Creating AISystem for world MapaInicial
[2025.11.24-19.37.39:577][  0]LogUObjectHash: Compacting FUObjectHashTables data took   3.69ms
[2025.11.24-19.37.39:595][  0]Cmd: MAP CHECKDEP NOCLEARLOG
[2025.11.24-19.37.39:597][  0]MapCheck: Map check complete: 0 Error(s), 0 Warning(s), took 1.245ms to complete.
[2025.11.24-19.37.39:597][  0]LogFileHelpers: Loading map 'MapaInicial' took 0.411
[2025.11.24-19.37.39:635][  0]AssetCheck: New page: Asset Save: multiple assets
[2025.11.24-19.37.39:635][  0]LogContentValidation: Display: Validating World /Game/Mapas/Fases/MapaInicialAr/MapaInicial.MapaInicial
[2025.11.24-19.37.39:635][  0]LogContentValidation: Display: Validating Blueprint /Game/Audios/AudioActor.AudioActor
[2025.11.24-19.37.39:635][  0]LogContentValidation: Display: Validating World /Game/Mapas/Menu/MainMenu.MainMenu
[2025.11.24-19.37.43:816][242]LogAssetEditorSubsystem: Opening Asset editor for LevelScriptBlueprint /Game/Mapas/Fases/MapaInicialAr/MapaInicial.MapaInicial:PersistentLevel.MapaInicial
[2025.11.24-19.37.47:736][438]LogSlate: Window 'MapaInicial' being destroyed
[2025.11.24-19.38.01:786][134]LogAudioDerivedData: Display: Building compressed audio format OGG hash OGG10000-1-1-1-1-1 wave FundoBoss...
[2025.11.24-19.38.01:909][134]LogAudioDerivedData: Display: Compression Quality for SoundWave /Game/Audios/FundoBoss.FundoBoss will be modified from 40 to 40.
[2025.11.24-19.38.02:661][134]LogAudioDerivedData: Display: Updated SoundWave->RawPCMDataSize from 0 to 9071992 while cooking SoundWave /Game/Audios/FundoBoss.FundoBoss.
[2025.11.24-19.38.02:989][152]BlueprintLog: New page: Compile MapaInicial
[2025.11.24-19.38.03:065][152]LogUObjectHash: Compacting FUObjectHashTables data took   4.18ms
[2025.11.24-19.38.03:093][152]Cmd: OBJ SAVEPACKAGE PACKAGE="/Game/Mapas/Fases/MapaInicialAr/MapaInicial" FILE="E:/Unreal/Fumec_DevGames/Content/Mapas/Fases/MapaInicialAr/MapaInicial.umap" SILENT=true AUTOSAVING=false KEEPDIRTY=false
[2025.11.24-19.38.03:137][152]LogUObjectHash: Compacting FUObjectHashTables data took   0.88ms
[2025.11.24-19.38.03:149][152]LogSavePackage: Moving 'E:/Unreal/Fumec_DevGames/Saved/MapaInicialA5CFBA8E47D78EAB65AE72A2F988B851.tmp' to 'E:/Unreal/Fumec_DevGames/Content/Mapas/Fases/MapaInicialAr/MapaInicial.umap'
[2025.11.24-19.38.03:171][152]LogFileHelpers: Saving map 'MapaInicial' took 0.078
[2025.11.24-19.38.03:188][152]AssetCheck: New page: Asset Save: MapaInicial
[2025.11.24-19.38.03:188][152]LogContentValidation: Display: Validating World /Game/Mapas/Fases/MapaInicialAr/MapaInicial.MapaInicial
[2025.11.24-19.38.04:057][204]LogTemp: Repeating last play command: Selected Viewport
[2025.11.24-19.38.04:064][204]LogPlayLevel: PlayLevel: No blueprints needed recompiling
[2025.11.24-19.38.04:064][204]PIE: New page: PIE session: MapaInicial (Nov 24, 2025, 1:38:04 PM)
[2025.11.24-19.38.04:064][204]LogPlayLevel: Creating play world package: /Game/Mapas/Fases/MapaInicialAr/UEDPIE_0_MapaInicial
[2025.11.24-19.38.04:068][204]LogPlayLevel: PIE: StaticDuplicateObject took: (0.003954s)
[2025.11.24-19.38.04:069][204]LogAIModule: Creating AISystem for world MapaInicial
[2025.11.24-19.38.04:069][204]LogPlayLevel: PIE: World Init took: (0.001221s)
[2025.11.24-19.38.04:069][204]LogPlayLevel: PIE: Created PIE world by copying editor world from /Game/Mapas/Fases/MapaInicialAr/MapaInicial.MapaInicial to /Game/Mapas/Fases/MapaInicialAr/UEDPIE_0_MapaInicial.MapaInicial (0.005327s)
[2025.11.24-19.38.04:118][204]LogUObjectHash: Compacting FUObjectHashTables data took   4.24ms
[2025.11.24-19.38.04:118][204]LogAudio: Display: Creating Audio Device:                 Id: 18, Scope: Unique, Realtime: True
[2025.11.24-19.38.04:118][204]LogAudioMixer: Display: Audio Mixer Platform Settings:
[2025.11.24-19.38.04:118][204]LogAudioMixer: Display: 	Sample Rate:						  48000
[2025.11.24-19.38.04:118][204]LogAudioMixer: Display: 	Callback Buffer Frame Size Requested: 1024
[2025.11.24-19.38.04:118][204]LogAudioMixer: Display: 	Callback Buffer Frame Size To Use:	  1024
[2025.11.24-19.38.04:118][204]LogAudioMixer: Display: 	Number of buffers to queue:			  2
[2025.11.24-19.38.04:118][204]LogAudioMixer: Display: 	Max Channels (voices):				  32
[2025.11.24-19.38.04:118][204]LogAudioMixer: Display: 	Number of Async Source Workers:		  0
[2025.11.24-19.38.04:118][204]LogAudio: Display: AudioDevice MaxSources: 32
[2025.11.24-19.38.04:119][204]LogAudio: Display: Audio Spatialization Plugin: None (built-in).
[2025.11.24-19.38.04:119][204]LogAudio: Display: Audio Reverb Plugin: None (built-in).
[2025.11.24-19.38.04:119][204]LogAudio: Display: Audio Occlusion Plugin: None (built-in).
[2025.11.24-19.38.04:119][204]LogAudioMixer: Display: Initializing audio mixer.
[2025.11.24-19.38.04:125][204]LogAudioMixer: Display: 0: FrontLeft
[2025.11.24-19.38.04:125][204]LogAudioMixer: Display: 1: FrontRight
[2025.11.24-19.38.04:133][204]LogAudioMixer: Display: Using Audio Device Alto-falantes (Realtek(R) Audio)
[2025.11.24-19.38.04:133][204]LogAudioMixer: Display: Initializing Sound Submixes...
[2025.11.24-19.38.04:133][204]LogAudioMixer: Display: Creating Master Submix 'MasterSubmixDefault'
[2025.11.24-19.38.04:133][204]LogAudioMixer: Display: Creating Master Submix 'MasterReverbSubmixDefault'
[2025.11.24-19.38.04:135][204]LogAudioMixer: Display: Creating Master Submix 'MasterEQSubmixDefault'
[2025.11.24-19.38.04:135][204]LogAudioMixer: FMixerPlatformXAudio2::StartAudioStream() called
[2025.11.24-19.38.04:135][204]LogAudioMixer: Display: Output buffers initialized: Frames=1024, Channels=2, Samples=2048
[2025.11.24-19.38.04:136][204]LogAudioMixer: Display: Starting AudioMixerPlatformInterface::RunInternal()
[2025.11.24-19.38.04:136][204]LogAudioMixer: Display: FMixerPlatformXAudio2::SubmitBuffer() called for the first time
[2025.11.24-19.38.04:136][204]LogInit: FAudioDevice initialized.
[2025.11.24-19.38.04:136][204]LogAudio: Display: Audio Device (ID: 18) registered with world 'MapaInicial'.
[2025.11.24-19.38.04:172][204]LogSlate: Updating window title bar state: overlay mode, drag disabled, window buttons hidden, title bar hidden
[2025.11.24-19.38.04:173][204]LogLoad: Game class is 'GameModeRL_C'
[2025.11.24-19.38.04:174][204]LogWorld: Bringing World /Game/Mapas/Fases/MapaInicialAr/UEDPIE_0_MapaInicial.MapaInicial up for play (max tick rate 60) at 2025.11.24-16.38.04
[2025.11.24-19.38.04:174][204]LogWorld: Bringing up level for play took: 0.000936
[2025.11.24-19.38.04:174][204]LogOnline: OSS: Creating online subsystem instance for: :Context_35
[2025.11.24-19.38.04:178][204]LogScript: Warning: Script Msg: Attempted to access index 0 from array 'CallFunc_GetAllActorsOfClass_OutActors' of length 0 in '/Game/Mapas/Fases/MapaInicialAr/MapaInicial.MapaInicial_C:ExecuteUbergraph_MapaInicial'!
[2025.11.24-19.38.04:180][204]PIE: Server logged in
[2025.11.24-19.38.04:181][204]PIE: Play in editor total start time 0.118 seconds.
[2025.11.24-19.38.04:208][205]LogRenderer: Reallocating scene render targets to support 1188x784 Format 10 NumSamples 1 (Frame:1).
[2025.11.24-19.38.10:541][578]LogSlate: Window 'ColunaDoendoSamurai Preview [NetMode: Standalone]  (64-bit/Windows) ' being destroyed
[2025.11.24-19.38.10:550][578]LogWorld: BeginTearingDown for /Game/Mapas/Fases/MapaInicialAr/UEDPIE_0_MapaInicial
[2025.11.24-19.38.10:550][578]LogWorld: UWorld::CleanupWorld for MapaInicial, bSessionEnded=true, bCleanupResources=true
[2025.11.24-19.38.10:550][578]LogSlate: InvalidateAllWidgets triggered.  All widgets were invalidated
[2025.11.24-19.38.10:557][578]LogPlayLevel: Display: Shutting down PIE online subsystems
[2025.11.24-19.38.10:565][578]LogSlate: InvalidateAllWidgets triggered.  All widgets were invalidated
[2025.11.24-19.38.10:608][578]LogAudioMixer: FMixerPlatformXAudio2::StopAudioStream() called
[2025.11.24-19.38.10:610][578]LogAudioMixer: FMixerPlatformXAudio2::StopAudioStream() called
[2025.11.24-19.38.10:617][578]LogUObjectHash: Compacting FUObjectHashTables data took   4.21ms
[2025.11.24-19.38.10:643][579]LogPlayLevel: Display: Destroying online subsystem :Context_35
[2025.11.24-19.38.12:313][674]Cmd: OBJ SAVEPACKAGE PACKAGE="/Game/Mapas/Fases/MapaInicialAr/MapaInicial" FILE="E:/Unreal/Fumec_DevGames/Content/Mapas/Fases/MapaInicialAr/MapaInicial.umap" SILENT=true AUTOSAVING=false KEEPDIRTY=false
[2025.11.24-19.38.12:360][674]LogUObjectHash: Compacting FUObjectHashTables data took   3.66ms
[2025.11.24-19.38.12:372][674]LogSavePackage: Moving 'E:/Unreal/Fumec_DevGames/Saved/MapaInicial03B479D9405A966C9BAC13914B23D241.tmp' to 'E:/Unreal/Fumec_DevGames/Content/Mapas/Fases/MapaInicialAr/MapaInicial.umap'
[2025.11.24-19.38.12:392][674]LogFileHelpers: Saving map 'MapaInicial' took 0.079
[2025.11.24-19.38.12:407][674]AssetCheck: New page: Asset Save: MapaInicial
[2025.11.24-19.38.12:407][674]LogContentValidation: Display: Validating World /Game/Mapas/Fases/MapaInicialAr/MapaInicial.MapaInicial
[2025.11.24-19.38.21:065][165]LogTemp: Repeating last play command: Selected Viewport
[2025.11.24-19.38.21:073][165]LogPlayLevel: PlayLevel: No blueprints needed recompiling
[2025.11.24-19.38.21:073][165]PIE: New page: PIE session: MapaInicial (Nov 24, 2025, 1:38:21 PM)
[2025.11.24-19.38.21:073][165]LogPlayLevel: Creating play world package: /Game/Mapas/Fases/MapaInicialAr/UEDPIE_0_MapaInicial
[2025.11.24-19.38.21:076][165]LogPlayLevel: PIE: StaticDuplicateObject took: (0.003666s)
[2025.11.24-19.38.21:077][165]LogAIModule: Creating AISystem for world MapaInicial
[2025.11.24-19.38.21:078][165]LogPlayLevel: PIE: World Init took: (0.001218s)
[2025.11.24-19.38.21:078][165]LogPlayLevel: PIE: Created PIE world by copying editor world from /Game/Mapas/Fases/MapaInicialAr/MapaInicial.MapaInicial to /Game/Mapas/Fases/MapaInicialAr/UEDPIE_0_MapaInicial.MapaInicial (0.005050s)
[2025.11.24-19.38.21:123][165]LogUObjectHash: Compacting FUObjectHashTables data took   3.69ms
[2025.11.24-19.38.21:123][165]LogAudio: Display: Creating Audio Device:                 Id: 19, Scope: Unique, Realtime: True
[2025.11.24-19.38.21:123][165]LogAudioMixer: Display: Audio Mixer Platform Settings:
[2025.11.24-19.38.21:123][165]LogAudioMixer: Display: 	Sample Rate:						  48000
[2025.11.24-19.38.21:125][165]LogAudioMixer: Display: 	Callback Buffer Frame Size Requested: 1024
[2025.11.24-19.38.21:125][165]LogAudioMixer: Display: 	Callback Buffer Frame Size To Use:	  1024
[2025.11.24-19.38.21:125][165]LogAudioMixer: Display: 	Number of buffers to queue:			  2
[2025.11.24-19.38.21:125][165]LogAudioMixer: Display: 	Max Channels (voices):				  32
[2025.11.24-19.38.21:125][165]LogAudioMixer: Display: 	Number of Async Source Workers:		  0
[2025.11.24-19.38.21:125][165]LogAudio: Display: AudioDevice MaxSources: 32
[2025.11.24-19.38.21:125][165]LogAudio: Display: Audio Spatialization Plugin: None (built-in).
[2025.11.24-19.38.21:125][165]LogAudio: Display: Audio Reverb Plugin: None (built-in).
[2025.11.24-19.38.21:125][165]LogAudio: Display: Audio Occlusion Plugin: None (built-in).
[2025.11.24-19.38.21:125][165]LogAudioMixer: Display: Initializing audio mixer.
[2025.11.24-19.38.21:130][165]LogAudioMixer: Display: 0: FrontLeft
[2025.11.24-19.38.21:130][165]LogAudioMixer: Display: 1: FrontRight
[2025.11.24-19.38.21:138][165]LogAudioMixer: Display: Using Audio Device Alto-falantes (Realtek(R) Audio)
[2025.11.24-19.38.21:138][165]LogAudioMixer: Display: Initializing Sound Submixes...
[2025.11.24-19.38.21:138][165]LogAudioMixer: Display: Creating Master Submix 'MasterSubmixDefault'
[2025.11.24-19.38.21:138][165]LogAudioMixer: Display: Creating Master Submix 'MasterReverbSubmixDefault'
[2025.11.24-19.38.21:139][165]LogAudioMixer: Display: Creating Master Submix 'MasterEQSubmixDefault'
[2025.11.24-19.38.21:139][165]LogAudioMixer: FMixerPlatformXAudio2::StartAudioStream() called
[2025.11.24-19.38.21:139][165]LogAudioMixer: Display: Output buffers initialized: Frames=1024, Channels=2, Samples=2048
[2025.11.24-19.38.21:140][165]LogAudioMixer: Display: Starting AudioMixerPlatformInterface::RunInternal()
[2025.11.24-19.38.21:141][165]LogAudioMixer: Display: FMixerPlatformXAudio2::SubmitBuffer() called for the first time
[2025.11.24-19.38.21:141][165]LogInit: FAudioDevice initialized.
[2025.11.24-19.38.21:141][165]LogAudio: Display: Audio Device (ID: 19) registered with world 'MapaInicial'.
[2025.11.24-19.38.21:150][165]LogLoad: Game class is 'GameModeRL_C'
[2025.11.24-19.38.21:151][165]LogWorld: Bringing World /Game/Mapas/Fases/MapaInicialAr/UEDPIE_0_MapaInicial.MapaInicial up for play (max tick rate 60) at 2025.11.24-16.38.21
[2025.11.24-19.38.21:151][165]LogWorld: Bringing up level for play took: 0.000646
[2025.11.24-19.38.21:151][165]LogOnline: OSS: Creating online subsystem instance for: :Context_36
[2025.11.24-19.38.21:156][165]PIE: Server logged in
[2025.11.24-19.38.21:157][165]PIE: Play in editor total start time 0.086 seconds.
[2025.11.24-19.38.29:493][665]LogNet: Browse: /Game/Mapas/Fases/MapadeTeste/MapadeTeste
[2025.11.24-19.38.29:493][665]LogLoad: LoadMap: /Game/Mapas/Fases/MapadeTeste/MapadeTeste
[2025.11.24-19.38.29:493][665]LogWorld: BeginTearingDown for /Game/Mapas/Fases/MapaInicialAr/UEDPIE_0_MapaInicial
[2025.11.24-19.38.29:493][665]LogWorld: UWorld::CleanupWorld for MapaInicial, bSessionEnded=true, bCleanupResources=true
[2025.11.24-19.38.29:493][665]LogSlate: InvalidateAllWidgets triggered.  All widgets were invalidated
[2025.11.24-19.38.29:569][665]LogAudio: Display: Audio Device unregistered from world 'None'.
[2025.11.24-19.38.29:573][665]LogUObjectHash: Compacting FUObjectHashTables data took   3.65ms
[2025.11.24-19.38.29:607][665]LogAudio: Display: Audio Device (ID: 19) registered with world 'MapadeTeste'.
[2025.11.24-19.38.29:608][665]LogAIModule: Creating AISystem for world MapadeTeste
[2025.11.24-19.38.29:608][665]LogLoad: Game class is 'GameModeRL_C'
[2025.11.24-19.38.29:611][665]LogWorld: Bringing World /Game/Mapas/Fases/MapadeTeste/UEDPIE_0_MapadeTeste.MapadeTeste up for play (max tick rate 60) at 2025.11.24-16.38.29
[2025.11.24-19.38.29:611][665]LogWorld: Bringing up level for play took: 0.002813
[2025.11.24-19.38.29:615][665]LogLoad: Took 0.121287 seconds to LoadMap(/Game/Mapas/Fases/MapadeTeste/MapadeTeste)
[2025.11.24-19.38.31:807][794]LogSlate: Updating window title bar state: overlay mode, drag disabled, window buttons hidden, title bar hidden
[2025.11.24-19.38.31:807][794]LogWorld: BeginTearingDown for /Game/Mapas/Fases/MapadeTeste/UEDPIE_0_MapadeTeste
[2025.11.24-19.38.31:808][794]LogWorld: UWorld::CleanupWorld for MapadeTeste, bSessionEnded=true, bCleanupResources=true
[2025.11.24-19.38.31:808][794]LogSlate: InvalidateAllWidgets triggered.  All widgets were invalidated
[2025.11.24-19.38.31:819][794]LogPlayLevel: Display: Shutting down PIE online subsystems
[2025.11.24-19.38.31:833][794]LogSlate: InvalidateAllWidgets triggered.  All widgets were invalidated
[2025.11.24-19.38.31:877][794]LogAudio: Display: Audio Device unregistered from world 'None'.
[2025.11.24-19.38.31:877][794]LogAudioMixer: FMixerPlatformXAudio2::StopAudioStream() called
[2025.11.24-19.38.31:878][794]LogAudioMixer: FMixerPlatformXAudio2::StopAudioStream() called
[2025.11.24-19.38.31:881][794]LogSlate: Updating window title bar state: overlay mode, drag disabled, window buttons hidden, title bar hidden
[2025.11.24-19.38.31:886][794]LogUObjectHash: Compacting FUObjectHashTables data took   3.92ms
[2025.11.24-19.38.31:925][795]LogPlayLevel: Display: Destroying online subsystem :Context_36
[2025.11.24-19.38.40:868][323]LogUObjectHash: Compacting FUObjectHashTables data took   3.61ms
[2025.11.24-19.38.42:930][323]LogSlate: Window 'Save Content' being destroyed
[2025.11.24-19.38.42:959][323]Cmd: OBJ SAVEPACKAGE PACKAGE="/Game/Mapas/Fases/MapaInicialAr/MapaInicial" FILE="E:/Unreal/Fumec_DevGames/Content/Mapas/Fases/MapaInicialAr/MapaInicial.umap" SILENT=true AUTOSAVING=false KEEPDIRTY=false
[2025.11.24-19.38.43:003][323]LogUObjectHash: Compacting FUObjectHashTables data took   0.88ms
[2025.11.24-19.38.43:016][323]LogSavePackage: Moving 'E:/Unreal/Fumec_DevGames/Saved/MapaInicial5D4E139A486B06C1D13351B211AC2677.tmp' to 'E:/Unreal/Fumec_DevGames/Content/Mapas/Fases/MapaInicialAr/MapaInicial.umap'
[2025.11.24-19.38.43:038][323]LogFileHelpers: Saving map 'MapaInicial' took 0.078
[2025.11.24-19.38.43:075][323]LogAssetEditorSubsystem: Opening Asset editor for World /Game/Mapas/Menu/MainMenu.MainMenu
[2025.11.24-19.38.43:075][323]Cmd: MAP LOAD FILE="E:/Unreal/Fumec_DevGames/Content/Mapas/Menu/MainMenu.umap" TEMPLATE=0 SHOWPROGRESS=1 FEATURELEVEL=3
[2025.11.24-19.38.43:075][323]LightingResults: New page: Lighting Build
[2025.11.24-19.38.43:075][323]LoadErrors: New page: Loading map: MainMenu.umap
[2025.11.24-19.38.43:087][323]LogWorld: UWorld::CleanupWorld for World_30, bSessionEnded=true, bCleanupResources=true
[2025.11.24-19.38.43:087][323]LogSlate: InvalidateAllWidgets triggered.  All widgets were invalidated
[2025.11.24-19.38.43:137][323]LogWorld: UWorld::CleanupWorld for MapaInicial, bSessionEnded=true, bCleanupResources=true
[2025.11.24-19.38.43:137][323]LogSlate: InvalidateAllWidgets triggered.  All widgets were invalidated
[2025.11.24-19.38.43:137][323]MapCheck: New page: Map Check
[2025.11.24-19.38.43:137][323]LightingResults: New page: Lighting Build
[2025.11.24-19.38.43:179][323]LogAudio: Display: Audio Device unregistered from world 'None'.
[2025.11.24-19.38.43:188][323]LogUObjectHash: Compacting FUObjectHashTables data took   4.27ms
[2025.11.24-19.38.43:189][323]LogAudio: Display: Audio Device (ID: 1) registered with world 'MainMenu'.
[2025.11.24-19.38.43:289][323]LogEditorServer: Finished looking for orphan Actors (0.000 secs)
[2025.11.24-19.38.43:289][323]LogAIModule: Creating AISystem for world MainMenu
[2025.11.24-19.38.43:337][323]LogUObjectHash: Compacting FUObjectHashTables data took   3.72ms
[2025.11.24-19.38.43:355][323]Cmd: MAP CHECKDEP NOCLEARLOG
[2025.11.24-19.38.43:355][323]MapCheck: Map check complete: 0 Error(s), 0 Warning(s), took 0.088ms to complete.
[2025.11.24-19.38.43:355][323]LogFileHelpers: Loading map 'MainMenu' took 0.281
[2025.11.24-19.38.43:393][323]AssetCheck: New page: Asset Save: MapaInicial
[2025.11.24-19.38.43:394][323]LogContentValidation: Display: Validating World /Game/Mapas/Fases/MapaInicialAr/MapaInicial.MapaInicial
[2025.11.24-19.38.44:235][370]LogTemp: Repeating last play command: Selected Viewport
[2025.11.24-19.38.44:243][370]LogPlayLevel: PlayLevel: No blueprints needed recompiling
[2025.11.24-19.38.44:243][370]PIE: New page: PIE session: MainMenu (Nov 24, 2025, 1:38:44 PM)
[2025.11.24-19.38.44:243][370]LogPlayLevel: Creating play world package: /Game/Mapas/Menu/UEDPIE_0_MainMenu
[2025.11.24-19.38.44:245][370]LogPlayLevel: PIE: StaticDuplicateObject took: (0.001637s)
[2025.11.24-19.38.44:245][370]LogAIModule: Creating AISystem for world MainMenu
[2025.11.24-19.38.44:245][370]LogPlayLevel: PIE: World Init took: (0.001158s)
[2025.11.24-19.38.44:245][370]LogPlayLevel: PIE: Created PIE world by copying editor world from /Game/Mapas/Menu/MainMenu.MainMenu to /Game/Mapas/Menu/UEDPIE_0_MainMenu.MainMenu (0.002946s)
[2025.11.24-19.38.44:291][370]LogUObjectHash: Compacting FUObjectHashTables data took   4.12ms
[2025.11.24-19.38.44:292][370]LogAudio: Display: Creating Audio Device:                 Id: 20, Scope: Unique, Realtime: True
[2025.11.24-19.38.44:292][370]LogAudioMixer: Display: Audio Mixer Platform Settings:
[2025.11.24-19.38.44:292][370]LogAudioMixer: Display: 	Sample Rate:						  48000
[2025.11.24-19.38.44:292][370]LogAudioMixer: Display: 	Callback Buffer Frame Size Requested: 1024
[2025.11.24-19.38.44:292][370]LogAudioMixer: Display: 	Callback Buffer Frame Size To Use:	  1024
[2025.11.24-19.38.44:292][370]LogAudioMixer: Display: 	Number of buffers to queue:			  2
[2025.11.24-19.38.44:292][370]LogAudioMixer: Display: 	Max Channels (voices):				  32
[2025.11.24-19.38.44:292][370]LogAudioMixer: Display: 	Number of Async Source Workers:		  0
[2025.11.24-19.38.44:292][370]LogAudio: Display: AudioDevice MaxSources: 32
[2025.11.24-19.38.44:293][370]LogAudio: Display: Audio Spatialization Plugin: None (built-in).
[2025.11.24-19.38.44:293][370]LogAudio: Display: Audio Reverb Plugin: None (built-in).
[2025.11.24-19.38.44:293][370]LogAudio: Display: Audio Occlusion Plugin: None (built-in).
[2025.11.24-19.38.44:293][370]LogAudioMixer: Display: Initializing audio mixer.
[2025.11.24-19.38.44:298][370]LogAudioMixer: Display: 0: FrontLeft
[2025.11.24-19.38.44:298][370]LogAudioMixer: Display: 1: FrontRight
[2025.11.24-19.38.44:306][370]LogAudioMixer: Display: Using Audio Device Alto-falantes (Realtek(R) Audio)
[2025.11.24-19.38.44:306][370]LogAudioMixer: Display: Initializing Sound Submixes...
[2025.11.24-19.38.44:306][370]LogAudioMixer: Display: Creating Master Submix 'MasterSubmixDefault'
[2025.11.24-19.38.44:306][370]LogAudioMixer: Display: Creating Master Submix 'MasterReverbSubmixDefault'
[2025.11.24-19.38.44:307][370]LogAudioMixer: Display: Creating Master Submix 'MasterEQSubmixDefault'
[2025.11.24-19.38.44:307][370]LogAudioMixer: FMixerPlatformXAudio2::StartAudioStream() called
[2025.11.24-19.38.44:307][370]LogAudioMixer: Display: Output buffers initialized: Frames=1024, Channels=2, Samples=2048
[2025.11.24-19.38.44:308][370]LogAudioMixer: Display: Starting AudioMixerPlatformInterface::RunInternal()
[2025.11.24-19.38.44:308][370]LogAudioMixer: Display: FMixerPlatformXAudio2::SubmitBuffer() called for the first time
[2025.11.24-19.38.44:308][370]LogInit: FAudioDevice initialized.
[2025.11.24-19.38.44:308][370]LogAudio: Display: Audio Device (ID: 20) registered with world 'MainMenu'.
[2025.11.24-19.38.44:318][370]LogLoad: Game class is 'GameMode'
[2025.11.24-19.38.44:319][370]LogWorld: Bringing World /Game/Mapas/Menu/UEDPIE_0_MainMenu.MainMenu up for play (max tick rate 60) at 2025.11.24-16.38.44
[2025.11.24-19.38.44:319][370]LogWorld: Bringing up level for play took: 0.000343
[2025.11.24-19.38.44:319][370]LogOnline: OSS: Creating online subsystem instance for: :Context_37
[2025.11.24-19.38.44:322][370]LogGameMode: Display: Match State Changed from EnteringMap to WaitingToStart
[2025.11.24-19.38.44:322][370]LogGameState: Match State Changed from EnteringMap to WaitingToStart
[2025.11.24-19.38.44:322][370]LogGameMode: Display: Match State Changed from WaitingToStart to InProgress
[2025.11.24-19.38.44:323][370]LogGameState: Match State Changed from WaitingToStart to InProgress
[2025.11.24-19.38.44:323][370]PIE: Server logged in
[2025.11.24-19.38.44:323][370]PIE: Play in editor total start time 0.083 seconds.
[2025.11.24-19.38.48:189][602]LogGameMode: Display: Match State Changed from InProgress to LeavingMap
[2025.11.24-19.38.48:189][602]LogGameState: Match State Changed from InProgress to LeavingMap
[2025.11.24-19.38.48:189][602]LogNet: Browse: /Game/Mapas/Fases/MapaInicialAr/MapaInicial
[2025.11.24-19.38.48:189][602]LogLoad: LoadMap: /Game/Mapas/Fases/MapaInicialAr/MapaInicial
[2025.11.24-19.38.48:190][602]LogWorld: BeginTearingDown for /Game/Mapas/Menu/UEDPIE_0_MainMenu
[2025.11.24-19.38.48:190][602]LogWorld: UWorld::CleanupWorld for MainMenu, bSessionEnded=true, bCleanupResources=true
[2025.11.24-19.38.48:190][602]LogSlate: InvalidateAllWidgets triggered.  All widgets were invalidated
[2025.11.24-19.38.48:257][602]LogAudio: Display: Audio Device unregistered from world 'None'.
[2025.11.24-19.38.48:262][602]LogUObjectHash: Compacting FUObjectHashTables data took   3.88ms
[2025.11.24-19.38.48:262][602]LogPlayLevel: Creating play world package: /Game/Mapas/Fases/MapaInicialAr/UEDPIE_0_MapaInicial
[2025.11.24-19.38.48:266][602]LogPlayLevel: PIE: StaticDuplicateObject took: (0.003826s)
[2025.11.24-19.38.48:267][602]LogAIModule: Creating AISystem for world MapaInicial
[2025.11.24-19.38.48:267][602]LogPlayLevel: PIE: World Init took: (0.001157s)
[2025.11.24-19.38.48:267][602]LogPlayLevel: PIE: Created PIE world by copying editor world from /Game/Mapas/Fases/MapaInicialAr/MapaInicial.MapaInicial to /Game/Mapas/Fases/MapaInicialAr/UEDPIE_0_MapaInicial.MapaInicial (0.005147s)
[2025.11.24-19.38.48:267][602]LogAudio: Display: Audio Device (ID: 20) registered with world 'MapaInicial'.
[2025.11.24-19.38.48:267][602]LogLoad: Game class is 'GameModeRL_C'
[2025.11.24-19.38.48:269][602]LogWorld: Bringing World /Game/Mapas/Fases/MapaInicialAr/UEDPIE_0_MapaInicial.MapaInicial up for play (max tick rate 60) at 2025.11.24-16.38.48
[2025.11.24-19.38.48:269][602]LogWorld: Bringing up level for play took: 0.000725
[2025.11.24-19.38.48:271][602]LogLoad: Took 0.081642 seconds to LoadMap(/Game/Mapas/Fases/MapaInicialAr/UEDPIE_0_MapaInicial)
[2025.11.24-19.39.05:476][631]LogSlate: Updating window title bar state: overlay mode, drag disabled, window buttons hidden, title bar hidden
[2025.11.24-19.39.05:476][631]LogWorld: BeginTearingDown for /Game/Mapas/Fases/MapaInicialAr/UEDPIE_0_MapaInicial
[2025.11.24-19.39.05:476][631]LogWorld: UWorld::CleanupWorld for MapaInicial, bSessionEnded=true, bCleanupResources=true
[2025.11.24-19.39.05:477][631]LogSlate: InvalidateAllWidgets triggered.  All widgets were invalidated
[2025.11.24-19.39.05:487][631]LogPlayLevel: Display: Shutting down PIE online subsystems
[2025.11.24-19.39.05:495][631]LogSlate: InvalidateAllWidgets triggered.  All widgets were invalidated
[2025.11.24-19.39.05:537][631]LogSlate: Updating window title bar state: overlay mode, drag disabled, window buttons hidden, title bar hidden
[2025.11.24-19.39.05:537][631]LogAudioMixer: FMixerPlatformXAudio2::StopAudioStream() called
[2025.11.24-19.39.05:539][631]LogAudioMixer: FMixerPlatformXAudio2::StopAudioStream() called
[2025.11.24-19.39.05:546][631]LogUObjectHash: Compacting FUObjectHashTables data took   3.64ms
[2025.11.24-19.39.05:565][632]LogPlayLevel: Display: Destroying online subsystem :Context_37
[2025.11.24-19.39.23:235][630]LogContentBrowser: Attempting asset rename: FundoBoss -> FundoInicial
[2025.11.24-19.39.23:315][630]Cmd: OBJ SAVEPACKAGE PACKAGE="/Game/Audios/FundoInicial" FILE="E:/Unreal/Fumec_DevGames/Content/Audios/FundoInicial.uasset" SILENT=true
[2025.11.24-19.39.23:322][630]LogSavePackage: Moving 'E:/Unreal/Fumec_DevGames/Saved/FundoInicial83301A524494D80FDBEE72AD5A5C361A.tmp' to 'E:/Unreal/Fumec_DevGames/Content/Audios/FundoInicial.uasset'
[2025.11.24-19.39.23:323][630]Cmd: OBJ SAVEPACKAGE PACKAGE="/Game/Audios/FundoBoss" FILE="E:/Unreal/Fumec_DevGames/Content/Audios/FundoBoss.uasset" SILENT=true
[2025.11.24-19.39.23:425][630]LogSavePackage: Moving 'E:/Unreal/Fumec_DevGames/Saved/FundoBoss6F796E7E424C30D2BC147E8BFAD1FBE8.tmp' to 'E:/Unreal/Fumec_DevGames/Content/Audios/FundoBoss.uasset'
[2025.11.24-19.39.23:472][630]AssetCheck: New page: Asset Save: multiple assets
[2025.11.24-19.39.23:472][630]LogContentValidation: Display: Validating SoundWave /Game/Audios/FundoInicial.FundoInicial
[2025.11.24-19.39.23:472][630]LogContentValidation: Display: Validating ObjectRedirector /Game/Audios/FundoBoss.FundoBoss
[2025.11.24-19.39.24:188][672]Cmd: OBJ SAVEPACKAGE PACKAGE="/Game/Audios/FundoInicial" FILE="E:/Unreal/Fumec_DevGames/Content/Audios/FundoInicial.uasset" SILENT=true
[2025.11.24-19.39.24:195][672]LogSavePackage: Moving 'E:/Unreal/Fumec_DevGames/Saved/FundoInicialCC96D17B41597C2C57A42EBA2117073D.tmp' to 'E:/Unreal/Fumec_DevGames/Content/Audios/FundoInicial.uasset'
[2025.11.24-19.39.24:214][672]AssetCheck: New page: Asset Save: FundoInicial
[2025.11.24-19.39.24:214][672]LogContentValidation: Display: Validating SoundWave /Game/Audios/FundoInicial.FundoInicial
[2025.11.24-19.42.39:121][175]LogUObjectHash: Compacting FUObjectHashTables data took   5.02ms
[2025.11.24-19.42.40:325][175]LogSlate: Window 'Save Content' being destroyed
[2025.11.24-19.42.40:365][175]Cmd: OBJ SAVEPACKAGE PACKAGE="/Game/Mapas/Fases/MapaInicialAr/MapaInicial" FILE="E:/Unreal/Fumec_DevGames/Content/Mapas/Fases/MapaInicialAr/MapaInicial.umap" SILENT=true AUTOSAVING=false KEEPDIRTY=false
[2025.11.24-19.42.40:412][175]LogUObjectHash: Compacting FUObjectHashTables data took   3.93ms
[2025.11.24-19.42.41:173][175]LogSavePackage: Moving 'E:/Unreal/Fumec_DevGames/Saved/MapaInicialB419B625430DF2B4117DF9913E514A0A.tmp' to 'E:/Unreal/Fumec_DevGames/Content/Mapas/Fases/MapaInicialAr/MapaInicial.umap'
[2025.11.24-19.42.41:176][175]LogFileHelpers: Saving map 'MapaInicial' took 0.813
[2025.11.24-19.42.41:239][175]LogAssetEditorSubsystem: Opening Asset editor for World /Game/Mapas/Fases/MapadeTeste/MapadeTeste.MapadeTeste
[2025.11.24-19.42.41:240][175]Cmd: MAP LOAD FILE="E:/Unreal/Fumec_DevGames/Content/Mapas/Fases/MapadeTeste/MapadeTeste.umap" TEMPLATE=0 SHOWPROGRESS=1 FEATURELEVEL=3
[2025.11.24-19.42.41:240][175]LightingResults: New page: Lighting Build
[2025.11.24-19.42.41:240][175]LoadErrors: New page: Loading map: MapadeTeste.umap
[2025.11.24-19.42.41:241][175]LogWorld: UWorld::CleanupWorld for MainMenu, bSessionEnded=true, bCleanupResources=true
[2025.11.24-19.42.41:241][175]LogSlate: InvalidateAllWidgets triggered.  All widgets were invalidated
[2025.11.24-19.42.41:241][175]MapCheck: New page: Map Check
[2025.11.24-19.42.41:241][175]LightingResults: New page: Lighting Build
[2025.11.24-19.42.41:281][175]LogAudio: Display: Audio Device unregistered from world 'None'.
[2025.11.24-19.42.41:287][175]LogUObjectHash: Compacting FUObjectHashTables data took   5.04ms
[2025.11.24-19.42.41:336][175]LogUObjectHash: Compacting FUObjectHashTables data took   5.64ms
[2025.11.24-19.42.41:380][175]LogUObjectHash: Compacting FUObjectHashTables data took   3.53ms
[2025.11.24-19.42.41:380][175]LogAudio: Display: Audio Device (ID: 1) registered with world 'MapadeTeste'.
[2025.11.24-19.42.41:505][175]LogEditorServer: Finished looking for orphan Actors (0.000 secs)
[2025.11.24-19.42.41:505][175]LogAIModule: Creating AISystem for world MapadeTeste
[2025.11.24-19.42.41:556][175]LogUObjectHash: Compacting FUObjectHashTables data took   3.66ms
[2025.11.24-19.42.41:579][175]Cmd: MAP CHECKDEP NOCLEARLOG
[2025.11.24-19.42.41:579][175]MapCheck: Map check complete: 0 Error(s), 0 Warning(s), took 0.124ms to complete.
[2025.11.24-19.42.41:579][175]LogFileHelpers: Loading map 'MapadeTeste' took 0.340
[2025.11.24-19.42.41:626][175]AssetCheck: New page: Asset Save: MapaInicial
[2025.11.24-19.42.41:627][175]LogContentValidation: Display: Validating World /Game/Mapas/Fases/MapaInicialAr/MapaInicial.MapaInicial
[2025.11.24-19.42.53:216][851]LogAssetEditorSubsystem: Opening Asset editor for LevelScriptBlueprint /Game/Mapas/Fases/MapadeTeste/MapadeTeste.MapadeTeste:PersistentLevel.MapadeTeste
[2025.11.24-19.42.55:804][976]LogSlate: Window 'MapadeTeste' being destroyed
[2025.11.24-19.42.59:796][215]LogEditorTransaction: Undo Move Node
[2025.11.24-19.43.10:456][829]LogAudioDerivedData: Display: Building compressed audio format OGG hash OGG10000-1-1-1-1-1 wave FundoFaseCogumelo...
[2025.11.24-19.43.10:585][829]LogAudioDerivedData: Display: Compression Quality for SoundWave /Game/Audios/FundoFaseCogumelo.FundoFaseCogumelo will be modified from 40 to 40.
[2025.11.24-19.43.11:625][829]LogAudioDerivedData: Display: Updated SoundWave->RawPCMDataSize from 0 to 11289600 while cooking SoundWave /Game/Audios/FundoFaseCogumelo.FundoFaseCogumelo.
[2025.11.24-19.43.11:657][829]Cmd: OBJ SAVEPACKAGE PACKAGE="/Game/Mapas/Fases/MapadeTeste/MapadeTeste" FILE="E:/Unreal/Fumec_DevGames/Content/Mapas/Fases/MapadeTeste/MapadeTeste.umap" SILENT=true AUTOSAVING=false KEEPDIRTY=false
[2025.11.24-19.43.11:708][829]LogUObjectHash: Compacting FUObjectHashTables data took   4.11ms
[2025.11.24-19.43.11:845][829]LogSavePackage: Moving 'E:/Unreal/Fumec_DevGames/Saved/MapadeTesteA92C482F4C1B6D74868347826D7F6163.tmp' to 'E:/Unreal/Fumec_DevGames/Content/Mapas/Fases/MapadeTeste/MapadeTeste.umap'
[2025.11.24-19.43.11:870][829]LogFileHelpers: Saving map 'MapadeTeste' took 0.214
[2025.11.24-19.43.11:888][829]AssetCheck: New page: Asset Save: MapadeTeste
[2025.11.24-19.43.11:888][829]LogContentValidation: Display: Validating World /Game/Mapas/Fases/MapadeTeste/MapadeTeste.MapadeTeste
[2025.11.24-19.43.48:284][293]BlueprintLog: New page: Compile MapadeTeste
[2025.11.24-19.43.48:358][293]LogUObjectHash: Compacting FUObjectHashTables data took   4.02ms
[2025.11.24-19.43.48:388][293]Cmd: OBJ SAVEPACKAGE PACKAGE="/Game/Mapas/Fases/MapadeTeste/MapadeTeste" FILE="E:/Unreal/Fumec_DevGames/Content/Mapas/Fases/MapadeTeste/MapadeTeste.umap" SILENT=true AUTOSAVING=false KEEPDIRTY=false
[2025.11.24-19.43.48:434][293]LogUObjectHash: Compacting FUObjectHashTables data took   0.87ms
[2025.11.24-19.43.48:567][293]LogSavePackage: Moving 'E:/Unreal/Fumec_DevGames/Saved/MapadeTesteB8A011974E6AA0F5F175B58A525A3FA5.tmp' to 'E:/Unreal/Fumec_DevGames/Content/Mapas/Fases/MapadeTeste/MapadeTeste.umap'
[2025.11.24-19.43.48:591][293]LogFileHelpers: Saving map 'MapadeTeste' took 0.202
[2025.11.24-19.43.48:604][293]AssetCheck: New page: Asset Save: MapadeTeste
[2025.11.24-19.43.48:605][293]LogContentValidation: Display: Validating World /Game/Mapas/Fases/MapadeTeste/MapadeTeste.MapadeTeste
[2025.11.24-19.44.01:403][ 46]LogUObjectHash: Compacting FUObjectHashTables data took   0.92ms
[2025.11.24-19.44.01:435][ 46]LogAssetEditorSubsystem: Opening Asset editor for World /Game/Mapas/Menu/MainMenu.MainMenu
[2025.11.24-19.44.01:435][ 46]Cmd: MAP LOAD FILE="E:/Unreal/Fumec_DevGames/Content/Mapas/Menu/MainMenu.umap" TEMPLATE=0 SHOWPROGRESS=1 FEATURELEVEL=3
[2025.11.24-19.44.01:435][ 46]LightingResults: New page: Lighting Build
[2025.11.24-19.44.01:435][ 46]LoadErrors: New page: Loading map: MainMenu.umap
[2025.11.24-19.44.01:447][ 46]LogWorld: UWorld::CleanupWorld for World_31, bSessionEnded=true, bCleanupResources=true
[2025.11.24-19.44.01:447][ 46]LogSlate: InvalidateAllWidgets triggered.  All widgets were invalidated
[2025.11.24-19.44.01:497][ 46]LogWorld: UWorld::CleanupWorld for MapadeTeste, bSessionEnded=true, bCleanupResources=true
[2025.11.24-19.44.01:497][ 46]LogSlate: InvalidateAllWidgets triggered.  All widgets were invalidated
[2025.11.24-19.44.01:497][ 46]MapCheck: New page: Map Check
[2025.11.24-19.44.01:497][ 46]LightingResults: New page: Lighting Build
[2025.11.24-19.44.01:539][ 46]LogAudio: Display: Audio Device unregistered from world 'None'.
[2025.11.24-19.44.01:548][ 46]LogUObjectHash: Compacting FUObjectHashTables data took   4.26ms
[2025.11.24-19.44.01:593][ 46]LogUObjectHash: Compacting FUObjectHashTables data took   4.05ms
[2025.11.24-19.44.01:636][ 46]LogUObjectHash: Compacting FUObjectHashTables data took   3.83ms
[2025.11.24-19.44.01:638][ 46]LogAudio: Display: Audio Device (ID: 1) registered with world 'MainMenu'.
[2025.11.24-19.44.01:665][ 46]LogEditorServer: Finished looking for orphan Actors (0.000 secs)
[2025.11.24-19.44.01:665][ 46]LogAIModule: Creating AISystem for world MainMenu
[2025.11.24-19.44.01:711][ 46]LogUObjectHash: Compacting FUObjectHashTables data took   3.96ms
[2025.11.24-19.44.01:730][ 46]Cmd: MAP CHECKDEP NOCLEARLOG
[2025.11.24-19.44.01:730][ 46]MapCheck: Map check complete: 0 Error(s), 0 Warning(s), took 0.102ms to complete.
[2025.11.24-19.44.01:730][ 46]LogFileHelpers: Loading map 'MainMenu' took 0.294
[2025.11.24-19.44.02:790][105]LogTemp: Repeating last play command: Selected Viewport
[2025.11.24-19.44.02:799][105]LogPlayLevel: PlayLevel: No blueprints needed recompiling
[2025.11.24-19.44.02:799][105]PIE: New page: PIE session: MainMenu (Nov 24, 2025, 1:44:02 PM)
[2025.11.24-19.44.02:799][105]LogPlayLevel: Creating play world package: /Game/Mapas/Menu/UEDPIE_0_MainMenu
[2025.11.24-19.44.02:801][105]LogPlayLevel: PIE: StaticDuplicateObject took: (0.002140s)
[2025.11.24-19.44.02:802][105]LogAIModule: Creating AISystem for world MainMenu
[2025.11.24-19.44.02:802][105]LogPlayLevel: PIE: World Init took: (0.001255s)
[2025.11.24-19.44.02:802][105]LogPlayLevel: PIE: Created PIE world by copying editor world from /Game/Mapas/Menu/MainMenu.MainMenu to /Game/Mapas/Menu/UEDPIE_0_MainMenu.MainMenu (0.003580s)
[2025.11.24-19.44.02:847][105]LogUObjectHash: Compacting FUObjectHashTables data took   4.20ms
[2025.11.24-19.44.02:848][105]LogAudio: Display: Creating Audio Device:                 Id: 21, Scope: Unique, Realtime: True
[2025.11.24-19.44.02:848][105]LogAudioMixer: Display: Audio Mixer Platform Settings:
[2025.11.24-19.44.02:848][105]LogAudioMixer: Display: 	Sample Rate:						  48000
[2025.11.24-19.44.02:848][105]LogAudioMixer: Display: 	Callback Buffer Frame Size Requested: 1024
[2025.11.24-19.44.02:848][105]LogAudioMixer: Display: 	Callback Buffer Frame Size To Use:	  1024
[2025.11.24-19.44.02:848][105]LogAudioMixer: Display: 	Number of buffers to queue:			  2
[2025.11.24-19.44.02:848][105]LogAudioMixer: Display: 	Max Channels (voices):				  32
[2025.11.24-19.44.02:848][105]LogAudioMixer: Display: 	Number of Async Source Workers:		  0
[2025.11.24-19.44.02:848][105]LogAudio: Display: AudioDevice MaxSources: 32
[2025.11.24-19.44.02:849][105]LogAudio: Display: Audio Spatialization Plugin: None (built-in).
[2025.11.24-19.44.02:849][105]LogAudio: Display: Audio Reverb Plugin: None (built-in).
[2025.11.24-19.44.02:849][105]LogAudio: Display: Audio Occlusion Plugin: None (built-in).
[2025.11.24-19.44.02:849][105]LogAudioMixer: Display: Initializing audio mixer.
[2025.11.24-19.44.02:856][105]LogAudioMixer: Display: 0: FrontLeft
[2025.11.24-19.44.02:856][105]LogAudioMixer: Display: 1: FrontRight
[2025.11.24-19.44.02:866][105]LogAudioMixer: Display: Using Audio Device Alto-falantes (Realtek(R) Audio)
[2025.11.24-19.44.02:866][105]LogAudioMixer: Display: Initializing Sound Submixes...
[2025.11.24-19.44.02:866][105]LogAudioMixer: Display: Creating Master Submix 'MasterSubmixDefault'
[2025.11.24-19.44.02:866][105]LogAudioMixer: Display: Creating Master Submix 'MasterReverbSubmixDefault'
[2025.11.24-19.44.02:866][105]LogAudioMixer: Display: Creating Master Submix 'MasterEQSubmixDefault'
[2025.11.24-19.44.02:867][105]LogAudioMixer: FMixerPlatformXAudio2::StartAudioStream() called
[2025.11.24-19.44.02:867][105]LogAudioMixer: Display: Output buffers initialized: Frames=1024, Channels=2, Samples=2048
[2025.11.24-19.44.02:869][105]LogAudioMixer: Display: Starting AudioMixerPlatformInterface::RunInternal()
[2025.11.24-19.44.02:869][105]LogAudioMixer: Display: FMixerPlatformXAudio2::SubmitBuffer() called for the first time
[2025.11.24-19.44.02:869][105]LogInit: FAudioDevice initialized.
[2025.11.24-19.44.02:869][105]LogAudio: Display: Audio Device (ID: 21) registered with world 'MainMenu'.
[2025.11.24-19.44.02:878][105]LogLoad: Game class is 'GameMode'
[2025.11.24-19.44.02:879][105]LogWorld: Bringing World /Game/Mapas/Menu/UEDPIE_0_MainMenu.MainMenu up for play (max tick rate 60) at 2025.11.24-16.44.02
[2025.11.24-19.44.02:879][105]LogWorld: Bringing up level for play took: 0.000433
[2025.11.24-19.44.02:879][105]LogOnline: OSS: Creating online subsystem instance for: :Context_39
[2025.11.24-19.44.02:882][105]LogGameMode: Display: Match State Changed from EnteringMap to WaitingToStart
[2025.11.24-19.44.02:882][105]LogGameState: Match State Changed from EnteringMap to WaitingToStart
[2025.11.24-19.44.02:882][105]LogGameMode: Display: Match State Changed from WaitingToStart to InProgress
[2025.11.24-19.44.02:882][105]LogGameState: Match State Changed from WaitingToStart to InProgress
[2025.11.24-19.44.02:882][105]PIE: Server logged in
[2025.11.24-19.44.02:883][105]PIE: Play in editor total start time 0.086 seconds.
[2025.11.24-19.44.07:168][362]LogGameMode: Display: Match State Changed from InProgress to LeavingMap
[2025.11.24-19.44.07:168][362]LogGameState: Match State Changed from InProgress to LeavingMap
[2025.11.24-19.44.07:168][362]LogNet: Browse: /Game/Mapas/Fases/MapaInicialAr/MapaInicial
[2025.11.24-19.44.07:168][362]LogLoad: LoadMap: /Game/Mapas/Fases/MapaInicialAr/MapaInicial
[2025.11.24-19.44.07:168][362]LogWorld: BeginTearingDown for /Game/Mapas/Menu/UEDPIE_0_MainMenu
[2025.11.24-19.44.07:169][362]LogWorld: UWorld::CleanupWorld for MainMenu, bSessionEnded=true, bCleanupResources=true
[2025.11.24-19.44.07:169][362]LogSlate: InvalidateAllWidgets triggered.  All widgets were invalidated
[2025.11.24-19.44.07:244][362]LogAudio: Display: Audio Device unregistered from world 'None'.
[2025.11.24-19.44.07:249][362]LogUObjectHash: Compacting FUObjectHashTables data took   4.40ms
[2025.11.24-19.44.07:261][362]LogAudio: Display: Audio Device (ID: 21) registered with world 'MapaInicial'.
[2025.11.24-19.44.07:262][362]LogAIModule: Creating AISystem for world MapaInicial
[2025.11.24-19.44.07:262][362]LogLoad: Game class is 'GameModeRL_C'
[2025.11.24-19.44.07:265][362]LogWorld: Bringing World /Game/Mapas/Fases/MapaInicialAr/UEDPIE_0_MapaInicial.MapaInicial up for play (max tick rate 60) at 2025.11.24-16.44.07
[2025.11.24-19.44.07:265][362]LogWorld: Bringing up level for play took: 0.001833
[2025.11.24-19.44.07:268][362]LogLoad: Took 0.099265 seconds to LoadMap(/Game/Mapas/Fases/MapaInicialAr/MapaInicial)
[2025.11.24-19.44.13:392][729]LogNet: Browse: /Game/Mapas/Fases/MapadeTeste/MapadeTeste
[2025.11.24-19.44.13:392][729]LogLoad: LoadMap: /Game/Mapas/Fases/MapadeTeste/MapadeTeste
[2025.11.24-19.44.13:392][729]LogWorld: BeginTearingDown for /Game/Mapas/Fases/MapaInicialAr/UEDPIE_0_MapaInicial
[2025.11.24-19.44.13:392][729]LogWorld: UWorld::CleanupWorld for MapaInicial, bSessionEnded=true, bCleanupResources=true
[2025.11.24-19.44.13:392][729]LogSlate: InvalidateAllWidgets triggered.  All widgets were invalidated
[2025.11.24-19.44.13:433][729]LogAudio: Display: Audio Device unregistered from world 'None'.
[2025.11.24-19.44.13:438][729]LogUObjectHash: Compacting FUObjectHashTables data took   3.63ms
[2025.11.24-19.44.13:472][729]LogAudio: Display: Audio Device (ID: 21) registered with world 'MapadeTeste'.
[2025.11.24-19.44.13:472][729]LogAIModule: Creating AISystem for world MapadeTeste
[2025.11.24-19.44.13:473][729]LogLoad: Game class is 'GameModeRL_C'
[2025.11.24-19.44.13:476][729]LogWorld: Bringing World /Game/Mapas/Fases/MapadeTeste/UEDPIE_0_MapadeTeste.MapadeTeste up for play (max tick rate 60) at 2025.11.24-16.44.13
[2025.11.24-19.44.13:477][729]LogWorld: Bringing up level for play took: 0.002951
[2025.11.24-19.44.13:479][729]LogLoad: Took 0.087705 seconds to LoadMap(/Game/Mapas/Fases/MapadeTeste/MapadeTeste)
[2025.11.24-19.44.26:955][532]LogSlate: Updating window title bar state: overlay mode, drag disabled, window buttons hidden, title bar hidden
[2025.11.24-19.44.26:955][532]LogWorld: BeginTearingDown for /Game/Mapas/Fases/MapadeTeste/UEDPIE_0_MapadeTeste
[2025.11.24-19.44.26:955][532]LogWorld: UWorld::CleanupWorld for MapadeTeste, bSessionEnded=true, bCleanupResources=true
[2025.11.24-19.44.26:955][532]LogSlate: InvalidateAllWidgets triggered.  All widgets were invalidated
[2025.11.24-19.44.26:967][532]LogPlayLevel: Display: Shutting down PIE online subsystems
[2025.11.24-19.44.26:976][532]LogSlate: InvalidateAllWidgets triggered.  All widgets were invalidated
[2025.11.24-19.44.27:018][532]LogSlate: Updating window title bar state: overlay mode, drag disabled, window buttons hidden, title bar hidden
[2025.11.24-19.44.27:019][532]LogAudioMixer: FMixerPlatformXAudio2::StopAudioStream() called
[2025.11.24-19.44.27:020][532]LogAudioMixer: FMixerPlatformXAudio2::StopAudioStream() called
[2025.11.24-19.44.27:027][532]LogUObjectHash: Compacting FUObjectHashTables data took   4.55ms
[2025.11.24-19.44.27:051][533]Cmd: SELECT NONE
[2025.11.24-19.44.27:068][533]LogPlayLevel: Display: Destroying online subsystem :Context_39
[2025.11.24-19.46.58:290][180]Cmd: OBJ SAVEPACKAGE PACKAGE="/Game/Audios/AudioActor" FILE="E:/Unreal/Fumec_DevGames/Content/Audios/AudioActor.uasset" SILENT=true
[2025.11.24-19.46.58:306][180]LogSavePackage: Moving 'E:/Unreal/Fumec_DevGames/Saved/AudioActorB540A89B4B9B41FBCC7D07AFE6626CA8.tmp' to 'E:/Unreal/Fumec_DevGames/Content/Audios/AudioActor.uasset'
[2025.11.24-19.46.58:328][180]AssetCheck: New page: Asset Save: AudioActor
[2025.11.24-19.46.58:328][180]LogContentValidation: Display: Validating Blueprint /Game/Audios/AudioActor.AudioActor
[2025.11.24-19.47.12:408][728]LogAudioDerivedData: Display: Building compressed audio format OGG hash OGG10000-1-1-1-1-1 wave Pause...
[2025.11.24-19.47.12:506][728]LogAudioDerivedData: Display: Compression Quality for SoundWave /Game/Audios/Pause.Pause will be modified from 40 to 40.
[2025.11.24-19.47.12:523][728]LogAudioDerivedData: Display: Updated SoundWave->RawPCMDataSize from 0 to 267412 while cooking SoundWave /Game/Audios/Pause.Pause.
[2025.11.24-19.48.13:735][179]Cmd: OBJ SAVEPACKAGE PACKAGE="/Game/Audios/AudioActor" FILE="E:/Unreal/Fumec_DevGames/Content/Audios/AudioActor.uasset" SILENT=true
[2025.11.24-19.48.13:751][179]LogSavePackage: Moving 'E:/Unreal/Fumec_DevGames/Saved/AudioActor537476A04653F41103881DA2DF9B86AF.tmp' to 'E:/Unreal/Fumec_DevGames/Content/Audios/AudioActor.uasset'
[2025.11.24-19.48.13:775][179]AssetCheck: New page: Asset Save: AudioActor
[2025.11.24-19.48.13:775][179]LogContentValidation: Display: Validating Blueprint /Game/Audios/AudioActor.AudioActor
[2025.11.24-19.49.03:379][112]LogEditorTransaction: Undo Paste clipboard contents
[2025.11.24-19.50.19:914][513]BlueprintLog: New page: Compile AudioActor
[2025.11.24-19.50.19:995][513]LogUObjectHash: Compacting FUObjectHashTables data took   7.14ms
[2025.11.24-19.50.20:050][513]Cmd: OBJ SAVEPACKAGE PACKAGE="/Game/Audios/AudioActor" FILE="E:/Unreal/Fumec_DevGames/Content/Audios/AudioActor.uasset" SILENT=true
[2025.11.24-19.50.20:069][513]LogSavePackage: Moving 'E:/Unreal/Fumec_DevGames/Saved/AudioActor2F94FA7D4E2952DC4CBFDDAF7C59B871.tmp' to 'E:/Unreal/Fumec_DevGames/Content/Audios/AudioActor.uasset'
[2025.11.24-19.50.20:095][513]AssetCheck: New page: Asset Save: AudioActor
[2025.11.24-19.50.20:095][513]LogContentValidation: Display: Validating Blueprint /Game/Audios/AudioActor.AudioActor
[2025.11.24-19.50.20:316][522]Cmd: OBJ SAVEPACKAGE PACKAGE="/Game/Audios/AudioActor" FILE="E:/Unreal/Fumec_DevGames/Content/Audios/AudioActor.uasset" SILENT=true
[2025.11.24-19.50.20:336][522]LogSavePackage: Moving 'E:/Unreal/Fumec_DevGames/Saved/AudioActorC97F639640078416434BF6A2C54BADBF.tmp' to 'E:/Unreal/Fumec_DevGames/Content/Audios/AudioActor.uasset'
[2025.11.24-19.50.20:356][522]AssetCheck: New page: Asset Save: AudioActor
[2025.11.24-19.50.20:356][522]LogContentValidation: Display: Validating Blueprint /Game/Audios/AudioActor.AudioActor
[2025.11.24-19.50.44:041][909]Cmd: OBJ SAVEPACKAGE PACKAGE="/Game/Audios/AudioActor" FILE="E:/Unreal/Fumec_DevGames/Content/Audios/AudioActor.uasset" SILENT=true
[2025.11.24-19.50.44:062][909]LogSavePackage: Moving 'E:/Unreal/Fumec_DevGames/Saved/AudioActor42FBE96D4240B42B6E692DAC6E036DB8.tmp' to 'E:/Unreal/Fumec_DevGames/Content/Audios/AudioActor.uasset'
[2025.11.24-19.50.44:082][909]AssetCheck: New page: Asset Save: AudioActor
[2025.11.24-19.50.44:082][909]LogContentValidation: Display: Validating Blueprint /Game/Audios/AudioActor.AudioActor
[2025.11.24-19.50.45:152][973]BlueprintLog: New page: Compile AudioActor
[2025.11.24-19.50.45:230][973]LogUObjectHash: Compacting FUObjectHashTables data took   6.72ms
[2025.11.24-19.50.45:609][990]Cmd: OBJ SAVEPACKAGE PACKAGE="/Game/Audios/AudioActor" FILE="E:/Unreal/Fumec_DevGames/Content/Audios/AudioActor.uasset" SILENT=true
[2025.11.24-19.50.45:630][990]LogSavePackage: Moving 'E:/Unreal/Fumec_DevGames/Saved/AudioActorCA3983334B55AA678433C58436E3A8F5.tmp' to 'E:/Unreal/Fumec_DevGames/Content/Audios/AudioActor.uasset'
[2025.11.24-19.50.45:649][990]AssetCheck: New page: Asset Save: AudioActor
[2025.11.24-19.50.45:649][990]LogContentValidation: Display: Validating Blueprint /Game/Audios/AudioActor.AudioActor
[2025.11.24-19.51.43:166][931]Cmd: OBJ SAVEPACKAGE PACKAGE="/Game/Audios/AudioActor" FILE="E:/Unreal/Fumec_DevGames/Content/Audios/AudioActor.uasset" SILENT=true
[2025.11.24-19.51.43:192][931]LogSavePackage: Moving 'E:/Unreal/Fumec_DevGames/Saved/AudioActor1366A39B422514858B6799AC6CD1F589.tmp' to 'E:/Unreal/Fumec_DevGames/Content/Audios/AudioActor.uasset'
[2025.11.24-19.51.43:216][931]AssetCheck: New page: Asset Save: AudioActor
[2025.11.24-19.51.43:216][931]LogContentValidation: Display: Validating Blueprint /Game/Audios/AudioActor.AudioActor
[2025.11.24-19.52.06:837][327]LogEditorTransaction: Undo Delete current selection
[2025.11.24-19.52.07:502][350]LogEditorTransaction: Undo Delete current selection
[2025.11.24-19.52.08:037][381]LogEditorTransaction: Undo Delete current selection
[2025.11.24-19.52.08:537][410]LogEditorTransaction: Undo Delete current selection
[2025.11.24-19.52.10:041][497]Cmd: OBJ SAVEPACKAGE PACKAGE="/Game/Audios/AudioActor" FILE="E:/Unreal/Fumec_DevGames/Content/Audios/AudioActor.uasset" SILENT=true
[2025.11.24-19.52.10:059][497]LogSavePackage: Moving 'E:/Unreal/Fumec_DevGames/Saved/AudioActorEA36A4264BF0FCA5F02540A8B9390EFB.tmp' to 'E:/Unreal/Fumec_DevGames/Content/Audios/AudioActor.uasset'
[2025.11.24-19.52.10:082][497]AssetCheck: New page: Asset Save: AudioActor
[2025.11.24-19.52.10:082][497]LogContentValidation: Display: Validating Blueprint /Game/Audios/AudioActor.AudioActor
[2025.11.24-19.52.11:233][566]BlueprintLog: New page: Compile AudioActor
[2025.11.24-19.52.11:308][566]LogUObjectHash: Compacting FUObjectHashTables data took   5.62ms
[2025.11.24-19.52.16:925][897]Cmd: OBJ SAVEPACKAGE PACKAGE="/Game/Mapas/Menu/MainMenu" FILE="E:/Unreal/Fumec_DevGames/Content/Mapas/Menu/MainMenu.umap" SILENT=true AUTOSAVING=false KEEPDIRTY=false
[2025.11.24-19.52.16:971][897]LogUObjectHash: Compacting FUObjectHashTables data took   4.97ms
[2025.11.24-19.52.16:979][897]LogSavePackage: Moving 'E:/Unreal/Fumec_DevGames/Saved/MainMenu1877D3464A14F1E8856296B256F9393B.tmp' to 'E:/Unreal/Fumec_DevGames/Content/Mapas/Menu/MainMenu.umap'
[2025.11.24-19.52.17:020][897]AssetCheck: New page: Asset Save: MainMenu
[2025.11.24-19.52.17:020][897]LogContentValidation: Display: Validating World /Game/Mapas/Menu/MainMenu.MainMenu
[2025.11.24-19.53.07:040][863]LogAssetEditorSubsystem: Opening Asset editor for LevelScriptBlueprint /Game/Mapas/Menu/MainMenu.MainMenu:PersistentLevel.MainMenu
[2025.11.24-19.53.51:750][491]Cmd: OBJ SAVEPACKAGE PACKAGE="/Game/Player/Blueprints/Player_BP" FILE="E:/Unreal/Fumec_DevGames/Content/Player/Blueprints/Player_BP.uasset" SILENT=true
[2025.11.24-19.53.51:857][491]LogSavePackage: Moving 'E:/Unreal/Fumec_DevGames/Saved/Player_BP8EC6E6604CD52D686BB93F8B8C27D924.tmp' to 'E:/Unreal/Fumec_DevGames/Content/Player/Blueprints/Player_BP.uasset'
[2025.11.24-19.53.51:881][491]AssetCheck: New page: Asset Save: Player_BP
[2025.11.24-19.53.51:881][491]LogContentValidation: Display: Validating Blueprint /Game/Player/Blueprints/Player_BP.Player_BP
[2025.11.24-19.54.25:484][749]BlueprintLog: New page: Compile Player_BP
[2025.11.24-19.54.25:605][749]LogUObjectHash: Compacting FUObjectHashTables data took   5.72ms
[2025.11.24-19.55.06:664][193]LogTemp: Repeating last play command: Selected Viewport
[2025.11.24-19.55.06:672][193]LogPlayLevel: PlayLevel: No blueprints needed recompiling
[2025.11.24-19.55.06:672][193]PIE: New page: PIE session: MainMenu (Nov 24, 2025, 1:55:06 PM)
[2025.11.24-19.55.06:673][193]LogPlayLevel: Creating play world package: /Game/Mapas/Menu/UEDPIE_0_MainMenu
[2025.11.24-19.55.06:674][193]LogPlayLevel: PIE: StaticDuplicateObject took: (0.001848s)
[2025.11.24-19.55.06:676][193]LogAIModule: Creating AISystem for world MainMenu
[2025.11.24-19.55.06:676][193]LogPlayLevel: PIE: World Init took: (0.001493s)
[2025.11.24-19.55.06:676][193]LogPlayLevel: PIE: Created PIE world by copying editor world from /Game/Mapas/Menu/MainMenu.MainMenu to /Game/Mapas/Menu/UEDPIE_0_MainMenu.MainMenu (0.003538s)
[2025.11.24-19.55.06:727][193]LogUObjectHash: Compacting FUObjectHashTables data took   5.13ms
[2025.11.24-19.55.06:728][193]LogAudio: Display: Creating Audio Device:                 Id: 22, Scope: Unique, Realtime: True
[2025.11.24-19.55.06:728][193]LogAudioMixer: Display: Audio Mixer Platform Settings:
[2025.11.24-19.55.06:728][193]LogAudioMixer: Display: 	Sample Rate:						  48000
[2025.11.24-19.55.06:728][193]LogAudioMixer: Display: 	Callback Buffer Frame Size Requested: 1024
[2025.11.24-19.55.06:728][193]LogAudioMixer: Display: 	Callback Buffer Frame Size To Use:	  1024
[2025.11.24-19.55.06:728][193]LogAudioMixer: Display: 	Number of buffers to queue:			  2
[2025.11.24-19.55.06:728][193]LogAudioMixer: Display: 	Max Channels (voices):				  32
[2025.11.24-19.55.06:728][193]LogAudioMixer: Display: 	Number of Async Source Workers:		  0
[2025.11.24-19.55.06:728][193]LogAudio: Display: AudioDevice MaxSources: 32
[2025.11.24-19.55.06:728][193]LogAudio: Display: Audio Spatialization Plugin: None (built-in).
[2025.11.24-19.55.06:728][193]LogAudio: Display: Audio Reverb Plugin: None (built-in).
[2025.11.24-19.55.06:728][193]LogAudio: Display: Audio Occlusion Plugin: None (built-in).
[2025.11.24-19.55.06:728][193]LogAudioMixer: Display: Initializing audio mixer.
[2025.11.24-19.55.06:735][193]LogAudioMixer: Display: 0: FrontLeft
[2025.11.24-19.55.06:735][193]LogAudioMixer: Display: 1: FrontRight
[2025.11.24-19.55.06:743][193]LogAudioMixer: Display: Using Audio Device Alto-falantes (Realtek(R) Audio)
[2025.11.24-19.55.06:744][193]LogAudioMixer: Display: Initializing Sound Submixes...
[2025.11.24-19.55.06:744][193]LogAudioMixer: Display: Creating Master Submix 'MasterSubmixDefault'
[2025.11.24-19.55.06:744][193]LogAudioMixer: Display: Creating Master Submix 'MasterReverbSubmixDefault'
[2025.11.24-19.55.06:744][193]LogAudioMixer: Display: Creating Master Submix 'MasterEQSubmixDefault'
[2025.11.24-19.55.06:744][193]LogAudioMixer: FMixerPlatformXAudio2::StartAudioStream() called
[2025.11.24-19.55.06:744][193]LogAudioMixer: Display: Output buffers initialized: Frames=1024, Channels=2, Samples=2048
[2025.11.24-19.55.06:745][193]LogAudioMixer: Display: Starting AudioMixerPlatformInterface::RunInternal()
[2025.11.24-19.55.06:746][193]LogAudioMixer: Display: FMixerPlatformXAudio2::SubmitBuffer() called for the first time
[2025.11.24-19.55.06:746][193]LogInit: FAudioDevice initialized.
[2025.11.24-19.55.06:746][193]LogAudio: Display: Audio Device (ID: 22) registered with world 'MainMenu'.
[2025.11.24-19.55.06:800][193]LogSlate: Updating window title bar state: overlay mode, drag disabled, window buttons hidden, title bar hidden
[2025.11.24-19.55.06:800][193]LogLoad: Game class is 'GameMode'
[2025.11.24-19.55.06:801][193]LogWorld: Bringing World /Game/Mapas/Menu/UEDPIE_0_MainMenu.MainMenu up for play (max tick rate 60) at 2025.11.24-16.55.06
[2025.11.24-19.55.06:801][193]LogWorld: Bringing up level for play took: 0.000728
[2025.11.24-19.55.06:802][193]LogOnline: OSS: Creating online subsystem instance for: :Context_41
[2025.11.24-19.55.06:803][193]LogGameMode: FindPlayerStart: PATHS NOT DEFINED or NO PLAYERSTART with positive rating
[2025.11.24-19.55.06:805][193]LogGameMode: Display: Match State Changed from EnteringMap to WaitingToStart
[2025.11.24-19.55.06:805][193]LogGameState: Match State Changed from EnteringMap to WaitingToStart
[2025.11.24-19.55.06:805][193]LogGameMode: Display: Match State Changed from WaitingToStart to InProgress
[2025.11.24-19.55.06:806][193]LogGameState: Match State Changed from WaitingToStart to InProgress
[2025.11.24-19.55.06:810][193]PIE: Server logged in
[2025.11.24-19.55.06:814][193]PIE: Play in editor total start time 0.142 seconds.
[2025.11.24-19.55.10:654][422]LogGameMode: Display: Match State Changed from InProgress to LeavingMap
[2025.11.24-19.55.10:654][422]LogGameState: Match State Changed from InProgress to LeavingMap
[2025.11.24-19.55.10:654][422]LogNet: Browse: /Game/Mapas/Fases/MapaInicialAr/MapaInicial
[2025.11.24-19.55.10:654][422]LogLoad: LoadMap: /Game/Mapas/Fases/MapaInicialAr/MapaInicial
[2025.11.24-19.55.10:654][422]LogWorld: BeginTearingDown for /Game/Mapas/Menu/UEDPIE_0_MainMenu
[2025.11.24-19.55.10:655][422]LogWorld: UWorld::CleanupWorld for MainMenu, bSessionEnded=true, bCleanupResources=true
[2025.11.24-19.55.10:655][422]LogSlate: InvalidateAllWidgets triggered.  All widgets were invalidated
[2025.11.24-19.55.10:733][422]LogAudio: Display: Audio Device unregistered from world 'None'.
[2025.11.24-19.55.10:740][422]LogUObjectHash: Compacting FUObjectHashTables data took   5.21ms
[2025.11.24-19.55.10:756][422]LogAudio: Display: Audio Device (ID: 22) registered with world 'MapaInicial'.
[2025.11.24-19.55.10:757][422]LogAIModule: Creating AISystem for world MapaInicial
[2025.11.24-19.55.10:757][422]LogLoad: Game class is 'GameModeRL_C'
[2025.11.24-19.55.10:759][422]LogWorld: Bringing World /Game/Mapas/Fases/MapaInicialAr/UEDPIE_0_MapaInicial.MapaInicial up for play (max tick rate 60) at 2025.11.24-16.55.10
[2025.11.24-19.55.10:760][422]LogWorld: Bringing up level for play took: 0.001791
[2025.11.24-19.55.10:763][422]LogLoad: Took 0.108850 seconds to LoadMap(/Game/Mapas/Fases/MapaInicialAr/MapaInicial)
[2025.11.24-19.55.14:128][623]LogViewport: Display: Viewport MouseLockMode Changed, LockOnCapture -> DoNotLock
[2025.11.24-19.55.14:128][623]LogViewport: Display: Viewport HideCursorDuringCapture Changed, False -> True
[2025.11.24-19.55.14:128][623]LogViewport: Display: Viewport MouseCaptureMode Changed, CapturePermanently_IncludingInitialMouseDown -> CaptureDuringMouseDown
[2025.11.24-19.55.15:643][714]LogViewport: Display: Viewport MouseLockMode Changed, DoNotLock -> LockOnCapture
[2025.11.24-19.55.15:643][714]LogViewport: Display: Viewport MouseCaptureMode Changed, CaptureDuringMouseDown -> CapturePermanently
[2025.11.24-19.55.17:912][850]LogViewport: Display: Viewport MouseLockMode Changed, LockOnCapture -> DoNotLock
[2025.11.24-19.55.17:912][850]LogViewport: Display: Viewport MouseCaptureMode Changed, CapturePermanently -> CaptureDuringMouseDown
[2025.11.24-19.55.19:826][965]LogViewport: Display: Viewport MouseLockMode Changed, DoNotLock -> LockOnCapture
[2025.11.24-19.55.19:826][965]LogViewport: Display: Viewport MouseCaptureMode Changed, CaptureDuringMouseDown -> CapturePermanently
[2025.11.24-19.55.21:779][ 82]LogViewport: Display: Viewport MouseLockMode Changed, LockOnCapture -> DoNotLock
[2025.11.24-19.55.21:779][ 82]LogViewport: Display: Viewport MouseCaptureMode Changed, CapturePermanently -> CaptureDuringMouseDown
[2025.11.24-19.55.29:244][530]LogViewport: Display: Viewport MouseLockMode Changed, DoNotLock -> LockOnCapture
[2025.11.24-19.55.29:244][530]LogViewport: Display: Viewport MouseCaptureMode Changed, CaptureDuringMouseDown -> CapturePermanently
[2025.11.24-19.55.30:472][602]LogSlate: Updating window title bar state: overlay mode, drag disabled, window buttons hidden, title bar hidden
[2025.11.24-19.55.30:472][602]LogWorld: BeginTearingDown for /Game/Mapas/Fases/MapaInicialAr/UEDPIE_0_MapaInicial
[2025.11.24-19.55.30:473][602]LogSlate: Window 'ColunaDoendoSamurai Preview [NetMode: Standalone]  (64-bit/Windows) ' being destroyed
[2025.11.24-19.55.30:482][602]LogWorld: UWorld::CleanupWorld for MapaInicial, bSessionEnded=true, bCleanupResources=true
[2025.11.24-19.55.30:482][602]LogSlate: InvalidateAllWidgets triggered.  All widgets were invalidated
[2025.11.24-19.55.30:492][602]LogPlayLevel: Display: Shutting down PIE online subsystems
[2025.11.24-19.55.30:501][602]LogSlate: InvalidateAllWidgets triggered.  All widgets were invalidated
[2025.11.24-19.55.30:546][602]LogAudio: Display: Audio Device unregistered from world 'None'.
[2025.11.24-19.55.30:546][602]LogAudioMixer: FMixerPlatformXAudio2::StopAudioStream() called
[2025.11.24-19.55.30:547][602]LogAudioMixer: FMixerPlatformXAudio2::StopAudioStream() called
[2025.11.24-19.55.30:556][602]LogUObjectHash: Compacting FUObjectHashTables data took   3.78ms
[2025.11.24-19.55.30:583][603]LogPlayLevel: Display: Destroying online subsystem :Context_41
[2025.11.24-19.56.32:201][803]BlueprintLog: New page: Compile AudioActor
[2025.11.24-19.56.32:302][803]LogUObjectHash: Compacting FUObjectHashTables data took   4.67ms
[2025.11.24-19.56.32:353][803]Cmd: OBJ SAVEPACKAGE PACKAGE="/Game/Audios/AudioActor" FILE="E:/Unreal/Fumec_DevGames/Content/Audios/AudioActor.uasset" SILENT=true
[2025.11.24-19.56.32:376][803]LogSavePackage: Moving 'E:/Unreal/Fumec_DevGames/Saved/AudioActor57E628B34DDCB5B0EFF2C299930D260D.tmp' to 'E:/Unreal/Fumec_DevGames/Content/Audios/AudioActor.uasset'
[2025.11.24-19.56.32:397][803]AssetCheck: New page: Asset Save: AudioActor
[2025.11.24-19.56.32:397][803]LogContentValidation: Display: Validating Blueprint /Game/Audios/AudioActor.AudioActor
[2025.11.24-19.56.32:932][831]LogTemp: Repeating last play command: Selected Viewport
[2025.11.24-19.56.32:940][831]LogPlayLevel: PlayLevel: No blueprints needed recompiling
[2025.11.24-19.56.32:940][831]PIE: New page: PIE session: MainMenu (Nov 24, 2025, 1:56:32 PM)
[2025.11.24-19.56.32:941][831]LogPlayLevel: Creating play world package: /Game/Mapas/Menu/UEDPIE_0_MainMenu
[2025.11.24-19.56.32:943][831]LogPlayLevel: PIE: StaticDuplicateObject took: (0.001963s)
[2025.11.24-19.56.32:944][831]LogAIModule: Creating AISystem for world MainMenu
[2025.11.24-19.56.32:945][831]LogPlayLevel: PIE: World Init took: (0.001320s)
[2025.11.24-19.56.32:945][831]LogPlayLevel: PIE: Created PIE world by copying editor world from /Game/Mapas/Menu/MainMenu.MainMenu to /Game/Mapas/Menu/UEDPIE_0_MainMenu.MainMenu (0.003496s)
[2025.11.24-19.56.32:995][831]LogUObjectHash: Compacting FUObjectHashTables data took   5.33ms
[2025.11.24-19.56.32:995][831]LogAudio: Display: Creating Audio Device:                 Id: 23, Scope: Unique, Realtime: True
[2025.11.24-19.56.32:995][831]LogAudioMixer: Display: Audio Mixer Platform Settings:
[2025.11.24-19.56.32:995][831]LogAudioMixer: Display: 	Sample Rate:						  48000
[2025.11.24-19.56.32:995][831]LogAudioMixer: Display: 	Callback Buffer Frame Size Requested: 1024
[2025.11.24-19.56.32:995][831]LogAudioMixer: Display: 	Callback Buffer Frame Size To Use:	  1024
[2025.11.24-19.56.32:995][831]LogAudioMixer: Display: 	Number of buffers to queue:			  2
[2025.11.24-19.56.32:995][831]LogAudioMixer: Display: 	Max Channels (voices):				  32
[2025.11.24-19.56.32:995][831]LogAudioMixer: Display: 	Number of Async Source Workers:		  0
[2025.11.24-19.56.32:995][831]LogAudio: Display: AudioDevice MaxSources: 32
[2025.11.24-19.56.32:996][831]LogAudio: Display: Audio Spatialization Plugin: None (built-in).
[2025.11.24-19.56.32:996][831]LogAudio: Display: Audio Reverb Plugin: None (built-in).
[2025.11.24-19.56.32:996][831]LogAudio: Display: Audio Occlusion Plugin: None (built-in).
[2025.11.24-19.56.32:996][831]LogAudioMixer: Display: Initializing audio mixer.
[2025.11.24-19.56.33:002][831]LogAudioMixer: Display: 0: FrontLeft
[2025.11.24-19.56.33:002][831]LogAudioMixer: Display: 1: FrontRight
[2025.11.24-19.56.33:011][831]LogAudioMixer: Display: Using Audio Device Alto-falantes (Realtek(R) Audio)
[2025.11.24-19.56.33:011][831]LogAudioMixer: Display: Initializing Sound Submixes...
[2025.11.24-19.56.33:011][831]LogAudioMixer: Display: Creating Master Submix 'MasterSubmixDefault'
[2025.11.24-19.56.33:011][831]LogAudioMixer: Display: Creating Master Submix 'MasterReverbSubmixDefault'
[2025.11.24-19.56.33:011][831]LogAudioMixer: Display: Creating Master Submix 'MasterEQSubmixDefault'
[2025.11.24-19.56.33:011][831]LogAudioMixer: FMixerPlatformXAudio2::StartAudioStream() called
[2025.11.24-19.56.33:011][831]LogAudioMixer: Display: Output buffers initialized: Frames=1024, Channels=2, Samples=2048
[2025.11.24-19.56.33:013][831]LogAudioMixer: Display: Starting AudioMixerPlatformInterface::RunInternal()
[2025.11.24-19.56.33:013][831]LogAudioMixer: Display: FMixerPlatformXAudio2::SubmitBuffer() called for the first time
[2025.11.24-19.56.33:013][831]LogInit: FAudioDevice initialized.
[2025.11.24-19.56.33:013][831]LogAudio: Display: Audio Device (ID: 23) registered with world 'MainMenu'.
[2025.11.24-19.56.33:064][831]LogSlate: Updating window title bar state: overlay mode, drag disabled, window buttons hidden, title bar hidden
[2025.11.24-19.56.33:065][831]LogLoad: Game class is 'GameMode'
[2025.11.24-19.56.33:066][831]LogWorld: Bringing World /Game/Mapas/Menu/UEDPIE_0_MainMenu.MainMenu up for play (max tick rate 60) at 2025.11.24-16.56.33
[2025.11.24-19.56.33:066][831]LogWorld: Bringing up level for play took: 0.000594
[2025.11.24-19.56.33:066][831]LogOnline: OSS: Creating online subsystem instance for: :Context_42
[2025.11.24-19.56.33:069][831]LogGameMode: FindPlayerStart: PATHS NOT DEFINED or NO PLAYERSTART with positive rating
[2025.11.24-19.56.33:069][831]LogGameMode: Display: Match State Changed from EnteringMap to WaitingToStart
[2025.11.24-19.56.33:069][831]LogGameState: Match State Changed from EnteringMap to WaitingToStart
[2025.11.24-19.56.33:070][831]LogGameMode: Display: Match State Changed from WaitingToStart to InProgress
[2025.11.24-19.56.33:070][831]LogGameState: Match State Changed from WaitingToStart to InProgress
[2025.11.24-19.56.33:072][831]PIE: Server logged in
[2025.11.24-19.56.33:072][831]PIE: Play in editor total start time 0.134 seconds.
[2025.11.24-19.56.33:107][832]LogRenderer: Reallocating scene render targets to support 1192x784 Format 10 NumSamples 1 (Frame:1).
[2025.11.24-19.56.36:060][  8]LogGameMode: Display: Match State Changed from InProgress to LeavingMap
[2025.11.24-19.56.36:060][  8]LogGameState: Match State Changed from InProgress to LeavingMap
[2025.11.24-19.56.36:060][  8]LogNet: Browse: /Game/Mapas/Fases/MapaInicialAr/MapaInicial
[2025.11.24-19.56.36:060][  8]LogLoad: LoadMap: /Game/Mapas/Fases/MapaInicialAr/MapaInicial
[2025.11.24-19.56.36:060][  8]LogWorld: BeginTearingDown for /Game/Mapas/Menu/UEDPIE_0_MainMenu
[2025.11.24-19.56.36:061][  8]LogWorld: UWorld::CleanupWorld for MainMenu, bSessionEnded=true, bCleanupResources=true
[2025.11.24-19.56.36:061][  8]LogSlate: InvalidateAllWidgets triggered.  All widgets were invalidated
[2025.11.24-19.56.36:137][  8]LogAudio: Display: Audio Device unregistered from world 'None'.
[2025.11.24-19.56.36:142][  8]LogUObjectHash: Compacting FUObjectHashTables data took   4.05ms
[2025.11.24-19.56.36:154][  8]LogAudio: Display: Audio Device (ID: 23) registered with world 'MapaInicial'.
[2025.11.24-19.56.36:156][  8]LogAIModule: Creating AISystem for world MapaInicial
[2025.11.24-19.56.36:157][  8]LogLoad: Game class is 'GameModeRL_C'
[2025.11.24-19.56.36:159][  8]LogWorld: Bringing World /Game/Mapas/Fases/MapaInicialAr/UEDPIE_0_MapaInicial.MapaInicial up for play (max tick rate 60) at 2025.11.24-16.56.36
[2025.11.24-19.56.36:159][  8]LogWorld: Bringing up level for play took: 0.001968
[2025.11.24-19.56.36:161][  8]LogLoad: Took 0.101083 seconds to LoadMap(/Game/Mapas/Fases/MapaInicialAr/MapaInicial)
[2025.11.24-19.56.38:402][142]LogViewport: Display: Viewport MouseLockMode Changed, LockOnCapture -> DoNotLock
[2025.11.24-19.56.38:402][142]LogViewport: Display: Viewport HideCursorDuringCapture Changed, False -> True
[2025.11.24-19.56.38:402][142]LogViewport: Display: Viewport MouseCaptureMode Changed, CapturePermanently_IncludingInitialMouseDown -> CaptureDuringMouseDown
[2025.11.24-19.56.46:583][633]LogSlate: Updating window title bar state: overlay mode, drag disabled, window buttons hidden, title bar hidden
[2025.11.24-19.56.46:584][633]LogWorld: BeginTearingDown for /Game/Mapas/Fases/MapaInicialAr/UEDPIE_0_MapaInicial
[2025.11.24-19.56.46:584][633]LogSlate: Window 'ColunaDoendoSamurai Preview [NetMode: Standalone]  (64-bit/Windows) ' being destroyed
[2025.11.24-19.56.46:590][633]LogWorld: UWorld::CleanupWorld for MapaInicial, bSessionEnded=true, bCleanupResources=true
[2025.11.24-19.56.46:590][633]LogSlate: InvalidateAllWidgets triggered.  All widgets were invalidated
[2025.11.24-19.56.46:600][633]LogPlayLevel: Display: Shutting down PIE online subsystems
[2025.11.24-19.56.46:608][633]LogSlate: InvalidateAllWidgets triggered.  All widgets were invalidated
[2025.11.24-19.56.46:652][633]LogAudio: Display: Audio Device unregistered from world 'None'.
[2025.11.24-19.56.46:652][633]LogAudioMixer: FMixerPlatformXAudio2::StopAudioStream() called
[2025.11.24-19.56.46:653][633]LogAudioMixer: FMixerPlatformXAudio2::StopAudioStream() called
[2025.11.24-19.56.46:661][633]LogUObjectHash: Compacting FUObjectHashTables data took   3.67ms
[2025.11.24-19.56.46:683][634]LogPlayLevel: Display: Destroying online subsystem :Context_42
[2025.11.24-19.56.49:523][794]BlueprintLog: New page: Compile AudioActor
[2025.11.24-19.56.49:603][794]LogUObjectHash: Compacting FUObjectHashTables data took   3.97ms
[2025.11.24-19.56.49:660][794]Cmd: OBJ SAVEPACKAGE PACKAGE="/Game/Audios/AudioActor" FILE="E:/Unreal/Fumec_DevGames/Content/Audios/AudioActor.uasset" SILENT=true
[2025.11.24-19.56.49:681][794]LogSavePackage: Moving 'E:/Unreal/Fumec_DevGames/Saved/AudioActor3CA0E4524A9712CD1BFC909E791677D5.tmp' to 'E:/Unreal/Fumec_DevGames/Content/Audios/AudioActor.uasset'
[2025.11.24-19.56.49:701][794]AssetCheck: New page: Asset Save: AudioActor
[2025.11.24-19.56.49:701][794]LogContentValidation: Display: Validating Blueprint /Game/Audios/AudioActor.AudioActor
[2025.11.24-19.57.13:444][251]BlueprintLog: New page: Compile AudioActor
[2025.11.24-19.57.13:528][251]LogUObjectHash: Compacting FUObjectHashTables data took   5.66ms
[2025.11.24-19.57.13:584][251]Cmd: OBJ SAVEPACKAGE PACKAGE="/Game/Audios/AudioActor" FILE="E:/Unreal/Fumec_DevGames/Content/Audios/AudioActor.uasset" SILENT=true
[2025.11.24-19.57.13:606][251]LogSavePackage: Moving 'E:/Unreal/Fumec_DevGames/Saved/AudioActor3FF15B44439AAB672AAD6B9105F6C6D1.tmp' to 'E:/Unreal/Fumec_DevGames/Content/Audios/AudioActor.uasset'
[2025.11.24-19.57.13:626][251]AssetCheck: New page: Asset Save: AudioActor
[2025.11.24-19.57.13:626][251]LogContentValidation: Display: Validating Blueprint /Game/Audios/AudioActor.AudioActor
[2025.11.24-19.57.15:111][333]LogTemp: Repeating last play command: Selected Viewport
[2025.11.24-19.57.15:120][333]LogPlayLevel: PlayLevel: No blueprints needed recompiling
[2025.11.24-19.57.15:120][333]PIE: New page: PIE session: MainMenu (Nov 24, 2025, 1:57:15 PM)
[2025.11.24-19.57.15:121][333]LogPlayLevel: Creating play world package: /Game/Mapas/Menu/UEDPIE_0_MainMenu
[2025.11.24-19.57.15:122][333]LogPlayLevel: PIE: StaticDuplicateObject took: (0.001617s)
[2025.11.24-19.57.15:124][333]LogAIModule: Creating AISystem for world MainMenu
[2025.11.24-19.57.15:124][333]LogPlayLevel: PIE: World Init took: (0.001636s)
[2025.11.24-19.57.15:124][333]LogPlayLevel: PIE: Created PIE world by copying editor world from /Game/Mapas/Menu/MainMenu.MainMenu to /Game/Mapas/Menu/UEDPIE_0_MainMenu.MainMenu (0.003471s)
[2025.11.24-19.57.15:173][333]LogUObjectHash: Compacting FUObjectHashTables data took   4.97ms
[2025.11.24-19.57.15:174][333]LogAudio: Display: Creating Audio Device:                 Id: 24, Scope: Unique, Realtime: True
[2025.11.24-19.57.15:174][333]LogAudioMixer: Display: Audio Mixer Platform Settings:
[2025.11.24-19.57.15:174][333]LogAudioMixer: Display: 	Sample Rate:						  48000
[2025.11.24-19.57.15:174][333]LogAudioMixer: Display: 	Callback Buffer Frame Size Requested: 1024
[2025.11.24-19.57.15:174][333]LogAudioMixer: Display: 	Callback Buffer Frame Size To Use:	  1024
[2025.11.24-19.57.15:174][333]LogAudioMixer: Display: 	Number of buffers to queue:			  2
[2025.11.24-19.57.15:174][333]LogAudioMixer: Display: 	Max Channels (voices):				  32
[2025.11.24-19.57.15:174][333]LogAudioMixer: Display: 	Number of Async Source Workers:		  0
[2025.11.24-19.57.15:174][333]LogAudio: Display: AudioDevice MaxSources: 32
[2025.11.24-19.57.15:174][333]LogAudio: Display: Audio Spatialization Plugin: None (built-in).
[2025.11.24-19.57.15:174][333]LogAudio: Display: Audio Reverb Plugin: None (built-in).
[2025.11.24-19.57.15:174][333]LogAudio: Display: Audio Occlusion Plugin: None (built-in).
[2025.11.24-19.57.15:174][333]LogAudioMixer: Display: Initializing audio mixer.
[2025.11.24-19.57.15:180][333]LogAudioMixer: Display: 0: FrontLeft
[2025.11.24-19.57.15:180][333]LogAudioMixer: Display: 1: FrontRight
[2025.11.24-19.57.15:189][333]LogAudioMixer: Display: Using Audio Device Alto-falantes (Realtek(R) Audio)
[2025.11.24-19.57.15:189][333]LogAudioMixer: Display: Initializing Sound Submixes...
[2025.11.24-19.57.15:189][333]LogAudioMixer: Display: Creating Master Submix 'MasterSubmixDefault'
[2025.11.24-19.57.15:189][333]LogAudioMixer: Display: Creating Master Submix 'MasterReverbSubmixDefault'
[2025.11.24-19.57.15:190][333]LogAudioMixer: Display: Creating Master Submix 'MasterEQSubmixDefault'
[2025.11.24-19.57.15:190][333]LogAudioMixer: FMixerPlatformXAudio2::StartAudioStream() called
[2025.11.24-19.57.15:190][333]LogAudioMixer: Display: Output buffers initialized: Frames=1024, Channels=2, Samples=2048
[2025.11.24-19.57.15:191][333]LogAudioMixer: Display: Starting AudioMixerPlatformInterface::RunInternal()
[2025.11.24-19.57.15:191][333]LogAudioMixer: Display: FMixerPlatformXAudio2::SubmitBuffer() called for the first time
[2025.11.24-19.57.15:191][333]LogInit: FAudioDevice initialized.
[2025.11.24-19.57.15:191][333]LogAudio: Display: Audio Device (ID: 24) registered with world 'MainMenu'.
[2025.11.24-19.57.15:246][333]LogSlate: Updating window title bar state: overlay mode, drag disabled, window buttons hidden, title bar hidden
[2025.11.24-19.57.15:247][333]LogLoad: Game class is 'GameMode'
[2025.11.24-19.57.15:248][333]LogWorld: Bringing World /Game/Mapas/Menu/UEDPIE_0_MainMenu.MainMenu up for play (max tick rate 60) at 2025.11.24-16.57.15
[2025.11.24-19.57.15:248][333]LogWorld: Bringing up level for play took: 0.000619
[2025.11.24-19.57.15:248][333]LogOnline: OSS: Creating online subsystem instance for: :Context_43
[2025.11.24-19.57.15:251][333]LogGameMode: FindPlayerStart: PATHS NOT DEFINED or NO PLAYERSTART with positive rating
[2025.11.24-19.57.15:251][333]LogGameMode: Display: Match State Changed from EnteringMap to WaitingToStart
[2025.11.24-19.57.15:251][333]LogGameState: Match State Changed from EnteringMap to WaitingToStart
[2025.11.24-19.57.15:251][333]LogGameMode: Display: Match State Changed from WaitingToStart to InProgress
[2025.11.24-19.57.15:252][333]LogGameState: Match State Changed from WaitingToStart to InProgress
[2025.11.24-19.57.15:254][333]PIE: Server logged in
[2025.11.24-19.57.15:255][333]PIE: Play in editor total start time 0.136 seconds.
[2025.11.24-19.57.18:253][510]LogGameMode: Display: Match State Changed from InProgress to LeavingMap
[2025.11.24-19.57.18:253][510]LogGameState: Match State Changed from InProgress to LeavingMap
[2025.11.24-19.57.18:253][510]LogNet: Browse: /Game/Mapas/Fases/MapaInicialAr/MapaInicial
[2025.11.24-19.57.18:253][510]LogLoad: LoadMap: /Game/Mapas/Fases/MapaInicialAr/MapaInicial
[2025.11.24-19.57.18:253][510]LogWorld: BeginTearingDown for /Game/Mapas/Menu/UEDPIE_0_MainMenu
[2025.11.24-19.57.18:254][510]LogWorld: UWorld::CleanupWorld for MainMenu, bSessionEnded=true, bCleanupResources=true
[2025.11.24-19.57.18:254][510]LogSlate: InvalidateAllWidgets triggered.  All widgets were invalidated
[2025.11.24-19.57.18:333][510]LogAudio: Display: Audio Device unregistered from world 'None'.
[2025.11.24-19.57.18:338][510]LogUObjectHash: Compacting FUObjectHashTables data took   4.35ms
[2025.11.24-19.57.18:353][510]LogAudio: Display: Audio Device (ID: 24) registered with world 'MapaInicial'.
[2025.11.24-19.57.18:354][510]LogAIModule: Creating AISystem for world MapaInicial
[2025.11.24-19.57.18:354][510]LogLoad: Game class is 'GameModeRL_C'
[2025.11.24-19.57.18:357][510]LogWorld: Bringing World /Game/Mapas/Fases/MapaInicialAr/UEDPIE_0_MapaInicial.MapaInicial up for play (max tick rate 60) at 2025.11.24-16.57.18
[2025.11.24-19.57.18:357][510]LogWorld: Bringing up level for play took: 0.002519
[2025.11.24-19.57.18:360][510]LogLoad: Took 0.105969 seconds to LoadMap(/Game/Mapas/Fases/MapaInicialAr/MapaInicial)
[2025.11.24-19.57.20:097][614]LogViewport: Display: Viewport MouseLockMode Changed, LockOnCapture -> DoNotLock
[2025.11.24-19.57.20:097][614]LogViewport: Display: Viewport HideCursorDuringCapture Changed, False -> True
[2025.11.24-19.57.20:097][614]LogViewport: Display: Viewport MouseCaptureMode Changed, CapturePermanently_IncludingInitialMouseDown -> CaptureDuringMouseDown
[2025.11.24-19.57.22:395][752]LogViewport: Display: Viewport MouseLockMode Changed, DoNotLock -> LockOnCapture
[2025.11.24-19.57.22:395][752]LogViewport: Display: Viewport MouseCaptureMode Changed, CaptureDuringMouseDown -> CapturePermanently
[2025.11.24-19.57.24:352][867]LogSlate: Updating window title bar state: overlay mode, drag disabled, window buttons hidden, title bar hidden
[2025.11.24-19.57.24:352][867]LogWorld: BeginTearingDown for /Game/Mapas/Fases/MapaInicialAr/UEDPIE_0_MapaInicial
[2025.11.24-19.57.24:353][867]LogSlate: Window 'ColunaDoendoSamurai Preview [NetMode: Standalone]  (64-bit/Windows) ' being destroyed
[2025.11.24-19.57.24:359][867]LogWorld: UWorld::CleanupWorld for MapaInicial, bSessionEnded=true, bCleanupResources=true
[2025.11.24-19.57.24:359][867]LogSlate: InvalidateAllWidgets triggered.  All widgets were invalidated
[2025.11.24-19.57.24:369][867]LogPlayLevel: Display: Shutting down PIE online subsystems
[2025.11.24-19.57.24:376][867]LogSlate: InvalidateAllWidgets triggered.  All widgets were invalidated
[2025.11.24-19.57.24:420][867]LogAudio: Display: Audio Device unregistered from world 'None'.
[2025.11.24-19.57.24:420][867]LogAudioMixer: FMixerPlatformXAudio2::StopAudioStream() called
[2025.11.24-19.57.24:422][867]LogAudioMixer: FMixerPlatformXAudio2::StopAudioStream() called
[2025.11.24-19.57.24:428][867]LogUObjectHash: Compacting FUObjectHashTables data took   3.93ms
[2025.11.24-19.57.24:450][868]LogPlayLevel: Display: Destroying online subsystem :Context_43
[2025.11.24-19.59.04:259][927]Cmd: OBJ SAVEPACKAGE PACKAGE="/Game/Mapas/Menu/MainMenu" FILE="E:/Unreal/Fumec_DevGames/Content/Mapas/Menu/MainMenu.umap" SILENT=true AUTOSAVING=false KEEPDIRTY=false
[2025.11.24-19.59.04:307][927]LogUObjectHash: Compacting FUObjectHashTables data took   4.82ms
[2025.11.24-19.59.04:316][927]LogSavePackage: Moving 'E:/Unreal/Fumec_DevGames/Saved/MainMenu3846CC334E5BA53E7B7B40B0E26F6903.tmp' to 'E:/Unreal/Fumec_DevGames/Content/Mapas/Menu/MainMenu.umap'
[2025.11.24-19.59.04:355][927]AssetCheck: New page: Asset Save: MainMenu
[2025.11.24-19.59.04:355][927]LogContentValidation: Display: Validating World /Game/Mapas/Menu/MainMenu.MainMenu
[2025.11.24-19.59.12:725][423]LogTemp: Repeating last play command: Selected Viewport
[2025.11.24-19.59.12:732][423]LogPlayLevel: PlayLevel: No blueprints needed recompiling
[2025.11.24-19.59.12:732][423]PIE: New page: PIE session: MainMenu (Nov 24, 2025, 1:59:12 PM)
[2025.11.24-19.59.12:770][423]LogPlayLevel: Creating play world package: /Game/Mapas/Menu/UEDPIE_0_MainMenu
[2025.11.24-19.59.12:771][423]LogPlayLevel: PIE: StaticDuplicateObject took: (0.001668s)
[2025.11.24-19.59.12:773][423]LogAIModule: Creating AISystem for world MainMenu
[2025.11.24-19.59.12:773][423]LogPlayLevel: PIE: World Init took: (0.001269s)
[2025.11.24-19.59.12:773][423]LogPlayLevel: PIE: Created PIE world by copying editor world from /Game/Mapas/Menu/MainMenu.MainMenu to /Game/Mapas/Menu/UEDPIE_0_MainMenu.MainMenu (0.003136s)
[2025.11.24-19.59.12:819][423]LogUObjectHash: Compacting FUObjectHashTables data took   3.72ms
[2025.11.24-19.59.12:820][423]LogAudio: Display: Creating Audio Device:                 Id: 25, Scope: Unique, Realtime: True
[2025.11.24-19.59.12:820][423]LogAudioMixer: Display: Audio Mixer Platform Settings:
[2025.11.24-19.59.12:820][423]LogAudioMixer: Display: 	Sample Rate:						  48000
[2025.11.24-19.59.12:820][423]LogAudioMixer: Display: 	Callback Buffer Frame Size Requested: 1024
[2025.11.24-19.59.12:820][423]LogAudioMixer: Display: 	Callback Buffer Frame Size To Use:	  1024
[2025.11.24-19.59.12:820][423]LogAudioMixer: Display: 	Number of buffers to queue:			  2
[2025.11.24-19.59.12:820][423]LogAudioMixer: Display: 	Max Channels (voices):				  32
[2025.11.24-19.59.12:820][423]LogAudioMixer: Display: 	Number of Async Source Workers:		  0
[2025.11.24-19.59.12:820][423]LogAudio: Display: AudioDevice MaxSources: 32
[2025.11.24-19.59.12:820][423]LogAudio: Display: Audio Spatialization Plugin: None (built-in).
[2025.11.24-19.59.12:820][423]LogAudio: Display: Audio Reverb Plugin: None (built-in).
[2025.11.24-19.59.12:820][423]LogAudio: Display: Audio Occlusion Plugin: None (built-in).
[2025.11.24-19.59.12:820][423]LogAudioMixer: Display: Initializing audio mixer.
[2025.11.24-19.59.12:826][423]LogAudioMixer: Display: 0: FrontLeft
[2025.11.24-19.59.12:826][423]LogAudioMixer: Display: 1: FrontRight
[2025.11.24-19.59.12:834][423]LogAudioMixer: Display: Using Audio Device Alto-falantes (Realtek(R) Audio)
[2025.11.24-19.59.12:835][423]LogAudioMixer: Display: Initializing Sound Submixes...
[2025.11.24-19.59.12:835][423]LogAudioMixer: Display: Creating Master Submix 'MasterSubmixDefault'
[2025.11.24-19.59.12:835][423]LogAudioMixer: Display: Creating Master Submix 'MasterReverbSubmixDefault'
[2025.11.24-19.59.12:835][423]LogAudioMixer: Display: Creating Master Submix 'MasterEQSubmixDefault'
[2025.11.24-19.59.12:835][423]LogAudioMixer: FMixerPlatformXAudio2::StartAudioStream() called
[2025.11.24-19.59.12:835][423]LogAudioMixer: Display: Output buffers initialized: Frames=1024, Channels=2, Samples=2048
[2025.11.24-19.59.12:837][423]LogAudioMixer: Display: Starting AudioMixerPlatformInterface::RunInternal()
[2025.11.24-19.59.12:837][423]LogAudioMixer: Display: FMixerPlatformXAudio2::SubmitBuffer() called for the first time
[2025.11.24-19.59.12:837][423]LogInit: FAudioDevice initialized.
[2025.11.24-19.59.12:837][423]LogAudio: Display: Audio Device (ID: 25) registered with world 'MainMenu'.
[2025.11.24-19.59.12:845][423]LogLoad: Game class is 'GameMode'
[2025.11.24-19.59.12:846][423]LogWorld: Bringing World /Game/Mapas/Menu/UEDPIE_0_MainMenu.MainMenu up for play (max tick rate 60) at 2025.11.24-16.59.12
[2025.11.24-19.59.12:846][423]LogWorld: Bringing up level for play took: 0.000372
[2025.11.24-19.59.12:846][423]LogOnline: OSS: Creating online subsystem instance for: :Context_44
[2025.11.24-19.59.12:847][423]LogGameMode: Display: Match State Changed from EnteringMap to WaitingToStart
[2025.11.24-19.59.12:847][423]LogGameState: Match State Changed from EnteringMap to WaitingToStart
[2025.11.24-19.59.12:849][423]LogGameMode: Display: Match State Changed from WaitingToStart to InProgress
[2025.11.24-19.59.12:850][423]LogGameState: Match State Changed from WaitingToStart to InProgress
[2025.11.24-19.59.12:850][423]PIE: Server logged in
[2025.11.24-19.59.12:851][423]PIE: Play in editor total start time 0.119 seconds.
[2025.11.24-19.59.16:590][645]LogGameMode: Display: Match State Changed from InProgress to LeavingMap
[2025.11.24-19.59.16:590][645]LogGameState: Match State Changed from InProgress to LeavingMap
[2025.11.24-19.59.16:590][645]LogNet: Browse: /Game/Mapas/Fases/MapaInicialAr/MapaInicial
[2025.11.24-19.59.16:590][645]LogLoad: LoadMap: /Game/Mapas/Fases/MapaInicialAr/MapaInicial
[2025.11.24-19.59.16:590][645]LogWorld: BeginTearingDown for /Game/Mapas/Menu/UEDPIE_0_MainMenu
[2025.11.24-19.59.16:591][645]LogWorld: UWorld::CleanupWorld for MainMenu, bSessionEnded=true, bCleanupResources=true
[2025.11.24-19.59.16:591][645]LogSlate: InvalidateAllWidgets triggered.  All widgets were invalidated
[2025.11.24-19.59.16:674][645]LogAudio: Display: Audio Device unregistered from world 'None'.
[2025.11.24-19.59.16:678][645]LogUObjectHash: Compacting FUObjectHashTables data took   3.59ms
[2025.11.24-19.59.16:689][645]LogAudio: Display: Audio Device (ID: 25) registered with world 'MapaInicial'.
[2025.11.24-19.59.16:691][645]LogAIModule: Creating AISystem for world MapaInicial
[2025.11.24-19.59.16:691][645]LogLoad: Game class is 'GameModeRL_C'
[2025.11.24-19.59.16:693][645]LogWorld: Bringing World /Game/Mapas/Fases/MapaInicialAr/UEDPIE_0_MapaInicial.MapaInicial up for play (max tick rate 60) at 2025.11.24-16.59.16
[2025.11.24-19.59.16:693][645]LogWorld: Bringing up level for play took: 0.001782
[2025.11.24-19.59.16:695][645]LogLoad: Took 0.105121 seconds to LoadMap(/Game/Mapas/Fases/MapaInicialAr/MapaInicial)
[2025.11.24-19.59.21:686][944]LogNet: Browse: /Game/Mapas/Fases/MapadeTeste/MapadeTeste
[2025.11.24-19.59.21:686][944]LogLoad: LoadMap: /Game/Mapas/Fases/MapadeTeste/MapadeTeste
[2025.11.24-19.59.21:686][944]LogWorld: BeginTearingDown for /Game/Mapas/Fases/MapaInicialAr/UEDPIE_0_MapaInicial
[2025.11.24-19.59.21:686][944]LogWorld: UWorld::CleanupWorld for MapaInicial, bSessionEnded=true, bCleanupResources=true
[2025.11.24-19.59.21:687][944]LogSlate: InvalidateAllWidgets triggered.  All widgets were invalidated
[2025.11.24-19.59.21:753][944]LogAudio: Display: Audio Device unregistered from world 'None'.
[2025.11.24-19.59.21:759][944]LogUObjectHash: Compacting FUObjectHashTables data took   4.24ms
[2025.11.24-19.59.21:791][944]LogAudio: Display: Audio Device (ID: 25) registered with world 'MapadeTeste'.
[2025.11.24-19.59.21:791][944]LogAIModule: Creating AISystem for world MapadeTeste
[2025.11.24-19.59.21:792][944]LogLoad: Game class is 'GameModeRL_C'
[2025.11.24-19.59.21:794][944]LogWorld: Bringing World /Game/Mapas/Fases/MapadeTeste/UEDPIE_0_MapadeTeste.MapadeTeste up for play (max tick rate 60) at 2025.11.24-16.59.21
[2025.11.24-19.59.21:794][944]LogWorld: Bringing up level for play took: 0.002254
[2025.11.24-19.59.21:798][944]LogLoad: Took 0.111462 seconds to LoadMap(/Game/Mapas/Fases/MapadeTeste/MapadeTeste)
[2025.11.24-19.59.26:639][234]LogViewport: Display: Viewport MouseLockMode Changed, LockOnCapture -> DoNotLock
[2025.11.24-19.59.26:639][234]LogViewport: Display: Viewport HideCursorDuringCapture Changed, False -> True
[2025.11.24-19.59.26:639][234]LogViewport: Display: Viewport MouseCaptureMode Changed, CapturePermanently_IncludingInitialMouseDown -> CaptureDuringMouseDown
[2025.11.24-19.59.28:939][372]LogViewport: Display: Viewport MouseLockMode Changed, DoNotLock -> LockOnCapture
[2025.11.24-19.59.28:939][372]LogViewport: Display: Viewport MouseCaptureMode Changed, CaptureDuringMouseDown -> CapturePermanently
[2025.11.24-19.59.32:291][571]LogSlate: Updating window title bar state: overlay mode, drag disabled, window buttons hidden, title bar hidden
[2025.11.24-19.59.32:291][571]LogWorld: BeginTearingDown for /Game/Mapas/Fases/MapadeTeste/UEDPIE_0_MapadeTeste
[2025.11.24-19.59.32:291][571]LogWorld: UWorld::CleanupWorld for MapadeTeste, bSessionEnded=true, bCleanupResources=true
[2025.11.24-19.59.32:292][571]LogSlate: InvalidateAllWidgets triggered.  All widgets were invalidated
[2025.11.24-19.59.32:301][571]LogPlayLevel: Display: Shutting down PIE online subsystems
[2025.11.24-19.59.32:309][571]LogSlate: InvalidateAllWidgets triggered.  All widgets were invalidated
[2025.11.24-19.59.32:351][571]LogSlate: Updating window title bar state: overlay mode, drag disabled, window buttons hidden, title bar hidden
[2025.11.24-19.59.32:351][571]LogAudioMixer: FMixerPlatformXAudio2::StopAudioStream() called
[2025.11.24-19.59.32:352][571]LogAudioMixer: FMixerPlatformXAudio2::StopAudioStream() called
[2025.11.24-19.59.32:359][571]LogUObjectHash: Compacting FUObjectHashTables data took   3.71ms
[2025.11.24-19.59.32:383][572]LogPlayLevel: Display: Destroying online subsystem :Context_44
[2025.11.24-19.59.33:544][641]LogTemp: Repeating last play command: Selected Viewport
[2025.11.24-19.59.33:553][641]LogPlayLevel: PlayLevel: No blueprints needed recompiling
[2025.11.24-19.59.33:553][641]PIE: New page: PIE session: MainMenu (Nov 24, 2025, 1:59:33 PM)
[2025.11.24-19.59.33:590][641]LogPlayLevel: Creating play world package: /Game/Mapas/Menu/UEDPIE_0_MainMenu
[2025.11.24-19.59.33:591][641]LogPlayLevel: PIE: StaticDuplicateObject took: (0.001819s)
[2025.11.24-19.59.33:592][641]LogAIModule: Creating AISystem for world MainMenu
[2025.11.24-19.59.33:593][641]LogPlayLevel: PIE: World Init took: (0.001364s)
[2025.11.24-19.59.33:593][641]LogPlayLevel: PIE: Created PIE world by copying editor world from /Game/Mapas/Menu/MainMenu.MainMenu to /Game/Mapas/Menu/UEDPIE_0_MainMenu.MainMenu (0.003424s)
[2025.11.24-19.59.33:643][641]LogUObjectHash: Compacting FUObjectHashTables data took   3.82ms
[2025.11.24-19.59.33:644][641]LogAudio: Display: Creating Audio Device:                 Id: 26, Scope: Unique, Realtime: True
[2025.11.24-19.59.33:644][641]LogAudioMixer: Display: Audio Mixer Platform Settings:
[2025.11.24-19.59.33:644][641]LogAudioMixer: Display: 	Sample Rate:						  48000
[2025.11.24-19.59.33:644][641]LogAudioMixer: Display: 	Callback Buffer Frame Size Requested: 1024
[2025.11.24-19.59.33:644][641]LogAudioMixer: Display: 	Callback Buffer Frame Size To Use:	  1024
[2025.11.24-19.59.33:644][641]LogAudioMixer: Display: 	Number of buffers to queue:			  2
[2025.11.24-19.59.33:644][641]LogAudioMixer: Display: 	Max Channels (voices):				  32
[2025.11.24-19.59.33:644][641]LogAudioMixer: Display: 	Number of Async Source Workers:		  0
[2025.11.24-19.59.33:644][641]LogAudio: Display: AudioDevice MaxSources: 32
[2025.11.24-19.59.33:644][641]LogAudio: Display: Audio Spatialization Plugin: None (built-in).
[2025.11.24-19.59.33:644][641]LogAudio: Display: Audio Reverb Plugin: None (built-in).
[2025.11.24-19.59.33:644][641]LogAudio: Display: Audio Occlusion Plugin: None (built-in).
[2025.11.24-19.59.33:644][641]LogAudioMixer: Display: Initializing audio mixer.
[2025.11.24-19.59.33:650][641]LogAudioMixer: Display: 0: FrontLeft
[2025.11.24-19.59.33:650][641]LogAudioMixer: Display: 1: FrontRight
[2025.11.24-19.59.33:657][641]LogAudioMixer: Display: Using Audio Device Alto-falantes (Realtek(R) Audio)
[2025.11.24-19.59.33:657][641]LogAudioMixer: Display: Initializing Sound Submixes...
[2025.11.24-19.59.33:657][641]LogAudioMixer: Display: Creating Master Submix 'MasterSubmixDefault'
[2025.11.24-19.59.33:658][641]LogAudioMixer: Display: Creating Master Submix 'MasterReverbSubmixDefault'
[2025.11.24-19.59.33:658][641]LogAudioMixer: Display: Creating Master Submix 'MasterEQSubmixDefault'
[2025.11.24-19.59.33:658][641]LogAudioMixer: FMixerPlatformXAudio2::StartAudioStream() called
[2025.11.24-19.59.33:658][641]LogAudioMixer: Display: Output buffers initialized: Frames=1024, Channels=2, Samples=2048
[2025.11.24-19.59.33:660][641]LogAudioMixer: Display: Starting AudioMixerPlatformInterface::RunInternal()
[2025.11.24-19.59.33:660][641]LogAudioMixer: Display: FMixerPlatformXAudio2::SubmitBuffer() called for the first time
[2025.11.24-19.59.33:660][641]LogInit: FAudioDevice initialized.
[2025.11.24-19.59.33:660][641]LogAudio: Display: Audio Device (ID: 26) registered with world 'MainMenu'.
[2025.11.24-19.59.33:670][641]LogLoad: Game class is 'GameMode'
[2025.11.24-19.59.33:670][641]LogWorld: Bringing World /Game/Mapas/Menu/UEDPIE_0_MainMenu.MainMenu up for play (max tick rate 60) at 2025.11.24-16.59.33
[2025.11.24-19.59.33:671][641]LogWorld: Bringing up level for play took: 0.000436
[2025.11.24-19.59.33:671][641]LogOnline: OSS: Creating online subsystem instance for: :Context_45
[2025.11.24-19.59.33:674][641]LogGameMode: Display: Match State Changed from EnteringMap to WaitingToStart
[2025.11.24-19.59.33:674][641]LogGameState: Match State Changed from EnteringMap to WaitingToStart
[2025.11.24-19.59.33:674][641]LogGameMode: Display: Match State Changed from WaitingToStart to InProgress
[2025.11.24-19.59.33:675][641]LogGameState: Match State Changed from WaitingToStart to InProgress
[2025.11.24-19.59.33:675][641]PIE: Server logged in
[2025.11.24-19.59.33:676][641]PIE: Play in editor total start time 0.124 seconds.
[2025.11.24-19.59.36:411][805]LogGameMode: Display: Match State Changed from InProgress to LeavingMap
[2025.11.24-19.59.36:411][805]LogGameState: Match State Changed from InProgress to LeavingMap
[2025.11.24-19.59.36:412][805]LogNet: Browse: /Game/Mapas/Fases/MapaInicialAr/MapaInicial
[2025.11.24-19.59.36:412][805]LogLoad: LoadMap: /Game/Mapas/Fases/MapaInicialAr/MapaInicial
[2025.11.24-19.59.36:412][805]LogWorld: BeginTearingDown for /Game/Mapas/Menu/UEDPIE_0_MainMenu
[2025.11.24-19.59.36:412][805]LogWorld: UWorld::CleanupWorld for MainMenu, bSessionEnded=true, bCleanupResources=true
[2025.11.24-19.59.36:412][805]LogSlate: InvalidateAllWidgets triggered.  All widgets were invalidated
[2025.11.24-19.59.36:482][805]LogAudio: Display: Audio Device unregistered from world 'None'.
[2025.11.24-19.59.36:486][805]LogUObjectHash: Compacting FUObjectHashTables data took   3.72ms
[2025.11.24-19.59.36:499][805]LogAudio: Display: Audio Device (ID: 26) registered with world 'MapaInicial'.
[2025.11.24-19.59.36:500][805]LogAIModule: Creating AISystem for world MapaInicial
[2025.11.24-19.59.36:501][805]LogLoad: Game class is 'GameModeRL_C'
[2025.11.24-19.59.36:505][805]LogWorld: Bringing World /Game/Mapas/Fases/MapaInicialAr/UEDPIE_0_MapaInicial.MapaInicial up for play (max tick rate 60) at 2025.11.24-16.59.36
[2025.11.24-19.59.36:505][805]LogWorld: Bringing up level for play took: 0.002764
[2025.11.24-19.59.36:507][805]LogLoad: Took 0.094613 seconds to LoadMap(/Game/Mapas/Fases/MapaInicialAr/MapaInicial)
[2025.11.24-19.59.39:697][996]LogNet: Browse: /Game/Mapas/Fases/MapadeTeste/MapadeTeste
[2025.11.24-19.59.39:697][996]LogLoad: LoadMap: /Game/Mapas/Fases/MapadeTeste/MapadeTeste
[2025.11.24-19.59.39:697][996]LogWorld: BeginTearingDown for /Game/Mapas/Fases/MapaInicialAr/UEDPIE_0_MapaInicial
[2025.11.24-19.59.39:698][996]LogWorld: UWorld::CleanupWorld for MapaInicial, bSessionEnded=true, bCleanupResources=true
[2025.11.24-19.59.39:698][996]LogSlate: InvalidateAllWidgets triggered.  All widgets were invalidated
[2025.11.24-19.59.39:764][996]LogAudio: Display: Audio Device unregistered from world 'None'.
[2025.11.24-19.59.39:769][996]LogUObjectHash: Compacting FUObjectHashTables data took   4.07ms
[2025.11.24-19.59.39:801][996]LogAudio: Display: Audio Device (ID: 26) registered with world 'MapadeTeste'.
[2025.11.24-19.59.39:802][996]LogAIModule: Creating AISystem for world MapadeTeste
[2025.11.24-19.59.39:802][996]LogLoad: Game class is 'GameModeRL_C'
[2025.11.24-19.59.39:804][996]LogWorld: Bringing World /Game/Mapas/Fases/MapadeTeste/UEDPIE_0_MapadeTeste.MapadeTeste up for play (max tick rate 60) at 2025.11.24-16.59.39
[2025.11.24-19.59.39:805][996]LogWorld: Bringing up level for play took: 0.002332
[2025.11.24-19.59.39:807][996]LogLoad: Took 0.110056 seconds to LoadMap(/Game/Mapas/Fases/MapadeTeste/MapadeTeste)
[2025.11.24-19.59.43:971][243]LogSlate: Updating window title bar state: overlay mode, drag disabled, window buttons hidden, title bar hidden
[2025.11.24-19.59.43:971][243]LogWorld: BeginTearingDown for /Game/Mapas/Fases/MapadeTeste/UEDPIE_0_MapadeTeste
[2025.11.24-19.59.43:971][243]LogWorld: UWorld::CleanupWorld for MapadeTeste, bSessionEnded=true, bCleanupResources=true
[2025.11.24-19.59.43:972][243]LogSlate: InvalidateAllWidgets triggered.  All widgets were invalidated
[2025.11.24-19.59.43:981][243]LogPlayLevel: Display: Shutting down PIE online subsystems
[2025.11.24-19.59.43:990][243]LogSlate: InvalidateAllWidgets triggered.  All widgets were invalidated
[2025.11.24-19.59.44:033][243]LogSlate: Updating window title bar state: overlay mode, drag disabled, window buttons hidden, title bar hidden
[2025.11.24-19.59.44:035][243]LogAudioMixer: FMixerPlatformXAudio2::StopAudioStream() called
[2025.11.24-19.59.44:036][243]LogAudioMixer: FMixerPlatformXAudio2::StopAudioStream() called
[2025.11.24-19.59.44:042][243]LogUObjectHash: Compacting FUObjectHashTables data took   3.59ms
[2025.11.24-19.59.44:066][244]LogPlayLevel: Display: Destroying online subsystem :Context_45
[2025.11.24-20.00.16:472][687]LogAssetEditorSubsystem: Opening Asset editor for Texture2D /Game/Mapas/Menu/20251116_1503_Santuário_Pixelizado_Surreal_simple_compose_01ka6x6sfkf9y9ke2293ankb5d.20251116_1503_Santuário_Pixelizado_Surreal_simple_compose_01ka6x6sfkf9y9ke2293ankb5d
[2025.11.24-20.00.16:492][687]LogNativeClassHierarchy: Verbose: Native class hierarchy updated for 'TextureEditor' in 0.0009 seconds. Added 1 classes and 2 folders.
[2025.11.24-20.00.18:925][797]LogSlate: Window '20251116_1503_Santuário_Pixelizado_Surreal_simple_compose_01ka6x6sfkf9y9ke2293ankb5d' being destroyed
[2025.11.24-20.00.18:932][797]LogSlate: Window '20251116_1503_Santuário_Pixelizado_Surreal_simple_compose_01ka6x6sfkf9y9ke2293ankb5d' being destroyed
[2025.11.24-20.00.21:505][942]LogUObjectHash: Compacting FUObjectHashTables data took  10.62ms
[2025.11.24-20.00.22:574][942]LogSlate: Window 'Delete Assets' being destroyed
[2025.11.24-20.00.22:893][942]LogUObjectHash: Compacting FUObjectHashTables data took   5.89ms
[2025.11.24-20.00.22:958][942]LogUObjectHash: Compacting FUObjectHashTables data took   3.48ms
[2025.11.24-20.00.23:006][942]LogUObjectHash: Compacting FUObjectHashTables data took   0.95ms
[2025.11.24-20.00.30:841][407]Cmd: OBJ SAVEPACKAGE PACKAGE="/Game/Player/Blueprints/Player_BP" FILE="E:/Unreal/Fumec_DevGames/Content/Player/Blueprints/Player_BP.uasset" SILENT=true
[2025.11.24-20.00.30:942][407]LogSavePackage: Moving 'E:/Unreal/Fumec_DevGames/Saved/Player_BP1E5A68054CFD429AED74AF991D516469.tmp' to 'E:/Unreal/Fumec_DevGames/Content/Player/Blueprints/Player_BP.uasset'
[2025.11.24-20.00.30:964][407]AssetCheck: New page: Asset Save: Player_BP
[2025.11.24-20.00.30:964][407]LogContentValidation: Display: Validating Blueprint /Game/Player/Blueprints/Player_BP.Player_BP
[2025.11.24-20.01.11:550][748]LogContentBrowser: Deferred new asset folder creation: NewFolder
[2025.11.24-20.01.11:567][748]LogContentBrowser: Creating deferred item: NewFolder
[2025.11.24-20.01.13:503][865]LogContentBrowser: Attempting asset rename: NewFolder -> IA
[2025.11.24-20.01.13:504][865]LogContentBrowser: End creating deferred item NewFolder
[2025.11.24-20.03.51:848][ 49]LogContentBrowser: Deferred new asset file creation: NewBlackboardData
[2025.11.24-20.03.51:868][ 49]LogContentBrowser: Creating deferred item: NewBlackboardData
[2025.11.24-20.04.02:339][678]LogContentBrowser: Attempting asset rename: NewBlackboardData -> BlackBoardInimigoBase
[2025.11.24-20.04.02:345][678]LogContentBrowser: End creating deferred item NewBlackboardData
[2025.11.24-20.04.03:639][754]Cmd: OBJ SAVEPACKAGE PACKAGE="/Game/Inimigos/IA/BlackBoardInimigoBase" FILE="E:/Unreal/Fumec_DevGames/Content/Inimigos/IA/BlackBoardInimigoBase.uasset" SILENT=true
[2025.11.24-20.04.03:641][754]LogSavePackage: Moving 'E:/Unreal/Fumec_DevGames/Saved/BlackBoardInimigoBase01A1F2ED4BCF62F3636B4CA6E0DEE78F.tmp' to 'E:/Unreal/Fumec_DevGames/Content/Inimigos/IA/BlackBoardInimigoBase.uasset'
[2025.11.24-20.04.03:668][754]AssetCheck: New page: Asset Save: BlackBoardInimigoBase
[2025.11.24-20.04.03:668][754]LogContentValidation: Display: Validating BlackboardData /Game/Inimigos/IA/BlackBoardInimigoBase.BlackBoardInimigoBase
[2025.11.24-20.04.43:350][246]LogAssetEditorSubsystem: Opening Asset editor for BlackboardData /Game/Inimigos/IA/BlackBoardInimigoBase.BlackBoardInimigoBase
[2025.11.24-20.04.46:666][436]LogSlate: Window 'BlackBoardInimigoBase' being destroyed
[2025.11.24-20.04.48:293][533]LogWorld: UWorld::CleanupWorld for World_3, bSessionEnded=true, bCleanupResources=true
[2025.11.24-20.04.48:293][533]LogSlate: InvalidateAllWidgets triggered.  All widgets were invalidated
[2025.11.24-20.04.48:308][533]LogWorld: UWorld::CleanupWorld for World_2, bSessionEnded=true, bCleanupResources=true
[2025.11.24-20.04.48:308][533]LogSlate: InvalidateAllWidgets triggered.  All widgets were invalidated
[2025.11.24-20.04.50:103][634]LogWorld: UWorld::CleanupWorld for World_5, bSessionEnded=true, bCleanupResources=true
[2025.11.24-20.04.50:103][634]LogSlate: InvalidateAllWidgets triggered.  All widgets were invalidated
[2025.11.24-20.04.51:341][701]LogWorld: UWorld::CleanupWorld for World_24, bSessionEnded=true, bCleanupResources=true
[2025.11.24-20.04.51:341][701]LogSlate: InvalidateAllWidgets triggered.  All widgets were invalidated
[2025.11.24-20.04.51:355][701]LogWorld: UWorld::CleanupWorld for World_23, bSessionEnded=true, bCleanupResources=true
[2025.11.24-20.04.51:355][701]LogSlate: InvalidateAllWidgets triggered.  All widgets were invalidated
[2025.11.24-20.04.52:585][769]LogActorComponent: UnregisterComponent: (/Engine/Transient.EditorFloorComp) Not registered. Aborting.
[2025.11.24-20.04.52:585][769]LogWorld: UWorld::CleanupWorld for World_27, bSessionEnded=true, bCleanupResources=true
[2025.11.24-20.04.52:585][769]LogSlate: InvalidateAllWidgets triggered.  All widgets were invalidated
[2025.11.24-20.04.53:116][795]LogActorComponent: UnregisterComponent: (/Engine/Transient.EditorFloorComp) Not registered. Aborting.
[2025.11.24-20.04.53:116][795]LogWorld: UWorld::CleanupWorld for World_29, bSessionEnded=true, bCleanupResources=true
[2025.11.24-20.04.53:116][795]LogSlate: InvalidateAllWidgets triggered.  All widgets were invalidated
[2025.11.24-20.04.54:175][853]LogWorld: UWorld::CleanupWorld for World_32, bSessionEnded=true, bCleanupResources=true
[2025.11.24-20.04.54:175][853]LogSlate: InvalidateAllWidgets triggered.  All widgets were invalidated
[2025.11.24-20.26.44:347][503]LogContentBrowser: Deferred new asset file creation: NewBehaviorTree
[2025.11.24-20.26.44:373][503]LogContentBrowser: Creating deferred item: NewBehaviorTree
[2025.11.24-20.26.50:911][896]LogContentBrowser: Attempting asset rename: NewBehaviorTree -> IA_InimigoBase
[2025.11.24-20.26.50:912][896]LogContentBrowser: End creating deferred item NewBehaviorTree
[2025.11.24-20.26.56:943][ 46]Cmd: OBJ SAVEPACKAGE PACKAGE="/Game/Inimigos/IA/IA_InimigoBase" FILE="E:/Unreal/Fumec_DevGames/Content/Inimigos/IA/IA_InimigoBase.uasset" SILENT=true
[2025.11.24-20.26.56:944][ 46]LogSavePackage: Moving 'E:/Unreal/Fumec_DevGames/Saved/IA_InimigoBase256D65F74141AB57569CE5AA85D2EF24.tmp' to 'E:/Unreal/Fumec_DevGames/Content/Inimigos/IA/IA_InimigoBase.uasset'
[2025.11.24-20.26.56:976][ 46]AssetCheck: New page: Asset Save: IA_InimigoBase
[2025.11.24-20.26.56:976][ 46]LogContentValidation: Display: Validating BehaviorTree /Game/Inimigos/IA/IA_InimigoBase.IA_InimigoBase
[2025.11.24-20.27.01:982][230]LogAssetEditorSubsystem: Opening Asset editor for BehaviorTree /Game/Inimigos/IA/IA_InimigoBase.IA_InimigoBase
[2025.11.24-20.28.01:255][567]LogUObjectHash: Compacting FUObjectHashTables data took   6.10ms
[2025.11.24-20.28.01:265][567]LogFileHelpers: Editor autosave (incl. external actors) for '/Game/Mapas/Menu/MainMenu' took 0.196
[2025.11.24-20.28.01:266][567]OBJ SavePackage: Generating thumbnails for [0] asset(s) in package [/Game/Inimigos/IA/IA_InimigoBase] ([1] browsable assets)...
[2025.11.24-20.28.01:267][567]OBJ SavePackage: Finished generating thumbnails for package [/Game/Inimigos/IA/IA_InimigoBase]
[2025.11.24-20.28.01:267][567]Cmd: OBJ SAVEPACKAGE PACKAGE="/Game/Inimigos/IA/IA_InimigoBase" FILE="E:/Unreal/Fumec_DevGames/Saved/Autosaves/Game/Inimigos/IA/IA_InimigoBase_Auto3.uasset" SILENT=false AUTOSAVING=true
[2025.11.24-20.28.01:269][567]LogSavePackage: Moving 'E:/Unreal/Fumec_DevGames/Saved/IA_InimigoBase_Auto3DF39C3CE4B1AF66B53ABE38F63CEE769.tmp' to 'E:/Unreal/Fumec_DevGames/Saved/Autosaves/Game/Inimigos/IA/IA_InimigoBase_Auto3.uasset'
[2025.11.24-20.28.01:269][567]LogFileHelpers: Auto-saving content packages took 0.004
[2025.11.24-20.31.16:442][213]LogUObjectHash: Compacting FUObjectHashTables data took   8.55ms
[2025.11.24-20.31.16:472][213]Cmd: OBJ SAVEPACKAGE PACKAGE="/Game/Inimigos/IA/IA_InimigoBase" FILE="E:/Unreal/Fumec_DevGames/Content/Inimigos/IA/IA_InimigoBase.uasset" SILENT=true
[2025.11.24-20.31.16:474][213]LogSavePackage: Moving 'E:/Unreal/Fumec_DevGames/Saved/IA_InimigoBaseBD56E97343AB0A56E7612D8BB5132D4F.tmp' to 'E:/Unreal/Fumec_DevGames/Content/Inimigos/IA/IA_InimigoBase.uasset'
[2025.11.24-20.31.16:497][213]AssetCheck: New page: Asset Save: IA_InimigoBase
[2025.11.24-20.31.16:497][213]LogContentValidation: Display: Validating BehaviorTree /Game/Inimigos/IA/IA_InimigoBase.IA_InimigoBase
[2025.11.24-20.31.16:918][236]LogUObjectHash: Compacting FUObjectHashTables data took   0.85ms
[2025.11.24-20.38.01:682][935]LogUObjectHash: Compacting FUObjectHashTables data took   2.13ms
[2025.11.24-20.38.01:683][935]LogFileHelpers: Editor autosave (incl. external actors) for '/Game/Mapas/Menu/MainMenu' took 0.024
[2025.11.24-20.38.01:684][935]OBJ SavePackage: Generating thumbnails for [0] asset(s) in package [/Game/Inimigos/IA/IA_InimigoBase] ([1] browsable assets)...
[2025.11.24-20.38.01:684][935]OBJ SavePackage: Finished generating thumbnails for package [/Game/Inimigos/IA/IA_InimigoBase]
[2025.11.24-20.38.01:684][935]Cmd: OBJ SAVEPACKAGE PACKAGE="/Game/Inimigos/IA/IA_InimigoBase" FILE="E:/Unreal/Fumec_DevGames/Saved/Autosaves/Game/Inimigos/IA/IA_InimigoBase_Auto4.uasset" SILENT=false AUTOSAVING=true
[2025.11.24-20.38.01:685][935]LogSavePackage: Moving 'E:/Unreal/Fumec_DevGames/Saved/IA_InimigoBase_Auto4E6DD4CB049779F1899A4E49B86A76D5D.tmp' to 'E:/Unreal/Fumec_DevGames/Saved/Autosaves/Game/Inimigos/IA/IA_InimigoBase_Auto4.uasset'
[2025.11.24-20.38.01:687][935]LogFileHelpers: Auto-saving content packages took 0.003
[2025.11.24-20.39.17:969][830]LogSlate: Prevented a slow task dialog from being summoned while a context menu was open
[2025.11.24-20.39.18:020][830]LogEditorClassViewer: Warning: Class /Engine/Tutorial/InWorldBlueprintEditing/TutorialAssets/IWBE_Blutility.IWBE_Blutility_C has parent /Script/Blutility.PlacedEditorUtilityBase, but this parent is not found. The Class will not be shown in ClassViewer.
[2025.11.24-20.39.57:605][480]Cmd: OBJ SAVEPACKAGE PACKAGE="/Game/Inimigos/IA/IA_InimigoBase" FILE="E:/Unreal/Fumec_DevGames/Content/Inimigos/IA/IA_InimigoBase.uasset" SILENT=true
[2025.11.24-20.39.57:608][480]LogSavePackage: Moving 'E:/Unreal/Fumec_DevGames/Saved/IA_InimigoBase118149904A117473CBED67B2279A3F0E.tmp' to 'E:/Unreal/Fumec_DevGames/Content/Inimigos/IA/IA_InimigoBase.uasset'
[2025.11.24-20.39.57:641][480]AssetCheck: New page: Asset Save: IA_InimigoBase
[2025.11.24-20.39.57:641][480]LogContentValidation: Display: Validating BehaviorTree /Game/Inimigos/IA/IA_InimigoBase.IA_InimigoBase
[2025.11.24-20.40.44:718][400]Cmd: OBJ SAVEPACKAGE PACKAGE="/Game/Inimigos/IA/IA_InimigoBase" FILE="E:/Unreal/Fumec_DevGames/Content/Inimigos/IA/IA_InimigoBase.uasset" SILENT=true
[2025.11.24-20.40.44:721][400]LogSavePackage: Moving 'E:/Unreal/Fumec_DevGames/Saved/IA_InimigoBaseFB23C7A341612383F8DDAA8EE48853E7.tmp' to 'E:/Unreal/Fumec_DevGames/Content/Inimigos/IA/IA_InimigoBase.uasset'
[2025.11.24-20.40.44:743][400]AssetCheck: New page: Asset Save: IA_InimigoBase
[2025.11.24-20.40.44:744][400]LogContentValidation: Display: Validating BehaviorTree /Game/Inimigos/IA/IA_InimigoBase.IA_InimigoBase
[2025.11.24-20.41.18:742][771]LogSlate: Window 'Pick Parent Class' being destroyed
[2025.11.24-20.41.18:758][771]LogContentBrowser: Deferred new asset file creation: NewBlueprint
[2025.11.24-20.41.18:775][771]LogContentBrowser: Creating deferred item: NewBlueprint
[2025.11.24-20.41.33:154][634]LogContentBrowser: Attempting asset rename: NewBlueprint -> IAControlerIniBase
[2025.11.24-20.41.33:161][634]LogPackageName: SearchForPackageOnDisk took   0.000s, but failed to resolve /Game/Inimigos/IA/IAControlerIniBase.
[2025.11.24-20.41.33:162][634]LogContentBrowser: End creating deferred item NewBlueprint
[2025.11.24-20.41.34:152][692]Cmd: OBJ SAVEPACKAGE PACKAGE="/Game/Inimigos/IA/IAControlerIniBase" FILE="E:/Unreal/Fumec_DevGames/Content/Inimigos/IA/IAControlerIniBase.uasset" SILENT=true
[2025.11.24-20.41.34:160][692]LogSavePackage: Moving 'E:/Unreal/Fumec_DevGames/Saved/IAControlerIniBaseFB4A231D46FAA87F2F8187AF7B132343.tmp' to 'E:/Unreal/Fumec_DevGames/Content/Inimigos/IA/IAControlerIniBase.uasset'
[2025.11.24-20.41.34:175][692]LogPackageName: SearchForPackageOnDisk took   0.000s to resolve /Game/Inimigos/IA/IAControlerIniBase.
[2025.11.24-20.41.34:183][692]AssetCheck: New page: Asset Save: IAControlerIniBase
[2025.11.24-20.41.34:183][692]LogContentValidation: Display: Validating Blueprint /Game/Inimigos/IA/IAControlerIniBase.IAControlerIniBase
[2025.11.24-20.41.35:098][747]LogWindowsTextInputMethodSystem: Display: IME system deactivated.
[2025.11.24-20.41.35:098][747]LogWindowsTextInputMethodSystem: Display: IME system deactivated.
[2025.11.24-20.41.35:534][771]Cmd: OBJ SAVEPACKAGE PACKAGE="/Game/Inimigos/IA/BlackBoardInimigoBase" FILE="E:/Unreal/Fumec_DevGames/Content/Inimigos/IA/BlackBoardInimigoBase.uasset" SILENT=true
[2025.11.24-20.41.35:535][771]LogSavePackage: Moving 'E:/Unreal/Fumec_DevGames/Saved/BlackBoardInimigoBase3E7B015F4E18393F47B161BB403DD5FC.tmp' to 'E:/Unreal/Fumec_DevGames/Content/Inimigos/IA/BlackBoardInimigoBase.uasset'
[2025.11.24-20.41.35:556][771]AssetCheck: New page: Asset Save: BlackBoardInimigoBase
[2025.11.24-20.41.35:556][771]LogContentValidation: Display: Validating BlackboardData /Game/Inimigos/IA/BlackBoardInimigoBase.BlackBoardInimigoBase
[2025.11.24-20.41.36:234][809]LogAssetEditorSubsystem: Opening Asset editor for Blueprint /Game/Inimigos/IA/IAControlerIniBase.IAControlerIniBase
[2025.11.24-20.42.33:770][467]LogAssetEditorSubsystem: Opening Asset editor for Blueprint /Game/Inimigos/InimigoBaseBP.InimigoBaseBP
[2025.11.24-20.42.39:047][754]LogSlate: Prevented a slow task dialog from being summoned while a context menu was open
[2025.11.24-20.42.39:073][754]LogEditorClassViewer: Warning: Class /Engine/Tutorial/InWorldBlueprintEditing/TutorialAssets/IWBE_Blutility.IWBE_Blutility_C has parent /Script/Blutility.PlacedEditorUtilityBase, but this parent is not found. The Class will not be shown in ClassViewer.
[2025.11.24-20.42.43:505][  8]BlueprintLog: New page: Compile InimigoBaseBP
[2025.11.24-20.42.43:575][  8]LogUObjectHash: Compacting FUObjectHashTables data took   2.90ms
[2025.11.24-20.42.43:625][  8]Cmd: OBJ SAVEPACKAGE PACKAGE="/Game/Inimigos/InimigoBaseBP" FILE="E:/Unreal/Fumec_DevGames/Content/Inimigos/InimigoBaseBP.uasset" SILENT=true
[2025.11.24-20.42.43:640][  8]LogSavePackage: Moving 'E:/Unreal/Fumec_DevGames/Saved/InimigoBaseBP8CBF0B2B4E981CCEBA507DAE286B3B9C.tmp' to 'E:/Unreal/Fumec_DevGames/Content/Inimigos/InimigoBaseBP.uasset'
[2025.11.24-20.42.43:641][  8]Cmd: OBJ SAVEPACKAGE PACKAGE="/Game/Inimigos/InimigoTeste/inimigoTeste" FILE="E:/Unreal/Fumec_DevGames/Content/Inimigos/InimigoTeste/inimigoTeste.uasset" SILENT=true
[2025.11.24-20.42.43:649][  8]LogSavePackage: Moving 'E:/Unreal/Fumec_DevGames/Saved/inimigoTeste0509FA3E4FD90A2A6397FFAE5611C2D7.tmp' to 'E:/Unreal/Fumec_DevGames/Content/Inimigos/InimigoTeste/inimigoTeste.uasset'
[2025.11.24-20.42.43:667][  8]AssetCheck: New page: Asset Save: multiple assets
[2025.11.24-20.42.43:667][  8]LogContentValidation: Display: Validating Blueprint /Game/Inimigos/InimigoBaseBP.InimigoBaseBP
[2025.11.24-20.42.43:668][  8]LogContentValidation: Display: Validating Blueprint /Game/Inimigos/InimigoTeste/inimigoTeste.InimigoTeste
[2025.11.24-20.42.44:091][ 29]Cmd: OBJ SAVEPACKAGE PACKAGE="/Game/Inimigos/InimigoBaseBP" FILE="E:/Unreal/Fumec_DevGames/Content/Inimigos/InimigoBaseBP.uasset" SILENT=true
[2025.11.24-20.42.44:104][ 29]LogSavePackage: Moving 'E:/Unreal/Fumec_DevGames/Saved/InimigoBaseBPCFEB7DC34FFB2B0482D8158DF2E00B9A.tmp' to 'E:/Unreal/Fumec_DevGames/Content/Inimigos/InimigoBaseBP.uasset'
[2025.11.24-20.42.44:125][ 29]AssetCheck: New page: Asset Save: InimigoBaseBP
[2025.11.24-20.42.44:125][ 29]LogContentValidation: Display: Validating Blueprint /Game/Inimigos/InimigoBaseBP.InimigoBaseBP
[2025.11.24-20.44.34:799][921]Cmd: OBJ SAVEPACKAGE PACKAGE="/Game/Inimigos/IA/IAControlerIniBase" FILE="E:/Unreal/Fumec_DevGames/Content/Inimigos/IA/IAControlerIniBase.uasset" SILENT=true
[2025.11.24-20.44.34:804][921]LogSavePackage: Moving 'E:/Unreal/Fumec_DevGames/Saved/IAControlerIniBaseB96C4A9742D5AE11CB8D8AA61B480719.tmp' to 'E:/Unreal/Fumec_DevGames/Content/Inimigos/IA/IAControlerIniBase.uasset'
[2025.11.24-20.44.34:828][921]AssetCheck: New page: Asset Save: IAControlerIniBase
[2025.11.24-20.44.34:828][921]LogContentValidation: Display: Validating Blueprint /Game/Inimigos/IA/IAControlerIniBase.IAControlerIniBase
[2025.11.24-20.46.19:892][157]Cmd: OBJ SAVEPACKAGE PACKAGE="/Game/Inimigos/IA/IAControlerIniBase" FILE="E:/Unreal/Fumec_DevGames/Content/Inimigos/IA/IAControlerIniBase.uasset" SILENT=true
[2025.11.24-20.46.19:900][157]LogSavePackage: Moving 'E:/Unreal/Fumec_DevGames/Saved/IAControlerIniBase3F3FF8AC4980253204A8F1B7F49B0A5D.tmp' to 'E:/Unreal/Fumec_DevGames/Content/Inimigos/IA/IAControlerIniBase.uasset'
[2025.11.24-20.46.19:932][157]AssetCheck: New page: Asset Save: IAControlerIniBase
[2025.11.24-20.46.19:932][157]LogContentValidation: Display: Validating Blueprint /Game/Inimigos/IA/IAControlerIniBase.IAControlerIniBase
[2025.11.24-20.46.20:397][185]BlueprintLog: New page: Compile IAControlerIniBase
[2025.11.24-20.46.20:462][185]LogUObjectHash: Compacting FUObjectHashTables data took   6.63ms
[2025.11.24-20.46.47:574][472]Cmd: OBJ SAVEPACKAGE PACKAGE="/Game/Inimigos/IA/IAControlerIniBase" FILE="E:/Unreal/Fumec_DevGames/Content/Inimigos/IA/IAControlerIniBase.uasset" SILENT=true
[2025.11.24-20.46.47:591][472]LogSavePackage: Moving 'E:/Unreal/Fumec_DevGames/Saved/IAControlerIniBase9893366744AA0B490C126B8D7A11DF9A.tmp' to 'E:/Unreal/Fumec_DevGames/Content/Inimigos/IA/IAControlerIniBase.uasset'
[2025.11.24-20.46.47:615][472]AssetCheck: New page: Asset Save: IAControlerIniBase
[2025.11.24-20.46.47:615][472]LogContentValidation: Display: Validating Blueprint /Game/Inimigos/IA/IAControlerIniBase.IAControlerIniBase
[2025.11.24-20.46.48:556][523]BlueprintLog: New page: Compile IAControlerIniBase
[2025.11.24-20.46.48:604][523]LogUObjectHash: Compacting FUObjectHashTables data took   3.26ms
[2025.11.24-20.46.49:103][549]Cmd: OBJ SAVEPACKAGE PACKAGE="/Game/Inimigos/IA/IAControlerIniBase" FILE="E:/Unreal/Fumec_DevGames/Content/Inimigos/IA/IAControlerIniBase.uasset" SILENT=true
[2025.11.24-20.46.49:117][549]LogSavePackage: Moving 'E:/Unreal/Fumec_DevGames/Saved/IAControlerIniBase2E00EBA04D2B02ECAB59BB99696626F2.tmp' to 'E:/Unreal/Fumec_DevGames/Content/Inimigos/IA/IAControlerIniBase.uasset'
[2025.11.24-20.46.49:137][549]AssetCheck: New page: Asset Save: IAControlerIniBase
[2025.11.24-20.46.49:137][549]LogContentValidation: Display: Validating Blueprint /Game/Inimigos/IA/IAControlerIniBase.IAControlerIniBase
[2025.11.24-20.47.13:231][848]Cmd: OBJ SAVEPACKAGE PACKAGE="/Game/Inimigos/IA/IAControlerIniBase" FILE="E:/Unreal/Fumec_DevGames/Content/Inimigos/IA/IAControlerIniBase.uasset" SILENT=true
[2025.11.24-20.47.13:250][848]LogSavePackage: Moving 'E:/Unreal/Fumec_DevGames/Saved/IAControlerIniBase83CAD3FD47CF8E137B49EBB4007640A5.tmp' to 'E:/Unreal/Fumec_DevGames/Content/Inimigos/IA/IAControlerIniBase.uasset'
[2025.11.24-20.47.13:271][848]AssetCheck: New page: Asset Save: IAControlerIniBase
[2025.11.24-20.47.13:272][848]LogContentValidation: Display: Validating Blueprint /Game/Inimigos/IA/IAControlerIniBase.IAControlerIniBase
[2025.11.24-20.47.22:915][218]Cmd: OBJ SAVEPACKAGE PACKAGE="/Game/Inimigos/IA/IAControlerIniBase" FILE="E:/Unreal/Fumec_DevGames/Content/Inimigos/IA/IAControlerIniBase.uasset" SILENT=true
[2025.11.24-20.47.22:924][218]LogSavePackage: Moving 'E:/Unreal/Fumec_DevGames/Saved/IAControlerIniBase31CB0C48459BF97EB162C4BF2B8CD66F.tmp' to 'E:/Unreal/Fumec_DevGames/Content/Inimigos/IA/IAControlerIniBase.uasset'
[2025.11.24-20.47.22:948][218]AssetCheck: New page: Asset Save: IAControlerIniBase
[2025.11.24-20.47.22:948][218]LogContentValidation: Display: Validating Blueprint /Game/Inimigos/IA/IAControlerIniBase.IAControlerIniBase
[2025.11.24-20.47.26:766][444]Cmd: OBJ SAVEPACKAGE PACKAGE="/Game/Inimigos/IA/IAControlerIniBase" FILE="E:/Unreal/Fumec_DevGames/Content/Inimigos/IA/IAControlerIniBase.uasset" SILENT=true
[2025.11.24-20.47.26:775][444]LogSavePackage: Moving 'E:/Unreal/Fumec_DevGames/Saved/IAControlerIniBaseE5EC3BFA46C35F5F34CC109DD8E5AC16.tmp' to 'E:/Unreal/Fumec_DevGames/Content/Inimigos/IA/IAControlerIniBase.uasset'
[2025.11.24-20.47.26:801][444]AssetCheck: New page: Asset Save: IAControlerIniBase
[2025.11.24-20.47.26:802][444]LogContentValidation: Display: Validating Blueprint /Game/Inimigos/IA/IAControlerIniBase.IAControlerIniBase
[2025.11.24-20.47.38:335][949]Cmd: OBJ SAVEPACKAGE PACKAGE="/Game/Inimigos/IA/IAControlerIniBase" FILE="E:/Unreal/Fumec_DevGames/Content/Inimigos/IA/IAControlerIniBase.uasset" SILENT=true
[2025.11.24-20.47.38:344][949]LogSavePackage: Moving 'E:/Unreal/Fumec_DevGames/Saved/IAControlerIniBase193947DC4B8D7EDABCE263BD9AFE2648.tmp' to 'E:/Unreal/Fumec_DevGames/Content/Inimigos/IA/IAControlerIniBase.uasset'
[2025.11.24-20.47.38:367][949]AssetCheck: New page: Asset Save: IAControlerIniBase
[2025.11.24-20.47.38:368][949]LogContentValidation: Display: Validating Blueprint /Game/Inimigos/IA/IAControlerIniBase.IAControlerIniBase
[2025.11.24-20.48.07:653][ 90]LogUObjectHash: Compacting FUObjectHashTables data took   3.60ms
[2025.11.24-20.48.07:654][ 90]LogFileHelpers: Editor autosave (incl. external actors) for '/Game/Mapas/Menu/MainMenu' took 0.042
[2025.11.24-20.48.07:654][ 90]OBJ SavePackage: Generating thumbnails for [0] asset(s) in package [/Game/Inimigos/InimigoBaseBP] ([2] browsable assets)...
[2025.11.24-20.48.07:654][ 90]OBJ SavePackage: Finished generating thumbnails for package [/Game/Inimigos/InimigoBaseBP]
[2025.11.24-20.48.07:654][ 90]Cmd: OBJ SAVEPACKAGE PACKAGE="/Game/Inimigos/InimigoBaseBP" FILE="E:/Unreal/Fumec_DevGames/Saved/Autosaves/Game/Inimigos/InimigoBaseBP_Auto5.uasset" SILENT=false AUTOSAVING=true
[2025.11.24-20.48.07:673][ 90]LogSavePackage: Moving 'E:/Unreal/Fumec_DevGames/Saved/InimigoBaseBP_Auto5E33F103E407775482CBD028FC531C0A2.tmp' to 'E:/Unreal/Fumec_DevGames/Saved/Autosaves/Game/Inimigos/InimigoBaseBP_Auto5.uasset'
[2025.11.24-20.48.07:675][ 90]LogFileHelpers: Auto-saving content packages took 0.020
[2025.11.24-20.48.27:590][720]LogUObjectHash: Compacting FUObjectHashTables data took   0.68ms
[2025.11.24-20.48.29:190][720]LogSlate: Window 'Save Content' being destroyed
[2025.11.24-20.48.29:235][720]Cmd: OBJ SAVEPACKAGE PACKAGE="/Game/Inimigos/InimigoBaseBP" FILE="E:/Unreal/Fumec_DevGames/Content/Inimigos/InimigoBaseBP.uasset" SILENT=true
[2025.11.24-20.48.29:247][720]LogSavePackage: Moving 'E:/Unreal/Fumec_DevGames/Saved/InimigoBaseBPBA6EFF164BCA4C51BE97FBACE74420DE.tmp' to 'E:/Unreal/Fumec_DevGames/Content/Inimigos/InimigoBaseBP.uasset'
[2025.11.24-20.48.29:317][720]LogAssetEditorSubsystem: Opening Asset editor for World /Game/Mapas/Fases/MapadeTeste/MapadeTeste.MapadeTeste
[2025.11.24-20.48.29:318][720]Cmd: MAP LOAD FILE="E:/Unreal/Fumec_DevGames/Content/Mapas/Fases/MapadeTeste/MapadeTeste.umap" TEMPLATE=0 SHOWPROGRESS=1 FEATURELEVEL=3
[2025.11.24-20.48.29:318][720]LightingResults: New page: Lighting Build
[2025.11.24-20.48.29:318][720]LoadErrors: New page: Loading map: MapadeTeste.umap
[2025.11.24-20.48.29:348][720]LogWorld: UWorld::CleanupWorld for MainMenu, bSessionEnded=true, bCleanupResources=true
[2025.11.24-20.48.29:348][720]LogSlate: InvalidateAllWidgets triggered.  All widgets were invalidated
[2025.11.24-20.48.29:349][720]MapCheck: New page: Map Check
[2025.11.24-20.48.29:349][720]LightingResults: New page: Lighting Build
[2025.11.24-20.48.29:375][720]LogAudio: Display: Audio Device unregistered from world 'None'.
[2025.11.24-20.48.29:380][720]LogUObjectHash: Compacting FUObjectHashTables data took   2.68ms
[2025.11.24-20.48.29:380][720]LogAudio: Display: Audio Device (ID: 1) registered with world 'MapadeTeste'.
[2025.11.24-20.48.29:494][720]LogEditorServer: Finished looking for orphan Actors (0.000 secs)
[2025.11.24-20.48.29:496][720]LogAIModule: Creating AISystem for world MapadeTeste
[2025.11.24-20.48.29:527][720]LogUObjectHash: Compacting FUObjectHashTables data took   2.13ms
[2025.11.24-20.48.29:546][720]Cmd: MAP CHECKDEP NOCLEARLOG
[2025.11.24-20.48.29:546][720]MapCheck: Map check complete: 0 Error(s), 0 Warning(s), took 0.094ms to complete.
[2025.11.24-20.48.29:546][720]LogFileHelpers: Loading map 'MapadeTeste' took 0.229
[2025.11.24-20.48.29:591][720]AssetCheck: New page: Asset Save: InimigoBaseBP
[2025.11.24-20.48.29:591][720]LogContentValidation: Display: Validating Blueprint /Game/Inimigos/InimigoBaseBP.InimigoBaseBP
[2025.11.24-20.50.08:601][365]LogTemp: Repeating last play command: Selected Viewport
[2025.11.24-20.50.08:611][365]BlueprintLog: New page: Pre-Play auto-recompile
[2025.11.24-20.50.08:614][365]LogPlayLevel: [PlayLevel] Compiling InimigoBaseBP before play...
[2025.11.24-20.50.08:614][365]LogPlayLevel: [PlayLevel]   Compiling InimigoTeste as a dependent...
[2025.11.24-20.50.08:661][365]LogPlayLevel: [PlayLevel] Compiling IAControlerIniBase before play...
[2025.11.24-20.50.08:722][365]LogUObjectHash: Compacting FUObjectHashTables data took   3.24ms
[2025.11.24-20.50.08:727][365]LogPlayLevel: PlayLevel: Blueprint regeneration took 116 ms (3 blueprints)
[2025.11.24-20.50.08:727][365]PIE: New page: PIE session: MapadeTeste (Nov 24, 2025, 2:50:08 PM)
[2025.11.24-20.50.08:756][365]LogPlayLevel: Creating play world package: /Game/Mapas/Fases/MapadeTeste/UEDPIE_0_MapadeTeste
[2025.11.24-20.50.08:779][365]LogPlayLevel: PIE: StaticDuplicateObject took: (0.022720s)
[2025.11.24-20.50.08:780][365]LogAIModule: Creating AISystem for world MapadeTeste
[2025.11.24-20.50.08:781][365]LogPlayLevel: PIE: World Init took: (0.001203s)
[2025.11.24-20.50.08:781][365]LogPlayLevel: PIE: Created PIE world by copying editor world from /Game/Mapas/Fases/MapadeTeste/MapadeTeste.MapadeTeste to /Game/Mapas/Fases/MapadeTeste/UEDPIE_0_MapadeTeste.MapadeTeste (0.024170s)
[2025.11.24-20.50.08:808][365]LogUObjectHash: Compacting FUObjectHashTables data took   2.23ms
[2025.11.24-20.50.08:809][365]LogAudio: Display: Creating Audio Device:                 Id: 27, Scope: Unique, Realtime: True
[2025.11.24-20.50.08:809][365]LogAudioMixer: Display: Audio Mixer Platform Settings:
[2025.11.24-20.50.08:809][365]LogAudioMixer: Display: 	Sample Rate:						  48000
[2025.11.24-20.50.08:809][365]LogAudioMixer: Display: 	Callback Buffer Frame Size Requested: 1024
[2025.11.24-20.50.08:809][365]LogAudioMixer: Display: 	Callback Buffer Frame Size To Use:	  1024
[2025.11.24-20.50.08:809][365]LogAudioMixer: Display: 	Number of buffers to queue:			  2
[2025.11.24-20.50.08:809][365]LogAudioMixer: Display: 	Max Channels (voices):				  32
[2025.11.24-20.50.08:809][365]LogAudioMixer: Display: 	Number of Async Source Workers:		  0
[2025.11.24-20.50.08:809][365]LogAudio: Display: AudioDevice MaxSources: 32
[2025.11.24-20.50.08:809][365]LogAudio: Display: Audio Spatialization Plugin: None (built-in).
[2025.11.24-20.50.08:809][365]LogAudio: Display: Audio Reverb Plugin: None (built-in).
[2025.11.24-20.50.08:809][365]LogAudio: Display: Audio Occlusion Plugin: None (built-in).
[2025.11.24-20.50.08:809][365]LogAudioMixer: Display: Initializing audio mixer.
[2025.11.24-20.50.08:816][365]LogAudioMixer: Display: 0: FrontLeft
[2025.11.24-20.50.08:816][365]LogAudioMixer: Display: 1: FrontRight
[2025.11.24-20.50.08:824][365]LogAudioMixer: Display: Using Audio Device Alto-falantes (Realtek(R) Audio)
[2025.11.24-20.50.08:824][365]LogAudioMixer: Display: Initializing Sound Submixes...
[2025.11.24-20.50.08:824][365]LogAudioMixer: Display: Creating Master Submix 'MasterSubmixDefault'
[2025.11.24-20.50.08:824][365]LogAudioMixer: Display: Creating Master Submix 'MasterReverbSubmixDefault'
[2025.11.24-20.50.08:825][365]LogAudioMixer: Display: Creating Master Submix 'MasterEQSubmixDefault'
[2025.11.24-20.50.08:825][365]LogAudioMixer: FMixerPlatformXAudio2::StartAudioStream() called
[2025.11.24-20.50.08:825][365]LogAudioMixer: Display: Output buffers initialized: Frames=1024, Channels=2, Samples=2048
[2025.11.24-20.50.08:827][365]LogAudioMixer: Display: Starting AudioMixerPlatformInterface::RunInternal()
[2025.11.24-20.50.08:828][365]LogAudioMixer: Display: FMixerPlatformXAudio2::SubmitBuffer() called for the first time
[2025.11.24-20.50.08:828][365]LogInit: FAudioDevice initialized.
[2025.11.24-20.50.08:828][365]LogAudio: Display: Audio Device (ID: 27) registered with world 'MapadeTeste'.
[2025.11.24-20.50.08:839][365]LogLoad: Game class is 'GameModeRL_C'
[2025.11.24-20.50.08:842][365]LogWorld: Bringing World /Game/Mapas/Fases/MapadeTeste/UEDPIE_0_MapadeTeste.MapadeTeste up for play (max tick rate 60) at 2025.11.24-17.50.08
[2025.11.24-20.50.08:843][365]LogWorld: Bringing up level for play took: 0.002182
[2025.11.24-20.50.08:843][365]LogOnline: OSS: Creating online subsystem instance for: :Context_48
[2025.11.24-20.50.08:848][365]PIE: Server logged in
[2025.11.24-20.50.08:848][365]PIE: Play in editor total start time 0.242 seconds.
[2025.11.24-20.50.15:582][764]LogSlate: Updating window title bar state: overlay mode, drag disabled, window buttons hidden, title bar hidden
[2025.11.24-20.50.15:582][764]LogWorld: BeginTearingDown for /Game/Mapas/Fases/MapadeTeste/UEDPIE_0_MapadeTeste
[2025.11.24-20.50.15:582][764]LogWorld: UWorld::CleanupWorld for MapadeTeste, bSessionEnded=true, bCleanupResources=true
[2025.11.24-20.50.15:582][764]LogSlate: InvalidateAllWidgets triggered.  All widgets were invalidated
[2025.11.24-20.50.15:592][764]LogPlayLevel: Display: Shutting down PIE online subsystems
[2025.11.24-20.50.15:614][764]LogSlate: InvalidateAllWidgets triggered.  All widgets were invalidated
[2025.11.24-20.50.15:641][764]LogSlate: Updating window title bar state: overlay mode, drag disabled, window buttons hidden, title bar hidden
[2025.11.24-20.50.15:642][764]LogAudioMixer: FMixerPlatformXAudio2::StopAudioStream() called
[2025.11.24-20.50.15:643][764]LogAudioMixer: FMixerPlatformXAudio2::StopAudioStream() called
[2025.11.24-20.50.15:649][764]LogUObjectHash: Compacting FUObjectHashTables data took   2.65ms
[2025.11.24-20.50.15:692][765]LogPlayLevel: Display: Destroying online subsystem :Context_48
[2025.11.24-20.50.30:257][625]LogActorFactory: Actor Factory created Cube
[2025.11.24-20.50.31:280][686]LogActorFactory: Actor Factory created Cube
[2025.11.24-20.50.34:029][846]LogEditorViewport: Clicking on Actor (LMB): NavMeshBoundsVolume (NavMeshBoundsVolume)
[2025.11.24-20.51.08:918][307]LogEditorViewport: Clicking on Actor (LMB): PaperSpriteActor (BG_1_Sprite)
[2025.11.24-20.51.10:272][386]LogEditorViewport: Clicking Background
[2025.11.24-20.51.16:041][732]LogEditorViewport: Clicking on Actor (LMB): StaticMeshActor (Cube)
[2025.11.24-20.51.28:416][466]Cmd: DELETE
[2025.11.24-20.51.28:418][466]Cmd: ACTOR DELETE
[2025.11.24-20.51.28:423][466]LogEditorActor: Deleted Actor: StaticMeshActor
[2025.11.24-20.51.28:453][466]LogUObjectHash: Compacting FUObjectHashTables data took   2.72ms
[2025.11.24-20.51.28:459][466]LogEditorActor: Deleted 1 Actors (0.040 secs)
[2025.11.24-20.51.34:557][822]Cmd: BRUSH ADD SELECTNEWBRUSH
[2025.11.24-20.51.40:857][192]Cmd: DELETE
[2025.11.24-20.51.40:857][192]Cmd: ACTOR DELETE
[2025.11.24-20.51.40:861][192]LogEditorActor: Deleted Actor: Brush
[2025.11.24-20.51.40:890][192]LogUObjectHash: Compacting FUObjectHashTables data took   2.16ms
[2025.11.24-20.51.40:900][192]LogEditorActor: Deleted 1 Actors (0.042 secs)
[2025.11.24-20.51.41:890][250]Cmd: OBJ SAVEPACKAGE PACKAGE="/Game/Mapas/Fases/MapadeTeste/MapadeTeste" FILE="E:/Unreal/Fumec_DevGames/Content/Mapas/Fases/MapadeTeste/MapadeTeste.umap" SILENT=true AUTOSAVING=false KEEPDIRTY=false
[2025.11.24-20.51.41:916][250]LogUObjectHash: Compacting FUObjectHashTables data took   0.60ms
[2025.11.24-20.51.42:058][250]LogSavePackage: Moving 'E:/Unreal/Fumec_DevGames/Saved/MapadeTeste6C029F3B42EC2BC7611657A268C575A4.tmp' to 'E:/Unreal/Fumec_DevGames/Content/Mapas/Fases/MapadeTeste/MapadeTeste.umap'
[2025.11.24-20.51.42:084][250]Cmd: OBJ SAVEPACKAGE PACKAGE="/Game/Mapas/Fases/MapadeTeste/MapadeTeste_BuiltData" FILE="E:/Unreal/Fumec_DevGames/Content/Mapas/Fases/MapadeTeste/MapadeTeste_BuiltData.uasset" SILENT=true
[2025.11.24-20.51.42:095][250]LogSavePackage: Moving 'E:/Unreal/Fumec_DevGames/Saved/MapadeTeste_BuiltData6CC3A92D483E24338C30F1BBE18E9539.tmp' to 'E:/Unreal/Fumec_DevGames/Content/Mapas/Fases/MapadeTeste/MapadeTeste_BuiltData.uasset'
[2025.11.24-20.51.42:114][250]AssetCheck: New page: Asset Save: multiple assets
[2025.11.24-20.51.42:114][250]LogContentValidation: Display: Validating World /Game/Mapas/Fases/MapadeTeste/MapadeTeste.MapadeTeste
[2025.11.24-20.51.42:114][250]LogContentValidation: Display: Validating MapBuildDataRegistry /Game/Mapas/Fases/MapadeTeste/MapadeTeste_BuiltData.MapadeTeste_BuiltData
[2025.11.24-20.52.42:261][644]Cmd: OBJ SAVEPACKAGE PACKAGE="/Game/Mapas/Fases/MapadeTeste/MapadeTeste" FILE="E:/Unreal/Fumec_DevGames/Content/Mapas/Fases/MapadeTeste/MapadeTeste.umap" SILENT=true AUTOSAVING=false KEEPDIRTY=false
[2025.11.24-20.52.42:288][644]LogUObjectHash: Compacting FUObjectHashTables data took   2.37ms
[2025.11.24-20.52.42:435][644]LogSavePackage: Moving 'E:/Unreal/Fumec_DevGames/Saved/MapadeTesteB6F6A2E34449AB7A89FF3DB7BCBACD49.tmp' to 'E:/Unreal/Fumec_DevGames/Content/Mapas/Fases/MapadeTeste/MapadeTeste.umap'
[2025.11.24-20.52.42:460][644]Cmd: OBJ SAVEPACKAGE PACKAGE="/Game/Mapas/Fases/MapadeTeste/MapadeTeste_BuiltData" FILE="E:/Unreal/Fumec_DevGames/Content/Mapas/Fases/MapadeTeste/MapadeTeste_BuiltData.uasset" SILENT=true
[2025.11.24-20.52.42:467][644]LogSavePackage: Moving 'E:/Unreal/Fumec_DevGames/Saved/MapadeTeste_BuiltDataBE4FA2E14084C3A05865B89BEE4ADFC8.tmp' to 'E:/Unreal/Fumec_DevGames/Content/Mapas/Fases/MapadeTeste/MapadeTeste_BuiltData.uasset'
[2025.11.24-20.52.42:486][644]AssetCheck: New page: Asset Save: multiple assets
[2025.11.24-20.52.42:486][644]LogContentValidation: Display: Validating World /Game/Mapas/Fases/MapadeTeste/MapadeTeste.MapadeTeste
[2025.11.24-20.52.42:486][644]LogContentValidation: Display: Validating MapBuildDataRegistry /Game/Mapas/Fases/MapadeTeste/MapadeTeste_BuiltData.MapadeTeste_BuiltData
[2025.11.24-20.52.43:210][686]LogUObjectHash: Compacting FUObjectHashTables data took   0.68ms
[2025.11.24-20.52.44:313][751]LogUObjectHash: Compacting FUObjectHashTables data took   0.67ms
[2025.11.24-20.52.44:338][751]LogWorld: UWorld::CleanupWorld for World_34, bSessionEnded=true, bCleanupResources=true
[2025.11.24-20.52.44:338][751]LogSlate: InvalidateAllWidgets triggered.  All widgets were invalidated
[2025.11.24-20.52.44:403][751]LogActorComponent: UnregisterComponent: (/Engine/Transient.EditorFloorComp) Not registered. Aborting.
[2025.11.24-20.52.44:403][751]LogWorld: UWorld::CleanupWorld for World_33, bSessionEnded=true, bCleanupResources=true
[2025.11.24-20.52.44:403][751]LogSlate: InvalidateAllWidgets triggered.  All widgets were invalidated
[2025.11.24-20.52.44:519][751]LogSlate: Window 'ColunaDoendoSamurai - Unreal Editor' being destroyed
[2025.11.24-20.52.44:853][752]Cmd: QUIT_EDITOR
[2025.11.24-20.52.44:853][752]LogCore: Engine exit requested (reason: UUnrealEdEngine::CloseEditor())
[2025.11.24-20.52.44:859][752]LogCore: Engine exit requested (reason: EngineExit() was called; note: exit was already requested)
[2025.11.24-20.52.45:633][752]LogAudio: Display: Beginning Audio Device Manager Shutdown (Module: AudioMixerXAudio2)...
[2025.11.24-20.52.45:633][752]LogAudio: Display: Destroying 1 Remaining Audio Device(s)...
[2025.11.24-20.52.45:633][752]LogAudio: Display: Audio Device unregistered from world 'MapadeTeste'.
[2025.11.24-20.52.45:635][752]LogAudioMixer: FMixerPlatformXAudio2::StopAudioStream() called
[2025.11.24-20.52.45:637][752]LogAudioMixer: FMixerPlatformXAudio2::StopAudioStream() called
[2025.11.24-20.52.45:645][752]LogAudio: Display: Audio Device Manager Shutdown
[2025.11.24-20.52.45:645][752]LogWindowsTextInputMethodSystem: Display: IME system deactivated.
[2025.11.24-20.52.45:652][752]LogExit: Preparing to exit.
[2025.11.24-20.52.46:464][752]LogUObjectHash: Compacting FUObjectHashTables data took   2.95ms
[2025.11.24-20.52.46:837][752]LogWorld: UWorld::CleanupWorld for World_22, bSessionEnded=true, bCleanupResources=true
[2025.11.24-20.52.46:839][752]LogWorld: UWorld::CleanupWorld for World_11, bSessionEnded=true, bCleanupResources=true
[2025.11.24-20.52.46:840][752]LogWorld: UWorld::CleanupWorld for World_35, bSessionEnded=true, bCleanupResources=true
[2025.11.24-20.52.46:898][752]LogDemo: Cleaned up 0 splitscreen connections with owner deletion
[2025.11.24-20.52.46:916][752]LogWorld: UWorld::CleanupWorld for None, bSessionEnded=true, bCleanupResources=true
[2025.11.24-20.52.46:916][752]LogExit: Editor shut down
[2025.11.24-20.52.46:919][752]LogExit: Transaction tracking system shut down
[2025.11.24-20.52.47:432][752]LogExit: Object subsystem successfully closed.
[2025.11.24-20.52.47:461][752]LogShaderCompilers: Display: === FShaderJobCache stats ===
[2025.11.24-20.52.47:461][752]LogShaderCompilers: Display: Total job queries 0, among them cache hits 0 (0.00%)
[2025.11.24-20.52.47:461][752]LogShaderCompilers: Display: Tracking 0 distinct input hashes that result in 0 distinct outputs (0.00%)
[2025.11.24-20.52.47:461][752]LogShaderCompilers: Display: RAM used: 0.00 MB (0.00 GB) of 716.80 MB (0.70 GB) budget. Usage: 0.00%
[2025.11.24-20.52.47:461][752]LogShaderCompilers: Display: ================================================
[2025.11.24-20.52.47:470][752]LogShaderCompilers: Display: Shaders left to compile 0
[2025.11.24-20.52.47:544][752]LogModuleManager: Shutting down and abandoning module TextureEditor (882)
[2025.11.24-20.52.47:544][752]LogModuleManager: Shutting down and abandoning module ExternalImagePicker (880)
[2025.11.24-20.52.47:544][752]LogModuleManager: Shutting down and abandoning module MovieSceneCapture (878)
[2025.11.24-20.52.47:544][752]LogModuleManager: Shutting down and abandoning module Voice (876)
[2025.11.24-20.52.47:545][752]LogModuleManager: Shutting down and abandoning module SequencerWidgets (874)
[2025.11.24-20.52.47:545][752]LogModuleManager: Shutting down and abandoning module BlueprintGraph (872)
[2025.11.24-20.52.47:545][752]LogModuleManager: Shutting down and abandoning module HierarchicalLODOutliner (870)
[2025.11.24-20.52.47:545][752]LogModuleManager: Shutting down and abandoning module SceneOutliner (868)
[2025.11.24-20.52.47:545][752]LogModuleManager: Shutting down and abandoning module AddContentDialog (866)
[2025.11.24-20.52.47:548][752]LogModuleManager: Shutting down and abandoning module WidgetCarousel (865)
[2025.11.24-20.52.47:548][752]LogModuleManager: Shutting down and abandoning module EditorWidgets (862)
[2025.11.24-20.52.47:548][752]LogModuleManager: Shutting down and abandoning module StatsViewer (860)
[2025.11.24-20.52.47:548][752]LogModuleManager: Shutting down and abandoning module PIEPreviewDeviceProfileSelector (858)
[2025.11.24-20.52.47:548][752]LogModuleManager: Shutting down and abandoning module SequenceRecorderSections (856)
[2025.11.24-20.52.47:548][752]LogModuleManager: Shutting down and abandoning module AutomationWorker (854)
[2025.11.24-20.52.47:548][752]LogModuleManager: Shutting down and abandoning module SteamVREditor (852)
[2025.11.24-20.52.47:548][752]LogModuleManager: Shutting down and abandoning module OculusMR (850)
[2025.11.24-20.52.47:548][752]LogModuleManager: Shutting down and abandoning module OpenXRInput (848)
[2025.11.24-20.52.47:548][752]LogModuleManager: Shutting down and abandoning module TakeRecorderSources (846)
[2025.11.24-20.52.47:548][752]LogModuleManager: Shutting down and abandoning module TakeRecorder (845)
[2025.11.24-20.52.47:551][752]LogModuleManager: Shutting down and abandoning module TakeTrackRecorders (842)
[2025.11.24-20.52.47:551][752]LogModuleManager: Shutting down and abandoning module TakesCore (840)
[2025.11.24-20.52.47:551][752]LogModuleManager: Shutting down and abandoning module GooglePADEditor (838)
[2025.11.24-20.52.47:551][752]LogModuleManager: Shutting down and abandoning module AudioCaptureEditor (836)
[2025.11.24-20.52.47:551][752]LogModuleManager: Shutting down and abandoning module TemplateSequenceEditor (834)
[2025.11.24-20.52.47:551][752]LogModuleManager: Shutting down and abandoning module WebMMediaFactory (832)
[2025.11.24-20.52.47:551][752]LogModuleManager: Shutting down and abandoning module WebMMediaEditor (830)
[2025.11.24-20.52.47:552][752]LogModuleManager: Shutting down and abandoning module WebMMedia (828)
[2025.11.24-20.52.47:552][752]LogModuleManager: Shutting down and abandoning module LevelSequenceEditor (826)
[2025.11.24-20.52.47:552][752]LogModuleManager: Shutting down and abandoning module MatineeToLevelSequence (824)
[2025.11.24-20.52.47:552][752]LogModuleManager: Shutting down and abandoning module ActorSequenceEditor (822)
[2025.11.24-20.52.47:552][752]LogModuleManager: Shutting down and abandoning module WmfMediaFactory (820)
[2025.11.24-20.52.47:552][752]LogModuleManager: Shutting down and abandoning module WmfMediaEditor (818)
[2025.11.24-20.52.47:552][752]LogModuleManager: Shutting down and abandoning module MediaPlayerEditor (816)
[2025.11.24-20.52.47:552][752]LogModuleManager: Shutting down and abandoning module MediaCompositingEditor (814)
[2025.11.24-20.52.47:552][752]LogModuleManager: Shutting down and abandoning module SequenceRecorder (813)
[2025.11.24-20.52.47:552][752]LogModuleManager: Shutting down and abandoning module OpenExrWrapper (810)
[2025.11.24-20.52.47:552][752]LogModuleManager: Shutting down and abandoning module ImgMediaFactory (808)
[2025.11.24-20.52.47:552][752]LogModuleManager: Shutting down and abandoning module ImgMediaEditor (806)
[2025.11.24-20.52.47:552][752]LogModuleManager: Shutting down and abandoning module AvfMediaFactory (804)
[2025.11.24-20.52.47:552][752]LogModuleManager: Shutting down and abandoning module AvfMediaEditor (802)
[2025.11.24-20.52.47:552][752]LogModuleManager: Shutting down and abandoning module AndroidMediaFactory (800)
[2025.11.24-20.52.47:552][752]LogModuleManager: Shutting down and abandoning module AndroidMediaEditor (798)
[2025.11.24-20.52.47:552][752]LogModuleManager: Shutting down and abandoning module PlanarCut (796)
[2025.11.24-20.52.47:552][752]LogModuleManager: Shutting down and abandoning module TextureAlignMode (794)
[2025.11.24-20.52.47:552][752]LogModuleManager: Shutting down and abandoning module BspMode (792)
[2025.11.24-20.52.47:552][752]LogModuleManager: Shutting down and abandoning module GeometryMode (790)
[2025.11.24-20.52.47:552][752]LogModuleManager: Shutting down and abandoning module MagicLeapMediaCodecFactory (788)
[2025.11.24-20.52.47:552][752]LogModuleManager: Shutting down and abandoning module MagicLeapMediaFactory (786)
[2025.11.24-20.52.47:552][752]LogModuleManager: Shutting down and abandoning module MagicLeapMediaEditor (784)
[2025.11.24-20.52.47:552][752]LogModuleManager: Shutting down and abandoning module CharacterAI (782)
[2025.11.24-20.52.47:552][752]LogModuleManager: Shutting down and abandoning module CameraShakePreviewer (780)
[2025.11.24-20.52.47:553][752]LogModuleManager: Shutting down and abandoning module SmartSnapping (778)
[2025.11.24-20.52.47:553][752]LogModuleManager: Shutting down and abandoning module SessionServices (776)
[2025.11.24-20.52.47:553][752]LogModuleManager: Shutting down and abandoning module MeshPaint (774)
[2025.11.24-20.52.47:553][752]LogModuleManager: Shutting down and abandoning module VirtualTexturingEditor (772)
[2025.11.24-20.52.47:553][752]LogModuleManager: Shutting down and abandoning module FoliageEdit (770)
[2025.11.24-20.52.47:553][752]LogModuleManager: Shutting down and abandoning module LandscapeEditor (768)
[2025.11.24-20.52.47:553][752]LogModuleManager: Shutting down and abandoning module MeshPaintMode (766)
[2025.11.24-20.52.47:553][752]LogModuleManager: Shutting down and abandoning module SceneDepthPickerMode (764)
[2025.11.24-20.52.47:553][752]LogModuleManager: Shutting down and abandoning module ActorPickerMode (762)
[2025.11.24-20.52.47:553][752]LogModuleManager: Shutting down and abandoning module PlacementMode (760)
[2025.11.24-20.52.47:554][752]LogModuleManager: Shutting down and abandoning module ViewportSnapping (758)
[2025.11.24-20.52.47:554][752]LogModuleManager: Shutting down and abandoning module ViewportInteraction (756)
[2025.11.24-20.52.47:554][752]LogModuleManager: Shutting down and abandoning module ClothPainter (754)
[2025.11.24-20.52.47:554][752]LogModuleManager: Shutting down and abandoning module SkeletalMeshEditor (753)
[2025.11.24-20.52.47:554][752]LogModuleManager: Shutting down and abandoning module LogVisualizer (750)
[2025.11.24-20.52.47:554][752]LogModuleManager: Shutting down and abandoning module IntroTutorials (748)
[2025.11.24-20.52.47:555][752]LogModuleManager: Shutting down and abandoning module GameProjectGeneration (747)
[2025.11.24-20.52.47:555][752]LogModuleManager: Shutting down and abandoning module LuminPlatformEditor (744)
[2025.11.24-20.52.47:555][752]LogModuleManager: Shutting down and abandoning module IOSPlatformEditor (742)
[2025.11.24-20.52.47:555][752]LogModuleManager: Shutting down and abandoning module AndroidPlatformEditor (740)
[2025.11.24-20.52.47:555][752]LogModuleManager: Shutting down and abandoning module AndroidDeviceDetection (739)
[2025.11.24-20.52.47:877][752]LogModuleManager: Shutting down and abandoning module WindowsPlatformEditor (736)
[2025.11.24-20.52.47:877][752]LogModuleManager: Shutting down and abandoning module LuminRuntimeSettings (734)
[2025.11.24-20.52.47:877][752]LogModuleManager: Shutting down and abandoning module IOSRuntimeSettings (732)
[2025.11.24-20.52.47:877][752]LogModuleManager: Shutting down and abandoning module AndroidRuntimeSettings (730)
[2025.11.24-20.52.47:877][752]LogModuleManager: Shutting down and abandoning module TraceInsights (728)
[2025.11.24-20.52.47:877][752]MemoryProfiler: Shutdown
[2025.11.24-20.52.47:877][752]NetworkingProfiler: Shutdown
[2025.11.24-20.52.47:877][752]LoadingProfiler: Shutdown
[2025.11.24-20.52.47:877][752]TimingProfiler: Shutdown
[2025.11.24-20.52.47:877][752]LogModuleManager: Shutting down and abandoning module TraceServices (727)
[2025.11.24-20.52.47:877][752]LogModuleManager: Shutting down and abandoning module EditorInteractiveToolsFramework (724)
[2025.11.24-20.52.47:877][752]LogModuleManager: Shutting down and abandoning module TimeManagementEditor (722)
[2025.11.24-20.52.47:877][752]LogModuleManager: Shutting down and abandoning module InputBindingEditor (720)
[2025.11.24-20.52.47:877][752]LogModuleManager: Shutting down and abandoning module MergeActors (718)
[2025.11.24-20.52.47:877][752]LogModuleManager: Shutting down and abandoning module LocalizationDashboard (716)
[2025.11.24-20.52.47:877][752]LogModuleManager: Shutting down and abandoning module LocalizationService (715)
[2025.11.24-20.52.47:877][752]LogModuleManager: Shutting down and abandoning module HardwareTargeting (712)
[2025.11.24-20.52.47:879][752]LogModuleManager: Shutting down and abandoning module DeviceProfileEditor (710)
[2025.11.24-20.52.47:879][752]LogModuleManager: Shutting down and abandoning module UndoHistory (708)
[2025.11.24-20.52.47:879][752]LogModuleManager: Shutting down and abandoning module XmlParser (706)
[2025.11.24-20.52.47:879][752]LogModuleManager: Shutting down and abandoning module Blutility (704)
[2025.11.24-20.52.47:879][752]LogModuleManager: Shutting down and abandoning module ProjectSettingsViewer (702)
[2025.11.24-20.52.47:879][752]LogModuleManager: Shutting down and abandoning module ProjectTargetPlatformEditor (701)
[2025.11.24-20.52.47:879][752]LogModuleManager: Shutting down and abandoning module EditorSettingsViewer (698)
[2025.11.24-20.52.47:879][752]LogModuleManager: Shutting down and abandoning module InternationalizationSettings (697)
[2025.11.24-20.52.47:879][752]LogModuleManager: Shutting down and abandoning module SettingsEditor (694)
[2025.11.24-20.52.47:879][752]LogModuleManager: Shutting down and abandoning module ProjectLauncher (692)
[2025.11.24-20.52.47:879][752]LogModuleManager: Shutting down and abandoning module SessionFrontend (690)
[2025.11.24-20.52.47:879][752]LogModuleManager: Shutting down and abandoning module ProfilerClient (688)
[2025.11.24-20.52.47:879][752]LogModuleManager: Shutting down and abandoning module DeviceManager (686)
[2025.11.24-20.52.47:879][752]LogModuleManager: Shutting down and abandoning module TargetDeviceServices (685)
[2025.11.24-20.52.47:911][752]LogModuleManager: Shutting down and abandoning module AutomationController (682)
[2025.11.24-20.52.47:911][752]LogModuleManager: Shutting down and abandoning module AutomationWindow (680)
[2025.11.24-20.52.47:911][752]LogModuleManager: Shutting down and abandoning module Layers (678)
[2025.11.24-20.52.47:911][752]LogModuleManager: Shutting down and abandoning module ComponentVisualizers (676)
[2025.11.24-20.52.47:911][752]LogModuleManager: Shutting down and abandoning module DetailCustomizations (674)
[2025.11.24-20.52.47:911][752]LogModuleManager: Shutting down and abandoning module PackagesDialog (672)
[2025.11.24-20.52.47:912][752]LogModuleManager: Shutting down and abandoning module AnimationBlueprintEditor (670)
[2025.11.24-20.52.47:912][752]LogModuleManager: Shutting down and abandoning module Persona (668)
[2025.11.24-20.52.47:912][752]LogModuleManager: Shutting down and abandoning module AdvancedPreviewScene (667)
[2025.11.24-20.52.47:912][752]LogModuleManager: Shutting down and abandoning module AnimGraph (665)
[2025.11.24-20.52.47:912][752]LogModuleManager: Shutting down and abandoning module Kismet (662)
[2025.11.24-20.52.47:923][752]LogModuleManager: Shutting down and abandoning module KismetWidgets (661)
[2025.11.24-20.52.47:923][752]LogModuleManager: Shutting down and abandoning module GraphEditor (658)
[2025.11.24-20.52.47:923][752]LogModuleManager: Shutting down and abandoning module StructViewer (656)
[2025.11.24-20.52.47:923][752]LogModuleManager: Shutting down and abandoning module ClassViewer (654)
[2025.11.24-20.52.47:925][752]LogModuleManager: Shutting down and abandoning module Toolbox (652)
[2025.11.24-20.52.47:925][752]LogModuleManager: Shutting down and abandoning module ModuleUI (650)
[2025.11.24-20.52.47:925][752]LogModuleManager: Shutting down and abandoning module OutputLog (648)
[2025.11.24-20.52.47:928][752]LogModuleManager: Shutting down and abandoning module GammaUI (646)
[2025.11.24-20.52.47:928][752]LogModuleManager: Shutting down and abandoning module Documentation (644)
[2025.11.24-20.52.47:930][752]LogModuleManager: Shutting down and abandoning module LiveCoding (642)
[2025.11.24-20.52.47:930][752]LogModuleManager: Shutting down and abandoning module LevelSequence (640)
[2025.11.24-20.52.47:930][752]LogModuleManager: Shutting down and abandoning module MovieSceneTracks (638)
[2025.11.24-20.52.47:930][752]LogModuleManager: Shutting down and abandoning module MovieScene (636)
[2025.11.24-20.52.47:930][752]LogModuleManager: Shutting down and abandoning module StreamingPauseRendering (634)
[2025.11.24-20.52.47:930][752]LogModuleManager: Shutting down and abandoning module LauncherPlatform (632)
[2025.11.24-20.52.47:930][752]LogModuleManager: Shutting down and abandoning module AnalyticsET (630)
[2025.11.24-20.52.47:930][752]LogModuleManager: Shutting down and abandoning module PortalServices (628)
[2025.11.24-20.52.47:930][752]LogModuleManager: Shutting down and abandoning module PortalRpc (626)
[2025.11.24-20.52.47:930][752]LogModuleManager: Shutting down and abandoning module MessagingRpc (624)
[2025.11.24-20.52.47:930][752]LogModuleManager: Shutting down and abandoning module AudioMixerXAudio2 (622)
[2025.11.24-20.52.47:930][752]LogModuleManager: Shutting down and abandoning module AudioMixerCore (621)
[2025.11.24-20.52.47:930][752]LogModuleManager: Shutting down and abandoning module AIModule (618)
[2025.11.24-20.52.47:930][752]LogModuleManager: Shutting down and abandoning module GameplayDebugger (617)
[2025.11.24-20.52.47:930][752]LogModuleManager: Shutting down and abandoning module AITestSuite (615)
[2025.11.24-20.52.47:930][752]LogModuleManager: Shutting down and abandoning module NavigationSystem (613)
[2025.11.24-20.52.47:930][752]LogModuleManager: Shutting down and abandoning module ImageWriteQueue (610)
[2025.11.24-20.52.47:930][752]LogModuleManager: Shutting down and abandoning module ProfilerService (608)
[2025.11.24-20.52.48:156][752]LogModuleManager: Shutting down and abandoning module TaskGraph (606)
[2025.11.24-20.52.48:156][752]LogModuleManager: Shutting down and abandoning module AudioSynesthesiaEditor (604)
[2025.11.24-20.52.48:156][752]LogModuleManager: Shutting down and abandoning module OculusEditor (602)
[2025.11.24-20.52.48:156][752]LogModuleManager: Shutting down and abandoning module OculusInput (600)
[2025.11.24-20.52.48:156][752]LogModuleManager: Shutting down and abandoning module ContentBrowserClassDataSource (598)
[2025.11.24-20.52.48:156][752]LogModuleManager: Shutting down and abandoning module ContentBrowserFileDataSource (596)
[2025.11.24-20.52.48:156][752]LogModuleManager: Shutting down and abandoning module ContentBrowserAssetDataSource (594)
[2025.11.24-20.52.48:156][752]LogModuleManager: Shutting down and abandoning module CollectionManager (593)
[2025.11.24-20.52.48:157][752]LogModuleManager: Shutting down and abandoning module SynthesisEditor (590)
[2025.11.24-20.52.48:157][752]LogModuleManager: Shutting down and abandoning module Synthesis (588)
[2025.11.24-20.52.48:157][752]LogModuleManager: Shutting down and abandoning module ProceduralMeshComponentEditor (586)
[2025.11.24-20.52.48:157][752]LogModuleManager: Shutting down and abandoning module ProceduralMeshComponent (584)
[2025.11.24-20.52.48:157][752]LogModuleManager: Shutting down and abandoning module OpenXREditor (582)
[2025.11.24-20.52.48:157][752]LogModuleManager: Shutting down and abandoning module MobilePatchingUtils (580)
[2025.11.24-20.52.48:157][752]LogModuleManager: Shutting down and abandoning module TakeSequencer (578)
[2025.11.24-20.52.48:157][752]LogModuleManager: Shutting down and abandoning module TakeMovieScene (576)
[2025.11.24-20.52.48:157][752]LogModuleManager: Shutting down and abandoning module GooglePAD (574)
[2025.11.24-20.52.48:157][752]LogModuleManager: Shutting down and abandoning module CustomMeshComponent (572)
[2025.11.24-20.52.48:157][752]LogModuleManager: Shutting down and abandoning module EditableMesh (570)
[2025.11.24-20.52.48:157][752]LogModuleManager: Shutting down and abandoning module CableComponent (568)
[2025.11.24-20.52.48:157][752]LogModuleManager: Shutting down and abandoning module AudioCapture (566)
[2025.11.24-20.52.48:157][752]LogModuleManager: Shutting down and abandoning module AudioCaptureRtAudio (565)
[2025.11.24-20.52.48:157][752]LogModuleManager: Shutting down and abandoning module AssetTags (562)
[2025.11.24-20.52.48:157][752]LogModuleManager: Shutting down and abandoning module AppleImageUtilsBlueprintSupport (560)
[2025.11.24-20.52.48:157][752]LogModuleManager: Shutting down and abandoning module AppleImageUtils (558)
[2025.11.24-20.52.48:157][752]LogModuleManager: Shutting down and abandoning module ArchVisCharacter (556)
[2025.11.24-20.52.48:157][752]LogModuleManager: Shutting down and abandoning module AndroidPermission (554)
[2025.11.24-20.52.48:157][752]LogModuleManager: Shutting down and abandoning module ScreenshotTools (552)
[2025.11.24-20.52.48:157][752]LogModuleManager: Shutting down and abandoning module ActorLayerUtilitiesEditor (550)
[2025.11.24-20.52.48:157][752]LogModuleManager: Shutting down and abandoning module ActorLayerUtilities (548)
[2025.11.24-20.52.48:157][752]LogModuleManager: Shutting down and abandoning module TemplateSequence (546)
[2025.11.24-20.52.48:157][752]LogModuleManager: Shutting down and abandoning module MediaCompositing (544)
[2025.11.24-20.52.48:157][752]LogModuleManager: Shutting down and abandoning module ImgMedia (542)
[2025.11.24-20.52.48:157][752]LogModuleManager: Shutting down and abandoning module OpenImageDenoise (540)
[2025.11.24-20.52.48:157][752]LogOpenImageDenoise: OIDN shutting down
[2025.11.24-20.52.48:157][752]LogModuleManager: Shutting down and abandoning module MotoSynthEditor (538)
[2025.11.24-20.52.48:157][752]LogModuleManager: Shutting down and abandoning module MotoSynth (536)
[2025.11.24-20.52.48:157][752]LogModuleManager: Shutting down and abandoning module MeshConversion (534)
[2025.11.24-20.52.48:157][752]LogModuleManager: Shutting down and abandoning module DynamicMesh (532)
[2025.11.24-20.52.48:157][752]LogModuleManager: Shutting down and abandoning module GeometryAlgorithms (530)
[2025.11.24-20.52.48:158][752]LogModuleManager: Shutting down and abandoning module GeometricObjects (528)
[2025.11.24-20.52.48:158][752]LogModuleManager: Shutting down and abandoning module SpeedTreeImporter (526)
[2025.11.24-20.52.48:158][752]LogModuleManager: Shutting down and abandoning module PluginBrowser (524)
[2025.11.24-20.52.48:158][752]LogModuleManager: Shutting down and abandoning module MaterialAnalyzer (522)
[2025.11.24-20.52.48:158][752]LogModuleManager: Shutting down and abandoning module MobileLauncherProfileWizard (520)
[2025.11.24-20.52.48:158][752]LogModuleManager: Shutting down and abandoning module CurveEditorTools (518)
[2025.11.24-20.52.48:158][752]LogModuleManager: Shutting down and abandoning module CryptoKeysOpenSSL (516)
[2025.11.24-20.52.48:158][752]LogModuleManager: Shutting down and abandoning module CryptoKeys (514)
[2025.11.24-20.52.48:158][752]LogModuleManager: Shutting down and abandoning module MagicLeapSharedWorld (512)
[2025.11.24-20.52.48:158][752]LogModuleManager: Shutting down and abandoning module MagicLeapLightEstimation (510)
[2025.11.24-20.52.48:158][752]LogModuleManager: Shutting down and abandoning module MagicLeapHelperVulkan (508)
[2025.11.24-20.52.48:158][752]LogModuleManager: Shutting down and abandoning module MagicLeapHelperOpenGL (506)
[2025.11.24-20.52.48:158][752]LogModuleManager: Shutting down and abandoning module MagicLeapAudio (504)
[2025.11.24-20.52.48:158][752]LogModuleManager: Shutting down and abandoning module GeometryCollectionTracks (502)
[2025.11.24-20.52.48:158][752]LogModuleManager: Shutting down and abandoning module GeometryCollectionSequencer (501)
[2025.11.24-20.52.48:158][752]LogModuleManager: Shutting down and abandoning module GeometryCollectionEditor (498)
[2025.11.24-20.52.48:158][752]LogModuleManager: Shutting down and abandoning module GeometryCacheTracks (496)
[2025.11.24-20.52.48:158][752]LogModuleManager: Shutting down and abandoning module GeometryCacheStreamer (494)
[2025.11.24-20.52.48:158][752]LogModuleManager: Shutting down and abandoning module GeometryCacheSequencer (492)
[2025.11.24-20.52.48:158][752]LogModuleManager: Shutting down and abandoning module FractureEditor (490)
[2025.11.24-20.52.48:158][752]LogModuleManager: Shutting down and abandoning module ChaosSolverEditor (488)
[2025.11.24-20.52.48:158][752]LogModuleManager: Shutting down and abandoning module ChaosNiagara (486)
[2025.11.24-20.52.48:158][752]LogModuleManager: Shutting down and abandoning module FieldSystemEngine (485)
[2025.11.24-20.52.48:158][752]LogModuleManager: Shutting down and abandoning module ChaosClothEditor (482)
[2025.11.24-20.52.48:158][752]LogModuleManager: Shutting down and abandoning module AutomationUtilsEditor (480)
[2025.11.24-20.52.48:158][752]LogModuleManager: Shutting down and abandoning module AutomationUtils (478)
[2025.11.24-20.52.48:158][752]LogModuleManager: Shutting down and abandoning module BackChannel (476)
[2025.11.24-20.52.48:158][752]LogModuleManager: Shutting down and abandoning module AlembicImporter (474)
[2025.11.24-20.52.48:158][752]LogModuleManager: Shutting down and abandoning module AlembicLibrary (473)
[2025.11.24-20.52.48:158][752]LogModuleManager: Shutting down and abandoning module GeometryCache (472)
[2025.11.24-20.52.48:158][752]LogModuleManager: Shutting down and abandoning module GeometryCacheEd (471)
[2025.11.24-20.52.48:158][752]LogModuleManager: Shutting down and abandoning module NiagaraEditorWidgets (466)
[2025.11.24-20.52.48:158][752]LogModuleManager: Shutting down and abandoning module VariantManagerContentEditor (464)
[2025.11.24-20.52.48:159][752]LogModuleManager: Shutting down and abandoning module DatasmithContentEditor (462)
[2025.11.24-20.52.48:159][752]LogModuleManager: Shutting down and abandoning module UObjectPlugin (460)
[2025.11.24-20.52.48:159][752]LogModuleManager: Shutting down and abandoning module VisualStudioSourceCodeAccess (458)
[2025.11.24-20.52.48:159][752]LogModuleManager: Shutting down and abandoning module VisualStudioCodeSourceCodeAccess (456)
[2025.11.24-20.52.48:159][752]LogModuleManager: Shutting down and abandoning module SubversionSourceControl (454)
[2025.11.24-20.52.48:159][752]LogModuleManager: Shutting down and abandoning module PerforceSourceControl (452)
[2025.11.24-20.52.48:159][752]LogModuleManager: Shutting down and abandoning module RiderSourceCodeAccess (450)
[2025.11.24-20.52.48:159][752]LogModuleManager: Shutting down and abandoning module PluginUtils (448)
[2025.11.24-20.52.48:159][752]LogModuleManager: Shutting down and abandoning module PlasticSourceControl (446)
[2025.11.24-20.52.48:159][752]LogModuleManager: Shutting down and abandoning module GitSourceControl (444)
[2025.11.24-20.52.48:159][752]LogModuleManager: Shutting down and abandoning module SourceControl (443)
[2025.11.24-20.52.48:159][752]LogModuleManager: Shutting down and abandoning module CLionSourceCodeAccess (440)
[2025.11.24-20.52.48:159][752]LogModuleManager: Shutting down and abandoning module AnimationSharingEd (438)
[2025.11.24-20.52.48:159][752]LogModuleManager: Shutting down and abandoning module LightPropagationVolumeEditor (436)
[2025.11.24-20.52.48:159][752]LogModuleManager: Shutting down and abandoning module OodleNetworkHandlerComponent (434)
[2025.11.24-20.52.48:159][752]LogModuleManager: Shutting down and abandoning module LiveLinkSequencer (432)
[2025.11.24-20.52.48:159][752]LogModuleManager: Shutting down and abandoning module LiveLinkMovieScene (430)
[2025.11.24-20.52.48:159][752]LogModuleManager: Shutting down and abandoning module LiveLinkGraphNode (428)
[2025.11.24-20.52.48:159][752]LogModuleManager: Shutting down and abandoning module LiveLinkEditor (426)
[2025.11.24-20.52.48:159][752]LogModuleManager: Shutting down and abandoning module LiveLinkComponents (424)
[2025.11.24-20.52.48:159][752]LogModuleManager: Shutting down and abandoning module LiveLink (422)
